q,I
2.039995199999999811e-03,9.901417103035015099e-01
2.884988900000000096e-03,9.901352374409376766e-01
4.079990399999999622e-03,9.901222919095415964e-01
4.561568000000000220e-03,9.901158192407082392e-01
5.769977800000000191e-03,9.900964016216536878e-01
6.119985599999999866e-03,9.900899292111150496e-01
6.451031299999999968e-03,9.900834568651488699e-01
7.355307299999999833e-03,9.900640402146700936e-01
8.159980799999999243e-03,9.900446241453085827e-01
8.411115699999999196e-03,9.900381522513208576e-01
8.654966599999999385e-03,9.900316804218968203e-01
9.123135799999999504e-03,9.900187369567435836e-01
1.019997589999999989e-02,9.899863794236936076e-01
1.040197520000000000e-02,9.899799081107630849e-01
1.098571020000000016e-02,9.899604945593116767e-01
1.153995529999999985e-02,9.899410815888552984e-01
1.189511369999999950e-02,9.899281399313202279e-01
1.223997100000000053e-02,9.899151985319912805e-01
1.240880609999999926e-02,9.899087279291481911e-01
1.290206219999999980e-02,9.898893165079104550e-01
1.306234239999999949e-02,9.898828461632543929e-01
1.368470339999999959e-02,9.898569654300910514e-01
1.427996599999999984e-02,9.898310857296077625e-01
1.442494390000000071e-02,9.898246159658282695e-01
1.471061409999999993e-02,9.898116766318899584e-01
1.485138870000000076e-02,9.898052070617326947e-01
1.553614000000000037e-02,9.897728601789328451e-01
1.593287120000000043e-02,9.897534528236296980e-01
1.631996089999999955e-02,9.897340460491077518e-01
1.644696630000000090e-02,9.897275772533065119e-01
1.682223050000000025e-02,9.897081712530844122e-01
1.730993239999999850e-02,9.896822974894232683e-01
1.742972569999999902e-02,9.896758292098231102e-01
1.754870130000000042e-02,9.896693609947212478e-01
1.824627070000000087e-02,9.896305530590280286e-01
1.835995569999999966e-02,9.896240852955621170e-01
1.847294110000000100e-02,9.896176175965911703e-01
1.880782519999999944e-02,9.895982148867319417e-01
1.924527490000000132e-02,9.895723455100560173e-01
1.935309240000000069e-02,9.895658783271694681e-01
2.009162109999999835e-02,9.895206098529482075e-01
2.019492059999999922e-02,9.895141431860478010e-01
2.039995039999999843e-02,9.895012100457875048e-01
2.050169640000000168e-02,9.894947435724181783e-01
2.080394890000000080e-02,9.894753445392082680e-01
2.100303430000000082e-02,9.894624121728514687e-01
2.129817330000000064e-02,9.894430141070542639e-01
2.168544450000000137e-02,9.894171509221149075e-01
2.197141860000000058e-02,9.893977542105606426e-01
2.206591980000000008e-02,9.893912887689857438e-01
2.243994499999999934e-02,9.893654276476231413e-01
2.253248119999999924e-02,9.893589625284684441e-01
2.280783739999999934e-02,9.893395675578624537e-01
2.307990860000000075e-02,9.893201731675184130e-01
2.325952140000000015e-02,9.893072438963758097e-01
2.379022509999999951e-02,9.892684576301676858e-01
2.387752890000000017e-02,9.892619934781319291e-01
2.447993949999999891e-02,9.892167462187545501e-01
2.456479220000000116e-02,9.892102825823597678e-01
2.464935279999999965e-02,9.892038190104597284e-01
2.481760959999999849e-02,9.891908920600829269e-01
2.490131170000000130e-02,9.891844286814958087e-01
2.523334379999999863e-02,9.891585758120301497e-01
2.556106320000000112e-02,9.891327239737069954e-01
2.580412149999999905e-02,9.891133357717576402e-01
2.596489630000000173e-02,9.891004106259391193e-01
2.612468180000000056e-02,9.890874857379767793e-01
2.651993379999999928e-02,9.890551746458746685e-01
2.659827940000000085e-02,9.890487126207549995e-01
2.683194360000000153e-02,9.890293269320898917e-01
2.721692649999999866e-02,9.889970187396330825e-01
2.736940339999999888e-02,9.889840959136295684e-01
2.744532419999999931e-02,9.889776345972586258e-01
2.774693010000000085e-02,9.889517899762892972e-01
2.834051430000000121e-02,9.889001038266630461e-01
2.841384049999999897e-02,9.888936433479096344e-01
2.855992799999999832e-02,9.888807225836313552e-01
2.863269220000000045e-02,9.888742622980808417e-01
2.884988380000000005e-02,9.888548818278851682e-01
2.899377430000000047e-02,9.888419618364382435e-01
2.920828110000000047e-02,9.888225823325981212e-01
2.942122390000000143e-02,9.888032034082707700e-01
2.970277299999999829e-02,9.887773657444102193e-01
3.012016249999999867e-02,9.887386111805173128e-01
3.032670299999999999e-02,9.887192347680066051e-01
3.059992200000000162e-02,9.886934004529053244e-01
3.066784640000000048e-02,9.886869420352296656e-01
3.087072290000000135e-02,9.886675671681953714e-01
3.107227489999999856e-02,9.886481928805945785e-01
3.113916889999999993e-02,9.886417349134730692e-01
3.120591959999999970e-02,9.886352770109387844e-01
3.166923519999999964e-02,9.885900734949852886e-01
3.173487090000000344e-02,9.885836161072057982e-01
3.186573689999999681e-02,9.885707015251432583e-01
3.193096869999999948e-02,9.885642443307476324e-01
3.225514909999999819e-02,9.885319593240518010e-01
3.263991580000000226e-02,9.884932194404767447e-01
3.270360349999999749e-02,9.884867630184805964e-01
3.289392669999999935e-02,9.884673941386010743e-01
3.295712349999999763e-02,9.884609379740507684e-01
3.320870809999999784e-02,9.884351139595390912e-01
3.345840099999999873e-02,9.884092909747190792e-01
3.364445469999999966e-02,9.883899244121486793e-01
3.376792089999999802e-02,9.883770136919658444e-01
3.395227840000000080e-02,9.883576480944282761e-01
3.419654240000000178e-02,9.883318281988707765e-01
3.461985769999999935e-02,9.882866458585242153e-01
3.467990950000000155e-02,9.882801914960530620e-01
3.473985749999999872e-02,9.882737371977392549e-01
3.485944419999999905e-02,9.882608287941710978e-01
3.491908400000000301e-02,9.882543746890137815e-01
3.509739530000000052e-02,9.882350127589003552e-01
3.521576790000000012e-02,9.882221051276235402e-01
3.562697489999999689e-02,9.881769304436091028e-01
3.568533189999999883e-02,9.881704771745003502e-01
3.609118929999999975e-02,9.881253060928291143e-01
3.614879690000000201e-02,9.881188533387298412e-01
3.632107169999999885e-02,9.880994954613132597e-01
3.649253310000000194e-02,9.880801381631213465e-01
3.671990299999999818e-02,9.880543293327237464e-01
3.677652580000000115e-02,9.880478772856694514e-01
3.694587359999999820e-02,9.880285215310458113e-01
3.722640800000000250e-02,9.879962632258983968e-01
3.744932249999999990e-02,9.879704577390211462e-01
3.750484409999999685e-02,9.879640065281544148e-01
3.761564139999999667e-02,9.879511042992991099e-01
3.794609239999999911e-02,9.879123991556301165e-01
3.811024350000000172e-02,9.878930474521633309e-01
3.832801789999999709e-02,9.878672460803894495e-01
3.849054019999999937e-02,9.878478957266081384e-01
3.870617500000000238e-02,9.878220961552588442e-01
3.875989619999999775e-02,9.878156464232535905e-01
3.881354310000000030e-02,9.878091967553478403e-01
3.897404079999999826e-02,9.877898481370722683e-01
3.918701509999999999e-02,9.877640508793783525e-01
3.924007809999999902e-02,9.877576017260024654e-01
3.939883820000000120e-02,9.877382546505849570e-01
3.960952859999999909e-02,9.877124594498550847e-01
4.007953250000000078e-02,9.876544240080812331e-01
4.018323120000000248e-02,9.876415279499223265e-01
4.023498040000000192e-02,9.876350800172025712e-01
4.038983000000000156e-02,9.876157366048130548e-01
4.049273419999999818e-02,9.876028413179500642e-01
4.064660190000000256e-02,9.875834988699351280e-01
4.079988930000000291e-02,9.875641569996231883e-01
4.085085730000000137e-02,9.875577098384561436e-01
4.100338109999999980e-02,9.875383687392990106e-01
4.105409649999999799e-02,9.875319218343693306e-01
4.125633449999999841e-02,9.875061348589677657e-01
4.130673929999999910e-02,9.874996882752871130e-01
4.160788569999999964e-02,9.874610101246639182e-01
4.185718599999999762e-02,9.874287800981578211e-01
4.200605599999999995e-02,9.874094428535862278e-01
4.205556230000000173e-02,9.874029972339095629e-01
4.244953370000000004e-02,9.873514345875398224e-01
4.259633349999999985e-02,9.873320996553622830e-01
4.283988209999999713e-02,9.872998760523283845e-01
4.288842589999999899e-02,9.872934315241028713e-01
4.303372860000000133e-02,9.872740983253072145e-01
4.322670569999999962e-02,9.872483216260169447e-01
4.327481560000000227e-02,9.872418776117253270e-01
4.337087509999999757e-02,9.872289897752756227e-01
4.361009829999999698e-02,9.871967713096316821e-01
4.365778569999999997e-02,9.871903278083400401e-01
4.380053619999999676e-02,9.871709976917997231e-01
4.394282299999999891e-02,9.871516681530269066e-01
4.403742540000000344e-02,9.871387821149465447e-01
4.413182499999999953e-02,9.871258963328716218e-01
4.455414840000000015e-02,9.870679134940348876e-01
4.474056810000000273e-02,9.870421450116718676e-01
4.478705179999999814e-02,9.870357030516769825e-01
4.487987470000000256e-02,9.870228193248633541e-01
4.492621420000000171e-02,9.870163775569464892e-01
4.506494700000000103e-02,9.869970526400281274e-01
4.515719859999999669e-02,9.869841696823820065e-01
4.529522390000000065e-02,9.869648457275811415e-01
4.561565869999999884e-02,9.869197587461220333e-01
4.584316940000000146e-02,9.868875556841057994e-01
4.602436819999999873e-02,9.868617943900809264e-01
4.615980060000000190e-02,9.868424740921070137e-01
4.624986849999999927e-02,9.868295942148053168e-01
4.651902589999999671e-02,9.867909561229875059e-01
4.656373419999999819e-02,9.867845166653669287e-01
4.660839960000000282e-02,9.867780772722146709e-01
4.691986699999999705e-02,9.867330033154937396e-01
4.696419369999999677e-02,9.867265644348464093e-01
4.709692359999999994e-02,9.867072481794757488e-01
4.731731260000000133e-02,9.866750557029887458e-01
4.744905459999999853e-02,9.866557409860574612e-01
4.758043189999999756e-02,9.866364268467420207e-01
4.762414379999999753e-02,9.866299889288914216e-01
4.775503939999999753e-02,9.866106755595196454e-01
4.779859160000000246e-02,9.866042378972860183e-01
4.801576009999999894e-02,9.865720505521861083e-01
4.814559110000000280e-02,9.865527389131837355e-01
4.836120139999999790e-02,9.865205541323327498e-01
4.849010740000000291e-02,9.865012440334482990e-01
4.866145090000000006e-02,9.864754981314466376e-01
4.895985910000000274e-02,9.864304452732863826e-01
4.900234049999999814e-02,9.864240094069638420e-01
4.904478510000000180e-02,9.864175736040661224e-01
4.912956429999999763e-02,9.864047021919990499e-01
4.929868529999999888e-02,9.863789601369197246e-01
4.934087499999999932e-02,9.863725247836419019e-01
4.938302859999999656e-02,9.863660894935157852e-01
4.963519859999999950e-02,9.863274791042565548e-01
4.967710250000000050e-02,9.863210442631445973e-01
4.980260260000000244e-02,9.863017401248057592e-01
5.001106959999999935e-02,9.862695678448227810e-01
5.017721960000000314e-02,9.862438311729030405e-01
5.038413659999999711e-02,9.862116617756938597e-01
5.046666589999999897e-02,9.861987944659524885e-01
5.050787989999999672e-02,9.861923609057706708e-01
5.067240099999999886e-02,9.861666273103397717e-01
5.099985089999999749e-02,9.861151631955412666e-01
5.104063439999999979e-02,9.861087304701268152e-01
5.112210379999999887e-02,9.860958652089840681e-01
5.116278989999999832e-02,9.860894326756941553e-01
5.136573690000000025e-02,9.860572709672543734e-01
5.148712109999999814e-02,9.860379747094428771e-01
5.160821980000000059e-02,9.860186790301472826e-01
5.164852290000000040e-02,9.860122472653130021e-01
5.192976900000000062e-02,9.859672267005523683e-01
5.200984570000000140e-02,9.859543642595777202e-01
5.212973010000000046e-02,9.859350710771243032e-01
5.224933949999999855e-02,9.859157784710614880e-01
5.228914839999999897e-02,9.859093477314123666e-01
5.244808220000000271e-02,9.858836254101689400e-01
5.264607470000000344e-02,9.858514739477725053e-01
5.292201970000000311e-02,9.858064645917519186e-01
5.296132299999999765e-02,9.858000349405086071e-01
5.303984240000000211e-02,9.857871758285896568e-01
5.307905849999999814e-02,9.857807463693045724e-01
5.319653330000000124e-02,9.857614583730930358e-01
5.339175040000000011e-02,9.857293129941996357e-01
5.354741159999999722e-02,9.857035978432903134e-01
5.366386120000000287e-02,9.856843121534742957e-01
5.385738429999999827e-02,9.856521706143549499e-01
5.389600549999999657e-02,9.856457424988287475e-01
5.401170360000000226e-02,9.856264585373337717e-01
5.420398480000000047e-02,9.855943198791685678e-01
5.431902689999999756e-02,9.855750374516926149e-01
5.443382580000000193e-02,9.855557556023855081e-01
5.473877910000000263e-02,9.855043401488831067e-01
5.481475239999999971e-02,9.854914869249069564e-01
5.489062050000000081e-02,9.854786339576127041e-01
5.492851530000000121e-02,9.854722075709158036e-01
5.507983360000000272e-02,9.854465026610714773e-01
5.511759819999999949e-02,9.854400765923143624e-01
5.523073729999999903e-02,9.854207987738472507e-01
5.541878909999999742e-02,9.853886703543051073e-01
5.549383139999999881e-02,9.853758194331440068e-01
5.568099469999999995e-02,9.853436932531504100e-01
5.571835189999999743e-02,9.853372682086410927e-01
5.601631270000000107e-02,9.852858701580252676e-01
5.612764020000000215e-02,9.852665969445852934e-01
5.627573429999999793e-02,9.852409002204078892e-01
5.642343970000000125e-02,9.852152045218064425e-01
5.657075939999999664e-02,9.851895098454170885e-01
5.668099790000000193e-02,9.851702395092930553e-01
5.671769649999999774e-02,9.851638161915177161e-01
5.682764989999999905e-02,9.851445466241964821e-01
5.690083420000000003e-02,9.851317005654515180e-01
5.711982439999999800e-02,9.850931639228353021e-01
5.715624119999999919e-02,9.850867413717064869e-01
5.726535270000000094e-02,9.850674741060786443e-01
5.744674450000000071e-02,9.850353632732907760e-01
5.748295419999999850e-02,9.850289412973850522e-01
5.759144669999999994e-02,9.850096757572355255e-01
5.769973510000000333e-02,9.849904107923457275e-01
5.773578619999999995e-02,9.849839892640908090e-01
5.777181470000000013e-02,9.849775678003369617e-01
5.798751569999999883e-02,9.849390403629103563e-01
5.802338790000000079e-02,9.849326193491558801e-01
5.805923799999999912e-02,9.849261983966043354e-01
5.834524540000000231e-02,9.848748330804237838e-01
5.841652840000000069e-02,9.848619923922181663e-01
5.845213739999999963e-02,9.848555721423734033e-01
5.873623160000000093e-02,9.848042124522007335e-01
5.884241330000000020e-02,9.847849536213107990e-01
5.887776470000000151e-02,9.847785341408737958e-01
5.915981499999999754e-02,9.847271805828812230e-01
5.919497680000000012e-02,9.847207616775919270e-01
5.930033710000000291e-02,9.847015053381769079e-01
5.940551060000000272e-02,9.846822495759567362e-01
5.947552290000000103e-02,9.846694127196334856e-01
5.958038699999999854e-02,9.846501579134889770e-01
5.971991950000000299e-02,9.846244857372811188e-01
5.999801099999999693e-02,9.845731444444574265e-01
6.003268190000000254e-02,9.845667270719217212e-01
6.024028800000000294e-02,9.845282241675162860e-01
6.027481950000000005e-02,9.845218072410203414e-01
6.041274809999999662e-02,9.844961401731152639e-01
6.055036250000000314e-02,9.844704741238269330e-01
6.058471719999999894e-02,9.844640577711111229e-01
6.065336839999999757e-02,9.844512252592244606e-01
6.085885719999999804e-02,9.844127292536354323e-01
6.113176780000000032e-02,9.843614048212045997e-01
6.119980530000000002e-02,9.843485743515518749e-01
6.123379560000000166e-02,9.843421592132228781e-01
6.133565380000000067e-02,9.843229141802203319e-01
6.136956899999999882e-02,9.843164992954399617e-01
6.150504259999999696e-02,9.842908404000296763e-01
6.167396609999999807e-02,9.842587682130988780e-01
6.174140610000000001e-02,9.842459397887569628e-01
6.194328550000000044e-02,9.842074560390907667e-01
6.204397889999999777e-02,9.841882150254066541e-01
6.214450920000000322e-02,9.841689745872164163e-01
6.217798310000000050e-02,9.841625612338646967e-01
6.227829700000000329e-02,9.841433215618681229e-01
6.241179809999999883e-02,9.841176695606584923e-01
6.244512879999999933e-02,9.841112567166543368e-01
6.257827400000000317e-02,9.840856059914191434e-01
6.284371810000000114e-02,9.840343075992683541e-01
6.297602060000000168e-02,9.840086599346148377e-01
6.300905280000000663e-02,9.840022481774980401e-01
6.323979509999999582e-02,9.839573676698681881e-01
6.327268960000000109e-02,9.839509564228039462e-01
6.333842739999999416e-02,9.839381341215336363e-01
6.337127069999999585e-02,9.839317230659827551e-01
6.346969869999999347e-02,9.839124902819333940e-01
6.353523260000000505e-02,9.838996687479418801e-01
6.373143000000000558e-02,9.838612056698730068e-01
6.376407089999999722e-02,9.838547953836771498e-01
6.386189339999999437e-02,9.838355648957243238e-01
6.389446769999999887e-02,9.838291548625828220e-01
6.402459889999999321e-02,9.838035153615329875e-01
6.405709029999999415e-02,9.837971056464485109e-01
6.441341509999999604e-02,9.837266029858534599e-01
6.451025289999999524e-02,9.837073763243353586e-01
6.479989830000000561e-02,9.836496997879470294e-01
6.483200120000000288e-02,9.836432916039647978e-01
6.492821479999999479e-02,9.836240674283018848e-01
6.505627819999999784e-02,9.835984360898973877e-01
6.508825470000000057e-02,9.835920284153231163e-01
6.518409000000000009e-02,9.835728057736257135e-01
6.527978469999999589e-02,9.835535837057340913e-01
6.531165170000000075e-02,9.835471764750892687e-01
6.540715969999999491e-02,9.835279551719341429e-01
6.556603060000000538e-02,9.834959209387801327e-01
6.569285060000000509e-02,9.834702946965176995e-01
6.578780519999999354e-02,9.834510756877060667e-01
6.585103220000000646e-02,9.834382633332944268e-01
6.591419860000000130e-02,9.834254512325272257e-01
6.607185029999999848e-02,9.833934220993352238e-01
6.619770129999999475e-02,9.833677999352412602e-01
6.635467940000000509e-02,9.833357736671147764e-01
6.641736669999999398e-02,9.833229636079907632e-01
6.644868819999999454e-02,9.833165586740097996e-01
6.660507479999999703e-02,9.832845349529311108e-01
6.669873070000000015e-02,9.832653214872441039e-01
6.682340109999999889e-02,9.832397044234200134e-01
6.691675140000000188e-02,9.832204922922221924e-01
6.710306259999999912e-02,9.831820697560857969e-01
6.728885780000000427e-02,9.831436495113079488e-01
6.731977379999999622e-02,9.831372463609655554e-01
6.735067570000000114e-02,9.831308432712937417e-01
6.744329620000000247e-02,9.831116343923953504e-01
6.753578970000000126e-02,9.830924260820664839e-01
6.756659280000000545e-02,9.830860234396131547e-01
6.759738179999999486e-02,9.830796208645764533e-01
6.781251330000000188e-02,9.830348045983499095e-01
6.790450389999999614e-02,9.830155985812675246e-01
6.793513980000000230e-02,9.830091967027854150e-01
6.808811230000000325e-02,9.829771882733276955e-01
6.817973099999999342e-02,9.829579839729848389e-01
6.839303080000000423e-02,9.829131761797735845e-01
6.842344790000000343e-02,9.829067753203880597e-01
6.854498139999999629e-02,9.828811725179477099e-01
6.857533120000000593e-02,9.828747719785013714e-01
6.881764710000000396e-02,9.828235699457404939e-01
6.902897569999999483e-02,9.827787715042989314e-01
6.923965930000000601e-02,9.827339761816581420e-01
6.926970470000000379e-02,9.827275771087015110e-01
6.929973700000000014e-02,9.827211780913694961e-01
6.935976259999999949e-02,9.827083802583038707e-01
6.938975599999999688e-02,9.827019814367760064e-01
6.947965829999999676e-02,9.826827853501687304e-01
6.962923760000000462e-02,9.826507931472782120e-01
6.971883119999999767e-02,9.826315985887524862e-01
6.977849630000000636e-02,9.826188025336978216e-01
6.983811040000000026e-02,9.826060067368552753e-01
7.010574679999999337e-02,9.825484287872223721e-01
7.019473210000000407e-02,9.825292372780984884e-01
7.025399309999999509e-02,9.825164432611386278e-01
7.034279089999999346e-02,9.824972527110039655e-01
7.043147669999999527e-02,9.824780627350216955e-01
7.046101389999999409e-02,9.824716662008411427e-01
7.069686679999999390e-02,9.824204962302111044e-01
7.072629310000000391e-02,9.824141002712948323e-01
7.081449859999999763e-02,9.823949127750012389e-01
7.096126429999999319e-02,9.823629348850881904e-01
7.104917809999999889e-02,9.823437489101379816e-01
7.116622760000000658e-02,9.823181685065620616e-01
7.125388859999999547e-02,9.822989838719564659e-01
7.137060239999999667e-02,9.822734052447072983e-01
7.139975099999999741e-02,9.822670107483603141e-01
7.142888779999999327e-02,9.822606163181725192e-01
7.151622679999999899e-02,9.822414333984759161e-01
7.163251310000000316e-02,9.822158570599941463e-01
7.166155520000000445e-02,9.822094631371119933e-01
7.174861100000000380e-02,9.821902817419414511e-01
7.186452140000000599e-02,9.821647074387235277e-01
7.209578290000000222e-02,9.821135618850712623e-01
7.212463850000000454e-02,9.821071689774321101e-01
7.218231499999999690e-02,9.820943833490581865e-01
7.229752999999999874e-02,9.820688128648960014e-01
7.235506869999999702e-02,9.820560279994554609e-01
7.244129109999999927e-02,9.820368511833377223e-01
7.264207849999999855e-02,9.819921074966302399e-01
7.281374140000000661e-02,9.819537582507765761e-01
7.289942130000000298e-02,9.819345844819654667e-01
7.298500049999999406e-02,9.819154112843084814e-01
7.304199769999999980e-02,9.819026294698003365e-01
7.312741009999999819e-02,9.818834572286528894e-01
7.324113840000000264e-02,9.818578951304604008e-01
7.343973900000000388e-02,9.818131639005873712e-01
7.346806670000000095e-02,9.818067739787873505e-01
7.355298439999999327e-02,9.817876045918811911e-01
7.358126850000000496e-02,9.817812149204286909e-01
7.369429630000000342e-02,9.817556568878919032e-01
7.372252619999999923e-02,9.817492675395341761e-01
7.389167900000000178e-02,9.817109327736175395e-01
7.391983359999999836e-02,9.817045438629514731e-01
7.394797729999999514e-02,9.816981550225567510e-01
7.414468470000000477e-02,9.816534349094362399e-01
7.417274320000000198e-02,9.816470465705942061e-01
7.425685499999999661e-02,9.816278819510484421e-01
7.445274629999999727e-02,9.815831667269975247e-01
7.470385179999999847e-02,9.815256802867771135e-01
7.481518369999999585e-02,9.815001324142088590e-01
7.484299079999999493e-02,9.814937456042582831e-01
7.489857399999999554e-02,9.814809721712927093e-01
7.500961690000000626e-02,9.814554260731270796e-01
7.506507669999999688e-02,9.814426534023501514e-01
7.523121089999999789e-02,9.814043369231935099e-01
7.525886430000000571e-02,9.813979510632152570e-01
7.547972660000000500e-02,9.813468664864736235e-01
7.550728900000000521e-02,9.813404811978506670e-01
7.558991580000000432e-02,9.813213257208686091e-01
7.569994450000000485e-02,9.812957859673440142e-01
7.572742679999999726e-02,9.812894011871013955e-01
7.580981359999999780e-02,9.812702472282531785e-01
7.589211099999999821e-02,9.812510938392672299e-01
7.591952370000000505e-02,9.812447095077241332e-01
7.616579349999999526e-02,9.811872533470745728e-01
7.622041209999999567e-02,9.811744860088549292e-01
7.638403350000000369e-02,9.811361855126242704e-01
7.646571289999999632e-02,9.811170361254478722e-01
7.657448329999999581e-02,9.810915044908217197e-01
7.665595969999999815e-02,9.810723564362958671e-01
7.668309930000000163e-02,9.810659738764601068e-01
7.679156169999999670e-02,9.810404442753068999e-01
7.681865340000000597e-02,9.810340620373185772e-01
7.689987119999999732e-02,9.810149156896517120e-01
7.698100330000000324e-02,9.809957699128061259e-01
7.711603370000000290e-02,9.809638615563236463e-01
7.722388809999999881e-02,9.809383360193000279e-01
7.741227159999999885e-02,9.808936687588503123e-01
7.751971380000000078e-02,9.808681460086203785e-01
7.754655109999999962e-02,9.808617654747932013e-01
7.762700729999999494e-02,9.808426242698650155e-01
7.768059839999999494e-02,9.808298637770374029e-01
7.776091590000000497e-02,9.808107235228334941e-01
7.789459440000000290e-02,9.807788243528575700e-01
7.794800159999999700e-02,9.807660651356295833e-01
7.808135970000000536e-02,9.807341681912183917e-01
7.810800410000000304e-02,9.807277889897858536e-01
7.818788249999999995e-02,9.807086517811062221e-01
7.837394890000000391e-02,9.806640004902932306e-01
7.848007460000000490e-02,9.806384868696373935e-01
7.850658350000000452e-02,9.806321086202010040e-01
7.871833409999999531e-02,9.805810849164346976e-01
7.874476290000000100e-02,9.805747072403433462e-01
7.879759379999999591e-02,9.805619520764965458e-01
7.882399599999999340e-02,9.805555745917758914e-01
7.921897310000000636e-02,9.804599198785808323e-01
7.935019529999999544e-02,9.804280381415100276e-01
7.937641369999999530e-02,9.804216619848672432e-01
7.945501689999999451e-02,9.804025338914896803e-01
7.955970049999999683e-02,9.803770306611333529e-01
7.958584990000000525e-02,9.803706550136910280e-01
7.966424649999999386e-02,9.803515284391218776e-01
7.979473639999999646e-02,9.803196520870052222e-01
7.997706450000000022e-02,9.802750278536552786e-01
8.000307750000000551e-02,9.802686532174568201e-01
8.015897800000000573e-02,9.802304067260871889e-01
8.021087740000000521e-02,9.802176584033575057e-01
8.028866380000000691e-02,9.801985363862946166e-01
8.036637480000000111e-02,9.801794149454984284e-01
8.039226180000000332e-02,9.801730412550109239e-01
8.046987279999999465e-02,9.801539205741883753e-01
8.049572650000000329e-02,9.801475471463263478e-01
8.070225790000000454e-02,9.800965619503965165e-01
8.077957099999999446e-02,9.800774435414086883e-01
8.083107209999999820e-02,9.800646982600318413e-01
8.090826210000000296e-02,9.800455808037215055e-01
8.098537860000000477e-02,9.800264639186346827e-01
8.121628870000000000e-02,9.799691166905004636e-01
8.124190489999999487e-02,9.799627450877467227e-01
8.129311300000000018e-02,9.799500020855157478e-01
8.144654410000000400e-02,9.799117745818067826e-01
8.152315139999999349e-02,9.798926616819338964e-01
8.159968680000000141e-02,9.798735493563882626e-01
8.162518259999999859e-02,9.798671787131044697e-01
8.165067049999999438e-02,9.798608081253108448e-01
8.170162240000000686e-02,9.798480671449998347e-01
8.182886339999999314e-02,9.798162157969050323e-01
8.193051390000000156e-02,9.797907358538499034e-01
8.200666909999999865e-02,9.797716265667639757e-01
8.205739989999999429e-02,9.797588873477723892e-01
8.210809939999999529e-02,9.797461483925530290e-01
8.213343739999999504e-02,9.797397790127082562e-01
8.223471150000000174e-02,9.797143021061276436e-01
8.233586090000000191e-02,9.796888262110147183e-01
8.251257400000000519e-02,9.796442458459833080e-01
8.253778790000000642e-02,9.796378774651219867e-01
8.261338329999999563e-02,9.796187727324006111e-01
8.266374179999999572e-02,9.796060365614166487e-01
8.283975550000000077e-02,9.795614619397553513e-01
8.304045720000000075e-02,9.795105233104673959e-01
8.306551080000000586e-02,9.795041562676417568e-01
8.321567409999999776e-02,9.794659553363302962e-01
8.324067490000000569e-02,9.794595887301120740e-01
8.326566829999999808e-02,9.794532221902201297e-01
8.334060340000000455e-02,9.794341229584424546e-01
8.363967260000000625e-02,9.793577317113802971e-01
8.366454680000000310e-02,9.793513661824237992e-01
8.371427300000000571e-02,9.793386353115878240e-01
8.373912499999999759e-02,9.793322699805411258e-01
8.386327459999999567e-02,9.793004442431031409e-01
8.393767620000000540e-02,9.792813495573954308e-01
8.401201190000000263e-02,9.792622554411555269e-01
8.403677589999999920e-02,9.792558908699725562e-01
8.411102400000000645e-02,9.792367975074582898e-01
8.425932399999999656e-02,9.791986125057203783e-01
8.433337620000000423e-02,9.791795208467961587e-01
8.445665230000000412e-02,9.791477026915705872e-01
8.453053160000000010e-02,9.791286125650168204e-01
8.462893709999999570e-02,9.791031599371317062e-01
8.484993209999999730e-02,9.790458952191996023e-01
8.489896399999999343e-02,9.790331704158156123e-01
8.492346929999999849e-02,9.790268081154960278e-01
8.502141990000000593e-02,9.790013595284904335e-01
8.511925789999999492e-02,9.789759119516554531e-01
8.519256259999999359e-02,9.789568269422918023e-01
8.521698349999999589e-02,9.789504653931350164e-01
8.524139740000000187e-02,9.789441039115028831e-01
8.541209930000000228e-02,9.788995752929423588e-01
8.543645739999999877e-02,9.788932143166897415e-01
8.563107309999999639e-02,9.788423287758882818e-01
8.567965800000000576e-02,9.788296080222745887e-01
8.570394000000000623e-02,9.788232477335458981e-01
8.577674509999999586e-02,9.788041672650085179e-01
8.580099970000000520e-02,9.787978072318421763e-01
8.589794970000000363e-02,9.787723677469055694e-01
8.599479040000000685e-02,9.787469292605256443e-01
8.606734940000000667e-02,9.787278510637987816e-01
8.609152209999999805e-02,9.787214917890532107e-01
8.628466029999999620e-02,9.786706198840197102e-01
8.645330230000000671e-02,9.786261102716601323e-01
8.654952159999999839e-02,9.786006775983844275e-01
8.657355969999999679e-02,9.785943195818933571e-01
8.659759109999999593e-02,9.785879616374848489e-01
8.666964550000000322e-02,9.785688881736500644e-01
8.674163999999999486e-02,9.785498152737681643e-01
8.678960310000000122e-02,9.785371003298015680e-01
8.686149819999999799e-02,9.785180283873594620e-01
8.698119120000000204e-02,9.784862430569805092e-01
8.714848529999999482e-02,9.784417462650952801e-01
8.722008450000000301e-02,9.784226771602597683e-01
8.731545890000000365e-02,9.783972525539458287e-01
8.760095880000000335e-02,9.783209848245949525e-01
8.762470840000000094e-02,9.783146295941689274e-01
8.771964279999999725e-02,9.782892092923720639e-01
8.774336039999999781e-02,9.782828543681170164e-01
8.781447459999999761e-02,9.782637899898953826e-01
8.788553120000000551e-02,9.782447261779406711e-01
8.793287040000000165e-02,9.782320172920114798e-01
8.800383150000000432e-02,9.782129544143921551e-01
8.807473540000000656e-02,9.781938921275780130e-01
8.809835729999999920e-02,9.781875381505557021e-01
8.826353389999999632e-02,9.781430621010275273e-01
8.828710539999999607e-02,9.781367086309352699e-01
8.831067049999999363e-02,9.781303552377058619e-01
8.838132819999999779e-02,9.781112953954617106e-01
8.849896570000000129e-02,9.780795302565635785e-01
8.856947319999999846e-02,9.780604719334430319e-01
8.866339600000000543e-02,9.780350617160411542e-01
8.887435929999999706e-02,9.779778924163479159e-01
8.894456929999999817e-02,9.779588371111544998e-01
8.906146280000000470e-02,9.779270795471624034e-01
8.910817729999999381e-02,9.779143769619335069e-01
8.922485650000000490e-02,9.778826215991659465e-01
8.941122649999999616e-02,9.778318162836762140e-01
8.943449539999999420e-02,9.778254659006944127e-01
8.948101510000000536e-02,9.778127653333303915e-01
8.957398210000000471e-02,9.777873649489482455e-01
8.962042940000000679e-02,9.777746651371672648e-01
8.969005530000000170e-02,9.777556158918518925e-01
8.975962719999999728e-02,9.777365672145547082e-01
8.978280580000000399e-02,9.777302177766942215e-01
8.985230589999999851e-02,9.777111698473104351e-01
8.996801999999999577e-02,9.776794245652096205e-01
9.006048429999999327e-02,9.776540294761313366e-01
9.012977020000000061e-02,9.776349838206036535e-01
9.017593120000000351e-02,9.776222870173146839e-01
9.031427279999999780e-02,9.775841981664944447e-01
9.033730919999999331e-02,9.775778502442712403e-01
9.036033960000000587e-02,9.775715023791194946e-01
9.054437240000000331e-02,9.775207217732756471e-01
9.059032220000000357e-02,9.775080272486293964e-01
9.061328829999999723e-02,9.775016800772614589e-01
9.088842950000000642e-02,9.774255189888056972e-01
9.097995829999999673e-02,9.774001339708890956e-01
9.107139520000000210e-02,9.773747499689926510e-01
9.109424000000000687e-02,9.773684041154231394e-01
9.116274030000000306e-02,9.773493669574059295e-01
9.123118909999999859e-02,9.773303303766351924e-01
9.134515649999999654e-02,9.772986039823430282e-01
9.143622810000000267e-02,9.772732239982825364e-01
9.161809969999999692e-02,9.772224670732718721e-01
9.164080830000000122e-02,9.772161227370251835e-01
9.168620859999999928e-02,9.772034342530726558e-01
9.179961109999999758e-02,9.771717141571573118e-01
9.182227469999999780e-02,9.771653703361886656e-01
9.189023229999999931e-02,9.771463392224467581e-01
9.200338330000000509e-02,9.771146219581096082e-01
9.204860469999999462e-02,9.771019354902701348e-01
9.216156120000000562e-02,9.770702204258085999e-01
9.218413590000000546e-02,9.770638775986261182e-01
9.225182690000000019e-02,9.770448495047928672e-01
9.231946820000000442e-02,9.770258219716637660e-01
9.236453490000000321e-02,9.770131372744672582e-01
9.243209369999999536e-02,9.769941106930087882e-01
9.249960320000000236e-02,9.769750846678882938e-01
9.252209549999999838e-02,9.769687428001546659e-01
9.261200969999999755e-02,9.769433759120768057e-01
9.272427989999999787e-02,9.769116686998693400e-01
9.279157679999999742e-02,9.768926451379270626e-01
9.290363000000000093e-02,9.768609404658126216e-01
9.303791570000000122e-02,9.768228969172358944e-01
9.306027779999999361e-02,9.768165565465233291e-01
9.312733189999999883e-02,9.767975358113063500e-01
9.321666239999999715e-02,9.767721757165284124e-01
9.323898160000000657e-02,9.767658358559240250e-01
9.341734349999999965e-02,9.767151191703401514e-01
9.343961480000000097e-02,9.767087798671600929e-01
9.359536559999999394e-02,9.766644065272007680e-01
9.361759449999999816e-02,9.766580677323780657e-01
9.377304960000000522e-02,9.766136978897327348e-01
9.383959440000000374e-02,9.765946832087610829e-01
9.386176549999999952e-02,9.765883450935199939e-01
9.392824739999999784e-02,9.765693311510419417e-01
9.397254260000000026e-02,9.765566554992949344e-01
9.403894620000000093e-02,9.765376425024751006e-01
9.412741149999999390e-02,9.765122927095954974e-01
9.419370589999999377e-02,9.764932810384985284e-01
9.430409309999999989e-02,9.764615961476262873e-01
9.432615499999999487e-02,9.764552593689950211e-01
9.439230989999999877e-02,9.764362493923446351e-01
9.450246499999999383e-02,9.764045673344271536e-01
9.463448200000000587e-02,9.763665509562179379e-01
9.465646689999999974e-02,9.763602150967877202e-01
9.483216279999999443e-02,9.763095306127794748e-01
9.489796490000000639e-02,9.762905249602420454e-01
9.491988880000000461e-02,9.762841898734418988e-01
9.500753380000000192e-02,9.762588501420995657e-01
9.509509800000000290e-02,9.762335114052949070e-01
9.516071830000000231e-02,9.762145080168379563e-01
9.520444000000000129e-02,9.762018394022425882e-01
9.524814160000000252e-02,9.761891710507706321e-01
9.537912649999999437e-02,9.761511674722687104e-01
9.550993169999999477e-02,9.761131661727362463e-01
9.555349359999999737e-02,9.761004995741798806e-01
9.559703569999999928e-02,9.760878332121311063e-01
9.561879930000000138e-02,9.760815001400083846e-01
9.579273010000000088e-02,9.760308377527957546e-01
9.587957719999999628e-02,9.760055080791839588e-01
9.590127669999999604e-02,9.759991758046471233e-01
9.596634569999999698e-02,9.759801793983240437e-01
9.603137069999999331e-02,9.759611835439661043e-01
9.607469620000000377e-02,9.759485199598667560e-01
9.613964780000000543e-02,9.759295250445643166e-01
9.622618180000000465e-02,9.759041993752334276e-01
9.629103129999999622e-02,9.758852057748594877e-01
9.642059930000000667e-02,9.758472203030887915e-01
9.648531809999999487e-02,9.758282284034586196e-01
9.665768969999999349e-02,9.757775861011547258e-01
9.672224980000000694e-02,9.757585962728526630e-01
9.674376029999999516e-02,9.757522664543761826e-01
9.676526600000000256e-02,9.757459367040260956e-01
9.691567219999999705e-02,9.757016301811579639e-01
9.693713980000000230e-02,9.756953009445853420e-01
9.698006060000000095e-02,9.756826426242990458e-01
9.717296979999999473e-02,9.756256833015113372e-01
9.725858440000000049e-02,9.756003696996449204e-01
9.732274600000000164e-02,9.755813851305863427e-01
9.742958790000000313e-02,9.755497454687315217e-01
9.751497720000000535e-02,9.755244348575975444e-01
9.762160879999999541e-02,9.754927980143484056e-01
9.768553189999999720e-02,9.754738166519205667e-01
9.777069770000000604e-02,9.754485090589833929e-01
9.791955950000000297e-02,9.754042231901816074e-01
9.794080700000000472e-02,9.753978968778831415e-01
9.796204990000000057e-02,9.753915706304581157e-01
9.800452190000000230e-02,9.753789183529540940e-01
9.802575099999999431e-02,9.753725922972772411e-01
9.808941070000000428e-02,9.753536145084844566e-01
9.811062140000000042e-02,9.753472887173143535e-01
9.813182759999999893e-02,9.753409629642624257e-01
9.825896829999999915e-02,9.753030098512581736e-01
9.844937149999999360e-02,9.752460844085761860e-01
9.847050470000000277e-02,9.752397596700462801e-01
9.853387700000000582e-02,9.752207858370924853e-01
9.859720869999999415e-02,9.752018125717031305e-01
9.868158759999999530e-02,9.751765157630365444e-01
9.870267110000000010e-02,9.751701917178408063e-01
9.876589439999999831e-02,9.751512199426543015e-01
9.887117689999999626e-02,9.751196016011499657e-01
9.895532220000000101e-02,9.750943080549658859e-01
9.903939609999999616e-02,9.750690154911296759e-01
9.914438809999999436e-02,9.750374012114481070e-01
9.927023199999999992e-02,9.749994661632715998e-01
9.935403930000000217e-02,9.749741773671193323e-01
9.945869920000000031e-02,9.749425677844050231e-01
9.947961800000000576e-02,9.749362460594300783e-01
9.954234789999999444e-02,9.749172812412922884e-01
9.960503830000000391e-02,9.748983170005095511e-01
9.962592630000000060e-02,9.748919957182179408e-01
9.964681000000000233e-02,9.748856744927816287e-01
9.970943470000000197e-02,9.748667111836919474e-01
9.979287320000000683e-02,9.748414276515039445e-01
9.995954120000000165e-02,9.747908636237136992e-01
9.998035519999999565e-02,9.747845433994417608e-01
1.000219702000000044e-01,9.747719031354495911e-01
1.000427710999999970e-01,9.747655830933966703e-01
1.001467112000000020e-01,9.747339838508934928e-01
1.002920464000000011e-01,9.746897475506863806e-01
1.003542684999999962e-01,9.746707900584244966e-01
1.003750006000000000e-01,9.746644710175880189e-01
1.004578862999999933e-01,9.746391955160258469e-01
1.004785970000000028e-01,9.746328768045768864e-01
1.006441294999999986e-01,9.745823292817096251e-01
1.007061340000000027e-01,9.745633750022565378e-01
1.007681004000000047e-01,9.745444212673450846e-01
1.007887474000000033e-01,9.745381034790816521e-01
1.009331579999999950e-01,9.744938807717610230e-01
1.009743802999999995e-01,9.744812462678795750e-01
1.010155856999999935e-01,9.744686120042950206e-01
1.011391013000000061e-01,9.744307107571416049e-01
1.012830123999999971e-01,9.743864954938981082e-01
1.013035545000000037e-01,9.743801792746038526e-01
1.013446261000000015e-01,9.743675470187997956e-01
1.014472322999999954e-01,9.743359675126043173e-01
1.014677410999999946e-01,9.743296517843768045e-01
1.015292426999999942e-01,9.743107050153941850e-01
1.016316624999999974e-01,9.742791283077714137e-01
1.018566236999999958e-01,9.742096650521768764e-01
1.019587146000000000e-01,9.741780933603145787e-01
1.019995224000000006e-01,9.741654651158340172e-01
1.020199202000000027e-01,9.741591510978111490e-01
1.020810889999999999e-01,9.741402093922020278e-01
1.021829558000000027e-01,9.741086411237742659e-01
1.022440270999999956e-01,9.740897009085074387e-01
1.023253987999999948e-01,9.740644481860504245e-01
1.024270225000000062e-01,9.740328836604925655e-01
1.024473352000000032e-01,9.740265709574192909e-01
1.025082489999999957e-01,9.740076331887274064e-01
1.025894110999999997e-01,9.739823837148631203e-01
1.026705091000000014e-01,9.739571352254828840e-01
1.027312905999999970e-01,9.739381995377585088e-01
1.029134196000000001e-01,9.738813957907335173e-01
1.029740576000000019e-01,9.738624623315838003e-01
1.029942623999999946e-01,9.738561513245563850e-01
1.030952267999999949e-01,9.738245971187746708e-01
1.031557580000000002e-01,9.738056653560112075e-01
1.032162536999999963e-01,9.737867341588924974e-01
1.032364110999999945e-01,9.737804238714565797e-01
1.032968595999999989e-01,9.737614934374166920e-01
1.034176504999999996e-01,9.737236342140347389e-01
1.035784859999999974e-01,9.736731587470788263e-01
1.036387349999999957e-01,9.736542314896177164e-01
1.038593488000000009e-01,9.735848363180052978e-01
1.038793813000000038e-01,9.735785280571788158e-01
1.038994099999999976e-01,9.735722198286173024e-01
1.039594729999999967e-01,9.735532955811048161e-01
1.040195012999999974e-01,9.735343718702542670e-01
1.040395030000000054e-01,9.735280640971593069e-01
1.040595009000000043e-01,9.735217563950752107e-01
1.041194715000000048e-01,9.735028336178387365e-01
1.041993786000000033e-01,9.734776041355486242e-01
1.042193458000000017e-01,9.734712969223087153e-01
1.042592687999999990e-01,9.734586826749405120e-01
1.043590092999999996e-01,9.734271481860113928e-01
1.044387331999999946e-01,9.734019217001711466e-01
1.044984860999999959e-01,9.733830024745717679e-01
1.045383024999999994e-01,9.733703900030209466e-01
1.045781035999999997e-01,9.733577777547096632e-01
1.046775404000000048e-01,9.733262482329509968e-01
1.047570218000000025e-01,9.733010257682239708e-01
1.048562888999999970e-01,9.732694990443622185e-01
1.048959693999999970e-01,9.732568888197092871e-01
1.049158040000000014e-01,9.732505837803517856e-01
1.050149209999999972e-01,9.732190595817198364e-01
1.051535277999999934e-01,9.731749283215813673e-01
1.052919521000000025e-01,9.731308001033743826e-01
1.053117120999999962e-01,9.731244963320430097e-01
1.053907153000000069e-01,9.730992818379440301e-01
1.055485441999999968e-01,9.730488558374426056e-01
1.056470674999999970e-01,9.730173416448322232e-01
1.057848460000000018e-01,9.729732243412472226e-01
1.058045140000000023e-01,9.729669221313999028e-01
1.058438389999999951e-01,9.729543178790838187e-01
1.058634960999999958e-01,9.729480158494769881e-01
1.059224453000000010e-01,9.729291101369575978e-01
1.060206211000000037e-01,9.728976018448289853e-01
1.060794830000000022e-01,9.728786976241818873e-01
1.060990963999999953e-01,9.728723963374060757e-01
1.061579148000000028e-01,9.728534928751635391e-01
1.062558730999999951e-01,9.728219883311896021e-01
1.063928632000000069e-01,9.727778845787973250e-01
1.064319707999999975e-01,9.727652840782620158e-01
1.064906052999999991e-01,9.727463837745065067e-01
1.065687344999999980e-01,9.727211842706700029e-01
1.067443161000000001e-01,9.726644889842064323e-01
1.067832950000000003e-01,9.726518907283587811e-01
1.068027790999999949e-01,9.726455916858215422e-01
1.068806801000000001e-01,9.726203961687911459e-01
1.069001465000000012e-01,9.726140974257163618e-01
1.069585242999999963e-01,9.725952016257449761e-01
1.070363119999999946e-01,9.725700081176484879e-01
1.070557500000000051e-01,9.725637098707889949e-01
1.070946155999999982e-01,9.725511136076133711e-01
1.072111278000000001e-01,9.725133263097656133e-01
1.073275134000000047e-01,9.724755412610593952e-01
1.073662806000000025e-01,9.724629467258126825e-01
1.075018556999999958e-01,9.724188678588902013e-01
1.076565896000000050e-01,9.723684957725421407e-01
1.077145573999999939e-01,9.723496072530144474e-01
1.077338731000000022e-01,9.723433112190260630e-01
1.077917994999999934e-01,9.723244234475401093e-01
1.078882741999999950e-01,9.722929451060482453e-01
1.079653919999999934e-01,9.722677635369563198e-01
1.080231942000000056e-01,9.722488780297379174e-01
1.081194624000000049e-01,9.722174034017757593e-01
1.081387057999999984e-01,9.722111086679730008e-01
1.081964153999999956e-01,9.721922248313291659e-01
1.082733136999999984e-01,9.721670472422883069e-01
1.082925297000000009e-01,9.721607530333471470e-01
1.084077544000000004e-01,9.721229889027747095e-01
1.084269466000000043e-01,9.721166951014853508e-01
1.084461354000000044e-01,9.721104013648633746e-01
1.085803620999999941e-01,9.720663469233362664e-01
1.085995238000000002e-01,9.720600536895367405e-01
1.086378370999999954e-01,9.720474673790249209e-01
1.086569886000000040e-01,9.720411743217594047e-01
1.087526959000000015e-01,9.720097099978640687e-01
1.088100798000000008e-01,9.719908321465501322e-01
1.088674334999999993e-01,9.719719548586752689e-01
1.089629559000000053e-01,9.719404939242954899e-01
1.090393136000000068e-01,9.719153263346014260e-01
1.090583945999999971e-01,9.719090345960297306e-01
1.091156177999999949e-01,9.718901597190643393e-01
1.092109230999999958e-01,9.718587028431723285e-01
1.093442109999999967e-01,9.718146658614212896e-01
1.094773366000000026e-01,9.717706319103741608e-01
1.095723272999999942e-01,9.717391809609288167e-01
1.096292821999999972e-01,9.717203111270095173e-01
1.096672357000000042e-01,9.717077315722757458e-01
1.097810174999999944e-01,9.716699943388614757e-01
1.097999696000000053e-01,9.716637050235626960e-01
1.098568065000000010e-01,9.716448374534902843e-01
1.099703920999999945e-01,9.716071039552363064e-01
1.100271409999999950e-01,9.715882380800701101e-01
1.101594412999999939e-01,9.715442198252378647e-01
1.101783283000000030e-01,9.715379317513700430e-01
1.102349700999999960e-01,9.715190678880993858e-01
1.103293085000000007e-01,9.714876293876036906e-01
1.104047211000000056e-01,9.714624797037011428e-01
1.104235662999999978e-01,9.714561924420064276e-01
1.104612467999999958e-01,9.714436181099553869e-01
1.105742115999999997e-01,9.714058965469687390e-01
1.106306506999999995e-01,9.713870366365390252e-01
1.108373482000000049e-01,9.713178883617880066e-01
1.108561197000000054e-01,9.713116025230764672e-01
1.109311741999999962e-01,9.712864597876025297e-01
1.109874317999999943e-01,9.712676034108831402e-01
1.110249209999999986e-01,9.712550328055508109e-01
1.110811310999999940e-01,9.712361773516807739e-01
1.111560337000000037e-01,9.712110376065441475e-01
1.113056877000000028e-01,9.711607611373472837e-01
1.113243802999999976e-01,9.711544768771068759e-01
1.113617560000000062e-01,9.711419084985072336e-01
1.114364699999999958e-01,9.711167724942038060e-01
1.114738081999999963e-01,9.711042048566689289e-01
1.115297920000000026e-01,9.710853538798056572e-01
1.116043934999999959e-01,9.710602201319978866e-01
1.116789450999999961e-01,9.710350873805179139e-01
1.117534470000000058e-01,9.710099555965643336e-01
1.118278993000000054e-01,9.709848248145582783e-01
1.120323877999999940e-01,9.709157203075987619e-01
1.121994194000000000e-01,9.708591858420677623e-01
1.122179632000000066e-01,9.708529045556977266e-01
1.122550414000000052e-01,9.708403421481152096e-01
1.122735759000000055e-01,9.708340610415412408e-01
1.123476835000000035e-01,9.708089372092534308e-01
1.123662027999999952e-01,9.708026564302704164e-01
1.124217421999999938e-01,9.707838144057245877e-01
1.124957521999999932e-01,9.707586925811249046e-01
1.125142469999999978e-01,9.707524122571122849e-01
1.125512277000000061e-01,9.707398518280991873e-01
1.126436261999999994e-01,9.707084518748779756e-01
1.126620968000000000e-01,9.707021720796980002e-01
1.128466364999999999e-01,9.706393774471111513e-01
1.128650739000000014e-01,9.706330983438166138e-01
1.129387933000000066e-01,9.706079824670810208e-01
1.131044863999999955e-01,9.705514753969304298e-01
1.131412740999999944e-01,9.705389189510682524e-01
1.131596634999999934e-01,9.705326408172718633e-01
1.133066709999999977e-01,9.704824180423738955e-01
1.133617497000000002e-01,9.704635855072614170e-01
1.133801033000000069e-01,9.704573081481924213e-01
1.134351462999999977e-01,9.704384763416469273e-01
1.135451522999999935e-01,9.704008144864821883e-01
1.136550518000000037e-01,9.703631548411266738e-01
1.136916614000000048e-01,9.703506021363441647e-01
1.137465535999999944e-01,9.703317735003482714e-01
1.138014194000000062e-01,9.703129454697685397e-01
1.138379818999999959e-01,9.703003937215889385e-01
1.139658583000000003e-01,9.702564646392947134e-01
1.140388660999999970e-01,9.702313636887096582e-01
1.141300601999999942e-01,9.701999888763208624e-01
1.141847416999999948e-01,9.701811647332673205e-01
1.142393970000000064e-01,9.701623411747467562e-01
1.142576096000000041e-01,9.701560667710961150e-01
1.143122300999999952e-01,9.701372439165352191e-01
1.143304311000000045e-01,9.701309697675393195e-01
1.144032063000000043e-01,9.701058737555710021e-01
1.144213927999999936e-01,9.700995999255065394e-01
1.145304515000000051e-01,9.700619581620106846e-01
1.146938450999999970e-01,9.700054996799345464e-01
1.148388887000000025e-01,9.699553186077942701e-01
1.148570062999999947e-01,9.699490462347012398e-01
1.148932327999999947e-01,9.699365017248795517e-01
1.149656517000000044e-01,9.699114133972444041e-01
1.149837492999999933e-01,9.699051414778787628e-01
1.150561112000000052e-01,9.698800543967951437e-01
1.151284276999999939e-01,9.698549683399798615e-01
1.151826351999999942e-01,9.698361544295295289e-01
1.152909738000000017e-01,9.697985283032669601e-01
1.153992105999999962e-01,9.697609043903671067e-01
1.154352669999999942e-01,9.697483635612410557e-01
1.154713121999999953e-01,9.697358230104494714e-01
1.154893305000000009e-01,9.697295528318518043e-01
1.155433686999999959e-01,9.697107426315257905e-01
1.155613758999999990e-01,9.697044727145781584e-01
1.157053318999999997e-01,9.696543154551803267e-01
1.157233138000000050e-01,9.696480460414680369e-01
1.157772427999999992e-01,9.696292383017800498e-01
1.158670687000000060e-01,9.695978932456817967e-01
1.159209308000000022e-01,9.695790869620296570e-01
1.159747678999999976e-01,9.695602812289519923e-01
1.159927079999999999e-01,9.695540127883676140e-01
1.160465118000000018e-01,9.695352078317549527e-01
1.161182114000000043e-01,9.695101353843889047e-01
1.161540446000000060e-01,9.694975995213217512e-01
1.162793738999999965e-01,9.694537260378606192e-01
1.162972671000000041e-01,9.694474586247227021e-01
1.163509300000000052e-01,9.694286568218365430e-01
1.164224420999999954e-01,9.694035885919360940e-01
1.164403133000000007e-01,9.693973216958809980e-01
1.165653348000000034e-01,9.693534551056888215e-01
1.166902222999999933e-01,9.693095915479328362e-01
1.167258798999999958e-01,9.692970597007957156e-01
1.167793458999999978e-01,9.692782623227839123e-01
1.168327873999999988e-01,9.692594655276794979e-01
1.168505957999999983e-01,9.692532000404846526e-01
1.169040048000000026e-01,9.692344039793662214e-01
1.169218023000000023e-01,9.692281387588962405e-01
1.170640854000000036e-01,9.691780191496414121e-01
1.171529245999999996e-01,9.691466964230007752e-01
1.172061957999999959e-01,9.691279035106713513e-01
1.172771863999999969e-01,9.691028471868115002e-01
1.174190388000000002e-01,9.690527375146542610e-01
1.174367582999999993e-01,9.690464740718739423e-01
1.174721893000000017e-01,9.690339473873906817e-01
1.175607201000000018e-01,9.690026317488644736e-01
1.176845512999999954e-01,9.689587924889366821e-01
1.177022308000000017e-01,9.689525299944251602e-01
1.177199077000000010e-01,9.689462675609549214e-01
1.177552535000000039e-01,9.689337428685615983e-01
1.178612272999999960e-01,9.688961702434810697e-01
1.179141783999999998e-01,9.688773847602074607e-01
1.180552655000000062e-01,9.688272929201254824e-01
1.181961841000000041e-01,9.687772050062694040e-01
1.182665804000000015e-01,9.687521625476326337e-01
1.182841728999999981e-01,9.687459020593748305e-01
1.183193502000000064e-01,9.687333813296130636e-01
1.183369348999999959e-01,9.687271210620101991e-01
1.183896732999999979e-01,9.687083406223986337e-01
1.184248192000000033e-01,9.686958206028389862e-01
1.184775183999999953e-01,9.686770410957572519e-01
1.186003924000000043e-01,9.686332243346259530e-01
1.186880815999999950e-01,9.686019285160026859e-01
1.187056117000000049e-01,9.685956695494944979e-01
1.187581862999999988e-01,9.685768930033596957e-01
1.188107377000000020e-01,9.685581169884839303e-01
1.188282496999999993e-01,9.685518584339984915e-01
1.188457591000000035e-01,9.685455999325512932e-01
1.189507612999999991e-01,9.685080503583070044e-01
1.191604881999999976e-01,9.684329578224644131e-01
1.191779488000000026e-01,9.684267005528447436e-01
1.192652134000000003e-01,9.683954149368722009e-01
1.193872765999999946e-01,9.683516176648685470e-01
1.194395511999999937e-01,9.683328483582398505e-01
1.195266247000000004e-01,9.683015673589842054e-01
1.195440318000000057e-01,9.682953113459393801e-01
1.196831975000000048e-01,9.682452654981352769e-01
1.197353428999999997e-01,9.682264993371164641e-01
1.198048347999999957e-01,9.682014786144670371e-01
1.199436978999999931e-01,9.681514401831848859e-01
1.199957301000000032e-01,9.681326768073259537e-01
1.200130692000000027e-01,9.681264224586169087e-01
1.200650713000000064e-01,9.681076598384387166e-01
1.200997268999999951e-01,9.680951516990362604e-01
1.201516915000000046e-01,9.680763899519827520e-01
1.202382493999999968e-01,9.680451216805889825e-01
1.203593257999999999e-01,9.680013486611941387e-01
1.203766123999999993e-01,9.679950956182313826e-01
1.204284575999999968e-01,9.679763368411082869e-01
1.204802804999999949e-01,9.679575786271110704e-01
1.205148166999999992e-01,9.679450734796930522e-01
1.205493428999999950e-01,9.679325685623882958e-01
1.206356155000000013e-01,9.679013073792479549e-01
1.207045890999999954e-01,9.678762995060975483e-01
1.207735233000000047e-01,9.678512926541082972e-01
1.207907507000000047e-01,9.678450411195702596e-01
1.208251981000000030e-01,9.678325381781920367e-01
1.208424181999999958e-01,9.678262867886828769e-01
1.209800902000000011e-01,9.677762780305644297e-01
1.211004249000000033e-01,9.677325235562401762e-01
1.211691339000000034e-01,9.677075223702541473e-01
1.211863051000000024e-01,9.677012722344017215e-01
1.212034738000000028e-01,9.676950221734059721e-01
1.212549653999999977e-01,9.676762723244792808e-01
1.213064352000000068e-01,9.676575229918787935e-01
1.213407361999999934e-01,9.676450237712509450e-01
1.213921696000000022e-01,9.676262753834655728e-01
1.214607136000000059e-01,9.676012784122254295e-01
1.214778435000000018e-01,9.675950292947247400e-01
1.216147962999999943e-01,9.675450388139213986e-01
1.216661138000000031e-01,9.675262933766537454e-01
1.217174097000000010e-01,9.675075485256178220e-01
1.217515948999999958e-01,9.674950522647044471e-01
1.219394424999999949e-01,9.674263272096093047e-01
1.220076789999999939e-01,9.674013381251280741e-01
1.220247321999999995e-01,9.673950909854045488e-01
1.220758774000000046e-01,9.673763500479733990e-01
1.222121599000000058e-01,9.673263768044783051e-01
1.222632267000000050e-01,9.673076378604350545e-01
1.222802442999999933e-01,9.673013916668991019e-01
1.223993007000000049e-01,9.672576700662148808e-01
1.224162993000000033e-01,9.672514243859676730e-01
1.224332954999999973e-01,9.672451787576289428e-01
1.224672809999999973e-01,9.672326876610091162e-01
1.225522032999999955e-01,9.672014610457945194e-01
1.225691807000000022e-01,9.671952158875682937e-01
1.226200987999999936e-01,9.671764808025149485e-01
1.226709956999999934e-01,9.671577463501771499e-01
1.226879567000000032e-01,9.671515015935377990e-01
1.227388254999999956e-01,9.671327678645879056e-01
1.228235601000000066e-01,9.671015461595943163e-01
1.228405000000000052e-01,9.670953019855510480e-01
1.230097705999999985e-01,9.670328638710949942e-01
1.230266849000000023e-01,9.670266203493830259e-01
1.231619152999999939e-01,9.669766747735839552e-01
1.232294748999999967e-01,9.669517034776993203e-01
1.232463589999999998e-01,9.669454607899244936e-01
1.232969973999999969e-01,9.669267331281452549e-01
1.233476151000000021e-01,9.669080060161869827e-01
1.234824939999999982e-01,9.668580698337737589e-01
1.234993434999999973e-01,9.668518280556515077e-01
1.236340570000000055e-01,9.668018962570991137e-01
1.237013586999999998e-01,9.667769318806949119e-01
1.237686238000000050e-01,9.667519684598223639e-01
1.238862498000000006e-01,9.667082848240579063e-01
1.239198366999999940e-01,9.666958043279070267e-01
1.240373193999999984e-01,9.666521245714259081e-01
1.240540935000000039e-01,9.666458848502033074e-01
1.240876350000000017e-01,9.666334056220901028e-01
1.241044023999999940e-01,9.666271660898576590e-01
1.241882051999999986e-01,9.665959693538307418e-01
1.242384596999999979e-01,9.665772520455272465e-01
1.242886938999999968e-01,9.665585353085777154e-01
1.243556412999999999e-01,9.665335804844911172e-01
1.244392748999999937e-01,9.665023884145242938e-01
1.244559949000000054e-01,9.664961501804495425e-01
1.245061412999999978e-01,9.664774358142631527e-01
1.245562676000000063e-01,9.664587220036999771e-01
1.245896739000000031e-01,9.664462464666804253e-01
1.246397665999999932e-01,9.664275336013209428e-01
1.247065254999999984e-01,9.664025839899582637e-01
1.248232677000000040e-01,9.663589245121469995e-01
1.248566024999999968e-01,9.663464509362045263e-01
1.248899284999999970e-01,9.663339775530207509e-01
1.249898531000000063e-01,9.662965590395475868e-01
1.250397853999999920e-01,9.662778506107411181e-01
1.251063309000000068e-01,9.662529068928698006e-01
1.251562167999999975e-01,9.662341997609008581e-01
1.252393156999999924e-01,9.662030224345680152e-01
1.252559289000000076e-01,9.661967871344800951e-01
1.253887550999999989e-01,9.661469070894547206e-01
1.255048625999999889e-01,9.661032652775811691e-01
1.255711616000000086e-01,9.660783284306018182e-01
1.256374255999999912e-01,9.660533926017526030e-01
1.256871006999999985e-01,9.660346913835854421e-01
1.257036547000000004e-01,9.660284577393624117e-01
1.257863919999999969e-01,9.659972906046541130e-01
1.258360081999999880e-01,9.659785910189271352e-01
1.259021328999999911e-01,9.659536590948676338e-01
1.259517035000000118e-01,9.659349608280383137e-01
1.260177674000000081e-01,9.659100306433063832e-01
1.261002985999999937e-01,9.658788693386900492e-01
1.261662846999999921e-01,9.658539413512295946e-01
1.261827758000000077e-01,9.658477094978809019e-01
1.262981534000000017e-01,9.658040883662899478e-01
1.264463413999999952e-01,9.657480085063356867e-01
1.264792483999999939e-01,9.657355469976159901e-01
1.264956988000000004e-01,9.657293163039342154e-01
1.265450368999999908e-01,9.657106246812214856e-01
1.266272243999999880e-01,9.656794731958231459e-01
1.266765113999999970e-01,9.656607830226296985e-01
1.267421974000000062e-01,9.656358636599434719e-01
1.268242572000000123e-01,9.656047158549457832e-01
1.268406628000000036e-01,9.655984864613107455e-01
1.268898668000000007e-01,9.655797987103696967e-01
1.269390516999999996e-01,9.655611114722120192e-01
1.269718310999999877e-01,9.655486536527599917e-01
1.270209843000000005e-01,9.655299673670104665e-01
1.270701184999999955e-01,9.655112816459155978e-01
1.270864922999999924e-01,9.655050531988570439e-01
1.272174071999999934e-01,9.654552277769423707e-01
1.272337621000000085e-01,9.654489998586405219e-01
1.272828141000000024e-01,9.654303165393304242e-01
1.273481874999999874e-01,9.654054062494085153e-01
1.273645256000000003e-01,9.653991788438309740e-01
1.274625101000000094e-01,9.653618156643855031e-01
1.275277914000000068e-01,9.653369081634434190e-01
1.276745521000000050e-01,9.652808697608100674e-01
1.277234348000000075e-01,9.652621913763149708e-01
1.277560128999999933e-01,9.652497394420345156e-01
1.277885826999999863e-01,9.652372877762905867e-01
1.278048645000000039e-01,9.652310620167426913e-01
1.278699709999999989e-01,9.652061596036708435e-01
1.280488429999999955e-01,9.651376831109121923e-01
1.281138253999999921e-01,9.651127844130588107e-01
1.281463043000000135e-01,9.651003354461908934e-01
1.283896338999999942e-01,9.650069758721534496e-01
1.284544438999999927e-01,9.649820823302710515e-01
1.285192213000000139e-01,9.649571898006589210e-01
1.285354105000000025e-01,9.649509667872759877e-01
1.285839659999999940e-01,9.649322981909678187e-01
1.286486780999999968e-01,9.649074075944868989e-01
1.286648511000000050e-01,9.649011851069196899e-01
1.287780048000000122e-01,9.648576293411321725e-01
1.287941615000000040e-01,9.648514073223436460e-01
1.288264688999999907e-01,9.648389635306102718e-01
1.288426195000000052e-01,9.648327416870801088e-01
1.289233422999999934e-01,9.648016335322785464e-01
1.290201430000000038e-01,9.647643057024335445e-01
1.290362693999999866e-01,9.647580845980888720e-01
1.291007547999999949e-01,9.647332009060539670e-01
1.291813162999999876e-01,9.647020976350398902e-01
1.292296290999999930e-01,9.646834364188769939e-01
1.293101103000000029e-01,9.646523356062189913e-01
1.293583749999999977e-01,9.646336757984342869e-01
1.295512538999999963e-01,9.645590423345941078e-01
1.295673142000000055e-01,9.645528232454391171e-01
1.295994287999999994e-01,9.645403853196083954e-01
1.296636341000000081e-01,9.645155102051388152e-01
1.296796805000000052e-01,9.645092915740534067e-01
1.297438461000000043e-01,9.644844176544015157e-01
1.298079799999999895e-01,9.644595447202231053e-01
1.298240085000000044e-01,9.644533266643416924e-01
1.298560595999999900e-01,9.644408906558175065e-01
1.299361528000000099e-01,9.644098018298666863e-01
1.299521654999999942e-01,9.644035842123084290e-01
1.301121842999999889e-01,9.643414117128092933e-01
1.301281753000000097e-01,9.643351948500754611e-01
1.301761367000000003e-01,9.643165444400471076e-01
1.301921198999999862e-01,9.643103277678202190e-01
1.303358805000000009e-01,9.642543805350930475e-01
1.303678057000000057e-01,9.642419485016517910e-01
1.304635345999999863e-01,9.642046538334106964e-01
1.305113727999999973e-01,9.641860073136439002e-01
1.305591932999999871e-01,9.641673613935519693e-01
1.305751296999999866e-01,9.641611461756419699e-01
1.306229268999999915e-01,9.641425009531892076e-01
1.307025501999999895e-01,9.641114268097393802e-01
1.307184690000000038e-01,9.641052121605233616e-01
1.308139412999999862e-01,9.640679256124926599e-01
1.308298465000000133e-01,9.640617113898428681e-01
1.308457499000000024e-01,9.640554971962724817e-01
1.309570191999999966e-01,9.640119998706961901e-01
1.309729071000000078e-01,9.640057861610213941e-01
1.310840685000000116e-01,9.639622922606845279e-01
1.311316801999999893e-01,9.639436529495716277e-01
1.311475470000000032e-01,9.639374399459085252e-01
1.312268518999999967e-01,9.639063759230213080e-01
1.312744117999999904e-01,9.638877381933068644e-01
1.313377983000000027e-01,9.638628888324692889e-01
1.313853181000000092e-01,9.638442524216734864e-01
1.314011542000000088e-01,9.638380404173032545e-01
1.314644795999999893e-01,9.638131929728459557e-01
1.315277744999999998e-01,9.637883465556226215e-01
1.315752256000000120e-01,9.637697123740198712e-01
1.316068501999999862e-01,9.637572898879691596e-01
1.316542729000000078e-01,9.637386566036072466e-01
1.317016785000000023e-01,9.637200239013696823e-01
1.318280101000000037e-01,9.636703393292246345e-01
1.318437929999999869e-01,9.636641290600889143e-01
1.318595740999999877e-01,9.636579187758598231e-01
1.319069059000000099e-01,9.636392884436352224e-01
1.321118145000000077e-01,9.635585634153761569e-01
1.321433106999999885e-01,9.635461450990870924e-01
1.322220182999999938e-01,9.635151003077015996e-01
1.322849506999999869e-01,9.634902656514502395e-01
1.323635740999999921e-01,9.634592236573956692e-01
1.323950104000000128e-01,9.634468072792742310e-01
1.324735684999999996e-01,9.634157674872680932e-01
1.325991646999999940e-01,9.633661068988879084e-01
1.326148558999999949e-01,9.633598996389715063e-01
1.326619182000000063e-01,9.633412781219242715e-01
1.327089637999999960e-01,9.633226570910966569e-01
1.327403182999999931e-01,9.633102434519399404e-01
1.328343374000000021e-01,9.632730039024418600e-01
1.328500008000000066e-01,9.632667975613464773e-01
1.328969798999999896e-01,9.632481787768550907e-01
1.329908881999999903e-01,9.632109428877549950e-01
1.330378174999999885e-01,9.631923257547625461e-01
1.331159962000000030e-01,9.631612985018530582e-01
1.331628814999999966e-01,9.631426828733503642e-01
1.332097502000000044e-01,9.631240677292070007e-01
1.332253693999999877e-01,9.631178628498707761e-01
1.333502575000000134e-01,9.630682257608237373e-01
1.333658601999999915e-01,9.630620214480988261e-01
1.333970603000000088e-01,9.630496128833800906e-01
1.334906168999999976e-01,9.630123887258495996e-01
1.335373705000000022e-01,9.629937775089081331e-01
1.335996832999999939e-01,9.629689634169239509e-01
1.336463988000000103e-01,9.629503534338521575e-01
1.336619671000000009e-01,9.629441502513327311e-01
1.337242217999999871e-01,9.629193380663861879e-01
1.338330979000000032e-01,9.628759190869047302e-01
1.338641891000000028e-01,9.628635142812631553e-01
1.340971431999999908e-01,9.627704855703046460e-01
1.341126591000000035e-01,9.627642841399531859e-01
1.341591960000000083e-01,9.627456802398526303e-01
1.342057167000000051e-01,9.627270769009330653e-01
1.342212201000000105e-01,9.627208758799398192e-01
1.342367215999999974e-01,9.627146749573805007e-01
1.343451823000000045e-01,9.626712701044515264e-01
1.343606696000000100e-01,9.626650696754538439e-01
1.344845033000000023e-01,9.626154683454063443e-01
1.345309115999999972e-01,9.625968687970108961e-01
1.345773037999999922e-01,9.625782698967177975e-01
1.346391352999999902e-01,9.625534721646098468e-01
1.346545888000000024e-01,9.625472728804871370e-01
1.347009383999999976e-01,9.625286753642834370e-01
1.347163848000000053e-01,9.625224762995936434e-01
1.347781523999999898e-01,9.624976807739155094e-01
1.348398918000000002e-01,9.624728862212147407e-01
1.348861778000000067e-01,9.624542909498150500e-01
1.349016029000000005e-01,9.624480926147837012e-01
1.350249404999999958e-01,9.623985083670835161e-01
1.350711631000000024e-01,9.623799152624135100e-01
1.350865670999999990e-01,9.623737176881965727e-01
1.351327686000000083e-01,9.623551253254472027e-01
1.351943459999999930e-01,9.623303364222708378e-01
1.352251241999999909e-01,9.623179422804531979e-01
1.352712784000000001e-01,9.622993515737916503e-01
1.353942793000000033e-01,9.622497790540083251e-01
1.354557378000000034e-01,9.622249942194460726e-01
1.354710980999999925e-01,9.622187982122478722e-01
1.355939177000000107e-01,9.621692319897011680e-01
1.356246051999999980e-01,9.621568410950580574e-01
1.356399463000000083e-01,9.621506457391958422e-01
1.357166260999999874e-01,9.621196697199775327e-01
1.358085847000000124e-01,9.620825005929739548e-01
1.358698557999999945e-01,9.620577223768692621e-01
1.358851692999999972e-01,9.620515280136311409e-01
1.359464059000000113e-01,9.620267510203313055e-01
1.359617106999999880e-01,9.620205569222799458e-01
1.360840875000000061e-01,9.619710063793668331e-01
1.361299504000000049e-01,9.619524259303656732e-01
1.361757979000000063e-01,9.619338460642078426e-01
1.361910769999999937e-01,9.619276528711010465e-01
1.363590336999999930e-01,9.618595318923971460e-01
1.363742921999999969e-01,9.618533394665775837e-01
1.364505592999999961e-01,9.618223781440187192e-01
1.364962990999999959e-01,9.618038021376543734e-01
1.365572616000000072e-01,9.617790349086714485e-01
1.366791052000000117e-01,9.617295034104967888e-01
1.366943280000000038e-01,9.617233122116120025e-01
1.367399861999999966e-01,9.617047391172603987e-01
1.367856292000000085e-01,9.616861665145576277e-01
1.368160494000000005e-01,9.616737851082010069e-01
1.368464628999999932e-01,9.616614039251282220e-01
1.369224669999999922e-01,9.616304520546590240e-01
1.370439857999999900e-01,9.615809322166765094e-01
1.370591680999999895e-01,9.615747425795260206e-01
1.370895276000000107e-01,9.615623633026056938e-01
1.371047048000000046e-01,9.615561737784915630e-01
1.371502263999999915e-01,9.615376056165244600e-01
1.372260621999999985e-01,9.615066598732980863e-01
1.374078974000000064e-01,9.614323962439420557e-01
1.374230395000000104e-01,9.614262080523688914e-01
1.375289872999999885e-01,9.613828920508634690e-01
1.375441161000000023e-01,9.613767042812034758e-01
1.375894923000000047e-01,9.613581414431252581e-01
1.376348535999999956e-01,9.613395791143903857e-01
1.376499707000000128e-01,9.613333917650600524e-01
1.377708478000000125e-01,9.612838953593642044e-01
1.377859499999999904e-01,9.612777085891390794e-01
1.379067079000000084e-01,9.612282165981448356e-01
1.379519649000000014e-01,9.612096580752793606e-01
1.380575068000000072e-01,9.611663570574772164e-01
1.380725775999999960e-01,9.611601714730403367e-01
1.381479070999999947e-01,9.611292442927584778e-01
1.381930851000000016e-01,9.611106887094215123e-01
1.382683489000000043e-01,9.610797639710042528e-01
1.383134874999999986e-01,9.610612098257158564e-01
1.384788700000000039e-01,9.609931827720770148e-01
1.385089183000000057e-01,9.609808150441173646e-01
1.385389600999999971e-01,9.609684475514593816e-01
1.385990242000000039e-01,9.609437131846138014e-01
1.386290464000000111e-01,9.609313464088096168e-01
1.386740676999999866e-01,9.609127966995074654e-01
1.387190742999999948e-01,9.608942475352432178e-01
1.387340732000000021e-01,9.608880646020470095e-01
1.387490705999999963e-01,9.608818816811306451e-01
1.387790603999999872e-01,9.608695161651584771e-01
1.388540065999999962e-01,9.608386033224959322e-01
1.389139343999999943e-01,9.608138740777414366e-01
1.389588633000000129e-01,9.607953278429760546e-01
1.390337125999999979e-01,9.607644186462613867e-01
1.390935630000000034e-01,9.607396924035198627e-01
1.392131866000000107e-01,9.606902427193683147e-01
1.392281324000000098e-01,9.606840618170078283e-01
1.392580190000000107e-01,9.606717001534254008e-01
1.393476405000000085e-01,9.606346165983865593e-01
1.394372043000000061e-01,9.605975352213913521e-01
1.394521260000000096e-01,9.605913552368037234e-01
1.395565333999999880e-01,9.605480967896224964e-01
1.395863497000000009e-01,9.605357377891940995e-01
1.396310622999999973e-01,9.605171997732615541e-01
1.396757604999999958e-01,9.604986623083865416e-01
1.396906566999999988e-01,9.604924832144623448e-01
1.397502257999999886e-01,9.604677676449158152e-01
1.398246513999999996e-01,9.604368745916214145e-01
1.399287808000000133e-01,9.603936268349937411e-01
1.399436501000000110e-01,9.603874488027135392e-01
1.399882484999999954e-01,9.603689151580193650e-01
1.400625477000000119e-01,9.603380269853042384e-01
1.401071081999999968e-01,9.603194947511878299e-01
1.401665002999999965e-01,9.602947860198272068e-01
1.402110277999999988e-01,9.602762551295138671e-01
1.402852089999999941e-01,9.602453714061904844e-01
1.403445257000000002e-01,9.602206655923911649e-01
1.403889966999999905e-01,9.602021368551929559e-01
1.405075174000000038e-01,9.601527296030443193e-01
1.405223254999999893e-01,9.601465539777067626e-01
1.406407338000000007e-01,9.600971510753744109e-01
1.406555278999999936e-01,9.600909759994599169e-01
1.406851112999999986e-01,9.600786259944394940e-01
1.407590425999999950e-01,9.600477521139680892e-01
1.407738242000000084e-01,9.600415775116776240e-01
1.408181597000000007e-01,9.600230540308881677e-01
1.408624812000000004e-01,9.600045311653221392e-01
1.408920210999999867e-01,9.599921828463620077e-01
1.409215548999999956e-01,9.599798347928357733e-01
1.409953622000000018e-01,9.599489657393825981e-01
1.410101189999999893e-01,9.599427921239764849e-01
1.411281181000000051e-01,9.598934052909088299e-01
1.411723423000000033e-01,9.598748861498371809e-01
1.412312863999999890e-01,9.598501949779594256e-01
1.412902058999999932e-01,9.598255047089968572e-01
1.413491007999999882e-01,9.598008153960432276e-01
1.413638207000000035e-01,9.597946431768056286e-01
1.413932558999999867e-01,9.597822990164291967e-01
1.414079712000000100e-01,9.597761270570305259e-01
1.414521079000000126e-01,9.597576114375474532e-01
1.414815248000000081e-01,9.597452680279305870e-01
1.415256386000000033e-01,9.597267533635659431e-01
1.415844356000000026e-01,9.597020679038421598e-01
1.416285173000000064e-01,9.596835545161322978e-01
1.417019563999999954e-01,9.596527000486470005e-01
1.418340509000000083e-01,9.595971657694410961e-01
1.419220455000000103e-01,9.595601457308794435e-01
1.419513649999999960e-01,9.595478062114700668e-01
1.420539353999999976e-01,9.595046196804239980e-01
1.420685821999999876e-01,9.594984504260539726e-01
1.420978713999999921e-01,9.594861120584640135e-01
1.422295982000000014e-01,9.594305926543666985e-01
1.423319681000000114e-01,9.593874141880298634e-01
1.423465864000000025e-01,9.593812460908585082e-01
1.424196550999999866e-01,9.593504064603248782e-01
1.424634784000000098e-01,9.593319034463899664e-01
1.425072881999999985e-01,9.593134009903908632e-01
1.425364872999999866e-01,9.593010663263568105e-01
1.425802747000000092e-01,9.592825647056021365e-01
1.426386369000000043e-01,9.592578968150653473e-01
1.427407133999999966e-01,9.592147302538609477e-01
1.427990101000000123e-01,9.591900650200931855e-01
1.428135805000000091e-01,9.591838988703579316e-01
1.428572830000000016e-01,9.591654007958199113e-01
1.428718475000000099e-01,9.591592348306550164e-01
1.429300907000000120e-01,9.591345718145648513e-01
1.429883100999999879e-01,9.591099096701591886e-01
1.430319592000000029e-01,9.590914137890824698e-01
1.431628265000000066e-01,9.590359292159940097e-01
1.432354788000000101e-01,9.590051066149692938e-01
1.432645294999999874e-01,9.589927780025324644e-01
1.432790526000000120e-01,9.589866137596086970e-01
1.433226130999999959e-01,9.589681215244327817e-01
1.433371303000000041e-01,9.589619575013034192e-01
1.433951844999999947e-01,9.589373021675313691e-01
1.434677192000000101e-01,9.589064844283250455e-01
1.434967228000000039e-01,9.588941577933126625e-01
1.435112223999999992e-01,9.588879945628723256e-01
1.435836984999999955e-01,9.588571791894124896e-01
1.436271665999999947e-01,9.588386907482209232e-01
1.436851036000000026e-01,9.588140402306004617e-01
1.437285409999999874e-01,9.587955530750936761e-01
1.438009075999999997e-01,9.587647422602035840e-01
1.438587745999999890e-01,9.587400947629306502e-01
1.439744389000000013e-01,9.586908026081335521e-01
1.440322361999999967e-01,9.586661579500566077e-01
1.440466819000000009e-01,9.586599969830185142e-01
1.441477613000000102e-01,9.586168716009849655e-01
1.441910593999999879e-01,9.585983902273615964e-01
1.442487698999999901e-01,9.585737492437532703e-01
1.442776165000000110e-01,9.585614290757872302e-01
1.443641216999999866e-01,9.585244701291603109e-01
1.443785341999999916e-01,9.585183105597087083e-01
1.444361698000000138e-01,9.584936726860624479e-01
1.444937823999999926e-01,9.584690358553833445e-01
1.445081820000000128e-01,9.584628767713209152e-01
1.445513720000000113e-01,9.584443999900960076e-01
1.445945492000000054e-01,9.584259236832501916e-01
1.447096254000000137e-01,9.583766562065937356e-01
1.448389767999999911e-01,9.583212350385289513e-01
1.448533421000000043e-01,9.583150774265305483e-01
1.448820682999999998e-01,9.583027623421783714e-01
1.448964292000000098e-01,9.582966049135734909e-01
1.449682127999999959e-01,9.582658186756030094e-01
1.450686501000000017e-01,9.582227204869799841e-01
1.450829925999999881e-01,9.582165638109870764e-01
1.451833503999999941e-01,9.581734690352101680e-01
1.451976815999999892e-01,9.581673128835590525e-01
1.452406666000000124e-01,9.581488447583088597e-01
1.452836389999999922e-01,9.581303771440863315e-01
1.453552312999999985e-01,9.580995991610093965e-01
1.454124797000000135e-01,9.580749777198562800e-01
1.454697057000000071e-01,9.580503573704198805e-01
1.455412064000000116e-01,9.580195832338427309e-01
1.456269609999999992e-01,9.579826562974349535e-01
1.456555347000000056e-01,9.579703477225676167e-01
1.456983846000000082e-01,9.579518854153884488e-01
1.457554983000000082e-01,9.579272699069106833e-01
1.457983189000000013e-01,9.579088088945834079e-01
1.458696586000000073e-01,9.578780416627105110e-01
1.458839222999999963e-01,9.578718884624045637e-01
1.459694756000000093e-01,9.578349701971249353e-01
1.459837296000000006e-01,9.578288173496990465e-01
1.459979821999999872e-01,9.578226646441722059e-01
1.460407317000000094e-01,9.578042066597032278e-01
1.460834685999999882e-01,9.577857492336528944e-01
1.462542916000000026e-01,9.577119251112049536e-01
1.462685177999999975e-01,9.577057735028312591e-01
1.464391248999999950e-01,9.576319588074240219e-01
1.464817456999999989e-01,9.576135065080331188e-01
1.465527527000000108e-01,9.575827538159489283e-01
1.465669498999999931e-01,9.575766034799787496e-01
1.466095335000000000e-01,9.575581527826808603e-01
1.468789426999999870e-01,9.574413111535180487e-01
1.468931083999999998e-01,9.574351621546074442e-01
1.469072727999999883e-01,9.574290132401765963e-01
1.469355974999999870e-01,9.574167156843607085e-01
1.469497577999999971e-01,9.574105669483771175e-01
1.470063852999999865e-01,9.573859727082683069e-01
1.470205387000000086e-01,9.573798242257262059e-01
1.470629908999999957e-01,9.573613793642502534e-01
1.471054309000000004e-01,9.573429350415751937e-01
1.471337174000000025e-01,9.573306391091309653e-01
1.471619985000000019e-01,9.573183433858644120e-01
1.472326774000000116e-01,9.572876053409730135e-01
1.472468090999999868e-01,9.572814578420338893e-01
1.472891960999999916e-01,9.572630158372467113e-01
1.473598140000000056e-01,9.572322804528758944e-01
1.473880516999999946e-01,9.572199867055344313e-01
1.474445108999999920e-01,9.571953999678367575e-01
1.475714650000000128e-01,9.571400833023815391e-01
1.475855641999999912e-01,9.571339372145104551e-01
1.476278540000000028e-01,9.571154996699156037e-01
1.476983098999999910e-01,9.570847714352719304e-01
1.477405673999999947e-01,9.570663352800380386e-01
1.477828127999999963e-01,9.570478997035468671e-01
1.477968919000000048e-01,9.570417545669724912e-01
1.478391212000000066e-01,9.570233196303244982e-01
1.478954080999999865e-01,9.569987406252116191e-01
1.479657366999999890e-01,9.569680182272447544e-01
1.480219755000000137e-01,9.569434413571602516e-01
1.480360319000000036e-01,9.569372973177625585e-01
1.481343890000000052e-01,9.568942905345886318e-01
1.481484346999999979e-01,9.568881469112439087e-01
1.482467172999999971e-01,9.568451435517604242e-01
1.482888185000000025e-01,9.568267145220741288e-01
1.483449347999999945e-01,9.568021431509819985e-01
1.483729850000000128e-01,9.567898579068381260e-01
1.484711190000000125e-01,9.567468613205776240e-01
1.485131564999999931e-01,9.567284350736241505e-01
1.485831927000000052e-01,9.566977259312545723e-01
1.486391978999999919e-01,9.566731596581452557e-01
1.487091747000000019e-01,9.566424532663938551e-01
1.487511448999999930e-01,9.566240301208543961e-01
1.488070868999999963e-01,9.565994667923034545e-01
1.489049347999999995e-01,9.565564833559382363e-01
1.489189077999999999e-01,9.565503430412448660e-01
1.489328795000000039e-01,9.565442028670758656e-01
1.489747867000000003e-01,9.565257826740918290e-01
1.490306446999999923e-01,9.565012231679105303e-01
1.490446059999999961e-01,9.564950834519642120e-01
1.490864818000000036e-01,9.564766646743242395e-01
1.491422980000000065e-01,9.564521071187980228e-01
1.492538676999999869e-01,9.564029949620443949e-01
1.492678081000000101e-01,9.563968562398543760e-01
1.494071399999999938e-01,9.563354719641431467e-01
1.494210660999999996e-01,9.563293339158790429e-01
1.496019868000000030e-01,9.562495443234309001e-01
1.496298013000000038e-01,9.562372698636322221e-01
1.496437066000000093e-01,9.562311327112905657e-01
1.496854149000000078e-01,9.562127217435594240e-01
1.497132139000000028e-01,9.562004480341730339e-01
1.497549028000000060e-01,9.561820379004554171e-01
1.497965800999999930e-01,9.561636283460512864e-01
1.498104698999999929e-01,9.561574920186368676e-01
1.499354206000000078e-01,9.561022670968682968e-01
1.500186632999999936e-01,9.560654532192307542e-01
1.500325325999999904e-01,9.560593178383831603e-01
1.500464005999999906e-01,9.560531824269198342e-01
1.500879968999999925e-01,9.560347766431150918e-01
1.501295816999999866e-01,9.560163714062379636e-01
1.501434407999999998e-01,9.560102364630939098e-01
1.502681146000000023e-01,9.559550246094632442e-01
1.503096496000000115e-01,9.559366218268645632e-01
1.504203534000000120e-01,9.558875501522946516e-01
1.504618463000000073e-01,9.558691492626033570e-01
1.504756747999999866e-01,9.558630157904065561e-01
1.505171525000000010e-01,9.558446155802100552e-01
1.505309757999999942e-01,9.558384823369188155e-01
1.505862565999999958e-01,9.558139498592781447e-01
1.506000735999999951e-01,9.558078169439169214e-01
1.507105640999999996e-01,9.557587553635573663e-01
1.508071769000000062e-01,9.557158297259080726e-01
1.509175157000000045e-01,9.556667754811520865e-01
1.509588719999999940e-01,9.556483811035080267e-01
1.509726549000000029e-01,9.556422497949770278e-01
1.510139960999999920e-01,9.556238561002137200e-01
1.510415505999999908e-01,9.556115939911298263e-01
1.510828728999999981e-01,9.555932012351685545e-01
1.511517183999999958e-01,9.555625478516980298e-01
1.511792477999999995e-01,9.555502869944323407e-01
1.512618058999999904e-01,9.555135056576843366e-01
1.513030680999999933e-01,9.554951158189821658e-01
1.513718133999999993e-01,9.554644671759876529e-01
1.513993026999999880e-01,9.554522082558256635e-01
1.514542664999999899e-01,9.554276909723260491e-01
1.514680043999999948e-01,9.554215617559161933e-01
1.515229432000000098e-01,9.553970456688345436e-01
1.515778621999999964e-01,9.553725305962204040e-01
1.516190383000000086e-01,9.553541449201065072e-01
1.516327611999999936e-01,9.553480164853707102e-01
1.517836311999999910e-01,9.552806075194263391e-01
1.517973393000000004e-01,9.552744797893872875e-01
1.518384559000000023e-01,9.552560970466177359e-01
1.519069588999999998e-01,9.552254602465264366e-01
1.520164995000000130e-01,9.551764444221836348e-01
1.520301864999999975e-01,9.551703178124831828e-01
1.520712402000000130e-01,9.551519380875780341e-01
1.522353442000000112e-01,9.550784244772070330e-01
1.522490115000000033e-01,9.550722987634790995e-01
1.522900061999999943e-01,9.550539218785345508e-01
1.523309898000000107e-01,9.550355456508149432e-01
1.523583061999999877e-01,9.550232950392044673e-01
1.523992714000000082e-01,9.550049196295583576e-01
1.524402256999999872e-01,9.549865448140142377e-01
1.524538746999999916e-01,9.549804199686199313e-01
1.525766605999999970e-01,9.549252991322135786e-01
1.526175671999999983e-01,9.549069266415224355e-01
1.526857206999999994e-01,9.548763069850433327e-01
1.527674646000000136e-01,9.548395653424731622e-01
1.528899987000000016e-01,9.547844570285675125e-01
1.529036075000000106e-01,9.547783341926586731e-01
1.529308215000000082e-01,9.547660886658159152e-01
1.529988354000000050e-01,9.547354759322881357e-01
1.530124344999999886e-01,9.547293535630128059e-01
1.530532246999999901e-01,9.547109868508317776e-01
1.531211842000000101e-01,9.546803768405592860e-01
1.531483596000000058e-01,9.546681331370340251e-01
1.532162769000000035e-01,9.546375253160420682e-01
1.532705890999999931e-01,9.546130400114453129e-01
1.533113106000000003e-01,9.545946766719448640e-01
1.533384523000000110e-01,9.545824347600931903e-01
1.533655891000000049e-01,9.545701930796125501e-01
1.533791557999999999e-01,9.545640723905600700e-01
1.534334102999999894e-01,9.545395899356763358e-01
1.534876456000000000e-01,9.545151085902978672e-01
1.535554128999999934e-01,9.544845081601901482e-01
1.535825114000000102e-01,9.544722683859249157e-01
1.535960588999999987e-01,9.544661485892107500e-01
1.536366940999999986e-01,9.544477896720564569e-01
1.536637782999999979e-01,9.544355506582526960e-01
1.537991277000000101e-01,9.543743590875752858e-01
1.538667576999999953e-01,9.543437656299327276e-01
1.538802801999999970e-01,9.543376470458504457e-01
1.539208404000000086e-01,9.543192918103180489e-01
1.539613898999999952e-01,9.543009371558864862e-01
1.540289487000000013e-01,9.542703473289012583e-01
1.540964779000000007e-01,9.542397589393381008e-01
1.541909690000000110e-01,9.541969376527246194e-01
1.542044630999999943e-01,9.541908205504990859e-01
1.542314475000000074e-01,9.541785865417516943e-01
1.542449379999999981e-01,9.541724697020503854e-01
1.543123727000000056e-01,9.541418860899769649e-01
1.543528192999999993e-01,9.541235366486120473e-01
1.544067316999999939e-01,9.540990715702352132e-01
1.544471535999999978e-01,9.540807234477166610e-01
1.544606252999999874e-01,9.540746074300748836e-01
1.545144999999999991e-01,9.540501442603944726e-01
1.545683559999999901e-01,9.540256821248580543e-01
1.546356496000000080e-01,9.539951057242173071e-01
1.546760118000000128e-01,9.539767605648958870e-01
1.548239160999999864e-01,9.539094998438355510e-01
1.548910987000000072e-01,9.538789291308215068e-01
1.549448237999999922e-01,9.538544737184985189e-01
1.549582522000000073e-01,9.538483599701278459e-01
1.550387978999999972e-01,9.538116789696098330e-01
1.550522180999999999e-01,9.538055656237642843e-01
1.550924717999999924e-01,9.537872260807918057e-01
1.551595380999999940e-01,9.537566613895155365e-01
1.552533822999999924e-01,9.537138734153365327e-01
1.552801845000000014e-01,9.537016487891776251e-01
1.553605633000000041e-01,9.536649763417227588e-01
1.553739557000000104e-01,9.536588645414002530e-01
1.554810536000000021e-01,9.536099717678597765e-01
1.555211962999999975e-01,9.535916380726308095e-01
1.555345749000000000e-01,9.535855269019843927e-01
1.556014505999999964e-01,9.535549720487831449e-01
1.556415623000000081e-01,9.535366399851058494e-01
1.556950283999999907e-01,9.535121979195647635e-01
1.557885499999999979e-01,9.534694266089744907e-01
1.558152600999999915e-01,9.534572067938668072e-01
1.558553166999999962e-01,9.534388775713061870e-01
1.558953630000000090e-01,9.534205488450721022e-01
1.560154403000000023e-01,9.533655658657201881e-01
1.560287764999999938e-01,9.533594569573810018e-01
1.561220982000000035e-01,9.533166962724205495e-01
1.561354252999999914e-01,9.533105877772053427e-01
1.561620760999999913e-01,9.532983710675163591e-01
1.561753998000000032e-01,9.532922628180882096e-01
1.562153639999999954e-01,9.532739383494537311e-01
1.562819484000000092e-01,9.532433988632662558e-01
1.563751188999999986e-01,9.532006461781473705e-01
1.563884245000000117e-01,9.531945388046005885e-01
1.564416352999999926e-01,9.531701102787637492e-01
1.564549352000000060e-01,9.531640032102921545e-01
1.566542979999999974e-01,9.530724054822083957e-01
1.567472471999999950e-01,9.530296643459111872e-01
1.567605212000000026e-01,9.530235587654454221e-01
1.567737939999999941e-01,9.530174531793798032e-01
1.568666723999999901e-01,9.529747159718189309e-01
1.568799361999999864e-01,9.529686109197605948e-01
1.569197210000000120e-01,9.529502959990427957e-01
1.569594957999999874e-01,9.529319816581396374e-01
1.570125131000000007e-01,9.529075633426481451e-01
1.570787596000000064e-01,9.528770418951253429e-01
1.570920054999999926e-01,9.528709377131646674e-01
1.571317365999999882e-01,9.528526257127845067e-01
1.571979329000000036e-01,9.528221069349706029e-01
1.572376372000000022e-01,9.528037962664872573e-01
1.572905608000000066e-01,9.527793830374983175e-01
1.573434665000000010e-01,9.527549707698294013e-01
1.573963545000000019e-01,9.527305593263569738e-01
1.574095736999999995e-01,9.527244567390236174e-01
1.574360087999999991e-01,9.527122514716789281e-01
1.574888657000000081e-01,9.526878418251750746e-01
1.575549119000000109e-01,9.526573310992615395e-01
1.575945263000000096e-01,9.526390253803421748e-01
1.576473301000000105e-01,9.526146186267665517e-01
1.577265025000000043e-01,9.525780102421940176e-01
1.577660738999999979e-01,9.525597067336362134e-01
1.578320039999999980e-01,9.525292023478768577e-01
1.578715488999999916e-01,9.525109003596807788e-01
1.579242600000000107e-01,9.524864986357520769e-01
1.579374350999999954e-01,9.524803982777636513e-01
1.580296294999999906e-01,9.524376979522447551e-01
1.580427957999999966e-01,9.524315981407623921e-01
1.580822879000000070e-01,9.524132990823939160e-01
1.581480862999999903e-01,9.523828018054973921e-01
1.583453172000000020e-01,9.522913189471713391e-01
1.583978706999999986e-01,9.522669258599549824e-01
1.584372742999999861e-01,9.522486315676185198e-01
1.585029253000000138e-01,9.522181423364171060e-01
1.586734907000000028e-01,9.521388774827690415e-01
1.586997152000000078e-01,9.521266837419340989e-01
1.587128258999999930e-01,9.521205869467317395e-01
1.587521514000000133e-01,9.521022970585544254e-01
1.587652576999999954e-01,9.520962005283819529e-01
1.587783628999999974e-01,9.520901040604042853e-01
1.588700692999999997e-01,9.520474305355119959e-01
1.588831659000000118e-01,9.520413345638016889e-01
1.589093558999999933e-01,9.520291426974248905e-01
1.589748119000000126e-01,9.519986643668545412e-01
1.589878999000000070e-01,9.519925687624659627e-01
1.590925649000000108e-01,9.519438068451191448e-01
1.591187202999999883e-01,9.519316170515503828e-01
1.591317965000000056e-01,9.519255221873210715e-01
1.591710184000000028e-01,9.519072380580541060e-01
1.591840902999999974e-01,9.519011433476399775e-01
1.592363669000000093e-01,9.518767656065171279e-01
1.593016885000000105e-01,9.518462946364227850e-01
1.593278096999999893e-01,9.518341066348120494e-01
1.593408685999999908e-01,9.518280127455798212e-01
1.594453019000000027e-01,9.517792637850974735e-01
1.594974929000000097e-01,9.517548906866963865e-01
1.595887860999999908e-01,9.517122401358036887e-01
1.596018237000000062e-01,9.517061473774884872e-01
1.596148602000000138e-01,9.517000547309620861e-01
1.596539634999999957e-01,9.516817772521269925e-01
1.597191142999999924e-01,9.516513158229908953e-01
1.597581921000000016e-01,9.516330397830801147e-01
1.598102808999999902e-01,9.516086724342558423e-01
1.599144076000000025e-01,9.515599405992545279e-01
1.599534375999999980e-01,9.515416671868853760e-01
1.600054629000000062e-01,9.515173034603539026e-01
1.600314690999999900e-01,9.515051219706995855e-01
1.601224578000000065e-01,9.514624884685436434e-01
1.601744281999999964e-01,9.514381278889173510e-01
1.602393673999999990e-01,9.514076784260058206e-01
1.602783183000000000e-01,9.513894094253045886e-01
1.603172596999999922e-01,9.513711411105028048e-01
1.603432153999999887e-01,9.513589623750462465e-01
1.604210574000000111e-01,9.513224279882609435e-01
1.604340273000000039e-01,9.513163390454694168e-01
1.605766279999999990e-01,9.512493653529993098e-01
1.605895854000000122e-01,9.512432772021631733e-01
1.606414046000000095e-01,9.512189251597624740e-01
1.606932071000000128e-01,9.511945740985844333e-01
1.607320479999999885e-01,9.511763114093091387e-01
1.607838212999999905e-01,9.511519619528200353e-01
1.608485145000000116e-01,9.511215266198990159e-01
1.608614499999999892e-01,9.511154397268786198e-01
1.609002502999999917e-01,9.510971792643393430e-01
1.609390411999999937e-01,9.510789194720823403e-01
1.609907479999999891e-01,9.510545739737806814e-01
1.610036719999999866e-01,9.510484876704936585e-01
1.611586801999999874e-01,9.509754574127039506e-01
1.611715907999999864e-01,9.509693719400158507e-01
1.612103165000000060e-01,9.509511158154072552e-01
1.612748385999999978e-01,9.509206902504458991e-01
1.613135394000000111e-01,9.509024356282974599e-01
1.613651261000000059e-01,9.508780970088148710e-01
1.614038053999999889e-01,9.508598435852254616e-01
1.614811359999999973e-01,9.508233384503885777e-01
1.615197874000000033e-01,9.508050866358571662e-01
1.615584295999999975e-01,9.507868353639548076e-01
1.615713082999999939e-01,9.507807517747457471e-01
1.615841859000000102e-01,9.507746681768500796e-01
1.616228127000000070e-01,9.507564179779685043e-01
1.616614302999999919e-01,9.507381681072507584e-01
1.616871702000000077e-01,9.507260018498399079e-01
1.617900888999999898e-01,9.506773393437296660e-01
1.618158083000000025e-01,9.506651742458781529e-01
1.619314953000000057e-01,9.506104345801831279e-01
1.619700393000000072e-01,9.505921889933725000e-01
1.619828852000000097e-01,9.505861073433840014e-01
1.620342587999999973e-01,9.505617811300022257e-01
1.621369571999999870e-01,9.505131314155658151e-01
1.622011106000000036e-01,9.504827273027600665e-01
1.622908828999999886e-01,9.504401640957816921e-01
1.623934189000000028e-01,9.503915239046105690e-01
1.624062313999999896e-01,9.503854441314382173e-01
1.624318533000000120e-01,9.503732848766881514e-01
1.624446626999999921e-01,9.503672052929073022e-01
1.624830848999999910e-01,9.503489668915529043e-01
1.625854998000000051e-01,9.503003339795094151e-01
1.625982971000000110e-01,9.502942550950193024e-01
1.626110933999999897e-01,9.502881763189116038e-01
1.627006394000000133e-01,9.502456263722014462e-01
1.627134276999999962e-01,9.502395481497762919e-01
1.628156977000000116e-01,9.501909236720283980e-01
1.628540323000000067e-01,9.501726905639837906e-01
1.628923579999999871e-01,9.501544578873188929e-01
1.629562139999999881e-01,9.501240713035369323e-01
1.630072808999999956e-01,9.500997631980133695e-01
1.630455704999999866e-01,9.500815326732336974e-01
1.630583317000000032e-01,9.500754559346813455e-01
1.631603855000000047e-01,9.500268443964724474e-01
1.631986391999999952e-01,9.500086161060116163e-01
1.632113883999999904e-01,9.500025401729824681e-01
1.632496301999999955e-01,9.499843125680034195e-01
1.633006053000000124e-01,9.499600098677994930e-01
1.633133465000000117e-01,9.499539343027619820e-01
1.633260867999999921e-01,9.499478588604457485e-01
1.633643016999999920e-01,9.499296328535593581e-01
1.634025077000000048e-01,9.499114074056848045e-01
1.634279734000000095e-01,9.498992572992468464e-01
1.634661645000000108e-01,9.498810326825727346e-01
1.635170720000000133e-01,9.498567340738540699e-01
1.636315560999999918e-01,9.498020656079276813e-01
1.636569861999999931e-01,9.497899178513359297e-01
1.636696997000000042e-01,9.497838439565632340e-01
1.637332525999999899e-01,9.497534755194956269e-01
1.637713725000000120e-01,9.497352552379721979e-01
1.638221851999999978e-01,9.497109624077109125e-01
1.638602844000000003e-01,9.496927432990349693e-01
1.639364561999999970e-01,9.496563067993855078e-01
1.640125926999999872e-01,9.496198724691321535e-01
1.640379637000000113e-01,9.496077281185250074e-01
1.640760126999999957e-01,9.495895119987107780e-01
1.641140530000000097e-01,9.495712965199870625e-01
1.641267311000000062e-01,9.495652248187557154e-01
1.642154506999999874e-01,9.495227245361778090e-01
1.642281210000000047e-01,9.495166533881226334e-01
1.642661260000000123e-01,9.494984400142794101e-01
1.642787924000000122e-01,9.494923689576852954e-01
1.644307130000000061e-01,9.494195216501686296e-01
1.644433667000000099e-01,9.494134513590316571e-01
1.644686711999999995e-01,9.494013111517397574e-01
1.645319154999999867e-01,9.493709615534910995e-01
1.645445614000000112e-01,9.493648917118896469e-01
1.646456939000000008e-01,9.493163358902003690e-01
1.646709672999999985e-01,9.493041975046988545e-01
1.647341338999999960e-01,9.492738527662829551e-01
1.647846497000000077e-01,9.492495778728097244e-01
1.648351500999999941e-01,9.492253039341125298e-01
1.648477727999999864e-01,9.492192356635850148e-01
1.650243888000000048e-01,9.491342854855847611e-01
1.650748157999999965e-01,9.491100159930125901e-01
1.651378279000000060e-01,9.490796806757478832e-01
1.651504273999999939e-01,9.490736138089986840e-01
1.652260043999999872e-01,9.490372136681319848e-01
1.652385972000000036e-01,9.490311472837680284e-01
1.652511891000000011e-01,9.490250808113021019e-01
1.652889589000000048e-01,9.490068819029889857e-01
1.653267200000000103e-01,9.489886835578265067e-01
1.653393052000000085e-01,9.489826175808110387e-01
1.653518894000000072e-01,9.489765515798996853e-01
1.654399518000000124e-01,9.489340917092338179e-01
1.654902521999999931e-01,9.489098300791495300e-01
1.655531061999999942e-01,9.488795045959916852e-01
1.656787426000000119e-01,9.488188578915528471e-01
1.656913010000000130e-01,9.488127936287611419e-01
1.657540787000000015e-01,9.487824727934752733e-01
1.657917338999999879e-01,9.487642809591574355e-01
1.658544735999999964e-01,9.487339625581904246e-01
1.658921060999999919e-01,9.487157721769448049e-01
1.659422694000000087e-01,9.486915192019821363e-01
1.660425504999999968e-01,9.486430161663867988e-01
1.660550813999999986e-01,9.486369534760867861e-01
1.660801403000000120e-01,9.486248284563851829e-01
1.661302469000000004e-01,9.486005790715049679e-01
1.661928588000000095e-01,9.485702685931026723e-01
1.662429313000000075e-01,9.485460214069314500e-01
1.662554471000000089e-01,9.485399598055715975e-01
1.663430311999999911e-01,9.484975296970756808e-01
1.663930586000000045e-01,9.484732852375762358e-01
1.664305691999999892e-01,9.484551026775147609e-01
1.664555715999999908e-01,9.484429811451589032e-01
1.664805702999999915e-01,9.484308598535077239e-01
1.664930682000000106e-01,9.484247993988825787e-01
1.665305562999999933e-01,9.484066180244484778e-01
1.666429701000000096e-01,9.483520774103971762e-01
1.666804245000000073e-01,9.483338983605800188e-01
1.667553079999999910e-01,9.482975417566081866e-01
1.668426296999999947e-01,9.482551283615995308e-01
1.669423700000000066e-01,9.482066593584878023e-01
1.669548332999999940e-01,9.482006010326130552e-01
1.669922178000000090e-01,9.481824263818556808e-01
1.670420506999999999e-01,9.481581943413098790e-01
1.670918687999999874e-01,9.481339632264386141e-01
1.671416719999999911e-01,9.481097330402665779e-01
1.671541205000000030e-01,9.481036756243940156e-01
1.672536749999999905e-01,9.480552185641912821e-01
1.672785544000000013e-01,9.480431049990075687e-01
1.672909925999999936e-01,9.480370482122290055e-01
1.673283020000000121e-01,9.480188783494349902e-01
1.673531702999999926e-01,9.480067653635529945e-01
1.673904657999999990e-01,9.479885964654422015e-01
1.674277529000000042e-01,9.479704278592656630e-01
1.674401801000000023e-01,9.479643719076670250e-01
1.674774562999999938e-01,9.479462041776270942e-01
1.675519836000000096e-01,9.479098702137178645e-01
1.675892347999999865e-01,9.478917041683432299e-01
1.676885310000000018e-01,9.478432637253229043e-01
1.677257518999999975e-01,9.478250995533477052e-01
1.677381571000000071e-01,9.478190449847577748e-01
1.678497620000000135e-01,9.477645561489779213e-01
1.678745530000000097e-01,9.477524481353787333e-01
1.678869471999999974e-01,9.477463942808941333e-01
1.679489041999999988e-01,9.477161255838012499e-01
1.679860673999999943e-01,9.476979652007619936e-01
1.680232224000000052e-01,9.476798052615842405e-01
1.680479877999999927e-01,9.476676989863572764e-01
1.680727495999999876e-01,9.476555929814070023e-01
1.681346381000000112e-01,9.476253286900702122e-01
1.682212436999999949e-01,9.475829614166438875e-01
1.682830775999999973e-01,9.475527008428640263e-01
1.683819645999999892e-01,9.475042869692739123e-01
1.684313863999999938e-01,9.474800814771701107e-01
1.685178394999999885e-01,9.474377241299287711e-01
1.685425322000000115e-01,9.474256224127002302e-01
1.685795646000000092e-01,9.474074705744806035e-01
1.686289283999999888e-01,9.473832687802180574e-01
1.686659417999999966e-01,9.473651181172565439e-01
1.687276127000000014e-01,9.473348682723209402e-01
1.687769332000000067e-01,9.473106693347580487e-01
1.688262392999999861e-01,9.472864713283183358e-01
1.688385635999999912e-01,9.472804220763652028e-01
1.689124902999999955e-01,9.472441272297428272e-01
1.689248083000000067e-01,9.472380782972169566e-01
1.690233197999999881e-01,9.471896891125055618e-01
1.690356296999999952e-01,9.471836407735571006e-01
1.690602468999999886e-01,9.471715441876281671e-01
1.690725540999999943e-01,9.471654958547408576e-01
1.691709795999999932e-01,9.471171123164840999e-01
1.692570549000000091e-01,9.470747799057659400e-01
1.692693477999999974e-01,9.470687325893775155e-01
1.693185104999999913e-01,9.470445442188584195e-01
1.693307990000000041e-01,9.470384971609564495e-01
1.693676590000000037e-01,9.470203566921232552e-01
1.694290743999999904e-01,9.469901236324000937e-01
1.695150186999999919e-01,9.469477997442392603e-01
1.696254544999999947e-01,9.468933877571608093e-01
1.696622505000000003e-01,9.468752514108945695e-01
1.696990385000000101e-01,9.468571156476919271e-01
1.697112993999999875e-01,9.468510704763057895e-01
1.697235594000000014e-01,9.468450254694189550e-01
1.697603340999999932e-01,9.468268905611832986e-01
1.697971007999999893e-01,9.468087561460667434e-01
1.698093545999999898e-01,9.468027115248635051e-01
1.698461106999999970e-01,9.467845779118596594e-01
1.699195991000000128e-01,9.467483123401226885e-01
1.700420092000000105e-01,9.466878741833544275e-01
1.700542452999999898e-01,9.466818308108722047e-01
1.701031812000000087e-01,9.466576574651860421e-01
1.701521028999999907e-01,9.466334849778472726e-01
1.702010106000000078e-01,9.466093136690589827e-01
1.702132353999999959e-01,9.466032708280246455e-01
1.702376821999999901e-01,9.465911855864155289e-01
1.703110016000000115e-01,9.465549313520169594e-01
1.703842895000000079e-01,9.465186792190116716e-01
1.703965010999999863e-01,9.465126373121514058e-01
1.704331305000000019e-01,9.464945122383178200e-01
1.704819576000000114e-01,9.464703462673313972e-01
1.705429717999999983e-01,9.464401401024150617e-01
1.706039642000000134e-01,9.464099353677873916e-01
1.706405491000000108e-01,9.463918132896927959e-01
1.706893168999999988e-01,9.463676513355187003e-01
1.707015065999999970e-01,9.463616110482572230e-01
1.707989933999999876e-01,9.463132903867157442e-01
1.708233563000000066e-01,9.463012107215674762e-01
1.708355364999999959e-01,9.462951711648537323e-01
1.708720719000000055e-01,9.462770523173151815e-01
1.708964245000000048e-01,9.462649735129360362e-01
1.709816312000000116e-01,9.462226993662627983e-01
1.710789583000000003e-01,9.461743896227470252e-01
1.710911203000000103e-01,9.461683510772169736e-01
1.712248452000000032e-01,9.461019320781126618e-01
1.712612974999999926e-01,9.460838190504893275e-01
1.713584657999999983e-01,9.460355201861988528e-01
1.713706078999999993e-01,9.460294830900316532e-01
1.713827491999999897e-01,9.460234460370280374e-01
1.714070292000000051e-01,9.460113720746363697e-01
1.714677142000000098e-01,9.459811883712854197e-01
1.714798486000000122e-01,9.459751517418006905e-01
1.715162467999999940e-01,9.459570424311644077e-01
1.715526370999999883e-01,9.459389336828196715e-01
1.716011457000000129e-01,9.459147893940127449e-01
1.716617619999999955e-01,9.458846104114086994e-01
1.716738827000000023e-01,9.458785748067577437e-01
1.717102396999999891e-01,9.458604682937294950e-01
1.717708175999999864e-01,9.458302919403837050e-01
1.717950427000000113e-01,9.458182219232883492e-01
1.718071539999999897e-01,9.458121868049182979e-01
1.719524231000000014e-01,9.457397718246584040e-01
1.719887211999999999e-01,9.457216693941281616e-01
1.720008188999999910e-01,9.457156353044070540e-01
1.720612944000000089e-01,9.456854661865421452e-01
1.721338370999999923e-01,9.456492649876808709e-01
1.721459244999999916e-01,9.456432315708090952e-01
1.721821818000000004e-01,9.456251320432627061e-01
1.722425937000000018e-01,9.455949672568149111e-01
1.723392086999999961e-01,9.455467066465126358e-01
1.723874958000000124e-01,9.455225776461928522e-01
1.724357695000000024e-01,9.454984497406874189e-01
1.724478358000000044e-01,9.454924178461295847e-01
1.725443358000000038e-01,9.454441652420422226e-01
1.725684523999999886e-01,9.454321027669480015e-01
1.725805093999999984e-01,9.454260714451290237e-01
1.726407819000000121e-01,9.453959163373972796e-01
1.726769353000000007e-01,9.453778240457469950e-01
1.727733073000000119e-01,9.453295804018660986e-01
1.728214731999999920e-01,9.453054600681275454e-01
1.728335125999999888e-01,9.452994300422338236e-01
1.729057311999999957e-01,9.452632515572850780e-01
1.729297972999999933e-01,9.452511925424608163e-01
1.730140025999999942e-01,9.452089876925938716e-01
1.730981668000000084e-01,9.451667859408394712e-01
1.731222062999999978e-01,9.451547287381119045e-01
1.731462423000000028e-01,9.451426718078738132e-01
1.731943045000000070e-01,9.451185587489618900e-01
1.732063179999999980e-01,9.451125305873967486e-01
1.732543633999999999e-01,9.450884187771931844e-01
1.733144016000000009e-01,9.450582800509629289e-01
1.733384109999999978e-01,9.450462250946656262e-01
1.733984199999999976e-01,9.450160886015608330e-01
1.734104193000000071e-01,9.450100615666031656e-01
1.734464122999999913e-01,9.449919805403611539e-01
1.734823977999999933e-01,9.449738998680010660e-01
1.735063840000000135e-01,9.449618466751279477e-01
1.735423570000000082e-01,9.449437670030775838e-01
1.735783226000000012e-01,9.449256878676630667e-01
1.735903095000000118e-01,9.449196617021927702e-01
1.736981541000000018e-01,9.448654281157133905e-01
1.737221104999999988e-01,9.448533769401467053e-01
1.737340874999999951e-01,9.448473513744891639e-01
1.738298734000000012e-01,9.447991491747310677e-01
1.738777465999999938e-01,9.447750494746239847e-01
1.739614929999999948e-01,9.447328772619359993e-01
1.739854131000000137e-01,9.447208287756503342e-01
1.740691075999999948e-01,9.446786603161461127e-01
1.741647092999999979e-01,9.446304713434070521e-01
1.741766557999999965e-01,9.446244479430924157e-01
1.742602584999999871e-01,9.445822860405266308e-01
1.742721985000000029e-01,9.445762631332487169e-01
1.742960759999999942e-01,9.445642175869292112e-01
1.743080134999999975e-01,9.445581948105363779e-01
1.743676888000000036e-01,9.445280822418675726e-01
1.744034841999999863e-01,9.445100153178666025e-01
1.744392723000000034e-01,9.444919490349493740e-01
1.745465922999999975e-01,9.444377529718505082e-01
1.745942689999999964e-01,9.444136675072467568e-01
1.746300178999999897e-01,9.443956039108626355e-01
1.746538464999999873e-01,9.443835619526389502e-01
1.746895831999999982e-01,9.443654991838696944e-01
1.748324572000000132e-01,9.442932539428944283e-01
1.748443581000000135e-01,9.442872339809601501e-01
1.748800558999999977e-01,9.442691741070413647e-01
1.749395360999999871e-01,9.442390754796075036e-01
1.750227742999999891e-01,9.441969400141332347e-01
1.750346623000000046e-01,9.441909208581916735e-01
1.751178553999999943e-01,9.441487888281823171e-01
1.751653764999999974e-01,9.441247145198502499e-01
1.752010089000000104e-01,9.441066594115498090e-01
1.752485075000000114e-01,9.440825868748481398e-01
1.752603801000000017e-01,9.440765687621017754e-01
1.753553322999999997e-01,9.440284269126736350e-01
1.754027891000000117e-01,9.440043573559543377e-01
1.754146513000000018e-01,9.439983402597449391e-01
1.754383733000000056e-01,9.439863059791331334e-01
1.754502330999999915e-01,9.439802888689773352e-01
1.754858076999999961e-01,9.439622380128342982e-01
1.755095200000000022e-01,9.439502044222681798e-01
1.755450826000000131e-01,9.439321544610016490e-01
1.756280337999999996e-01,9.438900399932576013e-01
1.756872607999999947e-01,9.438599600210642038e-01
1.756991036999999978e-01,9.438539441801432339e-01
1.757346278999999956e-01,9.438358970945204263e-01
1.757701449000000082e-01,9.438178504197750618e-01
1.758648217999999874e-01,9.437697288374397031e-01
1.758766529000000134e-01,9.437637137185119762e-01
1.759830964000000109e-01,9.437095818706888739e-01
1.760067416999999967e-01,9.436975532008377021e-01
1.760185632000000056e-01,9.436915390721953845e-01
1.760776588000000087e-01,9.436614687274439417e-01
1.761131066000000134e-01,9.436434272661117229e-01
1.761485473000000135e-01,9.436253863646153484e-01
1.761603593000000134e-01,9.436193727363210160e-01
1.761957903999999964e-01,9.436013325232739390e-01
1.762075992000000091e-01,9.435953192413882862e-01
1.762548265999999975e-01,9.435712665997523230e-01
1.762666314000000123e-01,9.435652536054981443e-01
1.763610418000000069e-01,9.435171516206515285e-01
1.763964326999999943e-01,9.434991145258678769e-01
1.764436094000000066e-01,9.434750656614006026e-01
1.765261384000000044e-01,9.434329823015289440e-01
1.765379252000000010e-01,9.434269707160523044e-01
1.765732805999999933e-01,9.434089360151712844e-01
1.766204101000000137e-01,9.433848908694466573e-01
1.766321905000000081e-01,9.433788796529202214e-01
1.766793043000000063e-01,9.433548353834966260e-01
1.767617233000000065e-01,9.433127604756805784e-01
1.768323376000000002e-01,9.432766984618643491e-01
1.768676341000000041e-01,9.432586683362047530e-01
1.769264459999999872e-01,9.432286190949823457e-01
1.769969946000000127e-01,9.431925619980333630e-01
1.770087499000000120e-01,9.431865526833806967e-01
1.771027646999999983e-01,9.431384803757546509e-01
1.771145130000000012e-01,9.431324715485093213e-01
1.771380073000000110e-01,9.431204542361316667e-01
1.771497532999999902e-01,9.431144455591884412e-01
1.772436933000000048e-01,9.430663790080754394e-01
1.773258498999999988e-01,9.430243236645207139e-01
1.773845098999999870e-01,9.429942858956380514e-01
1.774314240000000042e-01,9.429702568357851700e-01
1.774783255999999865e-01,9.429462286121381709e-01
1.774900490999999914e-01,9.429402217522877550e-01
1.775252149000000057e-01,9.429222014994631529e-01
1.775720916999999899e-01,9.428981750002430884e-01
1.775838090000000091e-01,9.428921687654362449e-01
1.776658084000000137e-01,9.428501253246660552e-01
1.776775194999999918e-01,9.428441194077681331e-01
1.777126481000000091e-01,9.428261017205572525e-01
1.777477698999999911e-01,9.428080848258754143e-01
1.777711804999999867e-01,9.427960738724574519e-01
1.778881874999999890e-01,9.427360220119859191e-01
1.778998838999999998e-01,9.427300172398082045e-01
1.779583546999999877e-01,9.426999938730346029e-01
1.780518680000000020e-01,9.426519596554139291e-01
1.780869227999999915e-01,9.426339477718044257e-01
1.781219708000000013e-01,9.426159363417072612e-01
1.781336518999999952e-01,9.426099326303368775e-01
1.782153982000000136e-01,9.425679086287579445e-01
1.782270732000000024e-01,9.425619053933435021e-01
1.783321136999999890e-01,9.425078791062069250e-01
1.784137691000000081e-01,9.424658620031856060e-01
1.784254311000000037e-01,9.424598599002114163e-01
1.784487527999999990e-01,9.424478557233106901e-01
1.786119197000000103e-01,9.423638326015068012e-01
1.786468646000000104e-01,9.423458291783328722e-01
1.786934471999999940e-01,9.423218253266201216e-01
1.787400177000000034e-01,9.422978223599759451e-01
1.787865760000000026e-01,9.422738205765893715e-01
1.788214868000000124e-01,9.422558196621061422e-01
1.788331221999999998e-01,9.422498195597508452e-01
1.788680239000000061e-01,9.422318193427127175e-01
1.788912879000000011e-01,9.422198196528899228e-01
1.789261782999999884e-01,9.422018203794380042e-01
1.789610618999999958e-01,9.421838216545252997e-01
1.790772912999999966e-01,9.421238297172606080e-01
1.791121454000000057e-01,9.421058333745190305e-01
1.791469927999999878e-01,9.420878374409159539e-01
1.791586071000000058e-01,9.420818390632085260e-01
1.792050565999999956e-01,9.420578454969787963e-01
1.792398859000000066e-01,9.420398509910421492e-01
1.793559346999999971e-01,9.419798731434895211e-01
1.793791354000000005e-01,9.419678783406392197e-01
1.794487197000000089e-01,9.419318951086091962e-01
1.794835016999999922e-01,9.419139042503646975e-01
1.795182768999999956e-01,9.418959141360485621e-01
1.795298671999999984e-01,9.418899174009198738e-01
1.795646334000000066e-01,9.418719278723728383e-01
1.796225623000000104e-01,9.418419464654457229e-01
1.796341458000000058e-01,9.418359502991162646e-01
1.796688918999999884e-01,9.418179623210051199e-01
1.797036312999999996e-01,9.417999747905333452e-01
1.797267871000000072e-01,9.417879834087115043e-01
1.797615153000000077e-01,9.417699968694079882e-01
1.798078092000000017e-01,9.417460155890025053e-01
1.799119267000000022e-01,9.416920610008691073e-01
1.799350557000000128e-01,9.416800718175191154e-01
1.799928654000000072e-01,9.416500996899146436e-01
1.800044251000000040e-01,9.416441054217354889e-01
1.800390997000000104e-01,9.416261231149604116e-01
1.800853221000000004e-01,9.416021475131836072e-01
1.800968759000000086e-01,9.415961537210754129e-01
1.801199812000000011e-01,9.415841663313763155e-01
1.801777314999999935e-01,9.415541988559957831e-01
1.802585508000000003e-01,9.415122470441891211e-01
1.803162567000000105e-01,9.414822829994146103e-01
1.803508714000000013e-01,9.414643053220094204e-01
1.803624081000000101e-01,9.414583128804844270e-01
1.804546756000000030e-01,9.414103756853762217e-01
1.805007915999999879e-01,9.413864083269228855e-01
1.805584201000000055e-01,9.413564505832463514e-01
1.805929883000000069e-01,9.413384766753010169e-01
1.806275499999999978e-01,9.413205033000691113e-01
1.806390690000000132e-01,9.413145122143813381e-01
1.806736218999999977e-01,9.412965395585608519e-01
1.807196819999999926e-01,9.412725766673349925e-01
1.807427077000000049e-01,9.412605956430122323e-01
1.807772407000000081e-01,9.412426244069364012e-01
1.808232744999999919e-01,9.412186637887538510e-01
1.808347811000000083e-01,9.412126738440296236e-01
1.809153068000000086e-01,9.411707452097852755e-01
1.810072923999999917e-01,9.411228302205579821e-01
1.810532676999999924e-01,9.410988742145371955e-01
1.810877415000000101e-01,9.410809079064538230e-01
1.811796394999999893e-01,9.410330000255932026e-01
1.812255711000000102e-01,9.410090474371886060e-01
1.812370520999999901e-01,9.410030595852579838e-01
1.812829690999999965e-01,9.409791081202586449e-01
1.813288744999999869e-01,9.409551577746825268e-01
1.814665209000000112e-01,9.408833121297440760e-01
1.815582272000000053e-01,9.408354196691491866e-01
1.815696871999999962e-01,9.408294333952831323e-01
1.816040630000000100e-01,9.408114748598001009e-01
1.816498871999999987e-01,9.407875308904980471e-01
1.816613414000000093e-01,9.407815451562742126e-01
1.816956999000000073e-01,9.407635879704745463e-01
1.817415009999999997e-01,9.407396461132074839e-01
1.817529494000000023e-01,9.407336605440623778e-01
1.817758442000000085e-01,9.407216901039326951e-01
1.818445113000000113e-01,9.406857799032152245e-01
1.818788350999999970e-01,9.406678255828798685e-01
1.819360270000000002e-01,9.406379028844035206e-01
1.819588987999999907e-01,9.406259341835540022e-01
1.819703336000000060e-01,9.406199499849144940e-01
1.821074950999999886e-01,9.405481436490019664e-01
1.821189206000000116e-01,9.405421600848189456e-01
1.821417693999999865e-01,9.405301933357462785e-01
1.821874582999999936e-01,9.405062603076406180e-01
1.822102985000000064e-01,9.404942942923334437e-01
1.822902165999999990e-01,9.404524147944182122e-01
1.823244565000000095e-01,9.404344671871894823e-01
1.823815087000000001e-01,9.404045558917948355e-01
1.824613518000000045e-01,9.403626826255981896e-01
1.824841577000000103e-01,9.403507194020764848e-01
1.825183612000000066e-01,9.403327747621286203e-01
1.825639559999999995e-01,9.403088496290521459e-01
1.825753528999999875e-01,9.403028684252001668e-01
1.826551111999999977e-01,9.402610020238860722e-01
1.826892827000000108e-01,9.402430600932304428e-01
1.827006717999999919e-01,9.402370796846799550e-01
1.827576066000000110e-01,9.402071778571886584e-01
1.828372853999999936e-01,9.401653180251087205e-01
1.828714228999999969e-01,9.401473788461097714e-01
1.829396786999999969e-01,9.401115024506380147e-01
1.829737969999999936e-01,9.400935648158805780e-01
1.830647481999999882e-01,9.400457341163641622e-01
1.832010903000000079e-01,9.399739948624132868e-01
1.832124475999999946e-01,9.399680169493079829e-01
1.832351600000000080e-01,9.399560614622625154e-01
1.832465151999999875e-01,9.399500835640919316e-01
1.832805764000000059e-01,9.399321509323029789e-01
1.833373309999999923e-01,9.399022639850235228e-01
1.833713754000000085e-01,9.398843326671429965e-01
1.833827221000000063e-01,9.398783556486179913e-01
1.833940681000000017e-01,9.398723787056690870e-01
1.834734705999999937e-01,9.398305415792500561e-01
1.834848109999999977e-01,9.398245652242079862e-01
1.835188279999999950e-01,9.398066360748705828e-01
1.835755089999999978e-01,9.397767554584510741e-01
1.835981764999999877e-01,9.397648035090886420e-01
1.836095091999999929e-01,9.397588277999365802e-01
1.836435030999999940e-01,9.397409006113529584e-01
1.836548329999999896e-01,9.397349248705938463e-01
1.837001456000000033e-01,9.397110230461518388e-01
1.837567706999999884e-01,9.396811469912363934e-01
1.837794158000000122e-01,9.396691971022583800e-01
1.837907373000000066e-01,9.396632221694044551e-01
1.838812844000000113e-01,9.396154248655694818e-01
1.840057139000000064e-01,9.395497099008085495e-01
1.840283283999999964e-01,9.395377622760718861e-01
1.840961552000000001e-01,9.395019215083624253e-01
1.841074572999999992e-01,9.394959481865303719e-01
1.841187585999999876e-01,9.394899750201922695e-01
1.841526585000000105e-01,9.394720556114607435e-01
1.842881956999999904e-01,9.394003835333707420e-01
1.843220644000000130e-01,9.393824668946068046e-01
1.843672131000000103e-01,9.393585787235021467e-01
1.844687570000000110e-01,9.393048338445970646e-01
1.845025925999999872e-01,9.392869199474709330e-01
1.845138698000000077e-01,9.392809488928922645e-01
1.845589715000000020e-01,9.392570646582913962e-01
1.845702452000000104e-01,9.392510937534426230e-01
1.846378728999999996e-01,9.392152694763865606e-01
1.846604099999999971e-01,9.392033286427218242e-01
1.847280048000000119e-01,9.391675073018145303e-01
1.848293504999999892e-01,9.391137791322261563e-01
1.848406076999999925e-01,9.391078097188865215e-01
1.848631201000000002e-01,9.390958709172195773e-01
1.849643917999999887e-01,9.390421492062207554e-01
1.849981367000000099e-01,9.390242427719095453e-01
1.850206299000000110e-01,9.390123056089848541e-01
1.850431204000000107e-01,9.390003687990710057e-01
1.850993345999999984e-01,9.389705272893017485e-01
1.851442936999999900e-01,9.389466553372881608e-01
1.852004771000000105e-01,9.389168164775357761e-01
1.852229458000000106e-01,9.389048815533305170e-01
1.852341791000000071e-01,9.388989139953071161e-01
1.852791054000000048e-01,9.388750447181702929e-01
1.853801499000000130e-01,9.388213422886706461e-01
1.854474822000000134e-01,9.387855431894244207e-01
1.854699209000000015e-01,9.387736107056573465e-01
1.855035738999999961e-01,9.387557124907788264e-01
1.855484350000000116e-01,9.387318487779582332e-01
1.855820736999999887e-01,9.387139514916004179e-01
1.856381246999999901e-01,9.386841241952800230e-01
1.856493328999999914e-01,9.386781589456141273e-01
1.856829533000000088e-01,9.386602632845830740e-01
1.857389738999999929e-01,9.386304384805291834e-01
1.857725781000000020e-01,9.386125442294569465e-01
1.858061762000000061e-01,9.385946506984882420e-01
1.858173741999999962e-01,9.385886863164115690e-01
1.858285715999999921e-01,9.385827218655325987e-01
1.859181260999999974e-01,9.385350090067912099e-01
1.860076375999999976e-01,9.384872996930956335e-01
1.860411932000000101e-01,9.384694098009730423e-01
1.860747429000000064e-01,9.384515201933475437e-01
1.860859246999999883e-01,9.384455571540809560e-01
1.861194663000000082e-01,9.384276683730924384e-01
1.861306454999999971e-01,9.384217055718733214e-01
1.861753555000000004e-01,9.383978548520418572e-01
1.861865313000000133e-01,9.383918924410242779e-01
1.862200548000000067e-01,9.383740051513240754e-01
1.862535721999999949e-01,9.383561184860585991e-01
1.863540881999999899e-01,9.383024616267837681e-01
1.864322298999999961e-01,9.382607317272236847e-01
1.864433903000000115e-01,9.382547705893803380e-01
1.864545501000000050e-01,9.382488093283963826e-01
1.864768676000000125e-01,9.382368874463979935e-01
1.864880254000000070e-01,9.382309263881728478e-01
1.865326496999999972e-01,9.382070830791647831e-01
1.865438040999999880e-01,9.382011226244776347e-01
1.866218664000000027e-01,9.381593996050385798e-01
1.867110404000000001e-01,9.381117195444856893e-01
1.867556113999999934e-01,9.380878810620052466e-01
1.868335852000000130e-01,9.380461657339117520e-01
1.868447216000000133e-01,9.380402068016979733e-01
1.868781270000000050e-01,9.380223296956043955e-01
1.869894350999999899e-01,9.379627439331006400e-01
1.870228146000000036e-01,9.379448691448651898e-01
1.870784339000000074e-01,9.379150792249414392e-01
1.871896228999999912e-01,9.378555037553316653e-01
1.872340799999999972e-01,9.378316752264775902e-01
1.872451927000000071e-01,9.378257181548410593e-01
1.872896366000000035e-01,9.378018906428455814e-01
1.873340699999999914e-01,9.377780641253440352e-01
1.873451765999999963e-01,9.377721076619521812e-01
1.875227942999999897e-01,9.376768120180197785e-01
1.875449847000000003e-01,9.376649009649119515e-01
1.876115401000000016e-01,9.376291695870692111e-01
1.876448089999999957e-01,9.376113048824761265e-01
1.876780718999999931e-01,9.375934405383945514e-01
1.876891582000000114e-01,9.375874857470019030e-01
1.877224133000000017e-01,9.375696220523440649e-01
1.877334971000000075e-01,9.375636676342199438e-01
1.877778253999999869e-01,9.375398504821137458e-01
1.878221432999999940e-01,9.375160342216014575e-01
1.878553748000000023e-01,9.374981725383443321e-01
1.878775259000000086e-01,9.374862649630203437e-01
1.879107476999999915e-01,9.374684043205553374e-01
1.879439635000000053e-01,9.374505441067385592e-01
1.879550342000000096e-01,9.374445909048408909e-01
1.880435759999999901e-01,9.373969666625192598e-01
1.880767684000000106e-01,9.373791085545122304e-01
1.880878311999999997e-01,9.373731558465616676e-01
1.881431356999999915e-01,9.373433939637527690e-01
1.882205345999999890e-01,9.373017295050942721e-01
1.882536958000000094e-01,9.372838739927946694e-01
1.883089514999999881e-01,9.372541163168951472e-01
1.883200006999999898e-01,9.372481648339607840e-01
1.883862823000000131e-01,9.372124580085207102e-01
1.884083709000000106e-01,9.372005560246244871e-01
1.884856608999999905e-01,9.371589014113116400e-01
1.885298123999999964e-01,9.371350998731909909e-01
1.885739535000000022e-01,9.371112994017078979e-01
1.885849871999999983e-01,9.371053494552967766e-01
1.886070525999999914e-01,9.370934494982801066e-01
1.886511757000000067e-01,9.370696507364825178e-01
1.887834830000000019e-01,9.369982597589066042e-01
1.888496018999999970e-01,9.369625672646604286e-01
1.888826526000000061e-01,9.369447217677424611e-01
1.889267112999999942e-01,9.369209287038638978e-01
1.889377244000000067e-01,9.369149804883052379e-01
1.889707596999999906e-01,9.368971364406615265e-01
1.890037893000000024e-01,9.368792930482827686e-01
1.890147979000000034e-01,9.368733453138852196e-01
1.890258058000000019e-01,9.368673976134537229e-01
1.891028433999999980e-01,9.368257655950522622e-01
1.891138461999999909e-01,9.368198184377009019e-01
1.891468507999999882e-01,9.368019772465664419e-01
1.892348349000000096e-01,9.367544030532286570e-01
1.892678184000000097e-01,9.367365638372890935e-01
1.892788116000000131e-01,9.367306173321133800e-01
1.893117874999999950e-01,9.367127786453623983e-01
1.894106805000000116e-01,9.366592658824108852e-01
1.894985421000000003e-01,9.366117030035253643e-01
1.895424575999999917e-01,9.365879228307887328e-01
1.896302582000000125e-01,9.365403652573662807e-01
1.896412303999999993e-01,9.365344209603966297e-01
1.896631729000000099e-01,9.365225323206071151e-01
1.897180179999999883e-01,9.364928117600963553e-01
1.897289852000000054e-01,9.364868677006045194e-01
1.897618828000000035e-01,9.364690361965858356e-01
1.897947747000000018e-01,9.364512051232920520e-01
1.898166994000000107e-01,9.364393181730820137e-01
1.898386216999999876e-01,9.364274313156849550e-01
1.898934161999999981e-01,9.363977152683354843e-01
1.899372404000000125e-01,9.363739434730320443e-01
1.899920063999999964e-01,9.363442301910449572e-01
1.900139083999999867e-01,9.363323451684643084e-01
1.900248585000000046e-01,9.363264026498925308e-01
1.900686524000000099e-01,9.363026337925753895e-01
1.901124362000000123e-01,9.362788656548336474e-01
1.901562099000000117e-01,9.362550985897569733e-01
1.901890336000000015e-01,9.362372736841190202e-01
1.901999735999999885e-01,9.362313321519446507e-01
1.902546639999999900e-01,9.362016259112659888e-01
1.903202717999999960e-01,9.361659798563459756e-01
1.903312041999999926e-01,9.361600391882750616e-01
1.904077136000000003e-01,9.361184552224443012e-01
1.904186409999999996e-01,9.361125151583389314e-01
1.904295678000000047e-01,9.361065746567338586e-01
1.904951152999999897e-01,9.360709344604679627e-01
1.905169594999999994e-01,9.360590549128320337e-01
1.905497210000000052e-01,9.360412357933496352e-01
1.906043111000000068e-01,9.360115385816664135e-01
1.906807108999999945e-01,9.359699648724313370e-01
1.906916227000000075e-01,9.359640259682725505e-01
1.907243542000000014e-01,9.359462097048218965e-01
1.907570802000000121e-01,9.359283939305107491e-01
1.907788943000000015e-01,9.359165171711210096e-01
1.908116109000000116e-01,9.358987023578804187e-01
1.908552242999999871e-01,9.358749500801966104e-01
1.909424211000000093e-01,9.358274479666259804e-01
1.909533179000000025e-01,9.358215105543344903e-01
1.909860046000000089e-01,9.358036985413582531e-01
1.910186856999999960e-01,9.357858869611748176e-01
1.910404699999999900e-01,9.357740128732707774e-01
1.911058079000000076e-01,9.357383920210405881e-01
1.911928904999999901e-01,9.356909005696647519e-01
1.912364169000000114e-01,9.356671564412484265e-01
1.912908110000000050e-01,9.356374775408492495e-01
1.913016879999999975e-01,9.356315418039008458e-01
1.913778093999999874e-01,9.355899939216030248e-01
1.914756353000000022e-01,9.355365795655571359e-01
1.915625497000000010e-01,9.354891041414656883e-01
1.915842721000000082e-01,9.354772356820422186e-01
1.915951324000000067e-01,9.354713016841009754e-01
1.916385674999999955e-01,9.354475659550386402e-01
1.916819926999999979e-01,9.354238312252807219e-01
1.917254080000000138e-01,9.354000973398562957e-01
1.917579631000000118e-01,9.353822976708470183e-01
1.917688136000000043e-01,9.353763645255103176e-01
1.918013613000000006e-01,9.353585652909526260e-01
1.918230566999999942e-01,9.353466994478840668e-01
1.918555952000000064e-01,9.353289013131772522e-01
1.918989712999999986e-01,9.353051710250356310e-01
1.919314968999999982e-01,9.352873742748654129e-01
1.919856940000000123e-01,9.352577135847415235e-01
1.920290406999999866e-01,9.352339863604621772e-01
1.920615442999999978e-01,9.352161913861166687e-01
1.920723776000000105e-01,9.352102597358507019e-01
1.921157048000000089e-01,9.351865341054734770e-01
1.921481936999999973e-01,9.351687408156407200e-01
1.921698498999999949e-01,9.351568786086468243e-01
1.922564505000000090e-01,9.351094326484770125e-01
1.922780946000000046e-01,9.350975717441790680e-01
1.922889157000000071e-01,9.350916413224658053e-01
1.923754625999999912e-01,9.350442003114771694e-01
1.924511593000000076e-01,9.350026926560303098e-01
1.925052100999999904e-01,9.349730459653660120e-01
1.925160184999999968e-01,9.349671168154157774e-01
1.925808558000000059e-01,9.349315429273638012e-01
1.926024634000000069e-01,9.349196855242957183e-01
1.926348702000000024e-01,9.349018998754632381e-01
1.927644430999999881e-01,9.348307618682608622e-01
1.928076146999999907e-01,9.348070511621303647e-01
1.928399870999999988e-01,9.347892688818304485e-01
1.928615656000000067e-01,9.347774141175709817e-01
1.928939289000000112e-01,9.347596325101509285e-01
1.929370715000000014e-01,9.347359244384046972e-01
1.929694221999999904e-01,9.347181441597348650e-01
1.930341071999999991e-01,9.346825847491148087e-01
1.930664415999999994e-01,9.346648060403317526e-01
1.931203202000000008e-01,9.346351757072557387e-01
1.931957250000000126e-01,9.345936958811109641e-01
1.932388002000000049e-01,9.345699944332596099e-01
1.932926308000000037e-01,9.345403685764985813e-01
1.933141587999999966e-01,9.345285188566667678e-01
1.933787285000000133e-01,9.344929705754599913e-01
1.934110052999999940e-01,9.344751973333352835e-01
1.934432766999999997e-01,9.344574245817452995e-01
1.934540325999999921e-01,9.344515005596928381e-01
1.934862968000000127e-01,9.344337283170783826e-01
1.935293073000000086e-01,9.344100330512273844e-01
1.935400585000000007e-01,9.344041093120878383e-01
1.935830571000000111e-01,9.343804152681355335e-01
1.936367920000000020e-01,9.343507988469039738e-01
1.936690256999999971e-01,9.343330296771694687e-01
1.937979070999999998e-01,9.342619582423166147e-01
1.938086434000000080e-01,9.342560361662730628e-01
1.938301141000000061e-01,9.342441916157341320e-01
1.938408484999999959e-01,9.342382697816644654e-01
1.938730483999999976e-01,9.342205038932881456e-01
1.938945119000000106e-01,9.342086602929092765e-01
1.939588884000000013e-01,9.341731307095604286e-01
1.939696156999999865e-01,9.341672094281580074e-01
1.940554130999999904e-01,9.341198404241168873e-01
1.940661351000000090e-01,9.341139194420782221e-01
1.941840380000000033e-01,9.340487938537367363e-01
1.942268940999999915e-01,9.340251134415187284e-01
1.943232856000000064e-01,9.339718361360866972e-01
1.943446994999999955e-01,9.339599971802713396e-01
1.943554054999999947e-01,9.339540779935452397e-01
1.943982237999999918e-01,9.339304012989430026e-01
1.944838319999999954e-01,9.338830509183270179e-01
1.944945304000000041e-01,9.338771322976554545e-01
1.945159254000000115e-01,9.338652954275754592e-01
1.945800963000000050e-01,9.338297858092787784e-01
1.946442459999999930e-01,9.337942784084172221e-01
1.946656244999999952e-01,9.337824431733968700e-01
1.946976878999999994e-01,9.337646904990949404e-01
1.947404309000000111e-01,9.337410212557607503e-01
1.947831644999999945e-01,9.337173528292593838e-01
1.948365683999999931e-01,9.336877688594285019e-01
1.948579257999999981e-01,9.336759355829378215e-01
1.948686037000000038e-01,9.336700190161261181e-01
1.949540053000000106e-01,9.336226888218731590e-01
1.949966921000000075e-01,9.335990248465334540e-01
1.950287011000000070e-01,9.335812777417739072e-01
1.950927033000000033e-01,9.335457849658541640e-01
1.951673459999999916e-01,9.335043790303481082e-01
1.952099861999999908e-01,9.334807199087952201e-01
1.952419602000000087e-01,9.334629762845061407e-01
1.952526169999999894e-01,9.334570617320043784e-01
1.952632733000000120e-01,9.334511472764918105e-01
1.953378507999999902e-01,9.334097481239719274e-01
1.953698038999999997e-01,9.333920063236998965e-01
1.953804537000000119e-01,9.333860924677457316e-01
1.954336943999999965e-01,9.333565245355693873e-01
1.954656318000000115e-01,9.333387844573149961e-01
1.955401321000000137e-01,9.332973927651183610e-01
1.955507726999999862e-01,9.332914799348427382e-01
1.955933293000000073e-01,9.332678290333327187e-01
1.956039669000000092e-01,9.332619165856628207e-01
1.956358766000000082e-01,9.332441790708965179e-01
1.957634629999999987e-01,9.331732346503673892e-01
1.958378500000000078e-01,9.331318545155963262e-01
1.958484744000000000e-01,9.331259431949324723e-01
1.958803442000000006e-01,9.331082097243795781e-01
1.958909662999999968e-01,9.331022988059747281e-01
1.959228292000000093e-01,9.330845658835185130e-01
1.959334490000000095e-01,9.330786552027638958e-01
1.960077715000000109e-01,9.330372813758407435e-01
1.960502288000000037e-01,9.330136403449584837e-01
1.961032876000000091e-01,9.329840904497646026e-01
1.961138976000000034e-01,9.329781805312898912e-01
1.961457242999999906e-01,9.329604513534548449e-01
1.961775457999999916e-01,9.329427227972214576e-01
1.961987571999999902e-01,9.329309040129395436e-01
1.962199664000000010e-01,9.329190856383412500e-01
1.962623777999999986e-01,9.328954490489800300e-01
1.962729793000000111e-01,9.328895400320120768e-01
1.963577700999999953e-01,9.328422705868482101e-01
1.963683663999999940e-01,9.328363620342908780e-01
1.964531160000000110e-01,9.327890968043532904e-01
1.964848876999999994e-01,9.327713732375789712e-01
1.965166543000000099e-01,9.327536500741765435e-01
1.965272419999999909e-01,9.327477426136085992e-01
1.966225058000000137e-01,9.326945768701523365e-01
1.966542501000000109e-01,9.326768559565694616e-01
1.966965679000000078e-01,9.326532292423788117e-01
1.967071458999999911e-01,9.326473223717615113e-01
1.967811761999999909e-01,9.326059779648326886e-01
1.968763171000000034e-01,9.325528248444251433e-01
1.968974531999999888e-01,9.325410135603700024e-01
1.969397187999999965e-01,9.325173918342261059e-01
1.969925378999999865e-01,9.324878660368068894e-01
1.970664609999999983e-01,9.324465322587844884e-01
1.970770192000000087e-01,9.324406276392680493e-01
1.971192461999999868e-01,9.324170100598623279e-01
1.971614641999999973e-01,9.323933930046027774e-01
1.971931218000000097e-01,9.323756809957379765e-01
1.972142239999999935e-01,9.323638731374105371e-01
1.972458730999999965e-01,9.323461621903088581e-01
1.973618762999999887e-01,9.322812255126506908e-01
1.974040424000000071e-01,9.322576139405930329e-01
1.974145824999999910e-01,9.322517111812639312e-01
1.974672747000000006e-01,9.322221981989805561e-01
1.975304867000000075e-01,9.321867845097440153e-01
1.975410200999999921e-01,9.321808824609051358e-01
1.975515529000000103e-01,9.321749806295804852e-01
1.976252668000000046e-01,9.321336681085801157e-01
1.976357951000000113e-01,9.321277666730896083e-01
1.976673767000000081e-01,9.321100621532064645e-01
1.977410474999999890e-01,9.320687542425275529e-01
1.977515696000000101e-01,9.320628531721484311e-01
1.978777918000000080e-01,9.319920467267240882e-01
1.978883066999999885e-01,9.319861466110271886e-01
1.979093348000000030e-01,9.319743465293217621e-01
1.979198480000000093e-01,9.319684465740978307e-01
1.979724056000000121e-01,9.319389473383282718e-01
1.980039335000000067e-01,9.319212484352368264e-01
1.980459629000000110e-01,9.318976508936465120e-01
1.980774791000000090e-01,9.318799532047253864e-01
1.981299948999999949e-01,9.318504585131222040e-01
1.981404964000000046e-01,9.318445596989832769e-01
1.981719976000000105e-01,9.318268636333834065e-01
1.982139913000000031e-01,9.318032698074124598e-01
1.982244884000000096e-01,9.317973713368377098e-01
1.982559761999999892e-01,9.317796766798508434e-01
1.982874589999999992e-01,9.317619823999956363e-01
1.983818773999999896e-01,9.317089030776880554e-01
1.983923656000000091e-01,9.317030058754022237e-01
1.984238268000000083e-01,9.316853138885605734e-01
1.984762509000000119e-01,9.316558285222917846e-01
1.985076987999999931e-01,9.316381378135347724e-01
1.985391417000000047e-01,9.316204479705721964e-01
1.985496216000000036e-01,9.316145514322359267e-01
1.985915353999999911e-01,9.315909655124230415e-01
1.987067530000000137e-01,9.315261097746836416e-01
1.987276944999999961e-01,9.315143185034426843e-01
1.988009722999999895e-01,9.314730508608127790e-01
1.988846853000000026e-01,9.314258915981619147e-01
1.988951469999999944e-01,9.314199969070662277e-01
1.989160685999999956e-01,9.314082076894049100e-01
1.989265286000000132e-01,9.314023133358385609e-01
1.989579052999999875e-01,9.313846300724279992e-01
1.990520057000000065e-01,9.313315836743859544e-01
1.990624585000000113e-01,9.313256897866216688e-01
1.990833626000000078e-01,9.313139024481748018e-01
1.991356132000000057e-01,9.312844351522678865e-01
1.991460616000000072e-01,9.312785419494302719e-01
1.991774037000000053e-01,9.312608623086209292e-01
1.992087408999999865e-01,9.312431832602797721e-01
1.992505160999999969e-01,9.312196121148076378e-01
1.992922826000000092e-01,9.311960418030519326e-01
1.993444783999999970e-01,9.311665802351344334e-01
1.993862251999999891e-01,9.311430120027089918e-01
1.993966604999999892e-01,9.311371199685840594e-01
1.994175294999999959e-01,9.311253362407195810e-01
1.995114131000000068e-01,9.310723125874631467e-01
1.995844031000000018e-01,9.310310750192358764e-01
1.996365224999999965e-01,9.310016216157425140e-01
1.996469448000000035e-01,9.309957311379837286e-01
1.997303031999999867e-01,9.309486085569178559e-01
1.998032133000000043e-01,9.309073795585314226e-01
1.998136268000000049e-01,9.309014898928694715e-01
1.998865065000000052e-01,9.308602642338734690e-01
1.998969157000000108e-01,9.308543749495028496e-01
1.999177325000000005e-01,9.308425969438058889e-01
1.999281401000000125e-01,9.308367078087957935e-01
1.999593595999999973e-01,9.308190412655072965e-01
1.999801699000000044e-01,9.308072636602091610e-01
2.000113813000000129e-01,9.307895979545427467e-01
2.000425878000000046e-01,9.307719326069744392e-01
2.000841888999999874e-01,9.307483795939255344e-01
2.000945879000000094e-01,9.307424914699836682e-01
2.001465743999999991e-01,9.307130518104086425e-01
2.001777597999999936e-01,9.306953889673222902e-01
2.002297248000000085e-01,9.306659516367676854e-01
2.002920649000000108e-01,9.306306286526908611e-01
2.003855387000000043e-01,9.305776480486280811e-01
2.003959220000000041e-01,9.305717617195891078e-01
2.004270686999999884e-01,9.305541029325193891e-01
2.004685900000000021e-01,9.305305583198786312e-01
2.005101026999999980e-01,9.305070146035369083e-01
2.005516069000000123e-01,9.304834721007160248e-01
2.005827293000000122e-01,9.304658158818017721e-01
2.006345894000000074e-01,9.304363895189232680e-01
2.006760676999999882e-01,9.304128497350308002e-01
2.007071709000000093e-01,9.303951953114889539e-01
2.007486343000000062e-01,9.303716569220826793e-01
2.007589988000000047e-01,9.303657726016559826e-01
2.008004515000000045e-01,9.303422354878452261e-01
2.008833311999999871e-01,9.302951637850852551e-01
2.008936887999999976e-01,9.302892802224085322e-01
2.009144022999999890e-01,9.302775130100899847e-01
2.009247581999999976e-01,9.302716294511831352e-01
2.009558228999999974e-01,9.302539794221698077e-01
2.011317653999999955e-01,9.301539709866840644e-01
2.011421102000000016e-01,9.301480886861834829e-01
2.011731412999999968e-01,9.301304422249606629e-01
2.012558674999999908e-01,9.300833872055651597e-01
2.012868810000000008e-01,9.300657424143241592e-01
2.013075541000000079e-01,9.300539795295496015e-01
2.013798931000000125e-01,9.300128112401199187e-01
2.014108874999999965e-01,9.299951687347606244e-01
2.014212180000000130e-01,9.299892877082233111e-01
2.014728621999999914e-01,9.299598848661980721e-01
2.015348177000000074e-01,9.299246030099838078e-01
2.015761108999999940e-01,9.299010829027585245e-01
2.016277153999999905e-01,9.298716842377737768e-01
2.016380346999999962e-01,9.298658047485464095e-01
2.016689895000000066e-01,9.298481663173422396e-01
2.017205703000000128e-01,9.298187700841004100e-01
2.017515123999999993e-01,9.298011331057992601e-01
2.018649262999999972e-01,9.297364685392291994e-01
2.019164569999999936e-01,9.297070776839945205e-01
2.019473690999999960e-01,9.296894439685630118e-01
2.019576721000000130e-01,9.296835662827607205e-01
2.019679745000000082e-01,9.296776883706645567e-01
2.019988788000000035e-01,9.296600554470293432e-01
2.020297782000000097e-01,9.296424229075926915e-01
2.020400770000000124e-01,9.296365458008998273e-01
2.020503753000000013e-01,9.296306684366361095e-01
2.021224483999999877e-01,9.295895291114574244e-01
2.021327424999999900e-01,9.295836519596535341e-01
2.022150761000000019e-01,9.295366394981982028e-01
2.022459424999999977e-01,9.295190107921269540e-01
2.022768043000000016e-01,9.295013822160905770e-01
2.022870904999999886e-01,9.294955063954239982e-01
2.023282301000000061e-01,9.294720031839053265e-01
2.023693612999999947e-01,9.294485005550972012e-01
2.024618760000000128e-01,9.293956234463313093e-01
2.025338026999999874e-01,9.293544998744041052e-01
2.025646205999999949e-01,9.293368764156674233e-01
2.026057038000000088e-01,9.293133791875989314e-01
2.026159733000000018e-01,9.293075050834610495e-01
2.026262423000000090e-01,9.293016310174713190e-01
2.026878453000000024e-01,9.292663873984366996e-01
2.026981106000000088e-01,9.292605137787787184e-01
2.027083755000000098e-01,9.292546402243999637e-01
2.027802146999999888e-01,9.292135262134448848e-01
2.027904752999999949e-01,9.292076532485449292e-01
2.028930535000000035e-01,9.291489244255899393e-01
2.029033084000000098e-01,9.291430518977306097e-01
2.029340702000000107e-01,9.291254343593127185e-01
2.029545755000000118e-01,9.291136896824870872e-01
2.029853295000000057e-01,9.290960734915825192e-01
2.030570707000000086e-01,9.290549701988931597e-01
2.031185430000000125e-01,9.290197410409295475e-01
2.032004772000000070e-01,9.289727724314319479e-01
2.032311940000000039e-01,9.289551598865779525e-01
2.032619061000000005e-01,9.289375480139768770e-01
2.032721425000000026e-01,9.289316774208082883e-01
2.033642465000000121e-01,9.288788455828198565e-01
2.033949385000000110e-01,9.288612356717365071e-01
2.034358541000000076e-01,9.288377571145370881e-01
2.034460817000000032e-01,9.288318875062129276e-01
2.034767614000000113e-01,9.288142792359053157e-01
2.035176605000000027e-01,9.287908022431856647e-01
2.036096534000000069e-01,9.287379825461222760e-01
2.036403083999999974e-01,9.287203770551880622e-01
2.036913899999999999e-01,9.286910356635024177e-01
2.037118189999999884e-01,9.286792993433987675e-01
2.037220326999999997e-01,9.286734313221826076e-01
2.038037242999999887e-01,9.286264893011244581e-01
2.038445577000000120e-01,9.286030198764931853e-01
2.038547648000000045e-01,9.285971526183690594e-01
2.039159966999999907e-01,9.285619502073838571e-01
2.039670091000000129e-01,9.285326164423303164e-01
2.039976105000000095e-01,9.285150168491439482e-01
2.040078099000000034e-01,9.285091504372745552e-01
2.040384051999999948e-01,9.284915516822602743e-01
2.040893870999999915e-01,9.284622213613640263e-01
2.041607403000000043e-01,9.284211612672895741e-01
2.041811223999999980e-01,9.284094301706325991e-01
2.042524434999999916e-01,9.283683736159262789e-01
2.042626302999999977e-01,9.283625088013899296e-01
2.043441055999999922e-01,9.283155908037532544e-01
2.043644693999999984e-01,9.283038619757174592e-01
2.043746505000000047e-01,9.282979974987752847e-01
2.044255486000000066e-01,9.282686764622237741e-01
2.044560813000000088e-01,9.282510847472841276e-01
2.044866094999999995e-01,9.282334932571952857e-01
2.044967845000000006e-01,9.282276297484235439e-01
2.045374795999999884e-01,9.282041753462919598e-01
2.045781665999999999e-01,9.281807223577214216e-01
2.046188455000000073e-01,9.281572699543081395e-01
2.046493494000000135e-01,9.281396813541384905e-01
2.047001790999999904e-01,9.281103679206528234e-01
2.048221189999999969e-01,9.280400219569781006e-01
2.048322773000000041e-01,9.280341599659656104e-01
2.048525925999999941e-01,9.280224365314367896e-01
2.048627494999999965e-01,9.280165750337588948e-01
2.048932169999999886e-01,9.279989904989518479e-01
2.049135262000000013e-01,9.279872677403852022e-01
2.049439862000000112e-01,9.279696840593331109e-01
2.050150420000000084e-01,9.279286573717761000e-01
2.051570798000000029e-01,9.278466124027254791e-01
2.051773628000000127e-01,9.278348927276002245e-01
2.052280618000000001e-01,9.278055941755510849e-01
2.052686119000000087e-01,9.277821564369125307e-01
2.053192883000000135e-01,9.277528604106984877e-01
2.053395553000000040e-01,9.277411424077530722e-01
2.053496881000000107e-01,9.277352836776445733e-01
2.054003444999999983e-01,9.277059898859829623e-01
2.054307323000000018e-01,9.276884142833202729e-01
2.054611157000000021e-01,9.276708395343199465e-01
2.054712424000000037e-01,9.276649811158590442e-01
2.055623609999999990e-01,9.276122595616967947e-01
2.056332030999999949e-01,9.275712571966765463e-01
2.056433213999999954e-01,9.275654002040034651e-01
2.057141355999999865e-01,9.275244010253457239e-01
2.057242499999999974e-01,9.275185440303002071e-01
2.057950363000000116e-01,9.274775481072402572e-01
2.058253659000000013e-01,9.274599791517442737e-01
2.058354746999999929e-01,9.274541230375279444e-01
2.059466395000000005e-01,9.273897086842622928e-01
2.059567424000000035e-01,9.273838533820676355e-01
2.059870480999999864e-01,9.273662873067888279e-01
2.060375477999999982e-01,9.273370115232675293e-01
2.060476461999999898e-01,9.273311565727234695e-01
2.060779386000000102e-01,9.273135917748798196e-01
2.061284160000000087e-01,9.272843185763240959e-01
2.061889725999999923e-01,9.272491925237315025e-01
2.061990636000000099e-01,9.272433385091255476e-01
2.062797741000000074e-01,9.271965073898310594e-01
2.062898606999999940e-01,9.271906539679501957e-01
2.063100324000000096e-01,9.271789467012636621e-01
2.063201175000000109e-01,9.271730932344633969e-01
2.064007806000000000e-01,9.271262676985270179e-01
2.064310212000000089e-01,9.271087090945603348e-01
2.064511790999999929e-01,9.270970036762875566e-01
2.064713350000000058e-01,9.270852981865566056e-01
2.065217162999999911e-01,9.270560360607483785e-01
2.065317911000000006e-01,9.270501839261221511e-01
2.065620123999999946e-01,9.270326273172527776e-01
2.065922293999999937e-01,9.270150716574262484e-01
2.066828537000000021e-01,9.269624067906673259e-01
2.067633754000000046e-01,9.269155974643723539e-01
2.068338060999999894e-01,9.268746425060453431e-01
2.068539246999999970e-01,9.268629415200597688e-01
2.068840989999999880e-01,9.268453904903951601e-01
2.069243245999999870e-01,9.268219901203700317e-01
2.070449544000000086e-01,9.267517939919617254e-01
2.070851486999999991e-01,9.267283968865108745e-01
2.070951960999999897e-01,9.267225477987408588e-01
2.071253352999999908e-01,9.267050008792543370e-01
2.071554700000000082e-01,9.266874544225600641e-01
2.071655139999999951e-01,9.266816058128988232e-01
2.072458480999999908e-01,9.266348184086200535e-01
2.072558875999999939e-01,9.266289702522481075e-01
2.072759653000000035e-01,9.266172740214596582e-01
2.073361867000000081e-01,9.265821868812930129e-01
2.073662907999999916e-01,9.265646440885878521e-01
2.074064228999999981e-01,9.265412541991178141e-01
2.074866636999999903e-01,9.264944778194298403e-01
2.076069667000000063e-01,9.264243197263828389e-01
2.076470522999999957e-01,9.264009355241874522e-01
2.077171832999999967e-01,9.263600151650346337e-01
2.077272001000000090e-01,9.263541696710002604e-01
2.077372164000000077e-01,9.263483243451122728e-01
2.077572476000000001e-01,9.263366336639085041e-01
2.077973040999999965e-01,9.263132526455721827e-01
2.078073169999999914e-01,9.263074078625076480e-01
2.078173295000000087e-01,9.263015626549374604e-01
2.078974117000000066e-01,9.262548045947515130e-01
2.079174273999999933e-01,9.262431159158355243e-01
2.079774630000000013e-01,9.262080504204348586e-01
2.080074742999999948e-01,9.261905185028009857e-01
2.080374812999999934e-01,9.261729869833931206e-01
2.080774838999999987e-01,9.261496125630742648e-01
2.080874832999999868e-01,9.261437690866439754e-01
2.081174788000000053e-01,9.261262391683203754e-01
2.081674615999999922e-01,9.260970233966845377e-01
2.082174324000000132e-01,9.260678088929501506e-01
2.082374174000000133e-01,9.260561237783970778e-01
2.082474091000000027e-01,9.260502810908625149e-01
2.082973607999999976e-01,9.260210693199025789e-01
2.083273260000000071e-01,9.260035428559934001e-01
2.083672729000000112e-01,9.259801748387663789e-01
2.083972280999999982e-01,9.259626494533075292e-01
2.084371616000000038e-01,9.259392831527371026e-01
2.084471438000000121e-01,9.259334417898199554e-01
2.084870678000000088e-01,9.259100764986293308e-01
2.085170057999999882e-01,9.258925531524235808e-01
2.085668927999999867e-01,9.258633490697080193e-01
2.086067939000000038e-01,9.258399865814258556e-01
2.086965433000000092e-01,9.257874240449714964e-01
2.087164823999999863e-01,9.257757445082610559e-01
2.087264513000000044e-01,9.257699044956047008e-01
2.087762883000000014e-01,9.257407059518266701e-01
2.088061847999999887e-01,9.257231878062468500e-01
2.088759266000000114e-01,9.256823136235863281e-01
2.088858878000000030e-01,9.256764745912472447e-01
2.089257278999999967e-01,9.256531192489240167e-01
2.089356867999999923e-01,9.256472807208893094e-01
2.089954299000000015e-01,9.256122497266739968e-01
2.090153405000000075e-01,9.256005734198414769e-01
2.090452027999999962e-01,9.255830590449298789e-01
2.090750607999999899e-01,9.255655454522038195e-01
2.091546613999999971e-01,9.255188444260739056e-01
2.091646092999999984e-01,9.255130068593174775e-01
2.092043963999999923e-01,9.254896580595889377e-01
2.092541195000000021e-01,9.254604732361410013e-01
2.092839478000000086e-01,9.254429631448156668e-01
2.093237121000000034e-01,9.254196170465758264e-01
2.093336520000000089e-01,9.254137804983108007e-01
2.093535303999999875e-01,9.254021077801294348e-01
2.094032181999999909e-01,9.253729271523579714e-01
2.094926263999999927e-01,9.253204058110805486e-01
2.095124896999999986e-01,9.253087351475335343e-01
2.095621397999999913e-01,9.252795587784233833e-01
2.096514802999999982e-01,9.252270456892348616e-01
2.096812520000000124e-01,9.252095421696908684e-01
2.097110194000000039e-01,9.251920390359750224e-01
2.097606224999999935e-01,9.251628687672815987e-01
2.097903787000000020e-01,9.251453673100825670e-01
2.098300471000000000e-01,9.251220325141855660e-01
2.098796219999999879e-01,9.250928655391227329e-01
2.099192735000000032e-01,9.250695328018604391e-01
2.099688274000000021e-01,9.250403683372198094e-01
2.099985541000000122e-01,9.250228702695053595e-01
2.100282766000000079e-01,9.250053729557794480e-01
2.100381832000000060e-01,9.249995406789459640e-01
2.101174188000000109e-01,9.249528836605254156e-01
2.101273211999999946e-01,9.249470516138058596e-01
2.101570255000000109e-01,9.249295564799158154e-01
2.102065233000000033e-01,9.249003987749958577e-01
2.102758006999999874e-01,9.248595801819697870e-01
2.103054839999999870e-01,9.248420874756626553e-01
2.103153775000000114e-01,9.248362567665788792e-01
2.103648379999999984e-01,9.248071035341424162e-01
2.104439506999999931e-01,9.247604613664650586e-01
2.104736103000000025e-01,9.247429714116176536e-01
2.105823263999999917e-01,9.246788460312779234e-01
2.105922068999999952e-01,9.246730167864360972e-01
2.106020869000000129e-01,9.246671878392025423e-01
2.106218455999999961e-01,9.246555295800165108e-01
2.106811104999999906e-01,9.246205562762608299e-01
2.107502319000000013e-01,9.245797570761219442e-01
2.107601044999999895e-01,9.245739287082077595e-01
2.107798483999999972e-01,9.245622723451368818e-01
2.108390689000000096e-01,9.245273045804793810e-01
2.108686728999999982e-01,9.245098215955690479e-01
2.109180036999999952e-01,9.244806841648164353e-01
2.109475966000000091e-01,9.244632024290657668e-01
2.110264907999999939e-01,9.244165868893431393e-01
2.110659267999999977e-01,9.243932804444738860e-01
2.110757846999999909e-01,9.243874539555980707e-01
2.110954989999999920e-01,9.243758011005022146e-01
2.111053555000000082e-01,9.243699751613855264e-01
2.112925411999999892e-01,9.242592863187114594e-01
2.113023884999999935e-01,9.242534611048660587e-01
2.113122353000000120e-01,9.242476359080634696e-01
2.113417730999999911e-01,9.242301607678288233e-01
2.113811502999999870e-01,9.242068617445521328e-01
2.115385858000000119e-01,9.241136741887273631e-01
2.115680920000000131e-01,9.240962027563413006e-01
2.116074270999999951e-01,9.240729088873727015e-01
2.116270919000000084e-01,9.240612623382993274e-01
2.116565857000000106e-01,9.240437927495905868e-01
2.116860752999999984e-01,9.240263235791047469e-01
2.116959042999999874e-01,9.240205006207526939e-01
2.117253885000000002e-01,9.240030323189046824e-01
2.117745196999999968e-01,9.239739194866378735e-01
2.117843446000000074e-01,9.239680971999498782e-01
2.118138165000000017e-01,9.239506301644418995e-01
2.118432842999999899e-01,9.239331639768081361e-01
2.118629271999999952e-01,9.239215197640424648e-01
2.118923880999999954e-01,9.239040544080180384e-01
2.120396314999999920e-01,9.238167345075738446e-01
2.120494441000000119e-01,9.238109135954706286e-01
2.120886898999999881e-01,9.237876304698280361e-01
2.121573525999999876e-01,9.237468877274275236e-01
2.121671598000000047e-01,9.237410674637748231e-01
2.121769665000000082e-01,9.237352471877390281e-01
2.121965785000000104e-01,9.237236072050902802e-01
2.122456006000000006e-01,9.236945079066469777e-01
2.122554037000000116e-01,9.236886882850515734e-01
2.122848102000000070e-01,9.236712293553501762e-01
2.123142125999999963e-01,9.236537713772525748e-01
2.123338119000000024e-01,9.236421328030613997e-01
2.123632075000000119e-01,9.236246751386507636e-01
2.124023953999999992e-01,9.236013996429580653e-01
2.124415759999999931e-01,9.235781246437397840e-01
2.125101246999999971e-01,9.235373960583123099e-01
2.125199154999999895e-01,9.235315777126766879e-01
2.125688631000000051e-01,9.235024875601902661e-01
2.125982261999999900e-01,9.234850342885524421e-01
2.126373706999999946e-01,9.234617640179104692e-01
2.127254195999999931e-01,9.234094090167793700e-01
2.127547610999999950e-01,9.233919583833776201e-01
2.127840984999999907e-01,9.233745083015630906e-01
2.128036546000000029e-01,9.233628750447537836e-01
2.128623119999999980e-01,9.233279771912227263e-01
2.128720866999999906e-01,9.233221607365574846e-01
2.128818608999999973e-01,9.233163448793290096e-01
2.129502678000000093e-01,9.232756338487499992e-01
2.129600385000000040e-01,9.232698182741291282e-01
2.129795784000000081e-01,9.232581869909382011e-01
2.130674858000000116e-01,9.232058496828055016e-01
2.131358331000000050e-01,9.231651463859501527e-01
2.131455952999999903e-01,9.231593314580014420e-01
2.132724621000000043e-01,9.230837473753639166e-01
2.133017284000000013e-01,9.230663061844621708e-01
2.133407438000000100e-01,9.230430521926775711e-01
2.134285025000000058e-01,9.229907333937875658e-01
2.134577473000000003e-01,9.229732948720800190e-01
2.134869882000000052e-01,9.229558569723328443e-01
2.134967342000000101e-01,9.229500444586670183e-01
2.135064798999999902e-01,9.229442318383993538e-01
2.135357139999999876e-01,9.229267949466594123e-01
2.135649441999999953e-01,9.229093582624888770e-01
2.135746866999999882e-01,9.229035461945818142e-01
2.136039116000000015e-01,9.228861101438936565e-01
2.136623492999999985e-01,9.228512398138002393e-01
2.136915621000000098e-01,9.228338054280800229e-01
2.137597099000000112e-01,9.227931270769136329e-01
2.137986417999999944e-01,9.227698832850296240e-01
2.138083735999999901e-01,9.227640727283239475e-01
2.138862125000000058e-01,9.227175886465395216e-01
2.139153947999999916e-01,9.227001580732890895e-01
2.139737473999999973e-01,9.226652984425148807e-01
2.140418054000000070e-01,9.226246317370215833e-01
2.140709664000000068e-01,9.226072039781576528e-01
2.141098416999999976e-01,9.225839673452981282e-01
2.141875709999999933e-01,9.225374973811967250e-01
2.141972852000000038e-01,9.225316888987108443e-01
2.142069989000000008e-01,9.225258806200151707e-01
2.142361375000000068e-01,9.225084556652846102e-01
2.142846929999999983e-01,9.224794151799637909e-01
2.143526521999999934e-01,9.224387607873301143e-01
2.143623588999999940e-01,9.224329531498776102e-01
2.143914764000000028e-01,9.224155307153304451e-01
2.144205899000000137e-01,9.223981090008672723e-01
2.144399966999999962e-01,9.223864947210136389e-01
2.145079067000000006e-01,9.223458465300645726e-01
2.145467027999999887e-01,9.223226206047292486e-01
2.145854918000000000e-01,9.222993950148999920e-01
2.146242738999999955e-01,9.222761704644724112e-01
2.146533558000000008e-01,9.222587530443604464e-01
2.146727415999999944e-01,9.222471415251678462e-01
2.147308883999999862e-01,9.222123080013081564e-01
2.148180791000000034e-01,9.221600620072457621e-01
2.148277647000000068e-01,9.221542569822696045e-01
2.148568191000000127e-01,9.221368429629045460e-01
2.148955522000000062e-01,9.221136247106324069e-01
2.149342783000000034e-01,9.220904073602559370e-01
2.149729974000000043e-01,9.220671910415288997e-01
2.149826760999999919e-01,9.220613872997953653e-01
2.150020321999999984e-01,9.220497792450335073e-01
2.150504146999999977e-01,9.220207608422059664e-01
2.150600899000000010e-01,9.220149573631910567e-01
2.150891128999999902e-01,9.219975472202712741e-01
2.151664885000000027e-01,9.219511227141040655e-01
2.152438362000000105e-01,9.219047018041696129e-01
2.152921644000000134e-01,9.218756905030147664e-01
2.153114925999999874e-01,9.218640862836042782e-01
2.153211560999999941e-01,9.218582841322733312e-01
2.153694670000000089e-01,9.218292753536148076e-01
2.153984482999999894e-01,9.218118703158791893e-01
2.154274257000000081e-01,9.217944660223759135e-01
2.154660562000000057e-01,9.217712612657029680e-01
2.155143344999999877e-01,9.217422561476147358e-01
2.155239888999999909e-01,9.217364556077676241e-01
2.155819060999999981e-01,9.217016517779451634e-01
2.155915575000000028e-01,9.216958514733784025e-01
2.156012083999999940e-01,9.216900510490806386e-01
2.156301585000000021e-01,9.216726503508110291e-01
2.156687526999999938e-01,9.216494503175788333e-01
2.157459203000000048e-01,9.216030524311052963e-01
2.157748510999999980e-01,9.215856543481872887e-01
2.158327009000000074e-01,9.215508593450286723e-01
2.158616201000000123e-01,9.215334625319188122e-01
2.159290829000000134e-01,9.214928723107975728e-01
2.160157899000000048e-01,9.214406885840235040e-01
2.160446845000000005e-01,9.214232954145900045e-01
2.160928336000000061e-01,9.213943073924361071e-01
2.161313451999999913e-01,9.213711177759675852e-01
2.162179710999999893e-01,9.213189448774280477e-01
2.162372166000000040e-01,9.213073514601235470e-01
2.162468386999999992e-01,9.213015549405174642e-01
2.162757023999999917e-01,9.212841654268950631e-01
2.162853228000000128e-01,9.212783689930053033e-01
2.163238000999999910e-01,9.212551841156210175e-01
2.163718870000000127e-01,9.212262041531406043e-01
2.163911188000000041e-01,9.212146125815606768e-01
2.164391907999999864e-01,9.211856347633088360e-01
2.164488039999999947e-01,9.211798390849926799e-01
2.164776408000000096e-01,9.211624534603878312e-01
2.165449117000000090e-01,9.211218878335435400e-01
2.165833429000000032e-01,9.210987093389689795e-01
2.165929496000000010e-01,9.210929144541486480e-01
2.166697880000000020e-01,9.210465598961912193e-01
2.166793908999999907e-01,9.210407656215281458e-01
2.167081969999999913e-01,9.210233839610838524e-01
2.167561987000000134e-01,9.209944151528871581e-01
2.168137867000000107e-01,9.209596546255764959e-01
2.168521701999999995e-01,9.209364820102267091e-01
2.168905469000000086e-01,9.209133103237636675e-01
2.169097326999999964e-01,9.209017245948440955e-01
2.169864589999999926e-01,9.208553850080509751e-01
2.170152243000000036e-01,9.208380085106373514e-01
2.170535721999999890e-01,9.208148402231716156e-01
2.170631580999999866e-01,9.208090484674633647e-01
2.171302475999999926e-01,9.207685071870234106e-01
2.171589939999999941e-01,9.207511331963947887e-01
2.171973164000000067e-01,9.207279687385779843e-01
2.172164752000000087e-01,9.207163868446233135e-01
2.172739411000000065e-01,9.206816420974505144e-01
2.172835173000000064e-01,9.206758517499965544e-01
2.173122433999999936e-01,9.206584801835906440e-01
2.173218178999999917e-01,9.206526900630550569e-01
2.173601115999999889e-01,9.206295292012494080e-01
2.173983986999999951e-01,9.206063695597116459e-01
2.174749525000000128e-01,9.205600523618820974e-01
2.175036532999999883e-01,9.205426844343737036e-01
2.175132193000000047e-01,9.205368952671645344e-01
2.175992951000000064e-01,9.204847946825930327e-01
2.176184184000000132e-01,9.204732176680845424e-01
2.176757782000000030e-01,9.204384873995924421e-01
2.177331230000000006e-01,9.204037589982778655e-01
2.177426789999999945e-01,9.203979711051726298e-01
2.178191117999999926e-01,9.203516699859842776e-01
2.178286640000000052e-01,9.203458825783029651e-01
2.178573182000000108e-01,9.203285209588244475e-01
2.179241631999999929e-01,9.202880119851561957e-01
2.179337108000000134e-01,9.202822252372058198e-01
2.179718971000000061e-01,9.202590788673447042e-01
2.180482495000000132e-01,9.202127887776677673e-01
2.180577917000000032e-01,9.202070027821174225e-01
2.180768747999999868e-01,9.201954309910201912e-01
2.181150360000000121e-01,9.201722880231706370e-01
2.181341140999999983e-01,9.201607166040156605e-01
2.181627281999999890e-01,9.201433601688072672e-01
2.182008742999999862e-01,9.201202191496798966e-01
2.182294795999999981e-01,9.201028640040515016e-01
2.182771467000000076e-01,9.200739399562153364e-01
2.182866789000000030e-01,9.200681551083907950e-01
2.183152728999999959e-01,9.200508014615006447e-01
2.183629213000000124e-01,9.200218797013052230e-01
2.183915053000000106e-01,9.200045272753067938e-01
2.184200856000000079e-01,9.199871752911057410e-01
2.184296115999999899e-01,9.199813916142307590e-01
2.184391371000000137e-01,9.199756079532634967e-01
2.185153263000000068e-01,9.199293397465050370e-01
2.185914888999999917e-01,9.198830748496412690e-01
2.186200430999999944e-01,9.198657265166001462e-01
2.186581095000000030e-01,9.198425960630841614e-01
2.186866548999999993e-01,9.198252490553273653e-01
2.186961692999999929e-01,9.198194668071530966e-01
2.187342224000000113e-01,9.197963382376795893e-01
2.187437346999999976e-01,9.197905564034735137e-01
2.188483421999999901e-01,9.197269580391036481e-01
2.188863688999999890e-01,9.197038329554789726e-01
2.189528997000000088e-01,9.196633663448212648e-01
2.189624024000000058e-01,9.196575856248094816e-01
2.190004093000000041e-01,9.196344634205257940e-01
2.190479086000000075e-01,9.196055618324783243e-01
2.191238862000000065e-01,9.195593219615257885e-01
2.191428763999999918e-01,9.195477627166268597e-01
2.191903449000000004e-01,9.195188653183139493e-01
2.192283121999999973e-01,9.194957486284625059e-01
2.192567834999999965e-01,9.194784111052246578e-01
2.192757622000000017e-01,9.194668534873089438e-01
2.193326885999999920e-01,9.194321814857145947e-01
2.193801159999999861e-01,9.194032895881606438e-01
2.194275330999999885e-01,9.193743992331594450e-01
2.195318148000000025e-01,9.193108449851232766e-01
2.195602466000000086e-01,9.192935131903982038e-01
2.195981499999999920e-01,9.192704050128412963e-01
2.196455200999999913e-01,9.192415213520260808e-01
2.196834088000000074e-01,9.192184151087453570e-01
2.197118210000000016e-01,9.192010858693870912e-01
2.197212909000000047e-01,9.191953097596301525e-01
2.197307604000000025e-01,9.191895332269365282e-01
2.198727543000000006e-01,9.191028972052417423e-01
2.198822172999999880e-01,9.190971220452632817e-01
2.199106037999999930e-01,9.190797962317638348e-01
2.199389867000000054e-01,9.190624711531812929e-01
2.199579066000000027e-01,9.190509215154619715e-01
2.199862834000000100e-01,9.190335973897180155e-01
2.200241133999999987e-01,9.190104992772616388e-01
2.200524815999999884e-01,9.189931763097870521e-01
2.201092071000000094e-01,9.189585313978552161e-01
2.201375644000000131e-01,9.189412100089465740e-01
2.201848184000000097e-01,9.189123418616217398e-01
2.202509568999999889e-01,9.188719289606598339e-01
2.203170755999999952e-01,9.188315187778542947e-01
2.203265195999999926e-01,9.188257459026207830e-01
2.203548489000000110e-01,9.188084284042556948e-01
2.204020563000000099e-01,9.187795666915059556e-01
2.204114964999999982e-01,9.187737943338509794e-01
2.204398149000000029e-01,9.187564782632334781e-01
2.204681296999999873e-01,9.187391624274026114e-01
2.204775670999999937e-01,9.187333906372494585e-01
2.205530521000000077e-01,9.186872185751371322e-01
2.206379417999999870e-01,9.186352788870598696e-01
2.206568017999999964e-01,9.186237373433634446e-01
2.206662310999999987e-01,9.186179667612156541e-01
2.207039446000000071e-01,9.185948844946477676e-01
2.207416516000000051e-01,9.185718030621060626e-01
2.207793520999999926e-01,9.185487229011608523e-01
2.207887762999999892e-01,9.185429527978028474e-01
2.208076233000000055e-01,9.185314132780162399e-01
2.208170462999999861e-01,9.185256432718054143e-01
2.208453126000000100e-01,9.185083345416540368e-01
2.208641548999999982e-01,9.184967954516622957e-01
2.209206720000000124e-01,9.184621798084328104e-01
2.209300901000000039e-01,9.184564103337523600e-01
2.210054204999999938e-01,9.184102595875542896e-01
2.210148349999999928e-01,9.184044911786826138e-01
2.210807251999999945e-01,9.183641122938139834e-01
2.211465958000000120e-01,9.183237361719102099e-01
2.211654124000000110e-01,9.183122009479920411e-01
2.212406625999999987e-01,9.182660609434429855e-01
2.212594712000000019e-01,9.182545268136087513e-01
2.212688748999999955e-01,9.182487595646880996e-01
2.213440899999999933e-01,9.182026248745106534e-01
2.213816879000000126e-01,9.181795587730184893e-01
2.214568647000000057e-01,9.181334292290231902e-01
2.214944434999999989e-01,9.181103655689364373e-01
2.215414081000000035e-01,9.180815375799690203e-01
2.216071417000000099e-01,9.180411809011328472e-01
2.216728558999999932e-01,9.180008269363971740e-01
2.216822421000000098e-01,9.179950621913398612e-01
2.216916278000000129e-01,9.179892975305543601e-01
2.217103981000000112e-01,9.179777685843248936e-01
2.217197827000000065e-01,9.179720039625889338e-01
2.217573169000000011e-01,9.179489466880441650e-01
2.217948448000000017e-01,9.179258903830527228e-01
2.218417457999999898e-01,9.178970714067262726e-01
2.218605033999999920e-01,9.178855440430687684e-01
2.219073904999999958e-01,9.178567272207697192e-01
2.219167666999999899e-01,9.178509637361293994e-01
2.219730156999999982e-01,9.178163852849101634e-01
2.220479922999999967e-01,9.177702839175592153e-01
2.220573626000000023e-01,9.177645214382885719e-01
2.221416773999999872e-01,9.177126618559736659e-01
2.221604097000000055e-01,9.177011383720348192e-01
2.221697752000000026e-01,9.176953766320867789e-01
2.222165969999999879e-01,9.176665685816879359e-01
2.223102110999999881e-01,9.176089566231455663e-01
2.223570032999999946e-01,9.175801530043509180e-01
2.223663606000000070e-01,9.175743925526912426e-01
2.223944300000000041e-01,9.175571109968181371e-01
2.224318503999999919e-01,9.175340700158219898e-01
2.224412045999999976e-01,9.175283096704314190e-01
2.225066723999999940e-01,9.174879903964606731e-01
2.225160234000000126e-01,9.174822303346602537e-01
2.225814691999999928e-01,9.174419141434921876e-01
2.225908169999999964e-01,9.174361550408616228e-01
2.226095114999999958e-01,9.174246363254474623e-01
2.226188581000000111e-01,9.174188772940311543e-01
2.226468957000000137e-01,9.174016005462627410e-01
2.226936171999999992e-01,9.173728067019403243e-01
2.227216454000000012e-01,9.173555310421608322e-01
2.227683511999999921e-01,9.173267393872555076e-01
2.228150472000000049e-01,9.172979492175753480e-01
2.228430601999999983e-01,9.172806759222084105e-01
2.228710694999999908e-01,9.172634027965885783e-01
2.229177441000000093e-01,9.172346155699235837e-01
2.229457441000000095e-01,9.172173438923880706e-01
2.229550765999999962e-01,9.172115870021327888e-01
2.230297230000000130e-01,9.171655323973133545e-01
2.230577089999999929e-01,9.171482623838090875e-01
2.231136703000000110e-01,9.171137250788722328e-01
2.231416458000000103e-01,9.170964568079367218e-01
2.231789409000000113e-01,9.170734331803148676e-01
2.232069080999999899e-01,9.170561663906098282e-01
2.232628321000000027e-01,9.170216341145850381e-01
2.232907888000000007e-01,9.170043687796081144e-01
2.233373755999999988e-01,9.169755938677544016e-01
2.233560075999999894e-01,9.169640846383221300e-01
2.234863880000000080e-01,9.168835244265972628e-01
2.235050075999999997e-01,9.168720167290493883e-01
2.235143168000000014e-01,9.168662628852818353e-01
2.235608570000000017e-01,9.168374949069724167e-01
2.235887763999999944e-01,9.168202346650036194e-01
2.236259969999999930e-01,9.167972219265504430e-01
2.236539083000000094e-01,9.167799631333863886e-01
2.237004194999999973e-01,9.167511993909712720e-01
2.238120067999999907e-01,9.166821716389135233e-01
2.238491901999999922e-01,9.166591645377287767e-01
2.239235384999999912e-01,9.166131524470729763e-01
2.239328302999999964e-01,9.166074011217166806e-01
2.239607033999999885e-01,9.165901475393384290e-01
2.240071507999999989e-01,9.165613927731691701e-01
2.240628751000000030e-01,9.165268892212069529e-01
2.241093013000000078e-01,9.164981374276518489e-01
2.241464354000000103e-01,9.164751370942373354e-01
2.241557180000000038e-01,9.164693875237089893e-01
2.241835634000000077e-01,9.164521380724874877e-01
2.242578007999999901e-01,9.164061417147069122e-01
2.243691109000000017e-01,9.163371540025527784e-01
2.243969298000000057e-01,9.163199085279167821e-01
2.244062019999999991e-01,9.163141603773313770e-01
2.244340163000000110e-01,9.162969152493233294e-01
2.244432869000000108e-01,9.162911670117749319e-01
2.244525572000000135e-01,9.162854189950729866e-01
2.244803657999999980e-01,9.162681748839183182e-01
2.245081708999999981e-01,9.162509310625595038e-01
2.245174384999999995e-01,9.162451831468019225e-01
2.245267056999999955e-01,9.162394356021223984e-01
2.245452390000000076e-01,9.162279403547919365e-01
2.246286198999999928e-01,9.161762143065386166e-01
2.246749292999999925e-01,9.161474795560187179e-01
2.246934503000000138e-01,9.161359860179985048e-01
2.247304878999999977e-01,9.161129999765308396e-01
2.247397462999999873e-01,9.161072534584762117e-01
2.248230551000000021e-01,9.160555377092064466e-01
2.248415639000000132e-01,9.160440463453297655e-01
2.248508177999999913e-01,9.160383006341322742e-01
2.249248349999999896e-01,9.159923359871710025e-01
2.249618344000000048e-01,9.159693553008134703e-01
2.249895799999999946e-01,9.159521206512964975e-01
2.250265689000000013e-01,9.159291411267519445e-01
2.250450609999999907e-01,9.159176519030663988e-01
2.251005282000000107e-01,9.158831851834325910e-01
2.251190143000000032e-01,9.158716971538910512e-01
2.251467404999999977e-01,9.158544649993169973e-01
2.251837034999999987e-01,9.158314893370732568e-01
2.251929433000000036e-01,9.158257454372030759e-01
2.252576112999999935e-01,9.157855411169346649e-01
2.252853204999999970e-01,9.157683112763802535e-01
2.252945560999999874e-01,9.157625684439214542e-01
2.253222606999999988e-01,9.157453392781481627e-01
2.253407286000000120e-01,9.157338535321766226e-01
2.253684274999999959e-01,9.157166254621086354e-01
2.254053541999999910e-01,9.156936552583356814e-01
2.254884169999999965e-01,9.156419755324416432e-01
2.255160978000000094e-01,9.156247503862072756e-01
2.255622248999999968e-01,9.155960420372346587e-01
2.256267871000000036e-01,9.155558529990608374e-01
2.256913308000000062e-01,9.155156666915208463e-01
2.257005498000000110e-01,9.155099259325178984e-01
2.257097684000000104e-01,9.155041856066500339e-01
2.257282046000000097e-01,9.154927045555456555e-01
2.257742883999999950e-01,9.154640024433235990e-01
2.257835039999999960e-01,9.154582623620918236e-01
2.258111486000000112e-01,9.154410421983883994e-01
2.258756396000000111e-01,9.154008637085599975e-01
2.259309029000000080e-01,9.153664268100644152e-01
2.259585295000000049e-01,9.153492096879299877e-01
2.260045663999999954e-01,9.153205145200522530e-01
2.260321838999999888e-01,9.153032982248694438e-01
2.260690022000000077e-01,9.152803444034401936e-01
2.261426206000000105e-01,9.152344386304578361e-01
2.261518211999999917e-01,9.152287005802457465e-01
2.262070170999999907e-01,9.151942738593568105e-01
2.262530033000000051e-01,9.151655864394129258e-01
2.262805905999999978e-01,9.151483747091723187e-01
2.263173683999999963e-01,9.151254264065135091e-01
2.264000965999999893e-01,9.150737961767053674e-01
2.264368549000000119e-01,9.150508510389611105e-01
2.264460436000000076e-01,9.150451149274281271e-01
2.264736073999999988e-01,9.150279064541819718e-01
2.265103538000000083e-01,9.150049626369350930e-01
2.265195395000000056e-01,9.149992271318441173e-01
2.265838287999999978e-01,9.149590783830786611e-01
2.266113757999999867e-01,9.149418726590734519e-01
2.266664597999999975e-01,9.149074627716011765e-01
2.266939967000000111e-01,9.148902581870166362e-01
2.267215303000000015e-01,9.148730543391961900e-01
2.267582365999999960e-01,9.148501170571642360e-01
2.267674121999999903e-01,9.148443828268032485e-01
2.268408040000000070e-01,9.147985104360724096e-01
2.268683197999999956e-01,9.147813091245361461e-01
2.268866618000000002e-01,9.147698422238722538e-01
2.269141719999999973e-01,9.147526418898201950e-01
2.269508470999999916e-01,9.147297087316640374e-01
2.270241795000000062e-01,9.146838456381881644e-01
2.270608369000000071e-01,9.146609153531450875e-01
2.270883260000000070e-01,9.146437182477640260e-01
2.270974883000000111e-01,9.146379860298932130e-01
2.271066502000000098e-01,9.146322537272902897e-01
2.271707733999999979e-01,9.145921296263166411e-01
2.271799324000000064e-01,9.145863979849829795e-01
2.272440349000000026e-01,9.145462767843168805e-01
2.272531909000000128e-01,9.145405456839647007e-01
2.272806568000000083e-01,9.145233519062926364e-01
2.273081193000000000e-01,9.145061588506150363e-01
2.273538827999999901e-01,9.144775048618324353e-01
2.273813365000000031e-01,9.144603129755284332e-01
2.274270852999999981e-01,9.144316607762202898e-01
2.274636777000000054e-01,9.144087400258607001e-01
2.274728249000000091e-01,9.144030100806778139e-01
2.274911181000000004e-01,9.143915501840556015e-01
2.275002641999999964e-01,9.143858202706067750e-01
2.275459891000000123e-01,9.143571723291120668e-01
2.276008468000000062e-01,9.143227959823280182e-01
2.276739698999999950e-01,9.142769637438815655e-01
2.276831085999999893e-01,9.142712353627517885e-01
2.276922469999999865e-01,9.142655065165986583e-01
2.277196599000000099e-01,9.142483209261855759e-01
2.277562052000000059e-01,9.142254073150997140e-01
2.277927448000000021e-01,9.142024945386175716e-01
2.278292784000000015e-01,9.141795829660958050e-01
2.279114577999999947e-01,9.141280343934113928e-01
2.279297157999999879e-01,9.141165798385878505e-01
2.279844812000000054e-01,9.140822177308480789e-01
2.280118590000000112e-01,9.140650371446384925e-01
2.280483574999999929e-01,9.140421308734277828e-01
2.280757276000000000e-01,9.140249515474194730e-01
2.281213370999999879e-01,9.139963205237802146e-01
2.281304578999999999e-01,9.139905944822548367e-01
2.282034112999999920e-01,9.139447880020775683e-01
2.282307627999999866e-01,9.139276120073362986e-01
2.282581110000000135e-01,9.139104357658759392e-01
2.283674710999999968e-01,9.138417368839817367e-01
2.284221314999999863e-01,9.138073906094784649e-01
2.284494568000000059e-01,9.137902182175456911e-01
2.284767789000000104e-01,9.137730462993047809e-01
2.284858855000000133e-01,9.137673221412476732e-01
2.284949917000000108e-01,9.137615984614869680e-01
2.285132031000000064e-01,9.137501510899338486e-01
2.285587253999999957e-01,9.137215333189639965e-01
2.285678287000000031e-01,9.137158094465032132e-01
2.285951365999999985e-01,9.136986398388972086e-01
2.286224411999999984e-01,9.136814705381104407e-01
2.286588422999999981e-01,9.136585789455867745e-01
2.287043354999999945e-01,9.136299657143815978e-01
2.287771058999999996e-01,9.135841871699227346e-01
2.288043888000000081e-01,9.135670208985129381e-01
2.288407608999999954e-01,9.135441338346179663e-01
2.288862180000000024e-01,9.135155256030292881e-01
2.289225770999999965e-01,9.134926407673705784e-01
2.289952781000000048e-01,9.134468725210569406e-01
2.290043640999999963e-01,9.134411517973328731e-01
2.290316199000000108e-01,9.134239900276809321e-01
2.290588725000000103e-01,9.134068287957738397e-01
2.290770390999999906e-01,9.133953879014987676e-01
2.291042862999999874e-01,9.133782272818929959e-01
2.291496909999999887e-01,9.133496272818248940e-01
2.292132426000000056e-01,9.133095900315281179e-01
2.292495498999999881e-01,9.132867126530321844e-01
2.292949259000000017e-01,9.132581171556680699e-01
2.293221471999999928e-01,9.132409603630109451e-01
2.293584371999999871e-01,9.132180856066801633e-01
2.293856509999999960e-01,9.132009304102873815e-01
2.293947215000000095e-01,9.131952120066615386e-01
2.294672728999999911e-01,9.131494667720621017e-01
2.295126057999999913e-01,9.131208780480079001e-01
2.295760568999999918e-01,9.130808561457933736e-01
2.296576112000000003e-01,9.130294032155215067e-01
2.296757304000000000e-01,9.130179699152064510e-01
2.297119646000000126e-01,9.129951035698155026e-01
2.297210222000000135e-01,9.129893869945225893e-01
2.297300794999999896e-01,9.129836708918833699e-01
2.297844156999999943e-01,9.129493742063976569e-01
2.297934705000000133e-01,9.129436578918355139e-01
2.298658959999999862e-01,9.128979323088494136e-01
2.299021001999999869e-01,9.128750708094959254e-01
2.299292495999999963e-01,9.128579253361834844e-01
2.299473475000000100e-01,9.128464953567423379e-01
2.299654439000000106e-01,9.128350654221085714e-01
2.300106785999999903e-01,9.128064919940747091e-01
2.300468599999999919e-01,9.127836336898834668e-01
2.300830356999999937e-01,9.127607768959075107e-01
2.300920787999999884e-01,9.127550626970474257e-01
2.301101637999999894e-01,9.127436342464966268e-01
2.301192058000000040e-01,9.127379204561939519e-01
2.302547927999999966e-01,9.126522175915879886e-01
2.302999706999999951e-01,9.126236525808351097e-01
2.303090051999999999e-01,9.126179396597720039e-01
2.303632049000000070e-01,9.125836640842440728e-01
2.303722368999999992e-01,9.125779515911649487e-01
2.304083616000000001e-01,9.125551025332019339e-01
2.304535094000000062e-01,9.125265424551253224e-01
2.305167015000000041e-01,9.124865604952279163e-01
2.305257274999999995e-01,9.124808487904049192e-01
2.305528034999999865e-01,9.124637146698930668e-01
2.305798762000000057e-01,9.124465811061200915e-01
2.305979230000000102e-01,9.124351590422700164e-01
2.306249904999999878e-01,9.124180260741594495e-01
2.306610755000000068e-01,9.123951829513974321e-01
2.306971549000000066e-01,9.123723408225736797e-01
2.307422462000000007e-01,9.123437896358939092e-01
2.307963440999999949e-01,9.123095295435889041e-01
2.308143739999999888e-01,9.122981097921315508e-01
2.308414161000000020e-01,9.122809811298802085e-01
2.308684550000000002e-01,9.122638524425982220e-01
2.308774673000000000e-01,9.122581432525866951e-01
2.309405432999999952e-01,9.122181792714425530e-01
2.309585618999999979e-01,9.122067616675277879e-01
2.309765790999999957e-01,9.121953440567867055e-01
2.309855871000000005e-01,9.121896351942984094e-01
2.310306220999999993e-01,9.121610926766930971e-01
2.310576389000000008e-01,9.121439680178299314e-01
2.310846525999999956e-01,9.121268431916621511e-01
2.310936564000000137e-01,9.121211356430436457e-01
2.311206658000000136e-01,9.121040116791491181e-01
2.311656745000000013e-01,9.120754731184010922e-01
2.311746752000000127e-01,9.120697657124254842e-01
2.312466680999999968e-01,9.120241073321012637e-01
2.312736595999999867e-01,9.120069861779140918e-01
2.313456217000000037e-01,9.119613325977713458e-01
2.314085700999999884e-01,9.119213891120734328e-01
2.314175613999999992e-01,9.119156828832524209e-01
2.314445330000000078e-01,9.118985647675181827e-01
2.314625123000000062e-01,9.118871533040134869e-01
2.315523879999999979e-01,9.118300987649381462e-01
2.315973128000000103e-01,9.118015733755180374e-01
2.316062966999999917e-01,9.117958684385459867e-01
2.316332463000000119e-01,9.117787540723359951e-01
2.316691743000000026e-01,9.117559357940190345e-01
2.316781554000000021e-01,9.117502309156502172e-01
2.317320348999999946e-01,9.117160054768214117e-01
2.317410135999999898e-01,9.117103014664975635e-01
2.318128305000000111e-01,9.116646709160474149e-01
2.318397561999999967e-01,9.116475601294982134e-01
2.318487307000000053e-01,9.116418568393083177e-01
2.319474273999999892e-01,9.115791225881726412e-01
2.319833067000000026e-01,9.115563120093471694e-01
2.320281480999999979e-01,9.115277998173397789e-01
2.320371153000000131e-01,9.115220979311141614e-01
2.320640149000000041e-01,9.115049913609666321e-01
2.320909113999999884e-01,9.114878854496668570e-01
2.321088406000000048e-01,9.114764817064787694e-01
2.321715820999999957e-01,9.114365700720832297e-01
2.322343067000000039e-01,9.113966617917241830e-01
2.322432658999999955e-01,9.113909605801547853e-01
2.322522248999999983e-01,9.113852595272504686e-01
2.322790995000000025e-01,9.113681572292993138e-01
2.323059711000000083e-01,9.113510550775207886e-01
2.323238837999999917e-01,9.113396542157454761e-01
2.323507502000000113e-01,9.113225526782561259e-01
2.324581846999999868e-01,9.112541530311857318e-01
2.325387281000000084e-01,9.112028583617973743e-01
2.325566228000000013e-01,9.111914603795392420e-01
2.325655695999999939e-01,9.111857612974633147e-01
2.325924081000000088e-01,9.111686643686940368e-01
2.326013536000000048e-01,9.111629652564792181e-01
2.326371319999999965e-01,9.111401708141988465e-01
2.326729050000000132e-01,9.111173768443669996e-01
2.326818474000000025e-01,9.111116786124565659e-01
2.326997311000000013e-01,9.111002824786257337e-01
2.327801908000000086e-01,9.110490008192105860e-01
2.328159418000000092e-01,9.110262105341163652e-01
2.328427513999999920e-01,9.110091185420731152e-01
2.328784928000000032e-01,9.109863298389948572e-01
2.328874271999999968e-01,9.109806325889273637e-01
2.329231616999999921e-01,9.109578449399210465e-01
2.329678222000000076e-01,9.109293612558205799e-01
2.329946143000000136e-01,9.109122721254555577e-01
2.330303324000000120e-01,9.108894871132235949e-01
2.330392609999999975e-01,9.108837909544831302e-01
2.331106779999999878e-01,9.108382241475512231e-01
2.331285288000000122e-01,9.108268327590844926e-01
2.331374536999999969e-01,9.108211371578994742e-01
2.332445258999999993e-01,9.107527951761669183e-01
2.332802056000000124e-01,9.107300165525279434e-01
2.333515489000000109e-01,9.106844610372106796e-01
2.333782970000000123e-01,9.106673785944988664e-01
2.334228703000000016e-01,9.106389096397178307e-01
2.334496101999999906e-01,9.106218286972335152e-01
2.335298114999999897e-01,9.105705884203862954e-01
2.335387211000000129e-01,9.105648954984497667e-01
2.335565391999999962e-01,9.105535094498944382e-01
2.335654477999999923e-01,9.105478165069301744e-01
2.336367038999999923e-01,9.105022754729379386e-01
2.336634193000000081e-01,9.104851984326022274e-01
2.336723237999999980e-01,9.104795059362460474e-01
2.336812279000000103e-01,9.104738136795403891e-01
2.336990351000000077e-01,9.104624296736023581e-01
2.337524487000000040e-01,9.104282784235631087e-01
2.338058500999999900e-01,9.103941290427108868e-01
2.338236478000000063e-01,9.103827462850301311e-01
2.338414441999999982e-01,9.103713640444667243e-01
2.338503419000000083e-01,9.103656727830033990e-01
2.339659810999999978e-01,9.102916928010051922e-01
2.340371152000000066e-01,9.102461717431806765e-01
2.340637848999999882e-01,9.102291020074191330e-01
2.340993398000000003e-01,9.102063433845177798e-01
2.341260025000000133e-01,9.101892745666565476e-01
2.341704334999999970e-01,9.101608283767185226e-01
2.342059722000000010e-01,9.101380719275793396e-01
2.342415055000000024e-01,9.101153168351218126e-01
2.342770335000000093e-01,9.100925626250414568e-01
2.343036759000000080e-01,9.100754973195507302e-01
2.343214358000000053e-01,9.100641205087524055e-01
2.344102153000000022e-01,9.100072412115978171e-01
2.344634667999999922e-01,9.099731164226804170e-01
2.344900880999999937e-01,9.099560545536983236e-01
2.345255783000000094e-01,9.099333062795157412e-01
2.345521925000000063e-01,9.099162456664334764e-01
2.345610633000000111e-01,9.099105591323716213e-01
2.345965428000000019e-01,9.098878123763113335e-01
2.346054117999999966e-01,9.098821260282716761e-01
2.346320169999999983e-01,9.098650670767196580e-01
2.346763521999999935e-01,9.098366361130243440e-01
2.347384073000000071e-01,9.097968354224436061e-01
2.348093075000000085e-01,9.097513516258336486e-01
2.348181685000000074e-01,9.097456665503422801e-01
2.348358895000000057e-01,9.097342966180941293e-01
2.348447495000000051e-01,9.097286113814582187e-01
2.348713275000000045e-01,9.097115567559178606e-01
2.349156175000000069e-01,9.096831333535637665e-01
2.349421875000000104e-01,9.096660798625262334e-01
2.350218795000000027e-01,9.096149225304255292e-01
2.350307325000000058e-01,9.096092389616718954e-01
2.351015444000000010e-01,9.095637697180928294e-01
2.351192441000000133e-01,9.095524027864865246e-01
2.351280933999999878e-01,9.095467197457191011e-01
2.351634874000000097e-01,9.095239872483289467e-01
2.352342594000000064e-01,9.094785245710672594e-01
2.352431044000000138e-01,9.094728423901234926e-01
2.353138523999999954e-01,9.094273840751228022e-01
2.353403775000000031e-01,9.094103375145454748e-01
2.353668995000000042e-01,9.093932920564655742e-01
2.353757394999999863e-01,9.093876104333539212e-01
2.354022575999999978e-01,9.093705655739883209e-01
2.354376103999999970e-01,9.093478399536593093e-01
2.354552846999999893e-01,9.093364771059655460e-01
2.354817938000000055e-01,9.093194339037613538e-01
2.355083000000000037e-01,9.093023911840255602e-01
2.355171346999999915e-01,9.092967101283550013e-01
2.355878003999999915e-01,9.092512651161448467e-01
2.356584449999999942e-01,9.092058238194687947e-01
2.356672740000000099e-01,9.092001441247630211e-01
2.357202415999999912e-01,9.091660653930938585e-01
2.357643721000000081e-01,9.091376684184412360e-01
2.358261409000000086e-01,9.090979142059045781e-01
2.358702515999999971e-01,9.090695204535831353e-01
2.359496301000000018e-01,9.090184146247042296e-01
2.359760837000000055e-01,9.090013803669091397e-01
2.360113504999999945e-01,9.089786691051126022e-01
2.360906815000000103e-01,9.089275714562936592e-01
2.361083069999999895e-01,9.089162169261441049e-01
2.361171193000000113e-01,9.089105393668310828e-01
2.361523650000000030e-01,9.088878314126138669e-01
2.361611755999999951e-01,9.088821547491803265e-01
2.362316486999999909e-01,9.088367415804061711e-01
2.362932953999999919e-01,9.087970080118079608e-01
2.363021006999999896e-01,9.087913319866663953e-01
2.363285148000000002e-01,9.087743046387037893e-01
2.363725318000000075e-01,9.087459259565831005e-01
2.363901362999999978e-01,9.087345750573982972e-01
2.363989380000000029e-01,9.087288994450601898e-01
2.364693401999999889e-01,9.086834985656320196e-01
2.365045335000000026e-01,9.086607988264175928e-01
2.365309250000000030e-01,9.086437752471046014e-01
2.365397214999999942e-01,9.086381006478053690e-01
2.365661089999999966e-01,9.086210770945718496e-01
2.365836990999999889e-01,9.086097286778945792e-01
2.366364615000000060e-01,9.085756842308477799e-01
2.366452541000000076e-01,9.085700107269142345e-01
2.366716299000000134e-01,9.085529891679073877e-01
2.367155830000000072e-01,9.085246214029357725e-01
2.367243726999999909e-01,9.085189477236966793e-01
2.367507396000000097e-01,9.085019282444534161e-01
2.367771036999999912e-01,9.084849091047556557e-01
2.367946780999999890e-01,9.084735628638829219e-01
2.368210373000000091e-01,9.084565444499278497e-01
2.368473935000000030e-01,9.084395262741248311e-01
2.368561781999999893e-01,9.084338538446995459e-01
2.369527889999999970e-01,9.083714593544056637e-01
2.370054692999999935e-01,9.083374283515094350e-01
2.370669146999999921e-01,9.082977284241825489e-01
2.371371186000000020e-01,9.082523603206538176e-01
2.371458925999999912e-01,9.082466895424765596e-01
2.371985299000000103e-01,9.082126660278785346e-01
2.372160731000000078e-01,9.082013251608076487e-01
2.372423854000000054e-01,9.081843146650968590e-01
2.373476056000000112e-01,9.081162771137146761e-01
2.373739032999999943e-01,9.080992685381376051e-01
2.374089624999999870e-01,9.080765918115795143e-01
2.374264900999999983e-01,9.080652535489351918e-01
2.374527791000000110e-01,9.080482468735572299e-01
2.374878266000000071e-01,9.080255721266589086e-01
2.375141088000000122e-01,9.080085666218447038e-01
2.375666644999999966e-01,9.079745566369640253e-01
2.375929380000000035e-01,9.079575523798356640e-01
2.376192085999999926e-01,9.079405489314998912e-01
2.376542315999999877e-01,9.079178780220763523e-01
2.376629865000000064e-01,9.079122102876056033e-01
2.376892493999999967e-01,9.078952078652343660e-01
2.376980029999999910e-01,9.078895410550280598e-01
2.377767712999999949e-01,9.078385374104528394e-01
2.378730081000000052e-01,9.077762051963275125e-01
2.378992477999999910e-01,9.077592070417359604e-01
2.379866925000000133e-01,9.077025490703509725e-01
2.380129196000000114e-01,9.076855525332834240e-01
2.380478846000000093e-01,9.076628917455606960e-01
2.380828445000000015e-01,9.076402318616166864e-01
2.381177992000000077e-01,9.076175725307180642e-01
2.381265371000000075e-01,9.076119077636827237e-01
2.381876933000000029e-01,9.075722567646959948e-01
2.381964286000000097e-01,9.075665922518216799e-01
2.382226326999999921e-01,9.075495998582352453e-01
2.382924959999999925e-01,9.075042893132523325e-01
2.383186895000000138e-01,9.074872985426508665e-01
2.383274200000000120e-01,9.074816351478355303e-01
2.383536096999999965e-01,9.074646456938242345e-01
2.383623388999999981e-01,9.074589820286813602e-01
2.384059802999999866e-01,9.074306670066526470e-01
2.384757899000000125e-01,9.073853657505082104e-01
2.385019633000000083e-01,9.073683785165351789e-01
2.385281337000000057e-01,9.073513918754217977e-01
2.385368566000000135e-01,9.073457293001432333e-01
2.386066279000000068e-01,9.073004348592925705e-01
2.386153478999999966e-01,9.072947728309075366e-01
2.386763789000000135e-01,9.072551432106408242e-01
2.386850963000000103e-01,9.072494819642878960e-01
2.387112466999999905e-01,9.072324989637668979e-01
2.387461093999999895e-01,9.072098548277620633e-01
2.387548243000000014e-01,9.072041946350022368e-01
2.387722530999999981e-01,9.071928729842534400e-01
2.388158196000000066e-01,9.071645706035409429e-01
2.388506670999999970e-01,9.071419298196577996e-01
2.388767992999999978e-01,9.071249497055187128e-01
2.388942192000000075e-01,9.071136299151782989e-01
2.389551789999999898e-01,9.070740117712284833e-01
2.389900061000000131e-01,9.070513745188601984e-01
2.390248282000000113e-01,9.070287377652671568e-01
2.390335329000000120e-01,9.070230789044442243e-01
2.390509413999999944e-01,9.070117608540207987e-01
2.390857546000000056e-01,9.069891257102513649e-01
2.391031593000000066e-01,9.069778089227172879e-01
2.391640657000000114e-01,9.069382001421731898e-01
2.392336540999999983e-01,9.068929365381994678e-01
2.392423512999999891e-01,9.068872789064520434e-01
2.392684407000000013e-01,9.068703056176760091e-01
2.393379988000000069e-01,9.068250473646357612e-01
2.393640777999999913e-01,9.068080762727599442e-01
2.393727702000000013e-01,9.068024196162896011e-01
2.393814622999999864e-01,9.067967627144454257e-01
2.394509874999999899e-01,9.067515095740111830e-01
2.394683656999999910e-01,9.067401972351435413e-01
2.394770542999999918e-01,9.067345410043593512e-01
2.395204924999999874e-01,9.067062602762717693e-01
2.395465516999999989e-01,9.066892932159624774e-01
2.395812928999999925e-01,9.066666701657446481e-01
2.396073454000000047e-01,9.066497034796260346e-01
2.396507600999999987e-01,9.066214274412444096e-01
2.397288867000000046e-01,9.065705334053324460e-01
2.397896341999999903e-01,9.065309523468058073e-01
2.398850634999999953e-01,9.064687583009948257e-01
2.398937369999999958e-01,9.064631047403460817e-01
2.399284278999999909e-01,9.064404909297301138e-01
2.399370997999999977e-01,9.064348374664641383e-01
2.399631137000000081e-01,9.064178778165979944e-01
2.399891248999999893e-01,9.064009184054210300e-01
2.399977946000000084e-01,9.063952653748581501e-01
2.400064640000000027e-01,9.063896126114359131e-01
2.400238020000000083e-01,9.063783066597160820e-01
2.400758081999999904e-01,9.063443909695841905e-01
2.401278031999999896e-01,9.063104773723794638e-01
2.401451323999999887e-01,9.062991730408745950e-01
2.401971123999999957e-01,9.062652617194145721e-01
2.402750613000000091e-01,9.062143984267838626e-01
2.403010385999999887e-01,9.061974447313810854e-01
2.403096970999999971e-01,9.061917937220879127e-01
2.403789537999999892e-01,9.061465876883566528e-01
2.404741491999999869e-01,9.060844347297818402e-01
2.404828015000000097e-01,9.060787846377709176e-01
2.404914533999999993e-01,9.060731345031824979e-01
2.405174073999999940e-01,9.060561855446831458e-01
2.405606577999999940e-01,9.060279373562486471e-01
2.406211953000000070e-01,9.059883928482626025e-01
2.406298423000000075e-01,9.059827439913723524e-01
2.406903622999999881e-01,9.059432020910132000e-01
2.406990068000000038e-01,9.059375532695377320e-01
2.407162948999999885e-01,9.059262567061098226e-01
2.407249384000000048e-01,9.059206080297379504e-01
2.407508671999999961e-01,9.059036632940205003e-01
2.407940756999999987e-01,9.058754227485923405e-01
2.408545545000000121e-01,9.058358880073044128e-01
2.408631931000000115e-01,9.058302403015013882e-01
2.408977444000000023e-01,9.058076506509098458e-01
2.409322906999999958e-01,9.057850618056532133e-01
2.409581972000000016e-01,9.057681206207897073e-01
2.409754665999999934e-01,9.057568271406807314e-01
2.410013685000000072e-01,9.057398866218572264e-01
2.410272675000000031e-01,9.057229469624685780e-01
2.410963181000000122e-01,9.056777765448499329e-01
2.411049480000000134e-01,9.056721302836585608e-01
2.411394645999999919e-01,9.056495469454756142e-01
2.411739763000000092e-01,9.056269638395082477e-01
2.411826035000000090e-01,9.056213185094980078e-01
2.412429849000000126e-01,9.055818010589092859e-01
2.412688580000000027e-01,9.055648660596058441e-01
2.413205958999999901e-01,9.055309969995855024e-01
2.413464606999999873e-01,9.055140631217133418e-01
2.413895624999999878e-01,9.054858413243084270e-01
2.414068011000000125e-01,9.054745527567529262e-01
2.414154199000000112e-01,9.054689088145194686e-01
2.414498921999999881e-01,9.054463331334950960e-01
2.414843594999999954e-01,9.054237582160721276e-01
2.415446655000000054e-01,9.053842537587580841e-01
2.415791193000000059e-01,9.053616814971590099e-01
2.415963442999999877e-01,9.053503950260519684e-01
2.416221795999999866e-01,9.053334663821623884e-01
2.416480121000000036e-01,9.053165388019488447e-01
2.416566223000000124e-01,9.053108957788756905e-01
2.416824512000000091e-01,9.052939686000790465e-01
2.417599210999999970e-01,9.052431892372317934e-01
2.418029492000000058e-01,9.052149803975537701e-01
2.418631757999999965e-01,9.051754899611763605e-01
2.419319876999999896e-01,9.051303619184144500e-01
2.419405877999999954e-01,9.051247210766337759e-01
2.419577871999999963e-01,9.051134399674549691e-01
2.420695529000000124e-01,9.050401158540094526e-01
2.421039319999999939e-01,9.050175563350750796e-01
2.421383061999999864e-01,9.049949976932440965e-01
2.421468989999999988e-01,9.049893581324891523e-01
2.421726755999999980e-01,9.049724400694357795e-01
2.421984493000000072e-01,9.049555221606041533e-01
2.423358633000000095e-01,9.048653026210530248e-01
2.423530345000000086e-01,9.048540261658613026e-01
2.423702045999999999e-01,9.048427499835193233e-01
2.424045410000000011e-01,9.048201983867879550e-01
2.424474547999999896e-01,9.047920097633371794e-01
2.424903609000000071e-01,9.047638225796170719e-01
2.425075211999999925e-01,9.047525483011614744e-01
2.425589948999999912e-01,9.047187259701514606e-01
2.426104575999999957e-01,9.046849054756809227e-01
2.426533348999999895e-01,9.046567237830209773e-01
2.426790577000000060e-01,9.046398149281960066e-01
2.426876313000000118e-01,9.046341787495831843e-01
2.427219227999999895e-01,9.046116347784527445e-01
2.427562094999999864e-01,9.045890920571243443e-01
2.427647804999999992e-01,9.045834564311623360e-01
2.427819213999999892e-01,9.045721853279991009e-01
2.427904914000000025e-01,9.045665499532394849e-01
2.428333369000000019e-01,9.045383735048012630e-01
2.428590405999999924e-01,9.045214685603452098e-01
2.428933078999999939e-01,9.044989291354662564e-01
2.429190052000000100e-01,9.044820248332020585e-01
2.429532641000000104e-01,9.044594864836319470e-01
2.429618280999999991e-01,9.044538524974814475e-01
2.429703917000000102e-01,9.044482183368965922e-01
2.430645720999999870e-01,9.043862445840197273e-01
2.431672726999999923e-01,9.043186437141514933e-01
2.431758290999999905e-01,9.043130109179731146e-01
2.432014966000000111e-01,9.042961123741567464e-01
2.432271614000000026e-01,9.042792139728650369e-01
2.432442696999999876e-01,9.042679489845091290e-01
2.432699298999999871e-01,9.042510514631677543e-01
2.433041394000000079e-01,9.042285222653867471e-01
2.433297933000000135e-01,9.042116257028542936e-01
2.434323820000000027e-01,9.041440456201532694e-01
2.434494759999999980e-01,9.041327833490778731e-01
2.435007505000000017e-01,9.040989965230696868e-01
2.435092952000000033e-01,9.040933657241514432e-01
2.435776420999999914e-01,9.040483201583272566e-01
2.435861840999999917e-01,9.040426897753158775e-01
2.436118083000000101e-01,9.040257990171906011e-01
2.436459698000000007e-01,9.040032785088319978e-01
2.437228154999999952e-01,9.039526102785035988e-01
2.437825677000000080e-01,9.039132047907711964e-01
2.437911024999999954e-01,9.039075761055367364e-01
2.438167052000000112e-01,9.038906888991725674e-01
2.438593703999999973e-01,9.038625448516116601e-01
2.438764344000000084e-01,9.038512878105251502e-01
2.438849659000000003e-01,9.038456588631531563e-01
2.439190891000000139e-01,9.038231455331195985e-01
2.439873211999999958e-01,9.037781210045736646e-01
2.440129033000000003e-01,9.037612377316401879e-01
2.440214300000000114e-01,9.037556098895070944e-01
2.440470086000000038e-01,9.037387270650133475e-01
2.440640594000000052e-01,9.037274726675982306e-01
2.441237280999999926e-01,9.036880819158109590e-01
2.441492959000000074e-01,9.036712017318552226e-01
2.442004234000000051e-01,9.036374415282937278e-01
2.442941295999999929e-01,9.035755528473415898e-01
2.443367113999999896e-01,9.035474242637370201e-01
2.444048268000000024e-01,9.035024205501832606e-01
2.444218526999999974e-01,9.034911704794879039e-01
2.444303651999999993e-01,9.034855457075544605e-01
2.444984545999999981e-01,9.034405467245117949e-01
2.445239831999999891e-01,9.034236730529388026e-01
2.445324922000000067e-01,9.034180487574314800e-01
2.445580172000000052e-01,9.034011756059198150e-01
2.445665250000000068e-01,9.033955513162149620e-01
2.446345763999999978e-01,9.033505597611853899e-01
2.446770990000000090e-01,9.033224418835853475e-01
2.447026089999999876e-01,9.033055712479673982e-01
2.447366182000000057e-01,9.032830783790002371e-01
2.447961227999999878e-01,9.032437179837875529e-01
2.448046222999999966e-01,9.032380956662735549e-01
2.448301190000000127e-01,9.032212276997162448e-01
2.448641105000000096e-01,9.031987381476969112e-01
2.448726075999999863e-01,9.031931159530574016e-01
2.449320792999999941e-01,9.031537612966124007e-01
2.449405739999999942e-01,9.031481395903705467e-01
2.449490685000000056e-01,9.031425177791782000e-01
2.450085216000000010e-01,9.031031664873480080e-01
2.450170137000000081e-01,9.030975449909095509e-01
2.451019187000000044e-01,9.030413348797642348e-01
2.451104075999999965e-01,9.030357138009383888e-01
2.451358724999999905e-01,9.030188519128472535e-01
2.452122512999999893e-01,9.029682691100769931e-01
2.452207362999999918e-01,9.029626487392994338e-01
2.452377055999999944e-01,9.029514084433756249e-01
2.452461897999999862e-01,9.029457888815113353e-01
2.452886062999999894e-01,9.029176898215244274e-01
2.453140527000000071e-01,9.029008312671440439e-01
2.453394963999999956e-01,9.028839737629538176e-01
2.453734173000000074e-01,9.028614964265735399e-01
2.454158117999999944e-01,9.028334021179376112e-01
2.454242898000000006e-01,9.028277831864954805e-01
2.454751518000000132e-01,9.027940718623036487e-01
2.454836277999999927e-01,9.027884536829683393e-01
2.454921035000000029e-01,9.027828348481657939e-01
2.455175287999999956e-01,9.027659803955930817e-01
2.455514250999999981e-01,9.027435079090601056e-01
2.456446157999999935e-01,9.026817140594949329e-01
2.456530859000000122e-01,9.026760965770822542e-01
2.456784945000000109e-01,9.026592448425109216e-01
2.456954322000000079e-01,9.026480107914361950e-01
2.457885682000000016e-01,9.025862270029635370e-01
2.458224271999999988e-01,9.025637618286531660e-01
2.458308912000000124e-01,9.025581454069974141e-01
2.458985927000000016e-01,9.025132179299688584e-01
2.459239759000000081e-01,9.024963709340442231e-01
2.459578162000000123e-01,9.024739088614329718e-01
2.460170254999999861e-01,9.024346031489494102e-01
2.460254828000000005e-01,9.024289878325678638e-01
2.460508530000000138e-01,9.024121430571395708e-01
2.460593091000000121e-01,9.024065288407523422e-01
2.461269477999999955e-01,9.023616124386697468e-01
2.461607601999999950e-01,9.023391562186949821e-01
2.461692125000000120e-01,9.023335416804869613e-01
2.462283710000000014e-01,9.022942453148904418e-01
2.463044108999999926e-01,9.022437243760469405e-01
2.463213055000000040e-01,9.022324983354834682e-01
2.463635369000000130e-01,9.022044337888399657e-01
2.463973167999999880e-01,9.021819833836056679e-01
2.464310920999999988e-01,9.021595331304332888e-01
2.464395352000000039e-01,9.021539211860561958e-01
2.464564204999999952e-01,9.021426967882268944e-01
2.464901877000000019e-01,9.021202483137352734e-01
2.465070695000000089e-01,9.021090247226835057e-01
2.465914613999999894e-01,9.020529084717233692e-01
2.466420826999999871e-01,9.020192416167546190e-01
2.466673893999999922e-01,9.020024084928218722e-01
2.466926936000000126e-01,9.019855763032890161e-01
2.467011276999999947e-01,9.019799658349990645e-01
2.467348614000000051e-01,9.019575236106669447e-01
2.467685904999999957e-01,9.019350822873734019e-01
2.468360347999999926e-01,9.018902030978266371e-01
2.468444640000000134e-01,9.018845933595804887e-01
2.468697499999999989e-01,9.018677641376813270e-01
2.469118875999999907e-01,9.018397171298425663e-01
2.469371666999999881e-01,9.018228896637913161e-01
2.469624431999999925e-01,9.018060626236160671e-01
2.469708680999999906e-01,9.018004537334390891e-01
2.469961411000000107e-01,9.017836268477841255e-01
2.470045649000000010e-01,9.017780178983738626e-01
2.470466795000000049e-01,9.017499757597202681e-01
2.470719447999999985e-01,9.017331505080893317e-01
2.471393063000000001e-01,9.016882862374453467e-01
2.471729802000000031e-01,9.016658550566094554e-01
2.472403140999999971e-01,9.016209960281474922e-01
2.472487295999999946e-01,9.016153888426483576e-01
2.472655596999999983e-01,9.016041743363130134e-01
2.473160429000000049e-01,9.015705333112554731e-01
2.473412806999999991e-01,9.015537134119563367e-01
2.473749271000000027e-01,9.015312877851916484e-01
2.474001589000000001e-01,9.015144692822255612e-01
2.474422061000000062e-01,9.014864390835418684e-01
2.474758387999999865e-01,9.014640156161182194e-01
2.475178731000000076e-01,9.014359881591714752e-01
2.475346848999999960e-01,9.014247775670738427e-01
2.476103236999999957e-01,9.013743313907068844e-01
2.476439334999999964e-01,9.013519130624794151e-01
2.476523351999999900e-01,9.013463079694884472e-01
2.476775387000000050e-01,9.013294951340087291e-01
2.477195389000000081e-01,9.013014734757506252e-01
2.477699295999999940e-01,9.012678498403726701e-01
2.477783271000000009e-01,9.012622459376430362e-01
2.478371014000000094e-01,9.012230209161342653e-01
2.478454965999999926e-01,9.012174176611055243e-01
2.478538915000000065e-01,9.012118146651200146e-01
2.478790744999999907e-01,9.011950047340130387e-01
2.479881714000000126e-01,9.011221690799252615e-01
2.480468959999999889e-01,9.010829534320190515e-01
2.480552839999999870e-01,9.010773515902245068e-01
2.480720593999999890e-01,9.010661472389204230e-01
2.481056066000000004e-01,9.010437401140209968e-01
2.481223785999999987e-01,9.010325370783510701e-01
2.481475343000000000e-01,9.010157327325853949e-01
2.481726874999999888e-01,9.009989288293358545e-01
2.481810714000000084e-01,9.009933273858475866e-01
2.482062211999999934e-01,9.009765243335199347e-01
2.482565132000000008e-01,9.009429192565197031e-01
2.482816552999999871e-01,9.009261172951386065e-01
2.483486886999999865e-01,9.008813148409112737e-01
2.483738215000000082e-01,9.008645147373807172e-01
2.483821985999999926e-01,9.008589148765897558e-01
2.484575793000000088e-01,9.008085178485392142e-01
2.484743275000000085e-01,9.007973191945641833e-01
2.484827011000000085e-01,9.007917203365574110e-01
2.485161928999999881e-01,9.007693235026745793e-01
2.485245651999999916e-01,9.007637242213940576e-01
2.485496802000000116e-01,9.007469279149789010e-01
2.485747927999999995e-01,9.007301315947909837e-01
2.487086833999999913e-01,9.006405596402545788e-01
2.487254145999999999e-01,9.006293647655044809e-01
2.487505094000000139e-01,9.006125714563757434e-01
2.488759453000000121e-01,9.005286149700038045e-01
2.488843054000000055e-01,9.005230180467561629e-01
2.489093842000000001e-01,9.005062285430164293e-01
2.489261020000000102e-01,9.004950352342860898e-01
2.489511765000000099e-01,9.004782463620235600e-01
2.489846052999999948e-01,9.004558620461801111e-01
2.490096739000000059e-01,9.004390739610090844e-01
2.490598036999999987e-01,9.004054996256101173e-01
2.490848647999999999e-01,9.003887133626653494e-01
2.491099233000000079e-01,9.003719271089251075e-01
2.491182755999999943e-01,9.003663319852365232e-01
2.491266276000000113e-01,9.003607370934015863e-01
2.491767337999999943e-01,9.003271672058054120e-01
2.491934336000000139e-01,9.003159776542010162e-01
2.492518742000000009e-01,9.002768164138069684e-01
2.492602217999999870e-01,9.002712219481427969e-01
2.492769159999999873e-01,9.002600334889777622e-01
2.492852627000000099e-01,9.002544393489703145e-01
2.493854013000000036e-01,9.001873140247648175e-01
2.494104296000000109e-01,9.001705340394119403e-01
2.494604787999999962e-01,9.001369746434796371e-01
2.494854995999999936e-01,9.001201960875492292e-01
2.495271954000000125e-01,9.000922325802900303e-01
2.495522095999999912e-01,9.000754554278471709e-01
2.495855579000000046e-01,9.000530859430989628e-01
2.496439065999999929e-01,9.000139425940416604e-01
2.496522411000000052e-01,9.000083504571323445e-01
2.496605752000000122e-01,9.000027588559372793e-01
2.497105742999999878e-01,8.999692099718586968e-01
2.497189065000000041e-01,8.999636182279100449e-01
2.497522325000000043e-01,8.999412533097815858e-01
2.497772241000000004e-01,8.999244800656347465e-01
2.497938838000000050e-01,8.999132983951905196e-01
2.498605114000000127e-01,8.998685738201044337e-01
2.498854920999999951e-01,8.998518025839471468e-01
2.499520953000000101e-01,8.998070824550279401e-01
2.499770668999999890e-01,8.997903129843243253e-01
2.499853901999999906e-01,8.997847233249367527e-01
2.500186806999999956e-01,8.997623654500689350e-01
2.500519668000000251e-01,8.997400082224298323e-01
2.500769284000000092e-01,8.997232409539955844e-01
2.501268441999999759e-01,8.996897075144084654e-01
2.501850668000000222e-01,8.996505881558459761e-01
2.502100151000000161e-01,8.996338234520911969e-01
2.502515901999999848e-01,8.996058830910227400e-01
2.502848453000000029e-01,8.995835324812210265e-01
2.503097837000000103e-01,8.995667694405647952e-01
2.503264078999999920e-01,8.995555945342934567e-01
2.503513421999999933e-01,8.995388325977107247e-01
2.504510544999999921e-01,8.994717891707815216e-01
2.504593620000000187e-01,8.994662026427115986e-01
2.504759763000000139e-01,8.994550298047555570e-01
2.504842830999999825e-01,8.994494428285232379e-01
2.505092016000000088e-01,8.994326841854864973e-01
2.505258126000000085e-01,8.994215120797000029e-01
2.506586610000000048e-01,8.993321402818913457e-01
2.506835621999999875e-01,8.993153846573238575e-01
2.507499534000000030e-01,8.992707056704255519e-01
2.507748455000000098e-01,8.992539518570195067e-01
2.508495071999999881e-01,8.992036930293462182e-01
2.508578014999999772e-01,8.991981093867145169e-01
2.508826829999999952e-01,8.991813575375228185e-01
2.509158544000000268e-01,8.991590227980383876e-01
2.509241466000000087e-01,8.991534389078457146e-01
2.509490214999999802e-01,8.991366886987589568e-01
2.509821841000000053e-01,8.991143553357892060e-01
2.509904741000000272e-01,8.991087722083218603e-01
2.510070533000000048e-01,8.990976058937505400e-01
2.510484962999999792e-01,8.990696913663845935e-01
2.510567840999999856e-01,8.990641083206397655e-01
2.510816458999999834e-01,8.990473609006871536e-01
2.511230765999999948e-01,8.990194489953117207e-01
2.511396470000000214e-01,8.990082838415245359e-01
2.511810682000000239e-01,8.989803739842884278e-01
2.512142002000000152e-01,8.989580467617912518e-01
2.512556090999999991e-01,8.989301388120696235e-01
2.512721708000000276e-01,8.989189758996143365e-01
2.512804511999999768e-01,8.989133951157598501e-01
2.513218492000000026e-01,8.988854894584549227e-01
2.513715176999999912e-01,8.988520040078782358e-01
2.513797949000000087e-01,8.988464233137655190e-01
2.514046247000000234e-01,8.988296813838598798e-01
2.514460022000000183e-01,8.988017803611070278e-01
2.515452805000000236e-01,8.987348213008181652e-01
2.515700939000000136e-01,8.987180832275338815e-01
2.515866348999999946e-01,8.987069242646313905e-01
2.516445196000000051e-01,8.986678706944550843e-01
2.516693233000000252e-01,8.986511340081628774e-01
2.517437196000000266e-01,8.986009271975363699e-01
2.517767776000000013e-01,8.985786142267901955e-01
2.518015681999999922e-01,8.985618802729418153e-01
2.518098312000000005e-01,8.985563025241191104e-01
2.518428804999999771e-01,8.985339918036171492e-01
2.518511421999999889e-01,8.985284137115510106e-01
2.518759254999999864e-01,8.985116815223567199e-01
2.519007064000000073e-01,8.984949493313216795e-01
2.519172256000000165e-01,8.984837950299530140e-01
2.520328298999999772e-01,8.984057197103267889e-01
2.520493404999999965e-01,8.983945670910964409e-01
2.520741042999999904e-01,8.983778384048018983e-01
2.521071189999999906e-01,8.983555345812308524e-01
2.521401293000000154e-01,8.983332306326041738e-01
2.521978870000000095e-01,8.982942024343200105e-01
2.522391344000000091e-01,8.982663261467476179e-01
2.522721273999999902e-01,8.982440261137725201e-01
2.523133626999999879e-01,8.982161527655724287e-01
2.523298548999999835e-01,8.982050032935938733e-01
2.523628360999999876e-01,8.981827055052730158e-01
2.523710806999999723e-01,8.981771314171715925e-01
2.524370280000000077e-01,8.981325389943793924e-01
2.524699952000000192e-01,8.981102445585762428e-01
2.525359166999999738e-01,8.980656575821200915e-01
2.525688709999999726e-01,8.980433649707987298e-01
2.525935838999999739e-01,8.980266464352614220e-01
2.526347666000000047e-01,8.979987829799008781e-01
2.526430023999999830e-01,8.979932105103312079e-01
2.526677079999999909e-01,8.979764936600945768e-01
2.527088786999999726e-01,8.979486326394875428e-01
2.527335779000000060e-01,8.979319167087812525e-01
2.527665063999999795e-01,8.979096294899117092e-01
2.527747378999999905e-01,8.979040583622326377e-01
2.528323505999999776e-01,8.978650581840406097e-01
2.528405798999999732e-01,8.978594866301246036e-01
2.528899500999999828e-01,8.978260607430393891e-01
2.529064046999999760e-01,8.978149189070122604e-01
2.529310846999999751e-01,8.977982064891958380e-01
2.529557621999999895e-01,8.977814955957966747e-01
2.529639873999999788e-01,8.977759251712601474e-01
2.529886617000000060e-01,8.977592138842734881e-01
2.529968859999999764e-01,8.977536434295161349e-01
2.530297801999999985e-01,8.977313633924448588e-01
2.530380031000000196e-01,8.977257935401813382e-01
2.530873348000000078e-01,8.976923750379163236e-01
2.531284373000000087e-01,8.976645273302700234e-01
2.531613144000000037e-01,8.976422509555951335e-01
2.532517045000000078e-01,8.975809938540643129e-01
2.532599201999999883e-01,8.975754252582683890e-01
2.533009947000000039e-01,8.975475833126690395e-01
2.533502751999999747e-01,8.975141751016655345e-01
2.533584877000000235e-01,8.975086071293207901e-01
2.533666998999999920e-01,8.975030389313912726e-01
2.534323881000000167e-01,8.974584986300047085e-01
2.534816430999999870e-01,8.974250954499292110e-01
2.535226816000000216e-01,8.973972607566516047e-01
2.535883293999999788e-01,8.973527284987166119e-01
2.536211468999999830e-01,8.973304633396707031e-01
2.536457571999999883e-01,8.973137652350334781e-01
2.536539601000000199e-01,8.973081989822743187e-01
2.536785672999999908e-01,8.972915015208305922e-01
2.537523744999999886e-01,8.972414118390332760e-01
2.537769720999999978e-01,8.972247162875632842e-01
2.538179629000000270e-01,8.971968912222084702e-01
2.538261601999999839e-01,8.971913266574238488e-01
2.538753388000000166e-01,8.971579381799429376e-01
2.538835342999999911e-01,8.971523742463920481e-01
2.538917294999999963e-01,8.971468096304470174e-01
2.539163137000000070e-01,8.971301164201440637e-01
2.539408953999999774e-01,8.971134241151552668e-01
2.539490888000000002e-01,8.971078606075020279e-01
2.540228173999999894e-01,8.970577859492706585e-01
2.540391986000000157e-01,8.970466591665534617e-01
2.540473887999999958e-01,8.970410959352321800e-01
2.540883359000000175e-01,8.970132794989579272e-01
2.541374638000000186e-01,8.969799020229392017e-01
2.541702103999999851e-01,8.969576513913923854e-01
2.542111376999999783e-01,8.969298392157344368e-01
2.542193224000000029e-01,8.969242767072914679e-01
2.542438747999999915e-01,8.969075899296221621e-01
2.542847903000000076e-01,8.968797802711281353e-01
2.543093363999999745e-01,8.968630953602758638e-01
2.543420608999999999e-01,8.968408489499672953e-01
2.544320314999999888e-01,8.967796761835878927e-01
2.544647401999999836e-01,8.967574328831008357e-01
2.545383193999999905e-01,8.967073890141326054e-01
2.545464935999999789e-01,8.967018290289859861e-01
2.545628410999999924e-01,8.966907089594620128e-01
2.546037052999999828e-01,8.966629090284625736e-01
2.546118773000000113e-01,8.966573495111996861e-01
2.546363918999999809e-01,8.966406705497942387e-01
2.546772442999999941e-01,8.966128732631071241e-01
2.546935834999999870e-01,8.966017548653452129e-01
2.547262585999999773e-01,8.965795186403611172e-01
2.547670966000000203e-01,8.965517246606017343e-01
2.547997623000000100e-01,8.965294906508946005e-01
2.548079280000000169e-01,8.965239318828679416e-01
2.548324236999999770e-01,8.965072569062645380e-01
2.548977342000000035e-01,8.964627925616853732e-01
2.549222212999999737e-01,8.964461186535308546e-01
2.549956684999999945e-01,8.963961019504557148e-01
2.550038278999999797e-01,8.963905449172779871e-01
2.550283049000000024e-01,8.963738738661775063e-01
2.550527793999999848e-01,8.963572030570119420e-01
2.550609370999999959e-01,8.963516457353397637e-01
2.550690944999999821e-01,8.963460895259911521e-01
2.551261890000000032e-01,8.963071936789763772e-01
2.551914242000000166e-01,8.962627438613022246e-01
2.551995774999999966e-01,8.962571881097149973e-01
2.552647940000000171e-01,8.962127430731396949e-01
2.552892458000000087e-01,8.961960770164542067e-01
2.553218447000000224e-01,8.961738559080583144e-01
2.553462911000000113e-01,8.961571910674782648e-01
2.553544394000000217e-01,8.961516355694172375e-01
2.553951769000000205e-01,8.961238622828292533e-01
2.554196163999999936e-01,8.961071982774863054e-01
2.554440533999999818e-01,8.960905353857312461e-01
2.554603435000000200e-01,8.960794271161346414e-01
2.554847767000000269e-01,8.960627645774580374e-01
2.555092075000000018e-01,8.960461027032576853e-01
2.555173506000000261e-01,8.960405489844593951e-01
2.555743448999999723e-01,8.960016737142378895e-01
2.556069074999999802e-01,8.959794602458249768e-01
2.556476047999999834e-01,8.959516946580983188e-01
2.556557434000000240e-01,8.959461421179708562e-01
2.557208436000000251e-01,8.959017201766652505e-01
2.557371159999999866e-01,8.958906149985367273e-01
2.558103292000000195e-01,8.958406459078976924e-01
2.558509941000000065e-01,8.958128869957073803e-01
2.558753899999999804e-01,8.957962320861373451e-01
2.559079141999999751e-01,8.957740271716199132e-01
2.559810785000000144e-01,8.957240679175121345e-01
2.560054620000000170e-01,8.957074150701156423e-01
2.560460958999999925e-01,8.956796631667437447e-01
2.560948480999999943e-01,8.956463615399502531e-01
2.561029725999999784e-01,8.956408117137092395e-01
2.561679591000000089e-01,8.955964135523819536e-01
2.562004460999999789e-01,8.955742154974728475e-01
2.562248086999999730e-01,8.955575675707507788e-01
2.562329289999999982e-01,8.955520180521245877e-01
2.562897643000000003e-01,8.955131758500307626e-01
2.563060005999999724e-01,8.955020779275911780e-01
2.563628196000000137e-01,8.954632385562968366e-01
2.563709356000000161e-01,8.954576906038766992e-01
2.563952820000000021e-01,8.954410461332231730e-01
2.564358541000000269e-01,8.954133060245574871e-01
2.564601942999999995e-01,8.953966629181027148e-01
2.564926444000000250e-01,8.953744723241799930e-01
2.565575320999999853e-01,8.953300950039250194e-01
2.565899697999999840e-01,8.953079070900674674e-01
2.566305112000000221e-01,8.952801733860984434e-01
2.567602005999999881e-01,8.951914353715232364e-01
2.567764072000000009e-01,8.951803439998023970e-01
2.567845100999999741e-01,8.951747984783381407e-01
2.568250208000000256e-01,8.951470713806147783e-01
2.568817250000000052e-01,8.951082556110092625e-01
2.568898245999999830e-01,8.951027111085289034e-01
2.569060228999999751e-01,8.950916211775706843e-01
2.569546120000000267e-01,8.950583538226835056e-01
2.570193830999999984e-01,8.950139994754197081e-01
2.570355732999999865e-01,8.950029122953910843e-01
2.570436680000000029e-01,8.949973684121501627e-01
2.570679506999999919e-01,8.949807367408720848e-01
2.570760443999999811e-01,8.949751933617063893e-01
2.571084167000000087e-01,8.949530188969163635e-01
2.571407848999999746e-01,8.949308453561357624e-01
2.571650583999999795e-01,8.949142161437152465e-01
2.572135984999999736e-01,8.948809587315341707e-01
2.572378651000000183e-01,8.948643310888785285e-01
2.572702170999999760e-01,8.948421608830444685e-01
2.572944784000000262e-01,8.948255339406473441e-01
2.573268231999999989e-01,8.948033656112286405e-01
2.573349086999999757e-01,8.947978237206606345e-01
2.573429939999999916e-01,8.947922815392961304e-01
2.573995841000000229e-01,8.947534895446551673e-01
2.574319157000000136e-01,8.947313239305370036e-01
2.574642433000000064e-01,8.947091588355513547e-01
2.575288861999999734e-01,8.946648320224699358e-01
2.575369653999999842e-01,8.946592909496846602e-01
2.575531231000000032e-01,8.946482100635714252e-01
2.575854354000000068e-01,8.946260482118908453e-01
2.576258201000000136e-01,8.945983476662678902e-01
2.576500479000000121e-01,8.945817278524370586e-01
2.576823481000000138e-01,8.945595684224824096e-01
2.576904225000000159e-01,8.945540291560096779e-01
2.577953667999999809e-01,8.944820180684844857e-01
2.578195786999999961e-01,8.944654017427299264e-01
2.578437882999999875e-01,8.944487858165167671e-01
2.578518576000000118e-01,8.944432466009635263e-01
2.579244705000000026e-01,8.943934022030739506e-01
2.579809330000000234e-01,8.943546365438332924e-01
2.580131916999999775e-01,8.943324861227525124e-01
2.580373831000000173e-01,8.943158736866861913e-01
2.580454463999999892e-01,8.943103367168144802e-01
2.580696348000000029e-01,8.942937244389900231e-01
2.581180048000000227e-01,8.942605029995225330e-01
2.581824839999999899e-01,8.942162098788419833e-01
2.581986012999999969e-01,8.942051373592168062e-01
2.582066595999999992e-01,8.941996007903397770e-01
2.582388901000000070e-01,8.941774564041538031e-01
2.582711166000000169e-01,8.941553127231152143e-01
2.583033390999999734e-01,8.941331695312925154e-01
2.583113940999999802e-01,8.941276342685333667e-01
2.583597188000000267e-01,8.940944220455855351e-01
2.583758251000000117e-01,8.940833513137815824e-01
2.583999825000000139e-01,8.940667463899099054e-01
2.584563410999999866e-01,8.940280031287047846e-01
2.584965898000000095e-01,8.940003304678580953e-01
2.585287841999999725e-01,8.939781931808303828e-01
2.585690214999999959e-01,8.939505235757835289e-01
2.585931609000000075e-01,8.939339220143848186e-01
2.586172981000000037e-01,8.939173216612082973e-01
2.586253432999999768e-01,8.939117875459189344e-01
2.586896960999999773e-01,8.938675213666008590e-01
2.587138241999999977e-01,8.938509221795530868e-01
2.587218664000000001e-01,8.938453895417275419e-01
2.587620736999999838e-01,8.938177260730798546e-01
2.588183534999999869e-01,8.937789991250459920e-01
2.588505079000000264e-01,8.937568709098590025e-01
2.588826583000000126e-01,8.937347428548657602e-01
2.588906952000000206e-01,8.937292109207350954e-01
2.589148047000000008e-01,8.937126163355660902e-01
2.590754766999999736e-01,8.936019951040378162e-01
2.590835076999999931e-01,8.935964642297837823e-01
2.590995689999999740e-01,8.935854034506049981e-01
2.591075991999999828e-01,8.935798729529522699e-01
2.591316884000000043e-01,8.935632819517040915e-01
2.591477467000000146e-01,8.935522223641328976e-01
2.591718322000000074e-01,8.935356319450281637e-01
2.591959153999999765e-01,8.935190423782842783e-01
2.592039427000000229e-01,8.935135128466413779e-01
2.592681518000000129e-01,8.934692768943369723e-01
2.592761767999999800e-01,8.934637479960660933e-01
2.593243217000000267e-01,8.934305733717194942e-01
2.593403679999999878e-01,8.934195156872650756e-01
2.593564133999999854e-01,8.934084581534842417e-01
2.593644355999999984e-01,8.934029294428940116e-01
2.594687028000000062e-01,8.933310618744864096e-01
2.594847402000000081e-01,8.933200056038217429e-01
2.595328464000000168e-01,8.932868395716832000e-01
2.595568961999999980e-01,8.932702571362628463e-01
2.595889591000000163e-01,8.932481484415619732e-01
2.596130036000000030e-01,8.932315666035391954e-01
2.596450596000000055e-01,8.932094592789397991e-01
2.596530729000000037e-01,8.932039323823953714e-01
2.596610860999999937e-01,8.931984053114252475e-01
2.597091596000000169e-01,8.931652461073955607e-01
2.597171710000000244e-01,8.931597198572306384e-01
2.597251821000000072e-01,8.931541939069173042e-01
2.597812532000000063e-01,8.931155114815031437e-01
2.597892623999999984e-01,8.931099852739031730e-01
2.598693404999999901e-01,8.930547295242006189e-01
2.598773468999999725e-01,8.930492045894882214e-01
2.599013647999999788e-01,8.930326282633719304e-01
2.599173754999999919e-01,8.930215782134488522e-01
2.599413897000000251e-01,8.930050037993176870e-01
2.599734050999999990e-01,8.929829046614626842e-01
2.600054166999999916e-01,8.929608065427433461e-01
2.600374241999999780e-01,8.929387094433762773e-01
2.600454254999999826e-01,8.929331851871352699e-01
2.600694278999999831e-01,8.929166130761545528e-01
2.601654151000000192e-01,8.928503285500656306e-01
2.602213912999999934e-01,8.928116659601426086e-01
2.602293869999999787e-01,8.928061437246790355e-01
2.602533723000000077e-01,8.927895750147990528e-01
2.602613670000000212e-01,8.927840518543822546e-01
2.603253152000000181e-01,8.927398716535328571e-01
2.603492917999999934e-01,8.927233047638092334e-01
2.603652748999999988e-01,8.927122606838830965e-01
2.603812570999999854e-01,8.927012164754153378e-01
2.604291977000000036e-01,8.926680860175734145e-01
2.604531647000000172e-01,8.926515216234018890e-01
2.605809512999999744e-01,8.925631847663313412e-01
2.606208717999999869e-01,8.925355820403912954e-01
2.606448211999999875e-01,8.925190211066845736e-01
2.606687683000000200e-01,8.925024605381298715e-01
2.607086753999999784e-01,8.924748606945351881e-01
2.607326166000000223e-01,8.924583019520229143e-01
2.607405965999999853e-01,8.924527824981374202e-01
2.608363368000000126e-01,8.923865508072047481e-01
2.608762182000000096e-01,8.923589570995416054e-01
2.609240679000000007e-01,8.923258458868452703e-01
2.609320419999999752e-01,8.923203273542265057e-01
2.609400157999999803e-01,8.923148087907486481e-01
2.609958258999999781e-01,8.922761824255770469e-01
2.610037977999999925e-01,8.922706645961195893e-01
2.610197408000000108e-01,8.922596290447158962e-01
2.610914724999999770e-01,8.922099711747130124e-01
2.611153787000000115e-01,8.921934204004469127e-01
2.611233468999999974e-01,8.921879029252464122e-01
2.611472502000000140e-01,8.921713520953977739e-01
2.611870841000000221e-01,8.921437681290272925e-01
2.612428413999999810e-01,8.921051530545810460e-01
2.612826608000000106e-01,8.920775723176695982e-01
2.613145118999999905e-01,8.920555090054992364e-01
2.613782023999999815e-01,8.920113838019485542e-01
2.613861626999999799e-01,8.920058689942936825e-01
2.614020824000000132e-01,8.919948381621618516e-01
2.614100419000000008e-01,8.919893225302673034e-01
2.614339189000000063e-01,8.919727776498521665e-01
2.614418774999999751e-01,8.919672626696538709e-01
2.615055370000000101e-01,8.919231451169994385e-01
2.615691810999999922e-01,8.918790297842691395e-01
2.615771355000000020e-01,8.918735156975921008e-01
2.616248568999999802e-01,8.918404330169145133e-01
2.616566664000000153e-01,8.918183783590613034e-01
2.616646181000000237e-01,8.918128648960873539e-01
2.616884718999999970e-01,8.917963241232639282e-01
2.617600204000000153e-01,8.917467066001808496e-01
2.617679689999999892e-01,8.917411939643896668e-01
2.618315492000000133e-01,8.916970928943596109e-01
2.618553878000000057e-01,8.916805559651040936e-01
2.618871693000000000e-01,8.916585075507809099e-01
2.619110028000000145e-01,8.916419720814967587e-01
2.619427775000000014e-01,8.916199244877557328e-01
2.619586634000000136e-01,8.916089016437169779e-01
2.619824904999999982e-01,8.915923668893862564e-01
2.620221973999999898e-01,8.915648110692365735e-01
2.620460186999999941e-01,8.915482778828187627e-01
2.620777770000000118e-01,8.915262345358403451e-01
2.621412820999999838e-01,8.914821499531822013e-01
2.621650924999999743e-01,8.914656194231489472e-01
2.622365108999999972e-01,8.914160298876006028e-01
2.622603126999999978e-01,8.913995014486258972e-01
2.622682460999999909e-01,8.913939918827704645e-01
2.622920450999999820e-01,8.913774635115353506e-01
2.623396364000000203e-01,8.913444079213656002e-01
2.624030781000000201e-01,8.913003375777335258e-01
2.624506494000000134e-01,8.912672874155767033e-01
2.624585770999999790e-01,8.912617792515717952e-01
2.625219899999999829e-01,8.912177143375500377e-01
2.625299155999999967e-01,8.912122067886936172e-01
2.625457659000000055e-01,8.912011911708218603e-01
2.625536908000000169e-01,8.911956837831901401e-01
2.625933113000000207e-01,8.911681464843290712e-01
2.626170808000000134e-01,8.911516248899749026e-01
2.626487699999999759e-01,8.911295965046753809e-01
2.626725344999999989e-01,8.911130757360228305e-01
2.627200568999999986e-01,8.910800360362471917e-01
2.627438148999999834e-01,8.910635163670705960e-01
2.627675707000000083e-01,8.910469975404676779e-01
2.627834068000000078e-01,8.910359850866219622e-01
2.627992418000000274e-01,8.910249732841374337e-01
2.628388253999999757e-01,8.909974441178885041e-01
2.628704879000000050e-01,8.909754218765520983e-01
2.629021465999999974e-01,8.909534003764207899e-01
2.629258881000000048e-01,8.909368841378524362e-01
2.629338015000000084e-01,8.909313794953157561e-01
2.630524734999999947e-01,8.908488090278381399e-01
2.630920189000000020e-01,8.908212879411334661e-01
2.630999272999999805e-01,8.908157838306370868e-01
2.631473724999999764e-01,8.907827613507898201e-01
2.631552791999999807e-01,8.907772580357811165e-01
2.631631857000000241e-01,8.907717541133303163e-01
2.631869036000000217e-01,8.907552436096471959e-01
2.632106195000000204e-01,8.907387337007932615e-01
2.632185242999999786e-01,8.907332305988442389e-01
2.632264288999999757e-01,8.907277272828684200e-01
2.632817541999999955e-01,8.906892068900983395e-01
2.632896569000000020e-01,8.906837040420084728e-01
2.633054615000000043e-01,8.906726983260938590e-01
2.633133635000000083e-01,8.906671957878267154e-01
2.633528696999999918e-01,8.906396838454840870e-01
2.634002693999999978e-01,8.906066708990512115e-01
2.634081684999999839e-01,8.906011691129941399e-01
2.634397626000000159e-01,8.905791615146921858e-01
2.635424171999999898e-01,8.905076433837902927e-01
2.635661011000000054e-01,8.904911401191717424e-01
2.636529236999999859e-01,8.904306338611367444e-01
2.636608152000000094e-01,8.904251336312923870e-01
2.636687065000000163e-01,8.904196331861060631e-01
2.636844884000000278e-01,8.904086333504881434e-01
2.637160493999999855e-01,8.903866326896116012e-01
2.637318284999999873e-01,8.903756333836613246e-01
2.637554952999999758e-01,8.903591342285051002e-01
2.637949352999999775e-01,8.903316370630159904e-01
2.638107096999999790e-01,8.903206377167863783e-01
2.638501415000000239e-01,8.902931424769243707e-01
2.638816826000000004e-01,8.902711467691004632e-01
2.639211038000000009e-01,8.902436532423980697e-01
2.639447536000000261e-01,8.902271584529054538e-01
2.639762835000000196e-01,8.902051649117519450e-01
2.640078095999999763e-01,8.901831723125545048e-01
2.640472119000000228e-01,8.901556838829364215e-01
2.640708505000000095e-01,8.901391905561970574e-01
2.641102433999999999e-01,8.901117036949842687e-01
2.641653836000000255e-01,8.900732237299928684e-01
2.642205122999999878e-01,8.900347471909052510e-01
2.642362612999999971e-01,8.900237536583510689e-01
2.642598829000000205e-01,8.900072648433309253e-01
2.642835024999999893e-01,8.899907766016342814e-01
2.642913752000000116e-01,8.899852801555575565e-01
2.644173067000000210e-01,8.898973495269743017e-01
2.644409121999999890e-01,8.898808638492154977e-01
2.644487803000000192e-01,8.898753691053519210e-01
2.644881169000000143e-01,8.898478947705941167e-01
2.645667725999999997e-01,8.897929496839935837e-01
2.646060916999999901e-01,8.897654791214487657e-01
2.646375427000000058e-01,8.897435031858400567e-01
2.647004336000000069e-01,8.896995553938570334e-01
2.647240138999999992e-01,8.896830751478822519e-01
2.647868842000000167e-01,8.896391310746745162e-01
2.648025995000000132e-01,8.896281458728546587e-01
2.648575954999999871e-01,8.895896980910915630e-01
2.648654511999999905e-01,8.895842064831042117e-01
2.648890166999999796e-01,8.895677293835014821e-01
2.649204341999999990e-01,8.895457615869734047e-01
2.649282880000000118e-01,8.895402702113803795e-01
2.649439948000000267e-01,8.895292865936731408e-01
2.651088608000000124e-01,8.894139710331866455e-01
2.651402521999999817e-01,8.893920094085711048e-01
2.651716398999999780e-01,8.893700482763393644e-01
2.651951781999999924e-01,8.893535775751337802e-01
2.652030239000000011e-01,8.893480879912937231e-01
2.652265594000000060e-01,8.893316182042637630e-01
2.652657807000000090e-01,8.893041694287100452e-01
2.652971534999999936e-01,8.892822115426968210e-01
2.653206806999999778e-01,8.892657437590255620e-01
2.653598880999999965e-01,8.892382980611011067e-01
2.653677287999999801e-01,8.892328086607322879e-01
2.653912498000000064e-01,8.892163423533537836e-01
2.654147686000000173e-01,8.891998760040217276e-01
2.654304466999999890e-01,8.891888993069836378e-01
2.654774753999999959e-01,8.891559693201986914e-01
2.654853126999999757e-01,8.891504810418653371e-01
2.654931497999999945e-01,8.891449929693467924e-01
2.655480028000000159e-01,8.891065777200296560e-01
2.655558379999999885e-01,8.891010898620876901e-01
2.655793423000000208e-01,8.890846275834568546e-01
2.656185114999999874e-01,8.890571902245945068e-01
2.656655068000000064e-01,8.890242680260785901e-01
2.656968324999999798e-01,8.890023212035725875e-01
2.657046632999999769e-01,8.889968341090627169e-01
2.657438140000000226e-01,8.889694015464271182e-01
2.657907871999999894e-01,8.889364840926675670e-01
2.658064431000000116e-01,8.889255117252421456e-01
2.658299251999999835e-01,8.889090545686101352e-01
2.659238329999999983e-01,8.888432276722056935e-01
2.659316570999999962e-01,8.888377427825119304e-01
2.659785971999999998e-01,8.888048327843582896e-01
2.659864196999999764e-01,8.887993480136064939e-01
2.659942419999999919e-01,8.887938636228490674e-01
2.660489917000000148e-01,8.887554713875184254e-01
2.660724523999999924e-01,8.887390182188640297e-01
2.661428221000000094e-01,8.886896631720696549e-01
2.661819084000000002e-01,8.886622443156353413e-01
2.662053574000000089e-01,8.886457947684983649e-01
2.662288043000000104e-01,8.886293449878781558e-01
2.662366194999999935e-01,8.886238614032487826e-01
2.662991326999999964e-01,8.885799987346166828e-01
2.663069457999999723e-01,8.885745157301485619e-01
2.663225712999999772e-01,8.885635509263152265e-01
2.663928749999999734e-01,8.885142096606085671e-01
2.664163053999999975e-01,8.884977635236658289e-01
2.664241151000000252e-01,8.884922817846220289e-01
2.664475426999999841e-01,8.884758366563044740e-01
2.664865842999999956e-01,8.884484285651853552e-01
2.665178134000000254e-01,8.884265034338436617e-01
2.665568447000000174e-01,8.883990974452369294e-01
2.665802607000000157e-01,8.883826550210126571e-01
2.666192828000000237e-01,8.883552516704936730e-01
2.666817062999999877e-01,8.883114087504827561e-01
2.666973099000000125e-01,8.883004484499236186e-01
2.667051113000000195e-01,8.882949686759206154e-01
2.667285142999999970e-01,8.882785292989728854e-01
2.667675146999999858e-01,8.882511306161118281e-01
2.667909122000000077e-01,8.882346919174399780e-01
2.668299035000000208e-01,8.882072951796361471e-01
2.668610925000000078e-01,8.881853792765488365e-01
2.668922778000000218e-01,8.881634635641358910e-01
2.669546374000000277e-01,8.881196357991982815e-01
2.669780185000000250e-01,8.881032006744712382e-01
2.670481496000000066e-01,8.880538992977642376e-01
2.670715224999999915e-01,8.880374667762195307e-01
2.670793129999999849e-01,8.880319892277310778e-01
2.671182622000000118e-01,8.880046027516138585e-01
2.671727815000000117e-01,8.879662632201392736e-01
2.671805690999999872e-01,8.879607865514541620e-01
2.671961435999999912e-01,8.879498333493781592e-01
2.672350756999999910e-01,8.879224505388446653e-01
2.672428614999999841e-01,8.879169741227438406e-01
2.672662174000000057e-01,8.879005447987855515e-01
2.672895712000000201e-01,8.878841163080806176e-01
2.673051392999999942e-01,8.878731643027168996e-01
2.673207065000000049e-01,8.878622125885916594e-01
2.673284898000000132e-01,8.878567362979010724e-01
2.673596206000000142e-01,8.878348338410353424e-01
2.674296514999999763e-01,8.877855555141384025e-01
2.674452115000000019e-01,8.877746051909115588e-01
2.674529910999999816e-01,8.877691305240916764e-01
2.674918859000000038e-01,8.877417557015958582e-01
2.675152199999999980e-01,8.877253319517567354e-01
2.676085362999999773e-01,8.876596408497824386e-01
2.676163112000000122e-01,8.876541670310653664e-01
2.676629556999999826e-01,8.876213241934943765e-01
2.676707291000000044e-01,8.876158513366703140e-01
2.676785020999999931e-01,8.876103777437887032e-01
2.677018199999999792e-01,8.875939570895259312e-01
2.677251359000000219e-01,8.875775379786806640e-01
2.677329073999999975e-01,8.875720645055827918e-01
2.678649882999999954e-01,8.874790293368157723e-01
2.678882899999999734e-01,8.874626128137421688e-01
2.679814763000000211e-01,8.873969512118150549e-01
2.679892403999999950e-01,8.873914799643778384e-01
2.680125312000000148e-01,8.873750666440389789e-01
2.680513447999999799e-01,8.873477106982911033e-01
2.681755104999999917e-01,8.872601821785892628e-01
2.681910271999999873e-01,8.872492415685453437e-01
2.681987852000000117e-01,8.872437716893255555e-01
2.682220578000000244e-01,8.872273617317743000e-01
2.682298148999999743e-01,8.872218918027541257e-01
2.682608410999999804e-01,8.872000129349540964e-01
2.682918636000000134e-01,8.871781353821521776e-01
2.682996187000000199e-01,8.871726656908711650e-01
2.683151281999999749e-01,8.871617275254409796e-01
2.683538979999999796e-01,8.871343822929949052e-01
2.683616513000000037e-01,8.871289131456792099e-01
2.684081662999999729e-01,8.870961009498046224e-01
2.684391718999999954e-01,8.870742266994307013e-01
2.684469226999999791e-01,8.870687588975223470e-01
2.684701737999999893e-01,8.870523537606000986e-01
2.684779237000000096e-01,8.870468855197770619e-01
2.685476631000000003e-01,8.869976747645981208e-01
2.685709055000000123e-01,8.869812716758642690e-01
2.686096383000000087e-01,8.869539353076322241e-01
2.686328754000000263e-01,8.869375341478669128e-01
2.686638550000000070e-01,8.869156660247018431e-01
2.686870874000000242e-01,8.868992651112493908e-01
2.687180606999999832e-01,8.868773988849707468e-01
2.687335459999999898e-01,8.868664664088738991e-01
2.687567724000000102e-01,8.868500672736886470e-01
2.687954785000000180e-01,8.868227363767352545e-01
2.688573966000000204e-01,8.867790103829171766e-01
2.689115632999999894e-01,8.867407523501245059e-01
2.689193005000000136e-01,8.867352872066879277e-01
2.689657191000000003e-01,8.867024977472456326e-01
2.689811901999999977e-01,8.866915683868391573e-01
2.690043951000000155e-01,8.866751741320425539e-01
2.690353319000000076e-01,8.866533158543397075e-01
2.690585321999999779e-01,8.866369227925418040e-01
2.690662651999999877e-01,8.866314591790644961e-01
2.690971949000000030e-01,8.866096028481085245e-01
2.691281211000000062e-01,8.865877472280149219e-01
2.691513132999999725e-01,8.865713565774310245e-01
2.691667736999999727e-01,8.865604291230592127e-01
2.692208782000000133e-01,8.865221864693891840e-01
2.692749717999999848e-01,8.864839458991088383e-01
2.692826984999999729e-01,8.864784827708511727e-01
2.692904251000000082e-01,8.864730196186557665e-01
2.693058775000000127e-01,8.864620952569934875e-01
2.693136033999999901e-01,8.864566323009663851e-01
2.693445046999999870e-01,8.864347829211046692e-01
2.693985734000000076e-01,8.863965479253765878e-01
2.694294649000000264e-01,8.863747002858396451e-01
2.694680743999999795e-01,8.863473930141262391e-01
2.694757956000000121e-01,8.863419311842725135e-01
2.695529957000000199e-01,8.862873196005214282e-01
2.696533227999999838e-01,8.862163326674901143e-01
2.696610387999999747e-01,8.862108722459861587e-01
2.696764698999999932e-01,8.861999521435079963e-01
2.696841851999999817e-01,8.861944914945909524e-01
2.697227582000000234e-01,8.861671927288169437e-01
2.697458992999999805e-01,8.861508133442521640e-01
2.697690385000000024e-01,8.861344352899716004e-01
2.697767510999999896e-01,8.861289750002332433e-01
2.697998876000000101e-01,8.861125975709153169e-01
2.698384441000000189e-01,8.860853015372147645e-01
2.698461547000000071e-01,8.860798429209899574e-01
2.699001228999999835e-01,8.860416319000187224e-01
2.699078317999999976e-01,8.860361729689538723e-01
2.699309570999999797e-01,8.860197975677490678e-01
2.700311436999999759e-01,8.859488441733608388e-01
2.700465537999999777e-01,8.859379286907083095e-01
2.700542584000000246e-01,8.859324709233104000e-01
2.700927786000000275e-01,8.859051839115988924e-01
2.701158880000000262e-01,8.858888122074219940e-01
2.701389954999999787e-01,8.858724413010433674e-01
2.701698023999999920e-01,8.858506138969548527e-01
2.701775035000000269e-01,8.858451575351522500e-01
2.702083060000000092e-01,8.858233308973522124e-01
2.702622018999999987e-01,8.857851365778949271e-01
2.703006923999999866e-01,8.857578568464957725e-01
2.703314808999999763e-01,8.857360339920635761e-01
2.703853521999999843e-01,8.856978458511677310e-01
2.703930472000000140e-01,8.856923897353451425e-01
2.704238252000000231e-01,8.856705697890736584e-01
2.704469063000000117e-01,8.856542047380340232e-01
2.704853704999999886e-01,8.856269307724243811e-01
2.705161380000000171e-01,8.856051128110521420e-01
2.705238293000000183e-01,8.855996581492455721e-01
2.705392112000000182e-01,8.855887499025809628e-01
2.705776623000000214e-01,8.855614793122189576e-01
2.706084193000000138e-01,8.855396632775220933e-01
2.706468604999999750e-01,8.855123957074513275e-01
2.707006691000000131e-01,8.854742221571807459e-01
2.707852037999999850e-01,8.854142402938386391e-01
2.708543489999999943e-01,8.853651688805123099e-01
2.709081163000000014e-01,8.853270048674483084e-01
2.709388356999999914e-01,8.853051987067763751e-01
2.709541940999999898e-01,8.852942954367443162e-01
2.709772301000000216e-01,8.852779415122248308e-01
2.710079416999999768e-01,8.852561367621276656e-01
2.710156189999999854e-01,8.852506855138833064e-01
2.710693544000000177e-01,8.852125291377974659e-01
2.710770299999999966e-01,8.852070786456847085e-01
2.711307532000000187e-01,8.851689255900518916e-01
2.711384271000000235e-01,8.851634753659729515e-01
2.711614473999999775e-01,8.851471247352822314e-01
2.711844657999999963e-01,8.851307746026064738e-01
2.711998103000000104e-01,8.851198748927577853e-01
2.712458385000000027e-01,8.850871775053489321e-01
2.712535091000000120e-01,8.850817277832916385e-01
2.712765196999999961e-01,8.850653801976308133e-01
2.713148663000000127e-01,8.850381345694695590e-01
2.713225349000000231e-01,8.850326851103612613e-01
2.713455396000000186e-01,8.850163386338122384e-01
2.713838764000000014e-01,8.849890954215867689e-01
2.714298734999999740e-01,8.849564040889035255e-01
2.714375388999999972e-01,8.849509563311035443e-01
2.714988543999999893e-01,8.849073727698051339e-01
2.715065179000000217e-01,8.849019247232932095e-01
2.715678179000000081e-01,8.848583439616092283e-01
2.715908018000000035e-01,8.848420027558856482e-01
2.716137836999999999e-01,8.848256611225323587e-01
2.716214439999999897e-01,8.848202145927164253e-01
2.716291040000000101e-01,8.848147676275189832e-01
2.716827179999999897e-01,8.847766407743142825e-01
2.716903762999999805e-01,8.847711943609800622e-01
2.717133498000000036e-01,8.847548548556334325e-01
2.717363213999999805e-01,8.847385154573449428e-01
2.717669471999999975e-01,8.847167315978732294e-01
2.717746031000000118e-01,8.847112852354159784e-01
2.718052246000000061e-01,8.846895026784032945e-01
2.718358425999999883e-01,8.846677196499966866e-01
2.718664572000000224e-01,8.846459381534150790e-01
2.718894157999999783e-01,8.846296025088272730e-01
2.719200244000000155e-01,8.846078222755693332e-01
2.719353273999999820e-01,8.845969326625040541e-01
2.719888810000000157e-01,8.845588200471821150e-01
2.720500723000000010e-01,8.845152660202908468e-01
2.720577202000000194e-01,8.845098222208955807e-01
2.720806626999999756e-01,8.844934905278978299e-01
2.721418333000000245e-01,8.844499407484421871e-01
2.721647688000000120e-01,8.844336107535104574e-01
2.722412062999999827e-01,8.843791805255948324e-01
2.722564912000000059e-01,8.843682950483078287e-01
2.723481826999999966e-01,8.843029872136530800e-01
2.723787396999999832e-01,8.842812192513594960e-01
2.724169310999999816e-01,8.842540107239132974e-01
2.724245686999999805e-01,8.842485687784348292e-01
2.724474802999999890e-01,8.842322449308679388e-01
2.725391075999999968e-01,8.841669515193529838e-01
2.726078077999999905e-01,8.841179875635912788e-01
2.726307041000000098e-01,8.841016664089673682e-01
2.726612293999999825e-01,8.840799063338611319e-01
2.726688601999999739e-01,8.840744667005645541e-01
2.727146403999999857e-01,8.840418277279118442e-01
2.727222697000000196e-01,8.840363882228041703e-01
2.727451564000000217e-01,8.840200701308927878e-01
2.727832964999999943e-01,8.839928740237213978e-01
2.727909237999999736e-01,8.839874349182617053e-01
2.728138046999999955e-01,8.839711181295593079e-01
2.728519352000000064e-01,8.839439244313200827e-01
2.728748108999999866e-01,8.839276086164591373e-01
2.728976847999999844e-01,8.839112931510174631e-01
2.729358035000000182e-01,8.838841022512690104e-01
2.729662947000000006e-01,8.838623504673617237e-01
2.729891609000000274e-01,8.838460375774308542e-01
2.729967824999999793e-01,8.838405994738787186e-01
2.730348874999999897e-01,8.838134118278277995e-01
2.730882253999999953e-01,8.837753509220570569e-01
2.731110814000000109e-01,8.837590407567941231e-01
2.731491703999999743e-01,8.837318567764254063e-01
2.732101016999999854e-01,8.836883656018260647e-01
2.732177171999999876e-01,8.836829291754246807e-01
2.732710194999999898e-01,8.836448773585945382e-01
2.732786333000000178e-01,8.836394412410304433e-01
2.733319236999999791e-01,8.836013926408893271e-01
2.733547592000000193e-01,8.835850871498976966e-01
2.733623707000000236e-01,8.835796519445484609e-01
2.733852037000000235e-01,8.835633462035026309e-01
2.734232544999999903e-01,8.835361717434629947e-01
2.734765167000000052e-01,8.834981300536990378e-01
2.734841248000000058e-01,8.834926947708993117e-01
2.735145547999999760e-01,8.834709582131002881e-01
2.735221617999999966e-01,8.834655243503038990e-01
2.735449815000000062e-01,8.834492224895184043e-01
2.735677993000000252e-01,8.834329206005705482e-01
2.735830101000000236e-01,8.834220527072603746e-01
2.736058246999999999e-01,8.834057524009741869e-01
2.736286373999999855e-01,8.833894520608520651e-01
2.736894619999999945e-01,8.833459865575844505e-01
2.737046659999999854e-01,8.833351209269439952e-01
2.737274705000000141e-01,8.833188222225903941e-01
2.737654736999999838e-01,8.832916593102214664e-01
2.737882730999999792e-01,8.832753627004822361e-01
2.738414643000000037e-01,8.832373374891582252e-01
2.738870486000000160e-01,8.832047468998930340e-01
2.739098379000000083e-01,8.831884518738152279e-01
2.739706000000000086e-01,8.831450022277884671e-01
2.740009760000000072e-01,8.831232779083019180e-01
2.740313487000000103e-01,8.831015552287760917e-01
2.740617180000000097e-01,8.830798335427358925e-01
2.740693097999999939e-01,8.830744028964643277e-01
2.740844927000000153e-01,8.830635416551645411e-01
2.741148561000000261e-01,8.830418217540998427e-01
2.741300366000000155e-01,8.830309608934552301e-01
2.741528057000000018e-01,8.830146719654906606e-01
2.741755727999999892e-01,8.829983820631516211e-01
2.741831614999999944e-01,8.829929529456874704e-01
2.742059262000000053e-01,8.829766637455382927e-01
2.742742087999999745e-01,8.829278016248915950e-01
2.742969659000000227e-01,8.829115143042938207e-01
2.743045512000000241e-01,8.829060851934195098e-01
2.743121363000000090e-01,8.829006563928062379e-01
2.743348903000000227e-01,8.828843710089633312e-01
2.743652259000000093e-01,8.828626573524661625e-01
2.744258871999999960e-01,8.828192312592385571e-01
2.744334689999999854e-01,8.828138033572109356e-01
2.744486318000000091e-01,8.828029480522826544e-01
2.746077907000000207e-01,8.826889751632843728e-01
2.746153673999999767e-01,8.826835484379350616e-01
2.746380963000000230e-01,8.826672688079535423e-01
2.746759735000000036e-01,8.826401369447727241e-01
2.746986973000000165e-01,8.826238581948827600e-01
2.748122882999999850e-01,8.825424722596274529e-01
2.748198593000000245e-01,8.825370469002266072e-01
2.748425711999999965e-01,8.825207719064134260e-01
2.748501414999999781e-01,8.825153466945296898e-01
2.748577114999999904e-01,8.825099213352544103e-01
2.749182640999999760e-01,8.824665229065548067e-01
2.749712367000000102e-01,8.824285513242863255e-01
2.750015022000000253e-01,8.824068550245760534e-01
2.750393293000000239e-01,8.823797350867631506e-01
2.750544588000000124e-01,8.823688878174991146e-01
2.750620230999999971e-01,8.823634647013223198e-01
2.750847150999999879e-01,8.823471932145081631e-01
2.750922786000000175e-01,8.823417702501832327e-01
2.751754640999999890e-01,8.822821156813400734e-01
2.752661831000000059e-01,8.822170450561249710e-01
2.752964162000000048e-01,8.821953561337356753e-01
2.753342027999999830e-01,8.821682462985681594e-01
2.753417595000000051e-01,8.821628251627080530e-01
2.753946507000000210e-01,8.821248737849461952e-01
2.754022057000000134e-01,8.821194527850938494e-01
2.754248696000000107e-01,8.821031892711381772e-01
2.754550853000000132e-01,8.820815046498863277e-01
2.754626385999999760e-01,8.820760840548663717e-01
2.755155066000000152e-01,8.820381384484027310e-01
2.755381611000000119e-01,8.820218768478670368e-01
2.755457123000000230e-01,8.820164565563335390e-01
2.755683642999999794e-01,8.820001957178948970e-01
2.755834647000000026e-01,8.819893555124853624e-01
2.756061136999999883e-01,8.819730950083756182e-01
2.756363095000000096e-01,8.819514159553684118e-01
2.756665019000000272e-01,8.819297380943879050e-01
2.756966909999999937e-01,8.819080599619082417e-01
2.757042377999999738e-01,8.819026403475168641e-01
2.757268768999999731e-01,8.818863832682110049e-01
2.757646045000000101e-01,8.818592885875781162e-01
2.757872385999999842e-01,8.818430318167780335e-01
2.758098708999999760e-01,8.818267759906092129e-01
2.758174145999999771e-01,8.818213569371947669e-01
2.758777565000000154e-01,8.817780114859542495e-01
2.759003812999999972e-01,8.817617567564184355e-01
2.759682446999999761e-01,8.817129971977989422e-01
2.760059394000000110e-01,8.816859114115971341e-01
2.760587031999999774e-01,8.816479914604102852e-01
2.760662401000000266e-01,8.816425752288665763e-01
2.760888495000000109e-01,8.816263250248490557e-01
2.761114570000000046e-01,8.816100748617274885e-01
2.761265277000000129e-01,8.815992422492849867e-01
2.761415975000000023e-01,8.815884097069636161e-01
2.761491321000000276e-01,8.815829930365874922e-01
2.761792685000000191e-01,8.815613285943513233e-01
2.762470632999999842e-01,8.815125862022323844e-01
2.762696579000000208e-01,8.814963395107265898e-01
2.762922506000000111e-01,8.814800940747948843e-01
2.763073113999999775e-01,8.814692639050301093e-01
2.763600177000000158e-01,8.814313581251428387e-01
2.763826031000000127e-01,8.814151144742615740e-01
2.764277681999999792e-01,8.813826273106616371e-01
2.764503480000000124e-01,8.813663847826221920e-01
2.764804516000000101e-01,8.813447284755490108e-01
2.765331248999999825e-01,8.813068317621727266e-01
2.765481725999999751e-01,8.812960045155250333e-01
2.766008329999999904e-01,8.812581111456780913e-01
2.766083550999999807e-01,8.812526981141258764e-01
2.766233987000000227e-01,8.812418715676845204e-01
2.766685245000000126e-01,8.812093949310940699e-01
2.766910846999999785e-01,8.811931574088552876e-01
2.767211620000000205e-01,8.811715072064746357e-01
2.767512361000000198e-01,8.811498582015246939e-01
2.767813069000000237e-01,8.811282100966516539e-01
2.768113743999999765e-01,8.811065626648960647e-01
2.768489543000000053e-01,8.810795052623313639e-01
2.768714997000000233e-01,8.810632708216099562e-01
2.769541507000000125e-01,8.810037489474475958e-01
2.769616631999999856e-01,8.809983387711255443e-01
2.769691754999999977e-01,8.809929277893945310e-01
2.770142449999999923e-01,8.809604650439114559e-01
2.770292664999999821e-01,8.809496441159113678e-01
2.770743263000000067e-01,8.809171843169372185e-01
2.770893445000000010e-01,8.809063641827998836e-01
2.771419021000000038e-01,8.808684969997535585e-01
2.771719304999999967e-01,8.808468588747083716e-01
2.771944497000000118e-01,8.808306312843855457e-01
2.772544919000000108e-01,8.807873602249182143e-01
2.772619962999999799e-01,8.807819518626158750e-01
2.772920117000000073e-01,8.807603177235456826e-01
2.773220238999999920e-01,8.807386847903192484e-01
2.773295264000000260e-01,8.807332756699479681e-01
2.773445308999999970e-01,8.807224597569175417e-01
2.773520327999999813e-01,8.807170519371237960e-01
2.773895393999999959e-01,8.806900124506001903e-01
2.774120408999999898e-01,8.806737891295632892e-01
2.774345406000000014e-01,8.806575666313976036e-01
2.774420401000000092e-01,8.806521592520591968e-01
2.774645372999999804e-01,8.806359372267378305e-01
2.774945308000000277e-01,8.806143080262214262e-01
2.775020287000000141e-01,8.806089014948539351e-01
2.775545080999999858e-01,8.805710538977832291e-01
2.775620044000000064e-01,8.805656473369971593e-01
2.775695004000000021e-01,8.805602409234851713e-01
2.775919873000000093e-01,8.805440208779934386e-01
2.776219670999999778e-01,8.805223964240407319e-01
2.776894095999999923e-01,8.804737423745007119e-01
2.777043946000000152e-01,8.804629314244055704e-01
2.777718171999999930e-01,8.804142824434724179e-01
2.778017775000000134e-01,8.803926623026641085e-01
2.778242456000000193e-01,8.803764473560573567e-01
2.778317345999999910e-01,8.803710432456548496e-01
2.778616884999999814e-01,8.803494238013357398e-01
2.778691763999999731e-01,8.803440193929684687e-01
2.779140999999999972e-01,8.803115936620284909e-01
2.779290728000000099e-01,8.803007849959753051e-01
2.780413439000000153e-01,8.802197301553968956e-01
2.780637926000000260e-01,8.802035202655372759e-01
2.780712751000000149e-01,8.801981172605588544e-01
2.781086846999999973e-01,8.801711024868055233e-01
2.781311280000000052e-01,8.801548937485956792e-01
2.781610496999999960e-01,8.801332834051107668e-01
2.781685295999999918e-01,8.801278803938599182e-01
2.781834887999999895e-01,8.801170765307243515e-01
2.782507952000000118e-01,8.800684569114498590e-01
2.782881805999999902e-01,8.800414481057724503e-01
2.783405118000000233e-01,8.800036385647546089e-01
2.783704108999999760e-01,8.799820330859188244e-01
2.784003067999999970e-01,8.799604294819095562e-01
2.784227266000000034e-01,8.799442268432028369e-01
2.784301994999999752e-01,8.799388263071984406e-01
2.784526169000000051e-01,8.799226247491216402e-01
2.784899752000000173e-01,8.798956224305999330e-01
2.785123877999999831e-01,8.798794224931211216e-01
2.785796147999999861e-01,8.798308235209499895e-01
2.785870834999999990e-01,8.798254240419702832e-01
2.786692255000000062e-01,8.797660313151276501e-01
2.786916237000000018e-01,8.797498350508931031e-01
2.786990893999999885e-01,8.797444360406836417e-01
2.787065548000000059e-01,8.797390375228230086e-01
2.787662712999999792e-01,8.796958483456005506e-01
2.788259750000000037e-01,8.796526637885022648e-01
2.788483606000000115e-01,8.796364698811682814e-01
2.788707443999999813e-01,8.796202769027102741e-01
2.789005866000000000e-01,8.795986871443312038e-01
2.789453439999999840e-01,8.795663026388589323e-01
2.789677199999999746e-01,8.795501115234396483e-01
2.790273805999999857e-01,8.795069376498204639e-01
2.790572061000000104e-01,8.794853521300036725e-01
2.791093930999999917e-01,8.794475784657512785e-01
2.791168474999999871e-01,8.794421826123961505e-01
2.791690233999999937e-01,8.794044120217785476e-01
2.791764762999999760e-01,8.793990164842738766e-01
2.791839288999999891e-01,8.793936209550484717e-01
2.792360922000000079e-01,8.793558535651653241e-01
2.792584449000000135e-01,8.793396688453959387e-01
2.793254922999999779e-01,8.792911161030740885e-01
2.793478379000000067e-01,8.792749330701725707e-01
2.793627338999999932e-01,8.792641443804439794e-01
2.793776291999999772e-01,8.792533553478375508e-01
2.793850764999999958e-01,8.792479615221638900e-01
2.794148638000000240e-01,8.792263854459554384e-01
2.794744289000000159e-01,8.791832356016406891e-01
2.794818735999999859e-01,8.791778423089887662e-01
2.794967624999999956e-01,8.791670551262978917e-01
2.795042066999999797e-01,8.791616626569432880e-01
2.795414245000000242e-01,8.791346967088181641e-01
2.795935210000000115e-01,8.790969462970439352e-01
2.796456078999999817e-01,8.790591987373469474e-01
2.796530481000000234e-01,8.790538066924956651e-01
2.796604880999999931e-01,8.790484147094026479e-01
2.796828069000000250e-01,8.790322381040235333e-01
2.797125624999999838e-01,8.790106702853544007e-01
2.797423149000000109e-01,8.789891028639955639e-01
2.798389884999999966e-01,8.789190157241265622e-01
2.798538583999999885e-01,8.789082336363331915e-01
2.798835957999999957e-01,8.788866701494760791e-01
2.798984633000000111e-01,8.788758887135663667e-01
2.799504935000000083e-01,8.788381565873824020e-01
2.799727891000000080e-01,8.788219856879512237e-01
2.800173751000000211e-01,8.787896464916608030e-01
2.800396654999999790e-01,8.787734771337266659e-01
2.800768121000000166e-01,8.787465297610885795e-01
2.800990977000000215e-01,8.787303616289166008e-01
2.801213814999999885e-01,8.787141948159483684e-01
2.801288090999999869e-01,8.787088056248834045e-01
2.801956481000000276e-01,8.786603062635487404e-01
2.802104991000000100e-01,8.786495293284307673e-01
2.802179242999999764e-01,8.786441415281713851e-01
2.802476231000000095e-01,8.786225875718437495e-01
2.802550473000000042e-01,8.786171996350808922e-01
2.803144337999999847e-01,8.785740958045468174e-01
2.803292785000000009e-01,8.785633208942255079e-01
2.803663867000000254e-01,8.785363830012299369e-01
2.803738077999999856e-01,8.785309959847393824e-01
2.804183299999999934e-01,8.784986733845487894e-01
2.804554264999999935e-01,8.784717386730337418e-01
2.805444380000000071e-01,8.784071014971047697e-01
2.805518543000000142e-01,8.784017151563674464e-01
2.805666863999999872e-01,8.783909423106149861e-01
2.805741022000000084e-01,8.783855571347528590e-01
2.806111780000000167e-01,8.783586274667576355e-01
2.806334212000000106e-01,8.783424708479616871e-01
2.806853150999999991e-01,8.783047730198916270e-01
2.807223762000000122e-01,8.782778480570264668e-01
2.807297879000000274e-01,8.782724634010429243e-01
2.807742536000000233e-01,8.782401544224948120e-01
2.807816638999999781e-01,8.782347704188405713e-01
2.807890740000000274e-01,8.782293853024961683e-01
2.808483475999999923e-01,8.781863120184426608e-01
2.809298284000000256e-01,8.781270901576581078e-01
2.809890722999999757e-01,8.780840235404642202e-01
2.810112855999999937e-01,8.780678745214957059e-01
2.810409005000000238e-01,8.780463432975358362e-01
2.810779147999999950e-01,8.780194303759472074e-01
2.811075227000000010e-01,8.779979004573105206e-01
2.811445282000000212e-01,8.779709904239756391e-01
2.811667292000000207e-01,8.779548439087702105e-01
2.811963277000000261e-01,8.779333166905471941e-01
2.812555154999999973e-01,8.778902656865618104e-01
2.812629131000000116e-01,8.778848839838969687e-01
2.812777076999999903e-01,8.778741217354052440e-01
2.812851047000000104e-01,8.778687401951019709e-01
2.813072945999999797e-01,8.778525978741485991e-01
2.813146907999999891e-01,8.778472163793463734e-01
2.813220868999999902e-01,8.778418356716384263e-01
2.813664590000000132e-01,8.778095521487687680e-01
2.813738537000000095e-01,8.778041718173810182e-01
2.814625747000000233e-01,8.777396095207692372e-01
2.814995335000000098e-01,8.777127115548241099e-01
2.815143157000000174e-01,8.777019529495403427e-01
2.815217065000000241e-01,8.776965730750463379e-01
2.815438777000000004e-01,8.776804354455505219e-01
2.815808257999999897e-01,8.776535392032580596e-01
2.816177691000000261e-01,8.776266450840982669e-01
2.816325451000000202e-01,8.776158873342212452e-01
2.816399327999999924e-01,8.776105084014781399e-01
2.816768682999999940e-01,8.775836165870416483e-01
2.816990273000000156e-01,8.775674819103135293e-01
2.817211846000000075e-01,8.775513474087784926e-01
2.817285700000000115e-01,8.775459684875038802e-01
2.817802621000000118e-01,8.775083242867902644e-01
2.817876458999999945e-01,8.775029462621806164e-01
2.818393271999999894e-01,8.774653047014177032e-01
2.818762367000000046e-01,8.774384196061560948e-01
2.819057607000000076e-01,8.774169114388772339e-01
2.819131411999999948e-01,8.774115346832477291e-01
2.819647994999999741e-01,8.773738988698637220e-01
2.819721785000000036e-01,8.773685223599979599e-01
2.819869359000000131e-01,8.773577701936210449e-01
2.819943142999999930e-01,8.773523938466424310e-01
2.820164484000000082e-01,8.773362658965669914e-01
2.820828401000000096e-01,8.772878839022335562e-01
2.821123426000000101e-01,8.772663817520518492e-01
2.821492163000000053e-01,8.772395056447453987e-01
2.821713382000000103e-01,8.772233806880027629e-01
2.822303213999999838e-01,8.771803825370813046e-01
2.822524370000000227e-01,8.771642595854572955e-01
2.823261429999999739e-01,8.771105175282912780e-01
2.823408817999999987e-01,8.770997696204027028e-01
2.823482509999999945e-01,8.770943958247368055e-01
2.823777257000000263e-01,8.770729015444699295e-01
2.824071973000000235e-01,8.770514081844558163e-01
2.824366658999999946e-01,8.770299152326175296e-01
2.824587652000000171e-01,8.770137964652013896e-01
2.825250530000000260e-01,8.769654417137222602e-01
2.825618729000000107e-01,8.769385797544578809e-01
2.825765995000000252e-01,8.769278354510553486e-01
2.826134126000000024e-01,8.769009747463101245e-01
2.826796641000000054e-01,8.768526296604449710e-01
2.826943846000000149e-01,8.768418872428989097e-01
2.827238232000000018e-01,8.768204016848484272e-01
2.827385412999999792e-01,8.768096599526148394e-01
2.827606171000000002e-01,8.767935476349346668e-01
2.827826911999999915e-01,8.767774342099061702e-01
2.828121205999999943e-01,8.767559520637232540e-01
2.828489029999999849e-01,8.767291002294685942e-01
2.828562589999999988e-01,8.767237294379476298e-01
2.829003904999999874e-01,8.766915091737538246e-01
2.829077449999999883e-01,8.766861391614713117e-01
2.829371614000000257e-01,8.766646601773505632e-01
2.829592216999999854e-01,8.766485517231906721e-01
2.829739276000000081e-01,8.766378129149267062e-01
2.830253923000000116e-01,8.766002285610123845e-01
2.830474457000000110e-01,8.765841215716032586e-01
2.830547964999999833e-01,8.765787524870524150e-01
2.830915473999999765e-01,8.765519082961060748e-01
2.831429906999999857e-01,8.765143297189104121e-01
2.831650349000000011e-01,8.764982249345473209e-01
2.831723825999999944e-01,8.764928577709221180e-01
2.832017714999999769e-01,8.764713857027967014e-01
2.832311573999999887e-01,8.764499144250418317e-01
2.832531947999999966e-01,8.764338118541332712e-01
2.833192967000000007e-01,8.763855068542070192e-01
2.833853832000000073e-01,8.763372058936564901e-01
2.834000669999999777e-01,8.763264725085850859e-01
2.834074086000000214e-01,8.763211060729915181e-01
2.834441138000000082e-01,8.762942740575508926e-01
2.834661345999999749e-01,8.762781759216961008e-01
2.835028321999999990e-01,8.762513468673294170e-01
2.835542007999999892e-01,8.762137883621945456e-01
2.835615384999999877e-01,8.762084229863664753e-01
2.835835501999999786e-01,8.761923267436517726e-01
2.836202326000000218e-01,8.761655013354231469e-01
2.836422397000000206e-01,8.761494071406545903e-01
2.836642451999999981e-01,8.761333120301856292e-01
2.836715799999999787e-01,8.761279483500737930e-01
2.837302513000000137e-01,8.760850328123408470e-01
2.837375844000000202e-01,8.760796688593712744e-01
2.837962420999999846e-01,8.760367570298466244e-01
2.838182356000000239e-01,8.760206664806751142e-01
2.838402273999999781e-01,8.760045759190099313e-01
2.838988639000000203e-01,8.759616704681122412e-01
2.839135211000000103e-01,8.759509441566014631e-01
2.839355055000000183e-01,8.759348553336218091e-01
2.839648155000000229e-01,8.759134044579570677e-01
2.839721425000000243e-01,8.759080423105538582e-01
2.839941222999999848e-01,8.758919553600525987e-01
2.840234261999999843e-01,8.758705061143076120e-01
2.840893488999999827e-01,8.758222490919539416e-01
2.841039962999999946e-01,8.758115253658119714e-01
2.841332887999999945e-01,8.757900793997954736e-01
2.841479338999999826e-01,8.757793568514856686e-01
2.841699001999999918e-01,8.757632730312947533e-01
2.841918648000000269e-01,8.757471893868119528e-01
2.841991859999999925e-01,8.757418286303934041e-01
2.842577484000000099e-01,8.756989424909796815e-01
2.842870250999999793e-01,8.756775017964980590e-01
2.843455693999999978e-01,8.756346197377306018e-01
2.843748370999999997e-01,8.756131805249310895e-01
2.844333633000000194e-01,8.755703045182452460e-01
2.844406783000000272e-01,8.755649460149218521e-01
2.844553075999999847e-01,8.755542275230243643e-01
2.844626219999999983e-01,8.755488678707015193e-01
2.844918775999999982e-01,8.755274320173481728e-01
2.844991909999999846e-01,8.755220729313770711e-01
2.845211302000000275e-01,8.755059968189069508e-01
2.845503797999999751e-01,8.754845625358260719e-01
2.846088699000000055e-01,8.754416956954790274e-01
2.846161803000000212e-01,8.754363372954683253e-01
2.846381104999999856e-01,8.754202636216077416e-01
2.846600389000000231e-01,8.754041901184288488e-01
2.846892743000000170e-01,8.753827595989270849e-01
2.846965826000000255e-01,8.753774024141885990e-01
2.847550427000000162e-01,8.753345439694141250e-01
2.847842682999999764e-01,8.753131153871855918e-01
2.847915742000000083e-01,8.753077591311303474e-01
2.848134909000000214e-01,8.752916885062358432e-01
2.848354057999999966e-01,8.752756184632964898e-01
2.848500147999999954e-01,8.752649063503497029e-01
2.848719270000000248e-01,8.752488369451714156e-01
2.849230488000000228e-01,8.752113439516636673e-01
2.849887633000000031e-01,8.751631429061970113e-01
2.850106647999999798e-01,8.751470768744384898e-01
2.850179648999999760e-01,8.751417217115938785e-01
2.850690605000000266e-01,8.751042362442456035e-01
2.851420383000000114e-01,8.750506893837805000e-01
2.851566315999999879e-01,8.750399803726484071e-01
2.851639280000000110e-01,8.750346259537306048e-01
2.852004070999999974e-01,8.750078555925401291e-01
2.852222923000000132e-01,8.749917933789177482e-01
2.852514700000000070e-01,8.749703791767959871e-01
2.852733512999999776e-01,8.749543183039305561e-01
2.852806446999999745e-01,8.749489644054025961e-01
2.853171089000000049e-01,8.749221980984269731e-01
2.853973135999999799e-01,8.748633163895093157e-01
2.854264733999999915e-01,8.748419063069404755e-01
2.854774958999999890e-01,8.748044397280575479e-01
2.854847840999999997e-01,8.747990878794565939e-01
2.855503692999999954e-01,8.747509218070939063e-01
2.855722277000000142e-01,8.747348671374297613e-01
2.855940844000000034e-01,8.747188130982150867e-01
2.856013695999999880e-01,8.747134621496556184e-01
2.856086546000000115e-01,8.747081102427111121e-01
2.856232241000000172e-01,8.746974085508608665e-01
2.856596445999999845e-01,8.746706543673388179e-01
2.856669280999999949e-01,8.746653030930475747e-01
2.857106253999999734e-01,8.746331998936536234e-01
2.857251895999999847e-01,8.746224982397343695e-01
2.857397532000000018e-01,8.746117978555687511e-01
2.857761588000000130e-01,8.745850471951871485e-01
2.858343980999999978e-01,8.745422488346293877e-01
2.858416771000000245e-01,8.745368986987648308e-01
2.858562346999999892e-01,8.745262007594232223e-01
2.858635132999999828e-01,8.745208507386195151e-01
2.859217346999999854e-01,8.744780573227607379e-01
2.859508411000000194e-01,8.744566621628339087e-01
2.859726687999999961e-01,8.744406153641274271e-01
2.860163193999999964e-01,8.744085240883867627e-01
2.860381422000000118e-01,8.743924798018113398e-01
2.860599632999999975e-01,8.743764359316600343e-01
2.860745097999999875e-01,8.743657394110140313e-01
2.860963281000000191e-01,8.743496959855505679e-01
2.861326882999999932e-01,8.743229570422316188e-01
2.861835849000000098e-01,8.742855266110990398e-01
2.861908550999999745e-01,8.742801790248390104e-01
2.862998857999999869e-01,8.741999773144233377e-01
2.863216869999999914e-01,8.741839387109257009e-01
2.863870805000000019e-01,8.741358249253744495e-01
2.864234037999999760e-01,8.741090968694319452e-01
2.864451955999999799e-01,8.740930599453596850e-01
2.864669857000000097e-01,8.740770245733042731e-01
2.864742486999999893e-01,8.740716796592922222e-01
2.865250845999999796e-01,8.740342646145877747e-01
2.865323461000000016e-01,8.740289195309698389e-01
2.865396074000000071e-01,8.740235749251424879e-01
2.865541295999999849e-01,8.740128855016529030e-01
2.866412468999999796e-01,8.739487546251334393e-01
2.866557639000000268e-01,8.739380664546634314e-01
2.866702802000000161e-01,8.739273784582004545e-01
2.867065676000000174e-01,8.739006599496078609e-01
2.867718733999999881e-01,8.738525705964415025e-01
2.867863836999999805e-01,8.738418837624309932e-01
2.868226564999999950e-01,8.738151699872793721e-01
2.868516712999999996e-01,8.737937994327831248e-01
2.868806832999999945e-01,8.737724296633702092e-01
2.869314471000000144e-01,8.737350343479300951e-01
2.869459494000000110e-01,8.737243503775190545e-01
2.869894519000000255e-01,8.736923006827471694e-01
2.869967017000000231e-01,8.736869591863120066e-01
2.870184498999999723e-01,8.736709350121389939e-01
2.870546932999999967e-01,8.736442277266491807e-01
2.870619414000000202e-01,8.736388866746451765e-01
2.870836847000000080e-01,8.736228642445423853e-01
2.871416587999999770e-01,8.735801379101970632e-01
2.871633960000000152e-01,8.735641171329134869e-01
2.872285978999999934e-01,8.735160558156416233e-01
2.872503285999999934e-01,8.735000367752832062e-01
2.873444759000000071e-01,8.734306232432856865e-01
2.873661978000000006e-01,8.734146062023560031e-01
2.873734379999999811e-01,8.734092676173003111e-01
2.874096367000000263e-01,8.733825739328285875e-01
2.874313535999999947e-01,8.733665577949958347e-01
2.874530690000000055e-01,8.733505429376019480e-01
2.874675449999999910e-01,8.733398666232295993e-01
2.874892575999999922e-01,8.733238512508491036e-01
2.875182051999999877e-01,8.733024998061746924e-01
2.875977960000000166e-01,8.732437856918299213e-01
2.876339663999999963e-01,8.732171005018409815e-01
2.876411998999999775e-01,8.732117634389393590e-01
2.876628994000000050e-01,8.731957519882936891e-01
2.876918294999999959e-01,8.731744053481291790e-01
2.876990615999999723e-01,8.731690681399364440e-01
2.877135251999999865e-01,8.731583951961705559e-01
2.877496810999999877e-01,8.731317134814079450e-01
2.877569117000000065e-01,8.731263768531383196e-01
2.878147501000000164e-01,8.730836888761558390e-01
2.878653492000000091e-01,8.730463384052978837e-01
2.878942589999999857e-01,8.730249979768016644e-01
2.879448440999999859e-01,8.729876520203330159e-01
2.879520697999999879e-01,8.729823168527013344e-01
2.879881957000000048e-01,8.729556431927860682e-01
2.880387643000000275e-01,8.729183016592236832e-01
2.880604338000000153e-01,8.729022993299418998e-01
2.880893239999999800e-01,8.728809637427921153e-01
2.880965461000000172e-01,8.728756294992253695e-01
2.881037679999999823e-01,8.728702960704611824e-01
2.881254327000000171e-01,8.728542939992471883e-01
2.882120750000000120e-01,8.727902945796134349e-01
2.882192941000000230e-01,8.727849616067835381e-01
2.882770397000000151e-01,8.727422984645237802e-01
2.882914743000000168e-01,8.727316333321648578e-01
2.882986913000000206e-01,8.727263008858316962e-01
2.883564210999999822e-01,8.726836429836716258e-01
2.883780667999999991e-01,8.726676469608249942e-01
2.884141392999999831e-01,8.726409883821287794e-01
2.884429940000000081e-01,8.726196620902499923e-01
2.884502072999999833e-01,8.726143304793564370e-01
2.884718459000000235e-01,8.725983370074184009e-01
2.884934828999999867e-01,8.725823430639605416e-01
2.885079066999999831e-01,8.725716809765204918e-01
2.885295410000000005e-01,8.725556883726254265e-01
2.885511736999999965e-01,8.725396954513909842e-01
2.886160620000000065e-01,8.724917216251660834e-01
2.886232709000000063e-01,8.724863909465589984e-01
2.886448965999999783e-01,8.724704006453269933e-01
2.886737282999999876e-01,8.724490814759308099e-01
2.887025570999999791e-01,8.724277621787066561e-01
2.887241768000000097e-01,8.724117732089619048e-01
2.887530005999999760e-01,8.723904561846638206e-01
2.887890262000000208e-01,8.723638108800748636e-01
2.888538610999999978e-01,8.723158512749945581e-01
2.888682669000000036e-01,8.723051936270410645e-01
2.889618869000000201e-01,8.722359279806356502e-01
2.889834871999999999e-01,8.722199448539027511e-01
2.890122851999999964e-01,8.721986343254380936e-01
2.890266830000000065e-01,8.721879798638833003e-01
2.890482784999999777e-01,8.721719980409811113e-01
2.890986616999999814e-01,8.721347088999337194e-01
2.891346443000000210e-01,8.721080743003809532e-01
2.891418401999999999e-01,8.721027479758093337e-01
2.891850123999999966e-01,8.720707898315112061e-01
2.891994016000000167e-01,8.720601368174526469e-01
2.892209841999999753e-01,8.720441586989617910e-01
2.892497585000000093e-01,8.720228553529023596e-01
2.892569515999999785e-01,8.720175299344042896e-01
2.893072984000000236e-01,8.719802497962361176e-01
2.893144900999999880e-01,8.719749245657903991e-01
2.893360641000000122e-01,8.719589487037617825e-01
2.893720171999999979e-01,8.719323235105792547e-01
2.894151549000000267e-01,8.719003744736946171e-01
2.894223439999999981e-01,8.718950505322857758e-01
2.894510981999999788e-01,8.718737523758243180e-01
2.894798496000000054e-01,8.718524549338942942e-01
2.894870370000000026e-01,8.718471308994067970e-01
2.895660865999999944e-01,8.717885678681430717e-01
2.896522979000000220e-01,8.717246884271413476e-01
2.896594811000000047e-01,8.717193652041991259e-01
2.896738468000000233e-01,8.717087200338587971e-01
2.896810293000000036e-01,8.717033965928739914e-01
2.897025759999999894e-01,8.716874290228036060e-01
2.897169396000000008e-01,8.716767833649776698e-01
2.897384835999999853e-01,8.716608163887746841e-01
2.897600260000000039e-01,8.716448488895608415e-01
2.897672064999999852e-01,8.716395268433038135e-01
2.897887467999999966e-01,8.716235603098251294e-01
2.898318225000000026e-01,8.715916288435392456e-01
2.898533580000000054e-01,8.715756641519706305e-01
2.899323077000000026e-01,8.715171294145463987e-01
2.899394839000000168e-01,8.715118077091380533e-01
2.899681868000000273e-01,8.714905246588482424e-01
2.900255842000000195e-01,8.714479599279848498e-01
2.900829702000000121e-01,8.714053983511919066e-01
2.901116590000000217e-01,8.713841187369162355e-01
2.901331737000000244e-01,8.713681598986523502e-01
2.901618575000000089e-01,8.713468813275461189e-01
2.901690279999999955e-01,8.713415621367881503e-01
2.902263856000000253e-01,8.712990082721993046e-01
2.902335544999999906e-01,8.712936896233424156e-01
2.902550602000000257e-01,8.712777331286968296e-01
2.902837320000000165e-01,8.712564580651557256e-01
2.902908994000000242e-01,8.712511396016816567e-01
2.903625645999999838e-01,8.711979570330720124e-01
2.903697302000000091e-01,8.711926383094074078e-01
2.903912257999999857e-01,8.711766853769942198e-01
2.904055553000000067e-01,8.711660492217431218e-01
2.904270481999999820e-01,8.711500968981310544e-01
2.904771922000000117e-01,8.711128748071085282e-01
2.905130040000000191e-01,8.710862891992727786e-01
2.905201658000000076e-01,8.710809725972624706e-01
2.905416503000000095e-01,8.710650216588041728e-01
2.905631330999999817e-01,8.710490710375496937e-01
2.905774541999999738e-01,8.710384385383210804e-01
2.906275722000000172e-01,8.710012238670806761e-01
2.907063115999999892e-01,8.709427494837478356e-01
2.907420951999999947e-01,8.709161710072607088e-01
2.908064946000000206e-01,8.708683355308909357e-01
2.908208036000000107e-01,8.708577048882297778e-01
2.908565732000000237e-01,8.708311318162247350e-01
2.908851855999999847e-01,8.708098744265246882e-01
2.909209472000000019e-01,8.707833021431733433e-01
2.909352505999999727e-01,8.707726746449233612e-01
2.909424020999999971e-01,8.707673606360747387e-01
2.909710060999999848e-01,8.707461048807136894e-01
2.910282055999999784e-01,8.707035962536313622e-01
2.910353547999999790e-01,8.706982828706909538e-01
2.910568011999999927e-01,8.706823434026780273e-01
2.910782459999999849e-01,8.706664041128819864e-01
2.910925416999999848e-01,8.706557779550858633e-01
2.911139838999999840e-01,8.706398396499651637e-01
2.911425710000000167e-01,8.706185890761969359e-01
2.912283156000000095e-01,8.705548412706681782e-01
2.912497478000000140e-01,8.705389062921133903e-01
2.912640350999999850e-01,8.705282820981842251e-01
2.912854646999999964e-01,8.705123479338288117e-01
2.913068926999999864e-01,8.704964124356046051e-01
2.913140350000000267e-01,8.704911015742090585e-01
2.913783079000000220e-01,8.704433007652122578e-01
2.913925889000000269e-01,8.704326789111314078e-01
2.914354275000000105e-01,8.704008155175502193e-01
2.914568444999999786e-01,8.703848840618627625e-01
2.914853980000000067e-01,8.703636427444475521e-01
2.915068113000000016e-01,8.703477127571705996e-01
2.915139487000000251e-01,8.703424022635678492e-01
2.915924488000000148e-01,8.702839963476889373e-01
2.916067192999999835e-01,8.702733772126531875e-01
2.916566603999999896e-01,8.702362138287152993e-01
2.917137255000000207e-01,8.701937434857779374e-01
2.917208578000000108e-01,8.701884348639228328e-01
2.917351220000000134e-01,8.701778172546300594e-01
2.917422539000000259e-01,8.701725099737015467e-01
2.917636483000000114e-01,8.701565846353911393e-01
2.917707794000000132e-01,8.701512768129305853e-01
2.917779104000000068e-01,8.701459683516354904e-01
2.918278221999999755e-01,8.701088126568699010e-01
2.918919819999999943e-01,8.700610447625536370e-01
2.919133655000000216e-01,8.700451233657788830e-01
2.919347474000000275e-01,8.700292015984243399e-01
2.919632542000000219e-01,8.700079737082822007e-01
2.919703804000000069e-01,8.700026672598043520e-01
2.919917580999999984e-01,8.699867476237318487e-01
2.920630059000000056e-01,8.699336838737455890e-01
2.920772534000000142e-01,8.699230713186499875e-01
2.921199916000000174e-01,8.698912366905376947e-01
2.921413583999999952e-01,8.698753189819158349e-01
2.921627236000000072e-01,8.698594023860999336e-01
2.921698449999999836e-01,8.698540974902031486e-01
2.922268098999999952e-01,8.698116563042563865e-01
2.922552882000000185e-01,8.697904367340932863e-01
2.922837636999999766e-01,8.697692181285475721e-01
2.922908820999999824e-01,8.697639134751027346e-01
2.923122363999999807e-01,8.697480003634372459e-01
2.924047536000000114e-01,8.696790479360974047e-01
2.924260995999999890e-01,8.696631372514459501e-01
2.924830145000000270e-01,8.696207100132785639e-01
2.925043547999999771e-01,8.696048003304581719e-01
2.925114677999999802e-01,8.695994974762434326e-01
2.925328059999999786e-01,8.695835887964897815e-01
2.925399183999999875e-01,8.695782859121715669e-01
2.925754776999999751e-01,8.695517729141228891e-01
2.926323636000000006e-01,8.695093538326420513e-01
2.927389948999999936e-01,8.694298287056547725e-01
2.928029549999999759e-01,8.693821173288743820e-01
2.928242718999999883e-01,8.693662152364540763e-01
2.928526920999999783e-01,8.693450122846406725e-01
2.928597967000000080e-01,8.693397122630787122e-01
2.928740054000000259e-01,8.693291113384623570e-01
2.929095240999999850e-01,8.693026095790691299e-01
2.929166274000000181e-01,8.692973097508787106e-01
2.929379360000000099e-01,8.692814091396837695e-01
2.929592431999999969e-01,8.692655101206784307e-01
2.929734469999999980e-01,8.692549103209415984e-01
2.929947515999999919e-01,8.692390107031332525e-01
2.930515560999999991e-01,8.691966160768036520e-01
2.930799541999999924e-01,8.691754196378043140e-01
2.930870533000000111e-01,8.691701210238813591e-01
2.931012510000000071e-01,8.691595232130356896e-01
2.931083495999999844e-01,8.691542245401817635e-01
2.931296442999999918e-01,8.691383284870000114e-01
2.932148077000000241e-01,8.690747484558158931e-01
2.932502852000000160e-01,8.690482590427131004e-01
2.932573801000000202e-01,8.690429610945767935e-01
2.933070401999999799e-01,8.690058785020832177e-01
2.933141337999999876e-01,8.690005817258679155e-01
2.933637841999999774e-01,8.689635006651662552e-01
2.934205172000000084e-01,8.689211268415512057e-01
2.934276081000000147e-01,8.689158302861144101e-01
2.934488795999999899e-01,8.688999415196337894e-01
2.935339504000000210e-01,8.688363882717293762e-01
2.935977372999999946e-01,8.687887281643196236e-01
2.936189966000000151e-01,8.687728418393462215e-01
2.936544252000000133e-01,8.687463671231875351e-01
2.936756803000000193e-01,8.687304825529746921e-01
2.937536025999999967e-01,8.686722436090764665e-01
2.937606853999999990e-01,8.686669490286290651e-01
2.937677679999999847e-01,8.686616551824439814e-01
2.937819327999999786e-01,8.686510665804693110e-01
2.938102603000000146e-01,8.686298906452467605e-01
2.938173418000000203e-01,8.686245970205703770e-01
2.938456658999999971e-01,8.686034216734948021e-01
2.938669072000000271e-01,8.685875422966857773e-01
2.938739872999999725e-01,8.685822480728719874e-01
2.938810672000000124e-01,8.685769545991421925e-01
2.938952264999999953e-01,8.685663687185011250e-01
2.939306218000000137e-01,8.685399030808131915e-01
2.939589349999999768e-01,8.685187314545104176e-01
2.940084765000000044e-01,8.684816836037945187e-01
2.940155532000000016e-01,8.684763911282077364e-01
2.940367822000000131e-01,8.684605134125332748e-01
2.940721605000000127e-01,8.684340535105790071e-01
2.941004600000000080e-01,8.684128855780389733e-01
2.941216829000000144e-01,8.683970103727396417e-01
2.941287569000000102e-01,8.683917192644173833e-01
2.941641240999999796e-01,8.683652613239878360e-01
2.942065590999999869e-01,8.683335144437652753e-01
2.942631297000000146e-01,8.682911875697496562e-01
2.942702001999999983e-01,8.682858967054166710e-01
2.942772705999999738e-01,8.682806063928353302e-01
2.942984806999999758e-01,8.682647346137071231e-01
2.943196893000000203e-01,8.682488634828420260e-01
2.943267585000000075e-01,8.682435744330677663e-01
2.943833060000000112e-01,8.682012538259035184e-01
2.943903735999999771e-01,8.681959638734012552e-01
2.944610409999999789e-01,8.681430697411641750e-01
2.944893030999999883e-01,8.681219125066529374e-01
2.945034331999999977e-01,8.681113349109926824e-01
2.945528830999999959e-01,8.680743136685015182e-01
2.945740734000000249e-01,8.680584471752064157e-01
2.946093872000000169e-01,8.680320065256441620e-01
2.946164493999999801e-01,8.680267171950091232e-01
2.946729411999999826e-01,8.679844139853628571e-01
2.946941229000000217e-01,8.679685507854824067e-01
2.947153029999999840e-01,8.679526885582219409e-01
2.947223627000000179e-01,8.679474008961198805e-01
2.947717758999999771e-01,8.679103904824442273e-01
2.947858924000000269e-01,8.678998162238535929e-01
2.948070660000000065e-01,8.678839556885965534e-01
2.948423518000000132e-01,8.678575225424099981e-01
2.948635212999999866e-01,8.678416632871575054e-01
2.948846891999999942e-01,8.678258042781514803e-01
2.948917448999999746e-01,8.678205178346677373e-01
2.949481840000000021e-01,8.677782297606946305e-01
2.949552381000000167e-01,8.677729432692335987e-01
2.950116649999999785e-01,8.677306588537070375e-01
2.950328224000000055e-01,8.677148030660044586e-01
2.950610297999999854e-01,8.676936632675836814e-01
2.951174364999999966e-01,8.676513845301410122e-01
2.951385861999999971e-01,8.676355313952566206e-01
2.951456357999999724e-01,8.676302468874492746e-01
2.951667834999999740e-01,8.676143927913912979e-01
2.951808812000000226e-01,8.676038248929298646e-01
2.952513593000000158e-01,8.675509861331169859e-01
2.952936380000000249e-01,8.675192842520365044e-01
2.953429556000000122e-01,8.674823022178657084e-01
2.953922649999999872e-01,8.674453218027456947e-01
2.953993085000000129e-01,8.674400394331955866e-01
2.954063518999999749e-01,8.674347568351467030e-01
2.954626926999999736e-01,8.673924982110078341e-01
2.954767762000000131e-01,8.673819334948505988e-01
2.954838176999999844e-01,8.673766515829949286e-01
2.955612631999999795e-01,8.673185527757300006e-01
2.955894202000000082e-01,8.672974266593241888e-01
2.955964589999999781e-01,8.672921452364200645e-01
2.956246126000000030e-01,8.672710205346561008e-01
2.956316506000000177e-01,8.672657401128026633e-01
2.956527635000000265e-01,8.672498972740629863e-01
2.956738749999999749e-01,8.672340544393659645e-01
2.957090573999999750e-01,8.672076513992408309e-01
2.957372003000000027e-01,8.671865300320489300e-01
2.957864438999999734e-01,8.671495700726226108e-01
2.957934779999999986e-01,8.671442903301368466e-01
2.958005120000000154e-01,8.671390110685091024e-01
2.958216128999999750e-01,8.671231714737402951e-01
2.958567777000000176e-01,8.670967740152697445e-01
2.958778745999999793e-01,8.670809355985608091e-01
2.959060014000000072e-01,8.670598192145965166e-01
2.959270948000000123e-01,8.670439824927433925e-01
2.959692769999999751e-01,8.670123095475675834e-01
2.959903658999999965e-01,8.669964737787655418e-01
2.960255105999999858e-01,8.669700820758097226e-01
2.960395673999999810e-01,8.669595262581010209e-01
2.960465955000000093e-01,8.669542486550049221e-01
2.960676789000000197e-01,8.669384145187799540e-01
2.961028144000000251e-01,8.669120253786767316e-01
2.961309199000000114e-01,8.668909147245623670e-01
2.961379458999999770e-01,8.668856380494187608e-01
2.962152203000000261e-01,8.668275888697730691e-01
2.962433151000000153e-01,8.668064825329263590e-01
2.962643844999999776e-01,8.667906521576153045e-01
2.962924746000000220e-01,8.667695459514647149e-01
2.962994966999999980e-01,8.667642702066229443e-01
2.963275835999999996e-01,8.667431651947924420e-01
2.963626883000000101e-01,8.667167862561965253e-01
2.964679776999999961e-01,8.666376543259595167e-01
2.964890311000000223e-01,8.666218285849088820e-01
2.964960484999999979e-01,8.666165541763893865e-01
2.965311333999999799e-01,8.665901801840372176e-01
2.965732296999999962e-01,8.665585339811984200e-01
2.966083053999999941e-01,8.665321624462442029e-01
2.966363629000000057e-01,8.665110663036460492e-01
2.966433768999999776e-01,8.665057926359180929e-01
2.966644178000000243e-01,8.664899708359352637e-01
2.966854573000000106e-01,8.664741501237416266e-01
2.967205197000000183e-01,8.664477828289131045e-01
2.967415552000000067e-01,8.664319639270833262e-01
2.968046525999999963e-01,8.663845080618086669e-01
2.968116626000000258e-01,8.663792348135942456e-01
2.968607280000000181e-01,8.663423279245574538e-01
2.968677366999999956e-01,8.663370556780864984e-01
2.969378142999999914e-01,8.662843356004090722e-01
2.969728468999999760e-01,8.662579764944295935e-01
2.969798530000000159e-01,8.662527061583216170e-01
2.970218856999999879e-01,8.662210776790000288e-01
2.970358953000000191e-01,8.662105350882461918e-01
2.970569083999999860e-01,8.661947224016219860e-01
2.971129361000000024e-01,8.661525564794093635e-01
2.971409460000000169e-01,8.661314747344861509e-01
2.971479481000000034e-01,8.661262043059612115e-01
2.971619516999999822e-01,8.661156644319850662e-01
2.971689532999999828e-01,8.661103949131020441e-01
2.972039586999999927e-01,8.660840437649196533e-01
2.972529593000000081e-01,8.660471564425749058e-01
2.972739570999999859e-01,8.660313475497736224e-01
2.973719270999999886e-01,8.659575817718634383e-01
2.973929164999999930e-01,8.659417762319024936e-01
2.974139043999999843e-01,8.659259704075474851e-01
2.974208999999999881e-01,8.659207022650211583e-01
2.974278954999999836e-01,8.659154334144582021e-01
2.974768591999999989e-01,8.658785572932867769e-01
2.974978412000000016e-01,8.658627532098714941e-01
2.975048349000000147e-01,8.658574859103821408e-01
2.975607782999999951e-01,8.658153449259810008e-01
2.975887460000000151e-01,8.657942769167358277e-01
2.976097200999999748e-01,8.657784749601444840e-01
2.976446736000000204e-01,8.657521406707698874e-01
2.976516638000000214e-01,8.657468741322676964e-01
2.977564972999999782e-01,8.656678791526501993e-01
2.978054070000000220e-01,8.656310193270094766e-01
2.978123933999999862e-01,8.656257529627764402e-01
2.978193796999999976e-01,8.656204882723345095e-01
2.978333517999999791e-01,8.656099566087649411e-01
2.978403376000000047e-01,8.656046920318207771e-01
2.978612938999999904e-01,8.655888956629316233e-01
2.978962178999999821e-01,8.655625702332399030e-01
2.979451047000000186e-01,8.655257171801558069e-01
2.980079473000000201e-01,8.654783376158455832e-01
2.980428540999999765e-01,8.654520165573802437e-01
2.980568156999999774e-01,8.654414891456508885e-01
2.980637962000000085e-01,8.654362256840144596e-01
2.980847368999999802e-01,8.654204342356563995e-01
2.981475499999999834e-01,8.653730636784880970e-01
2.981684848000000221e-01,8.653572743569358794e-01
2.981754627000000046e-01,8.653520111819493765e-01
2.982103499000000046e-01,8.653256966365093783e-01
2.982591850999999905e-01,8.652888583039642922e-01
2.982801120999999944e-01,8.652730719013045357e-01
2.983219616000000185e-01,8.652414992827091034e-01
2.983428840999999831e-01,8.652257137812177090e-01
2.983707784999999890e-01,8.652046667807956615e-01
2.983986703000000018e-01,8.651836215100789929e-01
2.984265595999999743e-01,8.651625753355507431e-01
2.984335315000000155e-01,8.651573145422138955e-01
2.984893008000000236e-01,8.651152270179606196e-01
2.985032415000000161e-01,8.651047056940972535e-01
2.985311209000000021e-01,8.650836637954731900e-01
2.985450595999999956e-01,8.650731417928552158e-01
2.985938401000000075e-01,8.650363209158941080e-01
2.986217111000000202e-01,8.650152807416466860e-01
2.986495794999999842e-01,8.649942419541731820e-01
2.986774453000000107e-01,8.649732044158578992e-01
2.987331690000000206e-01,8.649311304275213441e-01
2.987610270000000123e-01,8.649100946698189407e-01
2.988097721999999901e-01,8.648732837819230745e-01
2.988236980000000265e-01,8.648627670817375934e-01
2.988376231000000049e-01,8.648522507107374580e-01
2.988724329999999929e-01,8.648259598235067402e-01
2.988793945000000063e-01,8.648207024105760699e-01
2.989281203999999970e-01,8.647838974009532942e-01
2.989350806000000138e-01,8.647786395276467752e-01
2.989837973999999732e-01,8.647418378715955312e-01
2.990116320999999799e-01,8.647208089774780504e-01
2.990672934999999977e-01,8.646787536430070586e-01
2.991229447000000041e-01,8.646367021504947070e-01
2.991577214000000207e-01,8.646104212448142423e-01
2.991785853999999745e-01,8.645946539412432408e-01
2.991994480999999872e-01,8.645788871943729248e-01
2.992342158999999890e-01,8.645526084592020100e-01
2.992550746000000039e-01,8.645368426059254485e-01
2.992620272000000026e-01,8.645315871767288440e-01
2.992828840000000268e-01,8.645158213397282632e-01
2.993176421000000031e-01,8.644895461311975504e-01
2.993245932999999970e-01,8.644842915499764135e-01
2.993454456999999902e-01,8.644685275472046015e-01
2.993662966999999786e-01,8.644527638357972776e-01
2.993732466999999842e-01,8.644475085084805110e-01
2.993801964999999732e-01,8.644422550405053141e-01
2.994010450999999851e-01,8.644264917362862732e-01
2.994218921999999838e-01,8.644107290549603029e-01
2.994913720999999862e-01,8.643581901076081708e-01
2.995052662000000088e-01,8.643476825411239295e-01
2.995122130000000271e-01,8.643424288270746825e-01
2.995469445000000230e-01,8.643161627417643711e-01
2.995886170000000015e-01,8.642846435822494344e-01
2.995955618000000209e-01,8.642793903483307894e-01
2.996163954000000129e-01,8.642636330302956305e-01
2.996511148000000069e-01,8.642373697441888547e-01
2.996580582000000215e-01,8.642321168786142316e-01
2.997344250000000265e-01,8.641743427282527756e-01
2.998177120000000140e-01,8.641113238273168129e-01
2.998454691999999921e-01,8.640903184340552601e-01
2.998662854999999960e-01,8.640745652036515567e-01
2.998732238999999855e-01,8.640693149500585646e-01
2.998801621000000139e-01,8.640640634585982083e-01
2.999009758999999775e-01,8.640483116289966459e-01
2.999287253999999847e-01,8.640273080598417366e-01
2.999356624000000249e-01,8.640220585877885773e-01
2.999842166999999726e-01,8.639853058952008391e-01
3.000327631999999967e-01,8.639485557978805463e-01
3.000466321999999963e-01,8.639380565132237511e-01
3.000605004999999936e-01,8.639275576551304070e-01
3.000882351999999975e-01,8.639065591944544709e-01
3.001229000999999785e-01,8.638803129484828869e-01
3.001506291000000104e-01,8.638593164698495919e-01
3.001575609000000089e-01,8.638540675889655462e-01
3.001714240999999728e-01,8.638435696291546506e-01
3.002130098999999941e-01,8.638120782776383955e-01
3.002338005999999893e-01,8.637963324789059705e-01
3.002545898999999796e-01,8.637805872176117505e-01
3.002823067000000012e-01,8.637595948436271875e-01
3.003169491000000080e-01,8.637333565181037898e-01
3.003238771000000251e-01,8.637281085144121739e-01
3.003446602000000021e-01,8.637123654354180724e-01
3.003792954000000237e-01,8.636861274957675638e-01
3.004000746000000110e-01,8.636703863536946413e-01
3.004277779999999787e-01,8.636493972763475968e-01
3.004347035000000110e-01,8.636441509820933504e-01
3.004831772000000067e-01,8.636074235300497115e-01
3.005108729000000034e-01,8.635864380803023321e-01
3.005316430000000150e-01,8.635706980227569884e-01
3.005454889999999990e-01,8.635602062036563664e-01
3.005662566999999785e-01,8.635444681488755325e-01
3.005939448000000125e-01,8.635234841334343825e-01
3.006147090999999882e-01,8.635077476268891994e-01
3.006562335999999891e-01,8.634762743653769945e-01
3.007115906000000227e-01,8.634343128763016795e-01
3.007600195999999837e-01,8.633975988466432439e-01
3.008153575999999996e-01,8.633556442137326759e-01
3.008361066999999944e-01,8.633399116743710744e-01
3.008706852999999959e-01,8.633136924310493843e-01
3.008776006000000169e-01,8.633084480861787924e-01
3.008983453999999891e-01,8.632927174366961109e-01
3.009190887000000036e-01,8.632769861212458151e-01
3.009467443000000131e-01,8.632560129645285851e-01
3.010089602000000086e-01,8.632088246045446223e-01
3.010296959000000050e-01,8.631930963352442143e-01
3.010435188999999734e-01,8.631826120623996568e-01
3.010573413000000031e-01,8.631721261825063829e-01
3.010918946000000207e-01,8.631459142954852615e-01
3.011195342999999913e-01,8.631249452943030587e-01
3.011540804000000238e-01,8.630987358914004037e-01
3.011678977000000201e-01,8.630882521460543355e-01
3.011955304999999750e-01,8.630672862551848068e-01
3.012300679000000092e-01,8.630410793436412709e-01
3.012576948999999837e-01,8.630201148666083455e-01
3.013129413999999784e-01,8.629781877656262923e-01
3.013198464999999882e-01,8.629729472243758970e-01
3.013405608999999985e-01,8.629572253368227308e-01
3.013681778000000255e-01,8.629362636949902132e-01
3.014165012999999727e-01,8.628995822906926350e-01
3.014303065999999753e-01,8.628891036939654313e-01
3.014786201999999915e-01,8.628524247669377978e-01
3.015062244999999752e-01,8.628314677136701416e-01
3.015614254000000272e-01,8.627895546311523667e-01
3.016097180000000266e-01,8.627528836486616504e-01
3.016442079000000165e-01,8.627266915940164926e-01
3.016511055000000163e-01,8.627214531781250972e-01
3.017062798999999851e-01,8.626795481659456089e-01
3.017545493000000079e-01,8.626428841989279839e-01
3.018303855000000202e-01,8.625852754225492580e-01
3.018372787999999973e-01,8.625800383344495170e-01
3.018717427000000009e-01,8.625538544971615984e-01
3.018924191999999840e-01,8.625381434230485755e-01
3.019130943000000178e-01,8.625224349564901694e-01
3.019199857000000042e-01,8.625171982005875870e-01
3.019268768999999741e-01,8.625119621458674501e-01
3.019406587999999836e-01,8.625014900743203095e-01
3.019751110000000183e-01,8.624753092516420638e-01
3.019820008999999916e-01,8.624700729359467966e-01
3.020233373999999804e-01,8.624386585617174195e-01
3.020371149000000144e-01,8.624281873380952312e-01
3.020577801000000062e-01,8.624124809765280064e-01
3.020784437999999850e-01,8.623967754609882519e-01
3.020853313999999901e-01,8.623915406429114583e-01
3.021128802999999974e-01,8.623706002830653361e-01
3.021404266000000116e-01,8.623496597675816000e-01
3.021610847000000266e-01,8.623339561725023028e-01
3.021679703999999855e-01,8.623287216060764315e-01
3.022023965999999784e-01,8.623025491146923960e-01
3.022505866999999902e-01,8.622659100594378678e-01
3.022987691999999837e-01,8.622292731449003877e-01
3.023056518000000192e-01,8.622240400674819893e-01
3.023538253999999981e-01,8.621874063403207611e-01
3.023607067999999898e-01,8.621821719517747118e-01
3.023675879000000122e-01,8.621769392959011125e-01
3.024157517000000128e-01,8.621403083605070350e-01
3.024707866999999939e-01,8.620984474827004806e-01
3.024776652999999760e-01,8.620932155131501018e-01
3.025189340000000171e-01,8.620618222369942352e-01
3.025533202999999838e-01,8.620356621743877623e-01
3.025808265000000108e-01,8.620147351926784607e-01
3.026014545999999861e-01,8.619990409952146271e-01
3.026358315000000077e-01,8.619728836577801312e-01
3.026633302000000247e-01,8.619519592278714892e-01
3.026977001000000222e-01,8.619258041311279595e-01
3.027183200999999935e-01,8.619101115815863690e-01
3.027389388000000237e-01,8.618944198956025593e-01
3.027458113000000006e-01,8.618891900734908518e-01
3.027939150000000246e-01,8.618525783544453978e-01
3.028282700000000105e-01,8.618264275331966040e-01
3.028832300000000033e-01,8.617845908393915177e-01
3.029038373999999867e-01,8.617689026866751645e-01
3.029107061999999906e-01,8.617636735431669637e-01
3.029175748999999862e-01,8.617584440779307853e-01
3.029313117999999916e-01,8.617479851745060149e-01
3.029725187000000264e-01,8.617166111582350574e-01
3.029931200000000047e-01,8.617009249585259045e-01
3.030411843999999966e-01,8.616643251163157435e-01
3.030480501000000215e-01,8.616590974141129511e-01
3.030755113999999972e-01,8.616381852688728138e-01
3.031372902999999730e-01,8.615911331433840914e-01
3.031510171999999836e-01,8.615806782374911821e-01
3.031921941999999870e-01,8.615493142292129924e-01
3.032127806000000092e-01,8.615336330120305641e-01
3.032333656999999794e-01,8.615179512736649281e-01
3.032608102000000083e-01,8.614970438983254875e-01
3.032951123000000027e-01,8.614709104540930751e-01
3.033225513000000206e-01,8.614500043484017988e-01
3.033568464999999992e-01,8.614238742010041916e-01
3.033774216999999829e-01,8.614081953797596558e-01
3.034117107000000035e-01,8.613820660090307779e-01
3.034597086999999971e-01,8.613454885791018700e-01
3.034665650000000214e-01,8.613402628273001405e-01
3.034871328000000035e-01,8.613245869332051274e-01
3.035214093999999974e-01,8.612984623155971464e-01
3.035625361000000022e-01,8.612671126512447817e-01
3.035899509000000163e-01,8.612462144757327964e-01
3.036242158999999941e-01,8.612200930289392042e-01
3.036516250999999889e-01,8.611991977654972485e-01
3.036721802999999831e-01,8.611835256983870757e-01
3.037954827000000080e-01,8.610895040990065308e-01
3.038091799000000037e-01,8.610790588834820181e-01
3.038160282999999851e-01,8.610738359980828482e-01
3.038434201999999917e-01,8.610529450440778110e-01
3.038502677000000096e-01,8.610477220251355757e-01
3.038708096000000136e-01,8.610320552287310525e-01
3.038981964999999952e-01,8.610111663403888782e-01
3.039050428999999776e-01,8.610059434401600154e-01
3.039529630000000204e-01,8.609693898782592170e-01
3.039598081000000063e-01,8.609641679784815205e-01
3.039803425000000003e-01,8.609485027168815030e-01
3.040145635000000013e-01,8.609223952087160514e-01
3.040282508000000106e-01,8.609119518497105883e-01
3.040350942000000223e-01,8.609067311531645172e-01
3.040556235999999912e-01,8.608910681766480666e-01
3.040624664000000088e-01,8.608858469459191864e-01
3.041240446999999847e-01,8.608388599250286211e-01
3.041377270999999771e-01,8.608284187522891040e-01
3.041445680000000040e-01,8.608231973848901042e-01
3.041787704999999731e-01,8.607970965510033379e-01
3.041992902000000276e-01,8.607814359843133367e-01
3.042881926000000070e-01,8.607135790598525737e-01
3.043360524000000011e-01,8.606770445120822677e-01
3.043633975000000214e-01,8.606561676335376943e-01
3.043907401000000013e-01,8.606352931163763209e-01
3.043975754000000089e-01,8.606300740874739397e-01
3.044454180000000232e-01,8.605935444705060666e-01
3.044659196999999762e-01,8.605778900301171985e-01
3.044727532000000014e-01,8.605726727711896507e-01
3.044932531000000275e-01,8.605570180821514592e-01
3.045069188000000260e-01,8.605465828194592826e-01
3.045274163999999728e-01,8.605309289882440149e-01
3.045752386000000200e-01,8.604944056698365928e-01
3.045820697000000132e-01,8.604891889355799073e-01
3.046162231000000276e-01,8.604631032022600490e-01
3.046367132000000200e-01,8.604474519268239252e-01
3.046572020000000158e-01,8.604318017017733577e-01
3.047118321000000241e-01,8.603900685018234240e-01
3.047186600999999828e-01,8.603848520148396073e-01
3.047732792000000246e-01,8.603431228940844333e-01
3.047801058999999868e-01,8.603379078468369467e-01
3.047937587999999809e-01,8.603274752558590643e-01
3.048756635000000048e-01,8.602648896887296059e-01
3.048893120999999762e-01,8.602544589896438110e-01
3.049029601000000089e-01,8.602440290695666514e-01
3.049370774999999867e-01,8.602179544696201274e-01
3.049439005999999841e-01,8.602127396930586700e-01
3.049643686999999881e-01,8.601970952302155915e-01
3.049984793000000138e-01,8.601710228895044219e-01
3.051007880000000116e-01,8.600928137839779497e-01
3.051076073000000277e-01,8.600876003692445870e-01
3.051280645000000180e-01,8.600719595898098646e-01
3.051485203000000035e-01,8.600563194902020037e-01
3.051826102999999901e-01,8.600302542530410266e-01
3.052098795000000031e-01,8.600094022901145774e-01
3.052303297999999776e-01,8.599937641770296626e-01
3.052644105999999802e-01,8.599677019198624928e-01
3.052712262999999759e-01,8.599624893872941378e-01
3.052916724999999998e-01,8.599468527239151339e-01
3.053461889999999901e-01,8.599051556772927540e-01
3.053666301999999888e-01,8.598895204581534779e-01
3.053734436000000163e-01,8.598843088815051328e-01
3.054279455000000199e-01,8.598426171455629818e-01
3.054892485999999852e-01,8.597957184522103669e-01
3.055301103999999990e-01,8.597644533179612525e-01
3.055369202000000062e-01,8.597592438530996528e-01
3.055641578000000136e-01,8.597384013508121425e-01
3.055913929999999890e-01,8.597175604299909235e-01
3.055982013999999913e-01,8.597123504185195664e-01
3.056186256999999795e-01,8.596967209209521732e-01
3.056526632000000077e-01,8.596706723046023679e-01
3.056730838999999755e-01,8.596550430228254713e-01
3.057003092999999727e-01,8.596342062664386052e-01
3.057547529999999902e-01,8.595925328917035646e-01
3.057751669000000061e-01,8.595769064527580827e-01
3.057819712000000023e-01,8.595716981666323697e-01
3.058023832000000275e-01,8.595560719322727916e-01
3.058159905000000234e-01,8.595456546170281431e-01
3.058568086999999824e-01,8.595144048078493526e-01
3.058636111999999962e-01,8.595091960957271793e-01
3.058704134999999935e-01,8.595039887327066142e-01
3.059248269000000020e-01,8.594623253980565591e-01
3.059928299999999934e-01,8.594102510426827601e-01
3.059996294999999811e-01,8.594050445165650753e-01
3.060200269999999723e-01,8.593894225971558942e-01
3.060540198999999739e-01,8.593633887284970463e-01
3.060880089999999942e-01,8.593373544686547794e-01
3.061016034999999857e-01,8.593269423656262340e-01
3.061423836000000120e-01,8.592957036681615479e-01
3.061627715999999944e-01,8.592800861215692532e-01
3.061899536000000088e-01,8.592592626653354770e-01
3.062375160999999957e-01,8.592228239508736820e-01
3.062714847999999934e-01,8.591967970521291464e-01
3.062918641999999858e-01,8.591811806007993990e-01
3.063054498000000181e-01,8.591707715803645895e-01
3.063258268999999867e-01,8.591551572494994238e-01
3.064141122999999856e-01,8.590874981457794490e-01
3.064276924000000069e-01,8.590770905300683102e-01
3.064344822000000246e-01,8.590718859990900125e-01
3.064684290999999949e-01,8.590458661125429662e-01
3.064887954000000136e-01,8.590302544993938527e-01
3.065363115999999999e-01,8.589938309555382734e-01
3.065430989999999856e-01,8.589886277668651315e-01
3.065702471999999790e-01,8.589678150873560902e-01
3.065973929999999958e-01,8.589470028130133938e-01
3.066177507000000246e-01,8.589313945602825573e-01
3.066720314999999975e-01,8.588897743647693206e-01
3.066788159000000125e-01,8.588845722538970273e-01
3.067263026000000004e-01,8.588481571804117420e-01
3.067534345999999856e-01,8.588273504921777324e-01
3.067602172000000182e-01,8.588221483006094337e-01
3.068144727000000072e-01,8.587805370571131025e-01
3.068415969000000132e-01,8.587597314253309078e-01
3.068619383999999783e-01,8.587441279318862586e-01
3.068958379999999764e-01,8.587181247569062315e-01
3.069026174999999745e-01,8.587129229407685083e-01
3.069229549999999973e-01,8.586973214762967377e-01
3.069568477999999878e-01,8.586713203658062898e-01
3.069704039000000217e-01,8.586609196260756027e-01
3.070652797999999795e-01,8.585881217521901254e-01
3.071059319000000176e-01,8.585569255729460503e-01
3.071398046000000104e-01,8.585309306390850326e-01
3.071601264000000109e-01,8.585153331324618664e-01
3.071872199999999831e-01,8.584945380843759244e-01
3.072210837000000083e-01,8.584685453945207767e-01
3.072481719999999861e-01,8.584477528648803979e-01
3.072684866000000015e-01,8.584321589677470499e-01
3.072752578999999873e-01,8.584269597676587038e-01
3.072820290000000121e-01,8.584217623100637296e-01
3.073226524000000071e-01,8.583905763509139808e-01
3.073294225000000046e-01,8.583853774057186303e-01
3.073361923999999856e-01,8.583801804623140130e-01
3.073903461999999975e-01,8.583386019633889585e-01
3.074106514000000123e-01,8.583230097057547026e-01
3.074444905000000006e-01,8.582970255059706455e-01
3.074647922000000033e-01,8.582814355891565938e-01
3.074918589999999785e-01,8.582606495492312026e-01
3.075189233999999772e-01,8.582398642098507668e-01
3.075527505000000272e-01,8.582138839256803209e-01
3.075933382000000105e-01,8.581827087203023341e-01
3.076068663000000036e-01,8.581723172750647111e-01
3.076271572000000010e-01,8.581567302111177131e-01
3.076542097000000142e-01,8.581359492483084939e-01
3.077083076000000084e-01,8.580943887272978188e-01
3.077285918000000065e-01,8.580788050046145310e-01
3.077556354000000050e-01,8.580580257225999263e-01
3.077623959999999936e-01,8.580528315839015541e-01
3.077894366000000215e-01,8.580320537928379787e-01
3.078164748000000173e-01,8.580112763461317238e-01
3.078367518999999830e-01,8.579956944246955874e-01
3.078705441999999848e-01,8.579697263536572027e-01
3.079178470999999750e-01,8.579333706175999996e-01
3.079313607999999980e-01,8.579229840701432241e-01
3.079516304000000093e-01,8.579074052750463864e-01
3.080056760000000060e-01,8.578658610913932892e-01
3.080326952999999923e-01,8.578450915275530608e-01
3.080394497000000231e-01,8.578398986547882688e-01
3.080529582000000044e-01,8.578295139176776996e-01
3.080597122000000021e-01,8.578243211309420913e-01
3.080934799000000224e-01,8.577983599875453891e-01
3.081407486000000140e-01,8.577620171114938019e-01
3.081880100000000122e-01,8.577256758968306860e-01
3.082015120000000108e-01,8.577152931519663737e-01
3.082217637999999926e-01,8.576997182688184118e-01
3.082555137999999917e-01,8.576737639098107602e-01
3.082757620000000087e-01,8.576581914272762841e-01
3.083567416999999922e-01,8.575959048450720879e-01
3.083634889999999906e-01,8.575907148712802464e-01
3.083769833000000182e-01,8.575803345700508951e-01
3.083837301999999836e-01,8.575751440434384865e-01
3.084039700000000273e-01,8.575595744440850376e-01
3.084377000999999896e-01,8.575336265691982929e-01
3.084579363000000130e-01,8.575180567119637942e-01
3.084646815000000042e-01,8.575128679528130071e-01
3.084849159999999979e-01,8.574972999066750035e-01
3.085186372000000010e-01,8.574713535705938972e-01
3.085253809999999874e-01,8.574661652504380616e-01
3.085456114999999833e-01,8.574505987484297709e-01
3.085793260999999954e-01,8.574246547267904139e-01
3.086197788000000219e-01,8.573935237699463752e-01
3.086871881000000095e-01,8.573416424742815733e-01
3.087006681999999724e-01,8.573312674784475673e-01
3.087074080000000165e-01,8.573260805826293796e-01
3.087343658000000213e-01,8.573053294596583163e-01
3.087411049000000074e-01,8.573001418026773290e-01
3.088084877000000228e-01,8.572482700022497903e-01
3.088421735999999918e-01,8.572223359909989515e-01
3.088489104000000096e-01,8.572171493871209025e-01
3.088893276999999937e-01,8.571860307222958220e-01
3.089027990000000057e-01,8.571756575419750002e-01
3.089162697000000235e-01,8.571652846878194953e-01
3.089499438000000153e-01,8.571393545607554065e-01
3.089768804999999952e-01,8.571186121688777471e-01
3.090038147999999985e-01,8.570978689905924819e-01
3.090240140000000135e-01,8.570823119203831997e-01
3.090307467999999780e-01,8.570771269935293368e-01
3.091115286000000184e-01,8.570149068080904486e-01
3.091317208000000094e-01,8.569993524603224389e-01
3.091721010999999852e-01,8.569682455977977176e-01
3.091922892999999783e-01,8.569526929379651659e-01
3.092259333999999860e-01,8.569267729115565002e-01
3.092663015000000071e-01,8.568956696237558512e-01
3.092730289999999771e-01,8.568904862930375455e-01
3.092797562999999861e-01,8.568853023286494563e-01
3.093268437000000204e-01,8.568490193120567033e-01
3.093335698999999939e-01,8.568438355358880543e-01
3.093470218000000105e-01,8.568334687667658045e-01
3.093537474999999981e-01,8.568282864215688299e-01
3.094613394999999878e-01,8.567453641986788604e-01
3.094882317000000049e-01,8.567246357541400403e-01
3.094949543000000136e-01,8.567194533022693959e-01
3.095151214999999900e-01,8.567039073823822237e-01
3.095487304999999800e-01,8.566779992228615859e-01
3.095688940999999916e-01,8.566624551900915430e-01
3.096428162000000039e-01,8.566054616057839910e-01
3.096495355000000171e-01,8.566002800750479595e-01
3.096562547000000221e-01,8.565950998617095635e-01
3.097032847999999783e-01,8.565588344944291554e-01
3.097100027999999949e-01,8.565536544382116313e-01
3.097301559000000259e-01,8.565381137399424860e-01
3.097570248000000026e-01,8.565173931825467157e-01
3.097771747999999992e-01,8.565018523167632347e-01
3.098846197999999830e-01,8.564189797774156565e-01
3.099114752000000084e-01,8.563982630388485839e-01
3.099181886999999858e-01,8.563930838567989090e-01
3.099786036000000133e-01,8.563464754534495516e-01
3.100322958000000240e-01,8.563050481360742205e-01
3.100524279999999910e-01,8.562895146369423616e-01
3.100725588000000088e-01,8.562739816359894451e-01
3.100792687999999742e-01,8.562688031737980543e-01
3.100993980000000261e-01,8.562532701149988545e-01
3.101329435999999884e-01,8.562273824079722484e-01
3.101597775000000112e-01,8.562066725098489428e-01
3.101799014000000132e-01,8.561911418114217520e-01
3.102134383999999856e-01,8.561652571684825741e-01
3.102402652999999844e-01,8.561445508432670159e-01
3.102469716999999849e-01,8.561393738771472250e-01
3.102939122999999744e-01,8.561031386083646222e-01
3.103140274999999781e-01,8.560876103015933047e-01
3.103207323000000128e-01,8.560824342390904729e-01
3.104011783000000246e-01,8.560203253809979262e-01
3.104614991999999907e-01,8.559737487309061477e-01
3.104816034999999808e-01,8.559582231571829514e-01
3.105017065999999826e-01,8.559426996095703677e-01
3.105352088000000177e-01,8.559168251694810881e-01
3.105553082999999992e-01,8.559013031601276911e-01
3.106155992999999893e-01,8.558547355711924043e-01
3.106222974999999775e-01,8.558495609482776878e-01
3.106423915000000036e-01,8.558340402902147037e-01
3.106758785000000023e-01,8.558081717154074619e-01
3.106959690000000163e-01,8.557926513630090826e-01
3.107160581000000255e-01,8.557771322939278225e-01
3.107227542000000065e-01,8.557719597411348467e-01
3.107294501999999792e-01,8.557667855753310349e-01
3.107428416999999943e-01,8.557564406278463931e-01
3.107763178999999876e-01,8.557305759467614958e-01
3.108834174999999811e-01,8.556478179959575714e-01
3.109101866000000269e-01,8.556271303131290917e-01
3.109436447000000214e-01,8.556012722635107925e-01
3.109570269999999970e-01,8.555909288307705918e-01
3.109971703000000143e-01,8.555599018948477630e-01
3.110172399999999726e-01,8.555443878639151789e-01
3.110373084999999982e-01,8.555288759331716175e-01
3.110640644000000066e-01,8.555081924788349168e-01
3.110975060000000236e-01,8.554823390249313153e-01
3.111041938999999923e-01,8.554771690364931791e-01
3.111576918000000247e-01,8.554358073491739045e-01
3.111777512000000190e-01,8.554202977177567391e-01
3.111978092000000085e-01,8.554047880117500169e-01
3.112044950000000254e-01,8.553996190581886205e-01
3.112780285999999785e-01,8.553427561489558295e-01
3.112847126000000131e-01,8.553375866773297309e-01
3.113181305000000121e-01,8.553117417936260125e-01
3.113381794999999785e-01,8.552962348329543607e-01
3.113649096000000172e-01,8.552755605844551967e-01
3.113849556000000129e-01,8.552600559943903669e-01
3.114784865999999930e-01,8.551877034580124270e-01
3.115252414999999941e-01,8.551515312371380517e-01
3.115719894999999795e-01,8.551153604399649444e-01
3.115786671999999924e-01,8.551101946214725302e-01
3.115853447999999970e-01,8.551050272041039735e-01
3.116053765999999836e-01,8.550895261336952657e-01
3.116254070999999737e-01,8.550740260458682407e-01
3.116320837000000066e-01,8.550688603273846056e-01
3.116587885000000058e-01,8.550481947236493463e-01
3.116921663000000176e-01,8.550223624018223889e-01
3.117055163999999934e-01,8.550120308528204038e-01
3.117388891999999800e-01,8.549862010670712387e-01
3.117455632999999726e-01,8.549810351672281206e-01
3.117655849000000035e-01,8.549655391314257002e-01
3.117856050999999740e-01,8.549500420990960858e-01
3.117989512000000074e-01,8.549397113190875253e-01
3.118189693000000262e-01,8.549242153120560905e-01
3.118456580999999783e-01,8.549035545070763353e-01
3.118723447000000260e-01,8.548828957176776155e-01
3.118990288999999860e-01,8.548622364743628799e-01
3.119056995999999748e-01,8.548570712033664032e-01
3.120057430000000021e-01,8.547796089099224393e-01
3.120257477999999751e-01,8.547641171065936128e-01
3.120524190000000253e-01,8.547434627777646954e-01
3.120657537000000037e-01,8.547331355537878261e-01
3.121124205999999957e-01,8.546969932714109097e-01
3.121190868000000007e-01,8.546918302185717575e-01
3.121390842999999804e-01,8.546763416529382651e-01
3.121657458000000052e-01,8.546556900023758452e-01
3.121724108000000220e-01,8.546505281619657390e-01
3.122190617999999751e-01,8.546143902509046875e-01
3.122257257000000119e-01,8.546092279441850348e-01
3.122390529999999886e-01,8.545989040382910851e-01
3.122657059000000235e-01,8.545782550957388146e-01
3.122790315000000261e-01,8.545679319992036671e-01
3.123190048000000218e-01,8.545369607289805547e-01
3.123456508999999937e-01,8.545163148883182513e-01
3.123523120999999736e-01,8.545111536771555771e-01
3.124255754999999968e-01,8.544543810455218491e-01
3.124388942999999919e-01,8.544440607153894751e-01
3.124588714000000045e-01,8.544285783051750460e-01
3.124855054999999826e-01,8.544079365226389111e-01
3.125387669999999951e-01,8.543666556068230111e-01
3.125454240000000161e-01,8.543614950048297185e-01
3.125587376999999778e-01,8.543511745551899406e-01
3.125653943000000212e-01,8.543460152796877871e-01
3.125920193999999763e-01,8.543253764775659009e-01
3.126519174999999873e-01,8.542789420121418287e-01
3.126984970000000197e-01,8.542428294008580503e-01
3.127450694999999725e-01,8.542067188098518837e-01
3.127716792999999940e-01,8.541860843271732451e-01
3.127783313999999981e-01,8.541809271353608679e-01
3.128780957000000251e-01,8.541035585030842814e-01
3.128847455000000055e-01,8.540984004703349175e-01
3.129046940999999915e-01,8.540829279419275277e-01
3.129179925000000195e-01,8.540726138298503356e-01
3.129379389999999983e-01,8.540571417785036701e-01
3.129645323999999951e-01,8.540365139141248285e-01
3.130177123999999811e-01,8.539952605333047675e-01
3.130243591999999908e-01,8.539901036121410050e-01
3.130442989000000176e-01,8.539746340361721311e-01
3.130708832999999913e-01,8.539540105286687055e-01
3.130775290000000211e-01,8.539488534343959714e-01
3.130974652999999885e-01,8.539333849575581059e-01
3.131240451999999785e-01,8.539127618743933557e-01
3.131771979999999900e-01,8.538715174394418961e-01
3.131838415000000042e-01,8.538663623746152176e-01
3.132369842000000126e-01,8.538251222063713008e-01
3.132569103999999771e-01,8.538096566145223498e-01
3.132834767000000076e-01,8.537890382420598723e-01
3.133033999000000014e-01,8.537735752355305463e-01
3.133100407000000143e-01,8.537684206713336277e-01
3.133366025000000055e-01,8.537478023693415574e-01
3.133963583000000108e-01,8.537014170168318872e-01
3.134162743000000195e-01,8.536859559394035513e-01
3.134428270999999877e-01,8.536653413113701738e-01
3.134892890000000043e-01,8.536292682807713472e-01
3.135025625999999788e-01,8.536189624685757149e-01
3.135158356000000146e-01,8.536086567548407666e-01
3.135423800000000094e-01,8.535880452209425595e-01
3.135556513000000156e-01,8.535777405051117039e-01
3.135755572000000213e-01,8.535622819974681974e-01
3.136020964999999827e-01,8.535416737995203951e-01
3.136087309999999739e-01,8.535365214132989431e-01
3.136618017000000203e-01,8.534953051424588599e-01
3.136817009000000267e-01,8.534798494796204116e-01
3.137281275000000091e-01,8.534437886341266211e-01
3.137546538000000051e-01,8.534231839123241903e-01
3.137612851000000092e-01,8.534180316490428408e-01
3.138143299999999747e-01,8.533768249637728731e-01
3.138209599999999821e-01,8.533716734638067125e-01
3.138342195000000112e-01,8.533613728940232512e-01
3.138408490999999856e-01,8.533562220216264205e-01
3.138938804999999999e-01,8.533150192534355583e-01
3.139137650000000113e-01,8.532995692882031635e-01
3.139734109000000273e-01,8.532532202009285305e-01
3.140197943999999963e-01,8.532171748675404510e-01
3.140264199999999728e-01,8.532120252533421656e-01
3.140330454999999965e-01,8.532068766234487400e-01
3.140529212000000014e-01,8.531914294313994729e-01
3.141522807000000084e-01,8.531142003361166237e-01
3.141589034999999752e-01,8.531090518047400595e-01
3.141787711999999844e-01,8.530936068821809437e-01
3.141920156999999936e-01,8.530833107108739544e-01
3.142118812999999955e-01,8.530678669758370303e-01
3.142383668000000019e-01,8.530472762886822657e-01
3.142582294999999859e-01,8.530318333464466107e-01
3.142648500999999928e-01,8.530266863173818770e-01
3.143178100999999836e-01,8.529855081690507212e-01
3.143906154000000175e-01,8.529288931362342119e-01
3.143972332000000147e-01,8.529237461892622552e-01
3.144501707999999840e-01,8.528825754279818483e-01
3.144567873999999930e-01,8.528774293393440731e-01
3.144700201000000250e-01,8.528671368114549844e-01
3.144766363000000009e-01,8.528619912560371219e-01
3.145097150000000230e-01,8.528362621345835226e-01
3.145295605000000272e-01,8.528208249337280167e-01
3.145626335999999745e-01,8.527950975566103153e-01
3.145758618999999756e-01,8.527848076771733510e-01
3.146353822999999883e-01,8.527385022410945981e-01
3.146684443000000164e-01,8.527127786968822232e-01
3.146816680999999782e-01,8.527024908834668349e-01
3.146882798000000259e-01,8.526973461034641488e-01
3.147147252999999978e-01,8.526767692089609607e-01
3.147411685000000015e-01,8.526561922112815273e-01
3.147676094999999896e-01,8.526356167489667071e-01
3.147742193999999993e-01,8.526304727652669335e-01
3.147874386999999774e-01,8.526201848020286134e-01
3.147940482000000095e-01,8.526150419027129779e-01
3.148138758999999842e-01,8.525996116718070894e-01
3.148270935999999964e-01,8.525893245982885116e-01
3.148667433999999821e-01,8.525584644882074903e-01
3.148733511999999846e-01,8.525533218675304115e-01
3.149262087999999959e-01,8.525121795529490010e-01
3.149328154000000102e-01,8.525070360477624565e-01
3.149526342000000256e-01,8.524916094258420118e-01
3.149724519000000056e-01,8.524761813546751776e-01
3.150385016999999732e-01,8.524247607081719691e-01
3.150847283000000054e-01,8.523887682081487949e-01
3.151045376000000120e-01,8.523733445487575722e-01
3.151441524999999966e-01,8.523424967001551611e-01
3.151639580999999746e-01,8.523270746103945861e-01
3.151837624000000115e-01,8.523116516623203687e-01
3.151903636000000231e-01,8.523065102699601825e-01
3.152497678999999775e-01,8.522602464353047358e-01
3.152695669000000200e-01,8.522448253211027946e-01
3.152893646000000105e-01,8.522294056300239173e-01
3.153025623999999860e-01,8.522191250099049320e-01
3.153223580000000248e-01,8.522037061826177595e-01
3.154081248000000226e-01,8.521368918192843145e-01
3.154279138000000149e-01,8.521214745044461969e-01
3.154477015000000106e-01,8.521060590251681166e-01
3.154542972000000112e-01,8.521009197066307106e-01
3.154806783999999920e-01,8.520803647359610489e-01
3.155268401999999917e-01,8.520443946140675573e-01
3.155598088000000079e-01,8.520187047223660715e-01
3.155664020999999764e-01,8.520135662060479564e-01
3.156191435999999850e-01,8.519724644921936596e-01
3.156389193999999954e-01,8.519570516162381368e-01
3.156586939000000092e-01,8.519416390819082308e-01
3.156652851000000259e-01,8.519365018579158066e-01
3.157180101000000016e-01,8.518954044962815386e-01
3.157377796999999986e-01,8.518799940838407414e-01
3.157443692999999940e-01,8.518748581380592988e-01
3.157773151000000111e-01,8.518491739997925416e-01
3.157970809999999795e-01,8.518337653408558641e-01
3.158431965999999869e-01,8.517978125495312414e-01
3.158695452999999986e-01,8.517772681768681631e-01
3.158761320999999844e-01,8.517721328899268141e-01
3.159024780999999948e-01,8.517515896074099313e-01
3.159288218999999898e-01,8.517310483560818213e-01
3.159815028999999886e-01,8.516899663113568497e-01
3.160341750999999810e-01,8.516488883471822202e-01
3.160539249000000050e-01,8.516334850195423911e-01
3.160605079000000095e-01,8.516283506292118277e-01
3.160802560000000039e-01,8.516129475844307350e-01
3.160934208000000245e-01,8.516026794106755782e-01
3.161592362999999795e-01,8.515513400820424739e-01
3.161658171000000239e-01,8.515462060302592118e-01
3.161921389999999832e-01,8.515256718337729236e-01
3.161987191000000252e-01,8.515205391814528735e-01
3.162184585999999742e-01,8.515051393246311218e-01
3.162513551000000200e-01,8.514794735378691248e-01
3.162710912999999735e-01,8.514640734829939106e-01
3.162908262999999942e-01,8.514486757352048851e-01
3.162974043999999818e-01,8.514435428864667310e-01
3.163500240000000074e-01,8.514024829041455522e-01
3.163566007999999985e-01,8.513973505423861887e-01
3.164289370000000212e-01,8.513408994654224626e-01
3.164552368999999921e-01,8.513203720840302191e-01
3.165144038000000104e-01,8.512741910333194717e-01
3.165341235999999947e-01,8.512587978530788968e-01
3.165669872999999912e-01,8.512331427709608489e-01
3.165867038999999883e-01,8.512177511919438722e-01
3.166129906999999855e-01,8.511972289673622738e-01
3.166392753000000226e-01,8.511767071882438973e-01
3.166655577999999971e-01,8.511561879586262425e-01
3.166721281000000054e-01,8.511510572449854095e-01
3.166852681999999808e-01,8.511407976244236284e-01
3.167246853999999834e-01,8.511100197128637079e-01
3.167443922000000023e-01,8.510946310909710544e-01
3.167706659000000258e-01,8.510741138102760894e-01
3.167903698000000268e-01,8.510587267127028843e-01
3.168232068999999873e-01,8.510330808509916078e-01
3.168494740999999726e-01,8.510125660423556448e-01
3.168691731000000122e-01,8.509971803294104076e-01
3.169020020000000160e-01,8.509715382723941346e-01
3.169282627000000185e-01,8.509510259126781273e-01
3.169348275000000159e-01,8.509458981153643631e-01
3.169873413000000029e-01,8.509048754527830383e-01
3.170004683000000045e-01,8.508946190420746403e-01
3.170398462999999833e-01,8.508638544653043256e-01
3.170595334999999904e-01,8.508484733826271462e-01
3.170857811000000193e-01,8.508279648905426873e-01
3.171382697999999833e-01,8.507869519256326951e-01
3.171448303000000135e-01,8.507818248689094087e-01
3.172169866999999810e-01,8.507254362989964402e-01
3.172956840000000223e-01,8.506639280829676464e-01
3.173022412000000014e-01,8.506588028789011657e-01
3.173219120999999920e-01,8.506434258817316962e-01
3.173415816999999861e-01,8.506280510129571315e-01
3.173481380000000018e-01,8.506229250811875309e-01
3.173546942000000093e-01,8.506178000215544044e-01
3.173940282000000113e-01,8.505870514926985315e-01
3.174071384000000107e-01,8.505768022753716906e-01
3.174202481000000242e-01,8.505665527087983291e-01
3.174530200999999829e-01,8.505409311977434328e-01
3.174595740000000221e-01,8.505358064433482523e-01
3.174792350999999790e-01,8.505204350107372635e-01
3.174988951000000115e-01,8.505050625825150146e-01
3.175120009999999882e-01,8.504948152929492355e-01
3.175251063999999790e-01,8.504845671630544279e-01
3.175316588000000051e-01,8.504794431175217717e-01
3.175513154999999865e-01,8.504640725366766629e-01
3.175840738999999857e-01,8.504384555801454137e-01
3.176364803000000236e-01,8.503974707939301325e-01
3.176692299000000164e-01,8.503718567674218853e-01
3.177347189999999988e-01,8.503206324656774617e-01
3.177609108000000182e-01,8.503001441670725580e-01
3.178132880999999799e-01,8.502591686565065254e-01
3.178263809999999912e-01,8.502489257343125439e-01
3.178722021000000009e-01,8.502130771146679811e-01
3.179441934000000192e-01,8.501567466640360671e-01
3.179507371999999998e-01,8.501516250163303479e-01
3.179703680000000032e-01,8.501362631714540763e-01
3.179834543999999763e-01,8.501260220788604549e-01
3.180292529000000035e-01,8.500901810530296920e-01
3.180554205000000190e-01,8.500697014586631184e-01
3.180815860000000272e-01,8.500492221262732073e-01
3.180881269999999983e-01,8.500441033251654455e-01
3.181077492000000118e-01,8.500287442364415913e-01
3.181404502999999884e-01,8.500031475287801452e-01
3.181796872000000054e-01,8.499724317612569191e-01
3.181862261999999775e-01,8.499673140310887165e-01
3.182319954999999756e-01,8.499314825844199728e-01
3.182385334000000232e-01,8.499263645440773285e-01
3.182581463999999971e-01,8.499110084684006194e-01
3.182646838000000034e-01,8.499058903895693184e-01
3.182908320000000235e-01,8.498854170967375943e-01
3.183169780999999809e-01,8.498649453472680859e-01
3.183365863000000018e-01,8.498495919375106400e-01
3.183627285999999779e-01,8.498291198716438899e-01
3.183954035000000071e-01,8.498035330485623762e-01
3.184019381000000037e-01,8.497984149208800408e-01
3.184542097999999988e-01,8.497574784151045169e-01
3.184672763999999989e-01,8.497472451666442383e-01
3.184738094999999825e-01,8.497421272882681453e-01
3.185521962999999790e-01,8.496807293407055983e-01
3.185587276999999884e-01,8.496756131103258003e-01
3.185783208999999894e-01,8.496602646253874624e-01
3.185979130000000104e-01,8.496449173308542324e-01
3.186109737000000219e-01,8.496346846862304902e-01
3.186501526000000140e-01,8.496039911632362607e-01
3.186566820000000244e-01,8.495988753606282806e-01
3.186762691999999730e-01,8.495835294826261652e-01
3.187154401000000248e-01,8.495528379566972266e-01
3.187350237000000086e-01,8.495374927407691734e-01
3.187611334000000074e-01,8.495170347113080167e-01
3.187676604999999941e-01,8.495119193076654529e-01
3.187872408999999907e-01,8.494965747140306167e-01
3.188133463000000223e-01,8.494761176178154960e-01
3.188655505999999917e-01,8.494352045115265426e-01
3.188851249999999915e-01,8.494198635278730203e-01
3.189242702000000262e-01,8.493891802902758803e-01
3.189438410000000057e-01,8.493738405628535881e-01
3.189895016000000028e-01,8.493380482433775525e-01
3.190221122999999936e-01,8.493124838883813199e-01
3.190481983999999827e-01,8.492920319736262380e-01
3.190808030999999767e-01,8.492664703253991476e-01
3.191003642999999945e-01,8.492511327259022469e-01
3.191264441000000174e-01,8.492306851610910146e-01
3.191720785000000116e-01,8.491949016901020331e-01
3.191785972000000249e-01,8.491897891235674622e-01
3.191851157000000216e-01,8.491846786205795583e-01
3.191981523999999903e-01,8.491744545095912811e-01
3.192242241000000091e-01,8.491540087035734929e-01
3.192893942000000207e-01,8.491028990013258504e-01
3.193024266000000222e-01,8.490926770613425045e-01
3.193350053999999827e-01,8.490671236801256017e-01
3.193415206999999922e-01,8.490620132069368609e-01
3.193610660000000268e-01,8.490466826404745593e-01
3.194131807000000212e-01,8.490058004345422127e-01
3.194327216000000247e-01,8.489904710289877254e-01
3.194652869999999867e-01,8.489649227435948076e-01
3.195108729999999730e-01,8.489291577374299402e-01
3.195173848000000261e-01,8.489240470521199899e-01
3.195499415999999981e-01,8.488985017724265392e-01
3.195955155999999908e-01,8.488627407807691760e-01
3.196150453000000113e-01,8.488474157983295632e-01
3.196541010999999766e-01,8.488167660376618739e-01
3.196736271999999768e-01,8.488014410670404741e-01
3.196996602000000132e-01,8.487810099759153237e-01
3.197061681000000211e-01,8.487759008435337149e-01
3.197256909999999785e-01,8.487605782697595913e-01
3.198102767000000068e-01,8.486941821560863852e-01
3.198232878999999751e-01,8.486839684296085817e-01
3.199013439000000236e-01,8.486226887043079037e-01
3.199078477000000253e-01,8.486175817059111726e-01
3.199598733999999833e-01,8.485767331703822913e-01
3.199663759999999968e-01,8.485716275241949047e-01
3.200053889999999734e-01,8.485409929113763017e-01
3.200573988000000036e-01,8.485001497619605315e-01
3.201158997999999922e-01,8.484542043226095398e-01
3.201743900999999837e-01,8.484082631050315904e-01
3.202198752000000037e-01,8.483725328389212228e-01
3.202263725000000227e-01,8.483674289084006670e-01
3.202393667999999805e-01,8.483572207220738681e-01
3.202718501999999856e-01,8.483317023913491406e-01
3.202783464999999774e-01,8.483265988366039956e-01
3.202978344999999893e-01,8.483112885074872711e-01
3.203303120000000059e-01,8.482857721897979486e-01
3.203433021000000047e-01,8.482755649908870765e-01
3.203757749000000210e-01,8.482500499936252991e-01
3.204017507999999959e-01,8.482296383527837547e-01
3.204342177999999763e-01,8.482041256594388123e-01
3.204536962999999794e-01,8.481888190267341532e-01
3.204731737000000025e-01,8.481735114822038790e-01
3.205056333999999896e-01,8.481480013540649843e-01
3.205510715000000066e-01,8.481122880410504328e-01
3.205835233000000062e-01,8.480867819957629283e-01
3.205900132999999763e-01,8.480816801476214195e-01
3.206094823999999788e-01,8.480663765635455542e-01
3.206289502999999930e-01,8.480510731862463958e-01
3.206354393999999997e-01,8.480459719601379787e-01
3.206613942000000050e-01,8.480255683956561263e-01
3.206808589999999848e-01,8.480102652381412698e-01
3.206873470000000115e-01,8.480051657102656293e-01
3.206938348999999744e-01,8.480000638826934445e-01
3.207976229000000234e-01,8.479184616317877454e-01
3.208170793999999826e-01,8.479031615835885827e-01
3.208365347000000090e-01,8.478878641738528676e-01
3.208430196000000012e-01,8.478827639468546895e-01
3.208624733000000062e-01,8.478674656339145743e-01
3.208689576000000043e-01,8.478623658305083355e-01
3.208948936000000085e-01,8.478419694360933567e-01
3.209013773000000125e-01,8.478368705429565333e-01
3.209208275000000055e-01,8.478215743706318808e-01
3.209532419000000192e-01,8.477960802465374091e-01
3.210569461000000180e-01,8.477145069164975233e-01
3.211023061000000123e-01,8.476788233506052928e-01
3.211087856000000018e-01,8.476737250201478169e-01
3.211282232000000070e-01,8.476584325081413240e-01
3.211476596999999766e-01,8.476431405001421115e-01
3.211541383000000027e-01,8.476380433747259247e-01
3.211606167000000123e-01,8.476329459095723884e-01
3.211735732000000065e-01,8.476227519642910435e-01
3.212059621000000198e-01,8.475972681769362582e-01
3.212318707999999856e-01,8.475768803757252057e-01
3.212642539000000186e-01,8.475513981344681147e-01
3.212772061999999984e-01,8.475412049949631044e-01
3.212836821000000231e-01,8.475361091634447952e-01
3.213095845999999756e-01,8.475157249260617531e-01
3.213678575999999731e-01,8.474698624266330249e-01
3.213808056999999940e-01,8.474596704837557004e-01
3.213872796000000198e-01,8.474545743986073854e-01
3.214196469999999750e-01,8.474290984224283063e-01
3.214584835000000029e-01,8.473985273379639471e-01
3.215167294999999870e-01,8.473526739050248890e-01
3.215232006000000031e-01,8.473475793288133273e-01
3.215426131999999937e-01,8.473322969235022040e-01
3.215620247000000043e-01,8.473170133074866550e-01
3.215943743999999938e-01,8.472915435003506301e-01
3.216267208999999960e-01,8.472660742540777390e-01
3.216720006000000076e-01,8.472304191086168501e-01
3.216784685999999893e-01,8.472253263778528609e-01
3.216914041999999752e-01,8.472151395438657362e-01
3.216978717999999793e-01,8.472100455141066133e-01
3.217172738999999893e-01,8.471947670039077227e-01
3.217302079000000092e-01,8.471845811744713739e-01
3.217496080999999730e-01,8.471693009217149406e-01
3.217948703999999882e-01,8.471336522803583069e-01
3.218271967999999927e-01,8.471081902914846529e-01
3.218724481999999942e-01,8.470725459446045713e-01
3.219047668000000195e-01,8.470470870587213374e-01
3.219306192999999983e-01,8.470267207475133953e-01
3.219758562000000213e-01,8.469910821049551064e-01
3.219887799000000217e-01,8.469808986775232418e-01
3.220017030999999808e-01,8.469707171305435045e-01
3.220081644000000187e-01,8.469656264584337624e-01
3.220404693999999735e-01,8.469401716224244092e-01
3.220598507999999915e-01,8.469249000176953812e-01
3.220856908999999990e-01,8.469045382040470971e-01
3.220921506000000156e-01,8.468994477884407290e-01
3.221438233999999734e-01,8.468587271457675980e-01
3.221631985999999781e-01,8.468434577326405810e-01
3.221954879999999743e-01,8.468180084935742480e-01
3.222148601000000001e-01,8.468027397077776408e-01
3.222406877999999808e-01,8.467823833681866752e-01
3.222923368000000233e-01,8.467416709202902902e-01
3.223117031000000132e-01,8.467264050943902332e-01
3.223181582999999906e-01,8.467213156745282410e-01
3.223375230000000147e-01,8.467060506196057990e-01
3.223697949000000063e-01,8.466806080978533933e-01
3.223956101000000074e-01,8.466602542567072121e-01
3.224149701999999840e-01,8.466449909886814007e-01
3.224536867999999723e-01,8.466144646319196942e-01
3.224730433999999923e-01,8.465992020621284642e-01
3.224988503999999812e-01,8.465788509808270801e-01
3.225053017999999772e-01,8.465737641611494890e-01
3.225440076000000156e-01,8.465432414532131356e-01
3.226020574999999835e-01,8.464974599878245520e-01
3.226085068999999805e-01,8.464923737924819891e-01
3.226214051999999888e-01,8.464822008360622929e-01
3.226278542000000082e-01,8.464771150010310663e-01
3.227245731999999756e-01,8.464008244381548973e-01
3.227568063999999848e-01,8.463753951847550194e-01
3.227632527000000029e-01,8.463703097086200389e-01
3.227825906999999828e-01,8.463550544202034231e-01
3.228019274999999744e-01,8.463397990961950557e-01
3.228341530000000126e-01,8.463143739078082817e-01
3.228599310999999972e-01,8.462940353900755275e-01
3.229114811000000085e-01,8.462533583339981735e-01
3.229565805999999872e-01,8.462177700502158118e-01
3.229630229000000075e-01,8.462126859958535308e-01
3.230145564999999941e-01,8.461720157131626951e-01
3.230338794000000013e-01,8.461567651382131405e-01
3.230725219000000203e-01,8.461262652346407398e-01
3.230918414000000238e-01,8.461110166446291769e-01
3.231111596999999835e-01,8.460957671077280473e-01
3.231240378999999940e-01,8.460856024031472300e-01
3.231369157000000270e-01,8.460754365145038980e-01
3.231626696000000076e-01,8.460551058808341018e-01
3.231691078000000217e-01,8.460500239070667394e-01
3.231948591000000093e-01,8.460296951602257476e-01
3.232206085000000062e-01,8.460093662372742962e-01
3.232270454999999765e-01,8.460042836044446846e-01
3.232399190999999949e-01,8.459941212861395998e-01
3.232785369000000242e-01,8.459636300184525393e-01
3.232978441000000092e-01,8.459483855061427082e-01
3.233171501000000059e-01,8.459331410678218033e-01
3.233235851999999855e-01,8.459280597816726255e-01
3.233686271999999806e-01,8.458924916628930424e-01
3.233750612999999885e-01,8.458874109076286452e-01
3.234007962000000069e-01,8.458670886010299927e-01
3.234329620999999988e-01,8.458416841005836906e-01
3.235294403999999790e-01,8.457654831221790293e-01
3.235358711999999914e-01,8.457604026167629963e-01
3.235744536999999865e-01,8.457299259156905169e-01
3.236258899000000189e-01,8.456892912539452078e-01
3.236323187999999851e-01,8.456842123688441681e-01
3.236580332999999809e-01,8.456638975011384618e-01
3.236837457999999779e-01,8.456435821321880431e-01
3.236901736000000196e-01,8.456385042619894987e-01
3.237094562000000231e-01,8.456232678330887209e-01
3.237415913999999728e-01,8.455978756139232999e-01
3.237608708999999974e-01,8.455826427351798014e-01
3.238444024000000088e-01,8.455166313469583139e-01
3.238572514999999985e-01,8.455064764723979609e-01
3.238636757999999727e-01,8.455013987205263204e-01
3.238893720000000087e-01,8.454810900952061115e-01
3.238957956999999888e-01,8.454760127525620117e-01
3.239343352999999870e-01,8.454455505977581664e-01
3.239600257999999955e-01,8.454252445691103901e-01
3.239921360999999944e-01,8.453998622314552458e-01
3.239985577999999755e-01,8.453947859427033418e-01
3.240178221000000192e-01,8.453795563500373644e-01
3.240627676000000235e-01,8.453440255680918503e-01
3.240691877999999915e-01,8.453389495995891068e-01
3.241526398999999836e-01,8.452729675640877627e-01
3.241718949999999877e-01,8.452577431333452296e-01
3.242039843000000254e-01,8.452323676695695509e-01
3.242232364000000033e-01,8.452171429416468484e-01
3.242681533999999810e-01,8.451816220945461700e-01
3.243066486999999776e-01,8.451511775183925268e-01
3.243515542000000029e-01,8.451156595836619712e-01
3.243579688000000072e-01,8.451105867579495889e-01
3.243772117000000010e-01,8.450953650435217845e-01
3.243964535000000149e-01,8.450801447220502860e-01
3.244092807000000245e-01,8.450699981268035010e-01
3.244541718999999769e-01,8.450344868082210192e-01
3.244798213000000264e-01,8.450141948541274317e-01
3.245118801999999913e-01,8.449888321222923659e-01
3.245311139000000011e-01,8.449736140670507378e-01
3.245567571999999901e-01,8.449533244054417969e-01
3.245759884000000151e-01,8.449381086680816111e-01
3.245823984999999801e-01,8.449330361864156869e-01
3.246080377000000183e-01,8.449127489696341975e-01
3.246336749000000022e-01,8.448924616911526186e-01
3.246657185999999862e-01,8.448671037622002000e-01
3.247105744000000072e-01,8.448316047860917610e-01
3.247618306000000232e-01,8.447910379674977710e-01
3.247810494999999742e-01,8.447758258537424458e-01
3.247874555999999968e-01,8.447707553593279961e-01
3.248066730999999985e-01,8.447555436947458141e-01
3.248130786999999797e-01,8.447504730713123466e-01
3.248386997000000109e-01,8.447301926605844669e-01
3.248579140999999781e-01,8.447149829531498400e-01
3.248707230999999807e-01,8.447048436490887102e-01
3.248835315999999973e-01,8.446947031813941686e-01
3.249411635000000187e-01,8.446490759783474855e-01
3.249603718999999891e-01,8.446338683045971907e-01
3.249731768999999937e-01,8.446237310909542328e-01
3.249923833999999734e-01,8.446085235642792899e-01
3.250179901999999954e-01,8.445882473592354334e-01
3.250755982999999905e-01,8.445426306114596215e-01
3.250947987999999733e-01,8.445274249657737098e-01
3.251267970000000229e-01,8.445020849900115589e-01
3.251459944000000268e-01,8.444868808163507046e-01
3.251651906999999952e-01,8.444716775159775146e-01
3.251715891999999997e-01,8.444666088432365436e-01
3.251907839000000022e-01,8.444514066119815920e-01
3.252163752000000185e-01,8.444311370294418362e-01
3.252739480999999877e-01,8.443855327553431156e-01
3.252803444999999849e-01,8.443804649293040754e-01
3.253251155999999922e-01,8.443449986484287129e-01
3.253315109000000094e-01,8.443399324290490338e-01
3.253826692999999826e-01,8.442994009055592164e-01
3.253954575999999932e-01,8.442892689421767072e-01
3.254210328000000096e-01,8.442690062856524902e-01
3.254338196000000072e-01,8.442588740995070618e-01
3.254529989000000123e-01,8.442436769077188430e-01
3.254785694999999812e-01,8.442234140651300178e-01
3.255552694000000136e-01,8.441626336116958562e-01
3.256063926000000164e-01,8.441221158189260443e-01
3.256255617000000102e-01,8.441069223660037091e-01
3.256894505999999856e-01,8.440562816580916561e-01
3.257022269000000025e-01,8.440461543529748090e-01
3.257086149000000264e-01,8.440410898572673348e-01
3.257341653999999975e-01,8.440208353390705742e-01
3.257788741000000043e-01,8.439853919026107931e-01
3.257852606000000151e-01,8.439803289201187608e-01
3.257916469000000093e-01,8.439752657765658972e-01
3.258427329999999955e-01,8.439347619768845510e-01
3.259065792999999989e-01,8.438841364406223233e-01
3.259129633000000248e-01,8.438790747683784232e-01
3.259384978000000044e-01,8.438588259277610693e-01
3.259640303999999933e-01,8.438385777438287549e-01
3.259895608999999750e-01,8.438183322631684913e-01
3.259959432000000268e-01,8.438132691144681896e-01
3.260087074999999945e-01,8.438031466627883281e-01
3.260150895000000215e-01,8.437980851545755501e-01
3.260469972999999744e-01,8.437727782898036821e-01
3.260661404999999902e-01,8.437575949525060182e-01
3.260852826000000260e-01,8.437424114103829753e-01
3.261108037000000071e-01,8.437221676452936192e-01
3.261427022000000231e-01,8.436968657569401397e-01
3.261490814999999932e-01,8.436918043293072378e-01
3.261682187000000122e-01,8.436766237141807290e-01
3.262001116000000089e-01,8.436513223319158650e-01
3.262447564000000022e-01,8.436159020080854498e-01
3.262511337999999816e-01,8.436108429753115256e-01
3.263149001999999799e-01,8.435602472447234490e-01
3.263212762000000100e-01,8.435551894971528020e-01
3.263914035000000102e-01,8.434995401343200472e-01
3.263977779000000190e-01,8.434944824824228693e-01
3.264169006000000040e-01,8.434793064540591079e-01
3.264232745999999796e-01,8.434742475880203649e-01
3.264487691999999885e-01,8.434540147932687582e-01
3.264551425000000173e-01,8.434489555576968334e-01
3.264933799999999997e-01,8.434186080333471169e-01
3.265061248000000194e-01,8.434084917197111064e-01
3.265252410999999744e-01,8.433933175397371196e-01
3.265507276999999875e-01,8.433730875915272929e-01
3.265953246000000143e-01,8.433376866340595024e-01
3.266016950999999779e-01,8.433326287110622932e-01
3.266208058000000247e-01,8.433174577143056627e-01
3.266462849999999807e-01,8.432972302788469543e-01
3.266590238000000035e-01,8.432871172938478654e-01
3.267036059000000270e-01,8.432517209863685803e-01
3.267227106999999742e-01,8.432365520530538117e-01
3.267545493999999828e-01,8.432112706828109872e-01
3.267609168000000230e-01,8.432062145428249611e-01
3.267991184999999854e-01,8.431758808622334955e-01
3.268118513000000114e-01,8.431657680183302084e-01
3.268500470999999852e-01,8.431354359371674434e-01
3.268564125999999792e-01,8.431303813332736707e-01
3.268818734000000226e-01,8.431101593277079420e-01
3.269073323000000197e-01,8.430899409083472129e-01
3.269136966999999783e-01,8.430848853213936955e-01
3.269264250999999732e-01,8.430747753053547955e-01
3.269836969000000093e-01,8.430292854938299385e-01
3.270282346999999756e-01,8.429939055264336067e-01
3.270600437000000249e-01,8.429686363233894753e-01
3.270664051000000128e-01,8.429635830012780495e-01
3.271109316999999961e-01,8.429282080069778749e-01
3.271363727000000110e-01,8.429079947087833036e-01
3.271618117000000270e-01,8.428877820833239332e-01
3.271681712000000242e-01,8.428827298613534857e-01
3.272381169999999950e-01,8.428271486413718705e-01
3.272571905000000170e-01,8.428119915658198735e-01
3.272699056000000217e-01,8.428018876090360711e-01
3.272889773000000058e-01,8.427867316430182054e-01
3.273080478000000015e-01,8.427715760860926553e-01
3.273334735000000273e-01,8.427513682482510315e-01
3.273398296000000207e-01,8.427463163133859236e-01
3.274415106999999936e-01,8.426654950107184128e-01
3.274605723999999829e-01,8.426503419901683056e-01
3.274669259999999915e-01,8.426452916427512596e-01
3.275177508000000071e-01,8.426048865724452552e-01
3.275241032999999802e-01,8.425998364778375382e-01
3.275368080000000126e-01,8.425897360152233562e-01
3.275749191999999810e-01,8.425594353813304904e-01
3.275939730999999910e-01,8.425442855479738924e-01
3.276193766000000118e-01,8.425240862597659364e-01
3.276257271999999943e-01,8.425190368148705033e-01
3.276384278999999733e-01,8.425089390816631330e-01
3.276701777000000093e-01,8.424836914530904330e-01
3.276955752999999860e-01,8.424634948231940479e-01
3.277146222000000275e-01,8.424483479794117047e-01
3.277273195000000028e-01,8.424382499985220152e-01
3.278225336999999739e-01,8.423625225772133351e-01
3.278288803000000140e-01,8.423574743371953222e-01
3.278669575000000003e-01,8.423271873200566251e-01
3.278796489999999952e-01,8.423170913919184599e-01
3.279240650999999951e-01,8.422817582605202080e-01
3.279748189000000202e-01,8.422413802802426464e-01
3.280192222000000157e-01,8.422060539833193804e-01
3.280255650000000189e-01,8.422010067048556481e-01
3.280699612999999903e-01,8.421656816280720381e-01
3.281270334999999982e-01,8.421202664147441341e-01
3.281333741999999942e-01,8.421152210577298458e-01
3.281460554000000251e-01,8.421051282562179718e-01
3.281523956999999880e-01,8.421000825931909128e-01
3.281840957000000114e-01,8.420748549774783598e-01
3.282221316999999750e-01,8.420445828536194943e-01
3.282284705999999885e-01,8.420395391123015605e-01
3.282474866000000269e-01,8.420244026219829703e-01
3.283362133000000127e-01,8.419537785579267464e-01
3.283552229999999739e-01,8.419386447991294986e-01
3.283805676000000062e-01,8.419184688630604319e-01
3.284249159000000029e-01,8.418831615290623960e-01
3.284312509000000269e-01,8.418781189573468771e-01
3.284375857999999870e-01,8.418730749312712813e-01
3.284502551999999853e-01,8.418629881863377573e-01
3.284565896000000151e-01,8.418579440547090398e-01
3.284882603000000012e-01,8.418327273613253059e-01
3.285072612000000114e-01,8.418175974136058448e-01
3.285262610999999944e-01,8.418024693426913174e-01
3.285325941000000194e-01,8.417974264658898420e-01
3.285515924999999893e-01,8.417822973047753843e-01
3.285832539999999913e-01,8.417570842735536685e-01
3.285895858999999808e-01,8.417520427676894457e-01
3.286592292000000137e-01,8.416965784340110224e-01
3.286845502999999891e-01,8.416764108303437242e-01
3.287098694999999737e-01,8.416562433628431705e-01
3.287351868000000232e-01,8.416360771088583492e-01
3.287415157999999948e-01,8.416310364249679488e-01
3.288111268000000198e-01,8.415755844891591453e-01
3.288364362999999790e-01,8.415554215282841088e-01
3.288554170999999915e-01,8.415402997384008321e-01
3.288807230999999942e-01,8.415201373485877712e-01
3.288933754000000209e-01,8.415100569924728324e-01
3.289123528999999824e-01,8.414949365635510103e-01
3.289313294000000276e-01,8.414798170845646519e-01
3.289439796999999999e-01,8.414697382808962178e-01
3.289945761999999996e-01,8.414294202396475075e-01
3.290388417999999815e-01,8.413941455404762015e-01
3.290451649999999728e-01,8.413891064969604150e-01
3.290578109000000251e-01,8.413790281313221486e-01
3.290641336999999833e-01,8.413739897442786830e-01
3.290831014000000221e-01,8.413588714282905778e-01
3.291147118000000149e-01,8.413336780146015714e-01
3.291905642999999881e-01,8.412732199725743154e-01
3.291968845000000088e-01,8.412681812303863804e-01
3.292158445000000211e-01,8.412530673108657986e-01
3.292474421000000095e-01,8.412278788946138119e-01
3.292663993000000122e-01,8.412127669818386666e-01
3.292853553000000266e-01,8.411976536360131762e-01
3.293358993000000123e-01,8.411573563855592184e-01
3.293422167999999761e-01,8.411523204688535760e-01
3.293485340999999789e-01,8.411472832208741757e-01
3.293927521000000191e-01,8.411120259842720381e-01
3.293990685000000029e-01,8.411069898464593741e-01
3.294180168999999991e-01,8.410918804685884043e-01
3.294622255999999916e-01,8.410566284821621164e-01
3.295001140000000106e-01,8.410264125471293983e-01
3.295190566000000265e-01,8.410113056657326780e-01
3.295506250999999942e-01,8.409861281280273104e-01
3.295632517000000039e-01,8.409760576279570188e-01
3.296453126000000178e-01,8.409106034504091332e-01
3.296642468000000048e-01,8.408954987791209534e-01
3.296705580000000024e-01,8.408904655463520506e-01
3.296894906999999764e-01,8.408753616913480222e-01
3.297021119999999916e-01,8.408652933928932871e-01
3.297462825999999958e-01,8.408300548097664695e-01
3.298219897999999928e-01,8.407696516731864023e-01
3.298535293000000035e-01,8.407444853008473329e-01
3.298976795999999934e-01,8.407092539328332448e-01
3.299039863000000072e-01,8.407042210026118845e-01
3.299481297999999896e-01,8.406689933839258666e-01
3.299733521000000058e-01,8.406488643335656707e-01
3.300048770999999825e-01,8.406237042611864885e-01
3.300427032000000094e-01,8.405935136560672705e-01
3.300490072000000219e-01,8.405884820530071799e-01
3.300742217000000034e-01,8.405683556197676154e-01
3.300994342999999942e-01,8.405482292915967824e-01
3.301057371000000185e-01,8.405431975040508208e-01
3.301246448999999861e-01,8.405281052395271457e-01
3.301435516999999820e-01,8.405130107837047726e-01
3.302506693999999743e-01,8.404274917695180314e-01
3.302569693999999889e-01,8.404224620140384738e-01
3.302695688999999768e-01,8.404124014317428948e-01
3.302947666000000115e-01,8.403922820138531868e-01
3.303073646999999946e-01,8.403822225876381724e-01
3.303262610000000099e-01,8.403671329329370776e-01
3.303514543000000137e-01,8.403470151362053553e-01
3.304018353000000019e-01,8.403067809247238840e-01
3.304081322999999903e-01,8.403017521656209743e-01
3.304270228999999781e-01,8.402866649794550336e-01
3.304459122999999776e-01,8.402715790172454735e-01
3.304585045999999804e-01,8.402615225074523408e-01
3.304710965000000056e-01,8.402514655896979878e-01
3.304773923000000058e-01,8.402464362265155140e-01
3.304962787999999874e-01,8.402313512104426785e-01
3.305025741000000017e-01,8.402263231065421056e-01
3.305277540000000069e-01,8.402062106696348565e-01
3.305718141999999804e-01,8.401710143074527792e-01
3.305781080999999899e-01,8.401659855317966663e-01
3.306284545000000019e-01,8.401257661212627736e-01
3.306473323999999936e-01,8.401106844480877855e-01
3.306725012999999769e-01,8.400905762080823624e-01
3.306976682000000167e-01,8.400704677558404887e-01
3.307039596999999942e-01,8.400654402613707550e-01
3.307102510000000106e-01,8.400604145273223855e-01
3.307794477000000066e-01,8.400051234021641555e-01
3.308046064999999869e-01,8.399850178814194379e-01
3.308549183999999754e-01,8.399448108014552217e-01
3.308737834000000100e-01,8.399297349123233669e-01
3.308800714999999837e-01,8.399247078092024754e-01
3.309303719000000199e-01,8.398845062543013329e-01
3.309555193000000006e-01,8.398644066221204740e-01
3.309743786000000076e-01,8.398493307848892142e-01
3.309806646999999824e-01,8.398443065970448984e-01
3.310058082999999818e-01,8.398242082994652469e-01
3.310120939000000262e-01,8.398191830911652112e-01
3.310309498999999822e-01,8.398041097360702256e-01
3.310623742000000092e-01,8.397789879449006900e-01
3.311000794999999775e-01,8.397488449088180706e-01
3.311566294000000132e-01,8.397036316470110062e-01
3.311629120999999842e-01,8.396986078478018145e-01
3.311817595000000058e-01,8.396835378868228172e-01
3.312068878000000161e-01,8.396634454418697713e-01
3.312131696000000236e-01,8.396584231021385625e-01
3.312320141999999801e-01,8.396433534607447013e-01
3.312634193999999810e-01,8.396182397918749984e-01
3.313073818000000226e-01,8.395830814909348572e-01
3.313136616999999839e-01,8.395780594405291009e-01
3.313513383000000201e-01,8.395479268473423629e-01
3.313764537000000177e-01,8.395278400706420729e-01
3.314078453000000035e-01,8.395027305978458587e-01
3.314580657000000263e-01,8.394625591024269529e-01
3.314831730000000198e-01,8.394424751763284176e-01
3.315020021999999789e-01,8.394274126274614556e-01
3.315333818999999793e-01,8.394023088787362363e-01
3.315584835000000008e-01,8.393822253948360901e-01
3.315773085000000009e-01,8.393671645752325272e-01
3.316149552000000056e-01,8.393370437467269074e-01
3.316651440999999756e-01,8.392968848671953364e-01
3.316839630000000261e-01,8.392818264529235961e-01
3.317027808999999938e-01,8.392667676037983693e-01
3.317090533000000008e-01,8.392617480037350974e-01
3.317153254999999912e-01,8.392567281577744120e-01
3.317592280000000171e-01,8.392215940405636232e-01
3.317654992999999886e-01,8.392165759802293623e-01
3.317780416000000177e-01,8.392065377454809294e-01
3.318156655000000232e-01,8.391764249143438548e-01
3.318783625999999765e-01,8.391262420979380687e-01
3.318846315999999796e-01,8.391212248092578818e-01
3.319661186000000264e-01,8.390559928087087949e-01
3.319849203999999943e-01,8.390409413917525594e-01
3.320099879000000254e-01,8.390208722191563329e-01
3.320601170999999963e-01,8.389807379429102818e-01
3.320663828000000040e-01,8.389757209114832026e-01
3.320789136999999780e-01,8.389656872703195045e-01
3.320851788999999998e-01,8.389606703198049242e-01
3.321039740000000240e-01,8.389456203704540593e-01
3.321165034999999932e-01,8.389355883306836015e-01
3.321352967999999795e-01,8.389205394010289529e-01
3.321540890999999940e-01,8.389054909004840521e-01
3.321603529000000110e-01,8.389004746173561733e-01
3.322167222999999892e-01,8.388553326209758909e-01
3.322355099000000034e-01,8.388402864229671518e-01
3.322542964999999904e-01,8.388252402236903160e-01
3.322856052000000004e-01,8.388001642841246275e-01
3.323607337999999745e-01,8.387399871017554576e-01
3.323669938000000101e-01,8.387349724655950300e-01
3.323795133999999929e-01,8.387249426629415083e-01
3.324358454999999934e-01,8.386798159197432767e-01
3.324608789999999869e-01,8.386597611764923244e-01
3.324796528000000251e-01,8.386447194693135154e-01
3.325046830000000231e-01,8.386246660661030861e-01
3.325109401999999936e-01,8.386196527266909229e-01
3.325171974000000197e-01,8.386146385430324202e-01
3.325359681000000234e-01,8.385995994933672648e-01
3.325609939999999987e-01,8.385795466786636343e-01
3.325672501999999975e-01,8.385745331341531994e-01
3.326110401999999855e-01,8.385394435208617381e-01
3.326673331000000178e-01,8.384943322157921708e-01
3.326798414000000093e-01,8.384843066295695202e-01
3.326860952999999843e-01,8.384792955385321767e-01
3.327361227000000254e-01,8.384391996532402080e-01
3.327798905000000085e-01,8.384041177162785408e-01
3.327861424999999929e-01,8.383991066217354460e-01
3.328174011000000210e-01,8.383740518431658240e-01
3.328549076000000273e-01,8.383439856835982473e-01
3.328674087999999864e-01,8.383339637230413643e-01
3.329049096000000207e-01,8.383038999746428299e-01
3.329111592999999814e-01,8.382988901960650718e-01
3.329549039999999960e-01,8.382638172753676953e-01
3.329611527999999931e-01,8.382588066166930529e-01
3.329798984999999822e-01,8.382437782106605395e-01
3.329861467999999936e-01,8.382387676132601051e-01
3.330173866000000205e-01,8.382137188921277016e-01
3.330548704999999887e-01,8.381836612741437875e-01
3.330673641999999934e-01,8.381736432673374537e-01
3.331110883999999772e-01,8.381385791603362945e-01
3.331360710999999863e-01,8.381185448685308792e-01
3.331672969000000206e-01,8.380935011952038716e-01
3.332110079999999752e-01,8.380584413855165504e-01
3.332359831999999744e-01,8.380384097875926974e-01
3.332609565999999912e-01,8.380183781397444465e-01
3.332671996000000081e-01,8.380133702975307575e-01
3.332796854000000253e-01,8.380033540603853970e-01
3.332859281000000173e-01,8.379983463339548688e-01
3.333358653999999865e-01,8.379582867985838623e-01
3.333545900000000062e-01,8.379432660142458467e-01
3.333608311999999851e-01,8.379382587477371969e-01
3.334107573999999796e-01,8.378982044929039752e-01
3.334169975999999869e-01,8.378931962498685770e-01
3.334357176000000145e-01,8.378781766204044246e-01
3.334606760000000114e-01,8.378581505312351352e-01
3.334856325000000177e-01,8.378381264186741673e-01
3.335043487000000084e-01,8.378231087464426130e-01
3.335105870999999778e-01,8.378181023864063048e-01
3.335604907999999980e-01,8.377780561555565608e-01
3.335667283000000038e-01,8.377730502849850547e-01
3.335854399000000026e-01,8.377580334637070303e-01
3.336789821999999739e-01,8.376829583855115446e-01
3.337163917000000035e-01,8.376529309754421337e-01
3.337350949999999816e-01,8.376379170820855702e-01
3.337662646999999816e-01,8.376128960073068175e-01
3.337849650999999973e-01,8.375978846727670790e-01
3.338098972999999914e-01,8.375778682520852447e-01
3.338784515000000064e-01,8.375228297848857917e-01
3.339033766999999764e-01,8.375028174198744235e-01
3.339096078000000078e-01,8.374978143265106034e-01
3.339158387000000228e-01,8.374928127194896099e-01
3.339594517999999734e-01,8.374577919955780159e-01
3.339656818000000249e-01,8.374527902095528775e-01
3.339781413999999837e-01,8.374427844414341626e-01
3.340342038999999930e-01,8.373977644685837163e-01
3.340778016000000017e-01,8.373627508127063912e-01
3.340840293999999822e-01,8.373577495522007696e-01
3.341089393000000185e-01,8.373377424225106891e-01
3.341587536999999775e-01,8.372977309996443296e-01
3.341649798999999921e-01,8.372927308296901350e-01
3.341774321000000048e-01,8.372827287777901972e-01
3.342147858999999777e-01,8.372527224535111223e-01
3.342583599999999766e-01,8.372177188317114771e-01
3.342770328999999929e-01,8.372027183700202491e-01
3.343019284000000035e-01,8.371827174195629606e-01
3.343143754999999828e-01,8.371727180046555361e-01
3.343330453000000202e-01,8.371577167967882982e-01
3.343828261999999829e-01,8.371177203482558227e-01
3.344139354999999814e-01,8.370927227767351875e-01
3.344574837000000023e-01,8.370577303056490059e-01
3.344637044000000059e-01,8.370527315544650238e-01
3.345010261999999956e-01,8.370227379949770619e-01
3.345134658999999733e-01,8.370127410941399226e-01
3.345321245000000276e-01,8.369977468115419317e-01
3.345507820999999993e-01,8.369827517664721883e-01
3.345570010999999733e-01,8.369777533112985335e-01
3.345756572999999956e-01,8.369627587000419977e-01
3.345818757999999837e-01,8.369577596561402766e-01
3.346067487000000118e-01,8.369377689425820943e-01
3.346502717000000016e-01,8.369027855615949196e-01
3.346627059000000237e-01,8.368927894721003291e-01
3.347000055000000085e-01,8.368628067095208456e-01
3.347062216999999729e-01,8.368578105884709739e-01
3.347621621999999908e-01,8.368128378305826898e-01
3.347745921999999985e-01,8.368028455368595742e-01
3.348056650999999828e-01,8.367778622745052353e-01
3.348118793000000037e-01,8.367728658282920229e-01
3.348305214000000252e-01,8.367578773652593060e-01
3.348491623000000028e-01,8.367428882687528713e-01
3.348553758000000213e-01,8.367378932953022375e-01
3.348740152999999942e-01,8.367229054981600855e-01
3.349050789999999944e-01,8.366979272548794588e-01
3.349112913999999774e-01,8.366929310084000315e-01
3.349485633000000018e-01,8.366629589909021503e-01
3.349609863999999937e-01,8.366529680911473088e-01
3.349796200999999862e-01,8.366379828602524826e-01
3.350044634000000077e-01,8.366180039678782210e-01
3.350293048999999912e-01,8.365980249487794396e-01
3.350541445999999923e-01,8.365780461703007376e-01
3.350789824000000028e-01,8.365580676401515037e-01
3.350976095000000043e-01,8.365430847649412138e-01
3.351286525000000127e-01,8.365181155633082399e-01
3.351534847000000039e-01,8.364981392352264233e-01
3.351721078000000076e-01,8.364831591946065847e-01
3.352527954999999782e-01,8.364182460951442577e-01
3.352590013999999785e-01,8.364132530698176193e-01
3.353024398000000184e-01,8.363783043220446300e-01
3.353582809000000275e-01,8.363333715382230693e-01
3.353706887999999831e-01,8.363233872120613421e-01
3.354451264000000155e-01,8.362634851043320161e-01
3.354699352000000134e-01,8.362435196336581722e-01
3.354761372000000241e-01,8.362385275555517250e-01
3.355071451000000149e-01,8.362135715477893028e-01
3.355257483999999901e-01,8.361985986165280105e-01
3.355753524000000265e-01,8.361586714649794638e-01
3.356001516000000073e-01,8.361387102506689928e-01
3.356497446000000218e-01,8.360987882325151554e-01
3.356559431999999732e-01,8.360937973431574743e-01
3.356745382999999916e-01,8.360788290154482771e-01
3.356931323999999828e-01,8.360638592697049454e-01
3.357241202999999841e-01,8.360389111781020288e-01
3.357427116000000211e-01,8.360239424715095735e-01
3.357674984999999834e-01,8.360039859030721221e-01
3.358046753000000217e-01,8.359740514454578886e-01
3.358232621999999723e-01,8.359590844708630897e-01
3.358542380999999799e-01,8.359341412368178625e-01
3.358728221999999763e-01,8.359191760241095892e-01
3.358914053000000011e-01,8.359042105721866678e-01
3.359471485000000146e-01,8.358593197492215632e-01
3.359657274999999776e-01,8.358443556520485096e-01
3.360028824999999886e-01,8.358144306842935078e-01
3.360400332999999851e-01,8.357845063607129976e-01
3.360895613000000060e-01,8.357446111476234396e-01
3.360957518000000088e-01,8.357396242214197857e-01
3.361019422000000034e-01,8.357346382630741477e-01
3.361205125999999765e-01,8.357196775333389782e-01
3.361390819999999779e-01,8.357047192666668955e-01
3.361514610999999930e-01,8.356947448653819777e-01
3.361700288000000203e-01,8.356797865015219706e-01
3.361947840999999770e-01,8.356598423659319375e-01
3.362442894000000071e-01,8.356199555284833380e-01
3.362628520000000010e-01,8.356049988900229319e-01
3.362690393000000166e-01,8.356000141175246032e-01
3.363432780000000233e-01,8.355401922504636092e-01
3.363989463000000013e-01,8.354953309866012257e-01
3.364175003000000053e-01,8.354803771502224974e-01
3.364360532999999820e-01,8.354654241660084413e-01
3.364669727999999860e-01,8.354405038052710175e-01
3.365411677999999851e-01,8.353807002667891224e-01
3.365597140000000098e-01,8.353657499261282204e-01
3.365906221000000142e-01,8.353408337985718246e-01
3.365968033999999776e-01,8.353358519109737035e-01
3.366153465000000233e-01,8.353209022492544822e-01
3.366400690999999945e-01,8.353009707616275703e-01
3.366462494999999944e-01,8.352959888781990028e-01
3.366895088999999897e-01,8.352611122677119360e-01
3.366956883000000178e-01,8.352561286904841564e-01
3.367142260000000054e-01,8.352411827410197720e-01
3.367451199000000006e-01,8.352162724660250337e-01
3.367574765999999942e-01,8.352063090952022151e-01
3.367636548999999868e-01,8.352013271408077477e-01
3.367883665999999998e-01,8.351814004735520491e-01
3.368130764999999749e-01,8.351614750209465088e-01
3.368439612999999944e-01,8.351365679608779846e-01
3.368563144000000231e-01,8.351266066423930212e-01
3.368933711000000053e-01,8.350967211825111036e-01
3.369118978999999792e-01,8.350817780033439330e-01
3.369365986999999785e-01,8.350618568476186887e-01
3.369859949999999826e-01,8.350220142128707002e-01
3.369921690000000081e-01,8.350170343788335670e-01
3.370106903999999792e-01,8.350020934745572276e-01
3.370292107000000259e-01,8.349871555500867348e-01
3.370353839999999934e-01,8.349821745753387425e-01
3.370415570999999999e-01,8.349771960329667175e-01
3.370785934000000150e-01,8.349473172990491410e-01
3.370909378999999984e-01,8.349373600744248725e-01
3.371526537999999795e-01,8.348875687838731574e-01
3.372081885000000057e-01,8.348427607983901488e-01
3.372328675999999859e-01,8.348228476233969797e-01
3.372513757999999751e-01,8.348079124553965391e-01
3.372575448999999836e-01,8.348029357035086084e-01
3.372822203999999990e-01,8.347830240047092731e-01
3.372883890000000218e-01,8.347780448824571042e-01
3.373253982000000151e-01,8.347481786373746049e-01
3.373377336999999754e-01,8.347382250897721345e-01
3.373809044000000146e-01,8.347033836034478682e-01
3.374302356000000169e-01,8.346635676853931818e-01
3.374364014999999828e-01,8.346585899402159114e-01
3.374487330000000007e-01,8.346486378664612626e-01
3.374548984999999890e-01,8.346436606013851733e-01
3.374795595999999787e-01,8.346237556944110514e-01
3.375350403999999860e-01,8.345789687666417267e-01
3.375473682999999836e-01,8.345690170596939961e-01
3.375781858999999940e-01,8.345441380338207704e-01
3.375843491000000141e-01,8.345391617296500364e-01
3.376028380000000162e-01,8.345242358113050818e-01
3.376336504999999932e-01,8.344993600558844316e-01
3.376459748000000261e-01,8.344894078505790125e-01
3.376521366999999940e-01,8.344844340314915287e-01
3.376706219000000231e-01,8.344695085423432523e-01
3.377260712999999859e-01,8.344247347491307032e-01
3.377322318000000045e-01,8.344197609603134502e-01
3.377815116999999812e-01,8.343799657541123294e-01
3.377999897999999779e-01,8.343650443250715254e-01
3.378184669000000029e-01,8.343501215902717760e-01
3.378246256999999919e-01,8.343451486243033122e-01
3.378431014000000121e-01,8.343302263564680299e-01
3.378985225000000203e-01,8.342854660159810809e-01
3.379231511999999937e-01,8.342655725122121169e-01
3.379293080999999921e-01,8.342606007119602873e-01
3.379724033000000016e-01,8.342257904675621782e-01
3.379785592999999810e-01,8.342208171114360304e-01
3.380216481000000162e-01,8.341860088742429902e-01
3.380278031999999766e-01,8.341810376344742650e-01
3.380401130999999837e-01,8.341710926145428084e-01
3.380647313999999848e-01,8.341512046923650336e-01
3.380955018999999839e-01,8.341263454538101474e-01
3.381139628000000008e-01,8.341114300836932616e-01
3.381385758000000075e-01,8.340915424234738307e-01
3.381693396000000074e-01,8.340666873660532721e-01
3.382247071999999743e-01,8.340219469306532352e-01
3.383169665999999909e-01,8.339473895215692156e-01
3.383231163000000041e-01,8.339424192558559934e-01
3.383354154000000058e-01,8.339324788873613281e-01
3.383415647999999942e-01,8.339275087246157403e-01
3.383723101000000177e-01,8.339026611743645123e-01
3.384153488000000154e-01,8.338678733179437641e-01
3.384645291999999750e-01,8.338281192283331089e-01
3.384706761999999869e-01,8.338231507122446651e-01
3.385075560999999955e-01,8.337933377768383947e-01
3.385198484999999979e-01,8.337833996542879378e-01
3.385321405000000228e-01,8.337734626691919448e-01
3.385382862999999909e-01,8.337684941169467567e-01
3.385874488000000238e-01,8.337287486807625214e-01
3.386304601999999830e-01,8.336939730230680246e-01
3.386366042000000243e-01,8.336890045899447710e-01
3.386550355999999873e-01,8.336741011659840606e-01
3.386673226999999953e-01,8.336641659673736937e-01
3.386857524999999924e-01,8.336492638837336155e-01
3.387287513000000194e-01,8.336144939661119801e-01
3.387656030999999790e-01,8.335846906633551656e-01
3.387840274999999735e-01,8.335697922985157993e-01
3.388085919000000112e-01,8.335499253797178376e-01
3.388147327000000097e-01,8.335449588802585907e-01
3.388515751000000242e-01,8.335151618709443211e-01
3.388577152000000203e-01,8.335101951114846086e-01
3.389129704000000132e-01,8.334655016797608562e-01
3.389313867000000036e-01,8.334506049926855287e-01
3.389804921999999832e-01,8.334108817464317420e-01
3.390050423000000035e-01,8.333910206121925013e-01
3.390234536999999770e-01,8.333761267697488151e-01
3.390541370999999859e-01,8.333513029097395775e-01
3.391093602999999956e-01,8.333066227485431687e-01
3.391277659999999972e-01,8.332917306704992200e-01
3.392259130999999983e-01,8.332123102716293417e-01
3.392443124999999782e-01,8.331974222630782467e-01
3.392565781999999919e-01,8.331874956724829584e-01
3.393056366000000157e-01,8.331477914970616405e-01
3.393179001000000139e-01,8.331378663768762571e-01
3.393485568999999868e-01,8.331130524396267445e-01
3.393546879000000072e-01,8.331080908000901841e-01
3.393730803000000185e-01,8.330932043220743433e-01
3.393914718000000108e-01,8.330783176683032032e-01
3.394037321999999746e-01,8.330683936642767629e-01
3.394159921000000080e-01,8.330584691670449571e-01
3.394221218999999845e-01,8.330535077190983628e-01
3.394405106999999755e-01,8.330386225909618414e-01
3.394466400999999744e-01,8.330336595066902827e-01
3.394711563999999737e-01,8.330138133582466464e-01
3.394956709999999989e-01,8.329939672560495723e-01
3.395140557999999920e-01,8.329790845220155227e-01
3.395201837999999861e-01,8.329741230540984587e-01
3.395692041999999744e-01,8.329344362932107337e-01
3.395875850000000251e-01,8.329195526116167647e-01
3.396120911000000131e-01,8.328997108493307877e-01
3.396672236000000122e-01,8.328550690382694466e-01
3.396855991000000130e-01,8.328401887839246287e-01
3.397162227000000145e-01,8.328153893509391281e-01
3.397407196000000185e-01,8.327955522610659411e-01
3.397958312000000092e-01,8.327509179718146637e-01
3.398141996999999859e-01,8.327360404093372415e-01
3.398325672999999991e-01,8.327211650991035441e-01
3.398448117000000268e-01,8.327112474791739105e-01
3.398631776000000104e-01,8.326963698817132498e-01
3.399121485000000109e-01,8.326567037769060375e-01
3.399427516999999899e-01,8.326319128379539025e-01
3.399611122999999790e-01,8.326170395220411358e-01
3.400100690000000259e-01,8.325773785373771219e-01
3.400345448000000048e-01,8.325575481324796190e-01
3.400773730000000161e-01,8.325228479014002980e-01
3.400834909000000073e-01,8.325178905358852077e-01
3.400896086999999901e-01,8.325129344778271490e-01
3.401018438999999782e-01,8.325030215446955761e-01
3.401324300999999939e-01,8.324782382194828578e-01
3.401385470000000133e-01,8.324732802882671701e-01
3.401813620999999954e-01,8.324385867470932565e-01
3.401997098999999802e-01,8.324237183939617868e-01
3.402302871999999812e-01,8.323989383295244959e-01
3.402853195000000164e-01,8.323543372792908679e-01
3.402975476000000277e-01,8.323444259742183160e-01
3.403036615999999737e-01,8.323394709966652760e-01
3.403281161999999749e-01,8.323196501117673396e-01
3.403831326000000268e-01,8.322750564740695189e-01
3.403953572999999788e-01,8.322651478981935025e-01
3.404014694999999979e-01,8.322601929547878141e-01
3.404198052999999891e-01,8.322453283851015682e-01
3.404320287000000000e-01,8.322354204139659206e-01
3.404686961000000234e-01,8.322056945258810012e-01
3.404748069999999904e-01,8.322007420212890194e-01
3.405236897999999734e-01,8.321611111213987888e-01
3.405297997000000243e-01,8.321561563203742073e-01
3.405481285999999996e-01,8.321412967400253491e-01
3.405970010000000103e-01,8.321016698727849992e-01
3.406153263000000209e-01,8.320868113262168686e-01
3.406214344999999866e-01,8.320818578951335587e-01
3.406275425999999995e-01,8.320769059554932179e-01
3.406702964000000167e-01,8.320422376993533709e-01
3.406764036000000107e-01,8.320372843012223685e-01
3.406947247000000067e-01,8.320224279055142835e-01
3.407252575999999977e-01,8.319976657705505652e-01
3.407435759999999925e-01,8.319828103369304451e-01
3.407618934000000155e-01,8.319679541741451523e-01
3.407679989999999881e-01,8.319630020675558013e-01
3.407863151000000146e-01,8.319481461770118491e-01
3.408229443999999941e-01,8.319184377905233241e-01
3.408412576000000027e-01,8.319035844208849673e-01
3.408595697999999841e-01,8.318887298707473565e-01
3.408900879000000272e-01,8.318639751557080908e-01
3.409572182000000229e-01,8.318095179941656925e-01
3.409694222999999913e-01,8.317996179758252451e-01
3.409877276000000124e-01,8.317847664912392247e-01
3.410182341999999922e-01,8.317600160364131412e-01
3.410609390000000074e-01,8.317253688021322144e-01
3.410670391999999773e-01,8.317204190355532711e-01
3.410792394000000116e-01,8.317105192559939297e-01
3.411097377999999791e-01,8.316857719151012907e-01
3.411646281999999863e-01,8.316412311737498841e-01
3.412012168999999928e-01,8.316115382674031942e-01
3.412073145999999779e-01,8.316065897353613900e-01
3.412317045000000104e-01,8.315867959955922650e-01
3.412560926000000050e-01,8.315670036494345885e-01
3.412743824999999731e-01,8.315521590511097960e-01
3.412804789000000172e-01,8.315472119779058202e-01
3.413109594000000024e-01,8.315224721609252301e-01
3.413292464000000082e-01,8.315076299589829745e-01
3.413536274999999787e-01,8.314878394335671885e-01
3.413719122000000161e-01,8.314729968753490352e-01
3.413962903000000160e-01,8.314532087621345768e-01
3.414023844999999890e-01,8.314482613581198889e-01
3.414084787000000176e-01,8.314433141543075001e-01
3.414267603999999734e-01,8.314284736931013553e-01
3.414572277999999850e-01,8.314037389883753848e-01
3.415059701000000003e-01,8.313641670715552490e-01
3.415486138000000116e-01,8.313295450207279780e-01
3.415729793000000236e-01,8.313097619837118701e-01
3.415912521999999729e-01,8.312949246336543974e-01
3.416399753000000095e-01,8.312553598875882521e-01
3.416643342999999833e-01,8.312355807183307022e-01
3.416947805000000171e-01,8.312108552563635122e-01
3.417008693999999958e-01,8.312059112528336069e-01
3.417374007000000269e-01,8.311762416041853507e-01
3.417495769000000183e-01,8.311663540023523922e-01
3.417678404000000225e-01,8.311515194022859321e-01
3.417861028999999995e-01,8.311366873314719461e-01
3.418408847000000139e-01,8.310921911421844666e-01
3.418652293000000175e-01,8.310724169664722716e-01
3.418895721999999915e-01,8.310526419924916253e-01
3.418956577000000219e-01,8.310476995526419053e-01
3.419139133999999913e-01,8.310328695372475316e-01
3.419382528000000088e-01,8.310130962393422749e-01
3.419565062000000100e-01,8.309982682139558374e-01
3.420112606999999860e-01,8.309537830851499995e-01
3.420416760000000167e-01,8.309290730636130773e-01
3.420842530000000048e-01,8.308944777753026756e-01
3.421085803000000203e-01,8.308747098844363466e-01
3.421389870000000055e-01,8.308500018217965799e-01
3.421511488999999795e-01,8.308401189908599660e-01
3.421754713999999864e-01,8.308203525715194271e-01
3.422301908000000004e-01,8.307758838367836907e-01
3.423031363999999854e-01,8.307165963438506440e-01
3.423335258999999908e-01,8.306918955339077648e-01
3.423760665000000203e-01,8.306573165884624244e-01
3.423821432999999970e-01,8.306523767869136154e-01
3.424307537999999873e-01,8.306128609212901637e-01
3.424429053999999972e-01,8.306029825233260944e-01
3.424489809999999856e-01,8.305980438289388701e-01
3.424793575000000256e-01,8.305733474906927816e-01
3.425158057000000089e-01,8.305437151518323402e-01
3.425218800000000008e-01,8.305387752700373882e-01
3.425461761999999966e-01,8.305190212297901553e-01
3.425704707000000182e-01,8.304992683500225237e-01
3.425947635000000102e-01,8.304795149542475441e-01
3.426433439000000081e-01,8.304400123099937581e-01
3.427101305999999958e-01,8.303857002836586565e-01
3.427162014999999839e-01,8.303807622767764851e-01
3.427344135000000014e-01,8.303659516624722903e-01
3.427404840000000119e-01,8.303610127269678287e-01
3.427586946999999773e-01,8.303462035915164519e-01
3.427647647000000020e-01,8.303412669110560307e-01
3.428072517999999902e-01,8.303067092595405319e-01
3.428618702999999823e-01,8.302622826701163694e-01
3.428679385000000246e-01,8.302573465339103675e-01
3.429286145000000063e-01,8.302079880848409754e-01
3.429528819000000062e-01,8.301882452953533997e-01
3.429589485000000271e-01,8.301833103559509430e-01
3.429832138000000197e-01,8.301635698134993691e-01
3.430074772999999744e-01,8.301438298943573102e-01
3.430256737999999861e-01,8.301290238084720885e-01
3.430317391000000105e-01,8.301240890030632258e-01
3.430802575999999937e-01,8.300846122615584965e-01
3.430984503000000241e-01,8.300698092255955896e-01
3.431045142999999964e-01,8.300648753985954142e-01
3.431530225000000156e-01,8.300254009182490567e-01
3.431590855000000162e-01,8.300204669574453575e-01
3.431954615000000208e-01,8.299908653249848944e-01
3.432015238000000190e-01,8.299859316693081190e-01
3.432075860000000089e-01,8.299809984838758536e-01
3.432257718999999763e-01,8.299661977819905445e-01
3.432560795999999859e-01,8.299415322988170640e-01
3.433045664000000108e-01,8.299020678092337011e-01
3.433166870000000093e-01,8.298922023974039108e-01
3.433409270000000180e-01,8.298724721619529232e-01
3.433530463000000199e-01,8.298626070144613509e-01
3.433712245000000163e-01,8.298478100596992091e-01
3.434136366000000162e-01,8.298132852257804615e-01
3.434439276999999846e-01,8.297886260363477318e-01
3.434499856000000073e-01,8.297836934636756423e-01
3.434681587000000258e-01,8.297688984079339969e-01
3.434984449999999856e-01,8.297442411364640558e-01
3.435347851000000174e-01,8.297146547533447158e-01
3.435832325000000020e-01,8.296752089047972900e-01
3.435953433000000223e-01,8.296653464239801545e-01
3.436074537000000095e-01,8.296554848472154076e-01
3.436135087000000143e-01,8.296505551189926608e-01
3.436619450000000242e-01,8.296111131448132836e-01
3.437345867000000110e-01,8.295519558348246614e-01
3.437406395000000003e-01,8.295470244171043728e-01
3.437587972000000214e-01,8.295322369823151520e-01
3.438314183999999774e-01,8.294730881386330745e-01
3.438798241000000089e-01,8.294336590944967336e-01
3.438858743000000051e-01,8.294287309268312258e-01
3.438979743999999727e-01,8.294188735010136204e-01
3.439040242999999997e-01,8.294139451214862513e-01
3.439342722000000019e-01,8.293893038294399833e-01
3.439524197000000116e-01,8.293745201015489954e-01
3.439705663000000024e-01,8.293597368799041636e-01
3.439766148999999773e-01,8.293548088944959762e-01
3.439947601000000188e-01,8.293400254071120470e-01
3.440310476999999811e-01,8.293104609638198843e-01
3.440491901000000130e-01,8.292956793005121785e-01
3.440733785000000267e-01,8.292759711705615100e-01
3.440794253000000191e-01,8.292710440155495188e-01
3.440975651000000024e-01,8.292562633120730275e-01
3.441157040000000222e-01,8.292414839432423745e-01
3.441701147999999821e-01,8.291971450346604655e-01
3.442426492999999810e-01,8.291380326053708893e-01
3.442607804999999743e-01,8.291232558805691211e-01
3.442849539999999764e-01,8.291035527366826807e-01
3.443393381000000031e-01,8.290592268092796813e-01
3.443574642000000186e-01,8.290444517978388106e-01
3.443695478000000088e-01,8.290346018042293874e-01
3.444118368999999902e-01,8.290001297028023464e-01
3.444601609999999869e-01,8.289607365308352405e-01
3.444662010000000274e-01,8.289558119251068113e-01
3.444782806999999725e-01,8.289459637871785525e-01
3.444843203999999881e-01,8.289410403100072600e-01
3.445084782000000234e-01,8.289213449077242890e-01
3.445145173999999977e-01,8.289164202516041691e-01
3.445628271000000242e-01,8.288770322130492030e-01
3.446050923999999793e-01,8.288425695227640277e-01
3.446292417999999858e-01,8.288228780697577402e-01
3.446714989999999923e-01,8.287884205192859177e-01
3.446775353000000042e-01,8.287834967650052898e-01
3.447499629999999926e-01,8.287244308373611368e-01
3.447559978999999997e-01,8.287195101220073967e-01
3.447680674999999972e-01,8.287096650718234203e-01
3.447741020999999795e-01,8.287047436956574975e-01
3.448042736999999969e-01,8.286801356641285699e-01
3.448223753999999919e-01,8.286653702464248372e-01
3.448465095000000091e-01,8.286456864923784638e-01
3.448646089999999886e-01,8.286309229294779310e-01
3.448887400999999797e-01,8.286112384742111425e-01
3.448947727000000185e-01,8.286063179073086538e-01
3.449008050999999853e-01,8.286013981211085566e-01
3.449430290000000121e-01,8.285669525470493735e-01
3.449490606000000237e-01,8.285620324650060375e-01
3.449671547000000005e-01,8.285472721871162127e-01
3.449912787000000147e-01,8.285275897338235662e-01
3.450455513999999835e-01,8.284833113086365053e-01
3.450817285000000179e-01,8.284537937578785316e-01
3.450937867000000159e-01,8.284439555439733205e-01
3.451118731999999745e-01,8.284291963467459441e-01
3.451299588000000251e-01,8.284144407977581670e-01
3.451359870999999857e-01,8.284095210771105222e-01
3.451540713999999843e-01,8.283947634746179345e-01
3.451600992000000145e-01,8.283898443178054904e-01
3.452384521999999900e-01,8.283259050557496561e-01
3.452565310999999859e-01,8.283111496164148324e-01
3.452746090000000101e-01,8.282963946351104001e-01
3.452806347999999859e-01,8.282914773733417446e-01
3.453288373000000244e-01,8.282521348570671682e-01
3.453469114000000117e-01,8.282373827648117359e-01
3.453529359999999993e-01,8.282324664996163488e-01
3.453770330000000000e-01,8.282127965431086425e-01
3.454011283000000265e-01,8.281931284954919814e-01
3.454252219999999762e-01,8.281734600551894365e-01
3.454794265999999725e-01,8.281292113418798895e-01
3.454974928999999806e-01,8.281144615518369889e-01
3.455396439000000264e-01,8.280800482571217813e-01
3.455697486000000040e-01,8.280554681113196924e-01
3.456179106999999751e-01,8.280161443346133465e-01
3.456359697999999980e-01,8.280013992169608095e-01
3.456600470999999786e-01,8.279817377650079413e-01
3.456720851000000261e-01,8.279719067353946693e-01
3.456901412999999756e-01,8.279571621663999181e-01
3.457623568000000036e-01,8.278981876611848367e-01
3.457683740999999977e-01,8.278932736855945107e-01
3.458044755999999942e-01,8.278637890997624371e-01
3.458165086000000166e-01,8.278539607819020985e-01
3.458345573000000117e-01,8.278392188427415865e-01
3.458526049999999796e-01,8.278244787694483131e-01
3.458586207000000079e-01,8.278195650704835984e-01
3.458646362999999724e-01,8.278146518374062124e-01
3.459067425999999834e-01,8.277802584407224495e-01
3.459308010000000100e-01,8.277606054627307808e-01
3.459608717000000055e-01,8.277360403099870423e-01
3.460029662999999922e-01,8.277016511664239129e-01
3.460210053000000174e-01,8.276869136996106713e-01
3.460570803999999945e-01,8.276574416575365190e-01
3.460751165000000018e-01,8.276427050313588385e-01
3.461051747000000178e-01,8.276181463800742488e-01
3.461232082999999848e-01,8.276034117436983362e-01
3.461472516999999915e-01,8.275837645318585567e-01
3.461893235999999874e-01,8.275493864545193645e-01
3.462013432000000113e-01,8.275395631333571922e-01
3.462373994999999871e-01,8.275100984687234762e-01
3.462674434999999939e-01,8.274855451596063727e-01
3.462854686999999876e-01,8.274708137886735981e-01
3.462914769000000059e-01,8.274659051094248596e-01
3.462974850000000160e-01,8.274609928863240205e-01
3.463395385999999965e-01,8.274266229044114906e-01
3.463815872000000073e-01,8.273922541649452178e-01
3.463936000999999765e-01,8.273824345294944482e-01
3.464056126000000235e-01,8.273726155753172717e-01
3.464116186999999791e-01,8.273677070218060647e-01
3.464596637999999840e-01,8.273284326166225888e-01
3.464836837999999974e-01,8.273087974895724228e-01
3.464896886000000120e-01,8.273038883457480841e-01
3.465016978000000081e-01,8.272940712048287848e-01
3.466217667000000002e-01,8.271959037914339286e-01
3.466277690999999828e-01,8.271909967076864767e-01
3.466337713000000043e-01,8.271860891908210389e-01
3.466697825999999760e-01,8.271566432462116314e-01
3.466757842000000034e-01,8.271517362017735131e-01
3.466997891999999970e-01,8.271321066682321144e-01
3.467777941999999891e-01,8.270683153248389319e-01
3.467897933999999904e-01,8.270585030497892287e-01
3.467957928000000023e-01,8.270535975225729031e-01
3.468137904999999965e-01,8.270388781480211282e-01
3.468257885000000096e-01,8.270290643777877815e-01
3.468437846999999907e-01,8.270143467610041599e-01
3.468677781000000238e-01,8.269947215000772456e-01
3.468857720999999894e-01,8.269800047170799973e-01
3.469157600000000174e-01,8.269554755241135258e-01
3.469217572000000138e-01,8.269505703487654014e-01
3.469397484000000254e-01,8.269358528170146494e-01
3.469577387000000179e-01,8.269211358272924306e-01
3.469877203000000243e-01,8.268966108858557540e-01
3.470057080999999766e-01,8.268818967912203721e-01
3.470656605999999922e-01,8.268328484420072177e-01
3.470776497999999988e-01,8.268230400418072890e-01
3.470836442999999938e-01,8.268181363298201525e-01
3.471076210999999856e-01,8.267985190792880301e-01
3.471495766000000094e-01,8.267641898674786827e-01
3.471555698000000079e-01,8.267592872018257877e-01
3.471615630000000063e-01,8.267543815514540873e-01
3.471735489000000174e-01,8.267445756476011764e-01
3.472095042000000187e-01,8.267151535807576446e-01
3.472574388999999928e-01,8.266759286904216131e-01
3.472754127000000079e-01,8.266612190821692741e-01
3.473233381999999980e-01,8.266219977320660162e-01
3.473892250000000237e-01,8.265680718466229537e-01
3.474012031000000000e-01,8.265582683370449324e-01
3.474191695000000135e-01,8.265435618790536454e-01
3.474371348999999998e-01,8.265288576659154396e-01
3.474431230999999731e-01,8.265239544392424254e-01
3.474610873000000266e-01,8.265092509214839733e-01
3.474910256000000031e-01,8.264847428227556358e-01
3.475149743000000013e-01,8.264651396495110713e-01
3.475868106000000179e-01,8.264063283440254981e-01
3.475927963000000065e-01,8.264014278527476165e-01
3.476346932000000112e-01,8.263671246280550609e-01
3.476406779999999808e-01,8.263622247427955259e-01
3.476526475000000227e-01,8.263524252422036476e-01
3.476586320000000230e-01,8.263475252106659008e-01
3.477065046999999742e-01,8.263083260235555283e-01
3.477304386000000247e-01,8.262887283185028631e-01
3.477483880000000194e-01,8.262740295739336993e-01
3.477543708999999983e-01,8.262691301161320112e-01
3.477783013999999895e-01,8.262495335633326388e-01
3.477842837999999825e-01,8.262446344265002018e-01
3.478022304000000231e-01,8.262299382202855647e-01
3.478321393000000095e-01,8.262054439401405048e-01
3.478500833000000014e-01,8.261907480783398094e-01
3.478740073000000099e-01,8.261711530875626153e-01
3.479158703999999935e-01,8.261368648835758499e-01
3.479278303000000183e-01,8.261270699478221458e-01
3.479637077000000134e-01,8.260976835483164749e-01
3.479696869000000192e-01,8.260927844701092537e-01
3.479756660000000168e-01,8.260878865531177118e-01
3.479936027000000154e-01,8.260731935405817294e-01
3.480175167999999819e-01,8.260536046973562252e-01
3.480713175999999853e-01,8.260095315644681024e-01
3.481191336000000192e-01,8.259703562292616263e-01
3.481310865999999726e-01,8.259605647869815437e-01
3.481370629000000161e-01,8.259556674347342531e-01
3.481609672000000044e-01,8.259360817751187911e-01
3.482087708000000115e-01,8.258969146912865655e-01
3.482147458000000029e-01,8.258920174980418638e-01
3.483043584000000137e-01,8.258185846180221557e-01
3.483222780999999935e-01,8.258039011143758490e-01
3.483461696999999857e-01,8.257843209144286600e-01
3.483521423000000006e-01,8.257794263263543710e-01
3.484058915000000090e-01,8.257353747815353584e-01
3.484238060000000026e-01,8.257206906861853657e-01
3.484536615000000115e-01,8.256962202888341595e-01
3.484954549000000013e-01,8.256619637902651299e-01
3.485014249999999758e-01,8.256570709033081990e-01
3.485133648000000028e-01,8.256472824856934123e-01
3.485193346000000081e-01,8.256423893323436847e-01
3.485372433000000214e-01,8.256277082962838465e-01
3.485849952999999779e-01,8.255885630966300903e-01
3.485909638999999949e-01,8.255836697379402844e-01
3.486088688999999796e-01,8.255689905612754176e-01
3.486387085000000052e-01,8.255445274503138142e-01
3.487103133000000188e-01,8.254858183160914686e-01
3.487282121999999984e-01,8.254711434676481607e-01
3.487997984999999801e-01,8.254124428649337597e-01
3.488057634000000240e-01,8.254075518641966758e-01
3.488296217999999893e-01,8.253879874877263489e-01
3.488355861999999918e-01,8.253830963192192449e-01
3.488534785999999888e-01,8.253684221563759582e-01
3.488713701999999750e-01,8.253537499791453458e-01
3.488832974000000142e-01,8.253439677421828824e-01
3.489250393000000172e-01,8.253097334464684076e-01
3.489310019999999901e-01,8.253048433839533793e-01
3.489488895999999785e-01,8.252901716328806536e-01
3.489787001999999916e-01,8.252657217765415609e-01
3.489965852999999951e-01,8.252510510310496761e-01
3.490204306999999950e-01,8.252314915393731409e-01
3.490442744999999736e-01,8.252119337737109372e-01
3.490740768999999744e-01,8.251874844463098491e-01
3.490859970999999895e-01,8.251777058451261748e-01
3.490919571000000166e-01,8.251728173792747256e-01
3.491217555000000194e-01,8.251483721556522877e-01
3.491634688999999958e-01,8.251141507512576023e-01
3.491813444999999905e-01,8.250994843238810272e-01
3.492111352999999752e-01,8.250750424426095408e-01
3.492170930999999867e-01,8.250701534891774491e-01
3.492528380000000099e-01,8.250408244544539249e-01
3.492587951000000190e-01,8.250359380962121181e-01
3.492647521999999727e-01,8.250310484198568606e-01
3.493004921999999790e-01,8.250017230814277180e-01
3.493064484999999775e-01,8.249968348419437492e-01
3.493124047000000232e-01,8.249919486263056490e-01
3.493719612999999780e-01,8.249430733936100602e-01
3.493779162999999799e-01,8.249381879726856992e-01
3.494076903000000178e-01,8.249137523352167989e-01
3.494255534999999857e-01,8.248990928870044703e-01
3.494493696000000038e-01,8.248795461759286241e-01
3.494969969999999759e-01,8.248404545275294097e-01
3.495029499000000262e-01,8.248355685512920310e-01
3.495505700000000049e-01,8.247964820239198636e-01
3.496398401999999961e-01,8.247232005074479622e-01
3.496457907000000143e-01,8.247183152292689723e-01
3.496576914000000258e-01,8.247085453412892342e-01
3.496814918000000216e-01,8.246890070341218459e-01
3.496874415999999819e-01,8.246841215556003357e-01
3.497112399000000260e-01,8.246645824539350356e-01
3.497528830000000144e-01,8.246303926465942125e-01
3.497826250000000137e-01,8.246059709164372808e-01
3.497885730999999998e-01,8.246010882291312516e-01
3.498064168000000196e-01,8.245864359009540401e-01
3.498361542999999796e-01,8.245620177056793842e-01
3.498718358999999833e-01,8.245327162189942660e-01
3.499312971999999911e-01,8.244838853621084818e-01
3.499491337000000257e-01,8.244692383278668935e-01
3.499788589999999755e-01,8.244448247716923417e-01
3.499966930000000254e-01,8.244301779512878126e-01
3.500383020999999761e-01,8.243960009766294617e-01
3.500620765999999939e-01,8.243764726692925926e-01
3.500680199000000270e-01,8.243715923640174692e-01
3.500917922999999821e-01,8.243520646256441431e-01
3.501393322999999946e-01,8.243130127491925530e-01
3.501690415000000001e-01,8.242886078385707194e-01
3.502106301999999838e-01,8.242544398859512622e-01
3.502165709999999765e-01,8.242495589673347611e-01
3.502284522999999927e-01,8.242397992196665024e-01
3.502640940000000258e-01,8.242105144068677669e-01
3.502819134999999862e-01,8.241958742681120276e-01
3.503056714000000182e-01,8.241763539495831070e-01
3.503234887000000186e-01,8.241617141717288986e-01
3.503294276999999735e-01,8.241568341067631032e-01
3.503531823000000101e-01,8.241373157208583544e-01
3.503769353999999780e-01,8.241177964552002244e-01
3.503947491000000136e-01,8.241031579843763888e-01
3.504066243999999775e-01,8.240933997220591944e-01
3.504897404000000272e-01,8.240250944195820493e-01
3.504956765000000196e-01,8.240202151491169413e-01
3.505016125000000038e-01,8.240153369086283819e-01
3.505134842000000028e-01,8.240055789337995540e-01
3.505194199000000177e-01,8.240007012531027630e-01
3.505431616999999944e-01,8.239811877954736907e-01
3.505490969000000234e-01,8.239763100482305758e-01
3.505906403999999865e-01,8.239421624972234071e-01
3.506618464999999851e-01,8.238836314983543074e-01
3.507033767000000135e-01,8.238494912276346227e-01
3.507567654000000035e-01,8.238056001262771266e-01
3.507804911999999886e-01,8.237860940564480927e-01
3.507864223000000115e-01,8.237812173672707239e-01
3.507982843999999933e-01,8.237714641152891204e-01
3.508042152999999996e-01,8.237665877546682669e-01
3.508220073000000161e-01,8.237519607439045544e-01
3.508516587000000131e-01,8.237275802498623678e-01
3.508694482999999975e-01,8.237129532281712851e-01
3.508753780000000155e-01,8.237080764002143729e-01
3.508931664000000117e-01,8.236934499045882596e-01
3.509228118000000118e-01,8.236690728087414648e-01
3.509287406000000109e-01,8.236641968726520213e-01
3.509465263000000057e-01,8.236495702144441822e-01
3.509643110999999815e-01,8.236349455799935049e-01
3.509761671000000138e-01,8.236251962892064959e-01
3.510117328999999842e-01,8.235959464986642997e-01
3.510176601000000174e-01,8.235910716194749792e-01
3.510828535000000139e-01,8.235374530726262687e-01
3.511184084000000261e-01,8.235082092385098695e-01
3.511361846000000120e-01,8.234935881575610184e-01
3.511598846000000274e-01,8.234740936356229613e-01
3.511835830999999741e-01,8.234545981091829780e-01
3.512072800000000106e-01,8.234351062725967507e-01
3.512132040000000011e-01,8.234302322616190439e-01
3.512309753000000256e-01,8.234156124914679964e-01
3.512487456999999758e-01,8.234009940640978353e-01
3.512605920999999909e-01,8.233912481486034274e-01
3.512783609999999834e-01,8.233766296685417485e-01
3.513494276999999943e-01,8.233181606675684661e-01
3.513671921000000031e-01,8.233035451400745330e-01
3.513731133999999923e-01,8.232986714823221641e-01
3.513908766000000128e-01,8.232840572530829570e-01
3.514027183000000276e-01,8.232743123625935189e-01
3.514500809000000170e-01,8.232353406543397867e-01
3.514619205000000246e-01,8.232255988219904230e-01
3.514974370999999764e-01,8.231963705960716471e-01
3.515329501000000190e-01,8.231671455340361376e-01
3.515862128000000197e-01,8.231233105522678395e-01
3.516098825000000261e-01,8.231038286939423854e-01
3.516572171999999830e-01,8.230648700003118101e-01
3.517045455999999737e-01,8.230259121015484070e-01
3.517222921000000002e-01,8.230113048950017385e-01
3.517459526000000225e-01,8.229918259892479160e-01
3.517814404999999867e-01,8.229626133474697847e-01
3.517991831000000236e-01,8.229480071485915094e-01
3.518228385000000125e-01,8.229285315086619645e-01
3.518701445999999899e-01,8.228895855295345063e-01
3.519174441999999847e-01,8.228506395153213360e-01
3.519410916999999861e-01,8.228311694569722112e-01
3.519588263000000272e-01,8.228165654615836599e-01
3.519706488000000077e-01,8.228068311573873972e-01
3.520061139999999811e-01,8.227776263657924360e-01
3.520297554999999856e-01,8.227581591937175309e-01
3.520652148000000259e-01,8.227289576232466040e-01
3.520829430999999898e-01,8.227143567941608282e-01
3.521124883000000261e-01,8.226900243963644055e-01
3.521479391999999820e-01,8.226608276377488371e-01
3.521538472999999891e-01,8.226559611788883952e-01
3.522011089000000039e-01,8.226170349261233694e-01
3.522188304000000159e-01,8.226024377343201799e-01
3.522483640999999888e-01,8.225781112531340700e-01
3.522542705999999746e-01,8.225732446288375188e-01
3.522897072999999768e-01,8.225440546099129779e-01
3.522956130000000075e-01,8.225391889608427709e-01
3.523015186999999826e-01,8.225343243765278478e-01
3.523133297000000108e-01,8.225245937648049122e-01
3.523428556000000045e-01,8.225002702783583697e-01
3.523664745000000265e-01,8.224808112756417655e-01
3.523841876000000095e-01,8.224662190394372852e-01
3.524078037999999746e-01,8.224467622823254942e-01
3.524845453000000073e-01,8.223835321165692269e-01
3.524904477999999952e-01,8.223786676899097481e-01
3.525022525000000018e-01,8.223689412836283630e-01
3.525081547000000204e-01,8.223640781392151933e-01
3.525258607000000266e-01,8.223494880338139135e-01
3.525376641999999894e-01,8.223397616480535577e-01
3.525789733999999953e-01,8.223057216470146535e-01
3.526261780000000123e-01,8.222668184750225873e-01
3.526733761999999994e-01,8.222279198305602055e-01
3.526792756000000084e-01,8.222230583946741334e-01
3.527146695000000221e-01,8.221938861603158566e-01
3.527677537999999724e-01,8.221501326097498952e-01
3.527854468000000132e-01,8.221355492334150306e-01
3.528208300999999825e-01,8.221063818715310667e-01
3.528385204000000219e-01,8.220917993617400388e-01
3.528621061000000170e-01,8.220723555961365614e-01
3.528797944000000020e-01,8.220577741662450366e-01
3.529092728000000068e-01,8.220334716768228356e-01
3.529151682000000179e-01,8.220286107193626179e-01
3.529328538000000015e-01,8.220140306770444827e-01
3.529623277999999753e-01,8.219897308007240166e-01
3.530035872999999769e-01,8.219557113309233776e-01
3.530448420000000254e-01,8.219216941056159964e-01
3.530566282000000000e-01,8.219119766777776004e-01
3.530684138999999888e-01,8.219022579230824688e-01
3.530743067000000068e-01,8.218973988429794097e-01
3.530978766000000268e-01,8.218779625201271255e-01
3.531214449999999783e-01,8.218585273504863675e-01
3.531391202999999979e-01,8.218439503947557734e-01
3.531509032999999853e-01,8.218342345042496389e-01
3.531980314000000010e-01,8.217953679748085660e-01
3.532333733999999947e-01,8.217662203178335290e-01
3.532569327000000259e-01,8.217467887372114088e-01
3.532628223000000012e-01,8.217419312159800482e-01
3.532863796999999861e-01,8.217225004228123630e-01
3.533511543999999782e-01,8.216690696561342877e-01
3.533570423999999877e-01,8.216642134439777756e-01
3.533864810999999828e-01,8.216399292025673429e-01
3.534041431000000122e-01,8.216253581134814743e-01
3.534276909999999883e-01,8.216059326270057639e-01
3.534747822000000039e-01,8.215670834134007894e-01
3.534806682000000144e-01,8.215622266364279724e-01
3.534983254999999880e-01,8.215476602980661402e-01
3.535159818999999981e-01,8.215330920684376093e-01
3.535277524000000060e-01,8.215233807240180930e-01
3.535454073000000030e-01,8.215088125316152290e-01
3.535748302000000232e-01,8.214845364189979904e-01
3.536219018999999797e-01,8.214456956177081937e-01
3.536395520999999764e-01,8.214311298781344917e-01
3.536572015000000180e-01,8.214165666058391713e-01
3.537277900999999947e-01,8.213583144770754130e-01
3.537336717999999824e-01,8.213534586933528558e-01
3.537571978999999867e-01,8.213340433314723077e-01
3.538101256999999777e-01,8.212903600422079009e-01
3.538454065000000148e-01,8.212612395937537446e-01
3.538512863000000119e-01,8.212563862260530145e-01
3.538983211000000240e-01,8.212175609196260551e-01
3.539042001000000104e-01,8.212127098805727110e-01
3.539512278999999983e-01,8.211738870833251713e-01
3.539688617000000259e-01,8.211593305792825870e-01
3.539864945999999790e-01,8.211447738662095430e-01
3.539923721000000079e-01,8.211399228764530989e-01
3.540100037999999727e-01,8.211253653631155336e-01
3.540452646999999731e-01,8.210962538766289898e-01
3.540628939000000086e-01,8.210816995628998916e-01
3.541099006000000271e-01,8.210428875719688602e-01
3.541334016000000084e-01,8.210234824304030177e-01
3.541569010999999767e-01,8.210040799565895275e-01
3.541803989999999791e-01,8.209846758935168687e-01
3.541862732000000125e-01,8.209798254957224595e-01
3.541980214000000071e-01,8.209701240491854568e-01
3.542215164999999999e-01,8.209507215102674893e-01
3.542332635000000063e-01,8.209410224945631329e-01
3.542508832999999857e-01,8.209264704177325900e-01
3.542685022000000017e-01,8.209119203918678886e-01
3.542743749999999747e-01,8.209070709929957577e-01
3.542919927000000024e-01,8.208925197070405799e-01
3.543213535999999997e-01,8.208682718972014625e-01
3.543918099999999738e-01,8.208100790350625342e-01
3.544152923000000177e-01,8.207906832033413647e-01
3.544622523000000025e-01,8.207518926646332202e-01
3.544798606999999824e-01,8.207373481153943384e-01
3.544857298999999906e-01,8.207324984554970060e-01
3.545150747999999963e-01,8.207082583140252741e-01
3.545561535999999792e-01,8.206743213342628795e-01
3.545796250000000094e-01,8.206549302957464320e-01
3.546089620999999803e-01,8.206306923208394055e-01
3.546441633999999898e-01,8.206016082428415626e-01
3.546969589000000256e-01,8.205579842489832965e-01
3.547438815999999773e-01,8.205192115196879854e-01
3.547497465000000183e-01,8.205143664654194202e-01
3.547614760000000200e-01,8.205046725644787875e-01
3.547907980000000183e-01,8.204804426563482300e-01
3.547966622000000014e-01,8.204755957966176627e-01
3.548142539999999956e-01,8.204610590961174399e-01
3.548435717000000267e-01,8.204368282926224332e-01
3.548552980999999940e-01,8.204271379164883582e-01
3.548846124000000213e-01,8.204029106193885257e-01
3.548904749999999830e-01,8.203980643022433794e-01
3.549080620999999769e-01,8.203835299059288877e-01
3.549373720999999815e-01,8.203593035254727051e-01
3.549490954000000253e-01,8.203496135275927248e-01
3.549549569000000071e-01,8.203447689414018473e-01
3.549725408000000137e-01,8.203302347498212521e-01
3.550018455000000239e-01,8.203060117782200455e-01
3.550311476999999938e-01,8.202817899067526008e-01
3.550428679000000032e-01,8.202721024069756783e-01
3.550487278000000191e-01,8.202672570059562629e-01
3.550780262000000076e-01,8.202430366259685357e-01
3.550956040000000091e-01,8.202285057567147986e-01
3.551366155999999830e-01,8.201945991019626847e-01
3.551600487000000084e-01,8.201752277191975971e-01
3.551659066999999781e-01,8.201703842595344796e-01
3.552186245999999770e-01,8.201267958587233897e-01
3.552361955000000182e-01,8.201122678668544275e-01
3.552596219999999971e-01,8.200928973871558503e-01
3.552654784000000010e-01,8.200880544962986241e-01
3.553240368999999732e-01,8.200396321741274530e-01
3.553298921999999971e-01,8.200347892097490377e-01
3.553474576000000273e-01,8.200202648198821054e-01
3.553591674000000089e-01,8.200105795661957186e-01
3.554177104999999837e-01,8.199621638629884801e-01
3.554235641999999862e-01,8.199573246605381671e-01
3.554469784000000021e-01,8.199379589055563189e-01
3.554703909999999967e-01,8.199185944546047988e-01
3.554879494000000029e-01,8.199040721988487546e-01
3.554996545999999924e-01,8.198943907911336870e-01
3.555347676999999762e-01,8.198653481555049360e-01
3.555406194999999880e-01,8.198605062902948326e-01
3.555932819000000022e-01,8.198169438113269702e-01
3.556108342000000033e-01,8.198024254779258113e-01
3.556576363000000240e-01,8.197637084227699100e-01
3.557336765999999928e-01,8.197007978741578382e-01
3.557512219999999781e-01,8.196862815093078902e-01
3.557687666000000082e-01,8.196717638575233833e-01
3.557921580000000250e-01,8.196524103333268085e-01
3.557980056000000224e-01,8.196475720048519431e-01
3.558213950999999931e-01,8.196282186034536954e-01
3.558681694999999978e-01,8.195895135393187481e-01
3.558740159000000070e-01,8.195846751096336202e-01
3.559090920999999907e-01,8.195556491439673907e-01
3.559383195999999971e-01,8.195314621400714428e-01
3.559616998999999837e-01,8.195121119633798079e-01
3.560142998999999975e-01,8.194685796882815731e-01
3.560552055999999799e-01,8.194347228719183196e-01
3.560610489000000101e-01,8.194298874492634832e-01
3.560785781999999955e-01,8.194153775901860115e-01
3.560961067000000257e-01,8.194008694673875492e-01
3.561077918000000175e-01,8.193911967602387492e-01
3.561545286000000199e-01,8.193525085098626315e-01
3.561662118000000210e-01,8.193428385857440821e-01
3.562012592000000089e-01,8.193138243852521319e-01
3.562187815999999785e-01,8.192993177082434908e-01
3.562363031999999929e-01,8.192848132789726234e-01
3.562421434999999970e-01,8.192799785684188318e-01
3.562596639000000232e-01,8.192654727258481540e-01
3.562655037999999941e-01,8.192606390686113516e-01
3.562888626999999864e-01,8.192412987193062879e-01
3.563122199000000045e-01,8.192219591776224163e-01
3.563589299000000099e-01,8.191832842379723756e-01
3.564231460999999768e-01,8.191301123930803119e-01
3.564289833000000018e-01,8.191252771483154005e-01
3.564464944999999885e-01,8.191107775902801702e-01
3.564756780000000180e-01,8.190866103449279123e-01
3.564815143999999769e-01,8.190817772047026546e-01
3.565223665000000208e-01,8.190479451589468551e-01
3.565282021000000245e-01,8.190431114339689067e-01
3.565690489000000185e-01,8.190092825141522814e-01
3.565748838000000198e-01,8.190044515381440515e-01
3.565923878000000213e-01,8.189899522317124481e-01
3.566390610999999877e-01,8.189512952162453230e-01
3.566565620000000103e-01,8.189367983897615222e-01
3.567090594999999809e-01,8.188933133555976740e-01
3.567148921000000139e-01,8.188884819001375215e-01
3.567323893000000079e-01,8.188739883879897485e-01
3.567615492999999804e-01,8.188498317811522265e-01
3.567790442000000062e-01,8.188353381462570857e-01
3.568023693999999857e-01,8.188160152405240533e-01
3.568198623000000125e-01,8.188015215858638340e-01
3.568431847999999906e-01,8.187822003186117081e-01
3.568723357999999957e-01,8.187580484063673447e-01
3.568898252000000104e-01,8.187435583072112388e-01
3.569014844000000242e-01,8.187338975462322699e-01
3.569422883999999740e-01,8.187000874143149920e-01
3.569889158999999812e-01,8.186614512396729326e-01
3.569947439000000222e-01,8.186566229165143094e-01
3.570122273999999929e-01,8.186421340892764409e-01
3.570413646000000218e-01,8.186179883102989718e-01
3.570588457000000160e-01,8.186035025209386085e-01
3.570821525999999801e-01,8.185841868759154982e-01
3.571287618000000275e-01,8.185455571695724464e-01
3.571345875999999975e-01,8.185407296546141076e-01
3.571811899999999818e-01,8.185021058234849267e-01
3.571986643000000239e-01,8.184876223822842300e-01
3.572161377999999998e-01,8.184731386805489395e-01
3.572219621000000123e-01,8.184683101147216533e-01
3.572685529999999887e-01,8.184296908710778640e-01
3.572743764999999905e-01,8.184248645647552722e-01
3.572860231000000164e-01,8.184152100812545072e-01
3.572918462999999933e-01,8.184103825044740654e-01
3.573209606000000149e-01,8.183862469512506177e-01
3.573384280999999940e-01,8.183717663849070512e-01
3.573617168000000066e-01,8.183524609909008651e-01
3.573791822999999868e-01,8.183379806837094428e-01
3.574082894999999760e-01,8.183138478366017710e-01
3.574141107000000095e-01,8.183090229149735384e-01
3.574606766000000269e-01,8.182704152106613504e-01
3.574723172000000004e-01,8.182607620394818371e-01
3.575014168999999797e-01,8.182366357838363191e-01
3.575246948999999952e-01,8.182173341874497963e-01
3.575537903000000073e-01,8.181932065096649831e-01
3.575654278000000019e-01,8.181835573980941190e-01
3.575712463999999868e-01,8.181787317080160271e-01
3.576177918999999816e-01,8.181401333771533002e-01
3.576352448999999822e-01,8.181256592519227100e-01
3.576585141999999995e-01,8.181063622145366976e-01
3.576934153999999921e-01,8.180774181809191692e-01
3.577108647000000197e-01,8.180629452570927773e-01
3.577283130999999727e-01,8.180484724968702936e-01
3.577399448999999954e-01,8.180388250125126826e-01
3.577573918999999991e-01,8.180243550299362010e-01
3.577748380999999922e-01,8.180098846531762558e-01
3.577864684000000017e-01,8.180002386306035600e-01
3.578271715999999936e-01,8.179664756310408569e-01
3.578329859000000113e-01,8.179616524327300020e-01
3.578446142999999746e-01,8.179520062511749234e-01
3.578504283999999758e-01,8.179471829368718527e-01
3.578969375000000119e-01,8.179086017422733113e-01
3.579143768999999975e-01,8.178941344457771878e-01
3.579725020000000257e-01,8.178459141041576341e-01
3.580189952999999758e-01,8.178073384286866920e-01
3.580364287000000201e-01,8.177928752536592905e-01
3.580596719999999955e-01,8.177735903309777399e-01
3.581061540000000099e-01,8.177350198207066212e-01
3.581293926999999933e-01,8.177157380203753378e-01
3.581468206999999793e-01,8.177012744356692009e-01
3.581526299000000191e-01,8.176964548936209720e-01
3.581584389999999951e-01,8.176916335867148167e-01
3.581758655999999763e-01,8.176771739034323083e-01
3.582165245000000220e-01,8.176434312631847279e-01
3.582455636999999915e-01,8.176193322909447447e-01
3.582862145999999859e-01,8.175855931654339992e-01
3.582978283000000097e-01,8.175759544833091086e-01
3.583094417000000087e-01,8.175663168418637605e-01
3.583152481999999917e-01,8.175614956784086340e-01
3.583849190999999768e-01,8.175036681454603826e-01
3.584023347999999998e-01,8.174892116352172611e-01
3.584081398000000251e-01,8.174843920117877971e-01
3.584719887999999743e-01,8.174313907325210238e-01
3.584777927000000197e-01,8.174265738182028285e-01
3.585300235000000169e-01,8.173832120386862465e-01
3.585474321000000075e-01,8.173687586380611325e-01
3.585706422000000115e-01,8.173494886498736678e-01
3.585938508000000025e-01,8.173302200141803198e-01
3.586228593999999936e-01,8.173061338065800152e-01
3.586692684000000186e-01,8.172675998774765471e-01
3.587040711999999743e-01,8.172387006453459835e-01
3.587156713999999913e-01,8.172290689253627338e-01
3.587330709000000062e-01,8.172146195043641370e-01
3.587504696000000104e-01,8.172001717958903289e-01
3.587562690000000165e-01,8.171953549609486389e-01
3.588026606999999979e-01,8.171568282019721075e-01
3.588258543000000245e-01,8.171375664611689738e-01
3.588548442000000227e-01,8.171134904617075589e-01
3.588722369999999828e-01,8.170990458497777720e-01
3.588896289999999878e-01,8.170845996990868665e-01
3.588954261000000256e-01,8.170797856144467186e-01
3.589475961999999964e-01,8.170364526063492727e-01
3.589591885000000260e-01,8.170268228228063645e-01
3.590287343999999936e-01,8.169690546551681143e-01
3.590345293000000160e-01,8.169642407801350759e-01
3.590403240999999745e-01,8.169594253045260324e-01
3.590519133999999779e-01,8.169497984076095065e-01
3.590808851000000246e-01,8.169257303222201561e-01
3.590866790999999725e-01,8.169209177890758289e-01
3.591214414000000188e-01,8.168920374361755554e-01
3.591330280999999736e-01,8.168824094949000969e-01
3.591735785999999875e-01,8.168487198940501681e-01
3.591967482999999794e-01,8.168294691685205056e-01
3.592372915000000000e-01,8.167957829276937254e-01
3.592430831000000269e-01,8.167909684224423650e-01
3.592604570999999858e-01,8.167765334838846814e-01
3.592720393000000123e-01,8.167669087778650638e-01
3.593125741000000040e-01,8.167332254987582640e-01
3.593299447000000146e-01,8.167187912255565729e-01
3.593588939999999843e-01,8.166947334136479553e-01
3.593820516999999826e-01,8.166754876092444659e-01
3.593994188999999895e-01,8.166610544525085835e-01
3.594052079000000233e-01,8.166562422610865735e-01
3.594457275999999868e-01,8.166225669311347746e-01
3.594515158000000099e-01,8.166177558661423808e-01
3.594978178000000080e-01,8.165792729235554770e-01
3.595036051000000121e-01,8.165744617483026158e-01
3.595151795000000039e-01,8.165648419605564534e-01
3.595209664999999832e-01,8.165600312157395013e-01
3.595499003000000027e-01,8.165359823274299655e-01
3.595672595000000138e-01,8.165215518886533852e-01
3.596077610000000258e-01,8.164878846843431903e-01
3.596366878999999739e-01,8.164638368765378962e-01
3.596424730000000181e-01,8.164590274497128819e-01
3.596598276999999899e-01,8.164446004524059664e-01
3.596887503000000263e-01,8.164205554789933927e-01
3.597292382000000233e-01,8.163868957294033724e-01
3.597755044000000013e-01,8.163484278180431764e-01
3.597986353000000026e-01,8.163291957837741641e-01
3.598159824000000118e-01,8.163147706095601475e-01
3.598217646999999908e-01,8.163099621417752028e-01
3.598448926000000214e-01,8.162907318457924832e-01
3.598622375000000151e-01,8.162763094467292424e-01
3.598680189999999834e-01,8.162715018187990390e-01
3.599662896999999973e-01,8.161897807401389260e-01
3.599778491000000247e-01,8.161801667657184733e-01
3.600009670000000050e-01,8.161609401445391043e-01
3.600067463000000134e-01,8.161561342059210356e-01
3.600298623000000031e-01,8.161369080714646618e-01
3.600529767999999797e-01,8.161176834401422386e-01
3.600587552000000247e-01,8.161128787951955621e-01
3.600703116999999787e-01,8.161032660960472196e-01
3.601049791000000000e-01,8.160744313065656508e-01
3.601627506000000256e-01,8.160263770905484826e-01
3.601858566000000206e-01,8.160071561872610513e-01
3.601916327999999945e-01,8.160023508486177191e-01
3.602147370000000071e-01,8.159831293473306379e-01
3.602320641000000268e-01,8.159687166981817175e-01
3.602609407999999847e-01,8.159446919440426216e-01
3.602840405000000135e-01,8.159254751480568002e-01
3.602898151999999743e-01,8.159206709658697321e-01
3.603302354999999846e-01,8.158870428492362992e-01
3.603360094999999985e-01,8.158822368720198837e-01
3.603475570999999933e-01,8.158726300193444025e-01
3.603533307999999824e-01,8.158678259162677193e-01
3.603821978000000259e-01,8.158438073988475425e-01
3.603995167999999860e-01,8.158293963375550240e-01
3.604456970000000093e-01,8.157909697802927518e-01
3.604687849000000055e-01,8.157717588025764632e-01
3.604745565999999957e-01,8.157669550525344926e-01
3.605091851000000180e-01,8.157381403480257198e-01
3.605380396000000265e-01,8.157141275699855143e-01
3.606072810000000017e-01,8.156565013354781790e-01
3.606130504999999764e-01,8.156516990712842086e-01
3.606245893000000202e-01,8.156420950153003835e-01
3.606303585000000256e-01,8.156372940925046278e-01
3.606592033000000086e-01,8.156132847368344763e-01
3.606938140000000015e-01,8.155844767686430963e-01
3.606995821999999796e-01,8.155796764725060655e-01
3.607053501999999967e-01,8.155748759822991634e-01
3.607168860000000143e-01,8.155652720995829608e-01
3.607687925999999989e-01,8.155220657875174028e-01
3.607976263000000072e-01,8.154980617891653960e-01
3.608149254999999944e-01,8.154836615103514541e-01
3.608898788000000080e-01,8.154212624192656023e-01
3.609014086999999815e-01,8.154116625574342470e-01
3.609071735000000114e-01,8.154068634005671168e-01
3.609763441000000128e-01,8.153492698064054300e-01
3.609936347000000101e-01,8.153348728720394289e-01
3.610224504999999806e-01,8.153108796812001957e-01
3.610282134000000198e-01,8.153060797727984532e-01
3.610685509000000071e-01,8.152724923869086870e-01
3.610743130999999884e-01,8.152676927986618471e-01
3.610915989999999853e-01,8.152532992776215792e-01
3.611088840000000189e-01,8.152389030733208086e-01
3.611146454999999977e-01,8.152341067698429811e-01
3.611204069000000239e-01,8.152293088788041819e-01
3.611607341999999998e-01,8.151957231514811442e-01
3.611780159999999906e-01,8.151813300189869604e-01
3.612125769999999791e-01,8.151525468787216289e-01
3.612298561999999769e-01,8.151381548098766139e-01
3.612471347000000277e-01,8.151237633547272488e-01
3.612701712999999981e-01,8.151045750325004446e-01
3.612759301999999839e-01,8.150997787255366278e-01
3.613047234999999802e-01,8.150757955083542949e-01
3.613219984000000107e-01,8.150614058646866722e-01
3.613392724000000222e-01,8.150470169865884351e-01
3.613507879999999783e-01,8.150374240860662756e-01
3.613910894999999845e-01,8.150038513478600199e-01
3.614313866000000153e-01,8.149702809305072737e-01
3.614371430000000163e-01,8.149654869180119610e-01
3.614601674999999847e-01,8.149463037551358813e-01
3.614774349000000053e-01,8.149319178764510285e-01
3.615292321999999947e-01,8.148887634374503142e-01
3.615349869999999743e-01,8.148839678387780339e-01
3.615464963999999726e-01,8.148743770668521735e-01
3.615752681000000135e-01,8.148504052252076857e-01
3.615982837999999755e-01,8.148312266736336129e-01
3.616385577999999823e-01,8.147976680979401864e-01
3.616443107999999795e-01,8.147928743307736310e-01
3.616615695000000019e-01,8.147784932981005923e-01
3.616673221999999743e-01,8.147736992933292122e-01
3.617651040000000040e-01,8.146922104878711046e-01
3.618226103000000138e-01,8.146442822312470744e-01
3.618571098000000208e-01,8.146155279937572491e-01
3.618743582999999764e-01,8.146011501659331522e-01
3.618973549000000234e-01,8.145819823812144866e-01
3.619031039000000227e-01,8.145771887221562313e-01
3.619203502000000183e-01,8.145628142178005238e-01
3.619433440000000002e-01,8.145436457020612808e-01
3.619893270999999801e-01,8.145053147495119328e-01
3.620065693000000251e-01,8.144909396190699313e-01
3.620410512000000192e-01,8.144621952836804679e-01
3.620582909000000238e-01,8.144478215682008360e-01
3.620812758999999992e-01,8.144286585258730948e-01
3.620985137000000131e-01,8.144142860680259055e-01
3.621042595000000253e-01,8.144094957673323476e-01
3.621272415999999827e-01,8.143903337021274336e-01
3.621502221999999827e-01,8.143711731542899734e-01
3.621674567000000011e-01,8.143568041587755379e-01
3.621789458999999933e-01,8.143472236542315112e-01
3.621961791000000153e-01,8.143328544404146996e-01
3.622191552999999842e-01,8.143136959584496015e-01
3.622708465999999738e-01,8.142705904240326031e-01
3.622880754000000203e-01,8.142562226298873940e-01
3.623110458000000089e-01,8.142370676077775871e-01
3.623167882000000173e-01,8.142322787719935562e-01
3.623512406000000130e-01,8.142035466933450483e-01
3.623627240000000249e-01,8.141939706570221480e-01
3.624029129999999932e-01,8.141604503582067220e-01
3.624430974999999777e-01,8.141269342318021573e-01
3.624660580999999882e-01,8.141077844766360094e-01
3.624717981000000200e-01,8.141029958626874174e-01
3.625177142000000075e-01,8.140646961245381341e-01
3.625406700000000093e-01,8.140455471275196420e-01
3.625464087999999974e-01,8.140407606466223411e-01
3.625578859999999959e-01,8.140311855365738314e-01
3.625923154999999842e-01,8.140024641262806337e-01
3.626324790000000076e-01,8.139689594593765287e-01
3.626496906000000187e-01,8.139545997924763077e-01
3.626783747999999807e-01,8.139306682400931914e-01
3.626841113000000005e-01,8.139258822974598795e-01
3.627013204999999796e-01,8.139115233016683826e-01
3.627300005999999910e-01,8.138875963778805511e-01
3.628217616000000145e-01,8.138110288568792816e-01
3.628389642000000026e-01,8.137966743231435096e-01
3.628676335000000086e-01,8.137727509128397374e-01
3.628848338999999812e-01,8.137583972646631469e-01
3.629077665000000064e-01,8.137392605819078195e-01
3.629249650999999965e-01,8.137249074293716466e-01
3.629306977000000267e-01,8.137201237626721095e-01
3.629536274999999867e-01,8.137009863657701514e-01
3.630911755999999824e-01,8.135861824828255484e-01
3.631083654000000216e-01,8.135718347700886532e-01
3.631140951999999866e-01,8.135670518800620643e-01
3.631312838999999903e-01,8.135527040606088667e-01
3.631427427000000208e-01,8.135431387065801268e-01
3.631599300999999724e-01,8.135287919571762005e-01
3.631828454000000095e-01,8.135096617850394729e-01
3.632000309000000260e-01,8.134953154352742022e-01
3.632286715999999971e-01,8.134714051773025423e-01
3.632515825000000032e-01,8.134522787504487873e-01
3.632802191000000236e-01,8.134283703720659453e-01
3.632916731999999982e-01,8.134188062729540425e-01
3.633145801000000064e-01,8.133996819379879506e-01
3.633203065999999759e-01,8.133948994203055172e-01
3.633661154999999754e-01,8.133566534042853124e-01
3.633832922999999937e-01,8.133423095349939791e-01
3.633890177999999915e-01,8.133375299967664507e-01
3.634348179999999928e-01,8.132992858751475485e-01
3.634748883999999736e-01,8.132658253646467550e-01
3.634977837999999739e-01,8.132467033692122316e-01
3.635035074999999893e-01,8.132419243162430922e-01
3.635092309999999882e-01,8.132371437802436986e-01
3.635435703000000074e-01,8.132084671052108860e-01
3.635492933000000204e-01,8.132036868084572268e-01
3.635550161000000169e-01,8.131989073155331260e-01
3.635721840000000205e-01,8.131845703432218908e-01
3.635950733000000157e-01,8.131654530351895005e-01
3.636007954000000097e-01,8.131606744495295525e-01
3.636465689000000223e-01,8.131224441407107761e-01
3.636637325000000032e-01,8.131081080407729367e-01
3.636808952999999733e-01,8.130937720510498234e-01
3.637323787000000253e-01,8.130507684224791420e-01
3.637495383000000082e-01,8.130364338675325486e-01
3.637552579000000175e-01,8.130316567583533161e-01
3.637838548999999810e-01,8.130077660595804723e-01
3.638010119999999792e-01,8.129934345999184631e-01
3.638296053999999780e-01,8.129695470871557417e-01
3.638467604000000244e-01,8.129552156191524048e-01
3.638639144999999964e-01,8.129408842099918875e-01
3.638696323999999760e-01,8.129361082155682761e-01
3.639096548999999903e-01,8.129026689113467707e-01
3.639210890999999837e-01,8.128931153400060783e-01
3.639325230000000078e-01,8.128835630003449220e-01
3.640068342000000179e-01,8.128214712595436264e-01
3.640125498999999820e-01,8.128166959942069170e-01
3.640525566999999740e-01,8.127832656587258287e-01
3.640582715999999830e-01,8.127784898821268644e-01
3.640754158000000240e-01,8.127641639364611148e-01
3.641039876000000119e-01,8.127402875685943995e-01
3.641439844000000092e-01,8.127068613735134450e-01
3.641668377000000234e-01,8.126877621261486828e-01
3.641896895999999773e-01,8.126686630914563558e-01
3.641954023999999790e-01,8.126638887408682566e-01
3.642068276000000049e-01,8.126543410840725290e-01
3.642296769999999739e-01,8.126352429099590324e-01
3.642753715000000003e-01,8.125970508503382872e-01
3.643324815999999799e-01,8.125493129208269938e-01
3.643667433000000178e-01,8.125206726283056291e-01
3.643724533000000099e-01,8.125159005249271704e-01
3.643952923000000066e-01,8.124968081574832635e-01
3.644124206000000088e-01,8.124824892995532455e-01
3.644238390000000272e-01,8.124729424932277677e-01
3.644638007000000068e-01,8.124395351837812029e-01
3.644866339999999760e-01,8.124204457198387352e-01
3.645551251999999964e-01,8.123631818948606753e-01
3.645722459999999887e-01,8.123488665819533772e-01
3.646007788999999777e-01,8.123250090850062666e-01
3.646064851999999967e-01,8.123202367925358436e-01
3.646407212000000175e-01,8.122916088063413254e-01
3.646521325000000036e-01,8.122820685795675288e-01
3.646692487000000038e-01,8.122677556052639858e-01
3.647548178999999724e-01,8.121961954470438005e-01
3.647605218000000149e-01,8.121914272743618879e-01
3.648061497999999792e-01,8.121532649875736753e-01
3.648289616000000013e-01,8.121341872981420185e-01
3.648346644000000083e-01,8.121294173090752855e-01
3.648802830999999802e-01,8.120912615262627643e-01
3.648973885999999833e-01,8.120769534107493692e-01
3.649144933999999840e-01,8.120626470565915911e-01
3.649258960999999801e-01,8.120531080104227417e-01
3.649429994999999760e-01,8.120388020150327568e-01
3.649601021000000167e-01,8.120244970928628403e-01
3.649658028000000165e-01,8.120197261997547100e-01
3.649886046999999967e-01,8.120006523227200068e-01
3.650114051000000193e-01,8.119815787830916287e-01
3.650285045000000173e-01,8.119672747728814421e-01
3.650797979000000026e-01,8.119243623622173223e-01
3.651196877999999812e-01,8.118909906396672982e-01
3.651424799999999915e-01,8.118719206349856998e-01
3.651481778999999817e-01,8.118671547522261500e-01
3.651538756000000108e-01,8.118623870860957048e-01
3.651709683000000095e-01,8.118480849991249748e-01
3.651994544000000120e-01,8.118242504530516213e-01
3.652393312000000170e-01,8.117908845749747249e-01
3.652450275999999940e-01,8.117861170361563294e-01
3.652848993999999738e-01,8.117527523550205348e-01
3.652905949999999957e-01,8.117479874976388787e-01
3.653019860000000230e-01,8.117384543108089323e-01
3.653076813000000200e-01,8.117336888601184297e-01
3.653532409999999953e-01,8.116955625242808781e-01
3.653703244000000017e-01,8.116812642344136686e-01
3.653931009999999979e-01,8.116622035369291943e-01
3.654215698000000123e-01,8.116383753412499402e-01
3.654272632000000187e-01,8.116336114089437448e-01
3.655069628000000015e-01,8.115669034170500673e-01
3.655126549000000113e-01,8.115621398887941096e-01
3.655581889999999778e-01,8.115240255206637165e-01
3.655638803999999853e-01,8.115192615668023191e-01
3.655809539000000052e-01,8.115049683476027731e-01
3.656094080999999774e-01,8.114811515523445706e-01
3.656264794999999901e-01,8.114668597376722969e-01
3.656492400999999948e-01,8.114478047776240155e-01
3.656663097000000251e-01,8.114335154459878519e-01
3.657004463999999899e-01,8.114049371950161627e-01
3.657175135999999882e-01,8.113906489242597164e-01
3.657345799999999758e-01,8.113763582608767289e-01
3.657459571000000187e-01,8.113668346588479574e-01
3.657630222000000098e-01,8.113525456993333496e-01
3.658085251000000038e-01,8.113144476186423537e-01
3.658312744000000172e-01,8.112953987618483076e-01
3.658369615000000019e-01,8.112906372492577622e-01
3.658710822999999834e-01,8.112620668286915082e-01
3.658824552000000119e-01,8.112525427247130327e-01
3.658995138999999730e-01,8.112382575508488847e-01
3.659393143999999931e-01,8.112049280988502531e-01
3.659677406999999882e-01,8.111811228981126165e-01
3.659904801000000152e-01,8.111620790268236902e-01
3.660132180999999818e-01,8.111430368129449731e-01
3.660189024000000124e-01,8.111382758718517216e-01
3.660586899000000116e-01,8.111049530634170113e-01
3.660643734999999843e-01,8.111001917641992298e-01
3.661098389999999925e-01,8.110621125355984562e-01
3.661212044000000110e-01,8.110525933231926832e-01
3.661268870000000120e-01,8.110478339293577532e-01
3.661552987999999731e-01,8.110240339681022981e-01
3.661950714000000162e-01,8.109907188248121068e-01
3.662177967999999950e-01,8.109716833386236834e-01
3.662405207000000162e-01,8.109526470838901435e-01
3.662632431000000244e-01,8.109336124651606026e-01
3.663086838999999872e-01,8.108955427363313540e-01
3.663768345000000259e-01,8.108384452493371253e-01
3.663825130999999735e-01,8.108336868166311495e-01
3.663938701000000187e-01,8.108241724070228695e-01
3.663995485000000052e-01,8.108194138347916136e-01
3.664165831000000262e-01,8.108051416231824016e-01
3.664279390999999886e-01,8.107956270654267383e-01
3.664449723000000048e-01,8.107813537387523750e-01
3.664620048000000185e-01,8.107670838973322081e-01
3.664847136000000116e-01,8.107480534859855537e-01
3.665187740999999999e-01,8.107195135638810557e-01
3.665528314000000010e-01,8.106909740473468018e-01
3.665641830999999962e-01,8.106814605531812434e-01
3.666039114999999904e-01,8.106481679969644860e-01
3.666266114000000242e-01,8.106291427181891995e-01
3.666549843999999947e-01,8.106053637466875683e-01
3.666663330000000109e-01,8.105958513290236755e-01
3.666720070999999748e-01,8.105910977568139275e-01
3.667173972000000171e-01,8.105530529158216924e-01
3.667344170999999875e-01,8.105387876445605544e-01
3.667400901999999796e-01,8.105340325447251137e-01
3.667571089000000173e-01,8.105197674932429486e-01
3.667797993999999950e-01,8.105007482209908298e-01
3.667911441000000217e-01,8.104912389148728469e-01
3.668308478999999789e-01,8.104579569720042898e-01
3.668535338000000201e-01,8.104389393284682219e-01
3.668762183000000010e-01,8.104199241381532248e-01
3.669215831000000039e-01,8.103818939480791350e-01
3.669385935000000210e-01,8.103676310619768453e-01
3.669612727000000074e-01,8.103486186417785397e-01
3.669896197999999998e-01,8.103248522843452539e-01
3.670122959000000074e-01,8.103058387196754309e-01
3.670293021000000100e-01,8.102915809067949837e-01
3.670576439000000080e-01,8.102678176989698278e-01
3.670633120999999832e-01,8.102630647826594146e-01
3.670803158000000010e-01,8.102488074289176945e-01
3.671086537000000094e-01,8.102250442388674312e-01
3.671256553999999728e-01,8.102107895545089811e-01
3.671426562999999810e-01,8.101965333174135919e-01
3.671483231000000069e-01,8.101917806937376509e-01
3.671879881999999817e-01,8.101585179541954673e-01
3.671936543000000053e-01,8.101537678017463051e-01
3.671993203000000205e-01,8.101490151504737725e-01
3.672106520999999790e-01,8.101395132157076517e-01
3.672163178000000250e-01,8.101347602838490092e-01
3.672389798999999844e-01,8.101157558004531412e-01
3.672616405999999944e-01,8.100967515927653961e-01
3.672786351999999810e-01,8.100824987729938753e-01
3.672899645000000102e-01,8.100729966685857875e-01
3.673012935000000145e-01,8.100634939810111845e-01
3.673296142999999958e-01,8.100397405816534002e-01
3.673522694999999949e-01,8.100207395004938027e-01
3.673805863999999866e-01,8.099969869064217454e-01
3.673919124999999730e-01,8.099874876837473980e-01
3.674202263999999940e-01,8.099637386264684213e-01
3.674655239999999878e-01,8.099257407040885148e-01
3.675051549000000195e-01,8.098924944981897855e-01
3.675164772000000246e-01,8.098829950604060635e-01
3.675504420999999855e-01,8.098545034117997643e-01
3.675730836000000168e-01,8.098355080994269484e-01
3.676070431999999832e-01,8.098070156177926693e-01
3.676466588000000257e-01,8.097737789927355045e-01
3.676523178000000169e-01,8.097690300769081473e-01
3.676692944000000129e-01,8.097547856887237216e-01
3.676919284999999871e-01,8.097357936683383661e-01
3.676975868999999841e-01,8.097310467690796987e-01
3.677371926999999929e-01,8.096978141052123545e-01
3.677428502999999793e-01,8.096930656928624792e-01
3.677541652999999910e-01,8.096835712028955800e-01
3.677881082000000190e-01,8.096550877269964586e-01
3.678277043000000024e-01,8.096218592248985990e-01
3.678503288000000149e-01,8.096028721233683445e-01
3.678729518000000143e-01,8.095838878880762257e-01
3.678955734000000088e-01,8.095649024342533862e-01
3.679238484999999836e-01,8.095411719265488415e-01
3.679408124999999918e-01,8.095269332610937063e-01
3.679634299999999802e-01,8.095079494285616351e-01
3.680030072000000096e-01,8.094747329211106068e-01
3.680143142000000256e-01,8.094652399389495878e-01
3.680312741000000276e-01,8.094510042695052254e-01
3.680482331000000107e-01,8.094367691235742068e-01
3.680538859999999968e-01,8.094320237387671035e-01
3.680595387000000218e-01,8.094272803063667920e-01
3.680991055999999761e-01,8.093940668961808749e-01
3.681443197000000001e-01,8.093561114607886742e-01
3.681499710999999730e-01,8.093513662548105225e-01
3.681669247000000089e-01,8.093371322055790129e-01
3.681838774999999786e-01,8.093229019014475112e-01
3.682064800000000027e-01,8.093039257668648290e-01
3.682290811999999747e-01,8.092849513614267520e-01
3.682968763000000201e-01,8.092280295342189067e-01
3.683025253000000165e-01,8.092232857702917892e-01
3.683307692000000189e-01,8.091995705773868952e-01
3.683477144999999786e-01,8.091853426348413203e-01
3.683703068999999997e-01,8.091663726210235330e-01
3.684154876999999884e-01,8.091284327133120291e-01
3.684380761000000115e-01,8.091094645286855958e-01
3.684606630000000216e-01,8.090904963859102406e-01
3.685058326999999800e-01,8.090525630666709489e-01
3.685114784999999893e-01,8.090478201173076922e-01
3.685679319999999870e-01,8.090004078553953981e-01
3.685735768999999773e-01,8.089956673962013234e-01
3.686017999999999795e-01,8.089719623585501784e-01
3.686187328000000152e-01,8.089577400012121222e-01
3.686356647999999847e-01,8.089435187491660351e-01
3.686413087000000033e-01,8.089387777714778238e-01
3.686920993000000202e-01,8.088961160341987533e-01
3.687259558000000048e-01,8.088676748537797501e-01
3.687372407000000241e-01,8.088581947399046124e-01
3.687541672999999909e-01,8.088439763077893696e-01
3.688218657999999817e-01,8.087871036745556408e-01
3.688444292999999985e-01,8.087681462948611566e-01
3.688726316000000005e-01,8.087444540276867988e-01
3.688895520000000094e-01,8.087302366803984510e-01
3.689290297999999746e-01,8.086970675943703224e-01
3.689572257000000022e-01,8.086733770320790882e-01
3.689797808999999984e-01,8.086544259579406813e-01
3.689966962999999822e-01,8.086402111023315298e-01
3.690079728999999809e-01,8.086307361786611025e-01
3.690192491000000019e-01,8.086212616824961508e-01
3.690699876999999907e-01,8.085786226220426087e-01
3.690981728000000128e-01,8.085549386147599105e-01
3.691094462000000243e-01,8.085454645441567667e-01
3.691150827999999939e-01,8.085407272728639683e-01
3.691319920999999726e-01,8.085265170746337438e-01
3.691601723999999862e-01,8.085028330494098414e-01
3.692277965999999911e-01,8.084459994410838624e-01
3.692334313000000257e-01,8.084412635134198277e-01
3.692503352000000016e-01,8.084270546786517242e-01
3.692672382000000142e-01,8.084128460133638283e-01
3.692785064999999922e-01,8.084033758599994401e-01
3.692954083000000165e-01,8.083891700290150029e-01
3.693123092999999746e-01,8.083749625280876039e-01
3.693179428000000208e-01,8.083702275543613869e-01
3.693686404000000034e-01,8.083276113485916570e-01
3.693855380000000133e-01,8.083134066612266411e-01
3.694305945999999952e-01,8.082755307780298271e-01
3.694474893999999954e-01,8.082613261236036850e-01
3.694531208999999872e-01,8.082565912167748445e-01
3.694756457000000216e-01,8.082376548937535432e-01
3.695037998999999851e-01,8.082139850734686437e-01
3.695488420999999968e-01,8.081761143297704342e-01
3.695882495000000212e-01,8.081429816356958673e-01
3.696332814000000133e-01,8.081051171240304365e-01
3.696389099999999872e-01,8.081003844897280963e-01
3.696501669000000212e-01,8.080909171866493823e-01
3.696726798000000147e-01,8.080719872915304025e-01
3.696783077999999945e-01,8.080672555329007078e-01
3.696839357000000215e-01,8.080625235017322439e-01
3.697008189000000056e-01,8.080483246606157133e-01
3.697177013999999873e-01,8.080341279813951783e-01
3.697289558999999892e-01,8.080246635349674911e-01
3.697908497999999877e-01,8.079726123798062210e-01
3.698189800000000194e-01,8.079489529625742961e-01
3.698358569999999901e-01,8.079347600587025724e-01
3.698808587999999897e-01,8.078969100744616272e-01
3.699089821000000056e-01,8.078732569167311750e-01
3.699202308000000272e-01,8.078637954020002621e-01
3.699258550000000256e-01,8.078590633005497956e-01
3.699877160000000220e-01,8.078070276908303482e-01
3.700326991999999815e-01,8.077691877926085340e-01
3.700383218000000141e-01,8.077644590294665861e-01
3.700439441999999746e-01,8.077597280351431763e-01
3.700608109999999895e-01,8.077455408326231767e-01
3.700776769999999938e-01,8.077313519290184596e-01
3.701057853999999980e-01,8.077077043557493452e-01
3.701732367000000190e-01,8.076509562325788760e-01
3.701788570999999806e-01,8.076462269478901224e-01
3.701900975999999899e-01,8.076367689916885695e-01
3.701957177999999904e-01,8.076320400186512982e-01
3.702406757000000215e-01,8.075942146408477962e-01
3.702800095000000069e-01,8.075611172618820666e-01
3.703137208000000236e-01,8.075327503854512479e-01
3.703305753000000200e-01,8.075185682445812363e-01
3.703586644999999899e-01,8.074949300235652050e-01
3.703923686999999743e-01,8.074665656772817002e-01
3.703979856999999876e-01,8.074618390611939533e-01
3.704373027999999790e-01,8.074287521201539697e-01
3.704429191999999982e-01,8.074240239159634624e-01
3.704597678000000061e-01,8.074098444316064604e-01
3.704878470999999895e-01,8.073862117361373381e-01
3.704934628000000063e-01,8.073814868790422095e-01
3.705327696999999865e-01,8.073484014622720473e-01
3.705496141999999882e-01,8.073342245256751593e-01
3.705776867999999724e-01,8.073105960157905825e-01
3.705833009999999761e-01,8.073058701690980499e-01
3.706282120000000124e-01,8.072680662639240001e-01
3.706450521999999914e-01,8.072538900051884347e-01
3.706675045999999751e-01,8.072349906262105135e-01
3.707124054000000002e-01,8.071971917804642294e-01
3.707180176000000049e-01,8.071924679643205369e-01
3.707348536999999777e-01,8.071782925788603125e-01
3.707516891000000037e-01,8.071641204611260667e-01
3.707797462999999905e-01,8.071404982127088346e-01
3.708470750000000260e-01,8.070838118268831574e-01
3.708526851999999763e-01,8.070790896241952783e-01
3.708695151999999995e-01,8.070649197957553422e-01
3.708863445000000203e-01,8.070507477049820855e-01
3.708919540999999764e-01,8.070460244942162520e-01
3.708975635999999798e-01,8.070413013249998491e-01
3.709312187000000094e-01,8.070129631830890160e-01
3.709368276000000186e-01,8.070082409316894356e-01
3.709816958000000109e-01,8.069704587825140552e-01
3.709985199999999983e-01,8.069562923516324648e-01
3.710489879000000157e-01,8.069137911991449696e-01
3.710882359000000075e-01,8.068807383275445888e-01
3.710938423999999847e-01,8.068760166832669167e-01
3.711555087000000253e-01,8.068240788431444432e-01
3.711667195999999724e-01,8.068146361591272964e-01
3.711835353999999865e-01,8.068004729558654331e-01
3.712059551999999929e-01,8.067815896073927684e-01
3.712563949000000085e-01,8.067391054176077381e-01
3.712676027999999850e-01,8.067296638465194514e-01
3.712732066000000164e-01,8.067249430997720516e-01
3.712900176000000219e-01,8.067107832825103353e-01
3.712956210000000201e-01,8.067060630875937388e-01
3.713012244000000184e-01,8.067013422156708025e-01
3.713180341000000273e-01,8.066871821622060290e-01
3.713404457999999742e-01,8.066683013700336469e-01
3.713572537000000007e-01,8.066541429537674723e-01
3.713908672999999827e-01,8.066258249869825425e-01
3.714076728999999855e-01,8.066116685415513077e-01
3.714356805999999844e-01,8.065880711006281345e-01
3.714692869999999814e-01,8.065597575837332167e-01
3.714748877999999865e-01,8.065550398322191006e-01
3.715196908999999770e-01,8.065172889084718522e-01
3.715364906999999994e-01,8.065031339088344353e-01
3.715420904999999774e-01,8.064984175228854246e-01
3.715700880000000206e-01,8.064748259964422683e-01
3.715868855000000193e-01,8.064606713108674052e-01
3.716036823000000155e-01,8.064465185032252403e-01
3.716092810000000135e-01,8.064418004134360496e-01
3.716260767999999826e-01,8.064276482024681503e-01
3.716484699000000003e-01,8.064087772453560898e-01
3.716764593999999922e-01,8.063851899708571747e-01
3.717044467999999768e-01,8.063616046178609942e-01
3.717212382999999787e-01,8.063474534309251762e-01
3.717492223000000151e-01,8.063238691590212115e-01
3.717939923999999952e-01,8.062861367464638773e-01
3.718275664999999841e-01,8.062578412605224676e-01
3.718387570999999725e-01,8.062484077513620839e-01
3.719226763999999852e-01,8.061776729142603459e-01
3.719450516999999734e-01,8.061588118356830535e-01
3.720065767999999884e-01,8.061069473824010734e-01
3.720569079000000112e-01,8.060645169253574105e-01
3.720624998000000017e-01,8.060598031769861116e-01
3.720736834000000215e-01,8.060503750042924409e-01
3.721016408999999747e-01,8.060268023404332238e-01
3.721407780000000054e-01,8.059938062821188076e-01
3.721519591999999932e-01,8.059843780080483411e-01
3.721631401000000117e-01,8.059749519118076799e-01
3.721910909000000212e-01,8.059513839578772432e-01
3.721966809000000209e-01,8.059466717670182856e-01
3.722134501000000095e-01,8.059325326646735732e-01
3.722302185999999957e-01,8.059183927927675573e-01
3.722413970999999822e-01,8.059089665188269302e-01
3.722525752999999993e-01,8.058995412264916558e-01
3.722581643000000273e-01,8.058948290675873594e-01
3.722805194000000095e-01,8.058759775565537131e-01
3.723028731999999952e-01,8.058571275234931441e-01
3.723308135000000241e-01,8.058335648761671965e-01
3.723419890999999926e-01,8.058241408087952751e-01
3.723475767000000158e-01,8.058194291534344078e-01
3.723643390999999969e-01,8.058052937263323612e-01
3.723755136999999937e-01,8.057958697098370759e-01
3.724146219000000202e-01,8.057628880676135363e-01
3.724313812999999751e-01,8.057487523128603613e-01
3.724593119999999868e-01,8.057251965318498188e-01
3.724984114000000068e-01,8.056922181454376775e-01
3.725095818999999975e-01,8.056827958123433664e-01
3.725263370999999935e-01,8.056686656969207494e-01
3.725486760999999758e-01,8.056498209722827708e-01
3.725542606000000201e-01,8.056451111670793752e-01
3.725933500999999981e-01,8.056121390484788369e-01
3.726156850999999826e-01,8.055932987552678615e-01
3.726826819999999874e-01,8.055367816457588148e-01
3.726994294000000041e-01,8.055226526659596820e-01
3.727050116999999774e-01,8.055179427311450757e-01
3.727329218000000055e-01,8.054943981531800246e-01
3.727496668999999985e-01,8.054802693464868657e-01
3.728557017999999945e-01,8.053908063724248834e-01
3.728612816999999913e-01,8.053860974154426478e-01
3.728668615999999880e-01,8.053813898908522839e-01
3.728780210000000039e-01,8.053719743937678421e-01
3.728836005999999759e-01,8.053672671535129224e-01
3.729003390000000251e-01,8.053531411876715396e-01
3.729449707999999974e-01,8.053154817460536075e-01
3.729672848000000207e-01,8.052966508965069270e-01
3.730007531999999792e-01,8.052684076958149806e-01
3.730174862000000258e-01,8.052542868253140806e-01
3.730565271999999877e-01,8.052213379703055951e-01
3.730621041000000138e-01,8.052166323039543494e-01
3.730788344000000034e-01,8.052025138498675183e-01
3.731290208999999969e-01,8.051601559718390977e-01
3.731345966999999875e-01,8.051554498382915703e-01
3.731513237999999899e-01,8.051413322546285833e-01
3.731792005999999828e-01,8.051178031039419869e-01
3.731959255999999781e-01,8.051036857811052494e-01
3.732349479000000025e-01,8.050707487519834782e-01
3.732683922999999737e-01,8.050425160761186527e-01
3.732851133999999793e-01,8.050284026502600998e-01
3.733074069000000272e-01,8.050095841713511557e-01
3.733129801000000247e-01,8.050048786133194856e-01
3.733296991999999759e-01,8.049907658162241963e-01
3.733575626999999786e-01,8.049672435731776154e-01
3.733965679999999843e-01,8.049343130528736623e-01
3.734132833000000096e-01,8.049202001603118495e-01
3.734467117999999974e-01,8.048919788895432248e-01
3.734634247999999990e-01,8.048778667437127554e-01
3.734857078000000108e-01,8.048590532372231765e-01
3.735024190999999827e-01,8.048449439182071563e-01
3.735079894000000178e-01,8.048402409250925427e-01
3.735302696999999728e-01,8.048214285957535630e-01
3.735525486999999867e-01,8.048026173163373986e-01
3.735803954999999954e-01,8.047791038384035645e-01
3.735971026000000084e-01,8.047649948066446512e-01
3.736193776000000244e-01,8.047461854261926950e-01
3.736583555999999917e-01,8.047132695298406801e-01
3.736639234999999948e-01,8.047085682906314208e-01
3.736806268999999792e-01,8.046944634111898864e-01
3.737140313999999797e-01,8.046662522053761313e-01
3.737307324999999958e-01,8.046521474212496861e-01
3.737474329000000095e-01,8.046380422288897938e-01
3.737529995000000160e-01,8.046333408299806145e-01
3.737585661000000226e-01,8.046286406716842698e-01
3.737975296000000114e-01,8.045957333960525037e-01
3.738197925999999782e-01,8.045769281098907877e-01
3.738643146999999778e-01,8.045393256170114693e-01
3.739088314999999829e-01,8.045017222892212327e-01
3.739310879000000143e-01,8.044829208430768208e-01
3.739366518000000195e-01,8.044782226586399965e-01
3.739700334000000126e-01,8.044500246885160077e-01
3.739811599000000264e-01,8.044406245626526397e-01
3.739978491000000016e-01,8.044265252602998961e-01
3.740201001999999830e-01,8.044077276365155793e-01
3.740367876999999841e-01,8.043936307433157129e-01
3.740645985000000118e-01,8.043701356651843382e-01
3.740868455999999953e-01,8.043513398282393645e-01
3.741090913999999823e-01,8.043325469219478885e-01
3.741313358999999727e-01,8.043137509966385990e-01
3.741480184000000042e-01,8.042996569573745980e-01
3.741535790000000139e-01,8.042949596275021928e-01
3.742036213000000111e-01,8.042526764152612140e-01
3.742203005999999998e-01,8.042385831189994283e-01
3.742480977000000042e-01,8.042150963518641671e-01
3.742647749999999940e-01,8.042010033503373956e-01
3.742870101999999921e-01,8.041822133371921977e-01
3.743370347000000153e-01,8.041399396712138881e-01
3.743703805999999967e-01,8.041117608167918096e-01
3.743981666000000263e-01,8.040882781887664921e-01
3.744592884999999871e-01,8.040366218457254410e-01
3.744815121999999774e-01,8.040178379213894777e-01
3.745315106000000061e-01,8.039755779701645011e-01
3.745537299999999736e-01,8.039567962900877607e-01
3.745592846999999947e-01,8.039521032695026159e-01
3.745703937000000039e-01,8.039427110970683854e-01
3.745981648999999747e-01,8.039192361467597525e-01
3.746037187999999851e-01,8.039145434493255582e-01
3.746481476999999893e-01,8.038769861351413581e-01
3.746592541000000054e-01,8.038675958918514164e-01
3.746814659000000103e-01,8.038488190175374637e-01
3.747314377000000030e-01,8.038065741272480969e-01
3.747536451999999851e-01,8.037878004705738544e-01
3.747980564000000236e-01,8.037502521601305183e-01
3.748202600000000162e-01,8.037314786822834511e-01
3.748646632000000034e-01,8.036939364832489385e-01
3.748868627999999981e-01,8.036751651482800796e-01
3.749146105000000229e-01,8.036517036582793150e-01
3.749534539000000111e-01,8.036188568853483982e-01
3.749590025999999798e-01,8.036141644977883303e-01
3.750033893999999979e-01,8.035766291081738455e-01
3.750200330999999832e-01,8.035625547288941517e-01
3.750366760000000133e-01,8.035484805705331857e-01
3.750477709000000215e-01,8.035390964145860959e-01
3.750644126000000078e-01,8.035250235966914234e-01
3.750810535999999917e-01,8.035109490545775390e-01
3.750866004000000253e-01,8.035062594000610403e-01
3.751087868999999908e-01,8.034874952853233721e-01
3.751365181999999909e-01,8.034640407307475085e-01
3.751808839999999923e-01,8.034265165543026388e-01
3.751975197999999900e-01,8.034124472152710528e-01
3.752141548999999854e-01,8.033983749636345317e-01
3.752695998000000199e-01,8.033514770447222064e-01
3.752806879000000206e-01,8.033420992361033353e-01
3.753084064000000164e-01,8.033186509553288390e-01
3.753139498999999990e-01,8.033139620501431599e-01
3.753305798000000082e-01,8.032998939686443185e-01
3.753472090000000150e-01,8.032858279483384711e-01
3.753527519000000034e-01,8.032811389165197546e-01
3.753693800999999830e-01,8.032670708927970304e-01
3.753970920999999961e-01,8.032436268219016462e-01
3.754358855000000106e-01,8.032108072954413647e-01
3.754469685999999862e-01,8.032014310192148177e-01
3.754580513999999924e-01,8.031920544487163305e-01
3.754857569000000228e-01,8.031686140010337871e-01
3.755300813999999932e-01,8.031311122873772135e-01
3.755356215999999803e-01,8.031264238442468173e-01
3.755467016999999852e-01,8.031170492519378312e-01
3.755522417000000113e-01,8.031123615398078064e-01
3.755799402000000176e-01,8.030889235268958704e-01
3.756187147000000226e-01,8.030561142840424438e-01
3.756353311000000250e-01,8.030420545753603756e-01
3.756851760000000096e-01,8.029998737540708920e-01
3.757017894999999941e-01,8.029858147058336337e-01
3.757073270999999881e-01,8.029811290799652168e-01
3.757460885000000195e-01,8.029483240634835983e-01
3.757571624000000110e-01,8.029389533997808304e-01
3.757959187000000090e-01,8.029061543997731976e-01
3.758125272000000239e-01,8.028920962034279407e-01
3.758180633000000048e-01,8.028874110649569795e-01
3.758623486000000069e-01,8.028499283081773630e-01
3.758789542000000039e-01,8.028358734947546038e-01
3.759010939999999912e-01,8.028171348629188353e-01
3.759287667999999805e-01,8.027937097951434176e-01
3.759343010999999790e-01,8.027890251589843151e-01
3.759509035999999971e-01,8.027749732451781028e-01
3.759951732999999852e-01,8.027374994913426542e-01
3.760173061000000039e-01,8.027187640801919377e-01
3.760671003000000123e-01,8.026766106405666124e-01
3.760781648000000033e-01,8.026672428251451219e-01
3.760836969999999946e-01,8.026625591842128093e-01
3.761279510000000159e-01,8.026250938856588357e-01
3.761445448999999885e-01,8.026110448164441857e-01
3.761500761000000082e-01,8.026063621973593687e-01
3.761556071000000112e-01,8.026016789373779936e-01
3.761666690000000091e-01,8.025923122375977492e-01
3.762440931000000099e-01,8.025267590557143560e-01
3.762606819000000047e-01,8.025127118204907761e-01
3.762772698999999887e-01,8.024986677989977002e-01
3.762827991000000094e-01,8.024939850975540967e-01
3.763270296999999820e-01,8.024565319314006517e-01
3.763491431000000054e-01,8.024378051263402201e-01
3.763767829999999925e-01,8.024143982549097887e-01
3.764320566000000090e-01,8.023675914585721713e-01
3.764596903999999911e-01,8.023441881242294738e-01
3.764652169000000104e-01,8.023395059748807956e-01
3.764817959999999797e-01,8.023254642888515420e-01
3.764983742999999938e-01,8.023114241461843932e-01
3.765039002000000190e-01,8.023067445157375799e-01
3.765094260999999887e-01,8.023020651722669871e-01
3.765481049000000136e-01,8.022693041180347651e-01
3.765923043000000137e-01,8.022318685327696208e-01
3.765978288999999868e-01,8.022271870223357526e-01
3.766088778000000192e-01,8.022178292441850544e-01
3.766144021000000230e-01,8.022131497604026995e-01
3.766309746000000014e-01,8.021991110299453442e-01
3.767027801999999759e-01,8.021382852108792649e-01
3.767303940999999767e-01,8.021148942190290398e-01
3.767635281999999752e-01,8.020868249695977115e-01
3.767745721999999908e-01,8.020774682820317469e-01
3.767911375999999923e-01,8.020634333855043430e-01
3.768077023999999997e-01,8.020493999158943010e-01
3.768132237999999856e-01,8.020447215870114555e-01
3.768573921000000215e-01,8.020073006121460901e-01
3.768629128000000050e-01,8.020026244773432733e-01
3.769015553000000240e-01,8.019698826140895243e-01
3.769070753000000051e-01,8.019652059683696210e-01
3.769236349000000263e-01,8.019511754029239325e-01
3.769457132999999849e-01,8.019324679792440014e-01
3.769622711999999765e-01,8.019184389130151747e-01
3.769898661000000151e-01,8.018950546571788074e-01
3.769953847999999996e-01,8.018903790780714802e-01
3.770119405999999840e-01,8.018763506591141121e-01
3.770505678000000138e-01,8.018436171498073417e-01
3.770560855999999794e-01,8.018389416125654146e-01
3.771002254999999970e-01,8.018015341782046557e-01
3.771388437000000038e-01,8.017688077128620749e-01
3.771609094000000217e-01,8.017501073293025193e-01
3.771719418000000212e-01,8.017407564923810792e-01
3.772050370000000208e-01,8.017127061107482966e-01
3.772601892999999929e-01,8.016659611763321536e-01
3.772767334000000083e-01,8.016519387694183152e-01
3.772932768000000214e-01,8.016379165984754973e-01
3.773208475000000006e-01,8.016145475996764302e-01
3.773429025999999742e-01,8.015958526646558280e-01
3.773484161999999809e-01,8.015911788770827551e-01
3.773870088999999872e-01,8.015584630822644163e-01
3.773925218999999998e-01,8.015537900987033115e-01
3.774090601999999794e-01,8.015397707317009068e-01
3.774366223999999770e-01,8.015164059769244176e-01
3.774752062000000241e-01,8.014836948925084803e-01
3.774972522000000219e-01,8.014650048339312383e-01
3.775192969999999759e-01,8.014463148122794589e-01
3.775248079999999895e-01,8.014416423838800485e-01
3.775413404999999889e-01,8.014276249308457389e-01
3.775578722999999859e-01,8.014136105643250296e-01
3.775854236999999780e-01,8.013902509686169351e-01
3.776515388000000195e-01,8.013341917845016038e-01
3.776570477999999786e-01,8.013295206961069672e-01
3.776901005000000144e-01,8.013014927895905082e-01
3.776956090999999960e-01,8.012968206606813082e-01
3.777011175000000165e-01,8.012921509322925573e-01
3.777176422999999894e-01,8.012781382220286464e-01
3.777396741999999863e-01,8.012594554343543951e-01
3.777561972999999851e-01,8.012454427275277347e-01
3.777837341999999987e-01,8.012220922750811214e-01
3.778057623000000143e-01,8.012034091493764887e-01
3.778332956000000076e-01,8.011800603332902559e-01
3.778443082999999869e-01,8.011707200698398035e-01
3.778663328999999904e-01,8.011520401150126203e-01
3.778718388000000261e-01,8.011473710906796830e-01
3.779213886000000189e-01,8.011053453568797167e-01
3.779323988000000134e-01,8.010960069449094556e-01
3.779379037000000219e-01,8.010913388071979613e-01
3.779654273999999980e-01,8.010679938964053726e-01
3.779984531000000203e-01,8.010399812744289916e-01
3.780039572000000181e-01,8.010353125355772486e-01
3.780204687000000008e-01,8.010213068557515692e-01
3.780424829999999847e-01,8.010026328651157490e-01
3.780479863000000273e-01,8.009979654951502326e-01
3.780534896000000145e-01,8.009932976669192906e-01
3.780699989999999899e-01,8.009792933253558900e-01
3.780975131000000045e-01,8.009559519811673134e-01
3.781360294000000177e-01,8.009232790185669693e-01
3.781800431999999823e-01,8.008859400230782244e-01
3.781965469999999940e-01,8.008719366505340220e-01
3.782020481999999739e-01,8.008672690937193028e-01
3.782185511000000222e-01,8.008532689134948424e-01
3.782295526000000185e-01,8.008439340430518749e-01
3.782460543000000230e-01,8.008299336814601599e-01
3.782680554000000250e-01,8.008112683308654667e-01
3.782845553999999999e-01,8.007972690727026555e-01
3.782900552999999833e-01,8.007926031293026714e-01
3.783175532999999979e-01,8.007692705595217397e-01
3.784495159999999858e-01,8.006572941270605481e-01
3.784605108999999912e-01,8.006479635530718841e-01
3.784660081999999814e-01,8.006432998917579758e-01
3.784879964999999791e-01,8.006246386021764749e-01
3.785099835999999884e-01,8.006059786693150437e-01
3.785264730999999827e-01,8.005919867332491613e-01
3.785374656000000115e-01,8.005826555444224280e-01
3.785484579000000238e-01,8.005733268991831464e-01
3.785814328000000062e-01,8.005453425456683370e-01
3.785979191000000132e-01,8.005313491503120993e-01
3.786144048000000262e-01,8.005173564774163975e-01
3.786253948000000147e-01,8.005080297540155820e-01
3.786638574000000257e-01,8.004753844447962674e-01
3.787078098000000170e-01,8.004380768607932684e-01
3.787297841000000220e-01,8.004194250259826227e-01
3.787956994000000188e-01,8.003634719044014911e-01
3.788121764999999863e-01,8.003494835459338264e-01
3.788451284000000086e-01,8.003215102215540666e-01
3.788616032000000078e-01,8.003075250818244557e-01
3.788835685999999980e-01,8.002888759319687351e-01
3.789055328000000000e-01,8.002702298343550291e-01
3.789714175000000185e-01,8.002142936579218491e-01
3.789769072999999988e-01,8.002096327302302692e-01
3.789878869000000150e-01,8.002003100596853935e-01
3.790208234999999926e-01,8.001723427320436288e-01
3.790372906999999736e-01,8.001583617716203634e-01
3.790757115000000232e-01,8.001257382747000158e-01
3.791031524999999847e-01,8.001024360551409753e-01
3.791251038999999823e-01,8.000837963908320472e-01
3.791690028999999962e-01,8.000465194013737236e-01
3.791909505000000125e-01,8.000278795088318073e-01
3.792512997999999969e-01,7.999766270992387796e-01
3.792732426000000046e-01,7.999579926942916863e-01
3.792842135000000225e-01,7.999486746986367303e-01
3.793171243999999831e-01,7.999207236277550148e-01
3.793280941000000128e-01,7.999114070842134883e-01
3.793664854000000086e-01,7.998787984016229036e-01
3.793719696000000252e-01,7.998741416124431902e-01
3.793884215000000171e-01,7.998601650617928049e-01
3.794158400000000042e-01,7.998368773914462659e-01
3.794268068000000160e-01,7.998275630618850718e-01
3.794322900000000054e-01,7.998229041201673217e-01
3.794487394000000124e-01,7.998089317167731416e-01
3.794761535000000241e-01,7.997856446504860717e-01
3.794980833000000109e-01,7.997670155010413451e-01
3.795035654999999730e-01,7.997623585042697991e-01
3.795145298000000000e-01,7.997530451413654706e-01
3.795200118000000011e-01,7.997483873957040856e-01
3.795638651000000086e-01,7.997111340114125833e-01
3.795803087999999881e-01,7.996971637096272900e-01
3.795857899000000257e-01,7.996925073252203475e-01
3.796241551000000269e-01,7.996599142835864038e-01
3.796351158999999864e-01,7.996506004521061195e-01
3.796679963999999852e-01,7.996226661170454664e-01
3.796789559000000036e-01,7.996133549069660562e-01
3.796953946000000135e-01,7.995993874867596274e-01
3.797173117000000042e-01,7.995807645311512335e-01
3.797775774000000104e-01,7.995295583895835057e-01
3.798104454999999824e-01,7.995016305779758525e-01
3.798268785000000203e-01,7.994876645618720357e-01
3.798487879999999928e-01,7.994690464076631420e-01
3.798652194000000093e-01,7.994550843740827473e-01
3.798706962999999770e-01,7.994504315536057337e-01
3.798980799000000186e-01,7.994271585652888978e-01
3.799418896000000267e-01,7.993899284347075751e-01
3.799583168999999816e-01,7.993759683085421841e-01
3.799747434999999895e-01,7.993620087119159834e-01
3.799802188999999997e-01,7.993573542288316958e-01
3.800185442999999830e-01,7.993247819792927977e-01
3.800404427999999890e-01,7.993061686478807326e-01
3.800459172000000274e-01,7.993015171927357887e-01
3.800732882000000257e-01,7.992782523541477335e-01
3.800897098000000085e-01,7.992642952434152459e-01
3.801116042000000084e-01,7.992456850164094684e-01
3.801280242000000253e-01,7.992317287056744934e-01
3.801553892000000268e-01,7.992084658489385651e-01
3.802155854000000001e-01,7.991572974193431600e-01
3.802210572999999982e-01,7.991526447077050843e-01
3.802429441999999882e-01,7.991340395972990063e-01
3.802921848999999965e-01,7.990921804512229887e-01
3.803031264999999772e-01,7.990828784554874220e-01
3.803085970999999788e-01,7.990782258408829497e-01
3.803523595000000146e-01,7.990410208242441081e-01
3.803687689999999955e-01,7.990270690906550177e-01
3.803906474000000038e-01,7.990084671866879429e-01
3.804234624999999759e-01,7.989805674095423749e-01
3.804398689999999861e-01,7.989666176159087030e-01
3.804617432999999882e-01,7.989480193024866006e-01
3.804672116000000215e-01,7.989433700629132717e-01
3.805000202000000109e-01,7.989154735196259960e-01
3.805109556999999865e-01,7.989061730965765218e-01
3.805492276999999923e-01,7.988736304035860547e-01
3.805546947999999818e-01,7.988689802899288095e-01
3.805710956999999728e-01,7.988550336162093535e-01
3.805984287999999993e-01,7.988317905413340192e-01
3.806312260999999975e-01,7.988038984401506504e-01
3.806366919999999987e-01,7.987992510755683728e-01
3.806530893000000249e-01,7.987853063920178354e-01
3.806585549000000013e-01,7.987806579185955380e-01
3.807022769999999778e-01,7.987434738271443901e-01
3.807296008000000120e-01,7.987202341235022374e-01
3.807678507999999740e-01,7.986877020818684558e-01
3.808060969000000018e-01,7.986551714967774496e-01
3.808115603000000182e-01,7.986505245729120794e-01
3.808170236999999791e-01,7.986458787029145912e-01
3.808279500999999789e-01,7.986365863054035730e-01
3.808498021000000233e-01,7.986179966496416149e-01
3.808607276000000041e-01,7.986087046361414199e-01
3.809044265000000040e-01,7.985715324860926945e-01
3.809645043000000064e-01,7.985204275369900406e-01
3.809808874999999762e-01,7.985064894492421850e-01
3.810081912000000126e-01,7.984832619607308279e-01
3.810245725999999999e-01,7.984693263431745791e-01
3.810518732000000020e-01,7.984460987000903121e-01
3.810737122999999782e-01,7.984275179376322251e-01
3.810791719000000133e-01,7.984228729183372453e-01
3.810900908000000031e-01,7.984135843331645610e-01
3.810955502000000217e-01,7.984089396851560272e-01
3.811610563000000229e-01,7.983532051305712862e-01
3.811992629000000021e-01,7.983206961549323966e-01
3.812483802000000144e-01,7.982789023039480458e-01
3.812702079999999993e-01,7.982603285061944387e-01
3.813356841000000164e-01,7.982046095029023958e-01
3.813411399000000146e-01,7.981999655883854627e-01
3.813520512999999945e-01,7.981906805544780603e-01
3.813575068999999762e-01,7.981860368641386927e-01
3.813738731999999909e-01,7.981721092362614733e-01
3.813847837000000074e-01,7.981628258565747203e-01
3.814011488999999866e-01,7.981488981143421979e-01
3.814229679999999734e-01,7.981303275753736104e-01
3.814393314999999784e-01,7.981164003785586880e-01
3.814666024000000211e-01,7.980931911440914961e-01
3.814720563999999814e-01,7.980885493541771680e-01
3.814884177999999793e-01,7.980746247101279112e-01
3.815047784999999747e-01,7.980606972539964206e-01
3.815156853000000181e-01,7.980514166832656242e-01
3.815320448000000253e-01,7.980374910552436862e-01
3.815484035999999746e-01,7.980235665946042722e-01
3.815538564000000021e-01,7.980189256480816340e-01
3.816029280000000079e-01,7.979771572115329503e-01
3.816138318999999779e-01,7.979678745349686464e-01
3.816410903999999937e-01,7.979446713543890679e-01
3.816628958000000127e-01,7.979261088055676909e-01
3.816846998999999796e-01,7.979075475811052698e-01
3.816901508000000165e-01,7.979029069872591862e-01
3.817010522000000017e-01,7.978936278451812525e-01
3.817283045000000041e-01,7.978704266249654342e-01
3.817337546999999831e-01,7.978657881864128498e-01
3.818154986000000251e-01,7.977961938739950298e-01
3.818372939999999938e-01,7.977776375415027710e-01
3.818754329999999864e-01,7.977451633021712674e-01
3.818972250000000068e-01,7.977266092101860107e-01
3.819081206000000117e-01,7.977173327275903780e-01
3.819244633000000166e-01,7.977034162222119695e-01
3.819625936000000110e-01,7.976709496957593570e-01
3.819898272000000206e-01,7.976477590814118335e-01
3.819952736000000182e-01,7.976431222512925245e-01
3.820116125999999945e-01,7.976292093938083250e-01
3.820279509000000240e-01,7.976152953267937606e-01
3.820333968999999885e-01,7.976106564760000461e-01
3.820715163000000247e-01,7.975781958772600877e-01
3.820769615999999869e-01,7.975735593519338584e-01
3.820824067999999962e-01,7.975689203569188424e-01
3.821205214000000239e-01,7.975364627992804767e-01
3.821259659999999836e-01,7.975318250791924024e-01
3.822021825999999955e-01,7.974669139097850801e-01
3.822511708999999924e-01,7.974251886107608378e-01
3.822566136000000170e-01,7.974205527188983345e-01
3.822729415000000186e-01,7.974066441900536928e-01
3.823001529000000231e-01,7.973834667968113799e-01
3.823164788999999786e-01,7.973695612843864078e-01
3.823382457000000234e-01,7.973510188285821698e-01
3.823763347999999951e-01,7.973185733220556903e-01
3.823817756999999817e-01,7.973139386478272916e-01
3.823872166000000239e-01,7.973093061172927820e-01
3.824035389000000063e-01,7.972954003008837498e-01
3.824307411000000267e-01,7.972722269968247621e-01
3.824470614000000102e-01,7.972583249908977709e-01
3.824633810999999994e-01,7.972444213232745547e-01
3.824688209000000061e-01,7.972397857656301490e-01
3.825177750000000043e-01,7.971980816431657457e-01
3.825340917000000229e-01,7.971841796497421972e-01
3.825612845999999956e-01,7.971610120870361582e-01
3.825721611999999827e-01,7.971517460192409921e-01
3.825775994000000235e-01,7.971471109551706569e-01
3.825939134999999935e-01,7.971332116269259638e-01
3.825993514000000095e-01,7.971285782973104306e-01
3.826482889000000220e-01,7.970868812209059850e-01
3.826917836000000017e-01,7.970498213995392822e-01
3.827080928000000104e-01,7.970359216343803066e-01
3.827298373999999948e-01,7.970173939971247901e-01
3.827461449999999821e-01,7.970034964823038415e-01
3.827733228999999904e-01,7.969803378630804236e-01
3.828222380999999896e-01,7.969386520235656191e-01
3.828385417999999873e-01,7.969247595949123797e-01
3.828602789000000173e-01,7.969062336810067704e-01
3.829417822999999776e-01,7.968367701482459431e-01
3.829906759999999744e-01,7.967950977079978347e-01
3.830124046000000226e-01,7.967765776006083822e-01
3.830341319000000189e-01,7.967580557743582093e-01
3.830395635000000132e-01,7.967534273597436378e-01
3.830558579000000186e-01,7.967395378789648985e-01
3.830993064000000059e-01,7.967025011061263928e-01
3.831155983000000265e-01,7.966886153546729465e-01
3.831590398999999980e-01,7.966515814940793305e-01
3.831644698000000182e-01,7.966469521757492123e-01
3.831807588999999736e-01,7.966330670672847614e-01
3.831861885000000245e-01,7.966284376444693338e-01
3.832133350999999966e-01,7.966052949121281701e-01
3.832296221000000003e-01,7.965914100186930469e-01
3.832567655999999934e-01,7.965682684436556915e-01
3.832676225000000159e-01,7.965590128145489945e-01
3.833436120000000003e-01,7.964942253747371304e-01
3.833544663999999824e-01,7.964849700631604357e-01
3.833598934999999930e-01,7.964803422146136125e-01
3.834033075000000124e-01,7.964433250579783241e-01
3.834304386999999870e-01,7.964201907467417518e-01
3.834412906999999926e-01,7.964109372128729269e-01
3.834467166000000149e-01,7.964063100719035448e-01
3.834738447000000106e-01,7.963831784211138354e-01
3.835063960000000272e-01,7.963554210409745648e-01
3.835118209000000222e-01,7.963507936311277069e-01
3.835280952999999826e-01,7.963369166000620059e-01
3.835552177000000063e-01,7.963137869910734690e-01
3.835931858000000139e-01,7.962814058019829222e-01
3.835986095999999734e-01,7.962767794791032472e-01
3.836040332000000275e-01,7.962721556014109581e-01
3.836365734000000138e-01,7.962444022062176163e-01
3.836419965000000265e-01,7.962397792197021262e-01
3.836853785000000072e-01,7.962027779131730654e-01
3.836908010000000258e-01,7.961981519520067163e-01
3.837016455000000215e-01,7.961889038649342387e-01
3.837070677000000152e-01,7.961842801927252466e-01
3.837341774999999955e-01,7.961611558530424793e-01
3.837721278999999819e-01,7.961287877979769112e-01
3.837883912000000231e-01,7.961149128727420532e-01
3.838154952000000231e-01,7.960917938450028375e-01
3.838371770999999821e-01,7.960732997690440627e-01
3.838534376000000137e-01,7.960594303659508375e-01
3.838642776000000256e-01,7.960501820239289650e-01
3.839455677999999983e-01,7.959808354135158304e-01
3.839509865999999882e-01,7.959762113639191616e-01
3.839618237999999906e-01,7.959669667835335138e-01
3.840105876000000085e-01,7.959253658028763168e-01
3.840485107000000120e-01,7.958930109387906127e-01
3.840755963999999967e-01,7.958698996884439048e-01
3.840810132999999960e-01,7.958652780867814247e-01
3.840972635000000079e-01,7.958514144398627366e-01
3.841135131000000258e-01,7.958375494100338177e-01
3.841243456999999806e-01,7.958283051254506635e-01
3.841351780999999743e-01,7.958190624639286392e-01
3.841405941000000102e-01,7.958144412299713588e-01
3.841622576000000011e-01,7.957959569351946705e-01
3.842109959000000186e-01,7.957543671573409361e-01
3.842218258000000275e-01,7.957451254213671055e-01
3.842272406999999723e-01,7.957405052130562817e-01
3.842543137000000164e-01,7.957174029370327473e-01
3.842867989000000040e-01,7.956896830287814026e-01
3.843301081000000119e-01,7.956527216649752487e-01
3.843409346000000171e-01,7.956434833162239206e-01
3.843842377999999727e-01,7.956065244956079807e-01
3.844004751999999803e-01,7.955926663037595770e-01
3.844221239999999762e-01,7.955741911356454255e-01
3.844275360000000141e-01,7.955695722301114881e-01
3.844654180000000032e-01,7.955372398828156610e-01
3.844708293999999915e-01,7.955326205349044777e-01
3.844870631999999788e-01,7.955187640663774484e-01
3.845032963000000192e-01,7.955049087130061647e-01
3.845303499000000125e-01,7.954818152065610271e-01
3.845465811000000067e-01,7.954679622490510305e-01
3.845519914000000150e-01,7.954633444927213803e-01
3.845682216999999903e-01,7.954494894423935758e-01
3.845952706999999915e-01,7.954264002639014342e-01
3.846439542000000267e-01,7.953848416696753798e-01
3.846601807000000206e-01,7.953709906352484094e-01
3.847250796000000195e-01,7.953155864365387684e-01
3.847304873999999875e-01,7.953109680907710644e-01
3.847413027000000096e-01,7.953017339842547440e-01
3.847467102000000083e-01,7.952971174204072069e-01
3.847737466999999745e-01,7.952740344735750311e-01
3.848548446999999761e-01,7.952047931301735595e-01
3.848602506000000090e-01,7.952001790663609793e-01
3.848764680000000271e-01,7.951863304924510212e-01
3.848926845999999791e-01,7.951724850905551589e-01
3.849197108999999895e-01,7.951494083365143739e-01
3.849845660999999808e-01,7.950940272359041661e-01
3.850007782000000045e-01,7.950801835006410245e-01
3.850223931999999794e-01,7.950617253410255936e-01
3.850710226999999874e-01,7.950201968607297776e-01
3.851142437000000252e-01,7.949832849705033011e-01
3.851358523999999783e-01,7.949648300242875276e-01
3.851520581000000276e-01,7.949509883520698983e-01
3.851574598999999988e-01,7.949463755616212879e-01
3.851790661000000227e-01,7.949279223332704758e-01
3.851952699999999785e-01,7.949140823710800774e-01
3.852006712000000110e-01,7.949094685091951940e-01
3.852492780999999811e-01,7.948679528651863002e-01
3.852600788000000165e-01,7.948587286431110233e-01
3.852654790999999745e-01,7.948541152585939518e-01
3.852924790999999738e-01,7.948310519687826758e-01
3.853086782999999849e-01,7.948172164682028029e-01
3.853518725999999783e-01,7.947803187922112267e-01
3.853734679999999968e-01,7.947618707805943483e-01
3.854220532000000032e-01,7.947203682554376813e-01
3.854598374000000049e-01,7.946880886870134608e-01
3.855192050999999842e-01,7.946373675899548461e-01
3.855461874000000178e-01,7.946143175003294035e-01
3.855515836000000252e-01,7.946097059874748236e-01
3.855677718000000143e-01,7.945958749678294630e-01
3.855893550999999753e-01,7.945774325848966591e-01
3.855947506999999885e-01,7.945728239741390864e-01
3.856055418000000068e-01,7.945636031231695373e-01
3.856325179999999797e-01,7.945405551359967511e-01
3.856702815999999978e-01,7.945082882502678689e-01
3.856810705000000006e-01,7.944990692620909067e-01
3.857134354999999792e-01,7.944714129593201113e-01
3.857188294000000184e-01,7.944668044793722350e-01
3.857404041999999977e-01,7.944483672562107079e-01
3.857673710000000256e-01,7.944253234094464933e-01
3.857781572000000270e-01,7.944161061154975112e-01
3.858105139999999933e-01,7.943884545844567269e-01
3.858644359999999773e-01,7.943423722801181697e-01
3.858913941000000070e-01,7.943193334423006569e-01
3.858967855000000058e-01,7.943147255394971129e-01
3.859129593000000247e-01,7.943009016329671823e-01
3.859291323999999856e-01,7.942870806421943319e-01
3.859345231999999903e-01,7.942824724946246917e-01
3.859560859999999760e-01,7.942640417677988562e-01
3.859776475000000207e-01,7.942456133054113243e-01
3.859830376999999757e-01,7.942410076245571826e-01
3.860207669999999869e-01,7.942087586548153277e-01
3.860261566000000033e-01,7.942041521894791511e-01
3.860584926000000250e-01,7.941765111523848564e-01
3.860692707000000223e-01,7.941672995255434353e-01
3.860854371999999923e-01,7.941534815233738387e-01
3.861069914999999964e-01,7.941350553697058556e-01
3.861231565000000088e-01,7.941212376388252503e-01
3.861716472999999761e-01,7.940797846938937310e-01
3.861985840000000114e-01,7.940567590918080620e-01
3.862309056000000074e-01,7.940291253126572357e-01
3.862847688000000113e-01,7.939830765266642221e-01
3.863224686000000241e-01,7.939508445596674679e-01
3.863440096999999906e-01,7.939324282175594938e-01
3.863655496000000245e-01,7.939140103685824457e-01
3.863709343999999768e-01,7.939094056050596260e-01
3.863817037999999759e-01,7.939001982688730363e-01
3.864086258000000162e-01,7.938771793863828030e-01
3.864301620999999742e-01,7.938587636722732599e-01
3.864570808000000190e-01,7.938357464420399134e-01
3.864678476999999779e-01,7.938265407467948176e-01
3.864947637999999741e-01,7.938035241726790758e-01
3.865162952999999790e-01,7.937851114802226826e-01
3.865432079000000187e-01,7.937620972645016426e-01
3.865593547000000241e-01,7.937482887954944166e-01
3.865755007000000187e-01,7.937344802971503244e-01
3.865862642999999821e-01,7.937252754056451920e-01
3.866024091999999968e-01,7.937114710826678188e-01
3.866185535000000173e-01,7.936976630231447061e-01
3.866239347000000048e-01,7.936930602065610518e-01
3.866723626999999941e-01,7.936516434992290092e-01
3.866885039999999885e-01,7.936378391964155066e-01
3.867476831000000170e-01,7.935872219974806629e-01
3.867584419000000273e-01,7.935780224553381501e-01
3.867960956000000006e-01,7.935458141504709850e-01
3.868014744000000116e-01,7.935412138689106332e-01
3.868122317000000088e-01,7.935320116983313188e-01
3.868176103000000032e-01,7.935274109901606643e-01
3.868445019999999790e-01,7.935044079166414521e-01
3.868606360999999882e-01,7.934906085875900184e-01
3.868767696000000034e-01,7.934768070970638076e-01
3.868821472000000261e-01,7.934722086413262820e-01
3.868982798000000223e-01,7.934584080523080507e-01
3.869251658999999788e-01,7.934354091440833923e-01
3.869305429000000074e-01,7.934308073181881582e-01
3.869628032999999911e-01,7.934032095625540570e-01
3.869896849000000194e-01,7.933802134172149856e-01
3.870111889000000249e-01,7.933618176799809296e-01
3.870488179000000084e-01,7.933296234524778168e-01
3.870703186000000184e-01,7.933112279039340464e-01
3.870971926999999813e-01,7.932882347266102530e-01
3.871025672999999778e-01,7.932836377473708733e-01
3.871186906999999899e-01,7.932698423440639468e-01
3.871401875000000103e-01,7.932514497436515821e-01
3.871563093000000011e-01,7.932376557991327459e-01
3.871885508999999836e-01,7.932100670799457909e-01
3.872476535000000109e-01,7.931594944385643720e-01
3.872637708000000178e-01,7.931457039567146872e-01
3.872906314999999822e-01,7.931227187840019788e-01
3.873282333999999993e-01,7.930905407395703044e-01
3.873604607000000200e-01,7.930629626446016323e-01
3.873765733000000266e-01,7.930491718416776692e-01
3.873980557999999741e-01,7.930307874051597539e-01
3.874410172000000152e-01,7.929940211282461293e-01
3.874463870000000032e-01,7.929894239364461139e-01
3.874893429999999861e-01,7.929526607493497803e-01
3.875322942000000159e-01,7.929158977939689823e-01
3.875698726999999844e-01,7.928837318473027640e-01
3.875752406999999899e-01,7.928791369927566945e-01
3.875859765999999929e-01,7.928699482590075842e-01
3.875913443999999819e-01,7.928653545976289685e-01
3.876074474000000269e-01,7.928515715966323318e-01
3.876342843000000205e-01,7.928285995645727446e-01
3.876503855999999804e-01,7.928148144264434150e-01
3.876718529000000024e-01,7.927964404627606543e-01
3.876772195000000032e-01,7.927918460270818590e-01
3.876986853000000122e-01,7.927734703512159253e-01
3.877040515999999881e-01,7.927688748850031386e-01
3.877201498999999774e-01,7.927550946748014304e-01
3.877362475999999725e-01,7.927413150764933691e-01
3.877469789999999916e-01,7.927321265849998078e-01
3.877791715000000194e-01,7.927045685184536117e-01
3.877845367000000154e-01,7.926999742476275035e-01
3.878274552000000042e-01,7.926632297887719059e-01
3.878489126999999925e-01,7.926448602339217775e-01
3.878757328999999920e-01,7.926218952587722466e-01
3.879079147000000227e-01,7.925943430908815035e-01
3.879132779999999725e-01,7.925897513778615844e-01
3.879186412999999778e-01,7.925851596847856007e-01
3.879293677000000273e-01,7.925759756755599295e-01
3.879615450000000187e-01,7.925484225360344137e-01
3.879776327000000191e-01,7.925346474945026420e-01
3.880044440000000039e-01,7.925116889215053639e-01
3.880205299000000219e-01,7.924979159304177401e-01
3.880419767000000131e-01,7.924795508861041116e-01
3.880634223000000160e-01,7.924611855138856686e-01
3.880848666999999752e-01,7.924428227569088046e-01
3.880902276000000040e-01,7.924382333755352059e-01
3.881009492999999977e-01,7.924290517987170324e-01
3.881223916000000052e-01,7.924106881182058082e-01
3.881491928999999952e-01,7.923877360828457395e-01
3.881706326000000096e-01,7.923693744409039397e-01
3.882135085000000263e-01,7.923326543807522881e-01
3.882349446000000204e-01,7.923142964750389261e-01
3.882778132999999965e-01,7.922775806450909064e-01
3.883421075999999861e-01,7.922225102487892023e-01
3.883474648999999945e-01,7.922179232493982148e-01
3.883581795000000114e-01,7.922087458269225779e-01
3.883903213000000076e-01,7.921812138493827815e-01
3.884278166999999837e-01,7.921490954242579319e-01
3.884438849999999888e-01,7.921353310576938478e-01
3.884706640999999738e-01,7.921123914987965309e-01
3.884760197000000082e-01,7.921078041128273295e-01
3.884920861000000225e-01,7.920940420229026779e-01
3.885349263999999803e-01,7.920573415578188170e-01
3.886205930000000142e-01,7.919839471923330043e-01
3.886366533000000234e-01,7.919701891853673237e-01
3.886420066999999867e-01,7.919656026301188367e-01
3.886473598999999890e-01,7.919610163071583164e-01
3.886794778000000061e-01,7.919334963636991409e-01
3.886848305000000225e-01,7.919289114182890277e-01
3.886901830999999752e-01,7.919243243213336392e-01
3.887008881999999832e-01,7.919151530348813584e-01
3.887276496000000026e-01,7.918922223089062129e-01
3.887865181999999864e-01,7.918417810070119689e-01
3.887918693999999897e-01,7.918371958735335170e-01
3.888132737000000172e-01,7.918188544007868090e-01
3.888614288999999724e-01,7.917775911308959635e-01
3.888774792999999952e-01,7.917638366742595357e-01
3.889042286000000126e-01,7.917409130176420451e-01
3.889416743999999926e-01,7.917088220159325118e-01
3.889577215000000199e-01,7.916950712398426182e-01
3.889791167000000160e-01,7.916767346615635192e-01
3.889844653000000263e-01,7.916721499445472654e-01
3.889898137999999728e-01,7.916675653109360722e-01
3.890219033999999798e-01,7.916400655141306864e-01
3.890272513999999959e-01,7.916354811788673951e-01
3.890325993000000038e-01,7.916308969856536981e-01
3.890486427000000025e-01,7.916171475745036323e-01
3.891341960999999960e-01,7.915438198891369126e-01
3.891502352999999803e-01,7.915300699901767212e-01
3.891769657999999965e-01,7.915071589969169263e-01
3.891983487999999825e-01,7.914888284167485022e-01
3.892197306999999884e-01,7.914705003467532585e-01
3.892624909999999883e-01,7.914338456348309903e-01
3.892785248000000253e-01,7.914200997712683705e-01
3.893212785999999870e-01,7.913834493920930413e-01
3.893693710999999724e-01,7.913422208385184620e-01
3.893747142999999800e-01,7.913376396623043041e-01
3.893854004999999785e-01,7.913284762048080623e-01
3.894121148999999948e-01,7.913055733047824614e-01
3.894334850000000237e-01,7.912872518545620570e-01
3.894601960999999890e-01,7.912643510663147639e-01
3.894708800000000193e-01,7.912551897484009222e-01
3.894975883999999833e-01,7.912322911682238002e-01
3.895029299000000167e-01,7.912277092272108625e-01
3.895189539000000201e-01,7.912139725788754907e-01
3.895456590999999968e-01,7.911910727915686392e-01
3.895563405999999951e-01,7.911819128155066494e-01
3.895616813000000178e-01,7.911773343619548093e-01
3.895830431999999788e-01,7.911590172459419534e-01
3.896257636000000080e-01,7.911223864744403311e-01
3.896311033000000035e-01,7.911178061545108831e-01
3.896471220000000124e-01,7.911040699285630806e-01
3.896631401000000272e-01,7.910903342580047903e-01
3.896738183999999827e-01,7.910811768772380015e-01
3.896898354000000175e-01,7.910674399484503017e-01
3.897058516999999944e-01,7.910537065332851059e-01
3.897111903000000099e-01,7.910491293979154959e-01
3.897272057000000234e-01,7.910353935108284107e-01
3.897538965999999827e-01,7.910125037223664224e-01
3.897592346000000041e-01,7.910079269402049418e-01
3.897965983000000190e-01,7.909758815289482659e-01
3.898019356999999907e-01,7.909713044927604297e-01
3.898179473000000228e-01,7.909575715939251017e-01
3.898446320000000243e-01,7.909346835930090025e-01
3.898819875000000268e-01,7.909026463169201993e-01
3.898873237000000103e-01,7.908980685784943176e-01
3.898979959000000162e-01,7.908889158595058255e-01
3.899300108000000042e-01,7.908614543799064034e-01
3.899460171999999947e-01,7.908477268480456068e-01
3.899673580999999944e-01,7.908294202666685813e-01
3.899833630000000273e-01,7.908156902582397230e-01
3.900153707999999830e-01,7.907882354829870453e-01
3.900473760000000012e-01,7.907607807652700105e-01
3.900580437999999761e-01,7.907516311450661917e-01
3.900953789000000116e-01,7.907196020188842489e-01
3.901433758000000251e-01,7.906784249380712781e-01
3.901593735000000174e-01,7.906647021754881210e-01
3.901753705000000072e-01,7.906509783951237713e-01
3.902660078999999893e-01,7.905732140483515691e-01
3.902713387999999783e-01,7.905686421821978005e-01
3.902873312999999844e-01,7.905549196792931443e-01
3.903246443999999760e-01,7.905229024803432925e-01
3.903726131999999960e-01,7.904817451099422909e-01
3.903939307000000025e-01,7.904634522821195608e-01
3.903992599000000174e-01,7.904588797755024432e-01
3.904099180999999752e-01,7.904497322651371505e-01
3.904152470999999736e-01,7.904451617622088033e-01
3.904418909999999854e-01,7.904222961065922037e-01
3.904578764000000146e-01,7.904085791131164607e-01
3.904738611999999942e-01,7.903948626804339073e-01
3.904951731999999898e-01,7.903765728582806682e-01
3.905164841000000053e-01,7.903582840966021372e-01
3.905271390999999759e-01,7.903491413733515492e-01
3.905431209999999931e-01,7.903354252017004145e-01
3.905644293000000156e-01,7.903171375066954107e-01
3.905697562000000067e-01,7.903125670200803476e-01
3.905857363999999943e-01,7.902988515169387940e-01
3.906070422999999847e-01,7.902805672747975629e-01
3.906656276000000094e-01,7.902302855610697785e-01
3.906709530999999958e-01,7.902257155801215571e-01
3.906975795000000029e-01,7.902028618255724224e-01
3.907295288000000033e-01,7.901754372252423053e-01
3.907508269000000145e-01,7.901571553850222918e-01
3.907774478000000107e-01,7.901343054951240896e-01
3.908253609999999822e-01,7.900931794737663383e-01
3.908413307999999975e-01,7.900794693144148617e-01
3.908572999000000103e-01,7.900657609958774419e-01
3.908626228000000036e-01,7.900611928552491170e-01
3.909052033000000037e-01,7.900246371385972743e-01
3.909211697000000152e-01,7.900109321833064246e-01
3.909264917999999978e-01,7.900063626940569961e-01
3.909531008000000085e-01,7.899835189344616149e-01
3.909690652999999738e-01,7.899698133373689313e-01
3.909903503000000113e-01,7.899515401270512660e-01
3.909956714000000222e-01,7.899469711949389517e-01
3.910329169000000271e-01,7.899149944101027110e-01
3.910541985000000054e-01,7.898967217729491175e-01
3.910701589000000200e-01,7.898830194445457531e-01
3.910914383999999910e-01,7.898647492240549184e-01
3.911180362000000188e-01,7.898419103255408524e-01
3.911659075999999735e-01,7.898008075266903516e-01
3.911765448999999784e-01,7.897916733564988023e-01
3.911978186999999774e-01,7.897734073954491008e-01
3.912244092000000117e-01,7.897505716321383540e-01
3.912616328999999893e-01,7.897186082256999473e-01
3.912882191000000009e-01,7.896957764868171026e-01
3.912935362000000139e-01,7.896912105587089448e-01
3.913360698000000193e-01,7.896546852766596070e-01
3.913520187000000261e-01,7.896409885178100607e-01
3.913732829000000080e-01,7.896227261589117141e-01
3.913785987000000244e-01,7.896181615155705158e-01
3.914211230999999902e-01,7.895816401545524554e-01
3.914370684999999850e-01,7.895679445504321103e-01
3.914636428000000112e-01,7.895451218642591806e-01
3.914795864999999764e-01,7.895314275741216470e-01
3.915008437999999980e-01,7.895131681006383184e-01
3.915167860000000055e-01,7.894994755383448748e-01
3.915220998999999757e-01,7.894949120512630980e-01
3.915486684000000217e-01,7.894720915354006552e-01
3.915646085999999748e-01,7.894583995289202738e-01
3.916071127999999901e-01,7.894218898566309761e-01
3.916283630999999876e-01,7.894036364649583692e-01
3.916655485000000159e-01,7.893716948396862776e-01
3.916708603999999871e-01,7.893671302693543446e-01
3.916761722000000057e-01,7.893625670946072814e-01
3.916867956000000262e-01,7.893534420464196621e-01
3.917133529999999864e-01,7.893306275098611602e-01
3.917345976000000118e-01,7.893123775740198411e-01
3.917505302000000023e-01,7.892986890998452409e-01
3.917558409999999935e-01,7.892941274681219976e-01
3.917717727999999733e-01,7.892804406842570675e-01
3.917983244000000087e-01,7.892576293970420265e-01
3.918354935999999733e-01,7.892256942007870313e-01
3.918567314999999995e-01,7.892074484954358926e-01
3.918620407999999777e-01,7.892028852127909166e-01
3.918832772999999992e-01,7.891846409552938368e-01
3.919257468999999827e-01,7.891481519477505646e-01
3.919310552999999975e-01,7.891435887689436379e-01
3.919735196999999949e-01,7.891071036635763924e-01
3.920053649999999945e-01,7.890797401867057914e-01
3.920106722999999738e-01,7.890751789714747222e-01
3.920743541999999748e-01,7.890204557412231479e-01
3.920902730999999974e-01,7.890067773837569076e-01
3.920955791999999884e-01,7.890022168078028031e-01
3.921008852999999794e-01,7.889976569181642585e-01
3.921433313000000087e-01,7.889611802516669492e-01
3.921857726999999905e-01,7.889247050758526614e-01
3.921963822999999794e-01,7.889155896913379040e-01
3.922016870000000210e-01,7.889110295802527206e-01
3.922176007000000020e-01,7.888973529943255070e-01
3.922282094999999802e-01,7.888882347155747876e-01
3.922441220999999811e-01,7.888745580936606938e-01
3.922812491000000068e-01,7.888426492023085101e-01
3.923077661000000105e-01,7.888198582350586241e-01
3.923130692999999836e-01,7.888153005870660595e-01
3.923448870999999838e-01,7.887879523827275863e-01
3.923554924000000055e-01,7.887788365913493971e-01
3.923713998000000203e-01,7.887651645244880827e-01
3.923873066999999937e-01,7.887514907780892592e-01
3.924297217000000115e-01,7.887150336201292911e-01
3.924403247000000095e-01,7.887059178496835798e-01
3.924562287000000205e-01,7.886922468135533215e-01
3.924774330999999949e-01,7.886740202408015765e-01
3.924986362999999812e-01,7.886557910545161088e-01
3.925145379000000156e-01,7.886421218353830698e-01
3.925198383999999874e-01,7.886375659973624552e-01
3.925251386999999981e-01,7.886330086762136649e-01
3.925357392000000112e-01,7.886238953976185684e-01
3.925622389999999795e-01,7.886011153609856494e-01
3.925675388000000043e-01,7.885965598310913371e-01
3.926099343000000186e-01,7.885601101144656955e-01
3.926470267000000125e-01,7.885282209767884298e-01
3.926894135999999813e-01,7.884917805374179745e-01
3.927053075999999976e-01,7.884781138350681617e-01
3.927106054000000235e-01,7.884735600430253788e-01
3.927264985000000208e-01,7.884598927774172372e-01
3.928218433999999815e-01,7.883779127575063495e-01
3.928377318999999868e-01,7.883642501469205754e-01
3.928589156999999776e-01,7.883460355223331772e-01
3.928642115000000046e-01,7.883414805845009310e-01
3.928800982999999802e-01,7.883278198316812091e-01
3.928959845000000173e-01,7.883141592954689969e-01
3.929012798000000029e-01,7.883096041597492665e-01
3.929065749999999801e-01,7.883050502572856999e-01
3.929436392999999805e-01,7.882731776898086462e-01
3.929489339000000192e-01,7.882686261160138930e-01
3.929595229999999773e-01,7.882595195328692128e-01
3.930071700000000168e-01,7.882185427594393667e-01
3.930230511000000204e-01,7.882048845304894247e-01
3.930442249000000166e-01,7.881866756466315849e-01
3.931342006999999916e-01,7.881092888017331433e-01
3.931977005999999775e-01,7.880546717995688955e-01
3.932029918000000124e-01,7.880501192337849847e-01
3.932188649000000202e-01,7.880364668299223441e-01
3.932347374999999867e-01,7.880228132760478399e-01
3.932400281000000275e-01,7.880182628889002006e-01
3.932453188000000210e-01,7.880137110599326755e-01
3.932611901999999993e-01,7.880000597758048952e-01
3.932982211000000117e-01,7.879682039630211410e-01
3.933299591000000150e-01,7.879409031120078177e-01
3.933458271999999978e-01,7.879272521520246375e-01
3.933722725000000087e-01,7.879045025303448302e-01
3.933828501000000144e-01,7.878954044262526102e-01
3.933881388000000090e-01,7.878908544125493574e-01
3.934040045000000152e-01,7.878772027957023916e-01
3.934092928999999850e-01,7.878726544445262547e-01
3.934304458999999810e-01,7.878544571910621741e-01
3.934515976999999887e-01,7.878362577757557217e-01
3.934991851999999901e-01,7.877953176316345729e-01
3.935361936999999810e-01,7.877634758063476461e-01
3.935520533999999904e-01,7.877498307172920988e-01
3.935784849000000252e-01,7.877270885467435590e-01
3.936260569999999737e-01,7.876861540399444639e-01
3.936683384999999924e-01,7.876497743686871056e-01
3.937053311000000000e-01,7.876179412581632011e-01
3.937106155000000274e-01,7.876133942056792181e-01
3.937264682000000127e-01,7.875997537867377440e-01
3.937423201999999955e-01,7.875861121970774148e-01
3.937528879000000148e-01,7.875770178109363640e-01
3.937845891999999792e-01,7.875497363925473282e-01
3.937898725999999794e-01,7.875451895607054054e-01
3.938110051000000000e-01,7.875270020934787008e-01
3.938321364999999852e-01,7.875088184671737990e-01
3.938374190999999747e-01,7.875042728324518349e-01
3.938532666999999821e-01,7.874906312702918409e-01
3.938691136999999953e-01,7.874769941872499235e-01
3.938955237999999803e-01,7.874542649212727952e-01
3.939166506999999817e-01,7.874360803110626028e-01
3.939641819999999961e-01,7.873951727567271019e-01
3.939747437000000185e-01,7.873860818602774758e-01
3.940011467999999795e-01,7.873633562505841788e-01
3.940222680000000088e-01,7.873451765520245171e-01
3.940433879999999944e-01,7.873269989554245729e-01
3.940856247999999784e-01,7.872906423208467785e-01
3.940909040000000196e-01,7.872860982047480416e-01
3.941067414000000158e-01,7.872724639858985629e-01
3.941225782000000177e-01,7.872588313748719591e-01
3.941331357000000257e-01,7.872497438126263569e-01
3.941436929000000089e-01,7.872406551144180975e-01
3.941489713999999922e-01,7.872361115416809385e-01
3.941700846000000258e-01,7.872179373166852123e-01
3.941911967999999766e-01,7.871997618326328494e-01
3.942281402999999740e-01,7.871679598885272799e-01
3.942334176000000245e-01,7.871634153492791386e-01
3.942756339999999859e-01,7.871270701495650668e-01
3.942967405000000203e-01,7.871089002969698933e-01
3.943125695999999958e-01,7.870952711656657996e-01
3.943389500999999742e-01,7.870725601288682816e-01
3.943442259000000116e-01,7.870680171900039657e-01
3.943758796999999872e-01,7.870407633063966069e-01
3.943811550999999915e-01,7.870362199893484734e-01
3.944022560000000066e-01,7.870180535162792923e-01
3.944180808000000149e-01,7.870044266024676105e-01
3.944233556999999779e-01,7.869998858077751347e-01
3.944655516999999723e-01,7.869635549233596761e-01
3.944813739999999957e-01,7.869499305791699539e-01
3.944866479999999953e-01,7.869453875885563665e-01
3.945130168000000048e-01,7.869226834585834052e-01
3.945288372999999904e-01,7.869090592434589970e-01
3.945499302000000097e-01,7.868908947611833460e-01
3.945710219999999935e-01,7.868727333374433419e-01
3.945973851999999837e-01,7.868500311200491426e-01
3.946395625999999934e-01,7.868137083144937094e-01
3.947133621999999731e-01,7.867501525595711476e-01
3.947186330999999937e-01,7.867456128979657404e-01
3.947239039000000060e-01,7.867410732900849135e-01
3.947397159000000100e-01,7.867274553156019534e-01
3.947976878000000189e-01,7.866775260644859324e-01
3.948082271999999726e-01,7.866684483760608693e-01
3.948187663000000125e-01,7.866593709768926468e-01
3.948661889999999786e-01,7.866185250569812659e-01
3.948925323999999959e-01,7.865958341001322296e-01
3.949241423000000029e-01,7.865686048779721995e-01
3.949294103000000056e-01,7.865640662531613314e-01
3.949504818999999833e-01,7.865459162336592147e-01
3.949715522999999728e-01,7.865277674465633861e-01
3.949926215999999823e-01,7.865096157636760621e-01
3.950189566000000263e-01,7.864869299806065417e-01
3.950347567999999976e-01,7.864733188587454960e-01
3.950505563000000220e-01,7.864597070874105311e-01
3.950558227000000033e-01,7.864551718251281409e-01
3.950716214000000170e-01,7.864415600630850767e-01
3.950926853000000238e-01,7.864234153014751927e-01
3.951032168999999983e-01,7.864143413597396437e-01
3.951190137000000213e-01,7.864007324291316658e-01
3.951453402999999809e-01,7.863780510030667914e-01
3.951821945999999808e-01,7.863462978014096327e-01
3.952243095999999900e-01,7.863100134042078082e-01
3.952295735999999948e-01,7.863054785495436905e-01
3.952401014999999962e-01,7.862964071157151347e-01
3.952611564999999882e-01,7.862782669450542050e-01
3.952716835999999789e-01,7.862691940308901284e-01
3.952874737000000027e-01,7.862555895748438717e-01
3.953085261000000017e-01,7.862374511688368095e-01
3.953243147000000124e-01,7.862238447498910432e-01
3.953506276000000041e-01,7.862011714118420924e-01
3.953979865000000204e-01,7.861603632853959578e-01
3.954137715000000108e-01,7.861467623090313550e-01
3.954348172000000106e-01,7.861286245363641179e-01
3.954716444999999969e-01,7.860968887886072842e-01
3.954769053000000145e-01,7.860923547631508690e-01
3.954821660000000239e-01,7.860878208935074829e-01
3.954926872000000260e-01,7.860787531301304254e-01
3.954979477000000188e-01,7.860742216702214513e-01
3.955189888999999792e-01,7.860560890932511979e-01
3.955242489999999944e-01,7.860515536478392962e-01
3.955663275999999895e-01,7.860152891510056028e-01
3.956084017000000008e-01,7.859790284972586472e-01
3.956241783000000178e-01,7.859654311365666945e-01
3.956662462000000158e-01,7.859291737306648429e-01
3.957083096999999827e-01,7.858929162620493791e-01
3.957293397000000157e-01,7.858747898591372794e-01
3.957451115000000241e-01,7.858611954619479922e-01
3.957503687000000214e-01,7.858566657604311168e-01
3.957661396000000109e-01,7.858430703852582466e-01
3.957924232000000209e-01,7.858204142839407824e-01
3.958081924999999890e-01,7.858068219644948060e-01
3.958134487000000146e-01,7.858022913162149292e-01
3.958292172000000275e-01,7.857886987285396252e-01
3.958554966000000230e-01,7.857660444610972128e-01
3.958765188000000212e-01,7.857479221412524417e-01
3.959027949999999740e-01,7.857252687434351790e-01
3.959343242000000207e-01,7.856980891234188746e-01
3.959395788000000249e-01,7.856935586968438745e-01
3.959816132000000266e-01,7.856573196775006318e-01
3.959973748999999765e-01,7.856437306867910531e-01
3.960026287000000256e-01,7.856392017449538301e-01
3.960288966000000133e-01,7.856165549867134557e-01
3.960446563999999725e-01,7.856029659964244294e-01
3.960814269999999859e-01,7.855712638358082200e-01
3.961076895999999792e-01,7.855486202268482376e-01
3.961129420000000234e-01,7.855440920430293295e-01
3.961444544000000123e-01,7.855169191910739146e-01
3.961549580000000015e-01,7.855078629434978366e-01
3.961707127999999911e-01,7.854942801140932795e-01
3.962337260000000083e-01,7.854399432046175189e-01
3.962494777000000190e-01,7.854263609253325784e-01
3.962547281000000088e-01,7.854218328651633163e-01
3.962704790000000088e-01,7.854082507478226116e-01
3.962809793000000025e-01,7.853991941689382195e-01
3.963177279000000275e-01,7.853675049426556143e-01
3.963229775000000066e-01,7.853629790688442247e-01
3.963334762999999872e-01,7.853539244538259023e-01
3.963807176999999959e-01,7.853131838140494647e-01
3.964174570999999814e-01,7.852814997746108139e-01
3.964384495000000119e-01,7.852633936561328465e-01
3.964856783999999856e-01,7.852226605694471173e-01
3.964909256999999965e-01,7.852181356404476231e-01
3.965014201000000016e-01,7.852090833250413571e-01
3.965066671999999959e-01,7.852045586812350653e-01
3.965643806999999965e-01,7.851547774653364620e-01
3.966168401999999871e-01,7.851095288596587896e-01
3.966325767000000169e-01,7.850959555438172810e-01
3.966535578000000006e-01,7.850778558919422334e-01
3.966745376999999961e-01,7.850597582567003796e-01
3.966955165000000116e-01,7.850416621580789123e-01
3.967374707999999917e-01,7.850054713644936122e-01
3.967427148000000070e-01,7.850009460746921741e-01
3.967532025000000129e-01,7.849918992734224998e-01
3.967741772000000222e-01,7.849738070897879227e-01
3.967846641000000174e-01,7.849647578079619326e-01
3.968003938999999924e-01,7.849511883008115642e-01
3.968370944999999872e-01,7.849195271972719823e-01
3.968423370999999977e-01,7.849150035775601664e-01
3.968685493999999925e-01,7.848923891101584616e-01
3.968842759000000275e-01,7.848788193969232774e-01
3.969262103000000264e-01,7.848426423238892280e-01
3.969419344999999821e-01,7.848290750492349366e-01
3.969471757999999961e-01,7.848245514840700432e-01
3.969891034999999957e-01,7.847883743666593803e-01
3.969943441000000073e-01,7.847838540503170313e-01
3.970048252000000222e-01,7.847748097998171746e-01
3.970100656000000172e-01,7.847702874812914065e-01
3.970519867000000258e-01,7.847341170323408610e-01
3.970677059000000120e-01,7.847205539076855807e-01
3.970729456000000046e-01,7.847160306908806948e-01
3.970781850999999807e-01,7.847115099287087503e-01
3.970886639999999801e-01,7.847024695246446191e-01
3.971148600000000140e-01,7.846798617949142240e-01
3.971724850999999723e-01,7.846301351012334724e-01
3.972405767000000143e-01,7.845713730430096122e-01
3.972615255999999984e-01,7.845532950812366124e-01
3.972877101999999772e-01,7.845306964199274535e-01
3.973662535999999967e-01,7.844629087324690442e-01
3.973714891999999832e-01,7.844583898626870111e-01
3.973871957999999815e-01,7.844448328015649619e-01
3.974029017999999858e-01,7.844312772276541557e-01
3.974081369999999946e-01,7.844267594300358137e-01
3.974290771000000277e-01,7.844086827688574459e-01
3.974447814000000023e-01,7.843951290637882767e-01
3.974971246999999819e-01,7.843499476251447611e-01
3.975389944000000120e-01,7.843138068582322653e-01
3.975913253000000203e-01,7.842686309821702562e-01
3.976174881999999799e-01,7.842460455398854169e-01
3.976227205000000264e-01,7.842415306474133097e-01
3.976384171999999828e-01,7.842279808054198886e-01
3.976645770000000191e-01,7.842053969267274161e-01
3.977482767000000141e-01,7.841331343849284874e-01
3.977587378999999923e-01,7.841241039275718139e-01
3.977639684000000009e-01,7.841195869840335009e-01
3.977796594999999935e-01,7.841060405584335813e-01
3.977848896999999773e-01,7.841015246018957496e-01
3.977901199000000165e-01,7.840970105598928930e-01
3.978058099999999819e-01,7.840834628460118250e-01
3.978214994000000004e-01,7.840699156959392013e-01
3.978267290999999983e-01,7.840654005552627481e-01
3.978319586999999879e-01,7.840608868099216977e-01
3.978424177000000062e-01,7.840518559299286538e-01
3.978685640999999884e-01,7.840292794423232570e-01
3.979051660999999851e-01,7.839976750711606934e-01
3.979156232000000126e-01,7.839886452689784901e-01
3.979313083000000084e-01,7.839751015760615394e-01
3.979731322999999765e-01,7.839389883250569291e-01
3.980149519000000247e-01,7.839028748597701712e-01
3.980410869000000074e-01,7.838803070092369429e-01
3.980567670999999863e-01,7.838667646095747177e-01
3.980776730000000208e-01,7.838487114009751178e-01
3.980933517999999949e-01,7.838351705403124869e-01
3.981142557999999831e-01,7.838171164303002758e-01
3.981194815999999914e-01,7.838126061390161547e-01
3.981247073999999997e-01,7.838080915165089868e-01
3.981560605000000197e-01,7.837810128043227742e-01
3.982030857000000146e-01,7.837404004991077588e-01
3.982083102999999791e-01,7.837358884070773080e-01
3.982448811000000033e-01,7.837043029303157882e-01
3.982605531999999782e-01,7.836907655737590517e-01
3.982814485000000237e-01,7.836727189177276065e-01
3.982918957000000093e-01,7.836636962255401073e-01
3.983075660000000018e-01,7.836501603589277609e-01
3.983441276999999947e-01,7.836185790909400151e-01
3.983754635000000266e-01,7.835915113374936070e-01
3.984067969999999792e-01,7.835644458709069005e-01
3.984172409000000248e-01,7.835554268777038533e-01
3.984329063000000004e-01,7.835418945275925973e-01
3.984537925000000147e-01,7.835238517366586164e-01
3.984903407000000009e-01,7.834922784938458395e-01
3.985007823999999754e-01,7.834832593642165888e-01
3.985164445000000111e-01,7.834697281480907938e-01
3.985373262999999944e-01,7.834516900054395716e-01
3.985738669000000178e-01,7.834201206691470132e-01
3.985790866999999738e-01,7.834156097899420690e-01
3.986260618999999950e-01,7.833750258555293167e-01
3.986417191000000138e-01,7.833614987745538549e-01
3.986678129999999820e-01,7.833389558664265451e-01
3.986782501000000201e-01,7.833299383089378232e-01
3.986834685000000267e-01,7.833254286381730047e-01
3.987043416000000118e-01,7.833073943011622520e-01
3.987513019999999742e-01,7.832668197913382757e-01
3.987617368999999967e-01,7.832578040012813103e-01
3.987826058999999757e-01,7.832397708572876871e-01
3.987930399999999875e-01,7.832307555229991447e-01
3.988086906000000154e-01,7.832172331220115247e-01
3.988243405999999935e-01,7.832037081938472145e-01
3.988712869000000105e-01,7.831631417253597238e-01
3.988921501000000092e-01,7.831451135988350964e-01
3.989182276000000082e-01,7.831225775558874336e-01
3.989338733000000192e-01,7.831090586217154259e-01
3.989599481000000170e-01,7.830865247687397446e-01
3.990120925999999790e-01,7.830414611517321211e-01
3.990173067000000184e-01,7.830369566533873504e-01
3.990433760000000052e-01,7.830144246392335416e-01
3.990798702999999725e-01,7.829828861585379496e-01
3.991007226000000130e-01,7.829648615995901118e-01
3.991215738000000179e-01,7.829468427138454034e-01
3.991267864999999970e-01,7.829423358668667898e-01
3.991580609000000002e-01,7.829153037391594072e-01
3.991841211000000111e-01,7.828927794975042431e-01
3.992622913000000162e-01,7.828252135661101230e-01
3.992675021000000046e-01,7.828207088581521367e-01
3.992831340999999923e-01,7.828071977841858375e-01
3.992935550999999750e-01,7.827981898962560470e-01
3.993091860999999909e-01,7.827846772182649460e-01
3.993300263999999822e-01,7.827666620803332975e-01
3.993352364000000154e-01,7.827621588103319539e-01
3.993717038999999858e-01,7.827306335066647192e-01
3.993769133000000249e-01,7.827261300000877275e-01
3.993925409999999898e-01,7.827126210180559429e-01
3.994185859000000116e-01,7.826901049618226747e-01
3.994498374000000074e-01,7.826630866748935933e-01
3.994550458000000193e-01,7.826585846670374158e-01
3.994758784999999923e-01,7.826405759456958044e-01
3.995175408000000150e-01,7.826045540975062886e-01
3.995435775000000245e-01,7.825820440353666863e-01
3.995591987000000067e-01,7.825685388278893484e-01
3.995800259999999771e-01,7.825505310363396472e-01
3.995956458000000100e-01,7.825370259684309993e-01
3.996164711999999897e-01,7.825190195093574275e-01
3.996216773999999861e-01,7.825145175254913932e-01
3.996633244000000196e-01,7.824785093780187717e-01
3.996685300000000218e-01,7.824740086313132226e-01
3.996841462999999872e-01,7.824605042828043366e-01
3.997049670999999749e-01,7.824425009845911161e-01
3.997622187000000049e-01,7.823929963662991094e-01
3.997674230000000106e-01,7.823884950575916708e-01
3.997830354999999947e-01,7.823749943205069446e-01
3.998246657000000259e-01,7.823389960599368420e-01
3.998298692000000210e-01,7.823344959491235207e-01
3.998454792000000202e-01,7.823209957321980434e-01
3.998714944999999799e-01,7.822984976076994279e-01
3.998766973999999808e-01,7.822939967456756793e-01
3.999079131000000120e-01,7.822670037820299571e-01
3.999495303999999751e-01,7.822310104339796899e-01
3.999547321999999960e-01,7.822265118299730480e-01
3.999963445999999978e-01,7.821905203125570916e-01
4.000015458000000246e-01,7.821860232431823157e-01
4.000119481000000143e-01,7.821770279745332566e-01
4.000171491000000246e-01,7.821725281677771591e-01
4.000379526000000241e-01,7.821545343427831476e-01
4.000587549999999881e-01,7.821365416290616546e-01
4.000743560999999726e-01,7.821230497732036824e-01
4.000795563000000277e-01,7.821185510319113021e-01
4.000847564000000189e-01,7.821140543976782267e-01
4.001263553000000139e-01,7.820780728845753149e-01
4.001419536999999971e-01,7.820645793133135237e-01
4.001575514999999861e-01,7.820510877134370098e-01
4.001783476999999922e-01,7.820330986774501891e-01
4.002459278000000120e-01,7.819746400533299502e-01
4.002511257999999961e-01,7.819701425009762952e-01
4.002667194000000261e-01,7.819566548144768481e-01
4.002823122999999983e-01,7.819431642025538309e-01
4.002927072999999947e-01,7.819341723127679611e-01
4.003082993000000034e-01,7.819206839763654937e-01
4.003446782000000259e-01,7.818892139122363139e-01
4.004174260000000207e-01,7.818262755514584494e-01
4.004485996000000103e-01,7.817993056767015281e-01
4.004537950000000013e-01,7.817948101827998375e-01
4.004589902999999840e-01,7.817903131342951450e-01
4.004953553999999749e-01,7.817588511682248553e-01
4.005005502000000273e-01,7.817543560192758978e-01
4.005421057999999923e-01,7.817184015493277016e-01
4.005576880999999756e-01,7.817049178740670401e-01
4.005732697000000120e-01,7.816914363567626367e-01
4.005784634999999816e-01,7.816869413144066359e-01
4.005992378000000076e-01,7.816689661404633283e-01
4.006200109999999981e-01,7.816509920153610347e-01
4.006407832000000169e-01,7.816330164064758668e-01
4.006667467999999732e-01,7.816105495715716112e-01
4.006823241999999952e-01,7.815970701127625819e-01
4.007030932000000267e-01,7.815790980499888185e-01
4.007446277999999751e-01,7.815431557578605970e-01
4.007602022000000264e-01,7.815296760590830782e-01
4.007653935000000112e-01,7.815251857681251302e-01
4.007809670999999963e-01,7.815117070975966529e-01
4.007861581000000117e-01,7.815072162314833371e-01
4.007913491000000272e-01,7.815027223313171234e-01
4.008276841000000257e-01,7.814712765110498616e-01
4.008432552999999787e-01,7.814578026642082786e-01
4.008692058000000169e-01,7.814353422496652657e-01
4.008743956999999969e-01,7.814308514439010089e-01
4.009262912000000068e-01,7.813859355091736791e-01
4.009314802999999761e-01,7.813814427368053206e-01
4.009729913000000256e-01,7.813455161774713886e-01
4.009937451000000208e-01,7.813275527932176390e-01
4.009989333999999794e-01,7.813230598535868543e-01
4.010093097999999912e-01,7.813140784893761737e-01
4.010404374000000050e-01,7.812871365865905471e-01
4.010560002999999929e-01,7.812736646018220155e-01
4.010923113000000040e-01,7.812422347479173190e-01
4.011234324999999878e-01,7.812152942914950549e-01
4.011389920999999803e-01,7.812018254536347017e-01
4.011545511999999869e-01,7.811883592848901658e-01
4.011597373999999938e-01,7.811838684484504469e-01
4.011649236000000007e-01,7.811793776129267730e-01
4.011804816000000273e-01,7.811659093313261248e-01
4.012478929000000138e-01,7.811075531281415074e-01
4.012582627999999874e-01,7.810985750317523957e-01
4.012634476999999977e-01,7.810940880086389981e-01
4.013049242999999766e-01,7.810581792903382725e-01
4.013256610000000002e-01,7.810402260463252810e-01
4.013412128000000134e-01,7.810267619788303639e-01
4.013671312000000047e-01,7.810043225754279561e-01
4.013723147000000102e-01,7.809998331381969860e-01
4.014034141000000222e-01,7.809729071129866140e-01
4.014293284000000073e-01,7.809504702522658270e-01
4.014500587000000009e-01,7.809325195189850133e-01
4.014863341000000085e-01,7.809011100579841269e-01
4.014915159999999927e-01,7.808966232247335215e-01
4.015070613999999760e-01,7.808831637320213792e-01
4.015381504000000157e-01,7.808562446812201685e-01
4.015536940000000166e-01,7.808427846167071973e-01
4.015795985999999762e-01,7.808203543470068064e-01
4.015899600000000236e-01,7.808113808702961123e-01
4.016210425999999778e-01,7.807844637723858616e-01
4.016365828999999832e-01,7.807710067007727073e-01
4.016624822000000039e-01,7.807485785660206457e-01
4.016987383999999772e-01,7.807171809516391114e-01
4.017401701000000158e-01,7.806812994851146659e-01
4.017557057999999737e-01,7.806678438912815210e-01
4.017764193000000206e-01,7.806499060811690205e-01
4.018178428999999996e-01,7.806140298344141915e-01
4.018385530999999955e-01,7.805960922959628290e-01
4.018644393999999953e-01,7.805736735406089144e-01
4.018696165000000264e-01,7.805691882949922222e-01
4.018851472000000147e-01,7.805557374718090635e-01
4.019006774000000171e-01,7.805422865579276781e-01
4.019110304999999883e-01,7.805333185944350882e-01
4.019265597000000190e-01,7.805198673948782195e-01
4.019472642999999956e-01,7.805019335792935387e-01
4.019886703000000172e-01,7.804660668187153316e-01
4.019938458000000270e-01,7.804615862433189610e-01
4.020352469999999845e-01,7.804257205532151298e-01
4.020507714000000066e-01,7.804122740151303583e-01
4.020714696000000088e-01,7.803943449502408480e-01
4.021128628000000260e-01,7.803584874591181775e-01
4.021180367000000144e-01,7.803540059196480971e-01
4.021335577999999855e-01,7.803405596466518324e-01
4.021594251000000231e-01,7.803181507129952621e-01
4.021956365000000089e-01,7.802867799730180964e-01
4.022421891999999888e-01,7.802464480523585433e-01
4.022525335000000091e-01,7.802374837038317246e-01
4.022732213999999917e-01,7.802195602529459206e-01
4.022783931999999729e-01,7.802150806852200526e-01
4.022835649000000013e-01,7.802106001721014206e-01
4.023197651000000041e-01,7.801792355918475419e-01
4.023249362999999912e-01,7.801747549103263957e-01
4.023352785000000043e-01,7.801657947218196831e-01
4.023663035000000221e-01,7.801389126720706946e-01
4.023818149999999760e-01,7.801254732045465046e-01
4.024076663999999748e-01,7.801030726991408093e-01
4.024231764000000267e-01,7.800896332969750047e-01
4.024438553999999946e-01,7.800717146348558062e-01
4.024645333999999908e-01,7.800537982123659786e-01
4.024903793999999868e-01,7.800314025157730757e-01
4.025007172999999772e-01,7.800224452593401692e-01
4.025058861999999960e-01,7.800179635301287551e-01
4.025317295999999989e-01,7.799955708985264469e-01
4.025627393999999803e-01,7.799686988121994347e-01
4.025679074999999885e-01,7.799642196680687256e-01
4.026040820999999825e-01,7.799328712948881970e-01
4.026092495999999965e-01,7.799283942439451112e-01
4.026144171000000105e-01,7.799239138904894286e-01
4.026505875999999984e-01,7.798925674450583045e-01
4.026712550000000057e-01,7.798746566393875979e-01
4.026970877000000115e-01,7.798522685497435436e-01
4.027332506999999895e-01,7.798209257832655616e-01
4.027384165999999821e-01,7.798164514045666795e-01
4.027487482000000063e-01,7.798074953011786548e-01
4.027539138999999824e-01,7.798030180924266919e-01
4.027797412999999938e-01,7.797806342363771126e-01
4.028107320000000047e-01,7.797537742486966295e-01
4.028158969000000256e-01,7.797492955294851313e-01
4.028313911999999997e-01,7.797358654973749470e-01
4.028623779000000127e-01,7.797090082708607595e-01
4.028778704000000044e-01,7.796955798408765625e-01
4.029191807999999986e-01,7.796597719979977414e-01
4.029346710999999748e-01,7.796463455326224645e-01
4.030224381999999994e-01,7.795702624421891880e-01
4.030276003000000107e-01,7.795657889997503753e-01
4.030585720000000038e-01,7.795389394997044308e-01
4.030637336999999820e-01,7.795344665587889965e-01
4.030688954000000157e-01,7.795299897550966861e-01
4.031050250000000057e-01,7.794986689601941521e-01
4.031256690999999726e-01,7.794807718323862877e-01
4.031411515000000167e-01,7.794673481978280360e-01
4.031875950000000097e-01,7.794270845393004299e-01
4.032288735999999818e-01,7.793912960736819606e-01
4.032443519999999726e-01,7.793778753271388693e-01
4.032649889000000099e-01,7.793599833926508902e-01
4.032753070000000273e-01,7.793510376347235757e-01
4.032907835999999802e-01,7.793376183454399087e-01
4.033114181999999937e-01,7.793197259970203739e-01
4.033268933999999972e-01,7.793063084186601097e-01
4.033526841000000251e-01,7.792839454720356107e-01
4.033578420999999747e-01,7.792794745676534518e-01
4.033733154999999959e-01,7.792660551498403754e-01
4.033991033000000059e-01,7.792436943512346392e-01
4.034300464000000197e-01,7.792168630578364397e-01
4.034352033999999976e-01,7.792123907047202591e-01
4.034403603000000227e-01,7.792079207044311229e-01
4.034919256000000232e-01,7.791632042919786061e-01
4.034970816999999821e-01,7.791587328076714503e-01
4.035383287000000041e-01,7.791229653708643399e-01
4.035795714000000034e-01,7.790871957362794920e-01
4.036001912000000136e-01,7.790693151626225665e-01
4.036053459999999760e-01,7.790648431139116648e-01
4.036465819000000232e-01,7.790290804212234299e-01
4.036620443000000225e-01,7.790156726261141529e-01
4.036826599000000182e-01,7.789977915658274910e-01
4.037187346000000177e-01,7.789665044360447599e-01
4.037290411000000190e-01,7.789575647284026072e-01
4.037857220000000136e-01,7.789084034212450103e-01
4.038063311999999794e-01,7.788905263290234471e-01
4.038217874999999735e-01,7.788771195329130537e-01
4.038526982000000265e-01,7.788503079959403497e-01
4.038836066000000002e-01,7.788234973909470282e-01
4.038939088999999871e-01,7.788145599815703424e-01
4.039042109000000047e-01,7.788056256609146022e-01
4.039093617999999775e-01,7.788011560968590707e-01
4.039248140999999737e-01,7.787877517806865990e-01
4.039299646999999771e-01,7.787832852677678552e-01
4.039505666000000050e-01,7.787654138979421825e-01
4.039711675000000057e-01,7.787475403553538733e-01
4.039763175000000150e-01,7.787430723162822588e-01
4.039866174000000254e-01,7.787341386138281196e-01
4.040329637000000251e-01,7.786939343237981870e-01
4.040484113000000210e-01,7.786805299373550371e-01
4.040535604000000114e-01,7.786760630130126204e-01
4.040690071999999966e-01,7.786626645373159183e-01
4.040896019999999922e-01,7.786447966795878584e-01
4.040947504999999884e-01,7.786403290026002733e-01
4.041359365000000148e-01,7.786045967487417174e-01
4.041410844000000169e-01,7.786001315320303373e-01
4.041565277999999983e-01,7.785867332035317778e-01
4.041771182000000184e-01,7.785688685617778715e-01
4.042182957000000076e-01,7.785331416085609080e-01
4.042234425999999825e-01,7.785286754203145643e-01
4.042337362000000267e-01,7.785197457748211924e-01
4.042543227000000017e-01,7.785018806372048239e-01
4.042646154999999797e-01,7.784929515778591380e-01
4.043212212999999777e-01,7.784438349780874455e-01
4.043418032000000162e-01,7.784259748401176626e-01
4.043469485999999780e-01,7.784215105549033842e-01
4.043623841000000274e-01,7.784081183242258506e-01
4.043881087999999790e-01,7.783857929102195872e-01
4.044035428000000154e-01,7.783724007959621494e-01
4.044189763000000104e-01,7.783590091384129384e-01
4.044652730000000140e-01,7.783188334777684236e-01
4.044807040999999770e-01,7.783054431355718172e-01
4.044858476000000036e-01,7.783009792494486323e-01
4.045064212000000214e-01,7.782831248276684821e-01
4.045115644000000232e-01,7.782786603520350788e-01
4.045269937000000038e-01,7.782652706597127379e-01
4.045424224999999985e-01,7.782518791186758822e-01
4.045629931999999984e-01,7.782340282558409816e-01
4.045938472000000230e-01,7.782072503284613862e-01
4.046092734000000246e-01,7.781938610690994906e-01
4.046452655000000176e-01,7.781626262889238532e-01
4.046504069999999897e-01,7.781581630093176161e-01
4.046915363999999959e-01,7.781224650685532040e-01
4.047172400999999864e-01,7.781001536411307207e-01
4.047275210999999873e-01,7.780912313091121746e-01
4.047326615999999877e-01,7.780867702473397429e-01
4.047737826000000205e-01,7.780510789087254908e-01
4.047943414999999878e-01,7.780332318234401967e-01
4.048354563000000073e-01,7.779975438273547539e-01
4.048817054000000137e-01,7.779573980434324465e-01
4.048971205999999934e-01,7.779440161130545262e-01
4.049125351999999789e-01,7.779306346171698250e-01
4.049176731999999945e-01,7.779261725541732897e-01
4.049587754999999789e-01,7.778904931708908732e-01
4.050050104999999845e-01,7.778503549984115972e-01
4.050563764999999816e-01,7.778057606332857699e-01
4.050615128000000231e-01,7.778013023780296908e-01
4.050871930000000121e-01,7.777790079484018237e-01
4.051026004000000125e-01,7.777656291611810824e-01
4.051180072000000187e-01,7.777522535202396892e-01
4.051282781000000166e-01,7.777433353810022654e-01
4.052001667999999834e-01,7.776809188456674793e-01
4.052104355999999741e-01,7.776720036450263107e-01
4.052207040999999954e-01,7.776630873660749232e-01
4.052258382999999742e-01,7.776586285981403890e-01
4.052412403999999801e-01,7.776452563396802908e-01
4.052463742999999896e-01,7.776407977025171503e-01
4.052669092999999778e-01,7.776229673844138324e-01
4.053285079000000235e-01,7.775694787864438906e-01
4.053490386999999973e-01,7.775516516901912478e-01
4.053644361000000029e-01,7.775382794621920057e-01
4.053849650999999943e-01,7.775204533687753994e-01
4.053900972000000213e-01,7.775159973800930269e-01
4.054054930000000057e-01,7.775026279943361152e-01
4.054516771000000186e-01,7.774625208703239698e-01
4.054568083000000267e-01,7.774580656145055890e-01
4.054722016000000262e-01,7.774446959476145613e-01
4.055337690999999967e-01,7.773912265533519106e-01
4.055491594999999783e-01,7.773778611146732187e-01
4.055696791000000245e-01,7.773600421550299622e-01
4.055953272000000220e-01,7.773377640662045840e-01
4.056209735999999899e-01,7.773154905208750076e-01
4.056363606999999760e-01,7.773021247696230152e-01
4.056620046000000146e-01,7.772798533656545272e-01
4.056979032999999957e-01,7.772486728313245941e-01
4.057030314000000248e-01,7.772442188263204432e-01
4.057594365000000147e-01,7.771952250285868447e-01
4.057748183000000064e-01,7.771818649881450103e-01
4.057799454000000083e-01,7.771774109925910778e-01
4.057953264999999976e-01,7.771640511813963093e-01
4.058004533999999830e-01,7.771595965740477618e-01
4.058414662000000006e-01,7.771239711601302114e-01
4.058568449000000133e-01,7.771106106762283305e-01
4.058670971000000183e-01,7.771017046488968294e-01
4.058978520000000034e-01,7.770749874869533613e-01
4.059029775999999923e-01,7.770705363297109036e-01
4.059439799999999821e-01,7.770349182210630756e-01
4.059491050999999850e-01,7.770304659414646320e-01
4.059593549000000134e-01,7.770215613760020901e-01
4.059644796999999916e-01,7.770171076830345580e-01
4.059901027999999745e-01,7.769948474111458836e-01
4.060259724999999986e-01,7.769636860682873625e-01
4.060669625000000171e-01,7.769280725962033340e-01
4.060720859999999988e-01,7.769236231815745963e-01
4.061028253999999782e-01,7.768969145081410232e-01
4.061284398000000184e-01,7.768746605531736682e-01
4.061489301000000274e-01,7.768568577406725906e-01
4.061694194000000091e-01,7.768390543181269425e-01
4.061950295999999794e-01,7.768168020332609780e-01
4.062257597000000220e-01,7.767900993215873795e-01
4.062513663999999802e-01,7.767678501016145320e-01
4.062718504999999758e-01,7.767500512515677080e-01
4.063128156999999963e-01,7.767144541981536587e-01
4.063537768000000105e-01,7.766788588026936058e-01
4.063588966000000191e-01,7.766744126195574971e-01
4.063742557999999727e-01,7.766610635790481831e-01
4.063896142999999794e-01,7.766477187679150518e-01
4.063998529999999776e-01,7.766388201878761111e-01
4.064510427999999953e-01,7.765943340583971732e-01
4.064561614000000156e-01,7.765898858834209273e-01
4.064817534999999871e-01,7.765676458291089768e-01
4.064971079999999959e-01,7.765543018870336711e-01
4.065124619000000106e-01,7.765409566420039544e-01
4.065329328999999770e-01,7.765231646314134650e-01
4.065636374000000108e-01,7.764964815063475356e-01
4.066045731999999857e-01,7.764609013785943592e-01
4.066199231000000025e-01,7.764475614867211162e-01
4.066813167000000173e-01,7.763941984178737155e-01
4.067017792000000020e-01,7.763764132909781734e-01
4.067171253999999903e-01,7.763630743559181147e-01
4.067631604999999984e-01,7.763230570938717268e-01
4.067682751999999735e-01,7.763186109198393359e-01
4.067785044000000183e-01,7.763097192187163875e-01
4.068040761999999755e-01,7.762874910935169126e-01
4.068091904000000203e-01,7.762830467005119583e-01
4.068501015000000054e-01,7.762474819418790917e-01
4.068603285999999875e-01,7.762385930978789039e-01
4.068807821000000047e-01,7.762208120682230206e-01
4.068858953000000223e-01,7.762163675219250214e-01
4.069063474999999874e-01,7.761985890128387799e-01
4.069267986999999809e-01,7.761808079917846825e-01
4.069319113000000043e-01,7.761763629621049043e-01
4.069421363999999874e-01,7.761674748789955114e-01
4.069472487999999943e-01,7.761630309663324345e-01
4.070239277000000100e-01,7.760963665891255081e-01
4.070494841000000252e-01,7.760741487415114825e-01
4.070699280999999781e-01,7.760563746814705954e-01
4.070954815999999754e-01,7.760341584624040889e-01
4.071108129000000075e-01,7.760208284767986520e-01
4.071312537999999814e-01,7.760030552853123265e-01
4.071363639000000201e-01,7.759986098666468157e-01
4.071721325000000058e-01,7.759675105391715677e-01
4.071925703000000007e-01,7.759497402173181069e-01
4.072078980000000126e-01,7.759364121409363380e-01
4.072181161999999799e-01,7.759275280585645751e-01
4.072538775999999805e-01,7.758964338089430202e-01
4.072692030000000241e-01,7.758831059207528247e-01
4.073151756999999762e-01,7.758431299970967032e-01
4.073407137999999761e-01,7.758209231161906638e-01
4.073560359000000242e-01,7.758075968123380184e-01
4.073713574999999754e-01,7.757942744847220462e-01
4.074122121000000041e-01,7.757587447758059751e-01
4.074173186000000224e-01,7.757543052489408453e-01
4.074224250999999852e-01,7.757498641103832693e-01
4.074326379000000053e-01,7.757409813966195111e-01
4.074632745999999806e-01,7.757143402339138349e-01
4.074785920999999811e-01,7.757010162278695775e-01
4.075857984999999850e-01,7.756077773623093474e-01
4.075960070999999907e-01,7.755988981987708142e-01
4.076011113999999935e-01,7.755944605328255470e-01
4.076215276999999859e-01,7.755767021696544639e-01
4.076419430000000066e-01,7.755589463111098869e-01
4.076623571999999918e-01,7.755411913293190906e-01
4.076776671999999824e-01,7.755278739873344707e-01
4.076980796999999934e-01,7.755101190894072571e-01
4.077082854999999895e-01,7.755012417504796307e-01
4.077440039999999932e-01,7.754701730590841668e-01
4.077848212999999888e-01,7.754346668898707273e-01
4.077899231000000069e-01,7.754302291675178038e-01
4.078052283999999972e-01,7.754169158528689820e-01
4.078205329999999851e-01,7.754036024714160424e-01
4.078256344999999783e-01,7.753991641265169932e-01
4.078715444000000079e-01,7.753592265114609416e-01
4.079123488999999991e-01,7.753237295653138128e-01
4.079225494000000007e-01,7.753148561978855380e-01
4.079276494999999891e-01,7.753104179531853379e-01
4.079531492999999842e-01,7.752882339923968802e-01
4.079837468999999994e-01,7.752616158814849001e-01
4.079888462999999854e-01,7.752571800276283343e-01
4.080041441000000213e-01,7.752438704309495554e-01
4.080296391000000078e-01,7.752216910902378633e-01
4.080347378999999997e-01,7.752172530122632965e-01
4.080500338999999976e-01,7.752039452522999641e-01
4.080653294000000098e-01,7.751906392426087811e-01
4.081112123999999786e-01,7.751507168872364684e-01
4.081570902000000167e-01,7.751108000917551477e-01
4.081672846000000132e-01,7.751019313243360243e-01
4.081723816999999754e-01,7.750974956197064225e-01
4.081978660999999731e-01,7.750753218412818057e-01
4.082131560999999742e-01,7.750620160998559216e-01
4.082335417999999883e-01,7.750442779233790436e-01
4.082386379999999870e-01,7.750398432276525140e-01
4.082743100999999819e-01,7.750088019643615045e-01
4.082794057999999948e-01,7.750043698400429504e-01
4.083099789999999896e-01,7.749777665357043821e-01
4.083354549000000056e-01,7.749555953649666096e-01
4.083507397000000205e-01,7.749422950935415111e-01
4.083762129999999879e-01,7.749201273719995564e-01
4.083965905999999979e-01,7.749023954167223449e-01
4.084016847999999977e-01,7.748979598062848417e-01
4.084169670999999724e-01,7.748846616814442090e-01
4.084577171000000062e-01,7.748491970474224999e-01
4.084780906000000100e-01,7.748314682752966975e-01
4.084933700000000223e-01,7.748181698051378463e-01
4.085137416999999882e-01,7.748004419099538964e-01
4.085188344999999832e-01,7.747960079859844695e-01
4.085595743000000057e-01,7.747605519866656021e-01
4.086003100999999749e-01,7.747250970874444143e-01
4.086410417999999933e-01,7.746896434542580590e-01
4.086461329000000142e-01,7.746852140377633589e-01
4.086766787000000178e-01,7.746586266579528202e-01
4.087021317000000264e-01,7.746364722212624176e-01
4.087174028000000181e-01,7.746231801786346294e-01
4.087377633000000010e-01,7.746054564451932967e-01
4.087632124999999728e-01,7.745833047640976465e-01
4.087683021999999888e-01,7.745788734956196020e-01
4.087835707999999957e-01,7.745655824613010276e-01
4.088242841999999988e-01,7.745301429493489653e-01
4.088395506999999984e-01,7.745168520984716531e-01
4.088446393999999873e-01,7.745124252058388503e-01
4.088853467999999936e-01,7.744769883997094650e-01
4.088904348999999883e-01,7.744725587504849296e-01
4.089006110000000249e-01,7.744636992749944771e-01
4.089464002000000042e-01,7.744238351308213586e-01
4.089616621000000118e-01,7.744105493546463714e-01
4.089667492999999876e-01,7.744061203146420658e-01
4.089820104999999928e-01,7.743928360009262324e-01
4.090125311999999735e-01,7.743662642030613164e-01
4.090532217999999776e-01,7.743308370426810194e-01
4.090633938000000080e-01,7.743219798060729797e-01
4.090684797999999955e-01,7.743175530733619194e-01
4.091091647999999803e-01,7.742821299320048478e-01
4.091295059000000234e-01,7.742644197285641905e-01
4.091345909999999919e-01,7.742599939938302755e-01
4.091447610000000235e-01,7.742511386392647577e-01
4.091498458999999754e-01,7.742467095552446610e-01
4.091752694999999940e-01,7.742245748845077991e-01
4.091905229000000199e-01,7.742112934376836897e-01
4.092108597999999930e-01,7.741935833302048264e-01
4.092261119000000225e-01,7.741803044366253328e-01
4.092718646999999876e-01,7.741404659926341969e-01
4.092871144999999933e-01,7.741271864521279689e-01
4.092972806999999880e-01,7.741183319290414477e-01
4.093328605000000064e-01,7.740873503811706025e-01
4.093379429999999819e-01,7.740829237474389224e-01
4.093786012999999779e-01,7.740475183529469394e-01
4.093887653000000126e-01,7.740386668227360323e-01
4.093938471999999940e-01,7.740342435367818519e-01
4.094548248000000057e-01,7.739811408524954750e-01
4.094751486000000051e-01,7.739634409334185117e-01
4.095005520000000176e-01,7.739413160875000530e-01
4.095564339000000165e-01,7.738926465056064075e-01
4.096173873000000243e-01,7.738395587723059244e-01
4.096224662999999877e-01,7.738351354561154860e-01
4.096326242000000173e-01,7.738262888533253836e-01
4.096377030999999724e-01,7.738218649591577236e-01
4.096529392000000103e-01,7.738085928846425432e-01
4.096580177999999961e-01,7.738041719949821928e-01
4.096630963999999819e-01,7.737997478166310783e-01
4.096783316000000008e-01,7.737864770101580136e-01
4.096935662999999783e-01,7.737732065065808795e-01
4.097138783000000006e-01,7.737555155707473986e-01
4.097392668000000016e-01,7.737334019239395788e-01
4.097443444000000157e-01,7.737289770892795682e-01
4.097595766000000084e-01,7.737157100003640986e-01
4.097748082000000069e-01,7.737024428346004346e-01
4.097849622999999997e-01,7.736935973833132252e-01
4.098001929999999793e-01,7.736803293829054295e-01
4.098154231999999730e-01,7.736670639793894466e-01
4.098204997000000072e-01,7.736626434924601670e-01
4.098763380000000067e-01,7.736140007310237099e-01
4.099067920000000198e-01,7.735874701926434005e-01
4.099423188999999912e-01,7.735565221015242576e-01
4.100184374999999992e-01,7.734902077398372322e-01
4.100235116000000013e-01,7.734857891170464628e-01
4.100285855999999951e-01,7.734813685637985659e-01
4.100438071999999989e-01,7.734681056601379057e-01
4.100641018000000249e-01,7.734504239824412375e-01
4.100691753999999856e-01,7.734460040358630550e-01
4.101046881000000033e-01,7.734150641190260522e-01
4.101503429000000200e-01,7.733752855470024112e-01
4.101655599999999846e-01,7.733620281720871015e-01
4.101858486000000137e-01,7.733443482125218482e-01
4.102061363000000238e-01,7.733266740655050375e-01
4.102264228999999984e-01,7.733089974050356696e-01
4.102314944000000074e-01,7.733045773264127787e-01
4.102467085000000013e-01,7.732913209406966359e-01
4.102720641000000001e-01,7.732692270907802756e-01
4.103024887000000231e-01,7.732427150775020852e-01
4.103430513999999918e-01,7.732073703001184350e-01
4.103481214999999960e-01,7.732029517167779975e-01
4.103531914999999919e-01,7.731985335614772747e-01
4.104089571999999797e-01,7.731499370253307468e-01
4.104343027999999838e-01,7.731278514963303428e-01
4.104444406000000156e-01,7.731190159178483734e-01
4.104748524999999870e-01,7.730925125692461597e-01
4.104900576000000134e-01,7.730792604829929138e-01
4.105153980999999841e-01,7.730571782427700933e-01
4.105255339000000170e-01,7.730483445466553860e-01
4.105306016999999974e-01,7.730439289882209408e-01
4.105508722999999804e-01,7.730262608625804166e-01
4.106268780999999812e-01,7.729600182509982487e-01
4.106370111000000045e-01,7.729511886226042572e-01
4.106522101999999785e-01,7.729379396059515850e-01
4.106674087000000140e-01,7.729246922428907318e-01
4.106724747000000120e-01,7.729202788614846220e-01
4.106876724999999895e-01,7.729070319893927010e-01
4.107180664000000259e-01,7.728805383869390422e-01
4.107535230000000093e-01,7.728496339483585942e-01
4.107889766000000220e-01,7.728187305486549086e-01
4.108396193000000141e-01,7.727745865465004416e-01
4.108497470999999956e-01,7.727657571586187268e-01
4.108801289999999828e-01,7.727392740574893226e-01
4.108953189999999811e-01,7.727260336492862702e-01
4.109105086000000018e-01,7.727127927593698820e-01
4.109155715999999736e-01,7.727083781025768650e-01
4.109307603999999836e-01,7.726951364836089908e-01
4.109560737999999880e-01,7.726730694843514380e-01
4.109763234000000098e-01,7.726554163451778701e-01
4.110016338999999963e-01,7.726333516704585458e-01
4.110168195000000191e-01,7.726201144601905213e-01
4.110775562999999799e-01,7.725671606330400953e-01
4.110977999000000049e-01,7.725495119162202329e-01
4.111129820000000157e-01,7.725362744017391092e-01
4.111180425000000027e-01,7.725318622341891261e-01
4.111382840999999733e-01,7.725142162064294604e-01
4.111585247000000276e-01,7.724965688741416425e-01
4.111635846999999733e-01,7.724921581632278045e-01
4.112192405999999800e-01,7.724436289751033247e-01
4.112546539999999973e-01,7.724127513230524267e-01
4.112748889000000241e-01,7.723951102139767766e-01
4.113001810999999952e-01,7.723730537054802614e-01
4.113204136999999982e-01,7.723554131450420801e-01
4.113254717000000005e-01,7.723510025681327162e-01
4.113406453999999823e-01,7.723377712913986892e-01
4.113659335000000028e-01,7.723157188091186454e-01
4.114013342999999767e-01,7.722848496716202549e-01
4.114165052000000045e-01,7.722716224556019915e-01
4.114367320999999800e-01,7.722539819615042989e-01
4.114417886000000246e-01,7.722495719707836992e-01
4.114468452000000220e-01,7.722451629116708904e-01
4.114872949999999752e-01,7.722098889199312532e-01
4.115024627000000157e-01,7.721966608790559183e-01
4.115226853999999768e-01,7.721790236622970705e-01
4.115681828000000153e-01,7.721393471160502564e-01
4.115782926000000064e-01,7.721305301847438685e-01
4.115833474999999742e-01,7.721261205845167952e-01
4.116086206999999830e-01,7.721040792438770284e-01
4.116389465999999997e-01,7.720776305011584073e-01
4.116591625000000088e-01,7.720599994095413976e-01
4.116642164000000048e-01,7.720555916305075206e-01
4.116844311000000256e-01,7.720379606206486667e-01
4.116894845999999886e-01,7.720335523572660064e-01
4.117299106999999792e-01,7.719982924012174230e-01
4.117652801999999723e-01,7.719674429780905012e-01
4.118259065000000052e-01,7.719145614109012010e-01
4.118511649000000108e-01,7.718925301910408709e-01
4.118814727999999814e-01,7.718660907504270030e-01
4.119016769000000133e-01,7.718484684699581377e-01
4.119269306000000186e-01,7.718264376948383854e-01
4.119319812000000192e-01,7.718220312072324729e-01
4.119471324999999795e-01,7.718088145602057804e-01
4.119622832000000012e-01,7.717956004765095246e-01
4.119723833999999751e-01,7.717867880492529364e-01
4.120077321000000237e-01,7.717559496906709615e-01
4.120481268000000252e-01,7.717207129868518534e-01
4.120632738000000184e-01,7.717074985018094191e-01
4.120683226999999893e-01,7.717030926228625187e-01
4.120834689999999800e-01,7.716898803394501849e-01
4.121087116000000106e-01,7.716678581064191356e-01
4.121289045000000040e-01,7.716502403008257405e-01
4.121440485999999792e-01,7.716370268513060848e-01
4.121743350000000028e-01,7.716106034749409259e-01
4.121894774000000039e-01,7.715973935604213407e-01
4.122096662999999994e-01,7.715797768105326915e-01
4.122147133999999880e-01,7.715753747277206420e-01
4.122298542999999760e-01,7.715621635851597215e-01
4.122449946999999781e-01,7.715489534550561412e-01
4.122500412999999808e-01,7.715445514954586415e-01
4.122550878999999835e-01,7.715401483921259240e-01
4.122904123000000198e-01,7.715093259710891216e-01
4.123105964000000068e-01,7.714917155946326988e-01
4.123509615000000017e-01,7.714564929208843624e-01
4.123660974000000201e-01,7.714432852689382392e-01
4.123862777000000257e-01,7.714256773476719786e-01
4.124316798000000062e-01,7.713860575406072950e-01
4.124569010999999952e-01,7.713640488039009702e-01
4.124720331000000240e-01,7.713508453396823450e-01
4.125325555000000088e-01,7.712980310215608037e-01
4.125375987000000078e-01,7.712936282018045819e-01
4.125476846999999725e-01,7.712848264880948213e-01
4.125678562000000271e-01,7.712672250092409421e-01
4.125728988999999847e-01,7.712628222053050653e-01
4.125779414999999894e-01,7.712584203553168871e-01
4.126081960999999909e-01,7.712320182088446829e-01
4.126182804999999898e-01,7.712232163074750346e-01
4.126283646000000194e-01,7.712144165364057669e-01
4.126737401000000194e-01,7.711748161213740627e-01
4.126989464999999968e-01,7.711528164220071702e-01
4.127140696000000109e-01,7.711396166906504535e-01
4.127543953000000210e-01,7.711044223519358809e-01
4.127896770000000215e-01,7.710736272555235304e-01
4.127947169999999777e-01,7.710692280794000375e-01
4.128199160000000090e-01,7.710472327339582543e-01
4.128501527999999809e-01,7.710208419747300868e-01
4.128551920999999902e-01,7.710164443057817563e-01
4.128904652000000008e-01,7.709856552529307239e-01
4.128955039000000160e-01,7.709812552580110889e-01
4.129005425999999757e-01,7.709768578220234092e-01
4.129156583999999963e-01,7.709636649139834930e-01
4.129307736000000228e-01,7.709504681623378097e-01
4.129358117999999966e-01,7.709460713181649494e-01
4.130164158999999890e-01,7.708757086017556936e-01
4.130315272999999787e-01,7.708625172549328219e-01
4.130516752000000236e-01,7.708449301154105537e-01
4.131121126999999782e-01,7.707921672011261993e-01
4.131372924000000224e-01,7.707701871338538124e-01
4.131423281000000114e-01,7.707657909222687120e-01
4.131725412999999736e-01,7.707394141571738411e-01
4.131826118999999964e-01,7.707306206815326410e-01
4.131977173999999975e-01,7.707174333325310656e-01
4.132178570000000217e-01,7.706998485177701808e-01
4.132631677999999975e-01,7.706602894487987188e-01
4.132782702999999724e-01,7.706471044146653293e-01
4.132984060000000071e-01,7.706295227939524706e-01
4.133034398000000054e-01,7.706251281008120735e-01
4.133185408000000227e-01,7.706119438362625251e-01
4.133386746000000112e-01,7.705943625399844787e-01
4.133437079000000236e-01,7.705899687888393412e-01
4.133537742999999764e-01,7.705811797160310173e-01
4.133839720999999967e-01,7.705548118679269587e-01
4.134393290000000221e-01,7.705064776473835586e-01
4.134594569000000219e-01,7.704889002773948059e-01
4.134997098000000038e-01,7.704537519878275065e-01
4.135148035999999805e-01,7.704405698004679337e-01
4.135198347999999857e-01,7.704361773102985644e-01
4.135449896999999764e-01,7.704142093928854074e-01
4.135802038999999986e-01,7.703834593495886285e-01
4.136204450000000032e-01,7.703483188071396093e-01
4.136254749000000119e-01,7.703439245660202994e-01
4.136405642000000049e-01,7.703307484616684908e-01
4.136556527999999955e-01,7.703175711781449220e-01
4.136657116999999939e-01,7.703087862465730629e-01
4.136958867000000151e-01,7.702824335839298930e-01
4.137059444999999780e-01,7.702736499364419842e-01
4.137562300000000026e-01,7.702297321199073066e-01
4.137612582999999900e-01,7.702253411067681022e-01
4.138014817999999817e-01,7.701902089128394024e-01
4.138366741999999765e-01,7.701594742781597835e-01
4.138417013999999838e-01,7.701550812875904706e-01
4.138618097999999801e-01,7.701375196937310097e-01
4.138819172000000046e-01,7.701199567474656948e-01
4.139422334000000259e-01,7.700672718877517031e-01
4.139824394000000130e-01,7.700321532091497501e-01
4.139874648999999907e-01,7.700277620115310029e-01
4.140025408999999934e-01,7.700145929178866533e-01
4.140427409999999919e-01,7.699794781999758086e-01
4.140628396000000100e-01,7.699619232689018933e-01
4.140779129000000114e-01,7.699487563972051696e-01
4.141030338000000199e-01,7.699268096823708163e-01
4.141080577999999845e-01,7.699224217194943209e-01
4.141231295000000201e-01,7.699092569102981010e-01
4.141482477000000273e-01,7.698873134670936036e-01
4.141582945000000238e-01,7.698785351044852288e-01
4.141633178999999942e-01,7.698741460008374782e-01
4.141783875000000226e-01,7.698609817958715906e-01
4.141834106000000237e-01,7.698565940368248262e-01
4.142035023999999788e-01,7.698390425715467833e-01
4.142235932000000176e-01,7.698214892910067997e-01
4.142286157000000246e-01,7.698171021806861081e-01
4.142386605999999749e-01,7.698083256585737111e-01
4.142687938999999875e-01,7.697820011054810063e-01
4.142838596999999790e-01,7.697688378781003538e-01
4.142989248999999763e-01,7.697556746946117023e-01
4.143190111000000231e-01,7.697381265454167343e-01
4.143441173999999894e-01,7.697161909545722214e-01
4.143491384999999916e-01,7.697118063305258273e-01
4.144043664000000016e-01,7.696635493717813858e-01
4.144244474000000067e-01,7.696460062470072971e-01
4.144294674999999817e-01,7.696416198047981716e-01
4.144646066000000073e-01,7.696109158365174174e-01
4.144696261999999964e-01,7.696065312191253671e-01
4.144796652000000137e-01,7.695977584036507446e-01
4.144997425999999985e-01,7.695802153347098828e-01
4.145097810000000216e-01,7.695714435843179491e-01
4.145398945000000057e-01,7.695451302249588510e-01
4.145449131999999759e-01,7.695407433208730774e-01
4.145649873999999735e-01,7.695232038548031062e-01
4.146051330000000146e-01,7.694881243170702545e-01
4.146603267999999787e-01,7.694398917387790249e-01
4.147054799000000069e-01,7.694004312797693146e-01
4.147104965999999782e-01,7.693960485946026440e-01
4.147205298000000151e-01,7.693872810488509018e-01
4.147255463000000253e-01,7.693828977588746953e-01
4.147656762999999969e-01,7.693478245531166770e-01
4.147857399000000056e-01,7.693302908980633736e-01
4.147907556000000051e-01,7.693259079000606127e-01
4.148007868999999959e-01,7.693171393979276740e-01
4.148258639999999886e-01,7.692952254493520270e-01
4.148459246999999794e-01,7.692776925356923368e-01
4.148709991000000263e-01,7.692557785998689335e-01
4.148860429999999822e-01,7.692426286106957001e-01
4.149061007000000023e-01,7.692250988280905366e-01
4.149261575000000035e-01,7.692075668160869295e-01
4.149512270999999863e-01,7.691856569528348064e-01
4.149612544999999875e-01,7.691768925980561056e-01
4.149662680999999798e-01,7.691725104256063039e-01
4.149913351999999778e-01,7.691505987563271862e-01
4.150063748000000219e-01,7.691374552184556679e-01
4.150865765999999790e-01,7.690673506666637627e-01
4.151116364999999919e-01,7.690454450645884954e-01
4.151266717000000050e-01,7.690323037086211899e-01
4.151868070999999993e-01,7.689797353556706572e-01
4.152018396000000111e-01,7.689665942170901269e-01
4.152068502999999855e-01,7.689622147955760267e-01
4.152319029000000050e-01,7.689403148944897737e-01
4.152669740000000109e-01,7.689096538953654747e-01
4.152820036000000048e-01,7.688965148794371096e-01
4.153070516999999851e-01,7.688746156654072683e-01
4.153120611000000184e-01,7.688702377095967266e-01
4.153270890999999909e-01,7.688570981653275460e-01
4.153871954000000200e-01,7.688045510778330760e-01
4.154222533999999967e-01,7.687738982713240299e-01
4.154322695000000065e-01,7.687651423033911025e-01
4.154422852999999916e-01,7.687563845393140527e-01
4.154623161000000064e-01,7.687388725000234846e-01
4.154873532999999730e-01,7.687169815415885177e-01
4.155023749000000266e-01,7.687038483805550548e-01
4.155123890999999903e-01,7.686950920719276548e-01
4.155474364999999781e-01,7.686644474497079660e-01
4.155524429999999936e-01,7.686600722372077810e-01
4.155824810000000036e-01,7.686338044071848730e-01
4.155924932000000238e-01,7.686250521915426459e-01
4.156025051000000192e-01,7.686162981349995427e-01
4.156225282000000076e-01,7.685987878741620261e-01
4.156275339000000124e-01,7.685944127380368585e-01
4.156675767999999938e-01,7.685593986576921832e-01
4.156725819000000044e-01,7.685550201067412601e-01
4.157126204000000103e-01,7.685200087365728905e-01
4.157276339000000043e-01,7.685068820024560932e-01
4.157476509999999958e-01,7.684893759220562393e-01
4.157826786000000108e-01,7.684587431960101522e-01
4.157926859000000142e-01,7.684499919551868174e-01
4.158076964999999903e-01,7.684368650201041095e-01
4.158227064999999723e-01,7.684237408435112826e-01
4.158477220999999835e-01,7.684018634398468439e-01
4.158727360999999734e-01,7.683799865179695709e-01
4.159127552999999922e-01,7.683449884497538518e-01
4.159427673000000159e-01,7.683187409049199168e-01
4.159527707999999824e-01,7.683099905326766788e-01
4.159877811000000092e-01,7.682793713357740639e-01
4.160027846000000085e-01,7.682662499739104645e-01
4.160077857000000212e-01,7.682618750554831566e-01
4.160277893000000060e-01,7.682443787631964005e-01
4.160477920000000274e-01,7.682268841689575689e-01
4.160627933000000112e-01,7.682137635818568899e-01
4.160877943999999884e-01,7.681918965747662753e-01
4.161077941999999918e-01,7.681744048592524798e-01
4.161427914999999977e-01,7.681437918440847668e-01
4.161477908999999809e-01,7.681394204720050078e-01
4.161527902000000112e-01,7.681350467306469199e-01
4.161627885999999998e-01,7.681263003429524838e-01
4.161677878000000219e-01,7.681219271695218787e-01
4.161877836999999802e-01,7.681044370699503521e-01
4.161927825000000247e-01,7.681000653625760233e-01
4.162227741999999786e-01,7.680738312137069812e-01
4.162327710000000014e-01,7.680650833119194720e-01
4.162677578000000267e-01,7.680344818617130809e-01
4.162877488999999764e-01,7.680169929453717348e-01
4.163127365000000024e-01,7.679951341940014498e-01
4.163227311000000097e-01,7.679863915414909536e-01
4.163876901999999935e-01,7.679295642539635258e-01
4.164076755000000185e-01,7.679120789441324924e-01
4.164226638999999897e-01,7.678989660190500555e-01
4.164626303000000251e-01,7.678640029465887418e-01
4.164676259000000269e-01,7.678596334768948983e-01
4.164826120999999826e-01,7.678465202856838978e-01
4.165275675999999816e-01,7.678071907816945707e-01
4.165475462000000073e-01,7.677897120630262640e-01
4.165525407999999818e-01,7.677853393648373936e-01
4.165825066000000132e-01,7.677591241319496884e-01
4.166324448000000014e-01,7.677154280413630572e-01
4.166424317999999904e-01,7.677066931333552668e-01
4.166474251000000240e-01,7.677023222773463607e-01
4.166873700000000014e-01,7.676673714960782213e-01
4.167073410000000089e-01,7.676498954776176387e-01
4.167223185999999746e-01,7.676367920149346213e-01
4.167273109999999892e-01,7.676324222579221646e-01
4.167472801000000060e-01,7.676149514858309209e-01
4.167522721999999957e-01,7.676105825656499571e-01
4.167822237000000096e-01,7.675843730224550798e-01
4.167922070000000256e-01,7.675756378224880550e-01
4.168620836999999968e-01,7.675144905749694546e-01
4.168670743999999817e-01,7.675101215231410201e-01
4.168820462999999754e-01,7.674970221931081138e-01
4.168870367999999993e-01,7.674926541471203123e-01
4.169119884999999970e-01,7.674708194221583346e-01
4.169269587000000166e-01,7.674577172007293058e-01
4.169469182000000163e-01,7.674402508666284817e-01
4.169618871999999921e-01,7.674271510068642055e-01
4.169868344000000060e-01,7.674053190807875735e-01
4.169918235999999778e-01,7.674009517224513743e-01
4.170217579000000119e-01,7.673747544102820228e-01
4.170317355000000004e-01,7.673660228717711362e-01
4.170467015000000055e-01,7.673529237779198597e-01
4.170666552000000249e-01,7.673354602640675148e-01
4.170866080999999781e-01,7.673179997034026423e-01
4.171065599000000068e-01,7.673005364845363330e-01
4.171115476999999738e-01,7.672961713695930497e-01
4.171215232000000106e-01,7.672874426397036096e-01
4.171265108000000166e-01,7.672830743683460852e-01
4.171664098000000265e-01,7.672481536597209884e-01
4.172013183000000125e-01,7.672176021066945406e-01
4.172312375000000184e-01,7.671914143356234339e-01
4.172661404999999935e-01,7.671608644580664160e-01
4.172711264000000253e-01,7.671564979022871267e-01
4.172860837999999850e-01,7.671434061166164664e-01
4.173060261000000049e-01,7.671259515843735777e-01
4.173508928999999923e-01,7.670866768369367650e-01
4.173658473999999896e-01,7.670735863035897939e-01
4.173808014000000011e-01,7.670604948760115782e-01
4.173907703999999996e-01,7.670517685174517153e-01
4.174057234999999921e-01,7.670386799368987818e-01
4.174206759999999905e-01,7.670255928499879472e-01
4.174256600999999844e-01,7.670212275950805125e-01
4.174406118999999804e-01,7.670081396263996876e-01
4.174854641999999894e-01,7.669688758667990713e-01
4.175253288999999923e-01,7.669339781779106469e-01
4.175402771000000235e-01,7.669208892243144504e-01
4.175452598000000126e-01,7.669165290592705464e-01
4.175851186999999798e-01,7.668816334048071948e-01
4.176000648000000037e-01,7.668685493107049167e-01
4.176249738000000211e-01,7.668467396060490993e-01
4.176698063000000016e-01,7.668074896390337791e-01
4.177395361999999834e-01,7.667464398932731795e-01
4.177494965999999921e-01,7.667377181324183111e-01
4.177594567999999842e-01,7.667289973175028805e-01
4.177644368999999802e-01,7.667246350403189581e-01
4.177843564000000010e-01,7.667071953635766768e-01
4.178241925000000245e-01,7.666723151289367433e-01
4.178391300000000030e-01,7.666592353292090989e-01
4.178441091000000274e-01,7.666548766641576584e-01
4.178590460000000117e-01,7.666417979666715343e-01
4.178690036000000108e-01,7.666330784619378447e-01
4.179038533000000166e-01,7.666025625318025893e-01
4.179436780999999934e-01,7.665676907115348548e-01
4.179635890000000242e-01,7.665502531958483523e-01
4.179785215999999859e-01,7.665371771502876852e-01
4.180183391999999776e-01,7.665023107811438363e-01
4.180233161999999947e-01,7.664979538361395006e-01
4.180282929999999952e-01,7.664935946276644207e-01
4.180631295000000192e-01,7.664630873013732471e-01
4.180681058999999866e-01,7.664587301640028993e-01
4.180780585000000160e-01,7.664500126479582010e-01
4.181079149999999967e-01,7.664238663455682499e-01
4.181228424000000277e-01,7.664107948620719757e-01
4.181377693000000173e-01,7.663977226971143697e-01
4.181427448000000213e-01,7.663933629178586449e-01
4.181825467999999990e-01,7.663585061237717655e-01
4.181875218000000172e-01,7.663541510879664509e-01
4.182024463999999830e-01,7.663410789642529641e-01
4.182273195000000277e-01,7.663192961059339670e-01
4.182621394000000103e-01,7.662887987887062602e-01
4.182969563999999751e-01,7.662583043759554347e-01
4.183069036000000018e-01,7.662495917409933854e-01
4.183168505000000037e-01,7.662408780367062633e-01
4.183417167999999853e-01,7.662191017086031897e-01
4.183466899000000128e-01,7.662147438389328435e-01
4.183616088000000066e-01,7.662016788423043900e-01
4.183964175000000063e-01,7.661711874633485575e-01
4.184212790999999876e-01,7.661494102465058464e-01
4.184262512999999961e-01,7.661450570236175706e-01
4.184660263000000158e-01,7.661102163072859295e-01
4.184958550000000277e-01,7.660840872698289061e-01
4.185008263000000173e-01,7.660797351999061311e-01
4.185555061999999826e-01,7.660318357678539414e-01
4.185604767000000170e-01,7.660274821864591077e-01
4.185853285999999729e-01,7.660057120128287433e-01
4.186002389999999851e-01,7.659926494913011918e-01
4.186350278000000036e-01,7.659621748028915267e-01
4.186549058999999851e-01,7.659447595388476637e-01
4.186598752999999840e-01,7.659404067388058124e-01
4.186648445999999746e-01,7.659360514826806243e-01
4.186797521000000244e-01,7.659229932343954994e-01
4.186946591999999856e-01,7.659099328545057039e-01
4.187393770999999765e-01,7.658707579524937081e-01
4.187443455000000037e-01,7.658664046369342282e-01
4.187791222999999730e-01,7.658359375910688271e-01
4.187840902000000143e-01,7.658315855180160003e-01
4.187940258000000249e-01,7.658228786730130189e-01
4.187989936000000024e-01,7.658185277503787303e-01
4.188387331000000269e-01,7.657837099383192347e-01
4.188784689999999755e-01,7.657488970212114054e-01
4.188983354999999964e-01,7.657314919862447944e-01
4.189033019000000246e-01,7.657271392121264286e-01
4.189182009999999901e-01,7.657140856505694204e-01
4.189430316000000154e-01,7.656923267631079444e-01
4.189579292999999760e-01,7.656792735981083897e-01
4.189728263999999980e-01,7.656662222958638964e-01
4.190125494999999978e-01,7.656314177504804919e-01
4.190175146999999822e-01,7.656270658306453258e-01
4.190224797000000057e-01,7.656227150646939261e-01
4.190373746000000121e-01,7.656096622790871109e-01
4.190572335000000148e-01,7.655922616150683258e-01
4.190621981000000051e-01,7.655879130412767131e-01
4.190969486000000188e-01,7.655574625870765759e-01
4.191118408000000239e-01,7.655444105616169281e-01
4.191565141999999966e-01,7.655052666411940043e-01
4.191962199000000000e-01,7.654704711679117812e-01
4.192160712999999927e-01,7.654530745983297857e-01
4.192359218000000221e-01,7.654356769987349374e-01
4.192557713999999769e-01,7.654182830458801101e-01
4.192607335999999907e-01,7.654139335755703044e-01
4.192905057999999907e-01,7.653878443228602224e-01
4.193004294000000076e-01,7.653791461184147327e-01
4.193351602000000011e-01,7.653487087661056121e-01
4.193500439000000246e-01,7.653356650534670624e-01
4.194095735999999741e-01,7.652834901810412482e-01
4.194542151999999802e-01,7.652443672598456814e-01
4.194591751000000257e-01,7.652400183856167271e-01
4.194938926999999818e-01,7.652095883345614302e-01
4.194988521999999942e-01,7.652052431852663927e-01
4.195087707999999860e-01,7.651965490801714287e-01
4.195137300999999819e-01,7.651922015595034043e-01
4.195385253999999731e-01,7.651704707937638794e-01
4.195682779000000084e-01,7.651443920802392107e-01
4.195732365000000019e-01,7.651400444806610857e-01
4.196178607000000116e-01,7.651009318749207866e-01
4.196476076000000277e-01,7.650748551121789864e-01
4.196723950999999841e-01,7.650531278848743399e-01
4.197318789999999744e-01,7.650009861203770356e-01
4.197368356000000245e-01,7.649966383727360153e-01
4.197467485999999970e-01,7.649879501590890474e-01
4.197517050999999833e-01,7.649836044253406353e-01
4.197715302000000204e-01,7.649662260996659136e-01
4.197913543999999830e-01,7.649488493811534839e-01
4.198111776999999822e-01,7.649314684518127017e-01
4.198161334000000133e-01,7.649271243514488283e-01
4.198260446000000035e-01,7.649184356589843192e-01
4.198706420000000161e-01,7.648793397493839352e-01
4.199102800999999774e-01,7.648445884112573534e-01
4.199251433999999783e-01,7.648315581883735614e-01
4.199499145000000211e-01,7.648098416510564768e-01
4.199697303000000104e-01,7.647924689805256637e-01
4.199746840999999953e-01,7.647881278656570858e-01
4.199845915000000041e-01,7.647794384794038836e-01
4.200291721000000145e-01,7.647403547159800086e-01
4.200440312000000009e-01,7.647273266544473147e-01
4.200489841000000224e-01,7.647229835667750386e-01
4.200638426000000147e-01,7.647099577363256628e-01
4.200886053999999814e-01,7.646882455622175945e-01
4.200935578000000170e-01,7.646839031723244862e-01
4.201678368000000274e-01,7.646187738972528569e-01
4.201727882999999886e-01,7.646144337827919246e-01
4.202074469000000034e-01,7.645840428933267097e-01
4.202123978999999787e-01,7.645797027152486658e-01
4.202222997999999765e-01,7.645710206630872419e-01
4.202272505999999908e-01,7.645666794996871518e-01
4.202421027000000087e-01,7.645536546590513405e-01
4.202520037999999958e-01,7.645449709153103734e-01
4.202668551000000030e-01,7.645319496627236422e-01
4.203015059999999914e-01,7.645015666752139616e-01
4.203064557999999784e-01,7.644972239231552225e-01
4.203262548000000209e-01,7.644798640646840449e-01
4.203460528999999890e-01,7.644625031437697338e-01
4.203707991000000255e-01,7.644408009778123070e-01
4.204004927000000169e-01,7.644147630673497895e-01
4.204054414000000239e-01,7.644104204082514675e-01
4.204648215999999827e-01,7.643583472441639604e-01
4.204846131000000153e-01,7.643409905398127480e-01
4.205390350000000055e-01,7.642932622246635388e-01
4.205637698999999952e-01,7.642715695031656598e-01
4.205687167000000115e-01,7.642672298390528196e-01
4.205835567999999802e-01,7.642542168966319771e-01
4.205983963000000103e-01,7.642412009068950685e-01
4.206082890000000241e-01,7.642325238672996734e-01
4.206181815000000213e-01,7.642238491254097488e-01
4.206231276999999880e-01,7.642195104121594085e-01
4.206429118000000189e-01,7.642021560671702352e-01
4.206874225000000189e-01,7.641631176681621396e-01
4.207022583999999732e-01,7.641501048892030967e-01
4.207170937999999971e-01,7.641370944033463175e-01
4.207269837000000012e-01,7.641284185097753090e-01
4.208060948999999829e-01,7.640590292739716238e-01
4.208209265999999782e-01,7.640460196710768814e-01
4.208407013000000085e-01,7.640286705209550222e-01
4.208456448999999822e-01,7.640243346921785639e-01
4.208604751999999727e-01,7.640113265689779665e-01
4.208753049000000246e-01,7.639983195299699936e-01
4.208802481000000206e-01,7.639939822707935146e-01
4.209197910999999959e-01,7.639592966934074525e-01
4.209247336999999978e-01,7.639549602886999136e-01
4.209346187999999933e-01,7.639462884194191394e-01
4.209790986999999984e-01,7.639072677210334561e-01
4.210186324999999896e-01,7.638725868177212996e-01
4.210383979000000276e-01,7.638552483855918229e-01
4.210581624999999995e-01,7.638379093436202805e-01
4.210828669000000191e-01,7.638162369005885299e-01
4.211520314000000154e-01,7.637555561072965071e-01
4.211619112000000165e-01,7.637468905058953927e-01
4.211717906999999927e-01,7.637382204666144370e-01
4.211915489999999984e-01,7.637208877226454584e-01
4.212014277999999723e-01,7.637122182441642426e-01
4.212310628000000001e-01,7.636862190288916663e-01
4.212360016999999734e-01,7.636818865328680594e-01
4.212755114000000245e-01,7.636472213565421718e-01
4.212804498000000120e-01,7.636428876452062697e-01
4.212952648000000133e-01,7.636298897003117592e-01
4.213347688999999896e-01,7.635952287678119399e-01
4.213495818999999920e-01,7.635822288435386573e-01
4.214137659000000147e-01,7.635259128788671745e-01
4.214384494000000259e-01,7.635042518158978719e-01
4.214532589000000162e-01,7.634912582128878800e-01
4.214730039999999844e-01,7.634739320369056115e-01
4.214878121999999783e-01,7.634609389185211814e-01
4.215075555999999724e-01,7.634436129563870743e-01
4.215124914000000222e-01,7.634392809323687912e-01
4.215174270000000001e-01,7.634349497256562866e-01
4.215322336999999808e-01,7.634219595067492925e-01
4.215470398000000229e-01,7.634089647999587891e-01
4.215519750999999760e-01,7.634046344040508192e-01
4.215717154999999994e-01,7.633873104238967366e-01
4.215914551000000121e-01,7.633699886411711155e-01
4.216358657000000010e-01,7.633310151730997584e-01
4.216506682000000228e-01,7.633180257500657984e-01
4.216654700999999950e-01,7.633050348063267210e-01
4.216753377999999941e-01,7.632963754625349262e-01
4.217098729000000046e-01,7.632660683630203557e-01
4.217246727999999778e-01,7.632530793902891908e-01
4.217937320999999851e-01,7.631924714765832007e-01
4.218233255000000126e-01,7.631664969507111485e-01
4.218282575000000256e-01,7.631621670986070693e-01
4.218825059999999905e-01,7.631145552924262221e-01
4.218874374000000094e-01,7.631102255163098036e-01
4.219071621000000105e-01,7.630929142168946244e-01
4.219120932000000046e-01,7.630885861421156102e-01
4.219515394999999724e-01,7.630539637688865673e-01
4.219860520000000004e-01,7.630236704144927051e-01
4.219909821000000227e-01,7.630193412042615142e-01
4.220057722000000178e-01,7.630063624950382817e-01
4.220304210999999972e-01,7.629847258834541179e-01
4.220402802000000064e-01,7.629760706679958870e-01
4.220649270999999869e-01,7.629544367057716769e-01
4.221191451999999900e-01,7.629068428241349009e-01
4.221240736999999910e-01,7.629025152780896102e-01
4.221388590999999857e-01,7.628895372218897908e-01
4.221635001999999859e-01,7.628679082595175576e-01
4.221782841999999758e-01,7.628549274205113084e-01
4.221979954000000257e-01,7.628376272513540668e-01
4.222226331000000221e-01,7.628159984907796343e-01
4.222620503999999775e-01,7.627813952773455641e-01
4.222669773000000126e-01,7.627770685835492115e-01
4.222817575999999740e-01,7.627640943947683327e-01
4.223014640000000153e-01,7.627467913900641827e-01
4.223063904000000091e-01,7.627424691549177238e-01
4.223408739000000245e-01,7.627121938496224107e-01
4.223457998999999852e-01,7.627078705009602277e-01
4.223852056999999882e-01,7.626732730098857438e-01
4.223999818999999989e-01,7.626603008306293008e-01
4.224196827000000209e-01,7.626430033504554284e-01
4.224393826000000240e-01,7.626257077658988859e-01
4.224640062000000196e-01,7.626040890181199350e-01
4.225034010000000007e-01,7.625695005634045565e-01
4.225181731000000052e-01,7.625565309251017831e-01
4.225378684000000162e-01,7.625392375270313439e-01
4.225723330000000222e-01,7.625089772801038057e-01
4.225772562999999815e-01,7.625046537969354388e-01
4.225920257999999929e-01,7.624916855845973451e-01
4.226117175999999920e-01,7.624743941316549645e-01
4.226363311999999928e-01,7.624527815155694999e-01
4.226560209999999929e-01,7.624354907385604285e-01
4.226609432999999805e-01,7.624311705094061198e-01
4.226707876999999947e-01,7.624225245069644608e-01
4.226953977999999834e-01,7.624009141370776677e-01
4.227396923999999778e-01,7.623620194833345964e-01
4.227495350000000096e-01,7.623533771209858312e-01
4.227544563000000255e-01,7.623490555792221679e-01
4.227741406000000146e-01,7.623317684829834517e-01
4.228135063999999832e-01,7.622971994232210502e-01
4.228184268999999884e-01,7.622928790301136681e-01
4.228331880000000265e-01,7.622799173073110390e-01
4.228577886000000063e-01,7.622583133719529336e-01
4.228725482999999841e-01,7.622453527468949774e-01
4.229315819999999726e-01,7.621935075784478375e-01
4.229365010999999730e-01,7.621891891808264541e-01
4.229512581000000049e-01,7.621762276269915537e-01
4.229709332000000099e-01,7.621589486971634964e-01
4.230151989000000001e-01,7.621200728808193992e-01
4.230496246000000071e-01,7.620898355347750508e-01
4.230643775999999856e-01,7.620768810988530761e-01
4.230692951999999729e-01,7.620725615673638043e-01
4.230938820999999850e-01,7.620509660443021138e-01
4.231233844999999771e-01,7.620250520527768190e-01
4.231283014000000176e-01,7.620207349311296507e-01
4.231725505999999748e-01,7.619818702360812157e-01
4.231872993999999943e-01,7.619689135418041825e-01
4.232020476000000198e-01,7.619559607432460080e-01
4.232118793999999906e-01,7.619473252382765738e-01
4.232266268000000053e-01,7.619343720318101365e-01
4.232413736000000259e-01,7.619214192075837166e-01
4.232462891000000060e-01,7.619171023796437181e-01
4.232905260000000003e-01,7.618782449924224043e-01
4.233003558000000277e-01,7.618696097288366609e-01
4.233052706000000054e-01,7.618652920056773192e-01
4.233298437999999941e-01,7.618437064214413912e-01
4.233445871000000027e-01,7.618307549032284909e-01
4.233593298000000171e-01,7.618178049234555216e-01
4.233691580000000232e-01,7.618091738074750374e-01
4.233789860000000127e-01,7.618005377453860305e-01
4.234084685000000237e-01,7.617746394833890822e-01
4.234379489999999802e-01,7.617487420962028022e-01
4.234625144999999979e-01,7.617271615142933161e-01
4.235018164000000085e-01,7.616926343141144917e-01
4.235214659000000048e-01,7.616753738141022190e-01
4.235362025000000141e-01,7.616624270989710288e-01
4.235558504999999974e-01,7.616451669767326793e-01
4.235656741000000114e-01,7.616365371587748845e-01
4.235804090999999993e-01,7.616235902311866424e-01
4.236147888999999833e-01,7.615933854513657897e-01
4.236589873000000117e-01,7.615545539059431768e-01
4.236737191000000124e-01,7.615416126370644356e-01
4.236786296000000229e-01,7.615372988277973043e-01
4.236835400000000251e-01,7.615329849710575916e-01
4.237130013000000028e-01,7.615070970128638983e-01
4.237179113999999802e-01,7.615027843758531700e-01
4.237620990000000032e-01,7.614639593225461800e-01
4.237719179000000169e-01,7.614553332468929625e-01
4.238160999000000206e-01,7.614165130904534395e-01
4.238357348999999830e-01,7.613992594991126905e-01
4.238553689999999818e-01,7.613820099255590446e-01
4.238750021000000090e-01,7.613647579313165270e-01
4.238799102999999957e-01,7.613604449260995555e-01
4.238946344000000255e-01,7.613475068652031386e-01
4.239338961999999933e-01,7.613130057897494751e-01
4.239927820000000125e-01,7.612612636084227224e-01
4.239976887999999944e-01,7.612569497089668458e-01
4.240124088000000180e-01,7.612440164220012351e-01
4.240320347000000045e-01,7.612267698743558908e-01
4.240369410000000006e-01,7.612224580865051271e-01
4.240663778000000050e-01,7.611965901403062729e-01
4.240761895999999864e-01,7.611879657582343306e-01
4.240860012000000068e-01,7.611793451513853004e-01
4.241154346000000075e-01,7.611534776383063194e-01
4.241546759000000000e-01,7.611189948828331886e-01
4.241644856999999824e-01,7.611103709267978967e-01
4.241693905000000209e-01,7.611060605617024910e-01
4.242086267999999882e-01,7.610715794258861022e-01
4.242282435999999990e-01,7.610543409043426522e-01
4.242331476999999795e-01,7.610500293743188704e-01
4.242870885999999730e-01,7.610026227967037205e-01
4.243017986000000019e-01,7.609896948066129374e-01
4.243067018000000190e-01,7.609853846566206892e-01
4.243214110999999900e-01,7.609724568917921594e-01
4.243410227000000146e-01,7.609552189429849012e-01
4.243459253999999903e-01,7.609509113094075072e-01
4.243655358999999794e-01,7.609336753828290778e-01
4.243802430999999986e-01,7.609207486373716911e-01
4.244243617999999829e-01,7.608819709364417205e-01
4.244292635999999952e-01,7.608776621660756634e-01
4.244635746000000043e-01,7.608475045163296535e-01
4.244684758999999752e-01,7.608431967771736026e-01
4.244782784000000198e-01,7.608345804868121842e-01
4.244978828000000037e-01,7.608173493373435736e-01
4.245419892000000250e-01,7.607785806897798819e-01
4.245566903999999919e-01,7.607656557723209145e-01
4.245615905999999828e-01,7.607613499539308544e-01
4.245811910999999772e-01,7.607441211910596079e-01
4.245860911000000071e-01,7.607398132684891623e-01
4.246007907000000081e-01,7.607268912316316190e-01
4.246154898000000233e-01,7.607139718750883794e-01
4.246399872000000131e-01,7.606924365934565335e-01
4.246546849000000234e-01,7.606795170845739307e-01
4.246987750999999811e-01,7.606407572270060813e-01
4.247036737000000062e-01,7.606364491273959194e-01
4.247134707999999925e-01,7.606278373615765753e-01
4.247379625000000103e-01,7.606063063786016043e-01
4.247428607000000023e-01,7.606020011909107037e-01
4.247918392999999737e-01,7.605589452528794814e-01
4.248212237999999807e-01,7.605331106251989048e-01
4.248603999000000186e-01,7.604986710265098093e-01
4.248701933999999847e-01,7.604900591139871491e-01
4.248946760000000267e-01,7.604685351605435795e-01
4.249387412999999780e-01,7.604297934106558632e-01
4.249534287000000243e-01,7.604168816264432751e-01
4.249779066000000105e-01,7.603953575875954662e-01
4.249925925999999965e-01,7.603824463560313607e-01
4.250072782000000049e-01,7.603695365023829256e-01
4.250268581000000157e-01,7.603523195376137300e-01
4.250562263000000063e-01,7.603264971891389168e-01
4.250904866999999920e-01,7.602963739008719024e-01
4.250953807999999778e-01,7.602920713026662947e-01
4.251100628000000214e-01,7.602791606432331983e-01
4.251247443000000237e-01,7.602662507137067927e-01
4.251296379999999764e-01,7.602619493313823584e-01
4.251687856999999959e-01,7.602275256708126427e-01
4.251834650999999909e-01,7.602146180881705906e-01
4.251883582000000050e-01,7.602103155450903316e-01
4.252470702000000213e-01,7.601586889380106404e-01
4.252617470000000233e-01,7.601457828414180939e-01
4.252862070999999800e-01,7.601242738954020473e-01
4.253057741999999863e-01,7.601070666319029723e-01
4.253302318000000137e-01,7.600855608815754172e-01
4.253644701000000028e-01,7.600554511539434621e-01
4.254035961000000032e-01,7.600210430467144729e-01
4.254084866000000242e-01,7.600167412697925728e-01
4.254378285000000037e-01,7.599909374538592610e-01
4.254622785000000129e-01,7.599694348316337056e-01
4.254867271000000173e-01,7.599479322579039131e-01
4.254965061000000048e-01,7.599393334839943392e-01
4.255209528000000185e-01,7.599178332553890858e-01
4.255258418999999792e-01,7.599135322085939226e-01
4.255405091000000195e-01,7.599006324631719655e-01
4.255551757000000102e-01,7.598877354183801724e-01
4.255796190000000201e-01,7.598662377783297339e-01
4.255942842000000059e-01,7.598533383458312418e-01
4.256382770000000093e-01,7.598146459275910702e-01
4.256578279000000076e-01,7.597974494892161257e-01
4.256822652999999734e-01,7.597759584404791822e-01
4.257115882999999990e-01,7.597501670436731525e-01
4.257164753000000079e-01,7.597458674044349491e-01
4.257311357999999935e-01,7.597329707507867180e-01
4.257506824999999773e-01,7.597157801306136937e-01
4.257751144999999959e-01,7.596942889963623768e-01
4.257995451000000098e-01,7.596728007676935013e-01
4.258142027999999857e-01,7.596599054199654200e-01
4.258337455999999799e-01,7.596427160894285713e-01
4.258386311999999840e-01,7.596384210773685641e-01
4.258874838000000218e-01,7.595954478098017049e-01
4.259070232000000122e-01,7.595782604906526903e-01
4.259314463000000162e-01,7.595567732221186752e-01
4.259460994000000000e-01,7.595438848470322801e-01
4.259900558999999975e-01,7.595052155313540831e-01
4.259949397000000193e-01,7.595009205556007004e-01
4.260095906999999960e-01,7.594880332975182391e-01
4.260340078000000030e-01,7.594665513946475821e-01
4.260486574999999831e-01,7.594536638138044138e-01
4.260681895000000274e-01,7.594364819819989787e-01
4.261072510000000202e-01,7.594021193182406426e-01
4.261121333999999816e-01,7.593978218042352069e-01
4.261218981000000072e-01,7.593892309395671170e-01
4.261463087999999844e-01,7.593677560817695404e-01
4.261511908000000237e-01,7.593634608264866470e-01
4.261853630999999920e-01,7.593333970454964055e-01
4.261902445999999900e-01,7.593291022832118209e-01
4.262244137999999793e-01,7.592990391036770204e-01
4.262439377999999723e-01,7.592818643018456326e-01
4.262585802000000146e-01,7.592689818809523761e-01
4.262781026999999945e-01,7.592518021729470767e-01
4.262829831000000125e-01,7.592475095657756912e-01
4.263415443999999943e-01,7.591959866015648428e-01
4.263464242000000182e-01,7.591916930956676968e-01
4.263610630999999929e-01,7.591788111255073357e-01
4.263854601000000022e-01,7.591573448873103480e-01
4.264000976999999803e-01,7.591444646018132847e-01
4.264196136000000248e-01,7.591272944562662550e-01
4.264586429000000178e-01,7.590929514704086722e-01
4.264635212999999814e-01,7.590886595168272466e-01
4.264781561000000054e-01,7.590757817006500430e-01
4.265171799999999958e-01,7.590414443280014689e-01
4.265318129999999819e-01,7.590285667253570123e-01
4.265366905999999902e-01,7.590242748917348514e-01
4.265805862000000004e-01,7.589856477813778923e-01
4.265903401999999733e-01,7.589770648760844063e-01
4.265952170999999793e-01,7.589727715961283039e-01
4.266537355000000198e-01,7.589212769117754664e-01
4.266683638000000056e-01,7.589084055758081870e-01
4.266732397999999926e-01,7.589041144823763796e-01
4.266927433000000103e-01,7.588869493935821442e-01
4.267366228000000206e-01,7.588483357194947265e-01
4.267512482999999968e-01,7.588354623882936911e-01
4.268097452999999875e-01,7.587839797713367140e-01
4.268292425999999917e-01,7.587668240616622928e-01
4.268438648999999807e-01,7.587539520144961358e-01
4.268536128000000041e-01,7.587453732099035397e-01
4.268682342999999824e-01,7.587325069393583421e-01
4.268877288999999853e-01,7.587153499397175649e-01
4.269023491999999753e-01,7.587024790386727169e-01
4.269267152999999815e-01,7.586810355026412100e-01
4.269315884000000061e-01,7.586767481729892459e-01
4.269462071999999830e-01,7.586638802103831125e-01
4.269608254999999741e-01,7.586510126078316318e-01
4.269705708000000044e-01,7.586424363472029642e-01
4.269803159000000181e-01,7.586338584117288120e-01
4.269998052999999794e-01,7.586167033031043783e-01
4.270241658000000218e-01,7.585952632244913341e-01
4.270436532999999923e-01,7.585781114585276041e-01
4.270485250000000121e-01,7.585738224014904052e-01
4.270582681999999797e-01,7.585652475128173977e-01
4.270631397999999912e-01,7.585609592512706501e-01
4.271167231999999925e-01,7.585137944003489396e-01
4.271362063999999958e-01,7.584966450214346567e-01
4.271605592000000118e-01,7.584752073895959512e-01
4.271654295000000268e-01,7.584709217964908934e-01
4.271800404000000162e-01,7.584580590284972779e-01
4.271946507000000115e-01,7.584451988065346040e-01
4.272043905999999835e-01,7.584366240645629142e-01
4.272433480999999755e-01,7.584023310358439796e-01
4.272774330999999925e-01,7.583723282270568022e-01
4.272823021000000110e-01,7.583680430717270049e-01
4.272969088999999943e-01,7.583551833899567773e-01
4.273115152999999999e-01,7.583423251197476400e-01
4.273212525000000261e-01,7.583337531448188784e-01
4.273553312000000215e-01,7.583037547536625178e-01
4.273699355999999727e-01,7.582908966551772378e-01
4.273748036000000194e-01,7.582866101180563145e-01
4.274380824999999828e-01,7.582309029060059213e-01
4.274721518999999859e-01,7.582009099406772368e-01
4.275062185999999875e-01,7.581709173336329544e-01
4.275159513999999827e-01,7.581623469743437038e-01
4.275694780000000028e-01,7.581152204797095839e-01
4.275840750000000079e-01,7.581023686707941689e-01
4.275889406000000226e-01,7.580980867396168721e-01
4.275938060999999735e-01,7.580938042938989430e-01
4.276035369000000252e-01,7.580852353565817880e-01
4.276716466000000105e-01,7.580252674501568588e-01
4.276862401000000036e-01,7.580124189296811865e-01
4.277056973999999734e-01,7.579952873054955909e-01
4.277251537999999798e-01,7.579781543568122615e-01
4.277446093000000227e-01,7.579610247327718264e-01
4.277494729999999912e-01,7.579567415093336757e-01
4.277592002999999754e-01,7.579481752757158963e-01
4.277640638999999911e-01,7.579438939564634437e-01
4.278175593999999915e-01,7.578967880237962307e-01
4.278613236000000097e-01,7.578582526187379598e-01
4.278661859999999817e-01,7.578539704582357706e-01
4.278807728999999838e-01,7.578411252824096556e-01
4.279002212999999943e-01,7.578240011143070332e-01
4.279050831999999804e-01,7.578197186162094479e-01
4.279196687999999860e-01,7.578068755038821491e-01
4.279342537999999974e-01,7.577940298616187009e-01
4.279780060000000219e-01,7.577555041386758727e-01
4.279828670999999973e-01,7.577512220020972133e-01
4.279974500000000015e-01,7.577383799238154305e-01
4.280217538000000155e-01,7.577169768844487230e-01
4.280363354000000231e-01,7.577041349727196007e-01
4.280703571000000207e-01,7.576741757514081632e-01
4.280946567000000202e-01,7.576527754590677288e-01
4.280995164999999991e-01,7.576484971137714686e-01
4.281286738000000258e-01,7.576228186593484404e-01
4.281383925000000201e-01,7.576142576828345243e-01
4.281529700999999744e-01,7.576014203599634733e-01
4.281724062000000219e-01,7.575843009581509913e-01
4.282064171000000141e-01,7.575543472189975036e-01
4.282549995000000109e-01,7.575115615513337008e-01
4.282890039000000204e-01,7.574816109023208011e-01
4.283278627000000061e-01,7.574473848658025421e-01
4.283327197999999836e-01,7.574431065709535948e-01
4.283618612999999797e-01,7.574174390156994674e-01
4.283715746999999796e-01,7.574088830679868156e-01
4.283812879000000184e-01,7.574003283081456317e-01
4.283861444000000018e-01,7.573960529328029878e-01
4.284007134999999744e-01,7.573832195780649812e-01
4.284055697999999968e-01,7.573789408681813606e-01
4.284249943999999810e-01,7.573618315377425025e-01
4.284589852999999837e-01,7.573318927803156519e-01
4.284638409000000037e-01,7.573276140653665278e-01
4.284881181999999900e-01,7.573062310154894394e-01
4.285026839000000143e-01,7.572933994932256052e-01
4.285221040000000148e-01,7.572762912827264437e-01
4.285560871999999910e-01,7.572463600511758486e-01
4.285657962000000154e-01,7.572378058436447512e-01
4.285803592999999911e-01,7.572249773588366484e-01
4.285997758999999796e-01,7.572078730662140655e-01
4.286046299999999865e-01,7.572035956315765759e-01
4.286191917000000129e-01,7.571907702717322053e-01
4.286919929999999934e-01,7.571266389567662403e-01
4.286968460000000203e-01,7.571223620137176313e-01
4.287114046000000123e-01,7.571095375093934710e-01
4.287696341000000189e-01,7.570582381027237684e-01
4.287744862000000268e-01,7.570539658243188308e-01
4.287938941000000170e-01,7.570368655033868910e-01
4.287987459000000001e-01,7.570325900915888528e-01
4.288133009999999801e-01,7.570197668123449519e-01
4.288278556999999824e-01,7.570069461298004621e-01
4.288521123999999851e-01,7.569855748156848474e-01
4.288666656999999827e-01,7.569727537195907185e-01
4.288715167000000106e-01,7.569684788029127365e-01
4.289151733000000077e-01,7.569300175246341800e-01
4.289491253000000115e-01,7.569001033565834202e-01
4.289539754000000205e-01,7.568958319394589740e-01
4.289685252000000060e-01,7.568830129730974576e-01
4.289879242999999898e-01,7.568659192390844170e-01
4.290024731000000036e-01,7.568530994998137196e-01
4.290315690000000015e-01,7.568274655383502303e-01
4.290800579999999864e-01,7.567847424496826347e-01
4.290849064999999740e-01,7.567804689962401854e-01
4.291043004000000272e-01,7.567633783630948185e-01
4.291430853000000045e-01,7.567292069401272414e-01
4.291479331999999980e-01,7.567249319186973855e-01
4.291576288000000239e-01,7.567163898386523035e-01
4.291867142999999940e-01,7.566907615250169084e-01
4.292012563000000003e-01,7.566779493189715877e-01
4.292206447999999952e-01,7.566608612405110179e-01
4.292351857000000215e-01,7.566480481987437612e-01
4.292594193000000002e-01,7.566266941722563644e-01
4.292788052000000021e-01,7.566096124438798087e-01
4.292933440999999739e-01,7.565968020492156443e-01
4.293175744000000127e-01,7.565754497101102594e-01
4.293321119999999880e-01,7.565626392373154818e-01
4.293757216999999904e-01,7.565242063841052245e-01
4.293805669999999908e-01,7.565199386450864871e-01
4.294193270000000173e-01,7.564857780646574437e-01
4.294483947000000135e-01,7.564601623790051521e-01
4.294726162999999985e-01,7.564388161421005119e-01
4.294919925999999832e-01,7.564217401517003836e-01
4.295694890999999793e-01,7.563534417982947788e-01
4.296082320999999871e-01,7.563192953788069328e-01
4.296227597999999759e-01,7.563064924832748614e-01
4.296276023000000222e-01,7.563022250049481476e-01
4.296421293000000086e-01,7.562894192577076513e-01
4.296518138000000042e-01,7.562808838508425779e-01
4.296857076000000220e-01,7.562510097566813583e-01
4.296905493000000020e-01,7.562467434589396076e-01
4.297002327000000177e-01,7.562382098618822823e-01
4.297292813999999961e-01,7.562126044906821720e-01
4.297438049999999787e-01,7.561998034626470355e-01
4.297680099999999781e-01,7.561784675361885588e-01
4.297776915000000031e-01,7.561699359075856330e-01
4.297825323000000197e-01,7.561656705874655326e-01
4.298212559999999849e-01,7.561315355429714113e-01
4.298454566000000088e-01,7.561102037572994261e-01
4.298551365000000124e-01,7.561016716375782432e-01
4.298841747000000102e-01,7.560760757817712729e-01
4.299180502000000126e-01,7.560462135386566418e-01
4.299325674999999736e-01,7.560334182522301383e-01
4.299519230000000136e-01,7.560163582434217266e-01
4.299567617999999758e-01,7.560120911119700970e-01
4.299616004999999852e-01,7.560078259291951319e-01
4.299906314999999979e-01,7.559822331832656284e-01
4.299954698999999825e-01,7.559779691264945090e-01
4.300003081000000060e-01,7.559737035076287137e-01
4.300148226000000129e-01,7.559609079446450997e-01
4.300728756000000153e-01,7.559097344341763058e-01
4.300873875999999818e-01,7.558969380454509945e-01
4.300922247999999781e-01,7.558926743637467416e-01
4.301067362000000061e-01,7.558798811330693646e-01
4.301164101000000128e-01,7.558713552846926254e-01
4.301309206999999746e-01,7.558585636955331699e-01
4.301502672999999999e-01,7.558415068548572924e-01
4.301647766999999734e-01,7.558287136167617382e-01
4.301696131000000145e-01,7.558244496024631998e-01
4.301937941000000265e-01,7.558031322468323765e-01
4.302663288999999947e-01,7.557391856013546683e-01
4.303050091000000243e-01,7.557050827690431349e-01
4.303195133000000117e-01,7.556922940845218761e-01
4.303243479000000149e-01,7.556880322269657890e-01
4.303871930000000012e-01,7.556326215106726751e-01
4.304210289000000023e-01,7.556027910665364944e-01
4.304258624000000255e-01,7.555985291940545689e-01
4.304403625000000067e-01,7.555857425539086458e-01
4.304645281999999740e-01,7.555644348890144801e-01
4.304741941999999932e-01,7.555559131435020115e-01
4.304790271000000224e-01,7.555516511687970782e-01
4.304983580000000254e-01,7.555346078140953159e-01
4.305176882000000260e-01,7.555175633679397373e-01
4.305418496000000261e-01,7.554962589684461882e-01
4.305563458000000177e-01,7.554834735248836530e-01
4.305708415000000233e-01,7.554706941049820212e-01
4.305805051000000105e-01,7.554621705842391455e-01
4.305950000000000055e-01,7.554493911248530980e-01
4.306094944000000146e-01,7.554366098554916586e-01
4.306288194999999819e-01,7.554195674703060304e-01
4.306578055999999988e-01,7.553940086541134358e-01
4.306722979000000007e-01,7.553812286126289077e-01
4.307109416000000079e-01,7.553471523114108077e-01
4.307254321000000274e-01,7.553343750805807666e-01
4.307302621999999914e-01,7.553301138155583683e-01
4.307350922000000026e-01,7.553258546874398460e-01
4.307833892999999859e-01,7.552832627651582253e-01
4.308123649999999749e-01,7.552577105936093549e-01
4.308413387000000205e-01,7.552321580772258791e-01
4.308654820000000218e-01,7.552108683662258626e-01
4.308847955999999813e-01,7.551938327072802437e-01
4.309041083999999855e-01,7.551768037553950874e-01
4.309185924000000223e-01,7.551640286026533033e-01
4.309282481000000220e-01,7.551555132540035409e-01
4.309427312999999926e-01,7.551427396400723913e-01
4.309620415000000038e-01,7.551257101471905431e-01
4.310006592999999775e-01,7.550916505246185739e-01
4.310054863000000180e-01,7.550873930559353076e-01
4.310151400000000188e-01,7.550788762783935404e-01
4.310199668999999956e-01,7.550746214262815670e-01
4.310344469999999872e-01,7.550618505321744500e-01
4.310392735999999947e-01,7.550575912083906660e-01
4.310778843999999999e-01,7.550235386413208793e-01
4.311164918000000013e-01,7.549894869144502252e-01
4.311502703999999797e-01,7.549596923421582062e-01
4.311695712999999985e-01,7.549426693503482610e-01
4.311888712999999984e-01,7.549256453361421482e-01
4.312371175999999973e-01,7.548830897550109498e-01
4.312467662000000201e-01,7.548745790988035109e-01
4.312757106999999812e-01,7.548490492182376999e-01
4.312901822999999912e-01,7.548362809632241932e-01
4.313094768999999884e-01,7.548192630130983183e-01
4.313239473000000102e-01,7.548065002352088992e-01
4.313480634999999896e-01,7.547852240316400563e-01
4.313673554999999937e-01,7.547682079224243834e-01
4.313866466999999871e-01,7.547511895045345698e-01
4.314059370000000171e-01,7.547341735971895282e-01
4.314252264999999809e-01,7.547171589531437297e-01
4.314686245000000087e-01,7.546788741985019922e-01
4.314782679999999981e-01,7.546703666234535479e-01
4.314830895999999805e-01,7.546661115808771525e-01
4.315071970000000090e-01,7.546448471041832251e-01
4.315216606999999760e-01,7.546320865091662444e-01
4.315361240000000209e-01,7.546193282691211479e-01
4.315409450000000091e-01,7.546150737144960985e-01
4.315602284000000233e-01,7.545980630461813776e-01
4.315795109000000185e-01,7.545810505623939957e-01
4.315843314000000208e-01,7.545767981621199771e-01
4.316228934999999933e-01,7.545427785952260047e-01
4.316373533999999790e-01,7.545300218255285296e-01
4.316518127999999788e-01,7.545172645344532247e-01
4.316566325000000259e-01,7.545130141148203018e-01
4.316951881000000157e-01,7.544789964016872519e-01
4.317000073000000215e-01,7.544747433037738427e-01
4.317096456000000249e-01,7.544662401412846053e-01
4.317144646000000141e-01,7.544619878088785203e-01
4.317385590000000217e-01,7.544407297716818617e-01
4.317530151000000260e-01,7.544279764330473759e-01
4.318108343000000016e-01,7.543769640714317326e-01
4.318156522000000108e-01,7.543727126929754556e-01
4.318301056000000138e-01,7.543599582455832175e-01
4.318445585999999836e-01,7.543472077440309675e-01
4.318541935999999914e-01,7.543387062127969722e-01
4.319071823999999782e-01,7.542919531030189972e-01
4.319312660999999887e-01,7.542707018158659737e-01
4.319457156000000020e-01,7.542579532235683670e-01
4.319842454000000220e-01,7.542239540412977172e-01
4.320179561999999973e-01,7.541942062001530944e-01
4.320612946999999870e-01,7.541559649529931963e-01
4.320757398999999777e-01,7.541432201441484739e-01
4.320805549000000245e-01,7.541389695624957090e-01
4.320853698000000076e-01,7.541347196031462641e-01
4.321238870999999926e-01,7.541007331980025263e-01
4.321575870000000097e-01,7.540709920774691932e-01
4.321624009999999738e-01,7.540667469691062497e-01
4.321720290000000131e-01,7.540582505182581441e-01
4.322009115000000068e-01,7.540327613878554658e-01
4.322153521000000054e-01,7.540200174670772526e-01
4.322490447999999819e-01,7.539902836987173451e-01
4.322779221999999977e-01,7.539648008233525989e-01
4.322923600999999949e-01,7.539520563960367960e-01
4.323164224000000111e-01,7.539308213034391359e-01
4.323308590000000118e-01,7.539180799567390956e-01
4.323501072000000001e-01,7.539010941137678223e-01
4.323934124000000101e-01,7.538628755858459707e-01
4.324222802000000088e-01,7.538373976620460493e-01
4.324270913000000105e-01,7.538331506448905373e-01
4.324319023000000040e-01,7.538289041283404712e-01
4.324463351999999761e-01,7.538161682606735470e-01
4.324607675000000095e-01,7.538034290616703048e-01
4.324655781999999782e-01,7.537991836436649384e-01
4.324800099000000175e-01,7.537864466269174057e-01
4.325040615999999893e-01,7.537652197446877977e-01
4.325377318999999998e-01,7.537355002387187142e-01
4.325473515000000102e-01,7.537270113130170035e-01
4.325569707999999958e-01,7.537185189262901597e-01
4.325617803999999844e-01,7.537142738707733880e-01
4.325810183000000086e-01,7.536972946974114240e-01
4.326194915000000085e-01,7.536633365736113976e-01
4.326339181000000145e-01,7.536506024087337163e-01
4.326964275999999887e-01,7.535954272690640332e-01
4.327300828999999793e-01,7.535657190752729218e-01
4.327396982000000225e-01,7.535572297862185298e-01
4.327541207999999751e-01,7.535445010691924628e-01
4.327685427999999890e-01,7.535317701290538128e-01
4.327925785999999775e-01,7.535105514600688448e-01
4.328166129000000084e-01,7.534893356770351325e-01
4.328502589000000067e-01,7.534596367933642513e-01
4.328646776999999779e-01,7.534469094398157374e-01
4.328694839000000183e-01,7.534426649334633463e-01
4.328839020999999954e-01,7.534299364974450519e-01
4.329079315000000094e-01,7.534087250345450348e-01
4.329271539999999807e-01,7.533917556095468537e-01
4.329415703000000226e-01,7.533790311419085173e-01
4.329704014999999906e-01,7.533535773114116152e-01
4.329848163000000194e-01,7.533408523701426995e-01
4.330088400000000060e-01,7.533196430302881996e-01
4.330232535999999910e-01,7.533069200995138326e-01
4.330424709999999844e-01,7.532899529077969891e-01
4.330760994000000252e-01,7.532602625352193826e-01
4.331001179999999784e-01,7.532390597317010217e-01
4.331193320000000235e-01,7.532220960780058316e-01
4.331241352999999905e-01,7.532178543519040259e-01
4.331529544000000120e-01,7.531924137268926067e-01
4.331721660000000251e-01,7.531754493331644928e-01
4.331961792999999838e-01,7.531542503231419827e-01
4.332009817999999957e-01,7.531500070991415940e-01
4.332730129999999846e-01,7.530864130928202060e-01
4.332922193000000033e-01,7.530694520953020721e-01
4.333114247000000030e-01,7.530524946129476538e-01
4.333258282999999933e-01,7.530397787315051827e-01
4.333306292999999920e-01,7.530355401070465415e-01
4.333450321999999799e-01,7.530228206962754633e-01
4.333546339000000081e-01,7.530143441113134051e-01
4.333690359999999853e-01,7.530016282353625412e-01
4.333882379999999812e-01,7.529846718127374272e-01
4.334026389999999784e-01,7.529719577802955754e-01
4.334266394999999883e-01,7.529507646439289603e-01
4.334314395000000153e-01,7.529465285143135400e-01
4.334650375999999916e-01,7.529168596328023044e-01
4.334986331999999831e-01,7.528871936713306123e-01
4.335034322999999912e-01,7.528829572473455523e-01
4.335082313999999992e-01,7.528787179193487944e-01
4.335418236999999952e-01,7.528490558271306865e-01
4.335466223000000174e-01,7.528448175496897932e-01
4.335850097999999764e-01,7.528109206105921825e-01
4.335994041999999826e-01,7.527982070222926092e-01
4.336137982000000113e-01,7.527854982523108918e-01
4.336377871000000050e-01,7.527643154274208381e-01
4.336761665000000154e-01,7.527304230992174494e-01
4.336905578999999955e-01,7.527177127954474134e-01
4.337001518999999972e-01,7.527092397473424956e-01
4.337145425000000221e-01,7.526965308444129032e-01
4.337337291999999733e-01,7.526795864888604637e-01
4.337673040000000202e-01,7.526499372009345379e-01
4.338056719000000228e-01,7.526160509541817145e-01
4.338152633999999841e-01,7.526075815433179717e-01
4.338488318000000010e-01,7.525779367295930555e-01
4.338919874000000121e-01,7.525398190664529530e-01
4.339063717000000153e-01,7.525271165082062508e-01
4.339303442999999927e-01,7.525059446807969010e-01
4.339447272999999994e-01,7.524932397947787788e-01
4.339591098000000202e-01,7.524805398531353440e-01
4.340070480000000064e-01,7.524381968250688502e-01
4.340166349999999840e-01,7.524297323446281771e-01
4.340453947999999840e-01,7.524043295716331681e-01
4.340789454000000269e-01,7.523746962421706819e-01
4.340933235000000168e-01,7.523619936164922528e-01
4.341124934000000213e-01,7.523450620426611613e-01
4.341172857999999746e-01,7.523408311262170800e-01
4.341364547000000074e-01,7.523238988243965419e-01
4.341747900999999854e-01,7.522900361503980227e-01
4.341939564000000251e-01,7.522731068854974223e-01
4.342322867000000253e-01,7.522392474613190938e-01
4.342466596999999817e-01,7.522265526217652987e-01
4.342514505000000247e-01,7.522223207499629805e-01
4.342897756999999914e-01,7.521884666494202953e-01
4.343041468000000127e-01,7.521757718590794672e-01
4.343089370000000060e-01,7.521715410870309926e-01
4.343472570999999949e-01,7.521376908549221030e-01
4.343520469000000106e-01,7.521334571567009908e-01
4.343664159000000247e-01,7.521207637867379781e-01
4.343807843999999974e-01,7.521080732561852278e-01
4.344047308999999801e-01,7.520869189716544723e-01
4.344190982000000201e-01,7.520742275253735620e-01
4.344621971000000027e-01,7.520361505594337359e-01
4.344669856000000219e-01,7.520319236496277870e-01
4.345005036999999848e-01,7.520023132107180874e-01
4.345052918000000264e-01,7.519980811690695210e-01
4.345196557000000070e-01,7.519853915884848750e-01
4.345340192000000101e-01,7.519727009053690514e-01
4.345388069000000186e-01,7.519684727946394087e-01
4.345435945000000189e-01,7.519642448021600645e-01
4.345531697000000193e-01,7.519557841594531888e-01
4.345771066999999932e-01,7.519346362623947622e-01
4.345962553000000117e-01,7.519177198129587403e-01
4.346106162999999745e-01,7.519050296237702602e-01
4.346201899000000091e-01,7.518965750854542662e-01
4.346297633999999799e-01,7.518881152905034781e-01
4.346728415000000179e-01,7.518500560094543150e-01
4.347063435999999892e-01,7.518204553174475668e-01
4.347111295000000153e-01,7.518162259449587825e-01
4.347350576999999827e-01,7.517950883966844078e-01
4.347494141000000090e-01,7.517824029047535106e-01
4.347829104000000000e-01,7.517528078554851501e-01
4.348068346999999778e-01,7.517316701133882617e-01
4.348116194000000156e-01,7.517274412666247185e-01
4.348498952000000028e-01,7.516936216924688940e-01
4.348642476999999840e-01,7.516809392667209710e-01
4.348881675999999863e-01,7.516598047185381049e-01
4.349360033999999930e-01,7.516175360370204173e-01
4.349407867000000261e-01,7.516133093300281232e-01
4.349790511000000137e-01,7.515795002186811402e-01
4.349933993999999804e-01,7.515668198362460695e-01
4.349981820000000110e-01,7.515625952555556877e-01
4.350125296999999835e-01,7.515499159026081122e-01
4.350364413999999735e-01,7.515287842138234087e-01
4.350412236000000266e-01,7.515245618409899242e-01
4.350794790999999995e-01,7.514907554461669470e-01
4.351129499999999983e-01,7.514611764560688023e-01
4.351559802000000143e-01,7.514231523790166900e-01
4.351703225999999924e-01,7.514104767072520286e-01
4.351846645999999930e-01,7.513978018329507957e-01
4.351894452000000246e-01,7.513935796272555034e-01
4.352229075999999863e-01,7.513640077967133069e-01
4.352276876999999766e-01,7.513597812615706584e-01
4.352324678000000224e-01,7.513555581109262471e-01
4.352707066000000014e-01,7.513217656194343119e-01
4.352850451999999981e-01,7.513090937996905749e-01
4.353089419000000238e-01,7.512879767090420158e-01
4.353232793999999850e-01,7.512753023090887883e-01
4.353376163000000076e-01,7.512626347840927199e-01
4.353423952000000097e-01,7.512584103050704565e-01
4.353806243000000187e-01,7.512246246415369422e-01
4.353854026999999793e-01,7.512203989378753999e-01
4.353997376000000030e-01,7.512077310441106492e-01
4.354379615999999786e-01,7.511739488666956399e-01
4.354522947999999727e-01,7.511612818566291150e-01
4.354570723999999782e-01,7.511570598194602377e-01
4.354714049000000253e-01,7.511443915837086038e-01
4.355000686000000121e-01,7.511190554625685190e-01
4.355335070999999947e-01,7.510895027048559713e-01
4.355526136999999798e-01,7.510726136065989378e-01
4.355764957000000104e-01,7.510515069495360407e-01
4.356147042999999885e-01,7.510177325019611327e-01
4.356242558999999792e-01,7.510092909291330443e-01
4.356433585000000219e-01,7.509924058463232077e-01
4.356529095000000185e-01,7.509839648850060723e-01
4.356672355999999802e-01,7.509713003654679975e-01
4.356863362999999767e-01,7.509544187682953842e-01
4.357006613000000139e-01,7.509417566139070521e-01
4.357054362000000181e-01,7.509375363562507122e-01
4.357245351999999849e-01,7.509206539546640080e-01
4.357675049999999994e-01,7.508826693932582064e-01
4.358009230000000067e-01,7.508531311817153719e-01
4.358343384000000209e-01,7.508235914485037465e-01
4.358534318000000241e-01,7.508067133133816684e-01
4.358820702999999797e-01,7.507814003477398801e-01
4.359154794999999805e-01,7.507518648646561710e-01
4.359297970000000078e-01,7.507392072894660817e-01
4.359536583999999992e-01,7.507181162368871119e-01
4.359584304999999937e-01,7.507138944818861903e-01
4.359727465000000080e-01,7.507012416820536549e-01
4.360109202999999933e-01,7.506674936186956693e-01
4.360490907999999832e-01,7.506337502232053316e-01
4.360681747999999858e-01,7.506168764212300948e-01
4.360729456999999920e-01,7.506126594586377543e-01
4.360824871999999797e-01,7.506042234575437400e-01
4.361015697999999774e-01,7.505873532804202553e-01
4.361111107000000264e-01,7.505789196540442187e-01
4.361397323000000270e-01,7.505536150028039311e-01
4.361445024000000226e-01,7.505493961374732903e-01
4.361826610999999798e-01,7.505156595295766619e-01
4.361874307999999978e-01,7.505114422143981390e-01
4.362160473000000205e-01,7.504861450592129613e-01
4.362208166000000054e-01,7.504819253959897907e-01
4.362255857999999820e-01,7.504777099453558975e-01
4.362541998999999726e-01,7.504524111820258803e-01
4.362589687000000271e-01,7.504481941481192520e-01
4.363018858000000111e-01,7.504102511036078171e-01
4.363114223999999819e-01,7.504018173215208920e-01
4.363400308000000005e-01,7.503765219257563235e-01
4.363543342999999797e-01,7.503638753537470452e-01
4.363877073999999912e-01,7.503343681742844495e-01
4.363924747999999854e-01,7.503301537788339415e-01
4.364115437000000153e-01,7.503132932775254949e-01
4.364449123999999958e-01,7.502837878366105384e-01
4.364687455999999854e-01,7.502627136073513059e-01
4.364878112000000199e-01,7.502458558125763011e-01
4.365402373999999752e-01,7.501994998461922748e-01
4.365450030999999953e-01,7.501952854134390503e-01
4.365592998999999752e-01,7.501826421512939325e-01
4.365688308999999823e-01,7.501742120661801794e-01
4.365831269000000070e-01,7.501615725915558031e-01
4.366069524999999785e-01,7.501405043159146135e-01
4.366164824000000055e-01,7.501320777427775699e-01
4.366403063000000029e-01,7.501110112277338260e-01
4.366593644000000274e-01,7.500941586009849393e-01
4.367117699999999991e-01,7.500478143809320430e-01
4.367165337999999730e-01,7.500436016553302387e-01
4.367546426000000204e-01,7.500099010220017126e-01
4.367594060000000167e-01,7.500056880749190746e-01
4.367689324999999845e-01,7.499972631133239309e-01
4.367736957000000197e-01,7.499930507115593059e-01
4.368117994999999865e-01,7.499593554837918896e-01
4.368260876000000237e-01,7.499467166266492457e-01
4.368451375999999886e-01,7.499298708608098663e-01
4.368641867999999984e-01,7.499130253240510191e-01
4.368689490000000064e-01,7.499088129077293718e-01
4.368879970999999807e-01,7.498919672166696193e-01
4.369118061999999747e-01,7.498709108810870383e-01
4.369260910000000164e-01,7.498582775097345499e-01
4.369498978999999950e-01,7.498372196902876041e-01
4.369832255000000165e-01,7.498077450070498307e-01
4.369879863000000197e-01,7.498035351815320881e-01
4.370022686000000212e-01,7.497909022260488277e-01
4.370165504999999895e-01,7.497782738971857652e-01
4.370260713999999935e-01,7.497698519288312768e-01
4.370403525000000067e-01,7.497572193449486555e-01
4.370593931999999793e-01,7.497403796967202494e-01
4.370784329999999884e-01,7.497235379383520026e-01
4.370974720999999952e-01,7.497066987381537650e-01
4.371165102999999830e-01,7.496898617655244346e-01
4.371403067999999892e-01,7.496688132381338354e-01
4.371688610000000197e-01,7.496435579841553842e-01
4.371736198999999767e-01,7.496393479202002608e-01
4.372259638000000059e-01,7.495930500353433779e-01
4.372497544000000236e-01,7.495720064965850638e-01
4.372545124000000172e-01,7.495677977403503167e-01
4.372687860000000204e-01,7.495551738480713544e-01
4.372878166999999983e-01,7.495383382319245058e-01
4.373020892000000215e-01,7.495257132612966888e-01
4.373449039000000260e-01,7.494878421933480750e-01
4.373591746000000113e-01,7.494752191368757588e-01
4.373686881000000137e-01,7.494668029185439506e-01
4.373782013999999996e-01,7.494583887280801271e-01
4.374400327999999893e-01,7.494036926250958741e-01
4.374447886999999757e-01,7.493994842397456724e-01
4.374543002999999874e-01,7.493910717846087310e-01
4.374590560000000128e-01,7.493868625190504007e-01
4.374733230000000250e-01,7.493742455614482711e-01
4.374828339999999871e-01,7.493658300087651103e-01
4.375161209000000273e-01,7.493363828257172399e-01
4.375921958999999806e-01,7.492690820939472696e-01
4.376112125000000130e-01,7.492522624321495961e-01
4.376349822000000223e-01,7.492312324237424548e-01
4.376682575999999991e-01,7.492017941266344572e-01
4.376730110000000007e-01,7.491975884768046212e-01
4.376825175999999873e-01,7.491891791322947691e-01
4.377110363999999754e-01,7.491639488341809150e-01
4.377252951000000225e-01,7.491513329360809381e-01
4.377443060000000274e-01,7.491345114122494042e-01
4.377585635999999836e-01,7.491218992667473264e-01
4.377870775000000103e-01,7.490966705279550331e-01
4.378013337000000171e-01,7.490840573701597060e-01
4.378583540000000052e-01,7.490336111793916007e-01
4.378916124000000187e-01,7.490041835137977166e-01
4.379011143000000050e-01,7.489957781062624997e-01
4.379106159999999748e-01,7.489873693530296750e-01
4.379153667999999833e-01,7.489831662582099314e-01
4.379343694000000231e-01,7.489663518932254682e-01
4.379533711999999968e-01,7.489495403994813616e-01
4.379771223000000213e-01,7.489285266244917194e-01
4.379866224000000252e-01,7.489201196897375956e-01
4.380103717000000119e-01,7.488991052589015762e-01
4.380151213999999849e-01,7.488949020314418226e-01
4.380293701999999900e-01,7.488822957837082406e-01
4.380531172000000084e-01,7.488612813971353699e-01
4.380816117999999926e-01,7.488360701070004843e-01
4.380863608000000187e-01,7.488318687430541853e-01
4.381053560000000013e-01,7.488150592548828977e-01
4.381433438999999819e-01,7.487814457431285486e-01
4.381813285999999752e-01,7.487478318173803604e-01
4.382335520999999789e-01,7.487016193969614486e-01
4.382382993999999754e-01,7.486974217178740121e-01
4.382572880000000226e-01,7.486806180458144278e-01
4.382715288999999848e-01,7.486680141238384323e-01
4.382810226000000142e-01,7.486596135012362208e-01
4.383142488999999808e-01,7.486302102434637673e-01
4.383522187000000181e-01,7.485966086982389633e-01
4.383664566000000096e-01,7.485840088938188197e-01
4.383712023999999929e-01,7.485798105184560125e-01
4.384423839000000100e-01,7.485168173766703070e-01
4.384708533000000186e-01,7.484916203943147162e-01
4.384850873000000204e-01,7.484790227454305445e-01
4.384993207999999809e-01,7.484664245703445129e-01
4.385088094999999853e-01,7.484580287115858432e-01
4.385230422999999988e-01,7.484454323587736990e-01
4.385372746000000266e-01,7.484328364183426840e-01
4.385420186000000276e-01,7.484286366534939061e-01
4.385799686999999891e-01,7.483950506629193367e-01
4.385847122000000042e-01,7.483908528888296718e-01
4.385989424999999775e-01,7.483782603840647418e-01
4.386226585999999927e-01,7.483572703854342034e-01
4.386368876999999777e-01,7.483446766865115007e-01
4.386511162999999769e-01,7.483320817125904689e-01
4.386558589999999813e-01,7.483278850335481902e-01
4.386985415999999915e-01,7.482901066083375019e-01
4.387364782000000019e-01,7.482565277596353592e-01
4.387459617999999728e-01,7.482481348075287197e-01
4.387507035000000055e-01,7.482439403354840257e-01
4.387886355999999766e-01,7.482103642117444720e-01
4.388076003999999974e-01,7.481935775566702640e-01
4.388123414999999805e-01,7.481893823966324630e-01
4.388407867999999934e-01,7.481642039946716505e-01
4.388502682000000044e-01,7.481558116461931585e-01
4.388644898999999877e-01,7.481432236476701636e-01
4.388834514000000131e-01,7.481264408218057937e-01
4.389403310000000169e-01,7.480760907564784068e-01
4.389640287000000085e-01,7.480551146570521004e-01
4.389782467000000188e-01,7.480425304197003689e-01
4.389972033000000273e-01,7.480257488585018155e-01
4.390493296999999906e-01,7.479796047082780674e-01
4.390540681999999806e-01,7.479754115585680596e-01
4.390777597000000143e-01,7.479544398403209504e-01
4.391061879000000001e-01,7.479292719293173519e-01
4.391109256999999877e-01,7.479250794459607610e-01
4.391535639999999963e-01,7.478873361338593817e-01
4.391677759000000014e-01,7.478747518355425283e-01
4.391819873000000207e-01,7.478621707276935648e-01
4.392625097999999784e-01,7.477908876350128908e-01
4.392672458999999918e-01,7.477866939419193226e-01
4.392767181000000187e-01,7.477783102605172205e-01
4.393003976000000033e-01,7.477573453866075415e-01
4.393051333999999919e-01,7.477531520784438390e-01
4.393193403000000274e-01,7.477405752558896612e-01
4.393382821999999854e-01,7.477238046350478395e-01
4.393524880999999938e-01,7.477112296107383260e-01
4.393761635000000276e-01,7.476902684571949953e-01
4.393808985000000056e-01,7.476860773170905805e-01
4.394093070000000267e-01,7.476609240210755347e-01
4.394187761000000192e-01,7.476525388581640730e-01
4.394282449999999951e-01,7.476441584058263201e-01
4.394329793999999789e-01,7.476399651424997517e-01
4.394471822000000083e-01,7.476273890472396877e-01
4.394945216000000210e-01,7.475854769059785410e-01
4.395087223999999959e-01,7.475729064649563327e-01
4.395465889999999876e-01,7.475393778204427742e-01
4.396033827999999977e-01,7.474890903689481725e-01
4.396412412999999852e-01,7.474555702565428561e-01
4.396459732999999925e-01,7.474513803314244420e-01
4.396790964999999773e-01,7.474220533763773489e-01
4.396838281000000070e-01,7.474178624371491386e-01
4.397169483999999740e-01,7.473885361901639879e-01
4.397311420000000193e-01,7.473759671047492947e-01
4.397500662000000116e-01,7.473592115166410865e-01
4.397737201999999956e-01,7.473382646419540754e-01
4.397926424999999973e-01,7.473215107435248195e-01
4.398068337000000105e-01,7.473089422426316686e-01
4.398115639999999882e-01,7.473047547212856578e-01
4.398304847000000239e-01,7.472880005241091528e-01
4.398352146999999768e-01,7.472838129307393107e-01
4.398635939000000161e-01,7.472586803741819717e-01
4.398872417999999951e-01,7.472377412465995850e-01
4.399014298999999739e-01,7.472251766331325928e-01
4.399439915999999728e-01,7.471874867578964796e-01
4.399487203999999929e-01,7.471833008833344003e-01
4.399581779000000248e-01,7.471749246456388382e-01
4.399629065999999811e-01,7.471707352009481218e-01
4.400007341000000127e-01,7.471372388436789969e-01
4.400338305000000005e-01,7.471079297030367439e-01
4.400574693000000037e-01,7.470869934325369277e-01
4.400621968999999800e-01,7.470828084692220372e-01
4.400905614000000243e-01,7.470576899579921548e-01
4.401000158000000217e-01,7.470493150784247582e-01
4.401141970999999931e-01,7.470367583984415250e-01
4.401331048000000079e-01,7.470200105547015745e-01
4.401709176999999973e-01,7.469865229209758928e-01
4.402040012999999807e-01,7.469572219932466561e-01
4.402134533000000016e-01,7.469488518916718167e-01
4.402276308999999999e-01,7.469362939445608474e-01
4.402607102000000161e-01,7.469069987913281583e-01
4.402890620000000088e-01,7.468818903703806633e-01
4.403032371999999750e-01,7.468693321380243111e-01
4.403268614999999997e-01,7.468484117304543535e-01
4.403410354000000249e-01,7.468358559476865333e-01
4.403552090000000252e-01,7.468233026796100571e-01
4.403599334000000143e-01,7.468191170020088698e-01
4.404733037999999934e-01,7.467187037858620258e-01
4.404874731000000265e-01,7.467061542960278242e-01
4.405110875000000092e-01,7.466852358696970393e-01
4.405299780999999970e-01,7.466685057698959627e-01
4.405535903000000197e-01,7.466475895495715553e-01
4.405866451000000072e-01,7.466183106784201051e-01
4.406196975000000182e-01,7.465890345920580540e-01
4.406244190999999977e-01,7.465848503885073040e-01
4.406291406000000244e-01,7.465806667730741086e-01
4.406385835000000140e-01,7.465723036164549908e-01
4.406433048000000241e-01,7.465681213299065755e-01
4.406621897999999926e-01,7.465513930737399662e-01
4.406669108999999862e-01,7.465472125831487116e-01
4.406952364999999761e-01,7.465221213705552916e-01
4.407046779000000081e-01,7.465137555125866964e-01
4.407377215000000126e-01,7.464844868148768908e-01
4.407424417999999955e-01,7.464803023561399353e-01
4.407566023999999749e-01,7.464677588514283535e-01
4.407896419999999815e-01,7.464384930636264182e-01
4.407943617999999786e-01,7.464343095173875398e-01
4.408085206999999839e-01,7.464217675202150515e-01
4.408132402000000116e-01,7.464175860015297426e-01
4.408321178999999868e-01,7.464008643050215053e-01
4.408509948000000067e-01,7.463841408112780185e-01
4.408557137999999931e-01,7.463799610511253624e-01
4.408651518999999741e-01,7.463716004379102875e-01
4.408698708000000077e-01,7.463674191061598906e-01
4.408934647000000151e-01,7.463465157146470519e-01
4.409217758000000265e-01,7.463214362345449437e-01
4.409406488000000013e-01,7.463047164017591051e-01
4.409689567999999782e-01,7.462796382996278455e-01
4.409831101000000197e-01,7.462670981657033575e-01
4.410019805000000015e-01,7.462503830626212586e-01
4.410066979999999748e-01,7.462462032645250654e-01
4.410397188999999885e-01,7.462169467235266751e-01
4.410444359999999842e-01,7.462127671733437273e-01
4.410821706999999980e-01,7.461793367906144336e-01
4.410916039000000177e-01,7.461709811530414793e-01
4.410963204000000193e-01,7.461668021889599212e-01
4.411529146000000012e-01,7.461166581075863169e-01
4.411717776999999896e-01,7.460999464677726678e-01
4.411906400000000228e-01,7.460832346511291346e-01
4.412330772999999984e-01,7.460456341301802130e-01
4.412613665999999824e-01,7.460205704625415546e-01
4.412660813000000015e-01,7.460163926774131538e-01
4.412990827000000116e-01,7.459871522854236714e-01
4.413037969999999977e-01,7.459829758454988857e-01
4.413179395999999866e-01,7.459704450332298453e-01
4.413603645999999991e-01,7.459328525352774131e-01
4.413792188999999810e-01,7.459161478038933701e-01
4.413839323000000037e-01,7.459119702156689069e-01
4.413933590999999934e-01,7.459036174288644627e-01
4.414169250000000155e-01,7.458827367233329397e-01
4.414216380000000051e-01,7.458785591176019247e-01
4.414357768000000126e-01,7.458660302477301274e-01
4.414593405000000192e-01,7.458451525681212280e-01
4.414687655999999794e-01,7.458367986923292170e-01
4.415347358000000222e-01,7.457783431316603595e-01
4.415441593000000164e-01,7.457699927623733238e-01
4.415488710000000094e-01,7.457658173443305616e-01
4.415630057000000108e-01,7.457532909231443519e-01
4.415865626000000099e-01,7.457324175355500850e-01
4.416006961000000230e-01,7.457198936839088965e-01
4.416195400999999854e-01,7.457031929736683828e-01
4.416619361999999938e-01,7.456656232281259067e-01
4.416760672999999748e-01,7.456531029508118857e-01
4.416807775000000102e-01,7.456489302223622273e-01
4.416996181000000243e-01,7.456322325819877417e-01
4.417137480000000171e-01,7.456197105964008642e-01
4.417184579000000277e-01,7.456155365585526162e-01
4.417231676999999745e-01,7.456113625229279229e-01
4.417749724000000211e-01,7.455654550731469765e-01
4.418126446999999790e-01,7.455320678253664068e-01
4.418267710000000070e-01,7.455195502069013047e-01
4.418456052999999994e-01,7.455028552988135493e-01
4.418503138000000052e-01,7.454986825046383547e-01
4.418738554000000152e-01,7.454778202646299423e-01
4.418879796999999887e-01,7.454653025446479342e-01
4.419115191999999914e-01,7.454444402020989902e-01
4.419256423999999850e-01,7.454319219540638253e-01
4.419821304000000062e-01,7.453818603163755441e-01
4.419868373999999989e-01,7.453776861945465848e-01
4.419962512000000232e-01,7.453693445297033815e-01
4.420150783999999833e-01,7.453526599719910717e-01
4.420244916000000135e-01,7.453443155140486720e-01
4.420386110999999785e-01,7.453318003459924457e-01
4.420621426999999937e-01,7.453109451160654375e-01
4.420950846999999739e-01,7.452817492769542307e-01
4.421468458000000212e-01,7.452358702361309151e-01
4.421703714999999923e-01,7.452150188114354812e-01
4.422080100999999930e-01,7.451816551440261227e-01
4.422127148000000174e-01,7.451774858120345790e-01
4.422268282999999855e-01,7.451649770734618539e-01
4.422785739000000271e-01,7.451191094961133743e-01
4.422832777999999854e-01,7.451149414456093023e-01
4.423162032999999882e-01,7.450857573360314401e-01
4.423209068000000244e-01,7.450815889817022919e-01
4.423256101999999967e-01,7.450774160851828531e-01
4.423397201000000001e-01,7.450649122433621319e-01
4.424337745999999960e-01,7.449815369260980313e-01
4.424525831000000187e-01,7.449648657738465740e-01
4.424666889000000158e-01,7.449523600960846759e-01
4.424760925999999817e-01,7.449440255931749633e-01
4.425043022999999853e-01,7.449190194618208194e-01
4.425090038000000225e-01,7.449148490597136130e-01
4.425231077999999818e-01,7.449023476192142557e-01
4.425466136000000272e-01,7.448815100779483389e-01
4.425513146000000231e-01,7.448773443538622141e-01
4.425654172999999858e-01,7.448648403459052769e-01
4.425889208000000075e-01,7.448440063566579283e-01
4.426218236000000195e-01,7.448148359659338968e-01
4.426594238000000070e-01,7.447815059630366052e-01
4.426641236000000146e-01,7.447773372866882680e-01
4.426735231000000215e-01,7.447690055825012534e-01
4.426782227000000125e-01,7.447648402328989059e-01
4.426970209000000156e-01,7.447481749428349618e-01
4.427017202999999901e-01,7.447440088925761925e-01
4.427346146999999732e-01,7.447148447638989310e-01
4.427393137000000256e-01,7.447106767762834423e-01
4.427487115000000029e-01,7.447023477675408509e-01
4.427769039000000184e-01,7.446773547425297179e-01
4.428144909999999768e-01,7.446440303570108776e-01
4.428285853000000216e-01,7.446315334482392911e-01
4.428473769999999865e-01,7.446148710102170609e-01
4.428661678999999962e-01,7.445982145297338484e-01
4.428849581000000035e-01,7.445815518314451431e-01
4.428896554999999791e-01,7.445773901885689439e-01
4.428990501000000246e-01,7.445690600801956327e-01
4.429413237000000003e-01,7.445315774465413039e-01
4.429601106000000121e-01,7.445149240904793686e-01
4.429742003000000095e-01,7.445024282534814519e-01
4.429976821000000120e-01,7.444816089119062896e-01
4.430023782999999993e-01,7.444774473436958084e-01
4.430164667000000001e-01,7.444649548734467714e-01
4.430399461999999788e-01,7.444441367512388830e-01
4.430681201000000180e-01,7.444191546115135338e-01
4.430775109999999795e-01,7.444108284112258556e-01
4.431103774999999856e-01,7.443816877376657759e-01
4.431150724999999846e-01,7.443775265088854454e-01
4.431291573000000206e-01,7.443650380710726822e-01
4.431667143999999947e-01,7.443317338515734738e-01
4.431995743000000099e-01,7.443025975548897000e-01
4.432042683999999899e-01,7.442984346897082437e-01
4.432230442000000270e-01,7.442817855965654372e-01
4.432277379999999822e-01,7.442776243023492277e-01
4.432652867999999913e-01,7.442443301294600078e-01
4.432793668000000187e-01,7.442318423306758524e-01
4.432981394000000130e-01,7.442151970883187362e-01
4.433309894999999945e-01,7.441860689965650311e-01
4.433356822000000252e-01,7.441819072856779016e-01
4.433497599999999816e-01,7.441694233591670260e-01
4.433544524999999958e-01,7.441652592786996978e-01
4.433685296000000053e-01,7.441527785624487690e-01
4.433732219000000030e-01,7.441486170284513646e-01
4.434060664999999735e-01,7.441194925878360511e-01
4.434107583999999935e-01,7.441153311464054898e-01
4.434248337000000206e-01,7.441028483959341022e-01
4.434529830999999755e-01,7.440778881009193491e-01
4.434905128000000141e-01,7.440446030061627081e-01
4.434998948000000163e-01,7.440362833445934854e-01
4.435045857000000091e-01,7.440321227408631666e-01
4.435233486999999863e-01,7.440154841987312029e-01
4.435608724999999808e-01,7.439822094429515698e-01
4.435749431000000076e-01,7.439697283405528605e-01
4.435796331999999897e-01,7.439655707091187287e-01
4.436030829000000009e-01,7.439447735910051929e-01
4.436171521999999756e-01,7.439322969945236785e-01
4.436359105000000080e-01,7.439156600261126462e-01
4.436687355999999749e-01,7.438865490835517846e-01
4.436734247999999936e-01,7.438823904316876900e-01
4.436921806999999940e-01,7.438657549863578744e-01
4.437062471000000063e-01,7.438532800081582019e-01
4.437156245000000165e-01,7.438449663857696903e-01
4.437296902000000265e-01,7.438324913924035942e-01
4.437906362999999854e-01,7.437784362287713780e-01
4.438000119000000132e-01,7.437701230176912981e-01
4.438187625000000192e-01,7.437534907988881949e-01
4.438281374999999973e-01,7.437451767073461895e-01
4.438609484000000105e-01,7.437160753063039031e-01
4.438796964000000234e-01,7.436994476672436072e-01
4.438984436000000255e-01,7.436828171923138830e-01
4.439031303000000039e-01,7.436786624626815501e-01
4.439312492999999971e-01,7.436537212655791595e-01
4.439546804999999763e-01,7.436329385525149993e-01
4.440155957999999958e-01,7.435789104240470015e-01
4.440296518999999886e-01,7.435664424228854985e-01
4.440483928000000247e-01,7.435498180841280114e-01
4.440671328999999945e-01,7.435331932460916837e-01
4.440811874999999742e-01,7.435207289321051904e-01
4.440905568999999886e-01,7.435124191632819235e-01
4.440999261999999947e-01,7.435041069882112330e-01
4.441280327000000083e-01,7.434791756740419810e-01
4.441795567999999861e-01,7.434334725023155066e-01
4.441982914000000005e-01,7.434168522556593439e-01
4.442685389000000096e-01,7.433545377557924105e-01
4.442779043999999788e-01,7.433462305705880180e-01
4.442919523000000148e-01,7.433337694601436230e-01
4.443059998000000177e-01,7.433213088450807415e-01
4.443106821000000206e-01,7.433171548236933157e-01
4.443247289999999738e-01,7.433046945355541446e-01
4.443528212999999782e-01,7.432797737237681890e-01
4.443855935000000090e-01,7.432507012633257082e-01
4.443902750000000013e-01,7.432465472329704559e-01
4.444183631999999995e-01,7.432216300700305034e-01
4.444277255999999898e-01,7.432133232175376358e-01
4.444604922000000014e-01,7.431842565127836364e-01
4.444792148999999748e-01,7.431676478600865998e-01
4.445026172000000053e-01,7.431468835736402268e-01
4.445166580000000089e-01,7.431344297144365507e-01
4.445353783000000059e-01,7.431178214674305504e-01
4.445728165999999759e-01,7.430846087729812144e-01
4.445915346000000046e-01,7.430680011914886363e-01
4.446055725999999986e-01,7.430555445529952729e-01
4.446149309999999910e-01,7.430472430070311773e-01
4.446476838000000265e-01,7.430181845321216505e-01
4.446851126999999959e-01,7.429849800209926691e-01
4.446897911000000092e-01,7.429808274776462662e-01
4.446991477000000192e-01,7.429725260816584242e-01
4.447038259000000160e-01,7.429683760903773582e-01
4.447178602999999897e-01,7.429559250734696363e-01
4.447225383999999782e-01,7.429517720794847069e-01
4.447272164000000139e-01,7.429476230545878357e-01
4.447412499999999769e-01,7.429351739976566282e-01
4.447739935999999727e-01,7.429061207658985699e-01
4.447973802999999893e-01,7.428853703493676353e-01
4.448020575000000143e-01,7.428812219677192186e-01
4.448160889000000173e-01,7.428687720761073532e-01
4.448488268999999939e-01,7.428397259816045262e-01
4.448675331999999982e-01,7.428231266040212777e-01
4.449096196999999808e-01,7.427857839226500447e-01
4.449283235000000003e-01,7.427691902364021992e-01
4.449517021000000128e-01,7.427484457432068643e-01
4.449657287000000072e-01,7.427359994785447395e-01
4.449984557000000174e-01,7.427069614203373193e-01
4.450171558000000083e-01,7.426903652575955750e-01
4.450265055000000025e-01,7.426820699674581139e-01
4.450639024999999971e-01,7.426488855109204534e-01
4.450779255999999795e-01,7.426364433115791863e-01
4.450966223000000221e-01,7.426198528666400067e-01
4.451012964000000127e-01,7.426157057527758010e-01
4.451340133999999726e-01,7.425866734598112195e-01
4.451386870999999856e-01,7.425825262333058951e-01
4.451480342999999951e-01,7.425742323650343923e-01
4.451667281000000198e-01,7.425576454451192632e-01
4.451760746000000268e-01,7.425493494540409412e-01
4.451900941999999972e-01,7.425369082797435016e-01
4.452041132999999817e-01,7.425244673088083891e-01
4.452228046999999744e-01,7.425078812800791628e-01
4.452648574999999997e-01,7.424705646069346132e-01
4.452788743000000160e-01,7.424581267957927055e-01
4.452882184999999993e-01,7.424498333586742049e-01
4.453022345000000048e-01,7.424373946604583274e-01
4.453209217999999914e-01,7.424208128781284444e-01
4.453582940999999962e-01,7.423876468837584675e-01
4.453629653999999771e-01,7.423834994666553833e-01
4.453723077999999780e-01,7.423752109190714377e-01
4.453769790000000062e-01,7.423710645631121929e-01
4.453956632000000138e-01,7.423544847642725708e-01
4.454003341000000171e-01,7.423503363395963506e-01
4.454283586000000184e-01,7.423254681852740067e-01
4.454330291999999969e-01,7.423213215408176469e-01
4.454890723000000108e-01,7.422715870959561979e-01
4.455217607999999996e-01,7.422425752451898839e-01
4.455264304000000064e-01,7.422384309572254146e-01
4.455824617999999959e-01,7.421887016142715288e-01
4.455871307000000003e-01,7.421845612853348317e-01
4.456011373000000053e-01,7.421721275169009813e-01
4.456151434999999772e-01,7.421596976787574462e-01
4.456711636999999837e-01,7.421099793501261255e-01
4.456945032999999889e-01,7.420892611415480511e-01
4.456991711000000134e-01,7.420851189192068098e-01
4.457131742000000063e-01,7.420726895885737529e-01
4.457271768000000134e-01,7.420602633027242323e-01
4.457318443000000130e-01,7.420561206618703221e-01
4.457365115999999960e-01,7.420519797622543434e-01
4.457505135000000007e-01,7.420395518925134715e-01
4.457691819999999860e-01,7.420229809645080277e-01
4.458205163999999776e-01,7.419774166564225837e-01
4.458251829000000055e-01,7.419732754040256895e-01
4.458485145000000149e-01,7.419525668021811349e-01
4.458765108000000144e-01,7.419277155592699513e-01
4.458811766999999926e-01,7.419235763455543919e-01
4.458951740000000052e-01,7.419111516868877043e-01
4.458998397000000224e-01,7.419070080370757658e-01
4.459231673999999868e-01,7.418863022287932596e-01
4.459744840000000043e-01,7.418407535733215763e-01
4.459931431999999973e-01,7.418241901728797050e-01
4.460304590999999985e-01,7.417910656779450607e-01
4.460444517000000109e-01,7.417786483831491084e-01
4.460491159000000150e-01,7.417745067347646382e-01
4.460724356999999918e-01,7.417538080355611241e-01
4.460864271000000159e-01,7.417413864943581681e-01
4.461004179999999986e-01,7.417289651787352112e-01
4.461050815000000003e-01,7.417248269917435799e-01
4.461097450000000020e-01,7.417206870200867552e-01
4.461470511999999777e-01,7.416875708798235101e-01
4.461610402000000253e-01,7.416751526271115891e-01
4.462123295000000045e-01,7.416296253078258349e-01
4.462356407999999997e-01,7.416089282359782375e-01
4.462542890000000262e-01,7.415923750788694369e-01
4.462589509000000065e-01,7.415882355790011093e-01
4.462682747000000227e-01,7.415799599203805048e-01
4.463102290000000028e-01,7.415427160139806961e-01
4.463288739999999866e-01,7.415261643477192299e-01
4.463428573000000066e-01,7.415137471285914161e-01
4.463661619000000025e-01,7.414930615277627313e-01
4.463708225999999946e-01,7.414889211476788367e-01
4.463848046000000180e-01,7.414765092151257564e-01
4.463987862000000084e-01,7.414640967151383544e-01
4.464034465999999757e-01,7.414599584293581902e-01
4.464081069999999984e-01,7.414558216738432739e-01
4.464826662999999973e-01,7.413896300789720728e-01
4.465106227999999788e-01,7.413648097874931953e-01
4.465199413000000006e-01,7.413565345764543402e-01
4.465339186000000238e-01,7.413441249712151571e-01
4.465525543000000153e-01,7.413275801941552334e-01
4.465665306000000112e-01,7.413151746188194613e-01
4.465944819000000066e-01,7.412903569920300528e-01
4.466084569000000060e-01,7.412779490659580084e-01
4.466596948000000067e-01,7.412324567946658727e-01
4.466969550000000067e-01,7.411993768002083094e-01
4.467062695999999833e-01,7.411911053003623628e-01
4.467388689999999829e-01,7.411621599603757105e-01
4.467435258999999936e-01,7.411580278446725512e-01
4.467574961999999927e-01,7.411456219492872366e-01
4.467761225999999919e-01,7.411290844694345958e-01
4.467807791000000250e-01,7.411249492737304045e-01
4.468133731000000219e-01,7.410960105503157092e-01
4.468319971999999973e-01,7.410794709563608418e-01
4.468552761999999845e-01,7.410588040811907362e-01
4.468692430999999798e-01,7.410464021477937147e-01
4.469064857999999751e-01,7.410133334871455979e-01
4.469297608999999727e-01,7.409926654014039604e-01
4.469437253999999915e-01,7.409802643809162426e-01
4.469576894999999772e-01,7.409678654635113437e-01
4.469669985999999984e-01,7.409595992252994145e-01
4.469949248000000264e-01,7.409348018163829375e-01
4.469995789999999802e-01,7.409306675258233721e-01
4.470135413999999918e-01,7.409182701657294201e-01
4.470368109000000256e-01,7.408976081414010428e-01
4.470554257000000087e-01,7.408810782207554402e-01
4.470740396999999811e-01,7.408645496880027492e-01
4.470926528999999983e-01,7.408480214454757906e-01
4.471066122999999837e-01,7.408356242130229585e-01
4.471159183999999787e-01,7.408273614507849825e-01
4.471484879000000023e-01,7.407984370907514382e-01
4.471531404999999904e-01,7.407943076934453419e-01
4.471624456000000136e-01,7.407860425080332600e-01
4.471670980999999934e-01,7.407819126301413704e-01
4.471903595999999759e-01,7.407612537524487228e-01
4.472043159999999906e-01,7.407488632717253996e-01
4.472229238000000051e-01,7.407323371081800945e-01
4.472368790999999844e-01,7.407199429114192935e-01
4.472415308000000089e-01,7.407158146367406326e-01
4.472601371000000103e-01,7.406992917440801127e-01
4.472647885000000101e-01,7.406951612813907904e-01
4.472926960999999979e-01,7.406703758649544334e-01
4.473019983000000033e-01,7.406621153302628269e-01
4.473764085999999973e-01,7.405960333186977218e-01
4.473857090000000203e-01,7.405877739332298315e-01
4.474089592000000115e-01,7.405671253239719531e-01
4.474275584999999889e-01,7.405506074649466086e-01
4.474461570000000110e-01,7.405340900258228221e-01
4.474833516999999761e-01,7.405010574289287995e-01
4.474880008000000076e-01,7.404969255109064008e-01
4.475251920000000161e-01,7.404638971838574113e-01
4.475577318000000249e-01,7.404349953891751213e-01
4.475949173000000059e-01,7.404019701424013888e-01
4.476088610000000245e-01,7.403895844289797301e-01
4.476135088000000040e-01,7.403854586802969262e-01
4.476367472000000181e-01,7.403648170829105757e-01
4.476506895999999847e-01,7.403524375707475347e-01
4.476692788000000145e-01,7.403359248026959438e-01
4.476832203000000177e-01,7.403235430653394289e-01
4.477111018000000109e-01,7.402987779603841245e-01
4.477436281000000129e-01,7.402698894668530150e-01
4.477482744999999875e-01,7.402657619817166745e-01
4.477854440999999852e-01,7.402327491818833094e-01
4.478179649999999845e-01,7.402038624793607635e-01
4.478226106000000040e-01,7.401997338596359999e-01
4.478319016999999791e-01,7.401914831697548047e-01
4.478365471999999903e-01,7.401873573843322784e-01
4.478504835000000073e-01,7.401749777168965538e-01
4.479062240000000195e-01,7.401254653615374490e-01
4.479294470999999889e-01,7.401048387059736555e-01
4.479340915999999728e-01,7.401007119786795485e-01
4.479480248000000109e-01,7.400883342592247116e-01
4.479712457999999731e-01,7.400677089151397325e-01
4.479851778000000229e-01,7.400553330433455868e-01
4.479991093999999840e-01,7.400429571567056497e-01
4.480455448999999812e-01,7.400017115984413030e-01
4.480594746000000073e-01,7.399893374057630036e-01
4.480826897999999892e-01,7.399687149881498671e-01
4.480966183999999797e-01,7.399563420052567286e-01
4.481105464999999843e-01,7.399439693405558405e-01
4.481523283000000135e-01,7.399068529511596548e-01
4.481569704999999737e-01,7.399027299109344202e-01
4.481941061999999976e-01,7.398697398141010906e-01
4.482033896000000017e-01,7.398614921820110268e-01
4.482265973999999820e-01,7.398408768442321648e-01
4.482451626999999772e-01,7.398243844503997746e-01
4.482776501999999885e-01,7.397955217516319903e-01
4.482962134999999848e-01,7.397790338986899306e-01
4.483379779000000176e-01,7.397419304384394989e-01
4.483518985000000123e-01,7.397295643051444713e-01
4.483750986000000216e-01,7.397089511428672770e-01
4.483797385000000135e-01,7.397048299393661486e-01
4.484168557000000055e-01,7.396718556498826924e-01
4.484307739000000237e-01,7.396594895047365892e-01
4.484864423000000100e-01,7.396100339805892210e-01
4.484910810000000136e-01,7.396059093261401207e-01
4.485003583000000127e-01,7.395976684472832519e-01
4.485049967999999998e-01,7.395935492660158372e-01
4.485606560000000020e-01,7.395440957765943013e-01
4.485977582999999824e-01,7.395111335874358094e-01
4.486023957999999978e-01,7.395070123298587150e-01
4.486163081999999802e-01,7.394946527492657351e-01
4.486534059000000241e-01,7.394616908196810501e-01
4.487090465999999944e-01,7.394122553680712029e-01
4.487136830999999826e-01,7.394081346649321596e-01
4.487229556999999813e-01,7.393998953365190641e-01
4.487507727000000224e-01,7.393751827391052966e-01
4.487646805000000128e-01,7.393628255378007497e-01
4.487785879000000255e-01,7.393504668438736216e-01
4.487832234999999947e-01,7.393463483912217082e-01
4.487878592000000277e-01,7.393422313979411964e-01
4.487971304000000217e-01,7.393339938660986599e-01
4.488203074000000070e-01,7.393134002970270791e-01
4.488388481999999735e-01,7.392969234786933574e-01
4.488527533000000180e-01,7.392845694673233492e-01
4.488712926999999797e-01,7.392680960636963672e-01
4.488759273999999855e-01,7.392639758039634135e-01
4.488898313999999945e-01,7.392516246980442851e-01
4.488944658999999837e-01,7.392475046223417889e-01
4.489130036000000268e-01,7.392310322551387536e-01
4.489361747000000236e-01,7.392104445605370833e-01
4.489454427999999830e-01,7.392022105757007910e-01
4.489500767999999864e-01,7.391980904997879076e-01
4.489732458999999842e-01,7.391775026055673603e-01
4.489871469000000226e-01,7.391651510567535110e-01
4.490010473000000113e-01,7.391527997873557077e-01
4.490056807000000205e-01,7.391486841420248366e-01
4.490195806999999761e-01,7.391363299146407329e-01
4.490381131999999775e-01,7.391198634071396434e-01
4.490473791999999853e-01,7.391116305105318585e-01
4.490751760000000203e-01,7.390869292532260548e-01
4.491168680000000024e-01,7.390498780322511951e-01
4.491215002000000234e-01,7.390457641203583838e-01
4.491539243000000070e-01,7.390169526745373751e-01
4.491724512999999974e-01,7.390004872333119090e-01
4.491956089999999957e-01,7.389799077719328979e-01
4.492280276999999766e-01,7.389510973140315242e-01
4.492419208000000275e-01,7.389387524689888798e-01
4.492465516999999964e-01,7.389346361680818598e-01
4.492650749000000054e-01,7.389181763629223409e-01
4.493345300000000098e-01,7.388564521998463031e-01
4.493391599000000070e-01,7.388523401386855038e-01
4.493715683000000238e-01,7.388235358919097440e-01
4.493761978999999962e-01,7.388194223764161794e-01
4.493947158000000108e-01,7.388029671662706965e-01
4.494132328000000065e-01,7.387865110870572849e-01
4.494317490999999998e-01,7.387700514295726384e-01
4.494456358999999734e-01,7.387577134402649737e-01
4.494641508000000174e-01,7.387412579741846619e-01
4.495289471999999731e-01,7.386836680936684774e-01
4.495613419000000222e-01,7.386548794249344629e-01
4.496168703000000266e-01,7.386055261331695432e-01
4.496307513000000200e-01,7.385931883585497015e-01
4.496400051000000175e-01,7.385849664493226996e-01
4.496538854000000085e-01,7.385726295226708871e-01
4.496677652000000136e-01,7.385602939882701667e-01
4.496723918000000153e-01,7.385561809830477609e-01
4.496862710999999790e-01,7.385438466734551843e-01
4.497279063999999882e-01,7.385068395940110886e-01
4.497510353999999988e-01,7.384862821032803781e-01
4.497649122999999860e-01,7.384739481885957968e-01
4.497834141000000008e-01,7.384575027882886999e-01
4.497880395000000142e-01,7.384533913832109775e-01
4.498204155000000148e-01,7.384246144697168557e-01
4.498250404999999952e-01,7.384205043178418970e-01
4.498342901999999865e-01,7.384122804459009037e-01
4.498620383999999972e-01,7.383876177181798450e-01
4.498759118999999806e-01,7.383752871687156993e-01
4.499082816000000151e-01,7.383465138342292233e-01
4.499314013999999862e-01,7.383259641587884836e-01
4.499637671000000227e-01,7.382971974067408238e-01
4.499730140000000045e-01,7.382889747319175688e-01
4.499868839999999759e-01,7.382766463241274835e-01
4.500053767000000149e-01,7.382602087563198134e-01
4.500377371000000015e-01,7.382314434443970619e-01
4.500423598000000136e-01,7.382273330074647921e-01
4.500469825000000257e-01,7.382232237871291236e-01
4.500608502999999816e-01,7.382108989443897373e-01
4.500747176000000072e-01,7.381985717270974634e-01
4.500793398999999861e-01,7.381944644633460229e-01
4.500839622000000206e-01,7.381903532635691878e-01
4.501163168999999797e-01,7.381615951909652473e-01
4.501209388999999894e-01,7.381574847724735600e-01
4.501579124999999793e-01,7.381246164736414705e-01
4.501856407000000004e-01,7.380999670235142140e-01
4.502226089999999958e-01,7.380671072045312808e-01
4.502457126000000143e-01,7.380465666750186671e-01
4.502688150999999972e-01,7.380260297614681386e-01
4.502780558000000211e-01,7.380178171490899830e-01
4.502826759999999928e-01,7.380137082687212580e-01
4.503196362999999924e-01,7.379808525741244907e-01
4.503519742000000048e-01,7.379521030700494366e-01
4.503704519000000239e-01,7.379356749036541929e-01
4.503750711999999767e-01,7.379315707979169359e-01
4.503796903999999768e-01,7.379274646127441661e-01
4.503935479000000242e-01,7.379151445477079019e-01
4.504120239000000137e-01,7.378987173956231826e-01
4.504304990999999925e-01,7.378822930210644504e-01
4.504489736000000244e-01,7.378658721268389620e-01
4.504905383999999735e-01,7.378289175811038048e-01
4.504997745000000053e-01,7.378207063818753575e-01
4.505274817000000098e-01,7.377960738603563939e-01
4.505413347000000179e-01,7.377837558875395274e-01
4.505551871999999847e-01,7.377714405767094030e-01
4.505736564999999749e-01,7.377550227553740791e-01
4.506290600999999785e-01,7.377057639230115704e-01
4.506382934000000007e-01,7.376975556508946763e-01
4.506659920000000152e-01,7.376729283402035930e-01
4.506706082999999974e-01,7.376688239861400875e-01
4.507075367999999749e-01,7.376359912506798011e-01
4.507213842000000192e-01,7.376236804422784399e-01
4.507259999000000072e-01,7.376195772411036078e-01
4.507490777000000004e-01,7.375990586894058954e-01
4.507859998000000035e-01,7.375662274028653709e-01
4.507952298999999829e-01,7.375580226778279958e-01
4.508183042000000196e-01,7.375375068405843892e-01
4.508229188999999804e-01,7.375334057728287762e-01
4.508367627000000044e-01,7.375210948197171712e-01
4.508598348999999783e-01,7.375005806706903533e-01
4.508736776000000224e-01,7.374882735581246296e-01
4.508921340000000000e-01,7.374718637021826506e-01
4.509105895000000142e-01,7.374554529693960747e-01
4.509290443000000259e-01,7.374390425014926143e-01
4.509336579000000067e-01,7.374349405868770857e-01
4.509474983999999798e-01,7.374226326463202419e-01
4.509613384000000225e-01,7.374103261821268740e-01
4.509844042000000219e-01,7.373898194748815804e-01
4.510166943000000206e-01,7.373611081346849172e-01
4.510397573000000104e-01,7.373405992066983661e-01
4.510443697000000030e-01,7.373364976813840954e-01
4.510582067999999722e-01,7.373241937071211005e-01
4.511089390999999948e-01,7.372790817822519882e-01
4.511135507999999850e-01,7.372749812479560960e-01
4.511504430000000121e-01,7.372421757258565966e-01
4.511550543999999774e-01,7.372380742977354684e-01
4.511919432000000008e-01,7.372052743602112157e-01
4.512242184999999961e-01,7.371765734286654936e-01
4.512380500000000016e-01,7.371642718048871945e-01
4.512426603999999952e-01,7.371601725933009108e-01
4.512657118000000245e-01,7.371396751757606225e-01
4.512795420999999862e-01,7.371273751343748737e-01
4.513025916000000248e-01,7.371068765535846445e-01
4.513348589999999771e-01,7.370781830509062216e-01
4.513671240000000084e-01,7.370494900451112219e-01
4.513763422000000025e-01,7.370412947882161170e-01
4.513855601999999800e-01,7.370330942438640953e-01
4.514039954999999882e-01,7.370167023338839440e-01
4.514086043000000159e-01,7.370126031307033809e-01
4.514270387000000051e-01,7.369962064821815595e-01
4.514408639999999973e-01,7.369839152632470247e-01
4.514823374999999972e-01,7.369470303891940688e-01
4.515007689000000157e-01,7.369306367186271300e-01
4.515330221000000144e-01,7.369019536232027656e-01
4.515376294999999818e-01,7.368978564918191587e-01
4.515514514000000257e-01,7.368855645504347462e-01
4.515744870999999772e-01,7.368650778164743675e-01
4.515929147000000143e-01,7.368486876517845729e-01
4.515975214999999876e-01,7.368445926617648301e-01
4.516067349999999814e-01,7.368363985511365843e-01
4.516343742000000216e-01,7.368118155500623656e-01
4.516666179000000114e-01,7.367831406040081799e-01
4.517034649000000179e-01,7.367503684490620541e-01
4.517080706000000112e-01,7.367462746888405745e-01
4.517218873000000134e-01,7.367339870788861544e-01
4.517357035999999826e-01,7.367216975136791079e-01
4.517403090000000065e-01,7.367175993053554084e-01
4.517587298999999890e-01,7.367012171192763859e-01
4.517817548999999988e-01,7.366807390304248582e-01
4.518139879999999997e-01,7.366520716167513916e-01
4.518462188999999851e-01,7.366234015621094811e-01
4.518554271999999927e-01,7.366152153447573792e-01
4.518692395000000195e-01,7.366029262546153200e-01
4.519014662999999987e-01,7.365742663954306657e-01
4.519244841000000235e-01,7.365537915042772443e-01
4.519428974999999959e-01,7.365374130899448035e-01
4.519659132000000135e-01,7.365169427929569856e-01
4.519935304000000098e-01,7.364923764872504108e-01
4.519981331999999852e-01,7.364882836594204285e-01
4.520487598999999856e-01,7.364432506441085380e-01
4.520533621000000224e-01,7.364391574000747065e-01
4.520763721000000124e-01,7.364186916237723812e-01
4.520901775999999761e-01,7.364064135151204837e-01
4.521085841999999966e-01,7.363900373083317463e-01
4.521131857999999837e-01,7.363859441291148444e-01
4.521223886999999886e-01,7.363777615908387864e-01
4.521453952000000220e-01,7.363572954403665438e-01
4.521499963999999760e-01,7.363532026240866557e-01
4.522006061000000132e-01,7.363081852666979454e-01
4.522190083000000027e-01,7.362918146967880606e-01
4.522696103000000134e-01,7.362468040183568485e-01
4.522742102000000264e-01,7.362427113421013969e-01
4.522880095999999850e-01,7.362304362127328750e-01
4.523110076999999896e-01,7.362099775563519799e-01
4.523294053999999953e-01,7.361936125532295705e-01
4.523661983999999747e-01,7.361608806386736870e-01
4.523983898999999753e-01,7.361322450421350361e-01
4.524029884999999918e-01,7.361281536904641376e-01
4.524075869999999999e-01,7.361240651580801542e-01
4.524397754999999743e-01,7.360954292478191219e-01
4.524765595999999945e-01,7.360627040661407161e-01
4.524811574000000003e-01,7.360586157919227768e-01
4.524903529000000035e-01,7.360504347078588028e-01
4.524949504999999927e-01,7.360463453115372312e-01
4.525317300999999737e-01,7.360136256863176740e-01
4.525455217000000085e-01,7.360013558655561505e-01
4.526190695999999791e-01,7.359359244949138512e-01
4.526420508999999814e-01,7.359154795307404351e-01
4.526604350999999804e-01,7.358991267820661486e-01
4.526972012000000101e-01,7.358664146367214220e-01
4.527017968000000003e-01,7.358623265574888439e-01
4.527155831999999935e-01,7.358500601224874371e-01
4.527339644000000218e-01,7.358337099384074653e-01
4.527523447999999839e-01,7.358173549375064404e-01
4.527845087999999851e-01,7.357887391830054691e-01
4.528258592000000138e-01,7.357519517850643620e-01
4.528488299000000272e-01,7.357315148872450861e-01
4.528580179000000205e-01,7.357233400127273226e-01
4.528626118999999894e-01,7.357192518603036246e-01
4.528763933000000130e-01,7.357069919490940579e-01
4.528993615999999944e-01,7.356865570041545288e-01
4.529177353000000128e-01,7.356702053641992478e-01
4.529223285999999793e-01,7.356661207841688199e-01
4.529315151000000150e-01,7.356579470629568407e-01
4.529590734999999757e-01,7.356334266208033323e-01
4.529728519999999814e-01,7.356211690910504641e-01
4.530050004000000241e-01,7.355925622123908880e-01
4.530233698000000198e-01,7.355762201460129823e-01
4.530463305999999912e-01,7.355557907861536293e-01
4.530692901999999744e-01,7.355353616497807279e-01
4.530830653999999846e-01,7.355231072019490224e-01
4.531060230999999772e-01,7.355026787581365744e-01
4.531519351000000140e-01,7.354618262332764944e-01
4.531565261000000122e-01,7.354577396634766062e-01
4.531794800999999762e-01,7.354373153193619617e-01
4.532070234000000197e-01,7.354128092860032773e-01
4.532116138000000238e-01,7.354087256216741419e-01
4.532299747999999906e-01,7.353923865779382618e-01
4.532483352000000187e-01,7.353760476644281008e-01
4.532529250999999815e-01,7.353719647300539508e-01
4.532666946999999724e-01,7.353597121899768663e-01
4.533171798000000252e-01,7.353147913692736903e-01
4.533584815000000212e-01,7.352780386539715662e-01
4.533630704000000122e-01,7.352739520545299445e-01
4.533722479000000249e-01,7.352657867177058160e-01
4.533997794999999886e-01,7.352412870636806375e-01
4.534135447000000041e-01,7.352290393841669491e-01
4.534273093999999782e-01,7.352167892844455599e-01
4.534318976000000223e-01,7.352127070354889105e-01
4.534364857000000026e-01,7.352086241674893330e-01
4.534686010999999795e-01,7.351800479740281391e-01
4.534731888999999905e-01,7.351759628014187253e-01
4.534869517999999822e-01,7.351637164623858745e-01
4.535007142999999963e-01,7.351514709110157364e-01
4.535098891000000076e-01,7.351433033946201956e-01
4.535190637000000025e-01,7.351351423215239933e-01
4.535236509000000193e-01,7.351310586158817939e-01
4.535419992999999983e-01,7.351147306745444698e-01
4.535786940000000045e-01,7.350820745094065467e-01
4.536337303999999904e-01,7.350330985054608357e-01
4.536520743999999938e-01,7.350167732554667710e-01
4.536658318999999828e-01,7.350045294034741605e-01
4.536887600999999770e-01,7.349841246690761443e-01
4.536933456000000198e-01,7.349800461679979469e-01
4.537208576999999798e-01,7.349555582800508802e-01
4.537300280000000074e-01,7.349473991164895414e-01
4.537437831000000199e-01,7.349351564864162745e-01
4.537575379000000075e-01,7.349229168894673148e-01
4.537621226999999924e-01,7.349188347674251442e-01
4.537667074000000245e-01,7.349147576679718741e-01
4.537987995000000163e-01,7.348861970800625310e-01
4.538033839000000236e-01,7.348821159148398729e-01
4.538125525999999743e-01,7.348739555996159911e-01
4.538400573999999965e-01,7.348494749114079516e-01
4.538721443000000022e-01,7.348209196664819975e-01
4.538858950999999919e-01,7.348086805090751072e-01
4.538904785999999802e-01,7.348046048895890969e-01
4.539271450999999846e-01,7.347719704617968750e-01
4.539821392999999761e-01,7.347230226655896423e-01
4.540187983000000260e-01,7.346903971165458236e-01
4.540325446999999848e-01,7.346781626129866849e-01
4.540737813999999872e-01,7.346414620092919234e-01
4.540966889999999978e-01,7.346210699492575769e-01
4.541058517000000072e-01,7.346129167512265301e-01
4.541287576999999964e-01,7.345925288932704245e-01
4.541333388000000082e-01,7.345884521246760501e-01
4.541608241999999795e-01,7.345639885717687445e-01
4.541699855999999924e-01,7.345558340283563359e-01
4.541791468999999970e-01,7.345476806653392643e-01
4.541837275000000229e-01,7.345436035496877292e-01
4.541974688000000038e-01,7.345313721063083667e-01
4.542432705000000182e-01,7.344906025389282833e-01
4.542570101000000249e-01,7.344783762988305043e-01
4.542799084999999959e-01,7.344579938019079046e-01
4.542936469000000144e-01,7.344457629453822189e-01
4.543119642999999819e-01,7.344294595182311314e-01
4.543257017999999814e-01,7.344172322111206519e-01
4.543440177999999996e-01,7.344009301114838850e-01
4.543531755999999922e-01,7.343927774865911529e-01
4.543669117999999951e-01,7.343805490255591595e-01
4.543852261999999920e-01,7.343642478553770170e-01
4.543898047000000107e-01,7.343601721232020374e-01
4.544218527000000174e-01,7.343316469960073922e-01
4.544584763000000249e-01,7.342990456669662436e-01
4.544722093999999935e-01,7.342868203539205663e-01
4.544767869999999932e-01,7.342827455090467081e-01
4.544905195000000231e-01,7.342705236627837806e-01
4.544996742999999895e-01,7.342623760257965815e-01
4.545134061000000170e-01,7.342501513381002320e-01
4.545454454999999783e-01,7.342216299534847224e-01
4.545500223000000228e-01,7.342175545257920710e-01
4.545866356000000108e-01,7.341849637080580804e-01
4.546003647999999897e-01,7.341727433159868088e-01
4.546232458999999726e-01,7.341523728409653504e-01
4.546415498999999971e-01,7.341360794868246886e-01
4.546781557999999834e-01,7.341034954198433216e-01
4.546827312999999759e-01,7.340994229668398319e-01
4.546918822000000082e-01,7.340912769377552216e-01
4.547147586999999991e-01,7.340709092039744421e-01
4.547193339000000223e-01,7.340668369196295950e-01
4.547467839000000067e-01,7.340424025664875618e-01
4.547513586999999968e-01,7.340383261717032815e-01
4.547879557000000239e-01,7.340057492648320858e-01
4.547925301999999892e-01,7.340016762924537197e-01
4.548382718000000269e-01,7.339609552407100335e-01
4.548794353999999762e-01,7.339243098055221459e-01
4.548977291999999895e-01,7.339080256309054029e-01
4.549023025000000220e-01,7.339039522445686137e-01
4.549114490000000233e-01,7.338958077278692205e-01
4.549160221999999920e-01,7.338917397285142918e-01
4.549297413999999762e-01,7.338795231769182914e-01
4.549388873999999916e-01,7.338713829458515248e-01
4.549526058999999734e-01,7.338591704081461886e-01
4.549663240999999858e-01,7.338469542806932422e-01
4.549708967000000159e-01,7.338428848712356123e-01
4.549846142999999787e-01,7.338306702658701219e-01
4.550120483000000271e-01,7.338062502999692649e-01
4.550257647000000016e-01,7.337940345561810851e-01
4.550623395999999765e-01,7.337614744689758828e-01
4.550760544999999935e-01,7.337492656438621141e-01
4.550806259999999881e-01,7.337451944068384968e-01
4.551217677000000128e-01,7.337085668301426278e-01
4.551720469000000158e-01,7.336637986906201503e-01
4.551857583999999735e-01,7.336515932518286043e-01
4.551903287999999881e-01,7.336475229768238959e-01
4.552268905999999893e-01,7.336149699964388260e-01
4.552314606000000263e-01,7.336109022541419389e-01
4.552680190000000238e-01,7.335783521571369592e-01
4.552817276000000191e-01,7.335661468778064132e-01
4.553319892000000091e-01,7.335213934004833902e-01
4.553365581000000106e-01,7.335173268481387510e-01
4.553502647000000070e-01,7.335051244516959112e-01
4.553548335000000002e-01,7.335010559931555152e-01
4.553685395000000025e-01,7.334888515445450174e-01
4.553731080999999792e-01,7.334847817255766289e-01
4.553776766000000031e-01,7.334807152223790094e-01
4.554233595000000134e-01,7.334400415889823499e-01
4.554507670999999869e-01,7.334156371607636338e-01
4.554644702000000267e-01,7.334034340254864670e-01
4.554873079000000269e-01,7.333831008099052085e-01
4.554964425999999955e-01,7.333749672922087459e-01
4.555192786999999743e-01,7.333546337272055515e-01
4.555558140000000034e-01,7.333221015414048694e-01
4.555695140000000087e-01,7.333099016387233382e-01
4.555740805999999865e-01,7.333058341426014204e-01
4.555969127999999757e-01,7.332855042329753381e-01
4.556425736999999976e-01,7.332448478387461055e-01
4.556654023999999747e-01,7.332245196644537888e-01
4.556699679999999808e-01,7.332204551957530736e-01
4.557019259999999794e-01,7.331919967116530268e-01
4.557064912000000079e-01,7.331879299680115203e-01
4.557201866999999740e-01,7.331757355841211909e-01
4.557749643999999822e-01,7.331269587651741970e-01
4.557795289000000083e-01,7.331228917728723760e-01
4.557932222000000144e-01,7.331106992651496013e-01
4.558069149999999792e-01,7.330985032870668272e-01
4.558160433999999817e-01,7.330903764978162762e-01
4.558434272999999926e-01,7.330659891691114760e-01
4.558479911000000162e-01,7.330619259684560962e-01
4.558890635000000247e-01,7.330253510274072903e-01
4.559255691999999915e-01,7.329928448698552756e-01
4.559392581000000222e-01,7.329806514700566433e-01
4.559529465000000115e-01,7.329684624181418418e-01
4.560076962999999872e-01,7.329197042751818270e-01
4.560305067000000045e-01,7.328993899584288485e-01
4.560350686999999903e-01,7.328953271961977656e-01
4.560670010999999802e-01,7.328668916267306876e-01
4.560715625999999800e-01,7.328628308189262253e-01
4.560806856999999881e-01,7.328547048535284381e-01
4.561034924999999851e-01,7.328343944303088442e-01
4.561217370999999798e-01,7.328181457222320283e-01
4.561354201000000219e-01,7.328059594744616989e-01
4.561582242000000176e-01,7.327856509709903543e-01
4.561947082999999736e-01,7.327531605452363150e-01
4.562175093999999986e-01,7.327328525555969474e-01
4.562266294999999805e-01,7.327247292097210929e-01
4.562311895000000228e-01,7.327206693967746043e-01
4.562448692000000139e-01,7.327084848335786438e-01
4.562539888000000099e-01,7.327003613286895423e-01
4.562676677999999986e-01,7.326881811236521935e-01
4.562859058000000023e-01,7.326719357183091308e-01
4.563406155999999991e-01,7.326232113455412032e-01
4.563770851999999767e-01,7.325907329489258490e-01
4.563907604999999923e-01,7.325785490191489835e-01
4.564363419999999949e-01,7.325379558113964684e-01
4.564454577000000013e-01,7.325298369725872227e-01
4.564500154999999726e-01,7.325257765831504342e-01
4.564728037999999932e-01,7.325054790173294306e-01
4.564864762999999992e-01,7.324933028652671485e-01
4.565001483000000193e-01,7.324811235670587450e-01
4.565047056000000048e-01,7.324770660538792999e-01
4.565411620000000004e-01,7.324445928152191199e-01
4.565457189000000082e-01,7.324405355655223548e-01
4.565593891999999987e-01,7.324283577393511102e-01
4.565821720000000083e-01,7.324080656213155516e-01
4.565958412000000188e-01,7.323958906936838265e-01
4.566550696000000187e-01,7.323431386361491935e-01
4.566869586000000258e-01,7.323147321382049713e-01
4.567051798999999801e-01,7.322985039470215618e-01
4.567188454000000175e-01,7.322863305176214865e-01
4.567234004999999875e-01,7.322822759688322192e-01
4.567279555000000046e-01,7.322782161794435529e-01
4.567598394999999867e-01,7.322498180463823392e-01
4.568008297999999745e-01,7.322133053590268448e-01
4.568281546999999887e-01,7.321889661300844399e-01
4.568327086999999787e-01,7.321849089846073078e-01
4.568509242000000081e-01,7.321686813727200649e-01
4.568827994999999920e-01,7.321402915672137190e-01
4.569101194999999893e-01,7.321159542612840632e-01
4.569374378000000125e-01,7.320916218898443351e-01
4.569419907000000225e-01,7.320875662638581804e-01
4.569556491000000276e-01,7.320753972326731196e-01
4.569738596999999847e-01,7.320591768058567483e-01
4.569784123000000253e-01,7.320551205801490990e-01
4.570102786999999944e-01,7.320267361080717849e-01
4.570193830000000013e-01,7.320186247748037278e-01
4.570512466000000162e-01,7.319902404373013205e-01
4.570557983999999907e-01,7.319861843885054897e-01
4.570922108000000095e-01,7.319537487497288497e-01
4.571013134999999949e-01,7.319456415813010430e-01
4.571058646999999753e-01,7.319415858465319058e-01
4.571195183000000273e-01,7.319294201811129552e-01
4.571422732000000044e-01,7.319091499761203323e-01
4.571604764000000154e-01,7.318929360158602515e-01
4.571741281999999740e-01,7.318807739041641724e-01
4.571786788000000157e-01,7.318767193972965934e-01
4.572014307999999749e-01,7.318564513810889016e-01
4.572287317000000018e-01,7.318321310655423462e-01
4.572378316999999859e-01,7.318240243124709554e-01
4.572514811999999762e-01,7.318118639575761364e-01
4.572696800000000117e-01,7.317956514673004120e-01
4.573015261999999748e-01,7.317672821626924895e-01
4.573060754000000117e-01,7.317632283397442761e-01
4.573106247000000013e-01,7.317591761307641329e-01
4.573242720999999844e-01,7.317470161554847641e-01
4.573424680000000020e-01,7.317308077369566455e-01
4.573470168000000058e-01,7.317267527684023776e-01
4.573606631000000089e-01,7.317145966983729100e-01
4.573788576000000217e-01,7.316983888004957581e-01
4.573925030000000058e-01,7.316862338897245355e-01
4.574334366000000207e-01,7.316497637892767081e-01
4.574880090999999815e-01,7.316011449996464577e-01
4.575243871999999934e-01,7.315687351173388864e-01
4.575289342000000148e-01,7.315646839116185518e-01
4.575380282000000021e-01,7.315565838896381790e-01
4.575925881999999834e-01,7.315079724809192552e-01
4.575971346000000106e-01,7.315039230637528922e-01
4.576335040000000243e-01,7.314715169494808711e-01
4.576516876000000233e-01,7.314553196080768593e-01
4.576653247999999952e-01,7.314431697125173271e-01
4.576744159999999728e-01,7.314350693740150344e-01
4.576880526000000060e-01,7.314229189038651269e-01
4.577062339999999896e-01,7.314067198941099912e-01
4.577107792999999814e-01,7.314026688959320843e-01
4.577471396000000192e-01,7.313702740238982036e-01
4.577562291999999755e-01,7.313621733817744497e-01
4.577607739999999814e-01,7.313581247786813400e-01
4.577834970999999920e-01,7.313378805691247431e-01
4.578289398000000010e-01,7.312973930084591956e-01
4.578334837999999962e-01,7.312933421458158723e-01
4.578516595000000078e-01,7.312771486597372528e-01
4.578562032999999865e-01,7.312730971358899490e-01
4.579061821000000032e-01,7.312285656097969877e-01
4.579606983000000242e-01,7.311799931534928021e-01
4.579743263000000120e-01,7.311678487517564440e-01
4.579788689000000024e-01,7.311638017538604206e-01
4.579924962999999960e-01,7.311516587645836562e-01
4.580015810999999992e-01,7.311435650092027450e-01
4.580333764000000252e-01,7.311152327330999734e-01
4.580379184000000214e-01,7.311111863068343597e-01
4.580470021999999974e-01,7.311030927941455371e-01
4.580697110999999988e-01,7.310828570607644794e-01
4.581015016000000162e-01,7.310545322516768252e-01
4.581378308999999871e-01,7.310221583612779295e-01
4.581423719000000117e-01,7.310181136240644362e-01
4.581832384999999785e-01,7.309816964679353157e-01
4.581923195000000004e-01,7.309736044126451393e-01
4.581968598999999753e-01,7.309695584507066579e-01
4.582195613000000223e-01,7.309493317805818569e-01
4.582331816999999918e-01,7.309371942449273130e-01
4.582513415000000201e-01,7.309210107544513724e-01
4.582831193999999941e-01,7.308926918229611269e-01
4.582876589000000056e-01,7.308886470017914583e-01
4.582921984000000171e-01,7.308846018457527682e-01
4.583602850999999867e-01,7.308239296913759953e-01
4.583965938999999823e-01,7.307915723130669061e-01
4.584102090000000129e-01,7.307794415921198272e-01
4.584374379000000221e-01,7.307551743949723955e-01
4.584510517000000007e-01,7.307430443000036968e-01
4.584692028999999835e-01,7.307268709804820572e-01
4.584828157999999987e-01,7.307147381541210240e-01
4.585100403999999852e-01,7.306904781398477766e-01
4.585735581000000005e-01,7.306338713928726136e-01
4.585780948000000024e-01,7.306298287045789319e-01
4.586279949000000022e-01,7.305853567447250230e-01
4.586325310000000099e-01,7.305813171582783427e-01
4.586506750000000077e-01,7.305651458674051746e-01
4.586688183000000030e-01,7.305489763287871252e-01
4.586914963000000012e-01,7.305287664706610062e-01
4.587005672000000200e-01,7.305206801098347302e-01
4.587232437000000052e-01,7.305004724968807706e-01
4.587277788999999939e-01,7.304964312401789339e-01
4.587549888999999936e-01,7.304721810582799346e-01
4.587731280999999828e-01,7.304560148404650732e-01
4.587776627999999857e-01,7.304519744543547244e-01
4.588320752999999752e-01,7.304034794758027527e-01
4.588366093999999840e-01,7.303994367631957418e-01
4.588728805000000244e-01,7.303671116798957641e-01
4.588864813999999903e-01,7.303549905047882485e-01
4.589046153999999933e-01,7.303388278954414670e-01
4.589182152999999875e-01,7.303267054286868287e-01
4.589408810999999755e-01,7.303065085582104432e-01
4.589454141000000043e-01,7.303024659768285742e-01
4.589771438999999953e-01,7.302741867607536186e-01
4.589816765999999992e-01,7.302701475612481952e-01
4.589952742999999780e-01,7.302580296312224384e-01
4.590088715999999791e-01,7.302459075280419709e-01
4.590179361999999763e-01,7.302378295629364802e-01
4.590496609999999977e-01,7.302095546389912872e-01
4.590541929999999993e-01,7.302055131531386412e-01
4.590904469000000043e-01,7.301732011616332008e-01
4.591040412999999876e-01,7.301610853503015530e-01
4.591357602000000204e-01,7.301328140441919468e-01
4.591402913000000030e-01,7.301287763773562922e-01
4.591584152000000030e-01,7.301126207970932702e-01
4.591991913999999841e-01,7.300762775939264593e-01
4.592671435999999829e-01,7.300157103890176913e-01
4.592716734000000245e-01,7.300116713068850460e-01
4.592988512000000245e-01,7.299874471552171284e-01
4.593079100999999942e-01,7.299793724106483639e-01
4.593350857999999870e-01,7.299551502532223290e-01
4.593396149000000261e-01,7.299511121715200890e-01
4.593441440000000098e-01,7.299470769144260629e-01
4.593803750000000075e-01,7.299147806776971059e-01
4.593939609000000091e-01,7.299026689086974828e-01
4.594075463999999775e-01,7.298905596928167983e-01
4.594256597999999969e-01,7.298744123662640471e-01
4.594301880000000171e-01,7.298703776477947214e-01
4.594437724000000056e-01,7.298582691954297319e-01
4.594845231999999946e-01,7.298219442174659344e-01
4.595026335999999878e-01,7.298057999234158766e-01
4.595252705000000271e-01,7.297856250431676850e-01
4.595524333000000072e-01,7.297614114007079378e-01
4.595569601999999754e-01,7.297573764329445822e-01
4.595705408999999908e-01,7.297452670164067401e-01
4.595977010000000251e-01,7.297210569658993951e-01
4.596293858000000121e-01,7.296928156187787451e-01
4.596339120999999861e-01,7.296887792938693273e-01
4.596474904999999778e-01,7.296766757489215882e-01
4.596655943999999883e-01,7.296605378390931262e-01
4.597153763999999865e-01,7.296161575351358675e-01
4.597199017999999970e-01,7.296121227251775032e-01
4.597425279999999836e-01,7.295919552274201525e-01
4.597742027999999759e-01,7.295637198673482482e-01
4.597877770000000086e-01,7.295516160034357656e-01
4.597923017000000168e-01,7.295475843026465457e-01
4.598149242999999831e-01,7.295274161533575885e-01
4.598284973999999803e-01,7.295153155615874407e-01
4.598420699999999917e-01,7.295032163712903417e-01
4.598511182000000197e-01,7.294951527144900583e-01
4.598646901999999814e-01,7.294830539550851700e-01
4.598782618000000211e-01,7.294709532759298121e-01
4.599144506999999771e-01,7.294386909150044618e-01
4.599189740999999887e-01,7.294346587296797191e-01
4.599370673000000020e-01,7.294185287532407580e-01
4.599732516000000215e-01,7.293862701909896717e-01
4.599913427000000277e-01,7.293701432360781833e-01
4.599958652999999731e-01,7.293661100463441072e-01
4.600049104999999749e-01,7.293580486493104198e-01
4.600275227000000244e-01,7.293378857520927960e-01
4.600456116000000151e-01,7.293217604321272640e-01
4.600682218000000101e-01,7.293016037170622079e-01
4.600772656000000072e-01,7.292935401745016533e-01
4.600998741999999808e-01,7.292733852955466389e-01
4.601179603000000173e-01,7.292572618467459966e-01
4.601360456999999959e-01,7.292411367143327716e-01
4.601496091999999760e-01,7.292290460749945025e-01
4.601541303000000194e-01,7.292250134862406918e-01
4.601676934000000219e-01,7.292129227649645218e-01
4.601902976000000201e-01,7.291927668119511097e-01
4.602038594999999788e-01,7.291806759534622540e-01
4.602219415000000091e-01,7.291645564156130632e-01
4.602445430000000060e-01,7.291444060426317542e-01
4.602490631999999748e-01,7.291403762096556607e-01
4.602626235000000232e-01,7.291282853557967680e-01
4.602807031000000215e-01,7.291121653238763489e-01
4.602852230000000211e-01,7.291081394332382670e-01
4.603168604000000275e-01,7.290799292725945735e-01
4.603530148000000155e-01,7.290476936633558669e-01
4.603710910000000101e-01,7.290315801196434187e-01
4.603936852000000135e-01,7.290114331085670862e-01
4.604072410999999754e-01,7.289993457369893237e-01
4.604433884999999949e-01,7.289671198547608144e-01
4.604659790999999780e-01,7.289469767586850280e-01
4.604795329999999964e-01,7.289348936112618471e-01
4.604930863999999735e-01,7.289228080886676064e-01
4.605156745999999801e-01,7.289026673209703100e-01
4.605337444000000002e-01,7.288865546244716054e-01
4.605834325000000007e-01,7.288422520960872175e-01
4.606014996000000195e-01,7.288261418557717697e-01
4.606105328999999804e-01,7.288180893698010809e-01
4.606240824999999761e-01,7.288060075543263405e-01
4.606421479999999735e-01,7.287898971892572408e-01
4.606466643000000083e-01,7.287858728809184505e-01
4.606782769000000166e-01,7.287576862190817684e-01
4.606963403000000068e-01,7.287415779937576055e-01
4.607098874000000177e-01,7.287294989901565989e-01
4.607189185000000187e-01,7.287214456662488571e-01
4.607279495000000114e-01,7.287133930342086785e-01
4.607505262000000101e-01,7.286932627533057039e-01
4.607685866999999824e-01,7.286771573681624092e-01
4.607866466000000161e-01,7.286610547620646638e-01
4.608001910000000256e-01,7.286489779280262979e-01
4.608904769000000123e-01,7.285684716852212084e-01
4.608995045000000013e-01,7.285604201788097312e-01
4.609356131999999828e-01,7.285282225041215254e-01
4.609491532000000169e-01,7.285161455656944396e-01
4.609717191000000103e-01,7.284960273204603709e-01
4.610078221000000198e-01,7.284638292009237848e-01
4.610168473999999850e-01,7.284557850477305641e-01
4.610213599999999912e-01,7.284517601333128090e-01
4.610348974999999849e-01,7.284396873385448057e-01
4.610439223000000197e-01,7.284316396293480933e-01
4.610574592000000194e-01,7.284195678105197524e-01
4.610890436000000259e-01,7.283914032564203778e-01
4.611116026000000034e-01,7.283712856029905813e-01
4.611161142999999907e-01,7.283672625337285211e-01
4.611296489999999748e-01,7.283551928174348822e-01
4.611431833999999896e-01,7.283431247334891667e-01
4.611657397000000214e-01,7.283230105375415597e-01
4.611792730000000007e-01,7.283109421621387636e-01
4.612243810000000166e-01,7.282707124263173570e-01
4.612334021000000228e-01,7.282626700549260645e-01
4.612379126000000218e-01,7.282586470840363146e-01
4.612604643000000060e-01,7.282385348056337193e-01
4.612739947999999757e-01,7.282264706646652819e-01
4.612920347999999726e-01,7.282103830037850445e-01
4.613055643999999789e-01,7.281983156221780717e-01
4.613281128000000231e-01,7.281782070470179669e-01
4.613686971000000026e-01,7.281420155933280292e-01
4.613777153999999991e-01,7.281339711035416107e-01
4.613822244999999933e-01,7.281299519299421208e-01
4.614363297999999891e-01,7.280816957499303133e-01
4.614543635000000199e-01,7.280656149282135337e-01
4.614678883000000176e-01,7.280535550506872511e-01
4.614769046000000152e-01,7.280455100619739328e-01
4.615084602999999785e-01,7.280173692945448582e-01
4.615445214000000185e-01,7.279852063706224730e-01
4.615625508000000266e-01,7.279691310476692490e-01
4.615760724999999898e-01,7.279570700770637837e-01
4.615805795999999850e-01,7.279530518763877023e-01
4.615850866999999802e-01,7.279490280044877970e-01
4.616121282000000270e-01,7.279249115103517687e-01
4.616166349999999974e-01,7.279208938723987776e-01
4.616211417000000150e-01,7.279168737100768505e-01
4.616526876000000001e-01,7.278887386507795210e-01
4.616571939999999930e-01,7.278847180787194615e-01
4.616662066000000175e-01,7.278766825769804605e-01
4.617067611999999821e-01,7.278405109113488258e-01
4.617202785999999781e-01,7.278284542167801074e-01
4.617383011999999787e-01,7.278123814588169926e-01
4.617428067000000080e-01,7.278083621647852830e-01
4.617608284999999979e-01,7.277922899919974098e-01
4.617653338000000107e-01,7.277882735320592156e-01
4.617788494999999771e-01,7.277762178278052163e-01
4.618013747999999974e-01,7.277561272558163985e-01
4.618329083000000113e-01,7.277280003531551023e-01
4.618644397000000179e-01,7.276998775880795245e-01
4.618689440000000035e-01,7.276958619462327027e-01
4.618734482999999891e-01,7.276918446800557660e-01
4.619004729000000253e-01,7.276677401991822336e-01
4.619365033999999759e-01,7.276356031018669235e-01
4.619545174999999948e-01,7.276195341961987362e-01
4.620175616000000152e-01,7.275633036122662878e-01
4.620310698999999799e-01,7.275512564254221770e-01
4.620445778000000225e-01,7.275392063307419832e-01
4.620670901000000219e-01,7.275191288071446438e-01
4.620850992000000157e-01,7.275030636440259491e-01
4.620896012999999858e-01,7.274990489784158854e-01
4.620986054999999815e-01,7.274910179442385383e-01
4.621391221999999743e-01,7.274548769931107328e-01
4.621526268999999743e-01,7.274428289150203231e-01
4.621571284000000057e-01,7.274388175114645527e-01
4.621706326999999725e-01,7.274267722935077174e-01
4.622111429999999910e-01,7.273906370548561817e-01
4.622246456999999920e-01,7.273785916863599876e-01
4.622336471999999863e-01,7.273705605418419040e-01
4.622471491999999849e-01,7.273585164998281893e-01
4.622651513000000101e-01,7.273424591660122562e-01
4.622696517000000060e-01,7.273384480985756184e-01
4.623011532999999895e-01,7.273103444761048753e-01
4.623056533000000079e-01,7.273063303838948057e-01
4.623146532999999891e-01,7.272983042124049335e-01
4.623191531999999992e-01,7.272942907046777705e-01
4.623326527000000130e-01,7.272822495965611811e-01
4.624136414000000195e-01,7.272100029516906927e-01
4.624766228000000146e-01,7.271538232326648643e-01
4.624811212000000116e-01,7.271498118078396633e-01
4.625171063999999888e-01,7.271177106647115362e-01
4.625216042999999999e-01,7.271136969393892091e-01
4.625306001000000222e-01,7.271056710996075534e-01
4.625350979000000251e-01,7.271016592273423784e-01
4.625530888000000118e-01,7.270856110984993403e-01
4.625710788999999878e-01,7.270695631214074695e-01
4.625890683000000170e-01,7.270535145465789606e-01
4.625935655999999785e-01,7.270495021958274240e-01
4.626295420000000047e-01,7.270174088696392811e-01
4.626430324999999955e-01,7.270053768430734253e-01
4.626655156000000213e-01,7.269853179772198803e-01
4.626745085999999785e-01,7.269772934418325949e-01
4.626790049999999765e-01,7.269732836689259958e-01
4.626969902999999995e-01,7.269572388377872896e-01
4.627149748000000118e-01,7.269411961462129979e-01
4.627509417999999819e-01,7.269091092830687328e-01
4.627734197999999743e-01,7.268890588475491743e-01
4.628003917999999883e-01,7.268649965901879950e-01
4.628048869999999981e-01,7.268609829835944725e-01
4.628183724000000110e-01,7.268489543916520912e-01
4.628408469999999997e-01,7.268289027903092059e-01
4.628453417999999764e-01,7.268248931490198794e-01
4.628723096999999842e-01,7.268008331933285548e-01
4.628947817999999881e-01,7.267807878076424366e-01
4.629082644999999996e-01,7.267687580690574967e-01
4.629172528000000120e-01,7.267607398807004460e-01
4.629487103000000103e-01,7.267326750198436214e-01
4.630026325000000109e-01,7.266845709653801944e-01
4.630206050999999823e-01,7.266685322297742333e-01
4.630385771000000150e-01,7.266525001126757921e-01
4.630565483999999898e-01,7.266364694274819458e-01
4.630610411000000148e-01,7.266324591251426268e-01
4.630745189000000095e-01,7.266204344271206539e-01
4.630879963999999793e-01,7.266084114061474031e-01
4.630969811999999797e-01,7.266003942833620943e-01
4.631284265000000233e-01,7.265723395987362387e-01
4.631688529999999915e-01,7.265362728205492227e-01
4.631778362000000260e-01,7.265282573963276480e-01
4.631958020999999981e-01,7.265122280589701997e-01
4.632002934000000183e-01,7.265082199314666367e-01
4.632182584000000269e-01,7.264921922737503923e-01
4.632496955000000027e-01,7.264641443642892993e-01
4.632721491999999830e-01,7.264441106089313260e-01
4.632766398000000008e-01,7.264401047879387452e-01
4.632901113999999820e-01,7.264280821724860004e-01
4.633125632000000271e-01,7.264080544058156841e-01
4.633215435999999965e-01,7.264000414711778708e-01
4.633395039000000049e-01,7.263840133355203843e-01
4.633439938999999730e-01,7.263800115611908081e-01
4.633619533000000179e-01,7.263639839067016490e-01
4.633844015999999955e-01,7.263439562991623744e-01
4.633978699999999895e-01,7.263319392777418670e-01
4.634203165999999929e-01,7.263119115094951450e-01
4.634337840000000153e-01,7.262998948194151483e-01
4.634472510000000045e-01,7.262878790157792919e-01
4.634652063999999960e-01,7.262718588913401607e-01
4.635056035999999824e-01,7.262358151926737726e-01
4.635235567000000056e-01,7.262197932565250813e-01
4.635415091999999793e-01,7.262037762985676936e-01
4.635594610000000060e-01,7.261877577560423846e-01
4.635953623999999884e-01,7.261557254094275216e-01
4.635998499000000272e-01,7.261517218152652164e-01
4.636088246999999773e-01,7.261437141052137223e-01
4.636626701000000073e-01,7.260956669631867255e-01
4.636671569999999964e-01,7.260916639925910632e-01
4.636806171999999782e-01,7.260796540248638520e-01
4.636851039000000063e-01,7.260756503925228644e-01
4.637030501000000138e-01,7.260596392279112798e-01
4.637434265000000000e-01,7.260236101017141230e-01
4.637568845000000217e-01,7.260116009308554830e-01
4.638107127000000163e-01,7.259635698535537029e-01
4.638151980999999924e-01,7.259595684175473851e-01
4.638286540000000069e-01,7.259475590655152244e-01
4.638779892000000071e-01,7.259035340164774475e-01
4.638824738999999808e-01,7.258995349492970428e-01
4.638869586000000100e-01,7.258955319053255195e-01
4.639183503000000042e-01,7.258675183134016828e-01
4.639362874999999886e-01,7.258515144794080998e-01
4.639497398999999911e-01,7.258395089786020549e-01
4.640080293000000133e-01,7.257874930187417917e-01
4.640304463000000101e-01,7.257674911538541940e-01
4.640394127999999951e-01,7.257594884328772977e-01
4.640438960000000113e-01,7.257554899122489189e-01
4.640573452999999793e-01,7.257434892846923447e-01
4.640663112999999784e-01,7.257354881577362526e-01
4.640797600000000078e-01,7.257234848667488691e-01
4.641111386999999810e-01,7.256954846122214420e-01
4.641335507000000082e-01,7.256754836452478097e-01
4.641649258000000167e-01,7.256474863337362136e-01
4.641738897000000086e-01,7.256394832850713295e-01
4.641873351999999953e-01,7.256274874571313482e-01
4.642007804000000126e-01,7.256154896017353861e-01
4.642052620000000074e-01,7.256114887926189416e-01
4.642590381999999738e-01,7.255634973799733878e-01
4.642948854999999764e-01,7.255315080551224538e-01
4.643262496000000183e-01,7.255035162776030111e-01
4.643486513000000260e-01,7.254835256947729238e-01
4.643531315000000159e-01,7.254795287582191943e-01
4.643889715999999779e-01,7.254475427160994583e-01
4.644024109000000067e-01,7.254355487327203145e-01
4.644203293999999982e-01,7.254195573588583246e-01
4.644516850000000030e-01,7.253915757690764243e-01
4.644606433999999839e-01,7.253835780245505571e-01
4.644696016000000038e-01,7.253755843759300825e-01
4.644740806000000055e-01,7.253715887457177214e-01
4.644875175000000023e-01,7.253595944185871058e-01
4.644964751999999808e-01,7.253516018338519444e-01
4.645099113999999751e-01,7.253396129851752416e-01
4.645278257000000077e-01,7.253236231193412875e-01
4.645412609999999831e-01,7.253116323887327521e-01
4.645681304000000011e-01,7.252876536844651278e-01
4.645815644999999883e-01,7.252756611630206685e-01
4.645949983000000061e-01,7.252636723908263416e-01
4.646039538999999774e-01,7.252556796415070561e-01
4.646308196999999751e-01,7.252317043635482241e-01
4.646352971000000109e-01,7.252277077630031599e-01
4.646532065999999794e-01,7.252117233470667390e-01
4.646755925000000120e-01,7.251917449074553046e-01
4.646845466000000258e-01,7.251837509020254702e-01
4.646890235000000202e-01,7.251797555668341166e-01
4.647785536999999856e-01,7.250998512777206972e-01
4.647830298000000249e-01,7.250958545943824163e-01
4.647964576999999986e-01,7.250838730008031252e-01
4.648143610000000092e-01,7.250678948286312098e-01
4.648188367000000154e-01,7.250638968729749001e-01
4.648501655000000232e-01,7.250359388431804053e-01
4.648546407999999963e-01,7.250319429801254101e-01
4.648904421999999759e-01,7.249999900773101968e-01
4.648993920999999752e-01,7.249920001886506205e-01
4.649038670000000262e-01,7.249880043714345135e-01
4.649396646000000244e-01,7.249560544407932516e-01
4.649978297999999843e-01,7.249041403068434697e-01
4.650336201999999974e-01,7.248721954737847861e-01
4.650470408999999861e-01,7.248602156639728511e-01
4.650604610999999888e-01,7.248482384607478624e-01
4.650649345000000268e-01,7.248442467438116488e-01
4.650962466999999934e-01,7.248162994468344555e-01
4.651007196999999982e-01,7.248123045540347809e-01
4.651141383999999879e-01,7.248003293001035185e-01
4.651186111999999762e-01,7.247963358727169680e-01
4.651365021000000155e-01,7.247803665394481065e-01
4.651409746999999872e-01,7.247763757640955928e-01
4.651678094999999735e-01,7.247524220803205353e-01
4.651722817999999759e-01,7.247484289796184420e-01
4.651856985000000222e-01,7.247364520297078228e-01
4.652080586999999823e-01,7.247164978617902653e-01
4.652259462000000179e-01,7.247005308330185525e-01
4.652572475000000263e-01,7.246725897272502381e-01
4.652617190000000180e-01,7.246685984709801964e-01
4.652796042999999826e-01,7.246526340794946508e-01
4.653153729999999766e-01,7.246207082910867125e-01
4.653198438999999742e-01,7.246167144929913650e-01
4.653287856000000167e-01,7.246087328377743830e-01
4.653332562999999977e-01,7.246047446392831493e-01
4.653466682999999882e-01,7.245927710444460823e-01
4.653556094999999893e-01,7.245847884452359944e-01
4.653824319000000043e-01,7.245608505195533233e-01
4.654226624999999729e-01,7.245249380883986845e-01
4.654271323999999987e-01,7.245209492542066254e-01
4.654584202000000004e-01,7.244930181979076789e-01
4.654762980000000105e-01,7.244770617227039855e-01
4.655299272999999793e-01,7.244291859106521958e-01
4.655343961999999780e-01,7.244251966787984554e-01
4.655433337000000060e-01,7.244172205005660059e-01
4.655701452000000073e-01,7.243932874623836282e-01
4.655835504999999985e-01,7.243813212922001199e-01
4.656148278000000196e-01,7.243534004746287058e-01
4.656371673999999961e-01,7.243334585972576178e-01
4.656416352000000147e-01,7.243294684244024895e-01
4.656684410999999968e-01,7.243055424943463105e-01
4.657086470999999839e-01,7.242696506842249971e-01
4.657399159999999760e-01,7.242417383344312842e-01
4.657488495000000062e-01,7.242337607284744516e-01
4.657577829999999808e-01,7.242257868854531377e-01
4.657622496000000112e-01,7.242217972322009256e-01
4.658158459999999779e-01,7.241739526482565692e-01
4.658203120000000141e-01,7.241699680882794921e-01
4.658292440999999839e-01,7.241619934133659564e-01
4.658515733999999964e-01,7.241420610868086749e-01
4.658560392000000161e-01,7.241380734909089734e-01
4.659051594999999990e-01,7.240942212969631031e-01
4.659185551000000203e-01,7.240822609811825572e-01
4.659230201999999821e-01,7.240782757068841002e-01
4.659587394999999965e-01,7.240463867879446402e-01
4.659721334999999964e-01,7.240344317229131521e-01
4.659765980999999724e-01,7.240304441759984888e-01
4.659989204000000163e-01,7.240105177597957464e-01
4.660123131999999724e-01,7.239985593121309737e-01
4.660435616999999975e-01,7.239706647993628952e-01
4.660614170999999861e-01,7.239547240870887190e-01
4.660658807999999986e-01,7.239507406223164576e-01
4.660837353000000238e-01,7.239347990410198719e-01
4.661015890999999911e-01,7.239188623010209822e-01
4.661729976000000275e-01,7.238551085216599068e-01
4.661774602000000045e-01,7.238511241770962945e-01
4.661908479999999910e-01,7.238391724096197022e-01
4.662042352999999917e-01,7.238272223983007736e-01
4.662131600000000153e-01,7.238192513031213027e-01
4.662265467000000219e-01,7.238073008038576894e-01
4.662399329999999953e-01,7.237953505071488269e-01
4.662577808000000212e-01,7.237794154808087077e-01
4.662800897000000111e-01,7.237594964208118320e-01
4.662979360000000240e-01,7.237435647000405314e-01
4.663202429000000149e-01,7.237236498868198087e-01
4.663514706999999926e-01,7.236957688888790985e-01
4.663871572000000132e-01,7.236639096304550156e-01
4.664049994000000199e-01,7.236479766247227996e-01
4.664228409000000242e-01,7.236320484327584124e-01
4.664273011999999774e-01,7.236280660289624578e-01
4.664406817000000260e-01,7.236161199553099443e-01
4.664585218999999783e-01,7.236001919927081971e-01
4.664719015000000080e-01,7.235882462882675670e-01
4.665120381999999788e-01,7.235524130087094274e-01
4.665343349000000139e-01,7.235325055121684112e-01
4.665432532000000077e-01,7.235245432645956987e-01
4.665477123999999809e-01,7.235205596435605457e-01
4.665655483999999742e-01,7.235046369668742816e-01
4.665833837999999734e-01,7.234887115610261210e-01
4.666012185000000256e-01,7.234727859449026077e-01
4.666056769999999965e-01,7.234688072253916413e-01
4.666413440000000135e-01,7.234369611172806191e-01
4.666859239000000215e-01,7.233971560826273350e-01
4.667082122999999805e-01,7.233772560210272040e-01
4.667394141999999801e-01,7.233493947419639136e-01
4.667483285999999842e-01,7.233414349978984914e-01
4.667617000000000016e-01,7.233294974048861681e-01
4.667795278999999908e-01,7.233135778375615610e-01
4.667839846999999875e-01,7.233095986796895804e-01
4.668151816000000176e-01,7.232817459904766766e-01
4.668196380999999895e-01,7.232777662502477556e-01
4.668285509999999805e-01,7.232698093330476308e-01
4.668552886999999818e-01,7.232459320085405929e-01
4.668686570000000202e-01,7.232339967580028173e-01
4.668820249000000255e-01,7.232220627798204848e-01
4.668864808000000033e-01,7.232180816477091767e-01
4.669043038999999840e-01,7.232021692690591141e-01
4.669221263000000177e-01,7.231862520139021866e-01
4.670335011000000258e-01,7.230868054252880262e-01
4.670424099000000107e-01,7.230788494180605541e-01
4.670602271000000028e-01,7.230629409958260201e-01
4.670646811999999981e-01,7.230589632698057878e-01
4.670824975999999795e-01,7.230430535928373814e-01
4.670958593000000270e-01,7.230311226880363762e-01
4.671003132000000058e-01,7.230271471431437558e-01
4.671136744000000118e-01,7.230152143525805375e-01
4.671359424000000038e-01,7.229953322615579880e-01
4.671403957999999967e-01,7.229913551524543847e-01
4.671537559999999756e-01,7.229794244299202477e-01
4.671760220000000241e-01,7.229595419521683830e-01
4.671893811000000230e-01,7.229476119579860693e-01
4.672071925999999875e-01,7.229317096407099630e-01
4.672472661000000027e-01,7.228959244056046840e-01
4.672561708999999897e-01,7.228879720246811358e-01
4.672828841000000177e-01,7.228641188266203832e-01
4.672962401999999904e-01,7.228521905729617947e-01
4.673095958999999855e-01,7.228402647566312123e-01
4.673274028000000135e-01,7.228243612483618019e-01
4.673452090999999919e-01,7.228084598502493296e-01
4.673496605999999942e-01,7.228044854887375470e-01
4.673541119999999882e-01,7.228005119134387479e-01
4.673808195999999970e-01,7.227766615990247612e-01
4.673897218999999992e-01,7.227687113981784428e-01
4.674030747999999846e-01,7.227567875008131804e-01
4.674208782000000006e-01,7.227408902901878429e-01
4.674253290000000005e-01,7.227369132489782633e-01
4.674564829999999782e-01,7.227090958952294697e-01
4.674742843999999953e-01,7.226931977945448837e-01
4.674876350000000125e-01,7.226812754358393764e-01
4.674965350999999991e-01,7.226733301146837096e-01
4.675276843999999765e-01,7.226455089068903881e-01
4.675454830999999922e-01,7.226296161230487680e-01
4.675677303999999923e-01,7.226097485850622171e-01
4.675810783000000082e-01,7.225978312171790208e-01
4.675944258999999992e-01,7.225859082087312535e-01
4.676300173999999865e-01,7.225541229519960584e-01
4.676344661999999874e-01,7.225501537848233458e-01
4.676656062999999808e-01,7.225223424067165334e-01
4.676700547000000041e-01,7.225183714888251396e-01
4.676745030000000192e-01,7.225143989196148864e-01
4.676833997000000021e-01,7.225064510763902215e-01
4.676878479000000088e-01,7.225024803232689141e-01
4.677412235000000251e-01,7.224548125467209481e-01
4.677768038999999822e-01,7.224230373947790884e-01
4.677812512999999783e-01,7.224190630456515105e-01
4.678168286000000120e-01,7.223872924684795471e-01
4.678301693999999955e-01,7.223753783932022055e-01
4.678835288000000037e-01,7.223277260829491508e-01
4.678879751000000198e-01,7.223237533876974981e-01
4.679146523000000113e-01,7.222999258861211302e-01
4.679235442999999939e-01,7.222919886398565525e-01
4.679368821000000067e-01,7.222800740305092004e-01
4.679546652000000084e-01,7.222641924573144356e-01
4.679946745999999935e-01,7.222284599894116530e-01
4.680080104000000074e-01,7.222165512979663582e-01
4.680257908000000078e-01,7.222006700022814973e-01
4.680302357000000191e-01,7.221966988896605377e-01
4.680435705000000057e-01,7.221847911572775169e-01
4.680569048000000065e-01,7.221728837053090766e-01
4.680657940999999878e-01,7.221649429697567513e-01
4.681013498000000106e-01,7.221331866734941318e-01
4.681102382999999811e-01,7.221252499086979748e-01
4.681369027999999766e-01,7.221014352231466260e-01
4.681680094999999819e-01,7.220736522008134317e-01
4.681813403000000262e-01,7.220617480426146928e-01
4.682213304000000242e-01,7.220260304070938995e-01
4.682346595999999916e-01,7.220141238266469808e-01
4.682746452000000059e-01,7.219784142296186147e-01
4.683146273000000082e-01,7.219427016172089706e-01
4.683235116999999725e-01,7.219347673830731615e-01
4.683279538999999825e-01,7.219307970794969220e-01
4.683457220999999726e-01,7.219149313406609814e-01
4.683501641000000215e-01,7.219109624731494534e-01
4.683812566000000177e-01,7.218831893659417576e-01
4.683856981999999780e-01,7.218792240313635089e-01
4.683945813000000014e-01,7.218712880483998395e-01
4.684212295999999887e-01,7.218474885212684544e-01
4.684345531999999923e-01,7.218355869794884638e-01
4.684656400000000165e-01,7.218078215396463992e-01
4.684700808000000216e-01,7.218038556147255980e-01
4.685056058000000023e-01,7.217721250412792999e-01
4.685278076000000125e-01,7.217522964593656720e-01
4.685366879999999790e-01,7.217443638645532067e-01
4.685411281999999900e-01,7.217403987785424579e-01
4.685766478000000235e-01,7.217086715432171617e-01
4.685899668999999879e-01,7.216967744963254106e-01
4.685944066000000130e-01,7.216928078070371511e-01
4.686254827999999928e-01,7.216650491933203071e-01
4.686299220999999848e-01,7.216610858326466538e-01
4.686698738999999780e-01,7.216254010143080544e-01
4.687408908999999846e-01,7.215619678091417244e-01
4.687763953999999900e-01,7.215302526524344229e-01
4.687897088999999906e-01,7.215183587778127849e-01
4.688030220000000137e-01,7.215064679674625392e-01
4.688074595999999761e-01,7.215025031753568019e-01
4.688252097000000229e-01,7.214866485566190368e-01
4.688429590000000036e-01,7.214707964148981967e-01
4.688473962999999967e-01,7.214668306960090316e-01
4.688828926999999980e-01,7.214351268062844103e-01
4.688962031000000197e-01,7.214232333820806975e-01
4.689095132000000166e-01,7.214113469137265477e-01
4.689139498000000073e-01,7.214073840696291207e-01
4.689494411999999834e-01,7.213756790672979369e-01
4.689627497000000145e-01,7.213637919941248144e-01
4.689671859000000276e-01,7.213598288580498341e-01
4.690026731999999976e-01,7.213281307248068375e-01
4.690204157999999790e-01,7.213122809730996288e-01
4.690337224000000194e-01,7.213003941019532350e-01
4.690558991000000066e-01,7.212805829693289539e-01
4.690603344000000008e-01,7.212766211117636050e-01
4.690869448000000164e-01,7.212528515870911816e-01
4.690958145999999940e-01,7.212449288868065800e-01
4.691046843000000188e-01,7.212370070882632156e-01
4.691268577000000106e-01,7.212171991351975509e-01
4.691445955999999917e-01,7.212013518502545795e-01
4.691623328999999787e-01,7.211855076837434542e-01
4.691667672000000011e-01,7.211815491729716143e-01
4.691756355000000211e-01,7.211736288475806278e-01
4.691800696000000270e-01,7.211696788328364471e-01
4.691933716000000198e-01,7.211577883896639340e-01
4.692155407999999972e-01,7.211379843088630004e-01
4.692465759000000181e-01,7.211102683213842512e-01
4.692864751999999973e-01,7.210746132416316900e-01
4.693042070999999815e-01,7.210587724645993735e-01
4.693352364000000221e-01,7.210310589022503880e-01
4.693396689000000066e-01,7.210270930218029006e-01
4.693441014999999994e-01,7.210231312868509157e-01
4.693751280999999831e-01,7.209954158013549552e-01
4.693928567000000274e-01,7.209795851721065851e-01
4.694283117999999977e-01,7.209479021302824808e-01
4.694593329000000259e-01,7.209202064032321777e-01
4.694859207000000034e-01,7.208964401255362198e-01
4.694992141000000063e-01,7.208845658878791918e-01
4.695213688000000052e-01,7.208647732739409397e-01
4.695346611999999809e-01,7.208529116999532471e-01
4.695523837000000200e-01,7.208370652117686017e-01
4.695878267999999967e-01,7.208053991207341582e-01
4.695922570000000129e-01,7.208014413349013161e-01
4.696011172999999816e-01,7.207935266502646376e-01
4.696188372999999805e-01,7.207777000067865369e-01
4.696276971000000189e-01,7.207697828318754274e-01
4.696409864000000156e-01,7.207579093065746845e-01
4.696542753999999875e-01,7.207460396590885665e-01
4.696719933999999874e-01,7.207302088762704839e-01
4.696941399999999822e-01,7.207104255106521196e-01
4.696985692000000268e-01,7.207064669121936440e-01
4.697118565000000245e-01,7.206946030240765078e-01
4.697251434999999975e-01,7.206827261507166016e-01
4.697340012999999814e-01,7.206748133836907710e-01
4.697650020999999954e-01,7.206471139371583012e-01
4.698137136000000158e-01,7.206036043094579124e-01
4.698181417000000248e-01,7.205996404293376623e-01
4.698402814000000038e-01,7.205798614954892489e-01
4.698668476999999788e-01,7.205561271123406275e-01
4.698712751999999937e-01,7.205521698467121094e-01
4.699066941999999747e-01,7.205205265832568262e-01
4.699111214000000203e-01,7.205165722016458885e-01
4.699244027999999740e-01,7.205047205378261044e-01
4.699421106000000181e-01,7.204888874370671825e-01
4.699598178000000126e-01,7.204730632678147950e-01
4.700129352999999899e-01,7.204256066565397632e-01
4.700173615000000082e-01,7.204216534859498866e-01
4.700262136999999729e-01,7.204137449329649501e-01
4.700306397999999830e-01,7.204097919933249994e-01
4.700439177999999885e-01,7.203979421894838309e-01
4.700660468000000258e-01,7.203781583447568249e-01
4.701191523000000094e-01,7.203307097284096239e-01
4.701235775000000006e-01,7.203267562479497288e-01
4.701368528000000047e-01,7.203148972123661897e-01
4.701589775000000193e-01,7.202951260373368081e-01
4.701722519000000045e-01,7.202832694468912500e-01
4.701855258000000037e-01,7.202714077835050688e-01
4.701899504000000007e-01,7.202674564589059969e-01
4.702209211000000222e-01,7.202397812944890676e-01
4.702297696000000138e-01,7.202318752870998653e-01
4.702386177999999806e-01,7.202239717416807352e-01
4.702607376999999866e-01,7.202042078738809527e-01
4.702651615999999812e-01,7.202002535113303239e-01
4.702784328999999874e-01,7.201883987631243489e-01
4.703005509000000028e-01,7.201686347672728861e-01
4.703093978999999814e-01,7.201607377141745481e-01
4.703315143999999837e-01,7.201409716597848565e-01
4.703713216000000030e-01,7.201054031999412075e-01
4.703845899999999913e-01,7.200935488638471327e-01
4.704022804999999918e-01,7.200777399756970176e-01
4.704509259999999915e-01,7.200342750110362289e-01
4.704553479999999954e-01,7.200303405558476921e-01
4.704686140000000072e-01,7.200184738041844890e-01
4.704774576999999902e-01,7.200105691452389767e-01
4.704907231000000079e-01,7.199987192169956529e-01
4.705084096000000105e-01,7.199829165024245192e-01
4.705437806000000167e-01,7.199513108786775861e-01
4.705482018000000100e-01,7.199473598267471797e-01
4.705791489999999744e-01,7.199197085085925485e-01
4.706100941999999954e-01,7.198920722656912963e-01
4.706145147999999945e-01,7.198881082350286897e-01
4.706189352999999853e-01,7.198841595474380073e-01
4.706498778000000049e-01,7.198565077745779917e-01
4.706631383000000057e-01,7.198446589611366964e-01
4.707161764000000193e-01,7.197972678652938550e-01
4.707338544999999930e-01,7.197814726515112671e-01
4.707382739000000038e-01,7.197775245967267255e-01
4.707736276999999747e-01,7.197459365620670901e-01
4.707868846000000107e-01,7.197340876242513952e-01
4.707957224000000052e-01,7.197261888137247432e-01
4.708089787999999998e-01,7.197143438151906158e-01
4.708575822000000133e-01,7.196709160079489687e-01
4.708620004999999886e-01,7.196669676845651731e-01
4.708664187000000112e-01,7.196630215520198881e-01
4.708796729999999986e-01,7.196511764155372193e-01
4.708929270000000167e-01,7.196393304181277761e-01
4.709017628000000122e-01,7.196314368317096033e-01
4.709150161999999806e-01,7.196195939426552890e-01
4.709459393000000049e-01,7.195919636656210594e-01
4.709856944999999961e-01,7.195564363975630595e-01
4.709989454999999881e-01,7.195445976807643973e-01
4.710166129999999729e-01,7.195288086275524186e-01
4.710740274999999921e-01,7.194775048401178541e-01
4.710784438000000240e-01,7.194735578687604383e-01
4.711137719999999862e-01,7.194419855631917216e-01
4.711270194000000133e-01,7.194301580015758368e-01
4.711579285999999978e-01,7.194025280760489860e-01
4.711800052999999822e-01,7.193828028572579747e-01
4.711976659000000067e-01,7.193670179740488946e-01
4.712153258999999816e-01,7.193513157192309437e-01
4.712197408000000087e-01,7.193473704766791821e-01
4.712329852000000097e-01,7.193354757705409108e-01
4.712550583999999820e-01,7.193157698262588884e-01
4.712859591999999931e-01,7.192881959226750110e-01
4.712903734000000178e-01,7.192841734247391594e-01
4.712992018000000116e-01,7.192762842292537151e-01
4.713036158999999725e-01,7.192723377956258268e-01
4.713168578999999969e-01,7.192605202238694373e-01
4.713256858000000049e-01,7.192526948658650721e-01
4.713742358999999937e-01,7.192092689638883707e-01
4.713918892999999777e-01,7.191934532511695677e-01
4.713963024999999751e-01,7.191895128369243384e-01
4.714227811000000212e-01,7.191658481286393734e-01
4.714316069000000220e-01,7.191579990514067600e-01
4.714977954999999832e-01,7.190988366453434644e-01
4.715022078000000172e-01,7.190948657130866728e-01
4.715110322000000131e-01,7.190869837288744737e-01
4.715154442999999751e-01,7.190830532417000764e-01
4.715375043000000210e-01,7.190633260325212106e-01
4.715507398000000072e-01,7.190514970803496553e-01
4.715683864999999919e-01,7.190357267823043186e-01
4.715727981000000235e-01,7.190318613228063871e-01
4.716080892999999774e-01,7.190002445614532833e-01
4.716213228000000202e-01,7.189884185452144472e-01
4.716345558999999743e-01,7.189765902436245915e-01
4.716433777999999855e-01,7.189687072068481344e-01
4.716566103000000010e-01,7.189569206440071802e-01
4.716742530999999961e-01,7.189411149187342476e-01
4.716918952999999970e-01,7.189253471591071643e-01
4.717139470000000223e-01,7.189056400487597864e-01
4.717227674000000204e-01,7.188977641306769639e-01
4.717271774999999834e-01,7.188938163639803092e-01
4.717492275999999873e-01,7.188741492694800117e-01
4.717800959999999821e-01,7.188465224815197008e-01
4.718153716999999858e-01,7.188149958179257393e-01
4.718506446999999882e-01,7.187834922213022226e-01
4.718682801999999898e-01,7.187677124536655526e-01
4.718815063999999837e-01,7.187558900796414685e-01
4.719344075999999943e-01,7.187086108451173905e-01
4.719388158000000222e-01,7.187046764724098757e-01
4.719608558999999759e-01,7.186849940449513419e-01
4.720049331999999764e-01,7.186455821257874410e-01
4.720093407000000019e-01,7.186416437095267673e-01
4.720269703000000150e-01,7.186258854641431881e-01
4.720313776000000239e-01,7.186219459598820469e-01
4.720445992999999785e-01,7.186101280384539214e-01
4.720666345000000264e-01,7.185904380677273773e-01
4.720798552000000092e-01,7.185786981725985623e-01
4.721327341000000066e-01,7.185313579514240878e-01
4.721503591000000277e-01,7.185156066467041081e-01
4.721635773999999786e-01,7.185038011915935163e-01
4.721679833999999909e-01,7.184998531070968530e-01
4.721988243999999946e-01,7.184722920557483627e-01
4.722076357000000169e-01,7.184644546451467439e-01
4.722164468999999754e-01,7.184565382085810192e-01
4.722384741000000274e-01,7.184368528992571834e-01
4.722560952000000034e-01,7.184211058051617194e-01
4.722781206000000176e-01,7.184014189368949088e-01
4.722869304000000268e-01,7.183935427248617778e-01
4.723045497000000204e-01,7.183777967833701039e-01
4.723089543999999806e-01,7.183738572112366993e-01
4.723441904999999830e-01,7.183424435695948684e-01
4.723618076000000165e-01,7.183266200947954205e-01
4.723838281000000139e-01,7.183069371676125137e-01
4.723970397999999737e-01,7.182951439184878106e-01
4.724146550000000166e-01,7.182793837453672614e-01
4.724454798000000122e-01,7.182518335985982327e-01
4.724542865999999952e-01,7.182439608896924454e-01
4.724674964000000199e-01,7.182321553159282113e-01
4.724895118999999921e-01,7.182124906082406612e-01
4.725027206999999896e-01,7.182006698271522493e-01
4.725203318999999791e-01,7.181849319908282236e-01
4.725555523000000147e-01,7.181534508257664262e-01
4.725599547000000067e-01,7.181495172785423708e-01
4.725687592999999742e-01,7.181416450641266991e-01
4.725863679999999789e-01,7.181259058559383845e-01
4.726083779999999956e-01,7.181062334037839889e-01
4.726259851999999873e-01,7.180904952681520514e-01
4.726391902000000034e-01,7.180787069599714467e-01
4.726435917999999847e-01,7.180747961487863318e-01
4.726611976999999798e-01,7.180590207367608668e-01
4.726788029999999807e-01,7.180432841705403080e-01
4.727008086999999747e-01,7.180236171556357849e-01
4.727272141000000150e-01,7.180000134496272723e-01
4.727624190999999976e-01,7.179685462966923781e-01
4.727800206000000172e-01,7.179528114999998989e-01
4.727844209000000020e-01,7.179488798307877007e-01
4.728064216000000264e-01,7.179292919746772528e-01
4.728372209999999742e-01,7.179016835158470444e-01
4.728724178000000000e-01,7.178702233450069414e-01
4.728768172000000214e-01,7.178662906942090416e-01
4.728900152000000134e-01,7.178545011249656271e-01
4.729208091000000058e-01,7.178269697494119583e-01
4.729428035000000086e-01,7.178073068577968119e-01
4.729779923999999913e-01,7.177758927889744678e-01
4.729823907999999855e-01,7.177719204435093481e-01
4.729911875999999737e-01,7.177640568302597890e-01
4.729955859000000151e-01,7.177601263793643716e-01
4.730307709000000083e-01,7.177286766449709754e-01
4.730439645999999776e-01,7.177168832577209834e-01
4.730483623999999776e-01,7.177129487189650714e-01
4.730615556000000166e-01,7.177011583055508126e-01
4.730879409000000035e-01,7.176775700191644347e-01
4.731011330000000070e-01,7.176657780153024024e-01
4.731143246999999774e-01,7.176539860159516504e-01
4.731231189999999809e-01,7.176461254706316684e-01
4.731495009000000196e-01,7.176225474532144100e-01
4.731582945000000207e-01,7.176147606941216672e-01
4.731934674000000118e-01,7.175832418118776035e-01
4.732066565999999974e-01,7.175714524431185959e-01
4.732550137000000046e-01,7.175283111692201121e-01
4.732594095000000056e-01,7.175243828712265515e-01
4.732725969000000088e-01,7.175127699267949133e-01
4.732769926000000016e-01,7.175085756796136804e-01
4.732945748999999869e-01,7.174929271224870231e-01
4.733253425000000236e-01,7.174654872327026478e-01
4.733341327999999737e-01,7.174574966148146160e-01
4.733473181000000252e-01,7.174457503213752529e-01
4.733648978000000174e-01,7.174302598479050941e-01
4.734000554000000194e-01,7.173985676186321880e-01
4.734132388000000247e-01,7.173869139109826376e-01
4.734176332000000209e-01,7.173828694987534060e-01
4.734308160999999848e-01,7.173710683451152148e-01
4.734703626000000276e-01,7.173358493155020943e-01
4.734747564999999825e-01,7.173317907771463720e-01
4.734835439999999784e-01,7.173239354943973245e-01
4.735055122999999866e-01,7.173042965561786666e-01
4.735099058000000194e-01,7.173003689061064891e-01
4.735230861999999985e-01,7.172885862891470454e-01
4.735362660999999918e-01,7.172770664485836889e-01
4.735450526000000160e-01,7.172689677492174454e-01
4.735714109999999977e-01,7.172453859912069074e-01
4.735758038999999808e-01,7.172414600914418514e-01
4.735933750999999914e-01,7.172257499543324144e-01
4.736109457000000078e-01,7.172101738399483395e-01
4.736153383000000217e-01,7.172061158297524663e-01
4.736241232999999773e-01,7.171982641155494331e-01
4.736636537000000202e-01,7.171629223800654040e-01
4.736768297000000238e-01,7.171511450166120349e-01
4.736943972000000058e-01,7.171355093399004454e-01
4.737207473000000224e-01,7.171118846942642344e-01
4.737514871999999877e-01,7.170844414482998586e-01
4.737558783999999967e-01,7.170804758100143284e-01
4.737866159999999938e-01,7.170531287085699645e-01
4.737910068999999780e-01,7.170490713396850957e-01
4.738261328000000216e-01,7.170176703293614784e-01
4.738612561000000167e-01,7.169862727583905526e-01
4.738875968999999855e-01,7.169629846187981492e-01
4.738919869000000062e-01,7.169587975511672040e-01
4.739314949000000277e-01,7.169234769362435866e-01
4.739666103999999880e-01,7.168921610622491780e-01
4.739797780000000182e-01,7.168803194134026890e-01
4.739929453000000237e-01,7.168685395822184114e-01
4.739973343000000172e-01,7.168648784275661878e-01
4.740324449000000162e-01,7.168332253646987340e-01
4.740675529000000221e-01,7.168018391053142535e-01
4.740851059999999784e-01,7.167861445567041967e-01
4.741070463000000013e-01,7.167665310032781401e-01
4.741158221999999811e-01,7.167587501972348951e-01
4.741377612000000075e-01,7.167390710277822263e-01
4.741553116000000179e-01,7.167233806657656858e-01
4.741772486999999980e-01,7.167037655993507839e-01
4.741904104999999925e-01,7.166920779420405951e-01
4.742079590000000122e-01,7.166763117742512845e-01
4.742255067999999740e-01,7.166606237479669073e-01
4.742430539999999972e-01,7.166451972026993689e-01
4.742562139000000010e-01,7.166331695904066823e-01
4.742737599999999887e-01,7.166174885348169932e-01
4.743658660999999777e-01,7.165351331707604521e-01
4.743790225999999777e-01,7.165234578532020393e-01
4.744009493999999938e-01,7.165037674803019785e-01
4.744141049999999749e-01,7.164920040922864164e-01
4.744228750999999744e-01,7.164842023258838344e-01
4.744667235999999733e-01,7.164449606677382176e-01
4.744711081999999913e-01,7.164410417219947425e-01
4.744930307999999930e-01,7.164214395135817259e-01
4.745237205999999763e-01,7.163941307165815342e-01
4.745587922000000236e-01,7.163626412727062132e-01
4.745631759999999755e-01,7.163587259216241954e-01
4.745763270999999728e-01,7.163469684867651566e-01
4.745982447000000048e-01,7.163273691190290560e-01
4.746113947999999749e-01,7.163156097094754982e-01
4.746639916000000015e-01,7.162686043700989824e-01
4.746683743999999816e-01,7.162646666758875069e-01
4.746771398999999891e-01,7.162570912851573546e-01
4.746815226000000165e-01,7.162529089564391160e-01
4.747034353999999845e-01,7.162333169226641205e-01
4.747297294000000223e-01,7.162098081440464448e-01
4.747341116000000083e-01,7.162058888188945760e-01
4.747735495000000028e-01,7.161706280918135326e-01
4.747998397000000037e-01,7.161471227309507137e-01
4.748217470000000162e-01,7.161275320416166101e-01
4.748348908999999729e-01,7.161157813914055259e-01
4.748392720999999872e-01,7.161119948862940676e-01
4.748743205000000023e-01,7.160805287112430584e-01
4.748874629000000014e-01,7.160687820401478998e-01
4.749137467999999807e-01,7.160453135858870777e-01
4.749268880999999998e-01,7.160335242088924357e-01
4.749575498999999978e-01,7.160061101631859382e-01
4.749794500000000252e-01,7.159865252282910930e-01
4.749838297999999792e-01,7.159826117855783156e-01
4.750101083000000113e-01,7.159593757691947724e-01
4.750144879000000042e-01,7.159551978211556866e-01
4.750495232999999984e-01,7.159238708095011505e-01
4.750889350999999983e-01,7.158886293224436814e-01
4.751152077999999945e-01,7.158651395035756648e-01
4.751677487000000033e-01,7.158181583782249335e-01
4.751721268999999914e-01,7.158143212608474304e-01
4.751896391000000053e-01,7.157987150102400609e-01
4.752071507000000250e-01,7.157829410505900380e-01
4.752202838999999845e-01,7.157711847396343030e-01
4.752421719000000100e-01,7.157516104286216763e-01
4.752903218000000263e-01,7.157085574022964414e-01
4.752946988000000261e-01,7.157048759761466261e-01
4.752990758000000260e-01,7.157009042081243777e-01
4.753078296000000091e-01,7.156929007321434222e-01
4.753122065000000007e-01,7.156896869592915822e-01
4.753340902000000034e-01,7.156697692718925197e-01
4.753472200000000147e-01,7.156576786253422418e-01
4.753603492999999847e-01,7.156459377095173435e-01
4.753647256999999904e-01,7.156423747057159002e-01
4.753778545999999827e-01,7.156305483002547430e-01
4.754041112999999874e-01,7.156071575010701791e-01
4.754172390999999998e-01,7.155950693374220073e-01
4.754391179999999939e-01,7.155755436802080371e-01
4.754522447999999790e-01,7.155638835773652229e-01
4.754697466999999733e-01,7.155481176880031935e-01
4.754872479999999735e-01,7.155324660475751442e-01
4.755091236000000277e-01,7.155132559120872537e-01
4.755222485000000221e-01,7.155011674463015448e-01
4.755353730999999917e-01,7.154894475763351469e-01
4.755441226000000077e-01,7.154816098326022278e-01
4.755747444999999796e-01,7.154544671251101828e-01
4.756097385999999982e-01,7.154229351778373935e-01
4.756491038999999810e-01,7.153880813250023118e-01
4.756797191000000091e-01,7.153603582245112724e-01
4.757147055000000013e-01,7.153290894047228399e-01
4.757278247999999765e-01,7.153173370128051989e-01
4.757321977999999785e-01,7.153137763461552279e-01
4.757540620999999859e-01,7.152938762891554170e-01
4.757802980999999987e-01,7.152705020022946947e-01
4.757846706000000148e-01,7.152665062721802469e-01
4.758196492999999805e-01,7.152352242052019138e-01
4.758240214000000190e-01,7.152316640217893928e-01
4.758371376000000152e-01,7.152195871791348081e-01
4.758721123999999914e-01,7.151883246111362391e-01
4.759245697999999747e-01,7.151417480494467460e-01
4.759289409999999942e-01,7.151374901263860551e-01
4.759420543999999809e-01,7.151257629067262478e-01
4.759551672999999816e-01,7.151140378756253302e-01
4.759770214999999860e-01,7.150944955887221788e-01
4.759945039999999850e-01,7.150791220075942700e-01
4.759988746000000104e-01,7.150750029161048182e-01
4.760076155999999892e-01,7.150671333315395950e-01
4.760338375000000011e-01,7.150440337140228086e-01
4.760687979000000070e-01,7.150124232466760210e-01
4.760775375999999892e-01,7.150046055934169420e-01
4.760819072999999957e-01,7.150006997348448134e-01
4.761168641999999895e-01,7.149694354401725516e-01
4.761387108999999840e-01,7.149498979800000820e-01
4.761474493000000252e-01,7.149420867338042163e-01
4.761518183999999820e-01,7.149383518959251393e-01
4.761736635000000106e-01,7.149186421563210603e-01
4.761867700999999897e-01,7.149069204217791684e-01
4.762042450000000260e-01,7.148912933546214266e-01
4.762173506999999861e-01,7.148796415881500943e-01
4.762348244999999869e-01,7.148639464067958471e-01
4.762435610999999902e-01,7.148561337554663053e-01
4.762741381000000218e-01,7.148287880917048032e-01
4.762785060999999986e-01,7.148252300869119003e-01
4.762916098000000154e-01,7.148132407830957158e-01
4.763090808000000065e-01,7.147975391210844576e-01
4.763134485000000140e-01,7.147936325863708529e-01
4.763571228999999851e-01,7.147545762634842648e-01
4.763745914999999997e-01,7.147389516184681213e-01
4.763964264000000171e-01,7.147194234744234098e-01
4.764138936000000268e-01,7.147041521684964760e-01
4.764269935000000067e-01,7.146920876531391853e-01
4.764488259999999920e-01,7.146726933486334810e-01
4.764531924000000029e-01,7.146686602518804721e-01
4.764662913000000111e-01,7.146569457103988388e-01
4.764881220000000139e-01,7.146374192992316354e-01
4.765186832000000150e-01,7.146100873316371116e-01
4.765536080000000174e-01,7.145788545684367277e-01
4.765579734000000012e-01,7.145752975776338278e-01
4.765667041000000159e-01,7.145671416370632523e-01
4.765710693999999914e-01,7.145632520781590724e-01
4.765885302000000268e-01,7.145476230378304816e-01
4.765928952999999857e-01,7.145437953023277000e-01
4.766190851000000062e-01,7.145202939848551704e-01
4.766278146999999854e-01,7.145124899509015526e-01
4.766365441000000036e-01,7.145046798882395134e-01
4.766583670000000272e-01,7.144851624209618279e-01
4.766889173000000146e-01,7.144581027619902880e-01
4.767063738000000273e-01,7.144422281820640430e-01
4.767107378000000062e-01,7.144386754839640030e-01
4.767281935000000082e-01,7.144227159990960141e-01
4.767805566000000161e-01,7.143758849779191511e-01
4.767936465000000013e-01,7.143641768920969692e-01
4.768329141000000049e-01,7.143290572706580965e-01
4.768721783000000047e-01,7.142941729105756199e-01
4.769027149999999771e-01,7.142667066637278239e-01
4.769070771999999736e-01,7.142627286499837469e-01
4.769332497000000060e-01,7.142393343841808573e-01
4.769376115999999777e-01,7.142354622721760471e-01
4.769419735000000049e-01,7.142315165166057689e-01
4.769725056999999935e-01,7.142042090957544387e-01
4.769768672999999959e-01,7.142003078612539912e-01
4.769855902999999842e-01,7.141925094208317892e-01
4.770248421000000127e-01,7.141574015177318824e-01
4.770379252999999986e-01,7.141457021822740225e-01
4.770422861999999986e-01,7.141421482181089520e-01
4.770553688999999986e-01,7.141300969737985893e-01
4.771164167999999983e-01,7.140754972151491797e-01
4.771294974999999994e-01,7.140637985717034342e-01
4.771469379000000122e-01,7.140481997822208937e-01
4.771818165999999750e-01,7.140170059915502687e-01
4.771861762999999867e-01,7.140131051214768654e-01
4.771948954999999937e-01,7.140055675594428886e-01
4.772123334999999744e-01,7.139897092907182552e-01
4.772210521999999955e-01,7.139821049305530298e-01
4.772341299999999786e-01,7.139702133525741568e-01
4.772559255000000111e-01,7.139507190785332469e-01
4.772864376000000020e-01,7.139234315350395654e-01
4.773038721999999789e-01,7.139078441459536517e-01
4.773343812999999991e-01,7.138810935901694910e-01
4.773387394999999978e-01,7.138774671442219555e-01
4.773518140999999937e-01,7.138655008094938470e-01
4.773736042999999762e-01,7.138462827646360198e-01
4.773953934999999871e-01,7.138259792216149480e-01
4.774041089000000126e-01,7.138198159263265952e-01
4.774084665000000172e-01,7.138149811276488510e-01
4.774302541000000066e-01,7.137947987111225023e-01
4.774433262000000178e-01,7.137839212160760338e-01
4.774607550000000145e-01,7.137676461296896813e-01
4.774738263000000149e-01,7.137558235418032249e-01
4.774912539999999761e-01,7.137418701566929924e-01
4.774956108999999782e-01,7.137363403970679032e-01
4.774999677000000275e-01,7.137324429451344932e-01
4.775130377999999842e-01,7.137207532318298187e-01
4.775261076000000271e-01,7.137090632418099378e-01
4.775304642000000044e-01,7.137051653725040579e-01
4.775478899000000221e-01,7.136900064509048569e-01
4.776045190000000051e-01,7.136396238499793654e-01
4.776132304999999856e-01,7.136319516879386926e-01
4.776175863000000077e-01,7.136272393156105620e-01
4.776524307000000191e-01,7.135960724429752933e-01
4.776698518999999976e-01,7.135804914822915235e-01
4.776829174000000178e-01,7.135688186236570640e-01
4.776872724999999820e-01,7.135665411577272188e-01
4.777046925000000277e-01,7.135493262159758876e-01
4.777090473999999753e-01,7.135454323374197383e-01
4.777351758999999753e-01,7.135223218094860487e-01
4.777438850999999875e-01,7.135142713835658235e-01
4.777700116999999969e-01,7.134925337151256652e-01
4.778091990000000178e-01,7.134561966892319917e-01
4.778266145000000242e-01,7.134402708005467275e-01
4.778483829999999877e-01,7.134208011731544286e-01
4.778614435999999910e-01,7.134107500733086749e-01
4.778788572000000068e-01,7.133935406569257287e-01
4.778832104999999886e-01,7.133897253089928059e-01
4.778919169999999994e-01,7.133818596664709411e-01
4.779310943000000256e-01,7.133468171435483063e-01
4.779528579999999804e-01,7.133273491122167353e-01
4.779615633000000030e-01,7.133201069364931701e-01
4.780007347999999934e-01,7.132845256533634215e-01
4.780181432999999758e-01,7.132690835592923051e-01
4.780224954000000248e-01,7.132657549119051366e-01
4.780311992999999871e-01,7.132572740462406191e-01
4.780355512000000195e-01,7.132533811866007545e-01
4.780486067999999977e-01,7.132417044450167776e-01
4.780703652000000137e-01,7.132225142972948850e-01
4.780834197000000119e-01,7.132105628133024178e-01
4.781225813000000158e-01,7.131755338965735103e-01
4.781269323999999821e-01,7.131716397380609695e-01
4.781399854000000227e-01,7.131599669676257358e-01
4.781530379999999747e-01,7.131482884734350325e-01
4.781747916999999903e-01,7.131288299625917482e-01
4.781878433999999789e-01,7.131187860828531733e-01
4.782269963999999929e-01,7.130821511260239109e-01
4.782313464999999875e-01,7.130782395576196198e-01
4.782443967000000185e-01,7.130669146741600573e-01
4.782791954000000234e-01,7.130354396697580199e-01
4.782965938000000028e-01,7.130198751011646019e-01
4.783096421999999959e-01,7.130083340886449461e-01
4.783139915999999880e-01,7.130051294038441956e-01
4.784009708999999999e-01,7.129265060998375425e-01
4.784357582000000053e-01,7.128953913061882863e-01
4.784401065000000175e-01,7.128915008908037754e-01
4.784488028000000170e-01,7.128845355268610406e-01
4.784661950999999913e-01,7.128681766614557436e-01
4.784705430000000259e-01,7.128642737914531180e-01
4.784748909000000050e-01,7.128610780944744096e-01
4.784879344999999895e-01,7.128487150950255646e-01
4.785183680000000273e-01,7.128214898275664346e-01
4.785792292000000114e-01,7.127670673012199698e-01
4.785922698000000253e-01,7.127557894745126799e-01
4.786096569000000134e-01,7.127400890785964283e-01
4.786444289999999824e-01,7.127087221168122433e-01
4.786487752999999956e-01,7.127048364231746147e-01
4.786574679000000221e-01,7.126970591069764493e-01
4.786618141000000271e-01,7.126931715380362409e-01
4.787096200000000024e-01,7.126504052307836012e-01
4.787139657000000215e-01,7.126472124307312583e-01
4.787270027000000150e-01,7.126348571814964394e-01
4.787443847999999780e-01,7.126201202406601265e-01
4.787530756999999748e-01,7.126115327588568027e-01
4.787834923000000020e-01,7.125843205670934211e-01
4.788008724000000216e-01,7.125687735684269608e-01
4.788225965999999834e-01,7.125493385216614683e-01
4.788703863000000061e-01,7.125066025919996049e-01
4.788834190999999851e-01,7.124949276646797003e-01
4.788921073999999889e-01,7.124871569317858810e-01
4.789051395000000211e-01,7.124771271028272901e-01
4.789181712999999729e-01,7.124639057942706577e-01
4.789355464999999756e-01,7.124482979269888272e-01
4.789398901999999958e-01,7.124444495495476648e-01
4.789572645999999878e-01,7.124288687047319879e-01
4.789616080999999914e-01,7.124251555292012705e-01
4.789746383999999857e-01,7.124133247392732127e-01
4.790224129999999803e-01,7.123705852988265752e-01
4.790267558999999897e-01,7.123667017803696488e-01
4.790745252999999981e-01,7.123255950758788924e-01
4.791005792999999957e-01,7.123006573823118526e-01
4.791353158000000168e-01,7.122695835899401917e-01
4.791439994999999730e-01,7.122618151783952634e-01
4.791960986000000089e-01,7.122152048792769197e-01
4.792047811999999851e-01,7.122074388964921843e-01
4.792178048999999884e-01,7.121961349339269720e-01
4.792351691999999774e-01,7.121803829007418152e-01
4.792525328999999723e-01,7.121663468841138434e-01
4.792698959000000203e-01,7.121491845691960698e-01
4.792829177999999857e-01,7.121375433225732854e-01
4.792872584000000269e-01,7.121336533929902846e-01
4.793089604999999920e-01,7.121142756375199445e-01
4.793219812999999774e-01,7.121025905321929361e-01
4.793393418999999933e-01,7.120870595621645593e-01
4.793740610000000180e-01,7.120571699305489055e-01
4.793784007999999930e-01,7.120538747453709627e-01
4.793914196999999877e-01,7.120439882714884039e-01
4.794087777000000106e-01,7.120249405546922317e-01
4.794131171000000080e-01,7.120245768493216332e-01
4.794391526999999820e-01,7.119985764733677280e-01
4.794434919000000184e-01,7.119956426691476103e-01
4.794782034999999776e-01,7.119628291389222818e-01
4.794825422999999809e-01,7.119594727034961323e-01
4.795302663000000076e-01,7.119180089406156320e-01
4.795606336000000081e-01,7.118892120638614651e-01
4.795866611999999862e-01,7.118675549781213752e-01
4.796343747999999851e-01,7.118239216833625038e-01
4.796517240000000015e-01,7.118093472554621881e-01
4.796864205999999964e-01,7.117766224661009611e-01
4.797037679999999749e-01,7.117610336671027493e-01
4.797211147000000064e-01,7.117455062035024094e-01
4.797254511999999860e-01,7.117451447381439866e-01
4.797514699000000049e-01,7.117183466976086947e-01
4.797558062000000234e-01,7.117151616328903918e-01
4.797688149000000069e-01,7.117028293327466448e-01
4.797904953000000083e-01,7.116834322321976547e-01
4.798078387999999972e-01,7.116690884381651205e-01
4.798381885999999930e-01,7.116415756017663297e-01
4.798425241000000008e-01,7.116368837829704086e-01
4.798555304000000077e-01,7.116252481741518476e-01
4.798598658000000072e-01,7.116213695053564825e-01
4.798945472999999740e-01,7.115904703287465605e-01
4.798988822999999959e-01,7.115899792844058158e-01
4.799075521999999761e-01,7.115787063871598095e-01
4.799335610000000085e-01,7.115554355159957600e-01
4.799465648999999834e-01,7.115438027941488608e-01
4.799595683999999807e-01,7.115321673545561554e-01
4.799769058999999727e-01,7.115166553924551218e-01
4.799942427000000178e-01,7.115011457002123896e-01
4.799985768000000208e-01,7.114990251540697086e-01
4.800029109000000238e-01,7.114933891744779082e-01
4.800159129000000080e-01,7.114817582150858577e-01
4.800289145000000146e-01,7.114701231164477502e-01
4.800375821000000265e-01,7.114630615136142699e-01
4.800505830999999834e-01,7.114523619183314995e-01
4.800722506999999806e-01,7.114313902718909510e-01
4.801025837999999824e-01,7.114042112818472763e-01
4.801069169000000136e-01,7.114038510425871875e-01
4.801329148999999852e-01,7.113770791744506994e-01
4.801415806000000064e-01,7.113693227231718819e-01
4.802109003999999737e-01,7.113072992690298024e-01
4.802238966999999858e-01,7.112974294952801868e-01
4.802368926999999732e-01,7.112843044007951532e-01
4.802715470000000209e-01,7.112535811134252928e-01
4.803105301000000216e-01,7.112181608542221811e-01
4.803278549000000175e-01,7.112028321746136639e-01
4.803451790000000110e-01,7.111871578609801903e-01
4.803495099999999796e-01,7.111844547518514359e-01
4.803754948000000247e-01,7.111600359284214745e-01
4.803798255000000239e-01,7.111561584835880412e-01
4.804144694999999965e-01,7.111251635242816782e-01
4.804187998000000182e-01,7.111212909285971051e-01
4.804317905000000111e-01,7.111096639057752355e-01
4.804534408999999728e-01,7.110902931358051848e-01
4.804664307000000023e-01,7.110787097850496119e-01
4.804837498999999790e-01,7.110649321696895786e-01
4.805010684000000087e-01,7.110484911277965558e-01
4.805313743999999887e-01,7.110205649063603417e-01
4.805573494000000001e-01,7.109973253021508732e-01
4.805703364000000199e-01,7.109857176762148789e-01
4.805833230000000067e-01,7.109740821746474149e-01
4.805876518000000153e-01,7.109702756572702231e-01
4.806006380000000244e-01,7.109585899233236139e-01
4.806266091999999990e-01,7.109374554519818368e-01
4.806742196000000078e-01,7.108927546850906110e-01
4.806915312000000218e-01,7.108772628066600818e-01
4.806958591000000114e-01,7.108733922194168109e-01
4.807391350999999924e-01,7.108354816534079301e-01
4.807434624999999961e-01,7.108307971681361304e-01
4.807650989000000208e-01,7.108114392987534558e-01
4.807780803000000214e-01,7.108015795669221371e-01
4.807953882000000068e-01,7.107843379134121120e-01
4.808126954999999980e-01,7.107688498919865205e-01
4.808343287999999882e-01,7.107494940126692917e-01
4.808473082999999981e-01,7.107378826061687693e-01
4.808689400000000225e-01,7.107185642362734423e-01
4.808992228000000257e-01,7.106914302502157499e-01
4.809295035999999746e-01,7.106643371460085179e-01
4.809338293000000042e-01,7.106608101755667040e-01
4.809381549999999783e-01,7.106601042118575462e-01
4.809468061000000128e-01,7.106489824070120198e-01
4.809511316000000258e-01,7.106449812985216052e-01
4.809641080000000013e-01,7.106333709166992030e-01
4.809857343999999757e-01,7.106148322015475305e-01
4.810073598999999867e-01,7.105946697317960803e-01
4.810160097999999773e-01,7.105869454400786100e-01
4.810376339999999917e-01,7.105675817600176636e-01
4.810765549000000085e-01,7.105327561063098374e-01
4.810895278999999802e-01,7.105211469264074431e-01
4.811025004999999743e-01,7.105095401913273934e-01
4.811068245999999826e-01,7.105063732489244055e-01
4.811414162000000050e-01,7.104747179334284235e-01
4.811457399999999884e-01,7.104708506577276372e-01
4.812235612999999912e-01,7.104012173933634822e-01
4.812408531999999850e-01,7.103873641795082072e-01
4.812494989000000167e-01,7.103783529729315038e-01
4.812624671999999881e-01,7.103664024964058132e-01
4.812797576999999771e-01,7.103509686655056221e-01
4.812840802000000195e-01,7.103488180072484726e-01
4.813143368999999727e-01,7.103202484080795021e-01
4.813489134999999752e-01,7.102890505419943157e-01
4.813618792000000091e-01,7.102774494228322189e-01
4.813791660999999777e-01,7.102619790190155546e-01
4.813878093000000247e-01,7.102542458710865425e-01
4.814137380999999882e-01,7.102382022557128805e-01
4.814180593999999869e-01,7.102343353990581143e-01
4.814310231999999745e-01,7.102179632231951922e-01
4.814526286999999960e-01,7.101980338832341033e-01
4.814699123000000247e-01,7.101816578354159804e-01
4.814828747000000075e-01,7.101763365282650620e-01
4.814915161000000166e-01,7.101614460996217293e-01
4.815044777999999970e-01,7.101514685426519868e-01
4.815217596999999961e-01,7.101415407863321816e-01
4.815606414999999974e-01,7.100995917438269744e-01
4.815692815000000016e-01,7.100990163036421388e-01
4.815736013999999954e-01,7.100886850608582046e-01
4.815952004999999869e-01,7.100686678237559946e-01
4.816254374999999754e-01,7.100451870998274462e-01
4.816643110000000116e-01,7.100085781428364662e-01
4.816772681000000000e-01,7.099952294277421805e-01
4.816902249000000191e-01,7.099854888732294311e-01
4.816988624999999913e-01,7.099759830762412127e-01
4.817075000000000107e-01,7.099681774286193958e-01
4.817463669000000004e-01,7.099333980073121442e-01
4.817636399999999930e-01,7.099203250210094351e-01
4.817679582000000127e-01,7.099140752075897565e-01
4.817765943999999800e-01,7.099071575950700597e-01
4.817809124999999915e-01,7.099024846301439373e-01
4.818025022999999907e-01,7.098831635104344562e-01
4.818327264000000221e-01,7.098561178558715490e-01
4.818456789000000184e-01,7.098463164725092867e-01
4.818672657999999998e-01,7.098269640009748915e-01
4.818715831000000005e-01,7.098213469274307075e-01
4.818845346000000252e-01,7.098097598001933406e-01
4.818974858000000250e-01,7.097981687372822979e-01
4.819018028000000009e-01,7.097943058541901218e-01
4.819061197999999768e-01,7.097907869169600703e-01
4.819190703999999825e-01,7.097788551455921358e-01
4.819320206000000106e-01,7.097672793420781723e-01
4.819363373000000172e-01,7.097705532223737013e-01
4.819838182000000248e-01,7.097209136770330495e-01
4.819881343999999901e-01,7.097170515304991323e-01
4.820097148999999970e-01,7.096977380688425097e-01
4.820226628000000013e-01,7.096861545970087892e-01
4.820356102000000198e-01,7.096781408873519270e-01
4.820571886000000195e-01,7.096556614679260244e-01
4.820744505999999818e-01,7.096400680601070432e-01
4.820787659999999919e-01,7.096371145456100704e-01
4.821262329000000069e-01,7.095935087006098874e-01
4.821434923999999844e-01,7.095815991592732130e-01
4.821736951000000215e-01,7.095509987698632726e-01
4.821909529000000250e-01,7.095355533876577248e-01
4.822168385000000224e-01,7.095123909116022309e-01
4.822297806999999992e-01,7.095008085285035015e-01
4.822470366000000119e-01,7.094860557539205415e-01
4.822599779999999781e-01,7.094773582008248036e-01
4.822815462999999747e-01,7.094544850793886859e-01
4.822988002999999968e-01,7.094425443640526296e-01
4.823203669000000193e-01,7.094197423410537606e-01
4.823289933000000085e-01,7.094120231424277945e-01
4.823462454999999927e-01,7.093973934821554694e-01
4.823850608999999956e-01,7.093689943975951540e-01
4.823893734999999960e-01,7.093579925439776890e-01
4.824023110999999808e-01,7.093464170507504107e-01
4.824368097999999772e-01,7.093155392212853183e-01
4.824669940999999906e-01,7.092886562321438770e-01
4.825057997000000154e-01,7.092538002213267800e-01
4.825187342000000212e-01,7.092457975556983873e-01
4.825230456999999862e-01,7.092383691053796291e-01
4.825273569999999901e-01,7.092362592210664785e-01
4.825618468000000272e-01,7.092037200607335112e-01
4.825920233000000059e-01,7.091766390847263901e-01
4.825963340000000157e-01,7.091729531294030942e-01
4.826221977999999857e-01,7.091496366000312745e-01
4.826308188000000277e-01,7.091419192341658073e-01
4.826437499999999825e-01,7.091307512013144132e-01
4.826609909999999837e-01,7.091184883404078043e-01
4.826739212999999751e-01,7.091033475175935186e-01
4.826782313999999907e-01,7.090994881994137078e-01
4.826997809999999944e-01,7.090802031602241318e-01
4.827127103000000141e-01,7.090686341348068078e-01
4.827342584000000048e-01,7.090493498610591638e-01
4.827601147999999731e-01,7.090262116420309457e-01
4.827644240999999781e-01,7.090258515160799968e-01
4.827945879000000162e-01,7.089953591478203032e-01
4.828032058000000237e-01,7.089876476065808397e-01
4.828118235000000147e-01,7.089835035515059669e-01
4.828376757999999769e-01,7.089567989447721486e-01
4.828678350999999758e-01,7.089299375747605270e-01
4.828807599000000117e-01,7.089182559382245508e-01
4.829023004999999924e-01,7.088989665005486218e-01
4.829496864000000222e-01,7.088581727050667913e-01
4.829539938999999893e-01,7.088533905349500008e-01
4.829712239000000240e-01,7.088408498154210591e-01
4.829884532000000008e-01,7.088218639585746050e-01
4.830056818999999835e-01,7.088064828173312737e-01
4.830099889999999729e-01,7.088037549816916805e-01
4.830444441999999783e-01,7.087717540891137480e-01
4.830702840000000164e-01,7.087486294342928428e-01
4.830745905000000118e-01,7.087447738371893680e-01
4.831262655999999933e-01,7.086985279552123762e-01
4.831391835000000134e-01,7.086941016795195170e-01
4.831607124999999781e-01,7.086677016768948567e-01
4.831736294999999792e-01,7.086561391867839399e-01
4.831779351000000111e-01,7.086522869705487171e-01
4.832123783000000228e-01,7.086214599133765502e-01
4.832166835999999743e-01,7.086176091638842767e-01
4.832252939000000191e-01,7.086099011244695323e-01
4.832295991000000179e-01,7.086060497525406010e-01
4.832640386000000010e-01,7.085765043913471173e-01
4.832769529000000008e-01,7.085639278151668607e-01
4.832812575000000055e-01,7.085598171932853129e-01
4.832941713000000195e-01,7.085482590942263625e-01
4.833156934000000238e-01,7.085325635946427836e-01
4.833199977000000036e-01,7.085258343765441502e-01
4.833458227999999912e-01,7.085020347748193226e-01
4.833673426999999800e-01,7.084827883678003202e-01
4.833845579000000114e-01,7.084673673016363971e-01
4.834232897999999889e-01,7.084327053237476912e-01
4.834534125000000127e-01,7.084196308463019953e-01
4.834577156000000042e-01,7.084053830701306786e-01
4.834706246000000096e-01,7.083938114418726339e-01
4.834921388999999792e-01,7.083849705919877948e-01
4.835007443000000071e-01,7.083657595526936523e-01
4.835222572999999802e-01,7.083476007133421293e-01
4.835265597999999776e-01,7.083420250659538953e-01
4.835609781999999912e-01,7.083233589580546496e-01
4.835738844999999952e-01,7.082979228163875929e-01
4.835867904000000217e-01,7.082869117817574001e-01
4.836082995000000051e-01,7.082740639914222314e-01
4.836255060999999911e-01,7.082517257350521289e-01
4.836642187999999898e-01,7.082309573345407783e-01
4.836943264999999936e-01,7.081914754255822508e-01
4.837072291999999774e-01,7.081785811212820692e-01
4.837287329000000136e-01,7.081662759617702863e-01
4.837459352999999851e-01,7.081439419384127909e-01
4.837674372999999917e-01,7.081246966726048031e-01
4.837975386000000211e-01,7.081012465653815369e-01
4.838018385999999782e-01,7.080985334761753514e-01
4.838319376999999921e-01,7.080669678819652146e-01
4.838448368000000110e-01,7.080554250902590940e-01
4.838620349000000154e-01,7.080400382545746218e-01
4.838835317999999885e-01,7.080346669252911562e-01
4.838964295000000027e-01,7.080163720474085265e-01
4.839179249000000183e-01,7.079905727517010749e-01
4.839523153999999994e-01,7.079592306364134169e-01
4.839738082999999746e-01,7.079434624607859883e-01
4.839867036000000122e-01,7.079284512270924701e-01
4.840382811999999757e-01,7.078822900886400094e-01
4.840726631999999752e-01,7.078653871980286061e-01
4.840769608000000113e-01,7.078497587944055924e-01
4.841070427999999981e-01,7.078243078509406372e-01
4.841199345000000154e-01,7.078094661721412439e-01
4.841586076000000127e-01,7.077745940191018104e-01
4.841800913000000040e-01,7.077623002577028144e-01
4.841886845000000217e-01,7.077476775225096661e-01
4.842574248000000026e-01,7.076869566657992827e-01
4.842746083000000201e-01,7.076707720377780619e-01
4.842831998000000082e-01,7.076630809867161531e-01
4.842960868999999779e-01,7.076584792783113809e-01
4.843132689999999907e-01,7.076361680013280031e-01
4.843261551999999970e-01,7.076281939512611974e-01
4.843476314999999865e-01,7.076054121775584571e-01
4.843648119000000252e-01,7.075917869850235631e-01
4.843776967000000266e-01,7.075785035281283442e-01
4.843862863999999768e-01,7.075708921402877882e-01
4.844163491999999849e-01,7.075439089434597539e-01
4.844206436999999865e-01,7.075469952778785654e-01
4.844507043999999873e-01,7.075131610390206216e-01
4.844549986000000197e-01,7.075093160628035394e-01
4.844678810999999974e-01,7.074979575045035052e-01
4.844893511000000208e-01,7.074785706375321670e-01
4.845194073999999906e-01,7.074516686670474508e-01
4.845365817000000241e-01,7.074362954972844841e-01
4.845537552999999997e-01,7.074244621488889884e-01
4.845580486000000131e-01,7.074170811083412280e-01
4.845709282999999812e-01,7.074055541941735026e-01
4.846052726000000255e-01,7.073764241879864079e-01
4.846524918999999820e-01,7.073325484146216757e-01
4.846610767000000264e-01,7.073260270508973102e-01
4.846739536999999931e-01,7.073133417716712668e-01
4.846868302999999822e-01,7.073018136074937789e-01
4.846911224000000074e-01,7.072979731251133328e-01
4.846954144999999770e-01,7.073079846160501560e-01
4.847211663000000059e-01,7.072710813597209434e-01
4.847297499000000065e-01,7.072633980574967172e-01
4.847597913999999730e-01,7.072365126068621555e-01
4.847769571000000166e-01,7.072211448657027555e-01
4.847898310000000044e-01,7.072131781013372143e-01
4.848284507000000243e-01,7.071750561476081165e-01
4.848456139000000276e-01,7.071735427717539268e-01
4.848627765999999895e-01,7.071444082177420487e-01
4.848670672000000015e-01,7.071406629587055903e-01
4.848756482000000090e-01,7.071328146259656666e-01
4.848799387000000127e-01,7.071289702956383705e-01
4.849142610000000131e-01,7.070982513587583673e-01
4.849614501999999772e-01,7.070568162884420804e-01
4.849657399999999785e-01,7.070539135715003809e-01
4.849957668000000055e-01,7.070255534974347889e-01
4.850043455999999975e-01,7.070245397794321374e-01
4.850172133999999802e-01,7.070060987672537323e-01
4.850343699999999925e-01,7.069942985187184226e-01
4.850386590999999914e-01,7.069869043987651036e-01
4.850729702000000088e-01,7.069561919704652198e-01
4.850858362000000090e-01,7.069446771305585298e-01
4.850987018999999845e-01,7.069331631641332381e-01
4.851072787999999858e-01,7.069254859731997076e-01
4.851716010000000079e-01,7.068817505116460342e-01
4.851758889000000186e-01,7.068640730154246432e-01
4.852016150999999833e-01,7.068410453467292021e-01
4.852101902000000022e-01,7.068333686324597132e-01
4.852402020000000094e-01,7.068065069991532612e-01
4.852744988000000093e-01,7.067761499078145659e-01
4.852787856999999927e-01,7.067754510634837173e-01
4.852873595000000151e-01,7.067714005053086224e-01
4.852916462999999903e-01,7.067604589982510177e-01
4.853259395000000254e-01,7.067305678474700148e-01
4.853387988000000264e-01,7.067182543698163899e-01
4.853473715000000133e-01,7.067140575170540728e-01
4.853559440999999919e-01,7.067029070288619597e-01
4.853816608000000032e-01,7.066798889904527536e-01
4.853945185999999912e-01,7.066683857116724532e-01
4.854245188999999905e-01,7.066415245472819073e-01
4.854288044999999774e-01,7.066376897405527435e-01
4.854459466000000112e-01,7.066226021465437102e-01
4.854802288999999771e-01,7.065916584090660146e-01
4.854930841000000274e-01,7.065887737775757849e-01
4.854973691000000202e-01,7.065892482531268559e-01
4.855102238999999820e-01,7.065777413654796835e-01
4.855316478000000213e-01,7.065654799357934390e-01
4.855445017000000196e-01,7.065341287794670855e-01
4.855487862000000265e-01,7.065338426578998687e-01
4.855616395999999835e-01,7.065317175659786564e-01
4.855873454999999894e-01,7.064957792009007864e-01
4.856001978999999746e-01,7.064989424176582045e-01
4.856344691999999741e-01,7.064535972063543667e-01
4.856473204000000266e-01,7.064485579975500196e-01
4.856516040000000145e-01,7.064382606462928926e-01
4.856901551000000206e-01,7.064040937092578298e-01
4.856987215999999941e-01,7.063976909817262229e-01
4.857030048000000044e-01,7.064051770812769249e-01
4.857244202000000066e-01,7.063869056416800518e-01
4.857372689000000188e-01,7.063615812724776122e-01
4.857672480999999931e-01,7.063605947963358389e-01
4.857715307000000093e-01,7.063309127879688898e-01
4.857886605999999774e-01,7.063155796480674598e-01
4.858186366000000200e-01,7.062922939547984225e-01
4.858400467999999806e-01,7.062782211252516262e-01
4.858871461000000003e-01,7.062274196135240878e-01
4.858914276999999893e-01,7.062235899298133779e-01
4.859042720000000259e-01,7.062122198015186036e-01
4.859213973000000020e-01,7.062096899974286135e-01
4.859256785000000134e-01,7.061963845475949242e-01
4.859299597000000248e-01,7.061908347413669018e-01
4.859984534999999828e-01,7.061277865228986483e-01
4.860112951000000181e-01,7.061292099052532967e-01
4.860455375000000133e-01,7.060856396743026009e-01
4.860797774000000238e-01,7.060565961692302217e-01
4.860968964999999864e-01,7.060414394537023464e-01
4.861011761999999847e-01,7.060358341621538747e-01
4.861097354999999731e-01,7.060540065311337043e-01
4.861140150000000104e-01,7.060246843864217414e-01
4.861354123000000138e-01,7.060120958521129975e-01
4.861482502000000205e-01,7.059936977707069738e-01
4.861995983999999882e-01,7.059477322390872445e-01
4.862167132999999919e-01,7.059582407013949013e-01
4.862381060000000033e-01,7.059132640925188662e-01
4.862509412000000086e-01,7.059017748027022199e-01
4.862680542999999744e-01,7.058876131601503623e-01
4.863065563999999785e-01,7.058519905153355367e-01
4.863151121000000021e-01,7.058443312514364187e-01
4.863322228999999997e-01,7.058419252232198682e-01
4.863407779999999736e-01,7.058213949375914398e-01
4.863536104999999776e-01,7.058167731539911616e-01
4.863707199999999786e-01,7.057946820656795239e-01
4.863835517000000275e-01,7.057866133422889821e-01
4.863878287999999772e-01,7.057792405695505478e-01
4.864049369999999817e-01,7.057639254133946105e-01
4.864092139999999787e-01,7.057600981018659070e-01
4.864348749999999888e-01,7.057371266645985353e-01
4.864434283999999886e-01,7.057294706332872813e-01
4.864562581999999913e-01,7.057244413424687002e-01
4.864690876000000164e-01,7.057081045900830407e-01
4.864733640000000192e-01,7.057026707735180038e-01
4.865204019000000102e-01,7.056605674347472545e-01
4.865460570999999845e-01,7.056379421594896062e-01
4.865588840999999776e-01,7.056261169276492051e-01
4.865759863999999935e-01,7.056108069676358951e-01
4.865802618000000246e-01,7.056138813120133024e-01
4.865888125999999758e-01,7.056079298191215710e-01
4.866144641999999854e-01,7.055781000156288174e-01
4.866272893999999960e-01,7.055648833347410998e-01
4.866401143999999901e-01,7.055534023678603495e-01
4.866785871000000041e-01,7.055260483815640749e-01
4.867127824999999963e-01,7.054883515135917937e-01
4.867170567999999919e-01,7.054845272315248828e-01
4.867298793000000012e-01,7.054816488211775871e-01
4.867640711999999814e-01,7.054424418454293688e-01
4.868153544000000110e-01,7.054011312849787219e-01
4.868196277999999877e-01,7.053927092049288028e-01
4.868324475999999956e-01,7.053812309173348449e-01
4.868452670999999787e-01,7.053698835085114860e-01
4.868495401999999861e-01,7.053660065955749126e-01
4.868666321999999824e-01,7.053514315008214686e-01
4.868794508000000021e-01,7.053649491768825275e-01
4.869563553999999850e-01,7.052703129358721679e-01
4.869691716999999809e-01,7.052623080058141314e-01
4.869819875999999992e-01,7.052509066252854453e-01
4.869862595000000183e-01,7.052442255072216559e-01
4.869990750000000035e-01,7.052320842437386217e-01
4.870375192999999991e-01,7.052041022889505850e-01
4.870588759999999739e-01,7.051854313765167914e-01
4.871229403999999819e-01,7.051211883273977854e-01
4.871272110000000044e-01,7.051173630953929683e-01
4.871357523000000023e-01,7.051097184178749533e-01
4.871528341999999956e-01,7.050944270771855038e-01
4.871571046000000016e-01,7.050906041606240793e-01
4.871613750000000076e-01,7.050867802746291213e-01
4.871741857999999925e-01,7.050753117559915850e-01
4.871912663999999893e-01,7.050600229000365538e-01
4.871955365000000260e-01,7.050561993108290793e-01
4.872040765000000273e-01,7.050614435645590206e-01
4.872254259000000087e-01,7.050294428850273354e-01
4.872723911999999880e-01,7.049882011696355644e-01
4.872937375999999987e-01,7.049700605826783040e-01
4.873108139999999810e-01,7.049598942852896011e-01
4.873278898000000248e-01,7.049379733607384901e-01
4.873321587000000177e-01,7.049373624273892469e-01
4.873449650000000188e-01,7.049224315446334099e-01
4.873663081999999869e-01,7.049034009099498510e-01
4.873791136999999773e-01,7.049047457162020969e-01
4.873961870999999890e-01,7.048765783325281475e-01
4.874260642000000088e-01,7.048498310043730397e-01
4.874303321999999827e-01,7.048460095232659262e-01
4.874346002000000122e-01,7.048428726099335018e-01
4.875327529999999854e-01,7.048007349896104889e-01
4.875370200999999959e-01,7.047690678329523450e-01
4.875455541000000004e-01,7.047428618479031348e-01
4.875498211000000026e-01,7.047506496301708667e-01
4.875626216999999762e-01,7.047404639922930647e-01
4.875711553000000031e-01,7.047349900380163179e-01
4.876010217000000257e-01,7.047164109956454148e-01
4.876138210000000028e-01,7.046852851566491882e-01
4.876394184999999770e-01,7.047052369660329330e-01
4.876522167999999824e-01,7.046473761783312861e-01
4.876735466000000074e-01,7.046282827864455145e-01
4.876863439999999938e-01,7.046408256682142879e-01
4.876991410000000027e-01,7.046053706546463458e-01
4.877034066000000001e-01,7.046032831372801564e-01
4.877332649000000186e-01,7.045748238333555680e-01
4.877417955000000194e-01,7.045903810197085004e-01
4.877503259000000035e-01,7.045595471455707859e-01
4.877545911000000234e-01,7.045814793937855702e-01
4.877716514000000059e-01,7.045404584623613520e-01
4.878057700999999802e-01,7.045331068416427200e-01
4.878100348000000142e-01,7.045060974600788617e-01
4.878185641000000183e-01,7.044985453234086092e-01
4.878398864999999862e-01,7.044931394122714297e-01
4.878441508999999954e-01,7.044755530230208951e-01
4.878782646000000001e-01,7.044682062262047628e-01
4.878910565999999838e-01,7.044337525854871274e-01
4.879422213999999869e-01,7.043912922880291028e-01
4.879550116999999965e-01,7.043891777372890406e-01
4.879592750999999784e-01,7.044188652307733500e-01
4.880061696999999921e-01,7.043305122377525596e-01
4.880232212000000236e-01,7.043152458320748321e-01
4.880445346999999767e-01,7.042961648916343798e-01
4.880487973000000035e-01,7.043387140138275271e-01
4.880615849000000117e-01,7.042809018257039089e-01
4.880743720999999868e-01,7.042694527649059344e-01
4.880786343999999888e-01,7.042656379453411386e-01
4.880828966999999907e-01,7.042626875369837336e-01
4.881084696999999917e-01,7.042397352503363406e-01
4.881169937000000014e-01,7.042450574679708364e-01
4.881468266999999805e-01,7.042161789025044305e-01
4.881638731999999870e-01,7.042150576700849651e-01
4.882277925999999879e-01,7.041321050014710536e-01
4.882533580000000262e-01,7.041208057320850200e-01
4.882789220000000041e-01,7.040933956558761420e-01
4.882874430999999960e-01,7.040787061257309798e-01
4.883002243999999825e-01,7.040672619010981403e-01
4.883172655999999945e-01,7.040520707945931989e-01
4.883513461999999805e-01,7.040214964359894356e-01
4.883556061000000059e-01,7.040183635329151368e-01
4.883683856000000101e-01,7.040294100824544543e-01
4.883811647999999894e-01,7.040076595297212192e-01
4.883896840999999989e-01,7.039871728506553739e-01
4.884024626999999841e-01,7.039803184965297556e-01
4.884195003999999840e-01,7.039604800682769392e-01
4.884237597000000153e-01,7.039567052931042790e-01
4.884578328999999997e-01,7.039261637385243464e-01
4.884706097000000025e-01,7.039164560513427871e-01
4.884919037000000075e-01,7.039188239430494987e-01
4.885046796999999996e-01,7.038842261763982311e-01
4.885387472000000120e-01,7.038553236442540717e-01
4.885685544000000213e-01,7.038270393848391482e-01
4.885941019000000218e-01,7.038041695946137821e-01
4.886068752000000126e-01,7.038184396474221893e-01
4.886239057000000274e-01,7.038041720496974740e-01
4.886537076999999951e-01,7.037508080269828659e-01
4.886749937000000044e-01,7.037317643550446977e-01
4.886962787999999946e-01,7.037264389628054007e-01
4.887090493999999841e-01,7.037012606254854363e-01
4.887260762999999786e-01,7.036860188419408191e-01
4.887643848000000069e-01,7.036748712200942002e-01
4.887771536000000139e-01,7.036402899091915852e-01
4.887899220999999961e-01,7.036288586716226146e-01
4.888239697999999800e-01,7.035985053686301116e-01
4.888282255999999992e-01,7.035947952585988041e-01
4.888409926999999766e-01,7.036088320578959276e-01
4.888452483999999876e-01,7.035793275129418323e-01
4.888665260000000234e-01,7.035637350099640530e-01
4.889133335999999996e-01,7.035415164531165777e-01
4.889643913999999758e-01,7.034727389889612326e-01
4.889686458999999985e-01,7.034688564752182849e-01
4.889771548999999884e-01,7.034626784323766424e-01
4.889814094000000111e-01,7.034574275058441684e-01
4.889984269000000050e-01,7.034490600626234214e-01
4.890154436999999965e-01,7.034269576695104664e-01
4.890282060000000208e-01,7.034155330008566853e-01
4.890324600000000022e-01,7.034117239001166366e-01
4.890452217999999851e-01,7.034003003211612981e-01
4.890707444999999876e-01,7.034005855756118031e-01
4.890835052999999988e-01,7.033788647099845637e-01
4.890962657999999852e-01,7.033546007143975931e-01
4.891047726000000151e-01,7.033469850453153427e-01
4.891132792999999812e-01,7.033393684430426784e-01
4.891175325000000074e-01,7.033355616432426238e-01
4.891515573999999922e-01,7.033050980654683704e-01
4.891728216999999823e-01,7.032860610055738926e-01
4.892068426999999775e-01,7.032556040000871311e-01
4.892195999999999767e-01,7.032441821970462081e-01
4.892366092000000055e-01,7.032520819519888500e-01
4.892493656999999940e-01,7.032175414176788930e-01
4.892706257000000170e-01,7.032019535332771909e-01
4.893088916000000177e-01,7.031714455759893179e-01
4.893344003999999803e-01,7.031670731006753883e-01
4.893386518000000240e-01,7.031394231004349793e-01
4.893854141999999796e-01,7.030957326499757132e-01
4.893896650999999820e-01,7.030919261746153559e-01
4.894109191000000081e-01,7.030960182278293003e-01
4.894236711000000128e-01,7.030618811811911728e-01
4.894534242999999951e-01,7.030348444263530006e-01
4.894576746000000034e-01,7.030310377564115143e-01
4.894789257000000116e-01,7.030120126116758961e-01
4.895129254000000207e-01,7.029816491416096547e-01
4.895426732000000003e-01,7.029549406604658213e-01
4.895724191999999975e-01,7.029551142543585263e-01
4.895766684999999785e-01,7.030049199744019539e-01
4.895894161000000078e-01,7.029935051411954072e-01
4.895936652999999805e-01,7.029272579225654960e-01
4.896106613999999801e-01,7.029342775058787796e-01
4.896276569999999939e-01,7.028857164201485208e-01
4.896404033000000267e-01,7.029076470733680582e-01
4.896786402000000149e-01,7.028533108787640149e-01
4.896828885999999770e-01,7.028328581098080008e-01
4.897083779999999997e-01,7.028136298812104332e-01
4.897168741999999853e-01,7.027989796074152196e-01
4.897253702000000097e-01,7.028717650994232846e-01
4.897296180999999859e-01,7.027875728509501707e-01
4.897466095999999935e-01,7.027723575772794051e-01
4.897805907000000181e-01,7.028223177009338407e-01
4.897848382000000167e-01,7.027535352724718631e-01
4.897975803999999878e-01,7.027274042753711703e-01
4.898315580000000002e-01,7.026963189207122706e-01
4.898442989999999830e-01,7.027250838940386490e-01
4.898612864999999927e-01,7.026826375334540575e-01
4.898782734000000083e-01,7.026560747175115695e-01
4.898867666000000232e-01,7.026468774448696442e-01
4.898995060999999929e-01,7.026354720022390810e-01
4.899164917000000119e-01,7.026403544011607938e-01
4.899504611000000120e-01,7.025898508125055786e-01
4.899547070999999976e-01,7.025929051372784562e-01
4.899844280000000274e-01,7.026056282207834291e-01
4.899886737999999964e-01,7.025556394513473579e-01
4.899971651000000206e-01,7.025748191553639055e-01
4.900141472000000276e-01,7.025328326675479573e-01
4.900353740999999763e-01,7.025138276551562422e-01
4.900523549999999950e-01,7.024986259186112303e-01
4.900693352000000114e-01,7.024834983701676583e-01
4.900863148999999863e-01,7.025119065082020553e-01
4.901032940000000226e-01,7.024541688347498702e-01
4.901372504000000019e-01,7.024354325035870872e-01
4.901542277000000003e-01,7.024074178662907952e-01
4.901839365999999809e-01,7.024611377428062742e-01
4.901881806000000230e-01,7.023770209851746271e-01
4.901924245000000013e-01,7.023963051114765488e-01
4.902009123000000135e-01,7.023656228535932744e-01
4.902518357999999798e-01,7.023200313244514215e-01
4.902603226000000203e-01,7.023124320427406309e-01
4.902900251000000265e-01,7.023328391405048166e-01
4.902942680999999858e-01,7.022822097808409936e-01
4.903069970999999749e-01,7.022706418710358278e-01
4.903409394000000088e-01,7.022418465733905046e-01
4.903748793000000106e-01,7.022098675071544172e-01
4.903918483999999967e-01,7.021949290596276594e-01
4.904045747999999927e-01,7.022635631498935771e-01
4.904088168999999886e-01,7.022025565366216693e-01
4.904215429000000070e-01,7.021737840240951378e-01
4.904300267000000213e-01,7.021604919927956212e-01
4.904554771999999896e-01,7.021377057881532657e-01
4.904597189000000079e-01,7.021339104994037683e-01
4.904724435000000216e-01,7.021260328044952592e-01
4.904978918999999826e-01,7.020997313712276089e-01
4.905275799000000103e-01,7.020999062308211913e-01
4.905318209000000262e-01,7.020710774429175238e-01
4.905445437000000020e-01,7.020579658653262056e-01
4.905572662000000084e-01,7.020465726273807938e-01
4.905996719999999867e-01,7.020086072852225190e-01
4.906081527999999747e-01,7.020010132747557252e-01
4.906335941000000145e-01,7.019882187270861662e-01
4.906463141999999888e-01,7.019668469819870804e-01
4.906590341000000022e-01,7.020357013144182812e-01
4.907014310999999740e-01,7.019175016127439104e-01
4.907141494999999742e-01,7.019317123314113838e-01
4.907268676000000052e-01,7.018947254648060241e-01
4.907650197999999797e-01,7.018605671075787145e-01
4.907989303999999997e-01,7.018504316583480396e-01
4.908116462000000069e-01,7.018196183066068849e-01
4.908286002000000203e-01,7.018036437054800958e-01
4.908370770000000105e-01,7.017960525766904212e-01
4.908497918999999987e-01,7.017846696493635905e-01
4.908667445000000074e-01,7.017827752499206095e-01
4.908709826000000054e-01,7.017656965488449083e-01
4.909006481000000033e-01,7.017391382371044317e-01
4.909175989999999823e-01,7.017239625900691946e-01
4.909303118000000188e-01,7.017127061729095949e-01
4.909387868000000266e-01,7.017049895557951888e-01
4.909472617000000261e-01,7.017775987914389724e-01
4.909642109999999837e-01,7.016822274384606484e-01
4.909684482000000183e-01,7.016801556524958627e-01
4.909853967999999735e-01,7.016701011328635440e-01
4.910150553000000029e-01,7.016494972670047625e-01
4.910192921000000044e-01,7.016329184153029530e-01
4.910828395999999874e-01,7.015760156139468906e-01
4.911040202999999993e-01,7.015971384435685243e-01
4.911082562999999901e-01,7.015763015619068677e-01
4.911209642000000097e-01,7.015418827509787292e-01
4.911548501999999927e-01,7.015115423272254569e-01
4.911717923000000208e-01,7.014963743507922622e-01
4.911760278000000257e-01,7.014925819339193902e-01
4.912056747999999917e-01,7.014660751814126849e-01
4.912691981999999791e-01,7.014309545961473491e-01
4.912861364000000175e-01,7.013939982872066103e-01
4.912903708999999952e-01,7.013910011728918814e-01
4.913115425999999841e-01,7.013715905668050921e-01
4.913242452000000093e-01,7.013854461183610667e-01
4.913369475000000097e-01,7.013485046978813475e-01
4.913454154999999934e-01,7.013545961251629324e-01
4.913581171999999997e-01,7.013525831275891909e-01
4.913708185999999811e-01,7.013181795653634643e-01
4.914131541999999797e-01,7.012837134765071978e-01
4.914427868999999838e-01,7.013338606733656722e-01
4.914470200000000122e-01,7.012499523975702642e-01
4.914766507000000173e-01,7.012236778346692123e-01
4.915105122000000271e-01,7.011931077772612930e-01
4.915274420999999894e-01,7.011779485461183681e-01
4.915486036000000225e-01,7.011590040598327800e-01
4.915570678999999776e-01,7.011514254747439612e-01
4.915782282000000225e-01,7.011324769329577711e-01
4.916120825999999999e-01,7.011470764028173708e-01
4.916163143000000235e-01,7.011887609620622852e-01
4.916247774999999987e-01,7.011308515165380895e-01
4.916290090000000057e-01,7.011543736780527780e-01
4.916417034000000186e-01,7.010884214188835006e-01
4.916501661000000079e-01,7.011017488300195222e-01
4.916797846000000027e-01,7.010769821384336131e-01
4.917136321000000199e-01,7.010180769044821458e-01
4.917178629000000245e-01,7.010748079499660168e-01
4.917305550000000136e-01,7.009960932824590429e-01
4.917517076999999848e-01,7.009771553925594478e-01
4.917643989000000104e-01,7.010331359523885864e-01
4.917770898000000113e-01,7.009552235315256175e-01
4.917855502999999850e-01,7.009469289390176661e-01
4.918151606000000231e-01,7.010004003767684733e-01
4.918193905000000088e-01,7.009838917581545648e-01
4.918278501000000191e-01,7.009089827792155392e-01
4.918320798999999965e-01,7.009055326838686817e-01
4.918532283000000005e-01,7.008862585185543503e-01
4.918659168999999776e-01,7.008766153674309551e-01
4.918828345999999851e-01,7.009049181035421627e-01
4.918955224000000070e-01,7.008483911188655435e-01
4.919166681000000096e-01,7.008294572433577674e-01
4.919208970999999764e-01,7.008256718122551909e-01
4.919547280000000078e-01,7.008627006775353108e-01
4.919674139999999918e-01,7.007967904068215237e-01
4.919843280999999791e-01,7.007688796392391728e-01
4.920139264000000234e-01,7.008224046763203985e-01
4.920308389999999976e-01,7.007273622950356273e-01
4.920350669999999926e-01,7.007907575718965720e-01
4.920688899999999810e-01,7.006931663229989393e-01
4.920815731000000026e-01,7.006818102496521483e-01
4.920858007000000200e-01,7.006780274972781442e-01
4.920900281999999737e-01,7.006810679093139482e-01
4.920984833000000003e-01,7.006736801762651901e-01
4.921196201999999964e-01,7.006477457971818090e-01
4.921238474999999890e-01,7.007785526768883777e-01
4.921576643999999723e-01,7.006366775002451641e-01
4.921872522999999888e-01,7.005871935943849271e-01
4.922041589000000217e-01,7.005720532839292414e-01
4.922210649000000049e-01,7.005926772685001636e-01
4.922337439999999731e-01,7.005455648140324065e-01
4.922379702999999940e-01,7.005417950680538075e-01
4.922717793999999980e-01,7.005130965204084958e-01
4.923013605000000070e-01,7.005105431773637203e-01
4.923182630999999865e-01,7.004698903650959929e-01
4.923267142000000152e-01,7.004968166830531917e-01
4.923393905999999820e-01,7.004509747376436168e-01
4.923562919999999732e-01,7.004358414904546803e-01
4.923605172000000141e-01,7.004327345633259982e-01
4.923731927000000175e-01,7.004207471112328109e-01
4.924281161999999878e-01,7.003715329112414345e-01
4.924365654999999786e-01,7.004039488093257715e-01
4.924407900000000171e-01,7.004504209594114572e-01
4.924745851999999813e-01,7.003367479325319778e-01
4.925252735999999798e-01,7.002880449223120030e-01
4.925421684999999883e-01,7.002694169474127373e-01
4.925632864000000222e-01,7.003849823904830796e-01
4.925759566999999839e-01,7.002391653662926041e-01
4.925886266999999763e-01,7.002278194216660090e-01
4.925928500000000265e-01,7.002242918656357284e-01
4.926224116999999847e-01,7.001975710496618488e-01
4.926266347000000101e-01,7.001937882194163576e-01
4.926308576000000272e-01,7.001900084010806991e-01
4.926435262000000148e-01,7.001871662395471319e-01
4.926604171000000254e-01,7.002434652413999094e-01
4.926941972000000169e-01,7.002677356049165081e-01
4.927068640999999749e-01,7.001219560870651781e-01
4.927321969999999829e-01,7.001452096369962241e-01
4.927744156000000153e-01,7.000630574776116610e-01
4.927786371999999804e-01,7.000576924059155326e-01
4.927955234999999989e-01,7.000442876240206003e-01
4.928124092000000234e-01,7.000274554921902537e-01
4.928292942999999982e-01,7.000123381780137821e-01
4.928335154999999856e-01,7.000421577778114246e-01
4.928419578000000079e-01,7.000009975131149531e-01
4.928588419000000109e-01,6.999858948080351917e-01
4.928672836999999918e-01,6.999828663237670501e-01
4.928926083999999874e-01,6.999955918998482796e-01
4.928968289999999808e-01,6.999522059885743275e-01
4.929305929000000197e-01,6.999216380452648600e-01
4.929601344000000274e-01,6.998975206971269625e-01
4.929685744999999786e-01,6.998877056131530550e-01
4.929812344000000235e-01,6.999434760602256667e-01
4.929938938999999798e-01,6.998904441561303313e-01
4.929981137000000180e-01,6.998611822164790830e-01
4.930318706999999856e-01,6.998768668014879735e-01
4.930360900999999907e-01,6.998271818856950377e-01
4.931331275999999986e-01,6.998201444291677342e-01
4.931373461999999930e-01,6.998708392894799069e-01
4.931500017000000069e-01,6.997251887352947675e-01
4.931626570000000043e-01,6.997139830252329107e-01
4.931837483000000022e-01,6.996949716336318126e-01
4.932006206999999809e-01,6.996798672497061000e-01
4.932638870000000120e-01,6.996232211626800535e-01
4.932681045000000264e-01,6.996262530730346096e-01
4.932723218999999770e-01,6.996168089094026987e-01
4.932849739999999872e-01,6.996059221157432395e-01
4.933018430000000176e-01,6.997235110114335965e-01
4.933060600999999989e-01,6.995854581117729731e-01
4.933144943000000171e-01,6.995779064598368624e-01
4.933397959999999971e-01,6.995781931862031788e-01
4.933524463000000249e-01,6.995566591685309366e-01
4.933650962999999723e-01,6.995325999357038249e-01
4.933819624999999931e-01,6.995374511722973754e-01
4.934030444999999987e-01,6.995021181419942558e-01
4.934409896999999989e-01,6.994649849039589196e-01
4.934494215999999933e-01,6.994570984147299164e-01
4.934747163000000048e-01,6.995015649522666745e-01
4.934873631999999732e-01,6.994231321811886781e-01
4.935168714000000012e-01,6.993967053766262376e-01
4.935379475000000182e-01,6.993778363119979025e-01
4.935421627000000089e-01,6.993740623280850777e-01
4.935716674999999776e-01,6.993476822558883921e-01
4.935758823999999989e-01,6.993438712071683439e-01
4.935885266999999743e-01,6.993325497142983682e-01
4.936095998000000207e-01,6.993136796184590276e-01
4.936391005999999915e-01,6.993271499218566278e-01
4.936517433000000010e-01,6.994944691158945238e-01
4.936559575000000200e-01,6.993219929597592754e-01
4.936685996999999881e-01,6.994793691112894951e-01
4.936770276999999929e-01,6.992601132445350753e-01
4.936896693999999752e-01,6.994604948285081392e-01
4.937191655000000012e-01,6.992765638150638674e-01
4.937402329999999728e-01,6.991968434796206333e-01
4.937570863999999893e-01,6.992925757609975701e-01
4.937781522999999950e-01,6.991627650228398050e-01
4.938034302000000042e-01,6.992134771670649451e-01
4.938076430000000183e-01,6.991363606208435000e-01
4.938455572000000071e-01,6.991694770885119592e-01
4.938539820999999774e-01,6.991018541300154654e-01
4.938581945000000140e-01,6.993095294796664030e-01
4.938918927000000014e-01,6.990609243044219046e-01
4.939045288999999728e-01,6.991293364322230808e-01
4.939129528000000269e-01,6.990420683030694748e-01
4.939213766000000172e-01,6.992529307229294888e-01
4.939424356000000071e-01,6.990156708714948541e-01
4.939719164999999967e-01,6.989892753229438593e-01
4.939803393000000153e-01,6.990046447199318447e-01
4.939887620000000257e-01,6.989741906171840213e-01
4.939929733000000267e-01,6.990251830665333843e-01
4.940435058000000046e-01,6.990592530053447717e-01
4.940603487999999932e-01,6.989100944554660355e-01
4.940729806999999973e-01,6.991171231820366705e-01
4.940814017999999863e-01,6.988912448534112531e-01
4.940940330999999963e-01,6.988994481184930274e-01
4.941235051000000267e-01,6.988535609557879891e-01
4.941487653000000146e-01,6.988309300263695345e-01
4.941613948999999950e-01,6.989287710708521617e-01
4.941782338999999857e-01,6.988842263037600144e-01
4.941824436000000209e-01,6.988008124420185263e-01
4.941950723999999906e-01,6.987894692980071154e-01
4.942497933000000176e-01,6.988091932597680911e-01
4.942582113999999804e-01,6.988420650009600221e-01
4.943129252999999834e-01,6.987103314628072548e-01
4.943255508000000131e-01,6.986727674744519501e-01
4.943297591999999963e-01,6.986694008991196636e-01
4.943634251999999840e-01,6.988569416552367075e-01
4.943970887999999952e-01,6.986085891041780016e-01
4.944475799999999976e-01,6.985633806125315370e-01
4.944517874000000091e-01,6.985596151253763431e-01
4.944602020000000153e-01,6.985918980884398000e-01
4.944644093000000185e-01,6.986822766838003407e-01
4.944770309000000030e-01,6.985979039543102065e-01
4.944812379999999896e-01,6.985332437537221661e-01
4.945106867999999878e-01,6.985068760943512478e-01
4.945148936000000051e-01,6.985031102784280410e-01
4.945191004000000223e-01,6.985061363293855186e-01
4.945485470000000050e-01,6.984729784100832672e-01
4.945527534999999975e-01,6.984698846333345923e-01
4.945990227000000017e-01,6.986458920977119957e-01
4.946116408999999825e-01,6.984164862637605165e-01
4.946536990000000023e-01,6.984245889235481952e-01
4.946621102000000048e-01,6.983712973909105282e-01
4.946873428999999933e-01,6.984156569437404150e-01
4.947293945999999831e-01,6.983655658325985671e-01
4.947504191000000051e-01,6.983060625430564938e-01
4.947672379999999981e-01,6.982771753193203201e-01
4.947798519000000117e-01,6.982728470900547713e-01
4.948008742000000182e-01,6.982470888681490129e-01
4.948176913999999815e-01,6.982319961485162763e-01
4.948513241999999979e-01,6.982018797399069943e-01
4.948639358999999960e-01,6.981921669111326167e-01
4.948681396999999871e-01,6.983085144195320115e-01
4.948891583000000205e-01,6.981680046161230502e-01
4.949185829000000147e-01,6.981751828156795847e-01
4.949311927999999750e-01,6.981303693039122571e-01
4.949522088000000153e-01,6.981183403468590454e-01
4.949564117999999957e-01,6.981077877150738686e-01
4.950026432999999892e-01,6.980892583340770896e-01
4.950152512000000060e-01,6.981640697866190459e-01
4.950194537000000006e-01,6.980513430253744156e-01
4.950488705000000156e-01,6.981045473446473304e-01
4.950530726999999853e-01,6.980212411778576875e-01
4.950572750000000188e-01,6.980174787530286640e-01
4.950698814000000225e-01,6.980061907825085843e-01
4.950908914000000105e-01,6.979873814774474328e-01
4.951034970000000035e-01,6.979760921957787190e-01
4.951203040000000111e-01,6.979617170505770796e-01
4.951539161999999883e-01,6.979309498255521493e-01
4.951581174999999946e-01,6.979940768730628076e-01
4.951707214000000135e-01,6.979885228587993096e-01
4.952001292000000054e-01,6.978895709617142229e-01
4.952211336999999824e-01,6.978707640918222488e-01
4.952547391000000077e-01,6.978441594640283352e-01
4.952589396000000033e-01,6.978403274752145169e-01
4.952673404999999862e-01,6.978547613079472134e-01
4.952841418999999745e-01,6.978143489875333616e-01
4.953345425999999829e-01,6.979870098199242312e-01
4.953555413999999879e-01,6.977901675698213735e-01
4.953597410999999728e-01,6.977695091094342494e-01
4.953723398000000055e-01,6.977353802580684716e-01
4.953891376999999818e-01,6.977203405625835853e-01
4.953933369999999892e-01,6.977233613467274109e-01
4.954059349000000112e-01,6.977503961756117423e-01
4.954185325000000084e-01,6.976940277236717280e-01
4.954269306999999900e-01,6.976865389294594211e-01
4.954605221000000226e-01,6.976564244914104096e-01
4.954731183000000150e-01,6.976451481376214625e-01
4.954941111999999759e-01,6.976263521354579833e-01
4.955067065000000048e-01,6.977239282384509744e-01
4.955193015000000090e-01,6.976040472145709215e-01
4.955234997999999891e-01,6.976000375639779261e-01
4.955360944000000156e-01,6.975887612182526398e-01
4.955738761999999853e-01,6.975549316914727571e-01
4.956074576000000231e-01,6.975248632110823133e-01
4.956536282999999821e-01,6.974835246913464459e-01
4.956620225000000213e-01,6.975428303789202866e-01
4.956704165999999967e-01,6.975082141775371669e-01
4.956746135999999803e-01,6.974774076418900348e-01
4.956872043000000172e-01,6.976710944408290871e-01
4.956914011999999925e-01,6.977931597659199348e-01
4.956955980000000150e-01,6.975606537558097786e-01
4.957081882000000106e-01,6.977781176813709907e-01
4.957249745999999790e-01,6.974424743170379859e-01
4.957291711999999850e-01,6.975876008023207397e-01
4.957375641000000277e-01,6.974118496528112221e-01
4.957585458000000056e-01,6.975612890463996907e-01
4.957753306000000082e-01,6.973779648510340934e-01
4.957963107000000202e-01,6.976991551293963978e-01
4.958088983000000227e-01,6.973445004035255801e-01
4.958424638000000217e-01,6.974036730714069376e-01
4.958592457000000064e-01,6.972994215181581579e-01
4.958760269999999970e-01,6.975019468394868527e-01
4.958970028999999946e-01,6.974372730317441871e-01
4.959263675999999732e-01,6.973061093521460974e-01
4.959557305999999777e-01,6.972146069116272882e-01
4.959599251999999847e-01,6.975525477848529832e-01
4.959934804000000197e-01,6.972586254193787747e-01
4.960312273999999966e-01,6.973170457376922649e-01
4.960605841999999877e-01,6.971191867994700475e-01
4.960647778000000230e-01,6.971153966142112912e-01
4.960731650999999909e-01,6.972166181558491216e-01
4.960773587000000262e-01,6.971041446284467202e-01
4.960899391999999963e-01,6.971181933354462235e-01
4.960983259999999784e-01,6.971309863202134194e-01
4.961109060000000182e-01,6.974172610608774248e-01
4.961234856999999776e-01,6.970628298975664050e-01
4.961276788000000271e-01,6.970592014510369472e-01
4.961654155999999927e-01,6.970252883226083496e-01
4.961779937999999945e-01,6.970140268404754202e-01
4.961905717999999799e-01,6.970027630691170151e-01
4.961989568999999878e-01,6.971144076917893395e-01
4.962241115000000091e-01,6.969727343191951530e-01
4.962283037999999924e-01,6.969759324611750628e-01
4.962660328999999870e-01,6.969351986306568936e-01
4.962744166999999984e-01,6.969276935018650088e-01
4.962786086000000041e-01,6.969784508751462049e-01
4.962953756999999855e-01,6.972519668277734617e-01
4.962995673999999746e-01,6.969136455953161002e-01
4.963121422999999810e-01,6.968939155937868835e-01
4.963247169000000181e-01,6.969091025898137559e-01
4.963289082999999824e-01,6.968789035304741031e-01
4.963414823999999781e-01,6.968676438528261796e-01
4.963624386000000110e-01,6.968488832466128713e-01
4.963917757999999902e-01,6.968226150567506938e-01
4.964001574999999944e-01,6.969865927528734462e-01
4.964127299000000160e-01,6.968038531888562925e-01
4.964462545000000171e-01,6.967738361965408744e-01
4.964630159999999792e-01,6.967588284558784428e-01
4.964797769000000027e-01,6.968333309238872175e-01
4.964923472000000171e-01,6.968412070659901758e-01
4.965132970000000201e-01,6.967754368582969038e-01
4.965426252999999845e-01,6.966875501408072990e-01
4.965677624000000012e-01,6.966650423786310276e-01
4.966012765999999745e-01,6.966350347481109484e-01
4.966305996000000000e-01,6.966087829538235576e-01
4.966347884999999795e-01,6.967764344729050485e-01
4.966641096000000144e-01,6.966580643830208031e-01
4.966682981000000163e-01,6.965750267765919990e-01
4.966766751999999729e-01,6.965675283299961329e-01
4.967018054999999821e-01,6.965451006824197044e-01
4.967143701999999772e-01,6.966423694869356975e-01
4.967269346000000030e-01,6.965259991284462604e-01
4.967436866000000117e-01,6.965076162232861634e-01
4.967646258000000259e-01,6.965778403713697164e-01
4.967688135000000171e-01,6.965517043758054916e-01
4.968316253000000238e-01,6.964304923758916077e-01
4.968693086000000037e-01,6.964066091778899903e-01
4.968818690999999843e-01,6.963838071202170799e-01
4.968944291999999874e-01,6.963725599443936209e-01
4.969028024000000099e-01,6.967076844342143804e-01
4.969153620000000271e-01,6.963538170975206443e-01
4.969279213000000195e-01,6.963425730687613502e-01
4.969446665999999735e-01,6.964487639667800156e-01
4.969823412000000107e-01,6.962938493946625451e-01
4.970116418000000147e-01,6.963072287336385946e-01
4.970283842000000063e-01,6.962526223446456886e-01
4.970325696999999820e-01,6.962488747270143552e-01
4.970493114000000268e-01,6.965764063566443065e-01
4.970660525000000218e-01,6.963521647944940218e-01
4.970786079999999774e-01,6.962084416961764610e-01
4.971288267999999788e-01,6.961626932051887540e-01
4.971330113999999911e-01,6.961589450740482965e-01
4.971832246999999816e-01,6.961863139350719099e-01
4.972041454000000194e-01,6.961808589380388268e-01
4.972334327999999859e-01,6.960759709356089120e-01
4.972376165999999875e-01,6.960787998956112776e-01
4.972669021000000189e-01,6.960542407779404250e-01
4.973045523999999884e-01,6.960053558034672294e-01
4.973171019000000026e-01,6.959941191189553678e-01
4.973338339999999747e-01,6.959791383080066174e-01
4.973505655000000081e-01,6.959641952169656198e-01
4.973672965000000001e-01,6.960546100633313582e-01
4.973714792000000218e-01,6.959681979590162104e-01
4.973840268999999981e-01,6.959594599705137830e-01
4.973965744000000133e-01,6.959229635762960164e-01
4.974174860999999725e-01,6.959042489289152256e-01
4.974300327000000244e-01,6.961098810012120719e-01
4.974676706000000226e-01,6.958599778872360808e-01
4.974802159999999751e-01,6.958480766404262496e-01
4.975053057000000112e-01,6.958256120607564377e-01
4.975178500999999920e-01,6.958143818351468779e-01
4.975387566999999733e-01,6.959667540271342601e-01
4.975680244999999835e-01,6.957694596911934148e-01
4.976056519000000011e-01,6.957357673034075818e-01
4.976181937999999971e-01,6.957245381724103117e-01
4.976349158000000217e-01,6.957095660459039488e-01
4.976516371999999966e-01,6.956953798921921006e-01
4.976725382000000142e-01,6.957213674654773028e-01
4.976850783999999805e-01,6.957812756663837028e-01
4.977059778999999851e-01,6.956459430813373146e-01
4.977185172999999963e-01,6.958124950275749176e-01
4.977310562999999743e-01,6.958507657773593813e-01
4.977352359000000170e-01,6.958815423479920437e-01
4.977477745000000176e-01,6.957411480291143535e-01
4.977686713999999735e-01,6.958515887848838455e-01
4.977979256999999769e-01,6.960871445101107780e-01
4.978021047000000254e-01,6.955598765738414402e-01
4.978188204999999811e-01,6.955449099546601177e-01
4.978313569999999744e-01,6.955463042801194318e-01
4.978355358000000064e-01,6.960534310714301398e-01
4.978814998000000158e-01,6.957505099027472273e-01
4.978856781000000065e-01,6.954850490740469571e-01
4.979065692999999904e-01,6.958082751052784287e-01
4.979191036000000237e-01,6.954585171215660333e-01
4.979358153999999814e-01,6.955710055257237068e-01
4.979483490000000123e-01,6.956455855785496079e-01
4.979859476999999868e-01,6.953952742685517441e-01
4.979984800000000211e-01,6.955585759140240354e-01
4.980068347000000117e-01,6.954431192724171984e-01
4.980694902000000202e-01,6.958437164446049650e-01
4.980736669999999977e-01,6.953170704226809828e-01
4.980861971000000166e-01,6.953509657522679577e-01
4.980987268000000023e-01,6.952943071237550621e-01
4.981029033000000106e-01,6.953957737245123338e-01
4.981196091000000270e-01,6.952756051070988486e-01
4.981363141999999855e-01,6.952606474410222281e-01
4.981404904000000244e-01,6.952569069990413020e-01
4.981488426999999830e-01,6.955110082428771490e-01
4.981989534999999858e-01,6.952045638459302124e-01
4.982073047999999726e-01,6.952015828316397972e-01
4.982156560000000067e-01,6.951896102150356693e-01
4.982198314999999877e-01,6.952941353445712958e-01
4.982323578999999780e-01,6.951762234341649638e-01
4.982365333000000063e-01,6.953452721448312168e-01
4.982699352000000137e-01,6.951444733291998190e-01
4.982741103000000171e-01,6.951372757313296624e-01
4.982866353000000026e-01,6.951512752724195998e-01
4.983075095999999760e-01,6.954490242777081610e-01
4.983325577000000117e-01,6.953464249701927224e-01
4.983367322000000210e-01,6.951476710336561560e-01
4.983659530999999809e-01,6.950550454990315208e-01
4.983868242000000226e-01,6.950363569693942534e-01
4.984369109999999825e-01,6.952529399432108015e-01
4.984744729000000207e-01,6.949595790640639148e-01
4.984828196000000156e-01,6.950294086838654239e-01
4.984995126000000276e-01,6.950436690411114782e-01
4.985078587999999811e-01,6.949506970096983594e-01
4.985203779999999862e-01,6.950306203245208980e-01
4.985328968000000138e-01,6.949055773893280108e-01
4.985370697000000018e-01,6.949018407635255690e-01
4.985495880999999962e-01,6.951519979128644167e-01
4.985537608000000231e-01,6.948868945615721548e-01
4.986080031999999829e-01,6.948383303197258609e-01
4.986205199000000032e-01,6.948271243725709923e-01
4.986372082000000150e-01,6.948124333984828649e-01
4.986705833000000254e-01,6.950436418467977884e-01
4.986747550000000251e-01,6.949114050577209767e-01
4.986872699000000075e-01,6.947676955393450315e-01
4.987039561000000121e-01,6.947591596017400617e-01
4.987373265999999750e-01,6.947225444916890202e-01
4.987414977999999888e-01,6.950601660849322627e-01
4.987498399999999998e-01,6.947239387301501479e-01
4.987873782999999728e-01,6.947858810052560674e-01
4.987998904000000011e-01,6.949312239451832518e-01
4.988207432999999802e-01,6.946494268444067810e-01
4.988707866000000046e-01,6.946819929100411795e-01
4.988749565999999747e-01,6.945993240204437758e-01
4.988999761999999838e-01,6.945769219657248472e-01
4.989375031000000127e-01,6.947325555144289178e-01
4.989500115000000124e-01,6.945321257865240128e-01
4.989708581000000254e-01,6.948546586228333544e-01
4.989750272999999847e-01,6.945097279946639279e-01
4.989875347000000128e-01,6.944985311562691388e-01
4.990042108000000143e-01,6.944836008787269588e-01
4.990083797000000043e-01,6.944798686400999177e-01
4.990208863000000217e-01,6.945350436832857799e-01
4.990333926000000142e-01,6.944574731545745117e-01
4.990375612999999877e-01,6.944554350958811462e-01
4.990750778999999970e-01,6.944201523603030779e-01
4.990834145999999971e-01,6.945972688871648870e-01
4.991084237000000257e-01,6.943902975367068908e-01
4.991501026999999868e-01,6.943529809393049756e-01
4.991542703999999886e-01,6.943492496789001045e-01
4.991709409000000264e-01,6.943343254589727787e-01
4.992084474999999855e-01,6.943893684626259999e-01
4.992209490999999777e-01,6.943021375272330209e-01
4.992376174000000000e-01,6.945356336055390489e-01
4.992667854999999766e-01,6.943273887245440257e-01
4.992709523000000149e-01,6.942447856653892746e-01
4.992834522999999858e-01,6.942337178139865728e-01
4.993001185000000008e-01,6.942186737567821453e-01
4.993084513000000113e-01,6.942115452357434657e-01
4.993376152999999817e-01,6.941920100771885593e-01
4.993417815000000259e-01,6.941814448796445047e-01
4.993709434999999974e-01,6.941552617079596033e-01
4.993751094000000168e-01,6.941960280042518416e-01
4.993876067999999946e-01,6.942483534554348967e-01
4.994001039000000031e-01,6.946509915428086268e-01
4.994167661999999730e-01,6.941150189997873365e-01
4.994542543000000112e-01,6.944215389861914112e-01
4.994834098000000000e-01,6.940545777269045979e-01
4.994875746999999921e-01,6.940508430237801729e-01
4.995333867000000261e-01,6.940098265663758870e-01
4.995667018000000126e-01,6.939800005715549558e-01
4.995708661000000106e-01,6.942371010974396350e-01
4.995750303000000003e-01,6.939725437377709527e-01
4.995875227000000085e-01,6.939613594785434270e-01
4.996083425999999772e-01,6.939444106276300150e-01
4.996374890999999985e-01,6.939166254359128150e-01
4.996707973000000247e-01,6.939262089702719072e-01
4.996999402000000257e-01,6.939812273724529357e-01
4.997082663999999896e-01,6.939384317928043444e-01
4.997207553999999941e-01,6.938555233851690929e-01
4.997374070000000224e-01,6.939597236653394230e-01
4.997498953999999771e-01,6.940767220793263581e-01
4.997707086000000021e-01,6.940556776629482894e-01
4.997748711000000177e-01,6.945685911951096081e-01
4.997873585000000007e-01,6.945573917873946179e-01
4.998081702000000126e-01,6.941512721106354311e-01
4.998206566999999767e-01,6.937979265438325438e-01
4.998373050000000095e-01,6.945125970064827126e-01
4.998747615999999949e-01,6.939624660000576206e-01
4.998830848999999965e-01,6.937036473083048049e-01
4.999038925000000022e-01,6.936781163171914510e-01
4.999080538999999823e-01,6.936743905390022613e-01
4.999205380000000254e-01,6.940505823663766227e-01
4.999330217999999881e-01,6.936520391532672303e-01
4.999371830000000072e-01,6.937788591018683171e-01
4.999496662999999841e-01,6.936371374081915508e-01
4.999704711999999884e-01,6.937887653572820668e-01
4.999746319999999744e-01,6.943894348666925787e-01
4.999871144999999961e-01,6.936036110220615836e-01
