q,I
2.039995199999999811e-03,6.005581770887745419e-03
2.884988900000000096e-03,6.005440378262663290e-03
4.079990399999999622e-03,6.005157605220245998e-03
4.561568000000000220e-03,6.005016224802647157e-03
5.769977800000000191e-03,6.004592107962619316e-03
6.119985599999999866e-03,6.004450743819749435e-03
6.451031299999999968e-03,6.004309383745228511e-03
7.355307299999999833e-03,6.003885327930350881e-03
8.159980799999999243e-03,6.003461308725669028e-03
8.411115699999999196e-03,6.003319977125741447e-03
8.654966599999999385e-03,6.003178649593063007e-03
9.123135799999999504e-03,6.002896006728929666e-03
1.019997589999999989e-02,6.002189470736050622e-03
1.040197520000000000e-02,6.002048175736518498e-03
1.098571020000000016e-02,6.001624315133568220e-03
1.153995529999999985e-02,6.001200491121220885e-03
1.189511369999999950e-02,6.000917962105972725e-03
1.223997100000000053e-02,6.000635449350487198e-03
1.240880609999999926e-02,6.000494199069815633e-03
1.290206219999999980e-02,6.000070472614487185e-03
1.306234239999999949e-02,5.999929238591147039e-03
1.368470339999999959e-02,5.999364343136340608e-03
1.427996599999999984e-02,5.998799512696730528e-03
1.442494390000000071e-02,5.998658315244416103e-03
1.471061409999999993e-02,5.998375932527989091e-03
1.485138870000000076e-02,5.998234747263581600e-03
1.553614000000000037e-02,5.997528881874276095e-03
1.593287120000000043e-02,5.997105411381963187e-03
1.631996089999999955e-02,5.996681977441129137e-03
1.644696630000000090e-02,5.996540840916083151e-03
1.682223050000000025e-02,5.996117455704845847e-03
1.730993239999999850e-02,5.995552998933788465e-03
1.742972569999999902e-02,5.995411894890805525e-03
1.754870130000000042e-02,5.995270794907474506e-03
1.824627070000000087e-02,5.994424280252465265e-03
1.835995569999999966e-02,5.994283208682854407e-03
1.847294110000000100e-02,5.994142141171805195e-03
1.880782519999999944e-02,5.993718962988653538e-03
1.924527490000000132e-02,5.993154782222741978e-03
1.935309240000000069e-02,5.993013747175292283e-03
2.009162109999999835e-02,5.992026615441015981e-03
2.019492059999999922e-02,5.991885612848482645e-03
2.039995039999999843e-02,5.991603619832033649e-03
2.050169640000000168e-02,5.991462629407852576e-03
2.080394890000000080e-02,5.991039682469830735e-03
2.100303430000000082e-02,5.990757738121932699e-03
2.129817330000000064e-02,5.990334852013496150e-03
2.168544450000000137e-02,5.989771060634973242e-03
2.197141860000000058e-02,5.989348259670838892e-03
2.206591980000000008e-02,5.989207334123957532e-03
2.243994499999999934e-02,5.988643672471805762e-03
2.253248119999999924e-02,5.988502767191939032e-03
2.280783739999999934e-02,5.988080075669837375e-03
2.307990860000000075e-02,5.987657420621066151e-03
2.325952140000000015e-02,5.987375670849712228e-03
2.379022509999999951e-02,5.986530518777379885e-03
2.387752890000000017e-02,5.986389674278300675e-03
2.447993949999999891e-02,5.985403876204389677e-03
2.456479220000000116e-02,5.985263064109280599e-03
2.464935279999999965e-02,5.985122256064056082e-03
2.481760959999999849e-02,5.984840652122711685e-03
2.490131170000000130e-02,5.984699856226335934e-03
2.523334379999999863e-02,5.984136713132940863e-03
2.556106320000000112e-02,5.983573634820386206e-03
2.580412149999999905e-02,5.983151368593195817e-03
2.596489630000000173e-02,5.982869878014562132e-03
2.612468180000000056e-02,5.982588403626298672e-03
2.651993379999999928e-02,5.981884788481242783e-03
2.659827940000000085e-02,5.981744077592691597e-03
2.683194360000000153e-02,5.981321969205490550e-03
2.721692649999999866e-02,5.980618536147013116e-03
2.736940339999999888e-02,5.980337191242510175e-03
2.744532419999999931e-02,5.980196524858058180e-03
2.774693010000000085e-02,5.979633899769043817e-03
2.834051430000000121e-02,5.978508843717198103e-03
2.841384049999999897e-02,5.978368229907429429e-03
2.855992799999999832e-02,5.978087014417498429e-03
2.863269220000000045e-02,5.977946412737069823e-03
2.884988380000000005e-02,5.977524631952403286e-03
2.899377430000000047e-02,5.977243464975083749e-03
2.920828110000000047e-02,5.976821744825141884e-03
2.942122390000000143e-02,5.976400061051129198e-03
2.970277299999999829e-02,5.975837872597632508e-03
3.012016249999999867e-02,5.974994711139537847e-03
3.032670299999999999e-02,5.974573184952517227e-03
3.059992200000000162e-02,5.974011206590493402e-03
3.066784640000000048e-02,5.973870722097999499e-03
3.087072290000000135e-02,5.973449292853607283e-03
3.107227489999999856e-02,5.973027899956039923e-03
3.113916889999999993e-02,5.972887443733254642e-03
3.120591959999999970e-02,5.972746991548495352e-03
3.166923519999999964e-02,5.971763939307623593e-03
3.173487090000000344e-02,5.971623519421924431e-03
3.186573689999999681e-02,5.971342691760792888e-03
3.193096869999999948e-02,5.971202283985032645e-03
3.225514909999999819e-02,5.970500305649222191e-03
3.263991580000000226e-02,5.969658064822894530e-03
3.270360349999999749e-02,5.969517705474755576e-03
3.289392669999999935e-02,5.969096651638320684e-03
3.295712349999999763e-02,5.968956308428386218e-03
3.320870809999999784e-02,5.968394975929479720e-03
3.345840099999999873e-02,5.967833707969427519e-03
3.364445469999999966e-02,5.967412799347859668e-03
3.376792089999999802e-02,5.967132213764013426e-03
3.395227840000000080e-02,5.966711365631408373e-03
3.419654240000000178e-02,5.966150291236182665e-03
3.461985769999999935e-02,5.965168566253004415e-03
3.467990950000000155e-02,5.965028335950229264e-03
3.473985749999999872e-02,5.964888109677906301e-03
3.485944419999999905e-02,5.964607669224045346e-03
3.491908400000000301e-02,5.964467455042254951e-03
3.509739530000000052e-02,5.964046836675777029e-03
3.521576790000000012e-02,5.963766444579189988e-03
3.562697489999999689e-02,5.962785199154958110e-03
3.568533189999999883e-02,5.962645037351436104e-03
3.609118929999999975e-02,5.961664017507797494e-03
3.614879690000000201e-02,5.961523887925770059e-03
3.632107169999999885e-02,5.961103523341714297e-03
3.649253310000000194e-02,5.960683194997707691e-03
3.671990299999999818e-02,5.960122813572953787e-03
3.677652580000000115e-02,5.959982728281429908e-03
3.694587359999999820e-02,5.959562496559960530e-03
3.722640800000000250e-02,5.958862190859687095e-03
3.744932249999999990e-02,5.958302018741766341e-03
3.750484409999999685e-02,5.958161985772592040e-03
3.761564139999999667e-02,5.957881931905648944e-03
3.794609239999999911e-02,5.957041866866638093e-03
3.811024350000000172e-02,5.956621888656500434e-03
3.832801789999999709e-02,5.956061974022233869e-03
3.849054019999999937e-02,5.955642080276348643e-03
3.870617500000000238e-02,5.955082278247950285e-03
3.875989619999999775e-02,5.954942337793409091e-03
3.881354310000000030e-02,5.954802401359660276e-03
3.897404079999999826e-02,5.954382616181673644e-03
3.918701509999999999e-02,5.953822958893548005e-03
3.924007809999999902e-02,5.953683054621094518e-03
3.939883820000000120e-02,5.953263365920493863e-03
3.960952859999999909e-02,5.952703837253927807e-03
4.007953250000000078e-02,5.951445132830095533e-03
4.018323120000000248e-02,5.951165464930837333e-03
4.023498040000000192e-02,5.951025637007016124e-03
4.038983000000000156e-02,5.950606177336989489e-03
4.049273419999999818e-02,5.950326557640266134e-03
4.064660190000000256e-02,5.949907158217314189e-03
4.079988930000000291e-02,5.949487794937763016e-03
4.085085730000000137e-02,5.949348015209162191e-03
4.100338109999999980e-02,5.948928700115183738e-03
4.105409649999999799e-02,5.948788936447385774e-03
4.125633449999999841e-02,5.948229921923391117e-03
4.130673929999999910e-02,5.948090178328547736e-03
4.160788569999999964e-02,5.947251801052761203e-03
4.185718599999999762e-02,5.946553263692319971e-03
4.200605599999999995e-02,5.946134189429741479e-03
4.205556230000000173e-02,5.945994506033721455e-03
4.244953370000000004e-02,5.944877183292621853e-03
4.259633349999999985e-02,5.944458253451682071e-03
4.283988209999999713e-02,5.943760117262555757e-03
4.288842589999999899e-02,5.943620502055404348e-03
4.303372860000000133e-02,5.943201680492777098e-03
4.322670569999999962e-02,5.942643307874999857e-03
4.327481560000000227e-02,5.942503724743349557e-03
4.337087509999999757e-02,5.942224570506328234e-03
4.361009829999999698e-02,5.941526755061419564e-03
4.365778569999999997e-02,5.941387203996693032e-03
4.380053619999999676e-02,5.940968574848477443e-03
4.394282299999999891e-02,5.940549981766541157e-03
4.403742540000000344e-02,5.940270939746918402e-03
4.413182499999999953e-02,5.939991913754065836e-03
4.455414840000000015e-02,5.938736495089027949e-03
4.474056810000000273e-02,5.938178635379489159e-03
4.478705179999999814e-02,5.938039180464170508e-03
4.487987470000000256e-02,5.937760282647024969e-03
4.492621420000000171e-02,5.937620839744937005e-03
4.506494700000000103e-02,5.937202535063152570e-03
4.515719859999999669e-02,5.936923685294213070e-03
4.529522390000000065e-02,5.936505440666700086e-03
4.561565869999999884e-02,5.935529676637513533e-03
4.584316940000000146e-02,5.934832822398093330e-03
4.602436819999999873e-02,5.934275411034021196e-03
4.615980060000000190e-02,5.933857394521424057e-03
4.624986849999999927e-02,5.933578736849294370e-03
4.651902589999999671e-02,5.932742859835351754e-03
4.656373419999999819e-02,5.932603560998647545e-03
4.660839960000000282e-02,5.932464266161281523e-03
4.691986699999999705e-02,5.931489314270247705e-03
4.696419369999999677e-02,5.931350051422841843e-03
4.709692359999999994e-02,5.930932286869016259e-03
4.731731260000000133e-02,5.930236092565681870e-03
4.744905459999999853e-02,5.929818423949650454e-03
4.758043189999999756e-02,5.929400791303752159e-03
4.762414379999999753e-02,5.929261588414517538e-03
4.775503939999999753e-02,5.928844003723130265e-03
4.779859160000000246e-02,5.928704816817662905e-03
4.801576009999999894e-02,5.928008942221834644e-03
4.814559110000000280e-02,5.927591465404778368e-03
4.836120139999999790e-02,5.926895750598701849e-03
4.849010740000000291e-02,5.926478369642649603e-03
4.866145090000000006e-02,5.925921917609325990e-03
4.895985910000000274e-02,5.924948280274227631e-03
4.900234049999999814e-02,5.924809205195473091e-03
4.904478510000000180e-02,5.924670134108594825e-03
4.912956429999999763e-02,5.924392003909946698e-03
4.929868529999999888e-02,5.923835791409331857e-03
4.934087499999999932e-02,5.923696748261891680e-03
4.938302859999999656e-02,5.923557709105234902e-03
4.963519859999999950e-02,5.922723557965034816e-03
4.967710250000000050e-02,5.922584546740371561e-03
4.980260260000000244e-02,5.922167537004320234e-03
5.001106959999999935e-02,5.921472600562789276e-03
5.017721960000000314e-02,5.920916723206673393e-03
5.038413659999999711e-02,5.920221966243940578e-03
5.046666589999999897e-02,5.919944091372208311e-03
5.050787989999999672e-02,5.919805159917196011e-03
5.067240099999999886e-02,5.919249473966861977e-03
5.099985089999999749e-02,5.918138293412281321e-03
5.104063439999999979e-02,5.917999413779051997e-03
5.112210379999999887e-02,5.917721666468542599e-03
5.116278989999999832e-02,5.917582798791019665e-03
5.136573690000000025e-02,5.916888520175096061e-03
5.148712109999999814e-02,5.916472000818139704e-03
5.160821980000000059e-02,5.916055517316253128e-03
5.164852290000000040e-02,5.915916697449443915e-03
5.192976900000000062e-02,5.914945069908699067e-03
5.200984570000000140e-02,5.914667497883832441e-03
5.212973010000000046e-02,5.914251169712463410e-03
5.224933949999999855e-02,5.913834877377076131e-03
5.228914839999999897e-02,5.913696121228145981e-03
5.244808220000000271e-02,5.913141136443704655e-03
5.264607470000000344e-02,5.912447495028094399e-03
5.292201970000000311e-02,5.911476564204373035e-03
5.296132299999999765e-02,5.911337875718482987e-03
5.303984240000000211e-02,5.911060510683621358e-03
5.307905849999999814e-02,5.910921834134309771e-03
5.319653330000000124e-02,5.910505828357329704e-03
5.339175040000000011e-02,5.909812564957760660e-03
5.354741159999999722e-02,5.909258025834300543e-03
5.366386120000000287e-02,5.908842163250605829e-03
5.385738429999999827e-02,5.908149138474564840e-03
5.389600549999999657e-02,5.908010545447661861e-03
5.401170360000000226e-02,5.907594790221344476e-03
5.420398480000000047e-02,5.906901944350322758e-03
5.431902689999999756e-02,5.906486284525696261e-03
5.443382580000000193e-02,5.906070660470100729e-03
5.473877910000000263e-02,5.904962504498980497e-03
5.481475239999999971e-02,5.904685505237731655e-03
5.489062050000000081e-02,5.904408521866928890e-03
5.492851530000000121e-02,5.904270036140153895e-03
5.507983360000000272e-02,5.903716132953837001e-03
5.511759819999999949e-02,5.903577667086781777e-03
5.523073729999999903e-02,5.903162293314578347e-03
5.541878909999999742e-02,5.902470083115677474e-03
5.549383139999999881e-02,5.902193226830552628e-03
5.568099469999999995e-02,5.901501155594563244e-03
5.571835189999999743e-02,5.901362753256607536e-03
5.601631270000000107e-02,5.900255677441784176e-03
5.612764020000000215e-02,5.899840589493183379e-03
5.627573429999999793e-02,5.899287194446248619e-03
5.642343970000000125e-02,5.898733862878623342e-03
5.657075939999999664e-02,5.898180594781819545e-03
5.668099790000000193e-02,5.897765685356870340e-03
5.671769649999999774e-02,5.897627390147430759e-03
5.682764989999999905e-02,5.897212528313679897e-03
5.690083420000000003e-02,5.896935973585475978e-03
5.711982439999999800e-02,5.896106404561595946e-03
5.715624119999999919e-02,5.895968156933845822e-03
5.726535270000000094e-02,5.895553437835804496e-03
5.744674450000000071e-02,5.894862318614958914e-03
5.748295419999999850e-02,5.894724106661015581e-03
5.759144669999999994e-02,5.894309494577223280e-03
5.769973510000000333e-02,5.893894918157655156e-03
5.773578619999999995e-02,5.893756733942641032e-03
5.777181470000000013e-02,5.893618553689734460e-03
5.798751569999999883e-02,5.892789555370521112e-03
5.802338790000000079e-02,5.892651402849108724e-03
5.805923799999999912e-02,5.892513254288853260e-03
5.834524540000000231e-02,5.891408208390801898e-03
5.841652840000000069e-02,5.891131986518152730e-03
5.845213739999999963e-02,5.890993881521446734e-03
5.873623160000000093e-02,5.889889184079389467e-03
5.884241330000000020e-02,5.889474987857067426e-03
5.887776470000000151e-02,5.889336930365988466e-03
5.915981499999999754e-02,5.888232612912109275e-03
5.919497680000000012e-02,5.888094591037770775e-03
5.930033710000000291e-02,5.887680549154784317e-03
5.940551060000000272e-02,5.887266542879110963e-03
5.947552290000000103e-02,5.886990558475365710e-03
5.958038699999999854e-02,5.886576611537143108e-03
5.971991950000000299e-02,5.886024737659967081e-03
5.999801099999999693e-02,5.884921179726709632e-03
6.003268190000000254e-02,5.884783252778236044e-03
6.024028800000000294e-02,5.883955774108132371e-03
6.027481950000000005e-02,5.883817874832037928e-03
6.041274809999999662e-02,5.883266317253065675e-03
6.055036250000000314e-02,5.882714822908438265e-03
6.058471719999999894e-02,5.882576959201624850e-03
6.065336839999999757e-02,5.882301243642439927e-03
6.085885719999999804e-02,5.881474191789980849e-03
6.113176780000000032e-02,5.880371677206161496e-03
6.119980530000000002e-02,5.880096088056667447e-03
6.123379560000000166e-02,5.879958299405600372e-03
6.133565380000000067e-02,5.879544957145998313e-03
6.136956899999999882e-02,5.879407184290182629e-03
6.150504259999999696e-02,5.878856132350098775e-03
6.167396609999999807e-02,5.878167406252529127e-03
6.174140610000000001e-02,5.877891943445368375e-03
6.194328550000000044e-02,5.877065649747997486e-03
6.204397889999999777e-02,5.876652556175148041e-03
6.214450920000000322e-02,5.876239498114816870e-03
6.217798310000000050e-02,5.876101819985705098e-03
6.227829700000000329e-02,5.875688809269764487e-03
6.241179809999999883e-02,5.875138183543349157e-03
6.244512879999999933e-02,5.875000536973051107e-03
6.257827400000000317e-02,5.874449990133034927e-03
6.284371810000000114e-02,5.873349085743543273e-03
6.297602060000000168e-02,5.872798728177270472e-03
6.300905280000000663e-02,5.872661148641399910e-03
6.323979509999999582e-02,5.871698202259531020e-03
6.327268960000000109e-02,5.871560654256156690e-03
6.333842739999999416e-02,5.871285570072218123e-03
6.337127069999999585e-02,5.871148033891355512e-03
6.346969869999999347e-02,5.870735448991760627e-03
6.353523260000000505e-02,5.870460412093123602e-03
6.373143000000000558e-02,5.869635395951128438e-03
6.376407089999999722e-02,5.869497907048540873e-03
6.386189339999999437e-02,5.869085463974207592e-03
6.389446769999999887e-02,5.868947990826875634e-03
6.402459889999999321e-02,5.868398137620827425e-03
6.405709029999999415e-02,5.868260684164458736e-03
6.441341509999999604e-02,5.866748956012515434e-03
6.451025289999999524e-02,5.866336749187755877e-03
6.479989830000000561e-02,5.865100341242737020e-03
6.483200120000000288e-02,5.864962982257926512e-03
6.492821479999999479e-02,5.864550928911116921e-03
6.505627819999999784e-02,5.864001579527993065e-03
6.508825470000000057e-02,5.863864252016949725e-03
6.518409000000000009e-02,5.863452293084994542e-03
6.527978469999999589e-02,5.863040369552206463e-03
6.531165170000000075e-02,5.862903069573749577e-03
6.540715969999999491e-02,5.862491193234214276e-03
6.556603060000000538e-02,5.861804811312967302e-03
6.569285060000000509e-02,5.861255776546614449e-03
6.578780519999999354e-02,5.860844041749285055e-03
6.585103220000000646e-02,5.860569571538347400e-03
6.591419860000000130e-02,5.860295117049381212e-03
6.607185029999999848e-02,5.859609049603494053e-03
6.619770129999999475e-02,5.859060266379772543e-03
6.635467940000000509e-02,5.858374375752649875e-03
6.641736669999999398e-02,5.858100047001412077e-03
6.644868819999999454e-02,5.857962888518069428e-03
6.660507479999999703e-02,5.857277155018749716e-03
6.669873070000000015e-02,5.856865762048293553e-03
6.682340109999999889e-02,5.856317293064443145e-03
6.691675140000000188e-02,5.855905982554464664e-03
6.710306259999999912e-02,5.855083467534110894e-03
6.728885780000000427e-02,5.854261093822755481e-03
6.731977379999999622e-02,5.854124045273920510e-03
6.735067570000000114e-02,5.853987000649492345e-03
6.744329620000000247e-02,5.853575890320745698e-03
6.753578970000000126e-02,5.853164815306356392e-03
6.756659280000000545e-02,5.853027798148631618e-03
6.759738179999999486e-02,5.852890784914151386e-03
6.781251330000000188e-02,5.851931802113977121e-03
6.790450389999999614e-02,5.851520868321685200e-03
6.793513980000000230e-02,5.851383898234842340e-03
6.808811230000000325e-02,5.850699106623732416e-03
6.817973099999999342e-02,5.850288278710956587e-03
6.839303080000000423e-02,5.849329817465651060e-03
6.842344790000000343e-02,5.849192910110707737e-03
6.854498139999999629e-02,5.848645319886071163e-03
6.857533120000000593e-02,5.848508432128085577e-03
6.881764710000000396e-02,5.847413471136233415e-03
6.902897569999999483e-02,5.846455585962559258e-03
6.923965930000000601e-02,5.845497892723308317e-03
6.926970470000000379e-02,5.845361095068959956e-03
6.929973700000000014e-02,5.845224301330548614e-03
6.935976259999999949e-02,5.844950725601166623e-03
6.938975599999999688e-02,5.844813943609984339e-03
6.947965829999999676e-02,5.844403621128555458e-03
6.962923760000000462e-02,5.843719828625977553e-03
6.971883119999999767e-02,5.843309600098583328e-03
6.977849630000000636e-02,5.843036133983988203e-03
6.983811040000000026e-02,5.842762683524455394e-03
7.010574679999999337e-02,5.841532350160496927e-03
7.019473210000000407e-02,5.841122309465911037e-03
7.025399309999999509e-02,5.840848968562868844e-03
7.034279089999999346e-02,5.840438986545570810e-03
7.043147669999999527e-02,5.840029039729911255e-03
7.046101389999999409e-02,5.839892398613400273e-03
7.069686679999999390e-02,5.838799410457997004e-03
7.072629310000000391e-02,5.838662804533738780e-03
7.081449859999999763e-02,5.838253010218049342e-03
7.096126429999999319e-02,5.837570097874604513e-03
7.104917809999999889e-02,5.837160397372281005e-03
7.116622760000000658e-02,5.836614184749711574e-03
7.125388859999999547e-02,5.836204566313653308e-03
7.137060239999999667e-02,5.835658463099973811e-03
7.139975099999999741e-02,5.835521947063707603e-03
7.142888779999999327e-02,5.835385434934124531e-03
7.151622679999999899e-02,5.834975921983641400e-03
7.163251310000000316e-02,5.834429959401009509e-03
7.166155520000000445e-02,5.834293478519618839e-03
7.174861100000000380e-02,5.833884059307619697e-03
7.186452140000000599e-02,5.833338221695152231e-03
7.209578290000000222e-02,5.832246733879400957e-03
7.212463850000000454e-02,5.832110315469565993e-03
7.218231499999999690e-02,5.831837490359794741e-03
7.229752999999999874e-02,5.831291886976511935e-03
7.235506869999999702e-02,5.831019108700914375e-03
7.244129109999999927e-02,5.830609970554675309e-03
7.264207849999999855e-02,5.829655451441730779e-03
7.281374140000000661e-02,5.828837444343963441e-03
7.289942130000000298e-02,5.828428493450247758e-03
7.298500049999999406e-02,5.828019577655194766e-03
7.304199769999999980e-02,5.827746986622815532e-03
7.312741009999999819e-02,5.827338129317941387e-03
7.324113840000000264e-02,5.826793040827731203e-03
7.343973900000000388e-02,5.825839286049509791e-03
7.346806670000000095e-02,5.825703050957540922e-03
7.355298439999999327e-02,5.825294369064772625e-03
7.358126850000000496e-02,5.825158149561099168e-03
7.369429630000000342e-02,5.824613310512552489e-03
7.372252619999999923e-02,5.824477110491334611e-03
7.389167900000000178e-02,5.823659992177543376e-03
7.391983359999999836e-02,5.823523819426381504e-03
7.394797729999999514e-02,5.823387650570269712e-03
7.414468470000000477e-02,5.822434577632513465e-03
7.417274320000000198e-02,5.822298439933383182e-03
7.425685499999999661e-02,5.821890050199569032e-03
7.445274629999999727e-02,5.820937277091989964e-03
7.470385179999999847e-02,5.819712563367154465e-03
7.481518369999999585e-02,5.819168347342484199e-03
7.484299079999999493e-02,5.819032303064268150e-03
7.489857399999999554e-02,5.818760226180450315e-03
7.500961690000000626e-02,5.818216119099773632e-03
7.506507669999999688e-02,5.817944088900783677e-03
7.523121089999999789e-02,5.817128091657021785e-03
7.525886430000000571e-02,5.816992105729053113e-03
7.547972660000000500e-02,5.815904358297601870e-03
7.550728900000000521e-02,5.815768407365817100e-03
7.558991580000000432e-02,5.815360577896761148e-03
7.569994450000000485e-02,5.814816859694703875e-03
7.572742679999999726e-02,5.814680939861874981e-03
7.580981359999999780e-02,5.814273203683315017e-03
7.589211099999999821e-02,5.813865502482342719e-03
7.591952370000000505e-02,5.813729609854246215e-03
7.616579349999999526e-02,5.812506751050014117e-03
7.622041209999999567e-02,5.812235047384289865e-03
7.638403350000000369e-02,5.811420029609901637e-03
7.646571289999999632e-02,5.811012573154156896e-03
7.657448329999999581e-02,5.810469352245405984e-03
7.665595969999999815e-02,5.810061977333374865e-03
7.668309930000000163e-02,5.809926193461018885e-03
7.679156169999999670e-02,5.809383096792851073e-03
7.681865340000000597e-02,5.809247332330517294e-03
7.689987119999999732e-02,5.808840062232679957e-03
7.698100330000000324e-02,5.808432827065903269e-03
7.711603370000000290e-02,5.807754179403002044e-03
7.722388809999999881e-02,5.807211331117071752e-03
7.741227159999999885e-02,5.806261495979382625e-03
7.751971380000000078e-02,5.805718818379552136e-03
7.754655109999999962e-02,5.805583158675585269e-03
7.762700729999999494e-02,5.805176202831939178e-03
7.768059839999999494e-02,5.804904918325075325e-03
7.776091590000000497e-02,5.804498020645704713e-03
7.789459440000000290e-02,5.803819935387132325e-03
7.794800159999999700e-02,5.803548728419803161e-03
7.808135970000000536e-02,5.802870778832685747e-03
7.810800410000000304e-02,5.802735200542533806e-03
7.818788249999999995e-02,5.802328488923856088e-03
7.837394890000000391e-02,5.801379630767452764e-03
7.848007460000000490e-02,5.800837511340643966e-03
7.850658350000000452e-02,5.800701991168237884e-03
7.871833409999999531e-02,5.799617969224665770e-03
7.874476290000000100e-02,5.799482483909178254e-03
7.879759379999999591e-02,5.799211524894998422e-03
7.882399599999999340e-02,5.799076051196116154e-03
7.921897310000000636e-02,5.797044410275043434e-03
7.935019529999999544e-02,5.796367390157263454e-03
7.937641369999999530e-02,5.796231997742353793e-03
7.945501689999999451e-02,5.795825843712528770e-03
7.955970049999999683e-02,5.795284359169702165e-03
7.958584990000000525e-02,5.795148997705203142e-03
7.966424649999999386e-02,5.794742936520448293e-03
7.979473639999999646e-02,5.794066245234239659e-03
7.997706450000000022e-02,5.793119039852002126e-03
8.000307750000000551e-02,5.792983740263639263e-03
8.015897800000000573e-02,5.792172023918256210e-03
8.021087740000000521e-02,5.791901482727573533e-03
8.028866380000000691e-02,5.791495699929937596e-03
8.036637480000000111e-02,5.791089951914972327e-03
8.039226180000000332e-02,5.790954710305580046e-03
8.046987279999999465e-02,5.790549008662291240e-03
8.049572650000000329e-02,5.790413782509063953e-03
8.070225790000000454e-02,5.789332112366585986e-03
8.077957099999999446e-02,5.788926549801175735e-03
8.083107209999999820e-02,5.788656194069442470e-03
8.090826210000000296e-02,5.788250689436798442e-03
8.098537860000000477e-02,5.787845219559258590e-03
8.121628870000000000e-02,5.786629018422214006e-03
8.124190489999999487e-02,5.786493904264945233e-03
8.129311300000000018e-02,5.786223687530212510e-03
8.144654410000000400e-02,5.785413129955849568e-03
8.152315139999999349e-02,5.785007903266640300e-03
8.159968680000000141e-02,5.784602711304785705e-03
8.162518259999999859e-02,5.784467655034041499e-03
8.165067049999999438e-02,5.784332602621436795e-03
8.170162240000000686e-02,5.784062509369912973e-03
8.182886339999999314e-02,5.783387343748593902e-03
8.193051390000000156e-02,5.782847280679294724e-03
8.200666909999999865e-02,5.782442273871480666e-03
8.205739989999999429e-02,5.782172288613895289e-03
8.210809939999999529e-02,5.781902318779948841e-03
8.213343739999999504e-02,5.781767339646496848e-03
8.223471150000000174e-02,5.781227461666748994e-03
8.233586090000000191e-02,5.780687645366991249e-03
8.251257400000000519e-02,5.779743115235505546e-03
8.253778790000000642e-02,5.779608197775047522e-03
8.261338329999999563e-02,5.779203468513857168e-03
8.266374179999999572e-02,5.778933668272016703e-03
8.283975550000000077e-02,5.777989488783031279e-03
8.304045720000000075e-02,5.776910657623415477e-03
8.306551080000000586e-02,5.776775821058891501e-03
8.321567409999999776e-02,5.775966882533798211e-03
8.324067490000000569e-02,5.775832072922018091e-03
8.326566829999999808e-02,5.775697267160212998e-03
8.334060340000000455e-02,5.775292872972738814e-03
8.363967260000000625e-02,5.773675642632339518e-03
8.366454680000000310e-02,5.773540898451349525e-03
8.371427300000000571e-02,5.773271421632365265e-03
8.373912499999999759e-02,5.773136688994096911e-03
8.386327459999999567e-02,5.772463083510248442e-03
8.393767620000000540e-02,5.772058966381258052e-03
8.401201190000000263e-02,5.771654883869042386e-03
8.403677589999999920e-02,5.771520197390360603e-03
8.411102400000000645e-02,5.771116161028482829e-03
8.425932399999999656e-02,5.770308192127550015e-03
8.433337620000000423e-02,5.769904259581574296e-03
8.445665230000000412e-02,5.769231115555284624e-03
8.453053160000000010e-02,5.768827275264004108e-03
8.462893709999999570e-02,5.768288875347226015e-03
8.484993209999999730e-02,5.767077700321930449e-03
8.489896399999999343e-02,5.766808592577057739e-03
8.492346929999999849e-02,5.766674044466649392e-03
8.502141990000000593e-02,5.766135890435816584e-03
8.511925789999999492e-02,5.765597797856187277e-03
8.519256259999999359e-02,5.765194268743780229e-03
8.521698349999999589e-02,5.765059766719433064e-03
8.524139740000000187e-02,5.764925268534751464e-03
8.541209930000000228e-02,5.763983888742154824e-03
8.543645739999999877e-02,5.763849421270236285e-03
8.563107309999999639e-02,5.762773819671448451e-03
8.567965800000000576e-02,5.762504957649414519e-03
8.570394000000000623e-02,5.762370532394234766e-03
8.577674509999999586e-02,5.761967279651233377e-03
8.580099970000000520e-02,5.761832869743855647e-03
8.589794970000000363e-02,5.761295268479300034e-03
8.599479040000000685e-02,5.760757728592452026e-03
8.606734940000000667e-02,5.760354613951506469e-03
8.609152209999999805e-02,5.760220250075087298e-03
8.628466029999999620e-02,5.759145477116524477e-03
8.645330230000000671e-02,5.758205252068669504e-03
8.654952159999999839e-02,5.757668064945453169e-03
8.657355969999999679e-02,5.757533777746628827e-03
8.659759109999999593e-02,5.757399494380321253e-03
8.666964550000000322e-02,5.756996667275538111e-03
8.674163999999999486e-02,5.756593874659018777e-03
8.678960310000000122e-02,5.756325365406421771e-03
8.686149819999999799e-02,5.755922630262789129e-03
8.698119120000000204e-02,5.755251481641937561e-03
8.714848529999999482e-02,5.754312034445218521e-03
8.722008450000000301e-02,5.753909471662911612e-03
8.731545890000000365e-02,5.753372774893563898e-03
8.760095880000000335e-02,5.751763052098408067e-03
8.762470840000000094e-02,5.751628933411103567e-03
8.771964279999999725e-02,5.751092496930389382e-03
8.774336039999999781e-02,5.750958397376681498e-03
8.781447459999999761e-02,5.750556121672772102e-03
8.788553120000000551e-02,5.750153880402213841e-03
8.793287040000000165e-02,5.749885738683175110e-03
8.800383150000000432e-02,5.749483554794095758e-03
8.807473540000000656e-02,5.749081405329236824e-03
8.809835729999999920e-02,5.748947363156817897e-03
8.826353389999999632e-02,5.748009175026534169e-03
8.828710539999999607e-02,5.747875163445948996e-03
8.831067049999999363e-02,5.747741155688646658e-03
8.838132819999999779e-02,5.747339155355962216e-03
8.849896570000000129e-02,5.746669231257573243e-03
8.856947319999999846e-02,5.746267322666589843e-03
8.866339600000000543e-02,5.745731498050923869e-03
8.887435929999999706e-02,5.744526116203126781e-03
8.894456929999999817e-02,5.744124391022557841e-03
8.906146280000000470e-02,5.743454925449972999e-03
8.910817729999999381e-02,5.743187165956338373e-03
8.922485650000000490e-02,5.742517834051736464e-03
8.941122649999999616e-02,5.741447101550624030e-03
8.943449539999999420e-02,5.741313277167172519e-03
8.948101510000000536e-02,5.741045639851740344e-03
8.957398210000000471e-02,5.740510411023108661e-03
8.962042940000000679e-02,5.740242819507808403e-03
8.969005530000000170e-02,5.739841460855870693e-03
8.975962719999999728e-02,5.739440136546055012e-03
8.978280580000000399e-02,5.739306369407064408e-03
8.985230589999999851e-02,5.738905090881449809e-03
8.996801999999999577e-02,5.738236369635078479e-03
9.006048429999999327e-02,5.737701461295705192e-03
9.012977020000000061e-02,5.737300320086093780e-03
9.017593120000000351e-02,5.737032911680150192e-03
9.031427279999999780e-02,5.736230777973601487e-03
9.033730919999999331e-02,5.736097102366620286e-03
9.036033960000000587e-02,5.735963430571771986e-03
9.054437240000000331e-02,5.734894193439177799e-03
9.059032220000000357e-02,5.734626922269678642e-03
9.061328829999999723e-02,5.734493292401223255e-03
9.088842950000000642e-02,5.732890031181219100e-03
9.097995829999999673e-02,5.732355732680180158e-03
9.107139520000000210e-02,5.731821495118573535e-03
9.109424000000000687e-02,5.731687945248924339e-03
9.116274030000000306e-02,5.731287318488161898e-03
9.123118909999999859e-02,5.730886725996617130e-03
9.134515649999999654e-02,5.730219147988820788e-03
9.143622810000000267e-02,5.729685154103698538e-03
9.161809969999999692e-02,5.728617349022178430e-03
9.164080830000000122e-02,5.728483890511627472e-03
9.168620859999999928e-02,5.728216984905516035e-03
9.179961109999999758e-02,5.727549787471931594e-03
9.182227469999999780e-02,5.727416359398117968e-03
9.189023229999999931e-02,5.727016098000745244e-03
9.200338330000000509e-02,5.726349071743200292e-03
9.204860469999999462e-02,5.726082287862221433e-03
9.216156120000000562e-02,5.725415394706243576e-03
9.218413590000000546e-02,5.725282027482003593e-03
9.225182690000000019e-02,5.724881948620940721e-03
9.231946820000000442e-02,5.724481903974600050e-03
9.236453490000000321e-02,5.724215226550251161e-03
9.243209369999999536e-02,5.723815238920961293e-03
9.249960320000000236e-02,5.723415285497426841e-03
9.252209549999999838e-02,5.723281975290329601e-03
9.261200969999999755e-02,5.722748772461654261e-03
9.272427989999999787e-02,5.722082354416521167e-03
9.279157679999999742e-02,5.721682549178382961e-03
9.290363000000000093e-02,5.721016283085533088e-03
9.303791570000000122e-02,5.720216889106367712e-03
9.306027779999999361e-02,5.720083670067547393e-03
9.312733189999999883e-02,5.719684035733244541e-03
9.321666239999999715e-02,5.719151243107864144e-03
9.323898160000000657e-02,5.719018054442346656e-03
9.341734349999999965e-02,5.717952681767537494e-03
9.343961480000000097e-02,5.717819527262431485e-03
9.359536559999999394e-02,5.716887551978818045e-03
9.361759449999999816e-02,5.716754427829883606e-03
9.377304960000000522e-02,5.715822665011568993e-03
9.383959440000000374e-02,5.715423394988174838e-03
9.386176549999999952e-02,5.715290312565946690e-03
9.392824739999999784e-02,5.714891088054210345e-03
9.397254260000000026e-02,5.714624957340997888e-03
9.403894620000000093e-02,5.714225789710409772e-03
9.412741149999999390e-02,5.713693619284429884e-03
9.419370589999999377e-02,5.713294531271563038e-03
9.430409309999999989e-02,5.712629460395752222e-03
9.432615499999999487e-02,5.712496457591242742e-03
9.439230989999999877e-02,5.712097471916993512e-03
9.450246499999999383e-02,5.711432571582680286e-03
9.463448200000000587e-02,5.710634816215077320e-03
9.465646689999999974e-02,5.710501870246486623e-03
9.483216279999999443e-02,5.709438438857314044e-03
9.489796490000000639e-02,5.709039714576175963e-03
9.491988880000000461e-02,5.708906814055980314e-03
9.500753380000000192e-02,5.708375249839430302e-03
9.509509800000000290e-02,5.707843746199619227e-03
9.516071830000000231e-02,5.707445158218447251e-03
9.520444000000000129e-02,5.707179451823684961e-03
9.524814160000000252e-02,5.706913760568556142e-03
9.537912649999999437e-02,5.706116777631424324e-03
9.550993169999999477e-02,5.705319930915146547e-03
9.555349359999999737e-02,5.705054345609648740e-03
9.559703569999999928e-02,5.704788775435855851e-03
9.561879930000000138e-02,5.704655996022990963e-03
9.579273010000000088e-02,5.703593896880868909e-03
9.587957719999999628e-02,5.703062938070615172e-03
9.590127669999999604e-02,5.702930207820968919e-03
9.596634569999999698e-02,5.702532039756875483e-03
9.603137069999999331e-02,5.702133905717654376e-03
9.607469620000000377e-02,5.701868501925770605e-03
9.613964780000000543e-02,5.701470424586876223e-03
9.622618180000000465e-02,5.700939707714565256e-03
9.629103129999999622e-02,5.700541709740597832e-03
9.642059930000000667e-02,5.699745815812711641e-03
9.648531809999999487e-02,5.699347919852172303e-03
9.665768969999999349e-02,5.698287030159330559e-03
9.672224980000000694e-02,5.697889258840552543e-03
9.674376029999999516e-02,5.697756675953468547e-03
9.676526600000000256e-02,5.697624096842383162e-03
9.691567219999999705e-02,5.696696148782885542e-03
9.693713980000000230e-02,5.696563599875520759e-03
9.698006060000000095e-02,5.696298513385236045e-03
9.717296979999999473e-02,5.695105811009778217e-03
9.725858440000000049e-02,5.694575819182120038e-03
9.732274600000000164e-02,5.694178364928642253e-03
9.742958790000000313e-02,5.693516016623911477e-03
9.751497720000000535e-02,5.692986205877357403e-03
9.762160879999999541e-02,5.692324027302495676e-03
9.768553189999999720e-02,5.691926765409374700e-03
9.777069770000000604e-02,5.691397135671967533e-03
9.791955950000000297e-02,5.690470428772510109e-03
9.794080700000000472e-02,5.690338057150192211e-03
9.796204990000000057e-02,5.690205689296907142e-03
9.800452190000000230e-02,5.689940964896904665e-03
9.802575099999999431e-02,5.689808608349951335e-03
9.808941070000000428e-02,5.689411561319709584e-03
9.811062140000000042e-02,5.689279219846071246e-03
9.813182759999999893e-02,5.689146882140557610e-03
9.825896829999999915e-02,5.688352935028604708e-03
9.844937149999999360e-02,5.687162268635100222e-03
9.847050470000000277e-02,5.687029991200988170e-03
9.853387700000000582e-02,5.686633181493472994e-03
9.859720869999999415e-02,5.686236405675873865e-03
9.868158759999999530e-02,5.685707423963884746e-03
9.870267110000000010e-02,5.685575187947890761e-03
9.876589439999999831e-02,5.685178502486425665e-03
9.887117689999999626e-02,5.684517435332346602e-03
9.895532220000000101e-02,5.683988649353437402e-03
9.903939609999999616e-02,5.683459923583244686e-03
9.914438809999999436e-02,5.682799101026582596e-03
9.927023199999999992e-02,5.682006238100537412e-03
9.935403930000000217e-02,5.681477738041482844e-03
9.945869920000000031e-02,5.680817197581912101e-03
9.947961800000000576e-02,5.680685100770672610e-03
9.954234789999999444e-02,5.680288832895888894e-03
9.960503830000000391e-02,5.679892598857058314e-03
9.962592630000000060e-02,5.679760528362596574e-03
9.964681000000000233e-02,5.679628461627272799e-03
9.970943470000000197e-02,5.679232283974215006e-03
9.979287320000000683e-02,5.678704099722688137e-03
9.995954120000000165e-02,5.677647911598333354e-03
9.998035519999999565e-02,5.677515904990910502e-03
1.000219702000000044e-01,5.677251903046747969e-03
1.000427710999999970e-01,5.677119907709654405e-03
1.001467112000000020e-01,5.676459987370553392e-03
1.002920464000000011e-01,5.675536256641933522e-03
1.003542684999999962e-01,5.675140428372547896e-03
1.003750006000000000e-01,5.675008493125622416e-03
1.004578862999999933e-01,5.674480789682486044e-03
1.004785970000000028e-01,5.674348873207159423e-03
1.006441294999999986e-01,5.673293676536809473e-03
1.007061340000000027e-01,5.672898039712622950e-03
1.007681004000000047e-01,5.672502436661780792e-03
1.007887474000000033e-01,5.672370576482761197e-03
1.009331579999999950e-01,5.671447660280986604e-03
1.009743802999999995e-01,5.671184003700538261e-03
1.010155856999999935e-01,5.670920362123901479e-03
1.011391013000000061e-01,5.670129527407485187e-03
1.012830123999999971e-01,5.669207057527077612e-03
1.013035545000000037e-01,5.669075291113087611e-03
1.013446261000000015e-01,5.668811769531829914e-03
1.014472322999999954e-01,5.668153031179343389e-03
1.014677410999999946e-01,5.668021294753713274e-03
1.015292426999999942e-01,5.667626107964322639e-03
1.016316624999999974e-01,5.666967538265938083e-03
1.018566236999999958e-01,5.665519014643886735e-03
1.019587146000000000e-01,5.664860744650951872e-03
1.019995224000000006e-01,5.664597462869821846e-03
1.020199202000000027e-01,5.664465827596486605e-03
1.020810889999999999e-01,5.664070944243723357e-03
1.021829558000000027e-01,5.663412880206451609e-03
1.022440270999999956e-01,5.663018086708862010e-03
1.023253987999999948e-01,5.662491747784099798e-03
1.024270225000000062e-01,5.661833908339914366e-03
1.024473352000000032e-01,5.661702351678124349e-03
1.025082489999999957e-01,5.661307704144389469e-03
1.025894110999999997e-01,5.660781559815527414e-03
1.026705091000000014e-01,5.660255475345566181e-03
1.027312905999999970e-01,5.659860951270682949e-03
1.029134196000000001e-01,5.658677581009348249e-03
1.029740576000000019e-01,5.658283191565475351e-03
1.029942623999999946e-01,5.658151735895391651e-03
1.030952267999999949e-01,5.657494513622871556e-03
1.031557580000000002e-01,5.657100225117332737e-03
1.032162536999999963e-01,5.656705970251200283e-03
1.032364110999999945e-01,5.656574559437389793e-03
1.032968595999999989e-01,5.656180349418635754e-03
1.034176504999999996e-01,5.655392030272563507e-03
1.035784859999999974e-01,5.654341147295138988e-03
1.036387349999999957e-01,5.653947127811447503e-03
1.038593488000000009e-01,5.652502677254425505e-03
1.038793813000000038e-01,5.652371385970134110e-03
1.038994099999999976e-01,5.652240098419185343e-03
1.039594729999999967e-01,5.651846258164699988e-03
1.040195012999999974e-01,5.651452451505126207e-03
1.040395030000000054e-01,5.651321190083522655e-03
1.040595009000000043e-01,5.651189932394236511e-03
1.041194715000000048e-01,5.650796181718756826e-03
1.041993786000000033e-01,5.650271233062455732e-03
1.042193458000000017e-01,5.650140005226905390e-03
1.042592687999999990e-01,5.649877560749251917e-03
1.043590092999999996e-01,5.649221514843787671e-03
1.044387331999999946e-01,5.648696745265655537e-03
1.044984860999999959e-01,5.648303207245343634e-03
1.045383024999999994e-01,5.648040867212621163e-03
1.045781035999999997e-01,5.647778542096517848e-03
1.046775404000000048e-01,5.647122794560877242e-03
1.047570218000000025e-01,5.646598263642868022e-03
1.048562888999999970e-01,5.645942683870775261e-03
1.048959693999999970e-01,5.645680478053258580e-03
1.049158040000000014e-01,5.645549380735005729e-03
1.050149209999999972e-01,5.644893950044142968e-03
1.051535277999999934e-01,5.643976503575106295e-03
1.052919521000000025e-01,5.643059239649052088e-03
1.053117120999999962e-01,5.642928216844278824e-03
1.053907153000000069e-01,5.642404162868062956e-03
1.055485441999999968e-01,5.641356233654333009e-03
1.056470674999999970e-01,5.640701398894089336e-03
1.057848460000000018e-01,5.639784786562501012e-03
1.058045140000000023e-01,5.639653856830390173e-03
1.058438389999999951e-01,5.639392008529931118e-03
1.058634960999999958e-01,5.639261089961433715e-03
1.059224453000000010e-01,5.638868356580825636e-03
1.060206211000000037e-01,5.638213875356129154e-03
1.060794830000000022e-01,5.637821231261733179e-03
1.060990963999999953e-01,5.637690357336288920e-03
1.061579148000000028e-01,5.637297757876142366e-03
1.062558730999999951e-01,5.636643499822712074e-03
1.063928632000000069e-01,5.635727694720413239e-03
1.064319707999999975e-01,5.635466069580075642e-03
1.064906052999999991e-01,5.635073659749567469e-03
1.065687344999999980e-01,5.634550498679676868e-03
1.067443161000000001e-01,5.633373603676173832e-03
1.067832950000000003e-01,5.633112112325712982e-03
1.068027790999999949e-01,5.632981372223268279e-03
1.068806801000000001e-01,5.632458448962705463e-03
1.069001465000000012e-01,5.632327727434260738e-03
1.069585242999999963e-01,5.631935585134769003e-03
1.070363119999999946e-01,5.631412780731751520e-03
1.070557500000000051e-01,5.631282088915117064e-03
1.070946155999999982e-01,5.631020716422213690e-03
1.072111278000000001e-01,5.630236688056104548e-03
1.073275134000000047e-01,5.629452793338255399e-03
1.073662806000000025e-01,5.629191524794080990e-03
1.075018556999999958e-01,5.628277201794416353e-03
1.076565896000000050e-01,5.627232483857777003e-03
1.077145573999999939e-01,5.626840775843753965e-03
1.077338731000000022e-01,5.626710213924467595e-03
1.077917994999999934e-01,5.626318550421077584e-03
1.078882741999999950e-01,5.625665852089071356e-03
1.079653919999999934e-01,5.625143760171252318e-03
1.080231942000000056e-01,5.624752230163843937e-03
1.081194624000000049e-01,5.624099754295825045e-03
1.081387057999999984e-01,5.623969270242831081e-03
1.081964153999999956e-01,5.623577840322712719e-03
1.082733136999999984e-01,5.623055985648828248e-03
1.082925297000000009e-01,5.622925531244877054e-03
1.084077544000000004e-01,5.622142882634614813e-03
1.084269466000000043e-01,5.622012454167261107e-03
1.084461354000000044e-01,5.621882029404636633e-03
1.085803620999999941e-01,5.620969159788539136e-03
1.085995238000000002e-01,5.620838764659366604e-03
1.086378370999999954e-01,5.620577985511849943e-03
1.086569886000000040e-01,5.620447601493138920e-03
1.087526959000000015e-01,5.619795736946481615e-03
1.088100798000000008e-01,5.619404662651200991e-03
1.088674334999999993e-01,5.619013621676527057e-03
1.089629559000000053e-01,5.618361960755448824e-03
1.090393136000000068e-01,5.617840698642829166e-03
1.090583945999999971e-01,5.617710392366939004e-03
1.091156177999999949e-01,5.617319495743206860e-03
1.092109230999999958e-01,5.616668075375146237e-03
1.093442109999999967e-01,5.615756242244512170e-03
1.094773366000000026e-01,5.614844590357996774e-03
1.095723272999999942e-01,5.614193521381641815e-03
1.096292821999999972e-01,5.613802924365519226e-03
1.096672357000000042e-01,5.613542544840095794e-03
1.097810174999999944e-01,5.612761494982766546e-03
1.097999696000000053e-01,5.612631332943352445e-03
1.098568065000000010e-01,5.612240869000422946e-03
1.099703920999999945e-01,5.611460040891363618e-03
1.100271409999999950e-01,5.611069676718731178e-03
1.101594412999999939e-01,5.610158956282993402e-03
1.101783283000000030e-01,5.610028868138930945e-03
1.102349700999999960e-01,5.609638625867417912e-03
1.103293085000000007e-01,5.608988295942344930e-03
1.104047211000000056e-01,5.608468098468114872e-03
1.104235662999999978e-01,5.608338058330025744e-03
1.104612467999999958e-01,5.608077989129134008e-03
1.105742115999999997e-01,5.607297870122731481e-03
1.106306506999999995e-01,5.606907860448590367e-03
1.108373482000000049e-01,5.605478109124791344e-03
1.108561197000000054e-01,5.605348153869389900e-03
1.109311741999999962e-01,5.604828369737816819e-03
1.109874317999999943e-01,5.604438570369980194e-03
1.110249209999999986e-01,5.604178722566140192e-03
1.110811310999999940e-01,5.603788978520106261e-03
1.111560337000000037e-01,5.603269371418397905e-03
1.113056877000000028e-01,5.602230334190231621e-03
1.113243802999999976e-01,5.602100471125750873e-03
1.113617560000000062e-01,5.601840756054748613e-03
1.114364699999999958e-01,5.601321370141689251e-03
1.114738081999999963e-01,5.601061699297550482e-03
1.115297920000000026e-01,5.600672220669040448e-03
1.116043934999999959e-01,5.600152967416547646e-03
1.116789450999999961e-01,5.599633773111584861e-03
1.117534470000000058e-01,5.599114637746489820e-03
1.118278993000000054e-01,5.598595561313464072e-03
1.120323877999999940e-01,5.597168404927129609e-03
1.121994194000000000e-01,5.596001062855967580e-03
1.122179632000000066e-01,5.595871376584767368e-03
1.122550414000000052e-01,5.595612015082658021e-03
1.122735759000000055e-01,5.595482339851605771e-03
1.123476835000000035e-01,5.594963675724875032e-03
1.123662027999999952e-01,5.594834018891927871e-03
1.124217421999999938e-01,5.594445070467853748e-03
1.124957521999999932e-01,5.593926524072914339e-03
1.125142469999999978e-01,5.593796896670361930e-03
1.125512277000000061e-01,5.593537652900174885e-03
1.126436261999999994e-01,5.592889607837848824e-03
1.126620968000000000e-01,5.592760009858110427e-03
1.128466364999999999e-01,5.591464232292046692e-03
1.128650739000000014e-01,5.591334674755915092e-03
1.129387933000000066e-01,5.590816481369725519e-03
1.131044863999999955e-01,5.589650761254438653e-03
1.131412740999999944e-01,5.589391752761225726e-03
1.131596634999999934e-01,5.589262254025936794e-03
1.133066709999999977e-01,5.588226396397799958e-03
1.133617497000000002e-01,5.587838010395954416e-03
1.133801033000000069e-01,5.587708555740830349e-03
1.134351462999999977e-01,5.587320213810445697e-03
1.135451522999999935e-01,5.586543629095835559e-03
1.136550518000000037e-01,5.585767176554252283e-03
1.136916614000000048e-01,5.585508388407694341e-03
1.137465535999999944e-01,5.585120233716233708e-03
1.138014194000000062e-01,5.584732112056102482e-03
1.138379818999999959e-01,5.584473382631780815e-03
1.139658583000000003e-01,5.583567945230613616e-03
1.140388660999999970e-01,5.583050633143655551e-03
1.141300601999999942e-01,5.582404075568649440e-03
1.141847416999999948e-01,5.582016185035777039e-03
1.142393970000000064e-01,5.581628327507971200e-03
1.142576096000000041e-01,5.581499048999248418e-03
1.143122300999999952e-01,5.581111235473229168e-03
1.143304311000000045e-01,5.580981971630779789e-03
1.144032063000000043e-01,5.580464952922624747e-03
1.144213927999999936e-01,5.580335707410254142e-03
1.145304515000000051e-01,5.579560311311120881e-03
1.146938450999999970e-01,5.578397464537354460e-03
1.148388887000000025e-01,5.577364072104963079e-03
1.148570062999999947e-01,5.577234914535183184e-03
1.148932327999999947e-01,5.576976610383596947e-03
1.149656517000000044e-01,5.576460046029853637e-03
1.149837492999999933e-01,5.576330914096802593e-03
1.150561112000000052e-01,5.575814422982474684e-03
1.151284276999999939e-01,5.575297990451083888e-03
1.151826351999999942e-01,5.574910704492811071e-03
1.152909738000000017e-01,5.574136231408800476e-03
1.153992105999999962e-01,5.573361890079593130e-03
1.154352669999999942e-01,5.573103805577584065e-03
1.154713121999999953e-01,5.572845735711194973e-03
1.154893305000000009e-01,5.572716706265937354e-03
1.155433686999999959e-01,5.572329639881076074e-03
1.155613758999999990e-01,5.572200625069362832e-03
1.157053318999999997e-01,5.571168638254495736e-03
1.157233138000000050e-01,5.571039656360779815e-03
1.157772427999999992e-01,5.570652732620912442e-03
1.158670687000000060e-01,5.570007932851553031e-03
1.159209308000000022e-01,5.569621096862812336e-03
1.159747678999999976e-01,5.569234293774798922e-03
1.159927079999999999e-01,5.569105366722770616e-03
1.160465118000000018e-01,5.568718607497275853e-03
1.161182114000000043e-01,5.568202979696444156e-03
1.161540446000000060e-01,5.567945187722357116e-03
1.162793738999999965e-01,5.567043030909827467e-03
1.162972671000000041e-01,5.566914165979091646e-03
1.163509300000000052e-01,5.566527593104756214e-03
1.164224420999999954e-01,5.566012213743509393e-03
1.164403133000000007e-01,5.565883378034184453e-03
1.165653348000000034e-01,5.564981630321837354e-03
1.166902222999999933e-01,5.564080061522857015e-03
1.167258798999999958e-01,5.563822503293281568e-03
1.167793458999999978e-01,5.563436193325251369e-03
1.168327873999999988e-01,5.563049916205810470e-03
1.168505957999999983e-01,5.562921164465140476e-03
1.169040048000000026e-01,5.562534931138925567e-03
1.169218023000000023e-01,5.562406193994928402e-03
1.170640854000000036e-01,5.561376428193395491e-03
1.171529245999999996e-01,5.560732943128865458e-03
1.172061957999999959e-01,5.560346895858987552e-03
1.172771863999999969e-01,5.559832217222658059e-03
1.174190388000000002e-01,5.558803034973283132e-03
1.174367582999999993e-01,5.558674403598207366e-03
1.174721893000000017e-01,5.558417151784142939e-03
1.175607201000000018e-01,5.557774086037144991e-03
1.176845512999999954e-01,5.556873947059271651e-03
1.177022308000000017e-01,5.556745370352490949e-03
1.177199077000000010e-01,5.556616797289368540e-03
1.177552535000000039e-01,5.556359662093385623e-03
1.178612272999999960e-01,5.555588343939224516e-03
1.179141783999999998e-01,5.555202734037595867e-03
1.180552655000000062e-01,5.554174601212786416e-03
1.181961841000000041e-01,5.553146701424168871e-03
1.182665804000000015e-01,5.552632838899202762e-03
1.182841728999999981e-01,5.552504382367619978e-03
1.183193502000000064e-01,5.552247480223371223e-03
1.183369348999999959e-01,5.552119034610356572e-03
1.183896732999999979e-01,5.551733719606429668e-03
1.184248192000000033e-01,5.551476861131935357e-03
1.184775183999999953e-01,5.551091600709778112e-03
1.186003924000000043e-01,5.550192787060388017e-03
1.186880815999999950e-01,5.549550886437285870e-03
1.187056117000000049e-01,5.549422517223793344e-03
1.187581862999999988e-01,5.549037431403148167e-03
1.188107377000000020e-01,5.548652378310124818e-03
1.188282496999999993e-01,5.548524034551382579e-03
1.188457591000000035e-01,5.548395694428534877e-03
1.189507612999999991e-01,5.547625730038726992e-03
1.191604881999999976e-01,5.546086193821290165e-03
1.191779488000000026e-01,5.545957922757986137e-03
1.192652134000000003e-01,5.545316621941862381e-03
1.193872765999999946e-01,5.544418953378343028e-03
1.194395511999999937e-01,5.544034292763234430e-03
1.195266247000000004e-01,5.543393264370840949e-03
1.195440318000000057e-01,5.543265069586213005e-03
1.196831975000000048e-01,5.542239642015216183e-03
1.197353428999999997e-01,5.541855166575050673e-03
1.198048347999999957e-01,5.541342583469882101e-03
1.199436978999999931e-01,5.540317591453845433e-03
1.199957301000000032e-01,5.539933279317179118e-03
1.200130692000000027e-01,5.539805182527625903e-03
1.200650713000000064e-01,5.539420913924872174e-03
1.200997268999999951e-01,5.539164752993700445e-03
1.201516915000000046e-01,5.538780538800366395e-03
1.202382493999999968e-01,5.538140254346296185e-03
1.203593257999999999e-01,5.537244008408255189e-03
1.203766123999999993e-01,5.537115987776622221e-03
1.204284575999999968e-01,5.536731947633159907e-03
1.204802804999999949e-01,5.536347940113821482e-03
1.205148166999999992e-01,5.536091953223813179e-03
1.205493428999999950e-01,5.535835980830902843e-03
1.206356155000000013e-01,5.535196113268068575e-03
1.207045890999999954e-01,5.534684284440869947e-03
1.207735233000000047e-01,5.534172513581497171e-03
1.207907507000000047e-01,5.534044579923217202e-03
1.208251981000000030e-01,5.533788723473715386e-03
1.208424181999999958e-01,5.533660800682362567e-03
1.209800902000000011e-01,5.532637548734045153e-03
1.211004249000000033e-01,5.531742393388239601e-03
1.211691339000000034e-01,5.531230955695764541e-03
1.211863051000000024e-01,5.531103105322405199e-03
1.212034738000000028e-01,5.530975258568605370e-03
1.212549653999999977e-01,5.530591740024038208e-03
1.213064352000000068e-01,5.530208254052110944e-03
1.213407361999999934e-01,5.529952614831660715e-03
1.213921696000000022e-01,5.529569183140107050e-03
1.214607136000000059e-01,5.529057991539206192e-03
1.214778435000000018e-01,5.528930202683580465e-03
1.216147962999999943e-01,5.527908022063373478e-03
1.216661138000000031e-01,5.527524764009052877e-03
1.217174097000000010e-01,5.527141538501557753e-03
1.217515948999999958e-01,5.526886072909785799e-03
1.219394424999999949e-01,5.525481270653537398e-03
1.220076789999999939e-01,5.524970541909923760e-03
1.220247321999999995e-01,5.524842868759199423e-03
1.220758774000000046e-01,5.524459870989212838e-03
1.222121599000000058e-01,5.523438702585762444e-03
1.222632267000000050e-01,5.523055824044027264e-03
1.222802442999999933e-01,5.522928205087982052e-03
1.223993007000000049e-01,5.522034973525001382e-03
1.224162993000000033e-01,5.521907383461704608e-03
1.224332954999999973e-01,5.521779797009440313e-03
1.224672809999999973e-01,5.521524634937877325e-03
1.225522032999999955e-01,5.520886792944120977e-03
1.225691807000000022e-01,5.520759235376222068e-03
1.226200987999999936e-01,5.520376584332050210e-03
1.226709956999999934e-01,5.519993965774557497e-03
1.226879567000000032e-01,5.519866433474236549e-03
1.227388254999999956e-01,5.519483858227551901e-03
1.228235601000000066e-01,5.518846304991218039e-03
1.228405000000000052e-01,5.518718805169084765e-03
1.230097705999999985e-01,5.517444005373380381e-03
1.230266849000000023e-01,5.517316545233871480e-03
1.231619152999999939e-01,5.516296993951679169e-03
1.232294748999999967e-01,5.515787304854653100e-03
1.232463589999999998e-01,5.515659891594104983e-03
1.232969973999999969e-01,5.515277673443426745e-03
1.233476151000000021e-01,5.514895487736889632e-03
1.234824939999999982e-01,5.513876484443395141e-03
1.234993434999999973e-01,5.513749125249108041e-03
1.236340570000000055e-01,5.512730381409757484e-03
1.237013586999999998e-01,5.512221095954254399e-03
1.237686238000000050e-01,5.511711868131471091e-03
1.238862498000000006e-01,5.510820858097413046e-03
1.239198366999999940e-01,5.510566316210381392e-03
1.240373193999999984e-01,5.509675533015552171e-03
1.240540935000000039e-01,5.509548292672998213e-03
1.240876350000000017e-01,5.509293822786543934e-03
1.241044023999999940e-01,5.509166593242415498e-03
1.241882051999999986e-01,5.508530499507085197e-03
1.242384596999999979e-01,5.508148886450048819e-03
1.242886938999999968e-01,5.507767305777275246e-03
1.243556412999999999e-01,5.507258581916948774e-03
1.244392748999999937e-01,5.506622758032575157e-03
1.244559949000000054e-01,5.506495604046692145e-03
1.245061412999999978e-01,5.506114163668693502e-03
1.245562676000000063e-01,5.505732755657997274e-03
1.245896739000000031e-01,5.505478501631010449e-03
1.246397665999999932e-01,5.505097147558513614e-03
1.247065254999999984e-01,5.504588725796916854e-03
1.248232677000000040e-01,5.503699126114596982e-03
1.248566024999999968e-01,5.503444987125434909e-03
1.248899284999999970e-01,5.503190862511898526e-03
1.249898531000000063e-01,5.502428574914492061e-03
1.250397853999999920e-01,5.502047479621774081e-03
1.251063309000000068e-01,5.501539402860343778e-03
1.251562167999999975e-01,5.501158383006666229e-03
1.252393156999999924e-01,5.500523421750298098e-03
1.252559289000000076e-01,5.500396440272998025e-03
1.253887550999999989e-01,5.499380717721498446e-03
1.255048625999999889e-01,5.498492148970334989e-03
1.255711616000000086e-01,5.497984474364597113e-03
1.256374255999999912e-01,5.497476857179386771e-03
1.256871006999999985e-01,5.497096181968206055e-03
1.257036547000000004e-01,5.496969297407229040e-03
1.257863919999999969e-01,5.496334928417473398e-03
1.258360081999999880e-01,5.495954350071502112e-03
1.259021328999999911e-01,5.495446962493091489e-03
1.259517035000000118e-01,5.495066459466947835e-03
1.260177674000000081e-01,5.494559172303310063e-03
1.261002985999999937e-01,5.493925144023788752e-03
1.261662846999999921e-01,5.493417985931049047e-03
1.261827758000000077e-01,5.493291205369461860e-03
1.262981534000000017e-01,5.492403841795597506e-03
1.264463413999999952e-01,5.491263203785056238e-03
1.264792483999999939e-01,5.491009768082349279e-03
1.264956988000000004e-01,5.490883055604647844e-03
1.265450368999999908e-01,5.490502939663755196e-03
1.266272243999999880e-01,5.489869484730557428e-03
1.266765113999999970e-01,5.489489454746514924e-03
1.267421974000000062e-01,5.488982798232656078e-03
1.268242572000000123e-01,5.488349558148815366e-03
1.268406628000000036e-01,5.488222920872000248e-03
1.268898668000000007e-01,5.487843030519167116e-03
1.269390516999999996e-01,5.487463172380458581e-03
1.269718310999999877e-01,5.487209951516538141e-03
1.270209843000000005e-01,5.486830147061019444e-03
1.270701184999999955e-01,5.486450374811167700e-03
1.270864922999999924e-01,5.486323791217420989e-03
1.272174071999999934e-01,5.485311251263728233e-03
1.272337621000000085e-01,5.485184699867243739e-03
1.272828141000000024e-01,5.484805067138423008e-03
1.273481874999999874e-01,5.484298940237622433e-03
1.273645256000000003e-01,5.484172417452829948e-03
1.274625101000000094e-01,5.483413355834451663e-03
1.275277914000000068e-01,5.482907386261799861e-03
1.276745521000000050e-01,5.481769163835051480e-03
1.277234348000000075e-01,5.481389820690235094e-03
1.277560128999999933e-01,5.481136943127311659e-03
1.277885826999999863e-01,5.480884079856832188e-03
1.278048645000000039e-01,5.480757653580991574e-03
1.278699709999999989e-01,5.480251984204080433e-03
1.280488429999999955e-01,5.478861688108536097e-03
1.281138253999999921e-01,5.478356233030041642e-03
1.281463043000000135e-01,5.478103526914490130e-03
1.283896338999999942e-01,5.476208686194942651e-03
1.284544438999999927e-01,5.475703530956853304e-03
1.285192213000000139e-01,5.475198432807830938e-03
1.285354105000000025e-01,5.475072167189806369e-03
1.285839659999999940e-01,5.474693391740228024e-03
1.286486780999999968e-01,5.474188407746542750e-03
1.286648511000000050e-01,5.474062170665120082e-03
1.287780048000000122e-01,5.473178610951088749e-03
1.287941615000000040e-01,5.473052402398603106e-03
1.288264688999999907e-01,5.472799995990373055e-03
1.288426195000000052e-01,5.472673798134305122e-03
1.289233422999999934e-01,5.472042862330410082e-03
1.290201430000000038e-01,5.471285856998252956e-03
1.290362693999999866e-01,5.471159701917443184e-03
1.291007547999999949e-01,5.470655117231288528e-03
1.291813162999999876e-01,5.470024466548584902e-03
1.292296290999999930e-01,5.469646118893310878e-03
1.293101103000000029e-01,5.469015610714922024e-03
1.293583749999999977e-01,5.468637348551038876e-03
1.295512538999999963e-01,5.467124620398225270e-03
1.295673142000000055e-01,5.466998582862244403e-03
1.295994287999999994e-01,5.466746518470008871e-03
1.296636341000000081e-01,5.466242432401420721e-03
1.296796805000000052e-01,5.466116419782799697e-03
1.297438461000000043e-01,5.465612404898493107e-03
1.298079799999999895e-01,5.465108446953179967e-03
1.298240085000000044e-01,5.464982466362642254e-03
1.298560595999999900e-01,5.464730515855847730e-03
1.299361528000000099e-01,5.464100701849452200e-03
1.299521654999999942e-01,5.463974749720486128e-03
1.301121842999999889e-01,5.462715424055666381e-03
1.301281753000000097e-01,5.462589511048987316e-03
1.301761367000000003e-01,5.462211793364098178e-03
1.301921198999999862e-01,5.462085894580331023e-03
1.303358805000000009e-01,5.460952965505876458e-03
1.303678057000000057e-01,5.460701242590182414e-03
1.304635345999999863e-01,5.459946159138613989e-03
1.305113727999999973e-01,5.459568665385745347e-03
1.305591932999999871e-01,5.459191203610294814e-03
1.305751296999999866e-01,5.459065390124260078e-03
1.306229268999999915e-01,5.458687970980863682e-03
1.307025501999999895e-01,5.458059010118952899e-03
1.307184690000000038e-01,5.457933228602005263e-03
1.308139412999999862e-01,5.457178614079105303e-03
1.308298465000000133e-01,5.457052857420537778e-03
1.308457499000000024e-01,5.456927104312899769e-03
1.309570191999999966e-01,5.456046931969576151e-03
1.309729071000000078e-01,5.455921207263573353e-03
1.310840685000000116e-01,5.455041233706105566e-03
1.311316801999999893e-01,5.454664155416804987e-03
1.311475470000000032e-01,5.454538469751012489e-03
1.312268518999999967e-01,5.453910094645328215e-03
1.312744117999999904e-01,5.453533112156684105e-03
1.313377983000000027e-01,5.453030518502620383e-03
1.313853181000000092e-01,5.452653610506051109e-03
1.314011542000000088e-01,5.452527981600632789e-03
1.314644795999999893e-01,5.452025501443324464e-03
1.315277744999999998e-01,5.451523078023140685e-03
1.315752256000000120e-01,5.451146297687167047e-03
1.316068501999999862e-01,5.450895128523050581e-03
1.316542729000000078e-01,5.450518401364332945e-03
1.317016785000000023e-01,5.450141706107633661e-03
1.318280101000000037e-01,5.449137341364921304e-03
1.318437929999999869e-01,5.449011811718507646e-03
1.318595740999999877e-01,5.448886285615532968e-03
1.319069059000000099e-01,5.448509728564794249e-03
1.321118145000000077e-01,5.446878349757025041e-03
1.321433106999999885e-01,5.446627421527855048e-03
1.322220182999999938e-01,5.446000162921480446e-03
1.322849506999999869e-01,5.445498419765790708e-03
1.323635740999999921e-01,5.444871320470712033e-03
1.323950104000000128e-01,5.444620505529572038e-03
1.324735684999999996e-01,5.443993530110696061e-03
1.325991646999999940e-01,5.442990553442933824e-03
1.326148558999999949e-01,5.442865197280329949e-03
1.326619182000000063e-01,5.442489150017353582e-03
1.327089637999999960e-01,5.442113134589446517e-03
1.327403182999999931e-01,5.441862475322092885e-03
1.328343374000000021e-01,5.441110582395894402e-03
1.328500008000000066e-01,5.440985279284700146e-03
1.328969798999999896e-01,5.440609391165691748e-03
1.329908881999999903e-01,5.439857710382459653e-03
1.330378174999999885e-01,5.439481917712063810e-03
1.331159962000000030e-01,5.438855667281889718e-03
1.331628814999999966e-01,5.438479959431171198e-03
1.332097502000000044e-01,5.438104283381957685e-03
1.332253693999999877e-01,5.437979065098626913e-03
1.333502575000000134e-01,5.436977446012504663e-03
1.333658601999999915e-01,5.436852259522346152e-03
1.333970603000000088e-01,5.436601897138212784e-03
1.334906168999999976e-01,5.435850894744603812e-03
1.335373705000000022e-01,5.435475441218684360e-03
1.335996832999999939e-01,5.434974885947225706e-03
1.336463988000000103e-01,5.434599506561777794e-03
1.336619671000000009e-01,5.434474387160054785e-03
1.337242217999999871e-01,5.433973944849529274e-03
1.338330979000000032e-01,5.433098306681097105e-03
1.338641891000000028e-01,5.432848156105677534e-03
1.340971431999999908e-01,5.430972476583206983e-03
1.341126591000000035e-01,5.430847459498480863e-03
1.341591960000000083e-01,5.430472429402404683e-03
1.342057167000000051e-01,5.430097431041049257e-03
1.342212201000000105e-01,5.429972438639028669e-03
1.342367215999999974e-01,5.429847449762470989e-03
1.343451823000000045e-01,5.428972626334816268e-03
1.343606696000000100e-01,5.428847665659233997e-03
1.344845033000000023e-01,5.427848107129314842e-03
1.345309115999999972e-01,5.427473330824242499e-03
1.345773037999999922e-01,5.427098586228799870e-03
1.346391352999999902e-01,5.426598976089327779e-03
1.346545888000000024e-01,5.426474082361085541e-03
1.347009383999999976e-01,5.426099422309887781e-03
1.347163848000000053e-01,5.425974542670498890e-03
1.347781523999999898e-01,5.425475059330553407e-03
1.348398918000000002e-01,5.424975632334110703e-03
1.348861778000000067e-01,5.424601099057655557e-03
1.349016029000000005e-01,5.424476261673596977e-03
1.350249404999999958e-01,5.423477689330899118e-03
1.350711631000000024e-01,5.423103282779208334e-03
1.350865670999999990e-01,5.422978487633966366e-03
1.351327686000000083e-01,5.422604123312723019e-03
1.351943459999999930e-01,5.422105020147009909e-03
1.352251241999999909e-01,5.421855489674705028e-03
1.352712784000000001e-01,5.421481220351795534e-03
1.353942793000000033e-01,5.420483323597046973e-03
1.354557378000000034e-01,5.419984459627434289e-03
1.354710980999999925e-01,5.419859752426275760e-03
1.355939177000000107e-01,5.418862221392719246e-03
1.356246051999999980e-01,5.418612873789959393e-03
1.356399463000000083e-01,5.418488205261236777e-03
1.357166260999999874e-01,5.417864915340695267e-03
1.358085847000000124e-01,5.417117083410406125e-03
1.358698557999999945e-01,5.416618599066140224e-03
1.358851692999999972e-01,5.416493986763548998e-03
1.359464059000000113e-01,5.415995572683375385e-03
1.359617106999999880e-01,5.415870977945278289e-03
1.360840875000000061e-01,5.414874346483780979e-03
1.361299504000000049e-01,5.414500667631014751e-03
1.361757979000000063e-01,5.414127020380003590e-03
1.361910769999999937e-01,5.414002478318451911e-03
1.363590336999999930e-01,5.412632747330873087e-03
1.363742921999999969e-01,5.412508247391686900e-03
1.364505592999999961e-01,5.411885800335617183e-03
1.364962990999999959e-01,5.411512374209439744e-03
1.365572616000000072e-01,5.411014521826787958e-03
1.366791052000000117e-01,5.410018985441948473e-03
1.366943280000000038e-01,5.409894559177249804e-03
1.367399861999999966e-01,5.409521301424810059e-03
1.367856292000000085e-01,5.409148075232702788e-03
1.368160494000000005e-01,5.408899275303209048e-03
1.368464628999999932e-01,5.408650489398285875e-03
1.369224669999999922e-01,5.408028585986873228e-03
1.370439857999999900e-01,5.407033722798816784e-03
1.370591680999999895e-01,5.406909380671283231e-03
1.370895276000000107e-01,5.406660706928959580e-03
1.371047048000000046e-01,5.406536375313877180e-03
1.371502263999999915e-01,5.406163401491846134e-03
1.372260621999999985e-01,5.405541848525400803e-03
1.374078974000000064e-01,5.404050478686022764e-03
1.374230395000000104e-01,5.403926220629443403e-03
1.375289872999999885e-01,5.403056512269408147e-03
1.375441161000000023e-01,5.402932282221844899e-03
1.375894923000000047e-01,5.402559613081941471e-03
1.376348535999999956e-01,5.402186975444438558e-03
1.376499707000000128e-01,5.402062769898580662e-03
1.377708478000000125e-01,5.401069251514637772e-03
1.377859499999999904e-01,5.400945077462819023e-03
1.379067079000000084e-01,5.399951810993897094e-03
1.379519649000000014e-01,5.399579393785713943e-03
1.380575068000000072e-01,5.398710542706972385e-03
1.380725775999999960e-01,5.398586435111944228e-03
1.381479070999999947e-01,5.397965949583559582e-03
1.381930851000000016e-01,5.397593700219568968e-03
1.382683489000000043e-01,5.396973354524589594e-03
1.383134874999999986e-01,5.396601189049606700e-03
1.384788700000000039e-01,5.395236851380182802e-03
1.385089183000000057e-01,5.394988835405476434e-03
1.385389600999999971e-01,5.394740833403828019e-03
1.385990242000000039e-01,5.394244871316058662e-03
1.386290464000000111e-01,5.393996911227906359e-03
1.386740676999999866e-01,5.393624997288198712e-03
1.387190742999999948e-01,5.393253114776346176e-03
1.387340732000000021e-01,5.393129160922444619e-03
1.387490705999999963e-01,5.393005210560276874e-03
1.387790603999999872e-01,5.392757320309829634e-03
1.388540065999999962e-01,5.392137655777741977e-03
1.389139343999999943e-01,5.391641986983940725e-03
1.389588633000000129e-01,5.391270272035703082e-03
1.390337125999999979e-01,5.390650816916971004e-03
1.390935630000000034e-01,5.390155315629090345e-03
1.392131866000000107e-01,5.389164480508044919e-03
1.392281324000000098e-01,5.389040641814643422e-03
1.392580190000000107e-01,5.388792974890778235e-03
1.393476405000000085e-01,5.388050057816535544e-03
1.394372043000000061e-01,5.387307266268647789e-03
1.394521260000000096e-01,5.387183479879533061e-03
1.395565333999999880e-01,5.386317072759002657e-03
1.395863497000000009e-01,5.386069559236289495e-03
1.396310622999999973e-01,5.385698315089667426e-03
1.396757604999999958e-01,5.385327102304999190e-03
1.396906566999999988e-01,5.385203371678928819e-03
1.397502257999999886e-01,5.384708484015812875e-03
1.398246513999999996e-01,5.384089952820529830e-03
1.399287808000000133e-01,5.383224155437993028e-03
1.399436501000000110e-01,5.383100484028112767e-03
1.399882484999999954e-01,5.382729490691586481e-03
1.400625477000000119e-01,5.382111238101296678e-03
1.401071081999999968e-01,5.381740328324270857e-03
1.401665002999999965e-01,5.381245830688797041e-03
1.402110277999999988e-01,5.380874994008405000e-03
1.402852089999999941e-01,5.380257002477530602e-03
1.403445257000000002e-01,5.379762671887144618e-03
1.403889966999999905e-01,5.379391960476194098e-03
1.405075174000000038e-01,5.378403549774996711e-03
1.405223254999999893e-01,5.378280014089323498e-03
1.406407338000000007e-01,5.377291853795625534e-03
1.406555278999999936e-01,5.377168349406311054e-03
1.406851112999999986e-01,5.376921351057799801e-03
1.407590425999999950e-01,5.376303916024501722e-03
1.407738242000000084e-01,5.376180439446306969e-03
1.408181597000000007e-01,5.375810030566624716e-03
1.408624812000000004e-01,5.375439652966753669e-03
1.408920210999999867e-01,5.375192751943046882e-03
1.409215548999999956e-01,5.374945864819356649e-03
1.409953622000000018e-01,5.374328707816046491e-03
1.410101189999999893e-01,5.374205286838335156e-03
1.411281181000000051e-01,5.373218044073813961e-03
1.411723423000000033e-01,5.372847885347286842e-03
1.412312863999999890e-01,5.372354388997395251e-03
1.412902058999999932e-01,5.371860948205241758e-03
1.413491007999999882e-01,5.371367562963469400e-03
1.413638207000000035e-01,5.371244225331965605e-03
1.413932558999999867e-01,5.370997560482783199e-03
1.414079712000000100e-01,5.370874233264884279e-03
1.414521079000000126e-01,5.370504272436730196e-03
1.414815248000000081e-01,5.370257649238162172e-03
1.415256386000000033e-01,5.369887740468080352e-03
1.415844356000000026e-01,5.369394577355275124e-03
1.416285173000000064e-01,5.369024741452067297e-03
1.417019563999999954e-01,5.368408417664364760e-03
1.418340509000000083e-01,5.367299253366080575e-03
1.419220455000000103e-01,5.366559966551725722e-03
1.419513649999999960e-01,5.366313565351030039e-03
1.420539353999999976e-01,5.365451270346165841e-03
1.420685821999999876e-01,5.365328099210236318e-03
1.420978713999999921e-01,5.365081767336097283e-03
1.422295982000000014e-01,5.363973445438894282e-03
1.423319681000000114e-01,5.363111611320043465e-03
1.423465864000000025e-01,5.362988506016490818e-03
1.424196550999999866e-01,5.362373031451861220e-03
1.424634784000000098e-01,5.362003788271883266e-03
1.425072881999999985e-01,5.361634576257164053e-03
1.425364872999999866e-01,5.361388452226622386e-03
1.425802747000000092e-01,5.361019292147345232e-03
1.426386369000000043e-01,5.360527127174250644e-03
1.427407133999999966e-01,5.359665971732919393e-03
1.427990101000000123e-01,5.359173959046246126e-03
1.428135805000000091e-01,5.359050964525283178e-03
1.428572830000000016e-01,5.358682001722768658e-03
1.428718475000000099e-01,5.358559021041576186e-03
1.429300907000000120e-01,5.358067132911936876e-03
1.429883100999999879e-01,5.357575300129161812e-03
1.430319592000000029e-01,5.357206461859213842e-03
1.431628265000000066e-01,5.356100133790044071e-03
1.432354788000000101e-01,5.355485628098005137e-03
1.432645294999999874e-01,5.355239850019734640e-03
1.432790526000000120e-01,5.355116966165478394e-03
1.433226130999999959e-01,5.354748335341006152e-03
1.433371303000000041e-01,5.354625465311914877e-03
1.433951844999999947e-01,5.354134019754572087e-03
1.434677192000000101e-01,5.353519790557027987e-03
1.434967228000000039e-01,5.353274123063703205e-03
1.435112223999999992e-01,5.353151294499244872e-03
1.435836984999999955e-01,5.352537203494627492e-03
1.436271665999999947e-01,5.352168790341757347e-03
1.436851036000000026e-01,5.351677621156570620e-03
1.437285409999999874e-01,5.351309280527577136e-03
1.438009075999999997e-01,5.350695448537027762e-03
1.438587745999999890e-01,5.350204445088145057e-03
1.439744389000000013e-01,5.349222603876264796e-03
1.440322361999999967e-01,5.348731766098718116e-03
1.440466819000000009e-01,5.348609065281038216e-03
1.441477613000000102e-01,5.347750256164258281e-03
1.441910593999999879e-01,5.347382246861672947e-03
1.442487698999999901e-01,5.346891616081640881e-03
1.442776165000000110e-01,5.346646321385424387e-03
1.443641216999999866e-01,5.345910520060914196e-03
1.443785341999999916e-01,5.345787898575408807e-03
1.444361698000000138e-01,5.345297447111041489e-03
1.444937823999999926e-01,5.344807050805301836e-03
1.445081820000000128e-01,5.344684460346633796e-03
1.445513720000000113e-01,5.344316709650969062e-03
1.445945492000000054e-01,5.343948989974115979e-03
1.447096254000000137e-01,5.342968555792614212e-03
1.448389767999999911e-01,5.341865830898843981e-03
1.448533421000000043e-01,5.341743323133517699e-03
1.448820682999999998e-01,5.341498317935036017e-03
1.448964292000000098e-01,5.341375820501629082e-03
1.449682127999999959e-01,5.340763384990060772e-03
1.450686501000000017e-01,5.339906119886828929e-03
1.450829925999999881e-01,5.339783667214232504e-03
1.451833503999999941e-01,5.338926594885128919e-03
1.451976815999999892e-01,5.338804169748127826e-03
1.452406666000000124e-01,5.338436914985172921e-03
1.452836389999999922e-01,5.338069691192316030e-03
1.453552312999999985e-01,5.337457720351049088e-03
1.454124797000000135e-01,5.336968205602316516e-03
1.454697057000000071e-01,5.336478745889697631e-03
1.455412064000000116e-01,5.335866998632133457e-03
1.456269609999999992e-01,5.335133015400251970e-03
1.456555347000000056e-01,5.334888381828767692e-03
1.456983846000000082e-01,5.334521457254773162e-03
1.457554983000000082e-01,5.334032272614007593e-03
1.457983189000000013e-01,5.333665420222854364e-03
1.458696586000000073e-01,5.333054068303654666e-03
1.458839222999999963e-01,5.332931808228598587e-03
1.459694756000000093e-01,5.332198319931786591e-03
1.459837296000000006e-01,5.332076083906732954e-03
1.459979821999999872e-01,5.331953851316873286e-03
1.460407317000000094e-01,5.331587174157849211e-03
1.460834685999999882e-01,5.331220527911881973e-03
1.462542916000000026e-01,5.329754251999529666e-03
1.462685177999999975e-01,5.329632084658010582e-03
1.464391248999999950e-01,5.328166344302456836e-03
1.464817456999999989e-01,5.327799986433424777e-03
1.465527527000000108e-01,5.327189458609712241e-03
1.465669498999999931e-01,5.327067363337569667e-03
1.466095335000000000e-01,5.326701098104916210e-03
1.468789426999999870e-01,5.324382135106298444e-03
1.468931083999999998e-01,5.324260118710580358e-03
1.469072727999999883e-01,5.324138105743001989e-03
1.469355974999999870e-01,5.323894090091521071e-03
1.469497577999999971e-01,5.323772087407445917e-03
1.470063852999999865e-01,5.323284110945998224e-03
1.470205387000000086e-01,5.323162125398769699e-03
1.470629908999999957e-01,5.322796189319062461e-03
1.471054309000000004e-01,5.322430284079855516e-03
1.471337174000000025e-01,5.322186364385762467e-03
1.471619985000000019e-01,5.321942458396355241e-03
1.472326774000000116e-01,5.321332753374404326e-03
1.472468090999999868e-01,5.321210822646597373e-03
1.472891960999999916e-01,5.320845051014244306e-03
1.473598140000000056e-01,5.320235500123858541e-03
1.473880516999999946e-01,5.319991703739038874e-03
1.474445108999999920e-01,5.319504152058156070e-03
1.475714650000000128e-01,5.318407361050856569e-03
1.475855641999999912e-01,5.318285512498226869e-03
1.476278540000000028e-01,5.317919987375492943e-03
1.476983098999999910e-01,5.317310847280596817e-03
1.477405673999999947e-01,5.316945404284710748e-03
1.477828127999999963e-01,5.316579992080814297e-03
1.477968919000000048e-01,5.316458194855011067e-03
1.478391212000000066e-01,5.316092823702492191e-03
1.478954080999999865e-01,5.315605710052875160e-03
1.479657366999999890e-01,5.314996894942513109e-03
1.480219755000000137e-01,5.314509904406712094e-03
1.480360319000000036e-01,5.314388165320828826e-03
1.481343890000000052e-01,5.313536087444614697e-03
1.481484346999999979e-01,5.313414375707482297e-03
1.482467172999999971e-01,5.312562489247641372e-03
1.482888185000000025e-01,5.312197446312443005e-03
1.483449347999999945e-01,5.311710770235989441e-03
1.483729850000000128e-01,5.311467452697339955e-03
1.484711190000000125e-01,5.310615948919888279e-03
1.485131564999999931e-01,5.310251069964521363e-03
1.485831927000000052e-01,5.309643006674627172e-03
1.486391978999999919e-01,5.309156617506707865e-03
1.487091747000000019e-01,5.308548707864933942e-03
1.487511448999999930e-01,5.308184003044143576e-03
1.488070868999999963e-01,5.307697777735461211e-03
1.489049347999999995e-01,5.306847014835280527e-03
1.489189077999999999e-01,5.306725490927248490e-03
1.489328795000000039e-01,5.306603970431135638e-03
1.489747867000000003e-01,5.306239429413332938e-03
1.490306446999999923e-01,5.305753422483580964e-03
1.490446059999999961e-01,5.305631929279157853e-03
1.490864818000000036e-01,5.305267470130736220e-03
1.491422980000000065e-01,5.304781572347668124e-03
1.492538676999999869e-01,5.303809940462088889e-03
1.492678081000000101e-01,5.303688501819341268e-03
1.494071399999999938e-01,5.302474302876671389e-03
1.494210660999999996e-01,5.302352901728547493e-03
1.496019868000000030e-01,5.300774996883667045e-03
1.496298013000000038e-01,5.300532293395523314e-03
1.496437066000000093e-01,5.300410946760891230e-03
1.496854149000000078e-01,5.300046927293604847e-03
1.497132139000000028e-01,5.299804264677923649e-03
1.497549028000000060e-01,5.299440296296200129e-03
1.497965800999999930e-01,5.299076358561804166e-03
1.498104698999999929e-01,5.298955052793550939e-03
1.499354206000000078e-01,5.297863454083561428e-03
1.500186632999999936e-01,5.297135874786895390e-03
1.500325325999999904e-01,5.297014623482422004e-03
1.500464005999999906e-01,5.296893375581007701e-03
1.500879968999999925e-01,5.296529652293789636e-03
1.501295816999999866e-01,5.296165959629909638e-03
1.501434407999999998e-01,5.296044735546686678e-03
1.502681146000000023e-01,5.294953871880024587e-03
1.503096496000000115e-01,5.294590311882407113e-03
1.504203534000000120e-01,5.293620968182853950e-03
1.504618463000000073e-01,5.293257520397233115e-03
1.504756747999999866e-01,5.293136377934769786e-03
1.505171525000000010e-01,5.292772970943620051e-03
1.505309757999999942e-01,5.292651842078229842e-03
1.505862565999999958e-01,5.292167360606343796e-03
1.506000735999999951e-01,5.292046248735045484e-03
1.507105640999999996e-01,5.291077476100846180e-03
1.508071769000000062e-01,5.290229978421177003e-03
1.509175157000000045e-01,5.289261613450642677e-03
1.509588719999999940e-01,5.288898532622533094e-03
1.509726549000000029e-01,5.288777512471116472e-03
1.510139960999999920e-01,5.288414472389428751e-03
1.510415505999999908e-01,5.288172462644163269e-03
1.510828728999999981e-01,5.287809473487897413e-03
1.511517183999999958e-01,5.287204559451254629e-03
1.511792477999999995e-01,5.286962617595552041e-03
1.512618058999999904e-01,5.286236873476473155e-03
1.513030680999999933e-01,5.285874047225984709e-03
1.513718133999999993e-01,5.285269404663341455e-03
1.513993026999999880e-01,5.285027571384706344e-03
1.514542664999999899e-01,5.284543945531358124e-03
1.514680043999999948e-01,5.284423047547409484e-03
1.515229432000000098e-01,5.283939489524759787e-03
1.515778621999999964e-01,5.283455985758914002e-03
1.516190383000000086e-01,5.283093393536068307e-03
1.516327611999999936e-01,5.282972536242489144e-03
1.517836311999999910e-01,5.281643329739069311e-03
1.517973393000000004e-01,5.281522513120169050e-03
1.518384559000000023e-01,5.281160083595535897e-03
1.519069588999999998e-01,5.280556102156365450e-03
1.520164995000000130e-01,5.279589908020890579e-03
1.520301864999999975e-01,5.279469148996775163e-03
1.520712402000000130e-01,5.279106892245925137e-03
1.522353442000000112e-01,5.277658170007679984e-03
1.522490115000000033e-01,5.277537465161391723e-03
1.522900061999999943e-01,5.277175370933421400e-03
1.523309898000000107e-01,5.276813307168868455e-03
1.523583061999999877e-01,5.276571948248798792e-03
1.523992714000000082e-01,5.276209935250242289e-03
1.524402256999999872e-01,5.275847952707434819e-03
1.524538746999999916e-01,5.275727298627262696e-03
1.525766605999999970e-01,5.274641564150380109e-03
1.526175671999999983e-01,5.274279713547297410e-03
1.526857206999999994e-01,5.273676696851435641e-03
1.527674646000000136e-01,5.272953188408978885e-03
1.528899987000000016e-01,5.271868153953822647e-03
1.529036075000000106e-01,5.271747611471228057e-03
1.529308215000000082e-01,5.271506536645606013e-03
1.529988354000000050e-01,5.270903908723571611e-03
1.530124344999999886e-01,5.270783393276822805e-03
1.530532246999999901e-01,5.270421867210251486e-03
1.531211842000000101e-01,5.269819391337591044e-03
1.531483596000000058e-01,5.269578424636155688e-03
1.532162769000000035e-01,5.268976066993212928e-03
1.532705890999999931e-01,5.268494241671599701e-03
1.533113106000000003e-01,5.268132908138082986e-03
1.533384523000000110e-01,5.267892035998772253e-03
1.533655891000000049e-01,5.267651177364680165e-03
1.533791557999999999e-01,5.267530753111981066e-03
1.534334102999999894e-01,5.267049089859875827e-03
1.534876456000000000e-01,5.266567480616726749e-03
1.535554128999999934e-01,5.265965545002518865e-03
1.535825114000000102e-01,5.265724794379574546e-03
1.535960588999999987e-01,5.265604424129751403e-03
1.536366940999999986e-01,5.265243333625050509e-03
1.536637782999999979e-01,5.265002623491740405e-03
1.537991277000000101e-01,5.263799275229136786e-03
1.538667576999999953e-01,5.263197727576788588e-03
1.538802801999999970e-01,5.263077428163020349e-03
1.539208404000000086e-01,5.262716550152520510e-03
1.539613898999999952e-01,5.262355702486382243e-03
1.540289487000000013e-01,5.261754357133423959e-03
1.540964779000000007e-01,5.261153096048521750e-03
1.541909690000000110e-01,5.260311472073596513e-03
1.542044630999999943e-01,5.260191253555806558e-03
1.542314475000000074e-01,5.259950826627600787e-03
1.542449379999999981e-01,5.259830618217218798e-03
1.543123727000000056e-01,5.259229626697509673e-03
1.543528192999999993e-01,5.258869072207357498e-03
1.544067316999999939e-01,5.258388380039866021e-03
1.544471535999999978e-01,5.258027896274743845e-03
1.544606252999999874e-01,5.257907741754643850e-03
1.545144999999999991e-01,5.257427157344461525e-03
1.545683559999999901e-01,5.256946626802511992e-03
1.546356496000000080e-01,5.256346039366466966e-03
1.546760118000000128e-01,5.255985727295123776e-03
1.548239160999999864e-01,5.254664842149208044e-03
1.548910987000000072e-01,5.254064574388373800e-03
1.549448237999999922e-01,5.253584420726617119e-03
1.549582522000000073e-01,5.253464390719641761e-03
1.550387978999999972e-01,5.252744281299232335e-03
1.550522180999999999e-01,5.252624274831810963e-03
1.550924717999999924e-01,5.252264275603331367e-03
1.551595380999999940e-01,5.251664344128475354e-03
1.552533822999999924e-01,5.250824581243143316e-03
1.552801845000000014e-01,5.250584679238316614e-03
1.553605633000000041e-01,5.249865053872269753e-03
1.553739557000000104e-01,5.249745128071278515e-03
1.554810536000000021e-01,5.248785842605164197e-03
1.555211962999999975e-01,5.248426165979449415e-03
1.555345749000000000e-01,5.248306280488114831e-03
1.556014505999999964e-01,5.247706903405383039e-03
1.556415623000000081e-01,5.247347317451085680e-03
1.556950283999999907e-01,5.246867916517031216e-03
1.557885499999999979e-01,5.246029094126764686e-03
1.558152600999999915e-01,5.245789460795266361e-03
1.558553166999999962e-01,5.245430035968641838e-03
1.558953630000000090e-01,5.245070641344116817e-03
1.560154403000000023e-01,5.243992638653635456e-03
1.560287764999999938e-01,5.243872877350709560e-03
1.561220982000000035e-01,5.243034642146593427e-03
1.561354252999999914e-01,5.242914907675570550e-03
1.561620760999999913e-01,5.242675448793835888e-03
1.561753998000000032e-01,5.242555724382928078e-03
1.562153639999999954e-01,5.242196571268654091e-03
1.562819484000000092e-01,5.241598049800151940e-03
1.563751188999999986e-01,5.240760260537073376e-03
1.563884245000000117e-01,5.240640589763720034e-03
1.564416352999999926e-01,5.240161940182697445e-03
1.564549352000000060e-01,5.240042286165234181e-03
1.566542979999999974e-01,5.238247877944756520e-03
1.567472471999999950e-01,5.237410745354608398e-03
1.567605212000000026e-01,5.237291168379327663e-03
1.567737939999999941e-01,5.237171594752317375e-03
1.568666723999999901e-01,5.236334673108109655e-03
1.568799361999999864e-01,5.236215126263905374e-03
1.569197210000000120e-01,5.235856505815311181e-03
1.569594957999999874e-01,5.235497915490170198e-03
1.570125131000000007e-01,5.235019841909972771e-03
1.570787596000000064e-01,5.234422325225090641e-03
1.570920054999999926e-01,5.234302831925705980e-03
1.571317365999999882e-01,5.233944372100876943e-03
1.571979329000000036e-01,5.233347005964040198e-03
1.572376372000000022e-01,5.232988626419680933e-03
1.572905608000000066e-01,5.232510833848661239e-03
1.573434665000000010e-01,5.232033094781216379e-03
1.573963545000000019e-01,5.231555409210711036e-03
1.574095736999999995e-01,5.231435996176030979e-03
1.574360087999999991e-01,5.231197180135758670e-03
1.574888657000000081e-01,5.230719588167661270e-03
1.575549119000000109e-01,5.230122673409552322e-03
1.575945263000000096e-01,5.229764564657134879e-03
1.576473301000000105e-01,5.229287133100823763e-03
1.577265025000000043e-01,5.228571085995140262e-03
1.577660738999999979e-01,5.228213107539183939e-03
1.578320039999999980e-01,5.227616543578549393e-03
1.578715488999999916e-01,5.227258645277329217e-03
1.579242600000000107e-01,5.226781494290384453e-03
1.579374350999999954e-01,5.226662214890947893e-03
1.580296294999999906e-01,5.225827352569709268e-03
1.580427957999999966e-01,5.225708099876303324e-03
1.580822879000000070e-01,5.225350361821943200e-03
1.581480862999999903e-01,5.224754198479033412e-03
1.583453172000000020e-01,5.222966208930622696e-03
1.583978706999999986e-01,5.222489538473147445e-03
1.584372742999999861e-01,5.222132070646106142e-03
1.585029253000000138e-01,5.221536357623185985e-03
1.586734907000000028e-01,5.219987893803252482e-03
1.586997152000000078e-01,5.219749718594361189e-03
1.587128258999999930e-01,5.219630635988589326e-03
1.587521514000000133e-01,5.219273408163958329e-03
1.587652576999999954e-01,5.219154338886314998e-03
1.587783628999999974e-01,5.219035272940433616e-03
1.588700692999999997e-01,5.218201904600630082e-03
1.588831659000000118e-01,5.218082865305219593e-03
1.589093558999999933e-01,5.217844796706837783e-03
1.589748119000000126e-01,5.217249683494061888e-03
1.589878999000000070e-01,5.217130670842214622e-03
1.590925649000000108e-01,5.216178689495517239e-03
1.591187202999999883e-01,5.215940727451582985e-03
1.591317965000000056e-01,5.215821751423157897e-03
1.591710184000000028e-01,5.215464843309505077e-03
1.591840902999999974e-01,5.215345880595468643e-03
1.592363669000000093e-01,5.214870063020717907e-03
1.593016885000000105e-01,5.214275365928843636e-03
1.593278096999999893e-01,5.214037510384334981e-03
1.593408685999999908e-01,5.213918587602666722e-03
1.594453019000000027e-01,5.212967325113612022e-03
1.594974929000000097e-01,5.212491773700087157e-03
1.595887860999999908e-01,5.211659686762178806e-03
1.596018237000000062e-01,5.211540830500303693e-03
1.596148602000000138e-01,5.211421977563192656e-03
1.596539634999999957e-01,5.211065438700073632e-03
1.597191142999999924e-01,5.210471273748289167e-03
1.597581921000000016e-01,5.210114814664584988e-03
1.598102808999999902e-01,5.209639582415406985e-03
1.599144076000000025e-01,5.208689277419499553e-03
1.599534375999999980e-01,5.208332967865990024e-03
1.600054629000000062e-01,5.207857934967865914e-03
1.600314690999999900e-01,5.207620438447991933e-03
1.601224578000000065e-01,5.206789305243279299e-03
1.601744281999999964e-01,5.206314445037159983e-03
1.602393673999999990e-01,5.205720944480414503e-03
1.602783183000000000e-01,5.205364883981741624e-03
1.603172596999999922e-01,5.205008853355871760e-03
1.603432153999999887e-01,5.204771516200043177e-03
1.604210574000000111e-01,5.204059584377211146e-03
1.604340273000000039e-01,5.203940940687028921e-03
1.605766279999999990e-01,5.202636079054814844e-03
1.605895854000000122e-01,5.202517475172563875e-03
1.606414046000000095e-01,5.202043092808771897e-03
1.606932071000000128e-01,5.201568763503985025e-03
1.607320479999999885e-01,5.201213051341189650e-03
1.607838212999999905e-01,5.200738814873065614e-03
1.608485145000000116e-01,5.200146093874517643e-03
1.608614499999999892e-01,5.200027559618595682e-03
1.609002502999999917e-01,5.199671976736634608e-03
1.609390411999999937e-01,5.199316423680781264e-03
1.609907479999999891e-01,5.198842399331166618e-03
1.610036719999999866e-01,5.198723901527093141e-03
1.611586801999999874e-01,5.197302186275294666e-03
1.611715907999999864e-01,5.197183731534001094e-03
1.612103165000000060e-01,5.196828387180437575e-03
1.612748385999999978e-01,5.196236212818298485e-03
1.613135394000000111e-01,5.195880947932537963e-03
1.613651261000000059e-01,5.195407307765805872e-03
1.614038053999999889e-01,5.195052112397822303e-03
1.614811359999999973e-01,5.194341811023681262e-03
1.615197874000000033e-01,5.193986705011892011e-03
1.615584295999999975e-01,5.193631628779810105e-03
1.615713082999999939e-01,5.193513276652982937e-03
1.615841859000000102e-01,5.193394927834495481e-03
1.616228127000000070e-01,5.193039901228576130e-03
1.616614302999999919e-01,5.192684904394688841e-03
1.616871702000000077e-01,5.192448256377182186e-03
1.617900888999999898e-01,5.191501796596440128e-03
1.618158083000000025e-01,5.191265214719235910e-03
1.619314953000000057e-01,5.190200759924904969e-03
1.619700393000000072e-01,5.189846001161327674e-03
1.619828852000000097e-01,5.189727754850293265e-03
1.620342587999999973e-01,5.189254802655167073e-03
1.621369571999999870e-01,5.188309056876084895e-03
1.622011106000000036e-01,5.187718073137092753e-03
1.622908828999999886e-01,5.186890834631609909e-03
1.623934189000000028e-01,5.185945617337742522e-03
1.624062313999999896e-01,5.185827480034100635e-03
1.624318533000000120e-01,5.185591215330806816e-03
1.624446626999999921e-01,5.185473087930995290e-03
1.624830848999999910e-01,5.185118725537803293e-03
1.625854998000000051e-01,5.184173904382223010e-03
1.625982971000000110e-01,5.184055816588503326e-03
1.626110933999999897e-01,5.183937732094575507e-03
1.627006394000000133e-01,5.183111233022893310e-03
1.627134276999999962e-01,5.182993174923594161e-03
1.628156977000000116e-01,5.182048828878528177e-03
1.628540323000000067e-01,5.181694753531089666e-03
1.628923579999999871e-01,5.181340707862828673e-03
1.629562139999999881e-01,5.180750697694158982e-03
1.630072808999999956e-01,5.180278748902394058e-03
1.630455704999999866e-01,5.179924821920764769e-03
1.630583317000000032e-01,5.179806852852467808e-03
1.631603855000000047e-01,5.178863218951065307e-03
1.631986391999999952e-01,5.178509410609802646e-03
1.632113883999999904e-01,5.178391481085629737e-03
1.632496301999999955e-01,5.178037712280958091e-03
1.633006053000000124e-01,5.177566066661523289e-03
1.633133465000000117e-01,5.177448163491578208e-03
1.633260867999999921e-01,5.177330263615538206e-03
1.633643016999999920e-01,5.176976583749085328e-03
1.634025077000000048e-01,5.176622933522978184e-03
1.634279734000000095e-01,5.176387183171033204e-03
1.634661645000000108e-01,5.176033582339010369e-03
1.635170720000000133e-01,5.175562160657449888e-03
1.636315560999999918e-01,5.174501654450466663e-03
1.636569861999999931e-01,5.174266022609524777e-03
1.636696997000000042e-01,5.174148211625415050e-03
1.637332525999999899e-01,5.173559206064885091e-03
1.637713725000000120e-01,5.173205842212498691e-03
1.638221851999999978e-01,5.172734736467872810e-03
1.638602844000000003e-01,5.172381441699712597e-03
1.639364561999999970e-01,5.171674940968476117e-03
1.640125926999999872e-01,5.170968558625003639e-03
1.640379637000000113e-01,5.170733124148277002e-03
1.640760126999999957e-01,5.170379997090392143e-03
1.641140530000000097e-01,5.170026899618959497e-03
1.641267311000000062e-01,5.169909207035986755e-03
1.642154506999999874e-01,5.169085450984027379e-03
1.642281210000000047e-01,5.168967784693588759e-03
1.642661260000000123e-01,5.168614805538452976e-03
1.642787924000000122e-01,5.168497152391803365e-03
1.644307130000000061e-01,5.167085570882168008e-03
1.644433667000000099e-01,5.166967960440691995e-03
1.644686711999999995e-01,5.166732749410364763e-03
1.645319154999999867e-01,5.166144779303795224e-03
1.645445614000000112e-01,5.166027195133453785e-03
1.646456939000000008e-01,5.165086639964596230e-03
1.646709672999999985e-01,5.164851534000077481e-03
1.647341338999999960e-01,5.164263826527929098e-03
1.647846497000000077e-01,5.163793719623453564e-03
1.648351500999999941e-01,5.163323665221223636e-03
1.648477727999999864e-01,5.163206159823312616e-03
1.650243888000000048e-01,5.161561428692833242e-03
1.650748157999999965e-01,5.161091623582339007e-03
1.651378279000000060e-01,5.160504440969188034e-03
1.651504273999999939e-01,5.160387014282106534e-03
1.652260043999999872e-01,5.159682523000284210e-03
1.652385972000000036e-01,5.159565119258975596e-03
1.652511891000000011e-01,5.159447718795376683e-03
1.652889589000000048e-01,5.159095537068463314e-03
1.653267200000000103e-01,5.158743384835452056e-03
1.653393052000000085e-01,5.158626007311631692e-03
1.653518894000000072e-01,5.158508633064477593e-03
1.654399518000000124e-01,5.157687105072159515e-03
1.654902521999999931e-01,5.157217732576030618e-03
1.655531061999999942e-01,5.156631090651640770e-03
1.656787426000000119e-01,5.155458052405267541e-03
1.656913010000000130e-01,5.155340766588303696e-03
1.657540787000000015e-01,5.154754386607102341e-03
1.657917338999999879e-01,5.154402597897303484e-03
1.658544735999999964e-01,5.153816348836583183e-03
1.658921060999999919e-01,5.153464638668981378e-03
1.659422694000000087e-01,5.152995737586202676e-03
1.660425504999999968e-01,5.152058092449353019e-03
1.660550813999999986e-01,5.151940901526695128e-03
1.660801403000000120e-01,5.151706529492929357e-03
1.661302469000000004e-01,5.151237824669653229e-03
1.661928588000000095e-01,5.150652017214173151e-03
1.662429313000000075e-01,5.150183430100347716e-03
1.662554471000000089e-01,5.150066291494738088e-03
1.663430311999999911e-01,5.149246412779241895e-03
1.663930586000000045e-01,5.148777982558272806e-03
1.664305691999999892e-01,5.148426694204043426e-03
1.664555715999999908e-01,5.148192518305316420e-03
1.664805702999999915e-01,5.147958355475533779e-03
1.664930682000000106e-01,5.147841278961080153e-03
1.665305562999999933e-01,5.147490069018906267e-03
1.666429701000000096e-01,5.146436615576094331e-03
1.666804245000000073e-01,5.146085523213426473e-03
1.667553079999999910e-01,5.145383426648362374e-03
1.668426296999999947e-01,5.144564462529987309e-03
1.669423700000000066e-01,5.143628699370859751e-03
1.669548332999999940e-01,5.143511743660822075e-03
1.669922178000000090e-01,5.143160896108389668e-03
1.670420506999999999e-01,5.142693145048279207e-03
1.670918687999999874e-01,5.142225446183873970e-03
1.671416719999999911e-01,5.141757799508213378e-03
1.671541205000000030e-01,5.141640895993043053e-03
1.672536749999999905e-01,5.140705785268205250e-03
1.672785544000000013e-01,5.140472040193332266e-03
1.672909925999999936e-01,5.140355172546139800e-03
1.673283020000000121e-01,5.140004589165221051e-03
1.673531702999999926e-01,5.139770883210387740e-03
1.673904657999999990e-01,5.139420348724569633e-03
1.674277529000000042e-01,5.139069843572040795e-03
1.674401801000000023e-01,5.138953015039165149e-03
1.674774562999999938e-01,5.138602548993435708e-03
1.675519836000000096e-01,5.137901704878720770e-03
1.675892347999999865e-01,5.137551326804052319e-03
1.676885310000000018e-01,5.136617128596858428e-03
1.677257518999999975e-01,5.136266858007813678e-03
1.677381571000000071e-01,5.136150107657820943e-03
1.678497620000000135e-01,5.135099501027456242e-03
1.678745530000000097e-01,5.134866068698806275e-03
1.678869471999999974e-01,5.134749357417303303e-03
1.679489041999999988e-01,5.134165849832709842e-03
1.679860673999999943e-01,5.133815784336581700e-03
1.680232224000000052e-01,5.133465748128097916e-03
1.680479877999999927e-01,5.133232406925151287e-03
1.680727495999999876e-01,5.132999078736843503e-03
1.681346381000000112e-01,5.132415815199406657e-03
1.682212436999999949e-01,5.131599382865833364e-03
1.682830775999999973e-01,5.131016314480417798e-03
1.683819645999999892e-01,5.130083574143347140e-03
1.684313863999999938e-01,5.129617281997272266e-03
1.685178394999999885e-01,5.128801395876490983e-03
1.685425322000000115e-01,5.128568314804531417e-03
1.685795646000000092e-01,5.128218717567004439e-03
1.686289283999999888e-01,5.127752633403848646e-03
1.686659417999999966e-01,5.127403104392993377e-03
1.687276127000000014e-01,5.126820621007261054e-03
1.687769332000000067e-01,5.126354692760393822e-03
1.688262392999999861e-01,5.125888816472137614e-03
1.688385635999999912e-01,5.125772355517795552e-03
1.689124902999999955e-01,5.125073657972585225e-03
1.689248083000000067e-01,5.124957219744255207e-03
1.690233197999999881e-01,5.124025830769628372e-03
1.690356296999999952e-01,5.123909421752740646e-03
1.690602468999999886e-01,5.123676613454632330e-03
1.690725540999999943e-01,5.123560214173092549e-03
1.691709795999999932e-01,5.122629136727255457e-03
1.692570549000000091e-01,5.121814614275774918e-03
1.692693477999999974e-01,5.121698266899636989e-03
1.693185104999999913e-01,5.121232909825849076e-03
1.693307990000000041e-01,5.121116578664741334e-03
1.693676590000000037e-01,5.120767604636573475e-03
1.694290743999999904e-01,5.120186046101787847e-03
1.695150186999999919e-01,5.119372000306965896e-03
1.696254544999999947e-01,5.118325603352365423e-03
1.696622505000000003e-01,5.117976862693895262e-03
1.696990385000000101e-01,5.117628151193770111e-03
1.697112993999999875e-01,5.117511920506244948e-03
1.697235594000000014e-01,5.117395693058043524e-03
1.697603340999999932e-01,5.117047030148942806e-03
1.697971007999999893e-01,5.116698396390638448e-03
1.698093545999999898e-01,5.116582191615310152e-03
1.698461106999999970e-01,5.116233596720330679e-03
1.699195991000000128e-01,5.115536494360179917e-03
1.700420092000000105e-01,5.114374916091279748e-03
1.700542452999999898e-01,5.114258776067052634e-03
1.701031812000000087e-01,5.113794248334370060e-03
1.701521028999999907e-01,5.113329772378111780e-03
1.702010106000000078e-01,5.112865348191681508e-03
1.702132353999999959e-01,5.112749250233522037e-03
1.702376821999999901e-01,5.112517064021966998e-03
1.703110016000000115e-01,5.111820583021110115e-03
1.703842895000000079e-01,5.111124218453336893e-03
1.703965010999999863e-01,5.111008169010393572e-03
1.704331305000000019e-01,5.110660040081838398e-03
1.704819576000000114e-01,5.110195913441639703e-03
1.705429717999999983e-01,5.109615827878130276e-03
1.706039642000000134e-01,5.109035823121034492e-03
1.706405491000000108e-01,5.108687859048224693e-03
1.706893168999999988e-01,5.108223952190669472e-03
1.707015065999999970e-01,5.108107983553889994e-03
1.707989933999999876e-01,5.107180350763930281e-03
1.708233563000000066e-01,5.106948474868923740e-03
1.708355364999999959e-01,5.106832541766215608e-03
1.708720719000000055e-01,5.106484761836393993e-03
1.708964245000000048e-01,5.106252924697063204e-03
1.709816312000000116e-01,5.105441596424037387e-03
1.710789583000000003e-01,5.104514557818511968e-03
1.710911203000000103e-01,5.104398692518354735e-03
1.712248452000000032e-01,5.103124387210101337e-03
1.712612974999999926e-01,5.102776917158624928e-03
1.713584657999999983e-01,5.101850472294112461e-03
1.713706078999999993e-01,5.101734681200580449e-03
1.713827491999999897e-01,5.101618893332277548e-03
1.714070292000000051e-01,5.101387327270610547e-03
1.714677142000000098e-01,5.100808468548769306e-03
1.714798486000000122e-01,5.100692706477677127e-03
1.715162467999999940e-01,5.100345439609201524e-03
1.715526370999999883e-01,5.099998201755241538e-03
1.716011457000000129e-01,5.099535263079615043e-03
1.716617619999999955e-01,5.098956662254544581e-03
1.716738827000000023e-01,5.098840951757793553e-03
1.717102396999999891e-01,5.098493839602240979e-03
1.717708175999999864e-01,5.097915383785479697e-03
1.717950427000000113e-01,5.097684024011020498e-03
1.718071539999999897e-01,5.097568348956187968e-03
1.719524231000000014e-01,5.096180499533234723e-03
1.719887211999999999e-01,5.095833609636858490e-03
1.720008188999999910e-01,5.095717986111207055e-03
1.720612944000000089e-01,5.095139916775503867e-03
1.721338370999999923e-01,5.094446339804185528e-03
1.721459244999999916e-01,5.094330754907704269e-03
1.721821818000000004e-01,5.093984019528530020e-03
1.722425937000000018e-01,5.093406191590944473e-03
1.723392086999999961e-01,5.092481834200314993e-03
1.723874958000000124e-01,5.092019732710467532e-03
1.724357695000000024e-01,5.091557682682201595e-03
1.724478358000000044e-01,5.091442178215218467e-03
1.725443358000000038e-01,5.090518258239828432e-03
1.725684523999999886e-01,5.090287310397919804e-03
1.725805093999999984e-01,5.090171841299213559e-03
1.726407819000000121e-01,5.089594544023560811e-03
1.726769353000000007e-01,5.089248204228765185e-03
1.727733073000000119e-01,5.088324772843766386e-03
1.728214731999999920e-01,5.087863134266714694e-03
1.728335125999999888e-01,5.087747732654258545e-03
1.729057311999999957e-01,5.087055390437448914e-03
1.729297972999999933e-01,5.086824635394364066e-03
1.730140025999999942e-01,5.086017093905567318e-03
1.730981668000000084e-01,5.085209709751422821e-03
1.731222062999999978e-01,5.084979057457993980e-03
1.731462423000000028e-01,5.084748418004208549e-03
1.731943045000000070e-01,5.084287177613347475e-03
1.732063179999999980e-01,5.084171875539358204e-03
1.732543633999999999e-01,5.083710699334313514e-03
1.733144016000000009e-01,5.083134301276446936e-03
1.733384109999999978e-01,5.082903764512070564e-03
1.733984199999999976e-01,5.082327478741310682e-03
1.734104193000000071e-01,5.082212231210274031e-03
1.734464122999999913e-01,5.081866507861903560e-03
1.734823977999999933e-01,5.081520813378099209e-03
1.735063840000000135e-01,5.081290366423222953e-03
1.735423570000000082e-01,5.080944720040550186e-03
1.735783226000000012e-01,5.080599102514995503e-03
1.735903095000000118e-01,5.080483903085316819e-03
1.736981541000000018e-01,5.079447252472126494e-03
1.737221104999999988e-01,5.079216920926693524e-03
1.737340874999999951e-01,5.079101759961288272e-03
1.738298734000000012e-01,5.078180587596822608e-03
1.738777465999999938e-01,5.077720078310169957e-03
1.739614929999999948e-01,5.076914310386412832e-03
1.739854131000000137e-01,5.076684119805306011e-03
1.740691075999999948e-01,5.075878553644806029e-03
1.741647092999999979e-01,5.074958098708077375e-03
1.741766557999999965e-01,5.074843056246259275e-03
1.742602584999999871e-01,5.074037848630993594e-03
1.742721985000000029e-01,5.073922831772965415e-03
1.742960759999999942e-01,5.073692807656675352e-03
1.743080134999999975e-01,5.073577800398279027e-03
1.743676888000000036e-01,5.073002812099387804e-03
1.744034841999999863e-01,5.072657857510977537e-03
1.744392723000000034e-01,5.072312931712286144e-03
1.745465922999999975e-01,5.071278327026229257e-03
1.745942689999999964e-01,5.070818585863790147e-03
1.746300178999999897e-01,5.070473813562820231e-03
1.746538464999999873e-01,5.070243981346800148e-03
1.746895831999999982e-01,5.069899256997577840e-03
1.748324572000000132e-01,5.068520647245871452e-03
1.748443581000000135e-01,5.068405783870626180e-03
1.748800558999999977e-01,5.068061212914710609e-03
1.749395360999999871e-01,5.067486991881079393e-03
1.750227742999999891e-01,5.066683216586861070e-03
1.750346623000000046e-01,5.066568404319639861e-03
1.751178553999999943e-01,5.065764807856740215e-03
1.751653764999999974e-01,5.065305680118212597e-03
1.752010089000000104e-01,5.064961367833080604e-03
1.752485075000000114e-01,5.064502329472484257e-03
1.752603801000000017e-01,5.064387577861344768e-03
1.753553322999999997e-01,5.063469679853841755e-03
1.754027891000000117e-01,5.063010807427015605e-03
1.754146513000000018e-01,5.062896097295887382e-03
1.754383733000000056e-01,5.062666686603829735e-03
1.754502330999999915e-01,5.062551986042649645e-03
1.754858076999999961e-01,5.062207903497094839e-03
1.755095200000000022e-01,5.061978531080556232e-03
1.755450826000000131e-01,5.061634496374921820e-03
1.756280337999999996e-01,5.060831860335234487e-03
1.756872607999999947e-01,5.060258644526253319e-03
1.756991036999999978e-01,5.060144010927731736e-03
1.757346278999999956e-01,5.059800129257593058e-03
1.757701449000000082e-01,5.059456276272818361e-03
1.758648217999999874e-01,5.058539475198075251e-03
1.758766529000000134e-01,5.058424889402580830e-03
1.759830964000000109e-01,5.057393760599825615e-03
1.760067416999999967e-01,5.057164655904421331e-03
1.760185632000000056e-01,5.057050108334099937e-03
1.760776588000000087e-01,5.056477418252448494e-03
1.761131066000000134e-01,5.056133842415370082e-03
1.761485473000000135e-01,5.055790295233918152e-03
1.761603593000000134e-01,5.055675785874283110e-03
1.761957903999999964e-01,5.055332276895810155e-03
1.762075992000000091e-01,5.055217780269612680e-03
1.762548265999999975e-01,5.054759825595308946e-03
1.762666314000000123e-01,5.054645344883654592e-03
1.763610418000000069e-01,5.053729613756626111e-03
1.763964326999999943e-01,5.053386267086279297e-03
1.764436094000000066e-01,5.052928516065954660e-03
1.765261384000000044e-01,5.052127574247704950e-03
1.765379252000000010e-01,5.052013166710259476e-03
1.765732805999999933e-01,5.051669963178670453e-03
1.766204101000000137e-01,5.051212402988257584e-03
1.766321905000000081e-01,5.051098020889734780e-03
1.766793043000000063e-01,5.050640524288872203e-03
1.767617233000000065e-01,5.049840027625028017e-03
1.768323376000000002e-01,5.049154011581930002e-03
1.768676341000000041e-01,5.048811046460089519e-03
1.769264459999999872e-01,5.048239501469631817e-03
1.769969946000000127e-01,5.047553752315895106e-03
1.770087499000000120e-01,5.047439471907553751e-03
1.771027646999999983e-01,5.046525342973285679e-03
1.771145130000000012e-01,5.046411091146384489e-03
1.771380073000000110e-01,5.046182597018040658e-03
1.771497532999999902e-01,5.046068354716490463e-03
1.772436933000000048e-01,5.045154530591015180e-03
1.773258498999999988e-01,5.044355101121346038e-03
1.773845098999999870e-01,5.043784175273967156e-03
1.774314240000000042e-01,5.043327491707668732e-03
1.774783255999999865e-01,5.042870858899960347e-03
1.774900490999999914e-01,5.042756708628342438e-03
1.775252149000000057e-01,5.042414276844428729e-03
1.775720916999999899e-01,5.041957745534416876e-03
1.775838090000000091e-01,5.041843620635062286e-03
1.776658084000000137e-01,5.041044835124778960e-03
1.776775194999999918e-01,5.040930735591257934e-03
1.777126481000000091e-01,5.040588456011876189e-03
1.777477698999999911e-01,5.040246204962162656e-03
1.777711804999999867e-01,5.040018053443944858e-03
1.778881874999999890e-01,5.038877486003449056e-03
1.778998838999999998e-01,5.038763446687207978e-03
1.779583546999999877e-01,5.038193297629327272e-03
1.780518680000000020e-01,5.037281223856686883e-03
1.780869227999999915e-01,5.036939248449836051e-03
1.781219708000000013e-01,5.036597301543197826e-03
1.781336518999999952e-01,5.036483325573796674e-03
1.782153982000000136e-01,5.035685582437355971e-03
1.782270732000000024e-01,5.035571631795181247e-03
1.783321136999999890e-01,5.034546218447721704e-03
1.784137691000000081e-01,5.033748851949642125e-03
1.784254311000000037e-01,5.033634955105857622e-03
1.784487527999999990e-01,5.033407170909331117e-03
1.786119197000000103e-01,5.031813035799290179e-03
1.786468646000000104e-01,5.031471516060475636e-03
1.786934471999999940e-01,5.031016200672830049e-03
1.787400177000000034e-01,5.030560935866701736e-03
1.787865760000000026e-01,5.030105721635209047e-03
1.788214868000000124e-01,5.029764344147557610e-03
1.788331221999999998e-01,5.029650557972161623e-03
1.788680239000000061e-01,5.029309218406431865e-03
1.788912879000000011e-01,5.029081674495023552e-03
1.789261782999999884e-01,5.028740382324856095e-03
1.789610618999999958e-01,5.028399118588311283e-03
1.790772912999999966e-01,5.027261778118049043e-03
1.791121454000000057e-01,5.026920637561820872e-03
1.791469927999999878e-01,5.026579525424687035e-03
1.791586071000000058e-01,5.026465827693743331e-03
1.792050565999999956e-01,5.026011068341462197e-03
1.792398859000000066e-01,5.025670031974498013e-03
1.793559346999999971e-01,5.024533449243603553e-03
1.793791354000000005e-01,5.024306170566690197e-03
1.794487197000000089e-01,5.023624410260437573e-03
1.794835016999999922e-01,5.023283572696994777e-03
1.795182768999999956e-01,5.022942763522810806e-03
1.795298671999999984e-01,5.022829166773224926e-03
1.795646334000000066e-01,5.022488395447407758e-03
1.796225623000000104e-01,5.021920506310085033e-03
1.796341458000000058e-01,5.021806937942477345e-03
1.796688918999999884e-01,5.021466251757644716e-03
1.797036312999999996e-01,5.021125593947650158e-03
1.797267871000000072e-01,5.020898504503266621e-03
1.797615153000000077e-01,5.020557893978351560e-03
1.798078092000000017e-01,5.020103790738552479e-03
1.799119267000000022e-01,5.019082242803119855e-03
1.799350557000000128e-01,5.018855266810015071e-03
1.799928654000000072e-01,5.018287881957989895e-03
1.800044251000000040e-01,5.018174414437667590e-03
1.800390997000000104e-01,5.017834030774905724e-03
1.800853221000000004e-01,5.017380229983560078e-03
1.800968759000000086e-01,5.017266787658783075e-03
1.801199812000000011e-01,5.017039912455929437e-03
1.801777314999999935e-01,5.016472779550589997e-03
1.802585508000000003e-01,5.015678925707213118e-03
1.803162567000000105e-01,5.015111981676358306e-03
1.803508714000000013e-01,5.014771853023174131e-03
1.803624081000000101e-01,5.014658483098960971e-03
1.804546756000000030e-01,5.013751636976160504e-03
1.805007915999999879e-01,5.013298289417679292e-03
1.805584201000000055e-01,5.012731675740626953e-03
1.805929883000000069e-01,5.012391745273915220e-03
1.806275499999999978e-01,5.012051843108774642e-03
1.806390690000000132e-01,5.011938548675661832e-03
1.806736218999999977e-01,5.011598684241442073e-03
1.807196819999999926e-01,5.011145575676239153e-03
1.807427077000000049e-01,5.010919040254965991e-03
1.807772407000000081e-01,5.010579260697359781e-03
1.808232744999999919e-01,5.010126265288313181e-03
1.808347811000000083e-01,5.010013024292651884e-03
1.809153068000000086e-01,5.009220425306580744e-03
1.810072923999999917e-01,5.008314786397085293e-03
1.810532676999999924e-01,5.007862042328072548e-03
1.810877415000000101e-01,5.007522517252170277e-03
1.811796394999999893e-01,5.006617255212278926e-03
1.812255711000000102e-01,5.006164699541641207e-03
1.812370520999999901e-01,5.006051568471539884e-03
1.812829690999999965e-01,5.005599075579950617e-03
1.813288744999999869e-01,5.005146632904287386e-03
1.814665209000000112e-01,5.003789606108088872e-03
1.815582272000000053e-01,5.002885172538096975e-03
1.815696871999999962e-01,5.002772132455131880e-03
1.816040630000000100e-01,5.002433031021862736e-03
1.816498871999999987e-01,5.001980939676127329e-03
1.816613414000000093e-01,5.001867924677946310e-03
1.816956999000000073e-01,5.001528898494442786e-03
1.817415009999999997e-01,5.001076907470129555e-03
1.817529494000000023e-01,5.000963917550414750e-03
1.817758442000000085e-01,5.000737947113900218e-03
1.818445113000000113e-01,5.000060111020492894e-03
1.818788350999999970e-01,4.999721235277732566e-03
1.819360270000000002e-01,4.999156505036167659e-03
1.819588987999999907e-01,4.998930634869401361e-03
1.819703336000000060e-01,4.998817704484770884e-03
1.821074950999999886e-01,4.997462784168483010e-03
1.821189206000000116e-01,4.997349894497423069e-03
1.821417693999999865e-01,4.997124124548299982e-03
1.821874582999999936e-01,4.996672622219907288e-03
1.822102985000000064e-01,4.996446889839042602e-03
1.822902165999999990e-01,4.995656925104720487e-03
1.823244565000000095e-01,4.995318415735768187e-03
1.823815087000000001e-01,4.994754296038148543e-03
1.824613518000000045e-01,4.993964659866794928e-03
1.824841577000000103e-01,4.993739077686148824e-03
1.825183612000000066e-01,4.993400727873963628e-03
1.825639559999999995e-01,4.992949638576364528e-03
1.825753528999999875e-01,4.992836874070086771e-03
1.826551111999999977e-01,4.992047610077460229e-03
1.826892827000000108e-01,4.991709400977813876e-03
1.827006717999999919e-01,4.991596670863443844e-03
1.827576066000000110e-01,4.991033067178850778e-03
1.828372853999999936e-01,4.990244153285266875e-03
1.828714228999999969e-01,4.989906094203906510e-03
1.829396786999999969e-01,4.989230060397422187e-03
1.829737969999999936e-01,4.988892085667048955e-03
1.830647481999999882e-01,4.987990957146444006e-03
1.832010903000000079e-01,4.986639639073651813e-03
1.832124475999999946e-01,4.986527049526419571e-03
1.832351600000000080e-01,4.986301879795794652e-03
1.832465151999999875e-01,4.986189299612530344e-03
1.832805764000000059e-01,4.985851577788194371e-03
1.833373309999999923e-01,4.985288770495498178e-03
1.833713754000000085e-01,4.984951123564083063e-03
1.833827221000000063e-01,4.984838580826998593e-03
1.833940681000000017e-01,4.984726041209790008e-03
1.834734705999999937e-01,4.983938351237686762e-03
1.834848109999999977e-01,4.983825836575807647e-03
1.835188279999999950e-01,4.983488311303814651e-03
1.835755089999999978e-01,4.982925831555742695e-03
1.835981764999999877e-01,4.982700861484409480e-03
1.836095091999999929e-01,4.982588381125640196e-03
1.836435030999999940e-01,4.982250958756293674e-03
1.836548329999999896e-01,4.982138490868487889e-03
1.837001456000000033e-01,4.981688650490520565e-03
1.837567706999999884e-01,4.981126420151149765e-03
1.837794158000000122e-01,4.980901549831798399e-03
1.837907373000000066e-01,4.980789119346725434e-03
1.838812844000000113e-01,4.979889787642887040e-03
1.840057139000000064e-01,4.978653532103077296e-03
1.840283283999999964e-01,4.978428798858925211e-03
1.840961552000000001e-01,4.977754673862021771e-03
1.841074572999999992e-01,4.977642330593945452e-03
1.841187585999999876e-01,4.977529990439070670e-03
1.841526585000000105e-01,4.977192988654409282e-03
1.842881956999999904e-01,4.975845261660665798e-03
1.843220644000000130e-01,4.975508399934850008e-03
1.843672131000000103e-01,4.975059294528113261e-03
1.844687570000000110e-01,4.974048989352840983e-03
1.845025925999999872e-01,4.973712276948553425e-03
1.845138698000000077e-01,4.973600045700416437e-03
1.845589715000000020e-01,4.973151151804906626e-03
1.845702452000000104e-01,4.973038936104783037e-03
1.846378728999999996e-01,4.972365707195904559e-03
1.846604099999999971e-01,4.972141322430297973e-03
1.847280048000000119e-01,4.971468242734412152e-03
1.848293504999999892e-01,4.970458832966763787e-03
1.848406076999999925e-01,4.970346691862176543e-03
1.848631201000000002e-01,4.970122418973751954e-03
1.849643917999999887e-01,4.969113344745259946e-03
1.849981367000000099e-01,4.968777042577040594e-03
1.850206299000000110e-01,4.968552856659118853e-03
1.850431204000000107e-01,4.968328683162348026e-03
1.850993345999999984e-01,4.967768303757805377e-03
1.851442936999999900e-01,4.967320056117269580e-03
1.852004771000000105e-01,4.966759816409924318e-03
1.852229458000000106e-01,4.966535742253547041e-03
1.852341791000000071e-01,4.966423709830683139e-03
1.852791054000000048e-01,4.965975611171711407e-03
1.853801499000000130e-01,4.964967570703891081e-03
1.854474822000000134e-01,4.964295683323308173e-03
1.854699209000000015e-01,4.964071745676019651e-03
1.855035738999999961e-01,4.963735862464451788e-03
1.855484350000000116e-01,4.963288061595580794e-03
1.855820736999999887e-01,4.962952243500380091e-03
1.856381246999999901e-01,4.962392608679131768e-03
1.856493328999999914e-01,4.962280691014642545e-03
1.856829533000000088e-01,4.961944956618730661e-03
1.857389738999999929e-01,4.961385461278512363e-03
1.857725781000000020e-01,4.961049801261625987e-03
1.858061762000000061e-01,4.960714169131769970e-03
1.858173741999999962e-01,4.960602297951799237e-03
1.858285715999999921e-01,4.960490429870192085e-03
1.859181260999999974e-01,4.959595596738549869e-03
1.860076375999999976e-01,4.958700961832691531e-03
1.860411932000000101e-01,4.958365524837299657e-03
1.860747429000000064e-01,4.958030115707837832e-03
1.860859246999999883e-01,4.957918318856391338e-03
1.861194663000000082e-01,4.957582946876680670e-03
1.861306454999999971e-01,4.957471162407869024e-03
1.861753555000000004e-01,4.957024055485256125e-03
1.861865313000000133e-01,4.956912286492187562e-03
1.862200548000000067e-01,4.956576998082230442e-03
1.862535721999999949e-01,4.956241737523274342e-03
1.863540881999999899e-01,4.955236122926347068e-03
1.864322298999999961e-01,4.954454151472662167e-03
1.864433903000000115e-01,4.954342453636428369e-03
1.864545501000000050e-01,4.954230758892972340e-03
1.864768676000000125e-01,4.954007378682991937e-03
1.864880254000000070e-01,4.953895693216653177e-03
1.865326496999999972e-01,4.953448982271515914e-03
1.865438040999999880e-01,4.953337312264794248e-03
1.866218664000000027e-01,4.952555708780127450e-03
1.867110404000000001e-01,4.951662633111359249e-03
1.867556113999999934e-01,4.951216169444345311e-03
1.868335852000000130e-01,4.950434976980108009e-03
1.868447216000000133e-01,4.950323390413589875e-03
1.868781270000000050e-01,4.949988649248167165e-03
1.869894350999999899e-01,4.948873046112061552e-03
1.870228146000000036e-01,4.948538425385721161e-03
1.870784339000000074e-01,4.947980785921501749e-03
1.871896228999999912e-01,4.946865738497197365e-03
1.872340799999999972e-01,4.946419805937995670e-03
1.872451927000000071e-01,4.946308330512342276e-03
1.872896366000000035e-01,4.945862459662075418e-03
1.873340699999999914e-01,4.945416638171774328e-03
1.873451765999999963e-01,4.945305190510757877e-03
1.875227942999999897e-01,4.943522447361133922e-03
1.875449847000000003e-01,4.943299659968175552e-03
1.876115401000000016e-01,4.942631371770768965e-03
1.876448089999999957e-01,4.942297269281862443e-03
1.876780718999999931e-01,4.941963194529159012e-03
1.876891582000000114e-01,4.941851842441440101e-03
1.877224133000000017e-01,4.941517804666404126e-03
1.877334971000000075e-01,4.941406464903863420e-03
1.877778253999999869e-01,4.940961136662284578e-03
1.878221432999999940e-01,4.940515857710694493e-03
1.878553748000000023e-01,4.940181930839596461e-03
1.878775259000000086e-01,4.939959328325391023e-03
1.879107476999999915e-01,4.939625447651680053e-03
1.879439635000000053e-01,4.939291594692619969e-03
1.879550342000000096e-01,4.939180316531393590e-03
1.880435759999999901e-01,4.938290202077964298e-03
1.880767684000000106e-01,4.937956459951416653e-03
1.880878311999999997e-01,4.937845218731909923e-03
1.881431356999999915e-01,4.937289058799922484e-03
1.882205345999999890e-01,4.936510564140491122e-03
1.882536958000000094e-01,4.936176969723850283e-03
1.883089514999999881e-01,4.935621040554850555e-03
1.883200006999999898e-01,4.935509863949064449e-03
1.883862823000000131e-01,4.934842868901166343e-03
1.884083709000000106e-01,4.934620561820764195e-03
1.884856608999999905e-01,4.933842583895441461e-03
1.885298123999999964e-01,4.933398092716989765e-03
1.885739535000000022e-01,4.932953650720175998e-03
1.885849871999999983e-01,4.932842547904938216e-03
1.886070525999999914e-01,4.932620351494484967e-03
1.886511757000000067e-01,4.932175995550651913e-03
1.887834830000000019e-01,4.930843222679860520e-03
1.888496018999999970e-01,4.930177002120737610e-03
1.888826526000000061e-01,4.929843933300754114e-03
1.889267112999999942e-01,4.929399884530088170e-03
1.889377244000000067e-01,4.929288880013506062e-03
1.889707596999999906e-01,4.928955884884158624e-03
1.890037893000000024e-01,4.928622917383955818e-03
1.890147979000000034e-01,4.928511934356610315e-03
1.890258058000000019e-01,4.928400954398682796e-03
1.891028433999999980e-01,4.927624180631200342e-03
1.891138461999999909e-01,4.927513225225724908e-03
1.891468507999999882e-01,4.927180377420682135e-03
1.892348349000000096e-01,4.926292918272551398e-03
1.892678184000000097e-01,4.925960171708780935e-03
1.892788116000000131e-01,4.925849262322179109e-03
1.893117874999999950e-01,4.925516552564715780e-03
1.894106805000000116e-01,4.924518588889938674e-03
1.894985421000000003e-01,4.923631718554081181e-03
1.895424575999999917e-01,4.923188356952901482e-03
1.896302582000000125e-01,4.922301780852553210e-03
1.896412303999999993e-01,4.922190972628779498e-03
1.896631729000000099e-01,4.921969365372843956e-03
1.897180179999999883e-01,4.921415400845331918e-03
1.897289852000000054e-01,4.921304617129942244e-03
1.897618828000000035e-01,4.920972284361317499e-03
1.897947747000000018e-01,4.920639979157728945e-03
1.898166994000000107e-01,4.920418457667719014e-03
1.898386216999999876e-01,4.920196948427134516e-03
1.898934161999999981e-01,4.919643228910092723e-03
1.899372404000000125e-01,4.919200308405667632e-03
1.899920063999999964e-01,4.918646726651178074e-03
1.900139083999999867e-01,4.918425315375085129e-03
1.900248585000000046e-01,4.918314614327973060e-03
1.900686524000000099e-01,4.917871840741960300e-03
1.901124362000000123e-01,4.917429116116226080e-03
1.901562099000000117e-01,4.916986440444264320e-03
1.901890336000000015e-01,4.916654465812644870e-03
1.901999735999999885e-01,4.916543813720140529e-03
1.902546639999999900e-01,4.915990599137507258e-03
1.903202717999999960e-01,4.915326842562668316e-03
1.903312041999999926e-01,4.915216227169409181e-03
1.904077136000000003e-01,4.914442005025883124e-03
1.904186409999999996e-01,4.914331414090983806e-03
1.904295678000000047e-01,4.914220826213237976e-03
1.904951152999999897e-01,4.913557363134169256e-03
1.905169594999999994e-01,4.913336233224906320e-03
1.905497210000000052e-01,4.913004561280476419e-03
1.906043111000000068e-01,4.912451835818685934e-03
1.906807108999999945e-01,4.911678148486894706e-03
1.906916227000000075e-01,4.911567633944051263e-03
1.907243542000000014e-01,4.911236108641170092e-03
1.907570802000000121e-01,4.910904610825378783e-03
1.907788943000000015e-01,4.910683627550429045e-03
1.908116109000000116e-01,4.910352175540064895e-03
1.908552242999999871e-01,4.909910282272108434e-03
1.909424211000000093e-01,4.909026642269842707e-03
1.909533179000000025e-01,4.908916201005124151e-03
1.909860046000000089e-01,4.908584895522872561e-03
1.910186856999999960e-01,4.908253617506269650e-03
1.910404699999999900e-01,4.908032780752569040e-03
1.911058079000000076e-01,4.907370343717975397e-03
1.911928904999999901e-01,4.906487265171758858e-03
1.912364169000000114e-01,4.906045799098436230e-03
1.912908110000000050e-01,4.905494035119259758e-03
1.913016879999999975e-01,4.905383691470889367e-03
1.913778093999999874e-01,4.904611371294708214e-03
1.914756353000000022e-01,4.903618607676307924e-03
1.915625497000000010e-01,4.902736358345963566e-03
1.915842721000000082e-01,4.902515826480625775e-03
1.915951324000000067e-01,4.902405565117465280e-03
1.916385674999999955e-01,4.901964550126407076e-03
1.916819926999999979e-01,4.901523583868630171e-03
1.917254080000000138e-01,4.901082666337916449e-03
1.917579631000000118e-01,4.900752010163341929e-03
1.917688136000000043e-01,4.900641797528202184e-03
1.918013613000000006e-01,4.900311177890219125e-03
1.918230566999999942e-01,4.900090780020218729e-03
1.918555952000000064e-01,4.899760206046147558e-03
1.918989712999999986e-01,4.899319483361344076e-03
1.919314968999999982e-01,4.898988973304406642e-03
1.919856940000000123e-01,4.898438184072307494e-03
1.920290406999999866e-01,4.897997607455711888e-03
1.920615442999999978e-01,4.897667206937897887e-03
1.920723776000000105e-01,4.897557079516153510e-03
1.921157048000000089e-01,4.897116600247321434e-03
1.921481936999999973e-01,4.896786272731711541e-03
1.921698498999999949e-01,4.896566069594406392e-03
1.922564505000000090e-01,4.895685378678685078e-03
1.922780946000000046e-01,4.895465236354271110e-03
1.922889157000000071e-01,4.895355169752159917e-03
1.923754625999999912e-01,4.894474746365283166e-03
1.924511593000000076e-01,4.893704535460020530e-03
1.925052100999999904e-01,4.893154475969906970e-03
1.925160184999999968e-01,4.893044473186359059e-03
1.925808558000000059e-01,4.892384520277012067e-03
1.926024634000000069e-01,4.892164560273408458e-03
1.926348702000000024e-01,4.891834643046019497e-03
1.927644430999999881e-01,4.890515247424642199e-03
1.928076146999999907e-01,4.890075546033185484e-03
1.928399870999999988e-01,4.889745801860131275e-03
1.928615656000000067e-01,4.889525987586373391e-03
1.928939289000000112e-01,4.889196288936328155e-03
1.929370715000000014e-01,4.888756733218454879e-03
1.929694221999999904e-01,4.888427098288324404e-03
1.930341071999999991e-01,4.887767910337745617e-03
1.930664415999999994e-01,4.887438357311969100e-03
1.931203202000000008e-01,4.886889162926022663e-03
1.931957250000000126e-01,4.886120418144613425e-03
1.932388002000000049e-01,4.885681202112687055e-03
1.932926308000000037e-01,4.885132250277729460e-03
1.933141587999999966e-01,4.884912690760268364e-03
1.933787285000000133e-01,4.884254084941111636e-03
1.934110052999999940e-01,4.883924822938919691e-03
1.934432766999999997e-01,4.883595588204798360e-03
1.934540325999999921e-01,4.883485849352420770e-03
1.934862968000000127e-01,4.883156650971691090e-03
1.935293073000000086e-01,4.882717762204141776e-03
1.935400585000000007e-01,4.882608047584429539e-03
1.935830571000000111e-01,4.882169219390216502e-03
1.936367920000000020e-01,4.881620752282006363e-03
1.936690256999999971e-01,4.881291708350580724e-03
1.937979070999999998e-01,4.879975805068993179e-03
1.938086434000000080e-01,4.879866166135313037e-03
1.938301141000000061e-01,4.879646897346480612e-03
1.938408484999999959e-01,4.879537267490812250e-03
1.938730483999999976e-01,4.879208396079551431e-03
1.938945119000000106e-01,4.878989163599936792e-03
1.939588884000000013e-01,4.878331538768060187e-03
1.939696156999999865e-01,4.878221945216707281e-03
1.940554130999999904e-01,4.877345305688527387e-03
1.940661351000000090e-01,4.877235739356292066e-03
1.941840380000000033e-01,4.876030709253007835e-03
1.942268940999999915e-01,4.875592607178242353e-03
1.943232856000000064e-01,4.874607054309371655e-03
1.943446994999999955e-01,4.874388075799978605e-03
1.943554054999999947e-01,4.874278591077080627e-03
1.943982237999999918e-01,4.873840682397244557e-03
1.944838319999999954e-01,4.872965010030562254e-03
1.944945304000000041e-01,4.872855564576036684e-03
1.945159254000000115e-01,4.872636682726577163e-03
1.945800963000000050e-01,4.871980109649405588e-03
1.946442459999999930e-01,4.871323645262236324e-03
1.946656244999999952e-01,4.871104847949469553e-03
1.946976878999999994e-01,4.870776674618246087e-03
1.947404309000000111e-01,4.870339152429516497e-03
1.947831644999999945e-01,4.869901678524215377e-03
1.948365683999999931e-01,4.869354904031670053e-03
1.948579257999999981e-01,4.869136215353144642e-03
1.948686037000000038e-01,4.869026875539039963e-03
1.949540053000000106e-01,4.868152265612687817e-03
1.949966921000000075e-01,4.867715033031298939e-03
1.950287011000000070e-01,4.867387140257033347e-03
1.950927033000000033e-01,4.866731436113339027e-03
1.951673459999999916e-01,4.865966585104550095e-03
1.952099861999999908e-01,4.865529593691638767e-03
1.952419602000000087e-01,4.865201881773318845e-03
1.952526169999999894e-01,4.865092650493644741e-03
1.952632733000000120e-01,4.864983422227145415e-03
1.953378507999999902e-01,4.864218908718254304e-03
1.953698038999999997e-01,4.863891305257837631e-03
1.953804537000000119e-01,4.863782110128367885e-03
1.954336943999999965e-01,4.863236179657887473e-03
1.954656318000000115e-01,4.862908657513151552e-03
1.955401321000000137e-01,4.862144544560025212e-03
1.955507726999999862e-01,4.862035397609255211e-03
1.955933293000000073e-01,4.861598839908671220e-03
1.956039669000000092e-01,4.861489708008404596e-03
1.956358766000000082e-01,4.861162330367248784e-03
1.957634629999999987e-01,4.859853090636471334e-03
1.958378500000000078e-01,4.859089567529581086e-03
1.958484744000000000e-01,4.858980504831742105e-03
1.958803442000000006e-01,4.858653334783634946e-03
1.958909662999999968e-01,4.858544284115653977e-03
1.959228292000000093e-01,4.858217150155125057e-03
1.959334490000000095e-01,4.858108111515531922e-03
1.960077715000000109e-01,4.857344925225261408e-03
1.960502288000000037e-01,4.856908884911689123e-03
1.961032876000000091e-01,4.856363902149416628e-03
1.961138976000000034e-01,4.856254914613265285e-03
1.961457242999999906e-01,4.855927970035811558e-03
1.961775457999999916e-01,4.855601052502531156e-03
1.961987571999999902e-01,4.855383122503565026e-03
1.962199664000000010e-01,4.855165204522413590e-03
1.962623777999999986e-01,4.854729404610323880e-03
1.962729793000000111e-01,4.854620462142331810e-03
1.963577700999999953e-01,4.853749030524346156e-03
1.963683663999999940e-01,4.853640115086666103e-03
1.964531160000000110e-01,4.852768899680233450e-03
1.964848876999999994e-01,4.852442243440500610e-03
1.965166543000000099e-01,4.852115614217345115e-03
1.965272419999999909e-01,4.852006743812717002e-03
1.966225058000000137e-01,4.851027045225247102e-03
1.966542501000000109e-01,4.850700533043162885e-03
1.966965679000000078e-01,4.850265225470454244e-03
1.967071458999999911e-01,4.850156406077384824e-03
1.967811761999999909e-01,4.849394754314276766e-03
1.968763171000000034e-01,4.848415703694225302e-03
1.968974531999999888e-01,4.848198169873002561e-03
1.969397187999999965e-01,4.847763138206846734e-03
1.969925378999999865e-01,4.847219416070928412e-03
1.970664609999999983e-01,4.846458330960519943e-03
1.970770192000000087e-01,4.846349616503085357e-03
1.971192461999999868e-01,4.845914788636235954e-03
1.971614641999999973e-01,4.845480008706314415e-03
1.971931218000000097e-01,4.845153955213557170e-03
1.972142239999999935e-01,4.844936601195373206e-03
1.972458730999999965e-01,4.844610592631514237e-03
1.973618762999999887e-01,4.843415458484061700e-03
1.974040424000000071e-01,4.842980954070144270e-03
1.974145824999999910e-01,4.842872335450481430e-03
1.974672747000000006e-01,4.842329287250668815e-03
1.975304867000000075e-01,4.841677728174161553e-03
1.975410200999999921e-01,4.841569145468348732e-03
1.975515529000000103e-01,4.841460565754577422e-03
1.976252668000000046e-01,4.840700591532080994e-03
1.976357951000000113e-01,4.840592035752375351e-03
1.976673767000000081e-01,4.840266386361201899e-03
1.977410474999999890e-01,4.839506642463250498e-03
1.977515696000000101e-01,4.839398119582886092e-03
1.978777918000000080e-01,4.838096078231872432e-03
1.978883066999999885e-01,4.837987594217480099e-03
1.979093348000000030e-01,4.837770635155619857e-03
1.979198480000000093e-01,4.837662160107950721e-03
1.979724056000000121e-01,4.837119829698720286e-03
1.980039335000000067e-01,4.836794467313007898e-03
1.980459629000000110e-01,4.836360692629621677e-03
1.980774791000000090e-01,4.836035392987025547e-03
1.981299948999999949e-01,4.835493286660228276e-03
1.981404964000000046e-01,4.835384874355717032e-03
1.981719976000000105e-01,4.835059655362105788e-03
1.982139913000000031e-01,4.834626071846504294e-03
1.982244884000000096e-01,4.834517683433130382e-03
1.982559761999999892e-01,4.834192536107792017e-03
1.982874589999999992e-01,4.833867415653412235e-03
1.983818773999999896e-01,4.832892215489468374e-03
1.983923656000000091e-01,4.832783874839455436e-03
1.984238268000000083e-01,4.832458870795706789e-03
1.984762509000000119e-01,4.831917257070241639e-03
1.985076987999999931e-01,4.831592324639643297e-03
1.985391417000000047e-01,4.831267419059008181e-03
1.985496216000000036e-01,4.831159123165139346e-03
1.985915353999999911e-01,4.830725969418098002e-03
1.987067530000000137e-01,4.829535042658550555e-03
1.987276944999999961e-01,4.829318549284158067e-03
1.988009722999999895e-01,4.828560916380793266e-03
1.988846853000000026e-01,4.827695229043549655e-03
1.988951469999999944e-01,4.827587031537070202e-03
1.989160685999999956e-01,4.827370645463179531e-03
1.989265286000000132e-01,4.827262456895661628e-03
1.989579052999999875e-01,4.826937909070114219e-03
1.990520057000000065e-01,4.825964426461455854e-03
1.990624585000000113e-01,4.825856276620257845e-03
1.990833626000000078e-01,4.825639985872711216e-03
1.991356132000000057e-01,4.825099311118513125e-03
1.991460616000000072e-01,4.824991185100699354e-03
1.991774037000000053e-01,4.824666824912437861e-03
1.992087408999999865e-01,4.824342491519187891e-03
1.992505160999999969e-01,4.823910088671320984e-03
1.992922826000000092e-01,4.823477733448429221e-03
1.993444783999999970e-01,4.822937356382858351e-03
1.993862251999999891e-01,4.822505108293426677e-03
1.993966604999999892e-01,4.822397053709578420e-03
1.994175294999999959e-01,4.822180953467411491e-03
1.995114131000000068e-01,4.821208649630268420e-03
1.995844031000000018e-01,4.820452579869126050e-03
1.996365224999999965e-01,4.819912619246344287e-03
1.996469448000000035e-01,4.819804636041293000e-03
1.997303031999999867e-01,4.818940877417648809e-03
1.998032133000000043e-01,4.818185244661737053e-03
1.998136268000000049e-01,4.818077309011813136e-03
1.998865065000000052e-01,4.817321842656452704e-03
1.998969157000000108e-01,4.817213930775098366e-03
1.999177325000000005e-01,4.816998115924028476e-03
1.999281401000000125e-01,4.816890212954328537e-03
1.999593595999999973e-01,4.816566521866556469e-03
1.999801699000000044e-01,4.816350742658593101e-03
2.000113813000000129e-01,4.816027096120275436e-03
2.000425878000000046e-01,4.815703476308195313e-03
2.000841888999999874e-01,4.815272024795089374e-03
2.000945879000000094e-01,4.815164169339469780e-03
2.001465743999999991e-01,4.814624936590961024e-03
2.001777597999999936e-01,4.814301432562521389e-03
2.002297248000000085e-01,4.813762318541996675e-03
2.002920649000000108e-01,4.813115479646196647e-03
2.003855387000000043e-01,4.812145421568882545e-03
2.003959220000000041e-01,4.812037652170039238e-03
2.004270686999999884e-01,4.811714361769556941e-03
2.004685900000000021e-01,4.811283349422519964e-03
2.005101026999999980e-01,4.810852384521646305e-03
2.005516069000000123e-01,4.810421467060847951e-03
2.005827293000000122e-01,4.810098310093894637e-03
2.006345894000000074e-01,4.809559774434968120e-03
2.006760676999999882e-01,4.809128999257538013e-03
2.007071709000000093e-01,4.808805948991612053e-03
2.007486343000000062e-01,4.808375256787912264e-03
2.007589988000000047e-01,4.808267591144169822e-03
2.008004515000000045e-01,4.807836958195746066e-03
2.008833311999999871e-01,4.806975834485104938e-03
2.008936887999999976e-01,4.806868207349376115e-03
2.009144022999999890e-01,4.806652961962227556e-03
2.009247581999999976e-01,4.806545343710571898e-03
2.009558228999999974e-01,4.806222506722610671e-03
2.011317653999999955e-01,4.804393600404159234e-03
2.011421102000000016e-01,4.804286044317813802e-03
2.011731412999999968e-01,4.803963393813368704e-03
2.012558674999999908e-01,4.803103122653658470e-03
2.012868810000000008e-01,4.802780569780901697e-03
2.013075541000000079e-01,4.802565549322053082e-03
2.013798931000000125e-01,4.801813070877819500e-03
2.014108874999999965e-01,4.801490624472925899e-03
2.014212180000000130e-01,4.801383148251864123e-03
2.014728621999999914e-01,4.800845811492890879e-03
2.015348177000000074e-01,4.800201104934472170e-03
2.015761108999999940e-01,4.799771359675518954e-03
2.016277153999999905e-01,4.799234244593136856e-03
2.016380346999999962e-01,4.799126830441194889e-03
2.016689895000000066e-01,4.798804605713124019e-03
2.017205703000000128e-01,4.798267623585635543e-03
2.017515123999999993e-01,4.797945469756401821e-03
2.018649262999999972e-01,4.796764466457230716e-03
2.019164569999999936e-01,4.796227764885753822e-03
2.019473690999999960e-01,4.795905779368566692e-03
2.019576721000000130e-01,4.795798456766541679e-03
2.019679745000000082e-01,4.795691137116236263e-03
2.019988788000000035e-01,4.795369195874806673e-03
2.020297782000000097e-01,4.795047281195076103e-03
2.020400770000000124e-01,4.794939982203988080e-03
2.020503753000000013e-01,4.794832686164043727e-03
2.021224483999999877e-01,4.794081696502167957e-03
2.021327424999999900e-01,4.793974424066508797e-03
2.022150761000000019e-01,4.793116350774794671e-03
2.022459424999999977e-01,4.792794621956963756e-03
2.022768043000000016e-01,4.792472919680996167e-03
2.022870904999999886e-01,4.792365691486508497e-03
2.023282301000000061e-01,4.791936808194665817e-03
2.023693612999999947e-01,4.791507972075668628e-03
2.024618760000000128e-01,4.790543263251770614e-03
2.025338026999999874e-01,4.789793099205915707e-03
2.025646205999999949e-01,4.789471644527031578e-03
2.026057038000000088e-01,4.789043079533742212e-03
2.026159733000000018e-01,4.788935945649983039e-03
2.026262423000000090e-01,4.788828814711921372e-03
2.026878453000000024e-01,4.788186090936950509e-03
2.026981106000000088e-01,4.788078980615652347e-03
2.027083755000000098e-01,4.787971873239454078e-03
2.027802146999999888e-01,4.787222204054510967e-03
2.027904752999999949e-01,4.787115120233730731e-03
2.028930535000000035e-01,4.786044443935096732e-03
2.029033084000000098e-01,4.785937392493688249e-03
2.029340702000000107e-01,4.785616255827617252e-03
2.029545755000000118e-01,4.785402179430667605e-03
2.029853295000000057e-01,4.785081086903680489e-03
2.030570707000000086e-01,4.784331973982016740e-03
2.031185430000000125e-01,4.783689991915148799e-03
2.032004772000000070e-01,4.782834180519529577e-03
2.032311940000000039e-01,4.782513299763264947e-03
2.032619061000000005e-01,4.782192445466668107e-03
2.032721425000000026e-01,4.782085499914145825e-03
2.033642465000000121e-01,4.781123122211219413e-03
2.033949385000000110e-01,4.780802382544642459e-03
2.034358541000000076e-01,4.780374770794050543e-03
2.034460817000000032e-01,4.780267875201910446e-03
2.034767614000000113e-01,4.779947206053001586e-03
2.035176605000000027e-01,4.779519688315523804e-03
2.036096534000000069e-01,4.778557945231426234e-03
2.036403083999999974e-01,4.778237417063561920e-03
2.036913899999999999e-01,4.777703262173800362e-03
2.037118189999999884e-01,4.777489620768735241e-03
2.037220326999999997e-01,4.777382804469496383e-03
2.038037242999999887e-01,4.776528379744919041e-03
2.038445577000000120e-01,4.776101237818265559e-03
2.038547648000000045e-01,4.775994459672733457e-03
2.039159966999999907e-01,4.775353852415269856e-03
2.039670091000000129e-01,4.774820093710608650e-03
2.039976105000000095e-01,4.774499873687125875e-03
2.040078099000000034e-01,4.774393139545175802e-03
2.040384051999999948e-01,4.774072954716102914e-03
2.040893870999999915e-01,4.773539371983872778e-03
2.041607403000000043e-01,4.772792479303024013e-03
2.041811223999999980e-01,4.772579107778510826e-03
2.042524434999999916e-01,4.771832399770726228e-03
2.042626302999999977e-01,4.771725738921303583e-03
2.043441055999999922e-01,4.770872557614391080e-03
2.043644693999999984e-01,4.770659291586799855e-03
2.043746505000000047e-01,4.770552662967357180e-03
2.044255486000000066e-01,4.770019563809982550e-03
2.044560813000000088e-01,4.769699739463706054e-03
2.044866094999999995e-01,4.769379941475873630e-03
2.044967845000000006e-01,4.769273348003338908e-03
2.045374795999999884e-01,4.768847003396136340e-03
2.045781665999999999e-01,4.768420705635673801e-03
2.046188455000000073e-01,4.767994454716349001e-03
2.046493494000000135e-01,4.767674797262646050e-03
2.047001790999999904e-01,4.767142093376715468e-03
2.048221189999999969e-01,4.765863902524513848e-03
2.048322773000000041e-01,4.765757405636867651e-03
2.048525925999999941e-01,4.765544420637317542e-03
2.048627494999999965e-01,4.765437932525076227e-03
2.048932169999999886e-01,4.765118485737456812e-03
2.049135262000000013e-01,4.764905535835898057e-03
2.049439862000000112e-01,4.764586132916763007e-03
2.050150420000000084e-01,4.763840961781026437e-03
2.051570798000000029e-01,4.762351049236148749e-03
2.051773628000000127e-01,4.762138251348128903e-03
2.052280618000000001e-01,4.761606307762606891e-03
2.052686119000000087e-01,4.761180805482662613e-03
2.053192883000000135e-01,4.760648993358857980e-03
2.053395553000000040e-01,4.760436288954911048e-03
2.053496881000000107e-01,4.760329941133776589e-03
2.054003444999999983e-01,4.759798245833110793e-03
2.054307323000000018e-01,4.759479263693021031e-03
2.054611157000000021e-01,4.759160307830124365e-03
2.054712424000000037e-01,4.759053995048060509e-03
2.055623609999999990e-01,4.758097311367899540e-03
2.056332030999999949e-01,4.757353387498984912e-03
2.056433213999999954e-01,4.757247124332446286e-03
2.057141355999999865e-01,4.756503363858658948e-03
2.057242499999999974e-01,4.756397124031658957e-03
2.057950363000000116e-01,4.755653526911021202e-03
2.058253659000000013e-01,4.755334886177620818e-03
2.058354746999999929e-01,4.755228678431852596e-03
2.059466395000000005e-01,4.754060585662153379e-03
2.059567424000000035e-01,4.753954412901622087e-03
2.059870480999999864e-01,4.753635912108816405e-03
2.060375477999999982e-01,4.753105135744073624e-03
2.060476461999999898e-01,4.752998989213623807e-03
2.060779386000000102e-01,4.752680567106252162e-03
2.061284160000000087e-01,4.752149921866610609e-03
2.061889725999999923e-01,4.751513243715006253e-03
2.061990636000000099e-01,4.751407140884528028e-03
2.062797741000000074e-01,4.750558423086962377e-03
2.062898606999999940e-01,4.750452346466434161e-03
2.063100324000000096e-01,4.750240201960772082e-03
2.063201175000000109e-01,4.750134134075268723e-03
2.064007806000000000e-01,4.749285695796179145e-03
2.064310212000000089e-01,4.748967579471059450e-03
2.064511790999999929e-01,4.748755516473247319e-03
2.064713350000000058e-01,4.748543465116540803e-03
2.065217162999999911e-01,4.748013387649293454e-03
2.065317911000000006e-01,4.747907380884988475e-03
2.065620123999999946e-01,4.747589378048743328e-03
2.065922293999999937e-01,4.747271401395546965e-03
2.066828537000000021e-01,4.746317628509238475e-03
2.067633754000000046e-01,4.745470028141839450e-03
2.068338060999999894e-01,4.744728530458396099e-03
2.068539246999999970e-01,4.744516700139167834e-03
2.068840989999999880e-01,4.744198976459152936e-03
2.069243245999999870e-01,4.743775385572802407e-03
2.070449544000000086e-01,4.742504891853928199e-03
2.070851486999999991e-01,4.742081486907902439e-03
2.070951960999999897e-01,4.741975642932647061e-03
2.071253352999999908e-01,4.741658128432131407e-03
2.071554700000000082e-01,4.741340640067558988e-03
2.071655139999999951e-01,4.741234816420380506e-03
2.072458480999999908e-01,4.740388331765837786e-03
2.072558875999999939e-01,4.740282534247899568e-03
2.072759653000000035e-01,4.740070947920668049e-03
2.073361867000000081e-01,4.739436258598695058e-03
2.073662907999999916e-01,4.739118953116708451e-03
2.074064228999999981e-01,4.738695919765554751e-03
2.074866636999999903e-01,4.737849992324474034e-03
2.076069667000000063e-01,4.736581449228115769e-03
2.076470522999999957e-01,4.736158694323087601e-03
2.077171832999999967e-01,4.735418984853951782e-03
2.077272001000000090e-01,4.735313323667523014e-03
2.077372164000000077e-01,4.735207665379452015e-03
2.077572476000000001e-01,4.734996357498436233e-03
2.077973040999999965e-01,4.734573776513554579e-03
2.078073169999999914e-01,4.734468138511844712e-03
2.078173295000000087e-01,4.734362503408212457e-03
2.078974117000000066e-01,4.733517526883532049e-03
2.079174273999999933e-01,4.733306311722642115e-03
2.079774630000000013e-01,4.732672735757722376e-03
2.080074742999999948e-01,4.732355986874088247e-03
2.080374812999999934e-01,4.732039264053126103e-03
2.080774838999999987e-01,4.731617007495886318e-03
2.080874832999999868e-01,4.731511450594707256e-03
2.081174788000000053e-01,4.731194797261638850e-03
2.081674615999999922e-01,4.730667099601721000e-03
2.082174324000000132e-01,4.730139474300821233e-03
2.082374174000000133e-01,4.729928444438293890e-03
2.082474091000000027e-01,4.729822933847603258e-03
2.082973607999999976e-01,4.729295424296836060e-03
2.083273260000000071e-01,4.728978953284869446e-03
2.083672729000000112e-01,4.728557032435504355e-03
2.083972280999999982e-01,4.728240622170183302e-03
2.084371616000000038e-01,4.727818782307000381e-03
2.084471438000000121e-01,4.727713329571080203e-03
2.084870678000000088e-01,4.727291547544280534e-03
2.085170057999999882e-01,4.726975241384155299e-03
2.085668927999999867e-01,4.726448122271325290e-03
2.086067939000000038e-01,4.726026479013658091e-03
2.086965433000000092e-01,4.725077950756274327e-03
2.087164823999999863e-01,4.724867198485266200e-03
2.087264513000000044e-01,4.724761826683985221e-03
2.087762883000000014e-01,4.724235011012355330e-03
2.088061847999999887e-01,4.723918956274521068e-03
2.088759266000000114e-01,4.723181596310576345e-03
2.088858878000000030e-01,4.723076270724776461e-03
2.089257278999999967e-01,4.722654997257571402e-03
2.089356867999999923e-01,4.722549686109341581e-03
2.089954299000000015e-01,4.721917879848503904e-03
2.090153405000000075e-01,4.721707300855896954e-03
2.090452027999999962e-01,4.721391454015542305e-03
2.090750607999999899e-01,4.721075633150934384e-03
2.091546613999999971e-01,4.720233571153652045e-03
2.091646092999999984e-01,4.720128326388376046e-03
2.092043963999999923e-01,4.719707376177389654e-03
2.092541195000000021e-01,4.719181253319375269e-03
2.092839478000000086e-01,4.718865614216759090e-03
2.093237121000000034e-01,4.718444802455282368e-03
2.093336520000000089e-01,4.718339606724309895e-03
2.093535303999999875e-01,4.718129223912812496e-03
2.094032181999999909e-01,4.717603317341159327e-03
2.094926263999999927e-01,4.716656867126289669e-03
2.095124896999999986e-01,4.716446576561297843e-03
2.095621397999999913e-01,4.715920900580564297e-03
2.096514802999999982e-01,4.714974865336264698e-03
2.096812520000000124e-01,4.714659572108789547e-03
2.097110194000000039e-01,4.714344304804039300e-03
2.097606224999999935e-01,4.713818916895607010e-03
2.097903787000000020e-01,4.713503718706100673e-03
2.098300471000000000e-01,4.713083494763357743e-03
2.098796219999999879e-01,4.712558279609908515e-03
2.099192735000000032e-01,4.712138159300226052e-03
2.099688274000000021e-01,4.711613073669683981e-03
2.099985541000000122e-01,4.711298056823751482e-03
2.100282766000000079e-01,4.710983065873979199e-03
2.100381832000000060e-01,4.710878074645057437e-03
2.101174188000000109e-01,4.710038248377485838e-03
2.101273211999999946e-01,4.709933283038343979e-03
2.101570255000000109e-01,4.709618404277048087e-03
2.102065233000000033e-01,4.709093663858207254e-03
2.102758006999999874e-01,4.708359148037526316e-03
2.103054839999999870e-01,4.708044398666476338e-03
2.103153775000000114e-01,4.707939487958562839e-03
2.103648379999999984e-01,4.707414977533659096e-03
2.104439506999999931e-01,4.706575910295023556e-03
2.104736103000000025e-01,4.706261307491300429e-03
2.105823263999999917e-01,4.705107985075702472e-03
2.105922068999999952e-01,4.705003154816844377e-03
2.106020869000000129e-01,4.704898327429647524e-03
2.106218455999999961e-01,4.704688681270842096e-03
2.106811104999999906e-01,4.704059811708979563e-03
2.107502319000000013e-01,4.703326261183389013e-03
2.107601044999999895e-01,4.703221479733407130e-03
2.107798483999999972e-01,4.703011925444256815e-03
2.108390689000000096e-01,4.702383331456129988e-03
2.108686728999999982e-01,4.702069073202145427e-03
2.109180036999999952e-01,4.701545366829966259e-03
2.109475966000000091e-01,4.701231177433090949e-03
2.110264907999999939e-01,4.700393465250689295e-03
2.110659267999999977e-01,4.699974677989738128e-03
2.110757846999999909e-01,4.699869988343432885e-03
2.110954989999999920e-01,4.699660617652584929e-03
2.111053555000000082e-01,4.699555936607831448e-03
2.112925411999999892e-01,4.697567541399490926e-03
2.113023884999999935e-01,4.697462917678975683e-03
2.113122353000000120e-01,4.697358296823645959e-03
2.113417730999999911e-01,4.697044451448408216e-03
2.113811502999999870e-01,4.696626031055519020e-03
2.115385858000000119e-01,4.694952807746855146e-03
2.115680920000000131e-01,4.694639159984842665e-03
2.116074270999999951e-01,4.694221003046693264e-03
2.116270919000000084e-01,4.694011941752361528e-03
2.116565857000000106e-01,4.693698371277415550e-03
2.116860752999999984e-01,4.693384826559849309e-03
2.116959042999999874e-01,4.693280317377546314e-03
2.117253885000000002e-01,4.692966806999518230e-03
2.117745196999999968e-01,4.692444346927711861e-03
2.117843446000000074e-01,4.692339863496252164e-03
2.118138165000000017e-01,4.692026430366173437e-03
2.118432842999999899e-01,4.691713022980261057e-03
2.118629271999999952e-01,4.691504099024310440e-03
2.118923880999999954e-01,4.691190734540008275e-03
2.120396314999999920e-01,4.689624298136236928e-03
2.120494441000000119e-01,4.689519891913126320e-03
2.120886898999999881e-01,4.689102295602558604e-03
2.121573525999999876e-01,4.688371612085307991e-03
2.121671598000000047e-01,4.688267240155709857e-03
2.121769665000000082e-01,4.688162871083253330e-03
2.121965785000000104e-01,4.687954141509281976e-03
2.122456006000000006e-01,4.687432367569016947e-03
2.122554037000000116e-01,4.687328021350746846e-03
2.122848102000000070e-01,4.687014999833835280e-03
2.123142125999999963e-01,4.686702004021518417e-03
2.123338119000000024e-01,4.686493354425931221e-03
2.123632075000000119e-01,4.686180401449801212e-03
2.124023953999999992e-01,4.685763170789529128e-03
2.124415759999999931e-01,4.685345985809331350e-03
2.125101246999999971e-01,4.684616021993753127e-03
2.125199154999999895e-01,4.684511752865365246e-03
2.125688631000000051e-01,4.683990450030491026e-03
2.125982261999999900e-01,4.683677702571529405e-03
2.126373706999999946e-01,4.683260745903648596e-03
2.127254195999999931e-01,4.682322760281788961e-03
2.127547610999999950e-01,4.682010149746879298e-03
2.127840984999999907e-01,4.681697564877311014e-03
2.128036546000000029e-01,4.681489189221853947e-03
2.128623119999999980e-01,4.680864130682371033e-03
2.128720866999999906e-01,4.680759964237393538e-03
2.128818608999999973e-01,4.680655800642685542e-03
2.129502678000000093e-01,4.679926735290450106e-03
2.129600385000000040e-01,4.679822594497699481e-03
2.129795784000000081e-01,4.679614321461384764e-03
2.130674858000000116e-01,4.678677233843487118e-03
2.131358331000000050e-01,4.677948547454568139e-03
2.131455952999999903e-01,4.677844460792750757e-03
2.132724621000000043e-01,4.676491593326466585e-03
2.133017284000000013e-01,4.676179461474774986e-03
2.133407438000000100e-01,4.675763325524543400e-03
2.134285025000000058e-01,4.674827186134144878e-03
2.134577473000000003e-01,4.674515190891647722e-03
2.134869882000000052e-01,4.674203221255771555e-03
2.134967342000000101e-01,4.674099237066908774e-03
2.135064798999999902e-01,4.673995255723186783e-03
2.135357139999999876e-01,4.673683328759024001e-03
2.135649441999999953e-01,4.673371427395126183e-03
2.135746866999999882e-01,4.673267465962236723e-03
2.136039116000000015e-01,4.672955598727857561e-03
2.136623492999999985e-01,4.672331941038982903e-03
2.136915621000000098e-01,4.672020150579625844e-03
2.137597099000000112e-01,4.671292739008281285e-03
2.137986417999999944e-01,4.670877137787117148e-03
2.138083735999999901e-01,4.670773244586774904e-03
2.138862125000000058e-01,4.669942201286221908e-03
2.139153947999999916e-01,4.669630606930308230e-03
2.139737473999999973e-01,4.669007494920132846e-03
2.140418054000000070e-01,4.668280660142896422e-03
2.140709664000000068e-01,4.667969202121497602e-03
2.141098416999999976e-01,4.667553964511899668e-03
2.141875709999999933e-01,4.666723625562335664e-03
2.141972852000000038e-01,4.666619845967229750e-03
2.142069989000000008e-01,4.666516069210216444e-03
2.142361375000000068e-01,4.666204755968339328e-03
2.142846929999999983e-01,4.665685957322042964e-03
2.143526521999999934e-01,4.664959758387626776e-03
2.143623588999999940e-01,4.664856027030747643e-03
2.143914764000000028e-01,4.664544849980107634e-03
2.144205899000000137e-01,4.664233698457371201e-03
2.144399966999999962e-01,4.664026278289977803e-03
2.145079067000000006e-01,4.663300397033435206e-03
2.145467027999999887e-01,4.662885670123949680e-03
2.145854918000000000e-01,4.662470988574668462e-03
2.146242738999999955e-01,4.662056352379814923e-03
2.146533558000000008e-01,4.661745404993617760e-03
2.146727415999999944e-01,4.661538120906539781e-03
2.147308883999999862e-01,4.660916336654287971e-03
2.148180791000000034e-01,4.659983851516401147e-03
2.148277647000000068e-01,4.659880256220168271e-03
2.148568191000000127e-01,4.659569487325450517e-03
2.148955522000000062e-01,4.659155168448467742e-03
2.149342783000000034e-01,4.658740894879428128e-03
2.149729974000000043e-01,4.658326666612479586e-03
2.149826760999999919e-01,4.658223116623463021e-03
2.150020321999999984e-01,4.658016025138513733e-03
2.150504146999999977e-01,4.657498345962175074e-03
2.150600899000000010e-01,4.657394818618172845e-03
2.150891128999999902e-01,4.657084253567115792e-03
2.151664885000000027e-01,4.656256204608524678e-03
2.152438362000000105e-01,4.655428336719774976e-03
2.152921644000000134e-01,4.654911011218394561e-03
2.153114925999999874e-01,4.654704100814757543e-03
2.153211560999999941e-01,4.654600649854931209e-03
2.153694670000000089e-01,4.654083437469886536e-03
2.153984482999999894e-01,4.653773143967599064e-03
2.154274257000000081e-01,4.653462875908663011e-03
2.154660562000000057e-01,4.653049224737896943e-03
2.155143344999999877e-01,4.652532224368273114e-03
2.155239888999999909e-01,4.652428832772535078e-03
2.155819060999999981e-01,4.651808542539041802e-03
2.155915575000000028e-01,4.651705170722685891e-03
2.156012083999999940e-01,4.651601801731539663e-03
2.156301585000000021e-01,4.651291711708558513e-03
2.156687526999999938e-01,4.650878297892732834e-03
2.157459203000000048e-01,4.650051605832677959e-03
2.157748510999999980e-01,4.649741642905452603e-03
2.158327009000000074e-01,4.649121793283885612e-03
2.158616201000000123e-01,4.648811906584985124e-03
2.159290829000000134e-01,4.648088936411362386e-03
2.160157899000000048e-01,4.647159606517723730e-03
2.160446845000000005e-01,4.646849880672663906e-03
2.160928336000000061e-01,4.646333727350256300e-03
2.161313451999999913e-01,4.645920855463186831e-03
2.162179710999999893e-01,4.644992058689969248e-03
2.162372166000000040e-01,4.644785690422722699e-03
2.162468386999999992e-01,4.644682510517900327e-03
2.162757023999999917e-01,4.644372987717896965e-03
2.162853228000000128e-01,4.644269819089118928e-03
2.163238000999999910e-01,4.643857172760559697e-03
2.163718870000000127e-01,4.643341428263158925e-03
2.163911188000000041e-01,4.643135150190556663e-03
2.164391907999999864e-01,4.642619504318436577e-03
2.164488039999999947e-01,4.642516383596630332e-03
2.164776408000000096e-01,4.642207038333318048e-03
2.165449117000000090e-01,4.641485331309015694e-03
2.165833429000000032e-01,4.641072989256334394e-03
2.165929496000000010e-01,4.640969910783463402e-03
2.166697880000000020e-01,4.640145384363935678e-03
2.166793908999999907e-01,4.640042331230823623e-03
2.167081969999999913e-01,4.639733188721131656e-03
2.167561987000000134e-01,4.639218007500284756e-03
2.168137867000000107e-01,4.638599882908075837e-03
2.168521701999999995e-01,4.638187856124261974e-03
2.168905469000000086e-01,4.637775874355831024e-03
2.169097326999999964e-01,4.637569900350700484e-03
2.169864589999999926e-01,4.636746116839583765e-03
2.170152243000000036e-01,4.636437244426712574e-03
2.170535721999999890e-01,4.636025453909966253e-03
2.170631580999999866e-01,4.635922513309836263e-03
2.171302475999999926e-01,4.635202007825982642e-03
2.171589939999999941e-01,4.634893261926378329e-03
2.171973164000000067e-01,4.634481640074360892e-03
2.172164752000000087e-01,4.634275846010361792e-03
2.172739411000000065e-01,4.633658531256364121e-03
2.172835173000000064e-01,4.633555655297796200e-03
2.173122433999999936e-01,4.633247044278772549e-03
2.173218178999999917e-01,4.633144179557354726e-03
2.173601115999999889e-01,4.632732748761783127e-03
2.173983986999999951e-01,4.632321362905699423e-03
2.174749525000000128e-01,4.631498725988702700e-03
2.175036532999999883e-01,4.631190283473373553e-03
2.175132193000000047e-01,4.631087474916274586e-03
2.175992951000000064e-01,4.630162324220749373e-03
2.176184184000000132e-01,4.629956766050604203e-03
2.176757782000000030e-01,4.629340158888598476e-03
2.177331230000000006e-01,4.628723652734115408e-03
2.177426789999999945e-01,4.628620911527173143e-03
2.178191117999999926e-01,4.627799082848630882e-03
2.178286640000000052e-01,4.627696366884604014e-03
2.178573182000000108e-01,4.627388235818199677e-03
2.179241631999999929e-01,4.626669361467726331e-03
2.179337108000000134e-01,4.626566676346355149e-03
2.179718971000000061e-01,4.626155963893512600e-03
2.180482495000000132e-01,4.625334673525151492e-03
2.180577917000000032e-01,4.625232024840307717e-03
2.180768747999999868e-01,4.625026735876971301e-03
2.181150360000000121e-01,4.624616191573649969e-03
2.181341140999999983e-01,4.624410936232350132e-03
2.181627281999999890e-01,4.624103074231185502e-03
2.182008742999999862e-01,4.623692630778913903e-03
2.182294795999999981e-01,4.623384827599020044e-03
2.182771467000000076e-01,4.622871878309307847e-03
2.182866789000000030e-01,4.622769296852252512e-03
2.183152728999999959e-01,4.622461569280505132e-03
2.183629213000000124e-01,4.621948745988624027e-03
2.183915053000000106e-01,4.621641085606018919e-03
2.184200856000000079e-01,4.621333450415019556e-03
2.184296115999999899e-01,4.621230910949065789e-03
2.184391371000000137e-01,4.621128374281679822e-03
2.185153263000000068e-01,4.620308181685741158e-03
2.185914888999999917e-01,4.619488168155203023e-03
2.186200430999999944e-01,4.619180709237301341e-03
2.186581095000000030e-01,4.618770803169762809e-03
2.186866548999999993e-01,4.618463402983078066e-03
2.186961692999999929e-01,4.618360941847069259e-03
2.187342224000000113e-01,4.617951125263566360e-03
2.187437346999999976e-01,4.617848678107557003e-03
2.188483421999999901e-01,4.616721943891726777e-03
2.188863688999999890e-01,4.616312306208279238e-03
2.189528997000000088e-01,4.615595547843870210e-03
2.189624024000000058e-01,4.615493164967621187e-03
2.190004093000000041e-01,4.615083661399163595e-03
2.190479086000000075e-01,4.614571844788288406e-03
2.191238862000000065e-01,4.613753083437770533e-03
2.191428763999999918e-01,4.613548421023636395e-03
2.191903449000000004e-01,4.613036813847528478e-03
2.192283121999999973e-01,4.612627578355182542e-03
2.192567834999999965e-01,4.612320681044540689e-03
2.192757622000000017e-01,4.612116096791920271e-03
2.193326885999999920e-01,4.611502411010242296e-03
2.193801159999999861e-01,4.610991082924614272e-03
2.194275330999999885e-01,4.610479824583663296e-03
2.195318148000000025e-01,4.609355301681069758e-03
2.195602466000000086e-01,4.609048672177377265e-03
2.195981499999999920e-01,4.608639871872240515e-03
2.196455200999999913e-01,4.608128934214461396e-03
2.196834088000000074e-01,4.607720234260377634e-03
2.197118210000000016e-01,4.607413738558108207e-03
2.197212909000000047e-01,4.607311578897381639e-03
2.197307604000000025e-01,4.607209422023494406e-03
2.198727543000000006e-01,4.605677403244379589e-03
2.198822172999999880e-01,4.605575290943759309e-03
2.199106037999999930e-01,4.605268970752280679e-03
2.199389867000000054e-01,4.604962675624192647e-03
2.199579066000000027e-01,4.604758492794987570e-03
2.199862834000000100e-01,4.604452239433833201e-03
2.200241133999999987e-01,4.604043940596052806e-03
2.200524815999999884e-01,4.603737745697393698e-03
2.201092071000000094e-01,4.603125431052266375e-03
2.201375644000000131e-01,4.602819311300741442e-03
2.201848184000000097e-01,4.602309167367573534e-03
2.202509568999999889e-01,4.601595082712913766e-03
2.203170755999999952e-01,4.600881134358172399e-03
2.203265195999999926e-01,4.600779152861078115e-03
2.203548489000000110e-01,4.600473225054091571e-03
2.204020563000000099e-01,4.599963400987827460e-03
2.204114964999999982e-01,4.599861444515528780e-03
2.204398149000000029e-01,4.599555591779109186e-03
2.204681296999999873e-01,4.599249764061603615e-03
2.204775670999999937e-01,4.599147827048273227e-03
2.205530521000000077e-01,4.598332430996830353e-03
2.206379417999999870e-01,4.597415323014615585e-03
2.206568017999999964e-01,4.597211551801154601e-03
2.206662310999999987e-01,4.597109670360977063e-03
2.207039446000000071e-01,4.596702172377549120e-03
2.207416516000000051e-01,4.596294718832122199e-03
2.207793520999999926e-01,4.595887309718818189e-03
2.207887762999999892e-01,4.595785464382638914e-03
2.208076233000000055e-01,4.595581782039340028e-03
2.208170462999999861e-01,4.595479945032692262e-03
2.208453126000000100e-01,4.595174450669325256e-03
2.208641548999999982e-01,4.594970801641128783e-03
2.209206720000000124e-01,4.594359921174327906e-03
2.209300901000000039e-01,4.594258117477587923e-03
2.210054204999999938e-01,4.593443787804184740e-03
2.210148349999999928e-01,4.593342009081336635e-03
2.210807251999999945e-01,4.592629635702037867e-03
2.211465958000000120e-01,4.591917398241155378e-03
2.211654124000000110e-01,4.591713926784033936e-03
2.212406625999999987e-01,4.590900151870738397e-03
2.212594712000000019e-01,4.590696735867554404e-03
2.212688748999999955e-01,4.590595032024381676e-03
2.213440899999999933e-01,4.589781501065595508e-03
2.213816879000000126e-01,4.589374802101891214e-03
2.214568647000000057e-01,4.588561537178064732e-03
2.214944434999999989e-01,4.588154971206563626e-03
2.215414081000000035e-01,4.587646826065615129e-03
2.216071417000000099e-01,4.586935539185379822e-03
2.216728558999999932e-01,4.586224387981594625e-03
2.216822421000000098e-01,4.586122806026475367e-03
2.216916278000000129e-01,4.586021226839351143e-03
2.217103981000000112e-01,4.585818076769420000e-03
2.217197827000000065e-01,4.585716505886593131e-03
2.217573169000000011e-01,4.585310250032132579e-03
2.217948448000000017e-01,4.584904038457629331e-03
2.218417457999999898e-01,4.584396336249541362e-03
2.218605033999999920e-01,4.584193274733860089e-03
2.219073904999999958e-01,4.583685669357084186e-03
2.219167666999999899e-01,4.583584156580413488e-03
2.219730156999999982e-01,4.582975138002837873e-03
2.220479922999999967e-01,4.582163268095804445e-03
2.220573626000000023e-01,4.582061796799825025e-03
2.221416773999999872e-01,4.581148679535578146e-03
2.221604097000000055e-01,4.580945794992876546e-03
2.221697752000000026e-01,4.580844356867065127e-03
2.222165969999999879e-01,4.580337207691054756e-03
2.223102110999999881e-01,4.579323116566782863e-03
2.223570032999999946e-01,4.578816174596198052e-03
2.223663606000000070e-01,4.578714794488047621e-03
2.223944300000000041e-01,4.578410670733887473e-03
2.224318503999999919e-01,4.578005211055679452e-03
2.224412045999999976e-01,4.577903853039510043e-03
2.225066723999999940e-01,4.577194424229583461e-03
2.225160234000000126e-01,4.577093088299502219e-03
2.225814691999999928e-01,4.576383814072708389e-03
2.225908169999999964e-01,4.576282500222767814e-03
2.226095114999999958e-01,4.576079880802262981e-03
2.226188581000000111e-01,4.575978575231061211e-03
2.226468957000000137e-01,4.575674675073799005e-03
2.226936171999999992e-01,4.575168229993513934e-03
2.227216454000000012e-01,4.574864396050463793e-03
2.227683511999999921e-01,4.574358061312899792e-03
2.228150472000000049e-01,4.573851795525231932e-03
2.228430601999999983e-01,4.573548069144157610e-03
2.228710694999999908e-01,4.573244367578579300e-03
2.229177441000000093e-01,4.572738253442481214e-03
2.229457441000000095e-01,4.572434618040538239e-03
2.229550765999999962e-01,4.572333411752468532e-03
2.230297230000000130e-01,4.571523860666872920e-03
2.230577089999999929e-01,4.571220324478924603e-03
2.231136703000000110e-01,4.570613326492323908e-03
2.231416458000000103e-01,4.570309864689765800e-03
2.231789409000000113e-01,4.569905287515296267e-03
2.232069080999999899e-01,4.569601883552996784e-03
2.232628321000000027e-01,4.568995149981024302e-03
2.232907888000000007e-01,4.568691820366358770e-03
2.233373755999999988e-01,4.568186326069562965e-03
2.233560075999999894e-01,4.567984147619855335e-03
2.234863880000000080e-01,4.566569206710704466e-03
2.235050075999999997e-01,4.566367116320789801e-03
2.235143168000000014e-01,4.566266075252492854e-03
2.235608570000000017e-01,4.565760911173921341e-03
2.235887763999999944e-01,4.565457845734018603e-03
2.236259969999999930e-01,4.565053796984668705e-03
2.236539083000000094e-01,4.564750789297078448e-03
2.237004194999999973e-01,4.564245831477076187e-03
2.238120067999999907e-01,4.563034213110599147e-03
2.238491901999999922e-01,4.562630428271132778e-03
2.239235384999999912e-01,4.561822990483262348e-03
2.239328302999999964e-01,4.561722073122860023e-03
2.239607033999999885e-01,4.561419337523625085e-03
2.240071507999999989e-01,4.560914833126090799e-03
2.240628751000000030e-01,4.560309518477905812e-03
2.241093013000000078e-01,4.559805165115514251e-03
2.241464354000000103e-01,4.559401731843304093e-03
2.241557180000000038e-01,4.559300880387976568e-03
2.241835634000000077e-01,4.558998342491725822e-03
2.242578007999999901e-01,4.558191695528597889e-03
2.243691109000000017e-01,4.556982054349833014e-03
2.243969298000000057e-01,4.556679705777357675e-03
2.244062019999999991e-01,4.556578928405254081e-03
2.244340163000000110e-01,4.556276612744688918e-03
2.244432869000000108e-01,4.556175846342495200e-03
2.244525572000000135e-01,4.556075082682632151e-03
2.244803657999999980e-01,4.555772808155876888e-03
2.245081708999999981e-01,4.555470558306269971e-03
2.245174384999999995e-01,4.555369813839844559e-03
2.245267056999999955e-01,4.555269072114793115e-03
2.245452390000000076e-01,4.555067596889257955e-03
2.246286198999999928e-01,4.554161094058451278e-03
2.246749292999999925e-01,4.553657577296726933e-03
2.246934503000000138e-01,4.553456189773028885e-03
2.247304878999999977e-01,4.553053447603916219e-03
2.247397462999999873e-01,4.552952768910723154e-03
2.248230551000000021e-01,4.552046783937974996e-03
2.248415639000000132e-01,4.551845484071440594e-03
2.248508177999999913e-01,4.551744838246165117e-03
2.249248349999999896e-01,4.550939770219728647e-03
2.249618344000000048e-01,4.550537301914433889e-03
2.249895799999999946e-01,4.550235479428175675e-03
2.250265689000000013e-01,4.549833087766239244e-03
2.250450609999999907e-01,4.549631908356002556e-03
2.251005282000000107e-01,4.549028435800978737e-03
2.251190143000000032e-01,4.548827300172069571e-03
2.251467404999999977e-01,4.548525617247786181e-03
2.251837034999999987e-01,4.548123411647449037e-03
2.251929433000000036e-01,4.548022867085861967e-03
2.252576112999999935e-01,4.547319131734917433e-03
2.252853204999999970e-01,4.547017571891047959e-03
2.252945560999999874e-01,4.546917057411638090e-03
2.253222606999999988e-01,4.546615530379144628e-03
2.253407286000000120e-01,4.546414526027627197e-03
2.253684274999999959e-01,4.546113040003456340e-03
2.254053541999999910e-01,4.545711096907556655e-03
2.254884169999999965e-01,4.544806884825476970e-03
2.255160978000000094e-01,4.544505529984651550e-03
2.255622248999999968e-01,4.544003326559077974e-03
2.256267871000000036e-01,4.543300356493472011e-03
2.256913308000000062e-01,4.542597520252720893e-03
2.257005498000000110e-01,4.542497125998217443e-03
2.257097684000000104e-01,4.542396734473918077e-03
2.257282046000000097e-01,4.542195959616756457e-03
2.257742883999999950e-01,4.541694070250249828e-03
2.257835039999999960e-01,4.541593700566354946e-03
2.258111486000000112e-01,4.541292607892419286e-03
2.258756396000000111e-01,4.540590153844546208e-03
2.259309029000000080e-01,4.539988156798519491e-03
2.259585295000000049e-01,4.539687195107932130e-03
2.260045663999999954e-01,4.539185646849734634e-03
2.260321838999999888e-01,4.538884750625970209e-03
2.260690022000000077e-01,4.538483593843005426e-03
2.261426206000000105e-01,4.537681411165521775e-03
2.261518211999999917e-01,4.537581150599950645e-03
2.262070170999999907e-01,4.536979644453357011e-03
2.262530033000000051e-01,4.536478464287457477e-03
2.262805905999999978e-01,4.536177788891425020e-03
2.263173683999999963e-01,4.535776926512501313e-03
2.264000965999999893e-01,4.534875145541699196e-03
2.264368549000000119e-01,4.534474424822514116e-03
2.264460436000000076e-01,4.534374251451762927e-03
2.264736073999999988e-01,4.534073747679726735e-03
2.265103538000000083e-01,4.533673114107142355e-03
2.265195395000000056e-01,4.533572962521137915e-03
2.265838287999999978e-01,4.532871977650843043e-03
2.266113757999999867e-01,4.532571596397011633e-03
2.266664597999999975e-01,4.531970907377095084e-03
2.266939967000000111e-01,4.531670599606349610e-03
2.267215303000000015e-01,4.531370316325246221e-03
2.267582365999999960e-01,4.530969976708002812e-03
2.267674121999999903e-01,4.530869898605019257e-03
2.268408040000000070e-01,4.530069371708631172e-03
2.268683197999999956e-01,4.529769218999820345e-03
2.268866618000000002e-01,4.529569130791063526e-03
2.269141719999999973e-01,4.529269018872319336e-03
2.269508470999999916e-01,4.528868907713057626e-03
2.270241795000000062e-01,4.528068815884207961e-03
2.270608369000000071e-01,4.527668835203908088e-03
2.270883260000000070e-01,4.527368878228863261e-03
2.270974883000000111e-01,4.527268898005348992e-03
2.271066502000000098e-01,4.527168920499116851e-03
2.271707733999999979e-01,4.526469154032198433e-03
2.271799324000000064e-01,4.526369198261065256e-03
2.272440349000000026e-01,4.525669583920563337e-03
2.272531909000000128e-01,4.525569649878873925e-03
2.272806568000000083e-01,4.525269864048902906e-03
2.273081193000000000e-01,4.524970102658630415e-03
2.273538827999999901e-01,4.524470554646266469e-03
2.273813365000000031e-01,4.524170858417980029e-03
2.274270852999999981e-01,4.523671418995133670e-03
2.274636777000000054e-01,4.523271916312420621e-03
2.274728249000000091e-01,4.523172047426513888e-03
2.274911181000000004e-01,4.522972317795732541e-03
2.275002641999999964e-01,4.522872457050855326e-03
2.275459891000000123e-01,4.522373194026448225e-03
2.276008468000000062e-01,4.521774167927105487e-03
2.276739698999999950e-01,4.520975618360239742e-03
2.276831085999999893e-01,4.520875811868338770e-03
2.276922469999999865e-01,4.520776008088561726e-03
2.277196599000000099e-01,4.520476613018458746e-03
2.277562052000000059e-01,4.520077457551001376e-03
2.277927448000000021e-01,4.519678345461007087e-03
2.278292784000000015e-01,4.519279276742231739e-03
2.279114577999999947e-01,4.518381530674739528e-03
2.279297157999999879e-01,4.518182061356373902e-03
2.279844812000000054e-01,4.517583718425214646e-03
2.280118590000000112e-01,4.517284583531409707e-03
2.280483574999999929e-01,4.516885774926804147e-03
2.280757276000000000e-01,4.516586696911194070e-03
2.281213370999999879e-01,4.516088287711813275e-03
2.281304578999999999e-01,4.515988613995164901e-03
2.282034112999999920e-01,4.515191321726671342e-03
2.282307627999999866e-01,4.514892381791232694e-03
2.282581110000000135e-01,4.514593466215497536e-03
2.283674710999999968e-01,4.513398047459756673e-03
2.284221314999999863e-01,4.512800484177884389e-03
2.284494568000000059e-01,4.512501739052870477e-03
2.284767789000000104e-01,4.512203018268847593e-03
2.284858855000000133e-01,4.512103450082913594e-03
2.284949917000000108e-01,4.512003884600909558e-03
2.285132031000000064e-01,4.511804761749393065e-03
2.285587253999999957e-01,4.511307001938445055e-03
2.285678287000000031e-01,4.511207458087218049e-03
2.285951365999999985e-01,4.510908842753282195e-03
2.286224411999999984e-01,4.510610251747862107e-03
2.286588422999999981e-01,4.510212168247684436e-03
2.287043354999999945e-01,4.509714624679494500e-03
2.287771058999999996e-01,4.508918695477365582e-03
2.288043888000000081e-01,4.508620266602919070e-03
2.288407608999999954e-01,4.508222399252991008e-03
2.288862180000000024e-01,4.507725125834588162e-03
2.289225770999999965e-01,4.507327355707494050e-03
2.289952781000000048e-01,4.506531945052472295e-03
2.290043640999999963e-01,4.506432530868739912e-03
2.290316199000000108e-01,4.506134304512957565e-03
2.290588725000000103e-01,4.505836102448711883e-03
2.290770390999999906e-01,4.505637314566831621e-03
2.291042862999999874e-01,4.505339152983342706e-03
2.291496909999999887e-01,4.504842270976914739e-03
2.292132426000000056e-01,4.504146749479029724e-03
2.292495498999999881e-01,4.503749367966567406e-03
2.292949259000000017e-01,4.503252701757740582e-03
2.293221471999999928e-01,4.502954734392067976e-03
2.293584371999999871e-01,4.502557482319001492e-03
2.293856509999999960e-01,4.502259571572196466e-03
2.293947215000000095e-01,4.502160273381435387e-03
2.294672728999999911e-01,4.501365984891400433e-03
2.295126057999999913e-01,4.500869642173385005e-03
2.295760568999999918e-01,4.500174875535696908e-03
2.296576112000000003e-01,4.499281798102761770e-03
2.296757304000000000e-01,4.499083366077738511e-03
2.297119646000000126e-01,4.498686534343123572e-03
2.297210222000000135e-01,4.498587333141233421e-03
2.297300794999999896e-01,4.498488134631811047e-03
2.297844156999999943e-01,4.497893000114489351e-03
2.297934705000000133e-01,4.497793820450825264e-03
2.298658959999999862e-01,4.497000480040196091e-03
2.299021001999999869e-01,4.496603874426140929e-03
2.299292495999999963e-01,4.496306448469733832e-03
2.299473475000000100e-01,4.496108177952012029e-03
2.299654439000000106e-01,4.495909918195910120e-03
2.300106785999999903e-01,4.495414315883177782e-03
2.300468599999999919e-01,4.495017882450646866e-03
2.300830356999999937e-01,4.494621492049504299e-03
2.300920787999999884e-01,4.494522401172465834e-03
2.301101637999999894e-01,4.494324227485318839e-03
2.301192058000000040e-01,4.494225144675014286e-03
2.302547927999999966e-01,4.492739225129055956e-03
2.302999706999999951e-01,4.492244053003982551e-03
2.303090051999999999e-01,4.492145026640599788e-03
2.303632049000000070e-01,4.491550924884409914e-03
2.303722368999999992e-01,4.491451917328245953e-03
2.304083616000000001e-01,4.491055913967146630e-03
2.304535094000000062e-01,4.490560970201550386e-03
2.305167015000000041e-01,4.489868161724624301e-03
2.305257274999999995e-01,4.489769199825991916e-03
2.305528034999999865e-01,4.489472330239465542e-03
2.305798762000000057e-01,4.489175484815077603e-03
2.305979230000000102e-01,4.488977601288068713e-03
2.306249904999999878e-01,4.488680796129508772e-03
2.306610755000000068e-01,4.488285093493971090e-03
2.306971549000000066e-01,4.487889433797482425e-03
2.307422462000000007e-01,4.487394919551440653e-03
2.307963440999999949e-01,4.486801590991884234e-03
2.308143739999999888e-01,4.486603836265807936e-03
2.308414161000000020e-01,4.486307224292844856e-03
2.308684550000000002e-01,4.486010636457950923e-03
2.308774673000000000e-01,4.485911779209846365e-03
2.309405432999999952e-01,4.485219853554576336e-03
2.309585618999999979e-01,4.485022184640975219e-03
2.309765790999999957e-01,4.484824526451019165e-03
2.309855871000000005e-01,4.484725701377079848e-03
2.310306220999999993e-01,4.484231616215165681e-03
2.310576389000000008e-01,4.483935197281068742e-03
2.310846525999999956e-01,4.483638802466925234e-03
2.310936564000000137e-01,4.483540009554636864e-03
2.311206658000000136e-01,4.483243646896042413e-03
2.311656745000000013e-01,4.482749762717620247e-03
2.311746752000000127e-01,4.482650993919019486e-03
2.312466680999999968e-01,4.481860939961826960e-03
2.312736595999999867e-01,4.481564713919905345e-03
2.313456217000000037e-01,4.480774895630066507e-03
2.314085700999999884e-01,4.480083945182222575e-03
2.314175613999999992e-01,4.479985248682855255e-03
2.314445330000000078e-01,4.479689175243241166e-03
2.314625123000000062e-01,4.479491806331602557e-03
2.315523879999999979e-01,4.478505122328085841e-03
2.315973128000000103e-01,4.478011880654801311e-03
2.316062966999999917e-01,4.477913240345039042e-03
2.316332463000000119e-01,4.477617335463977485e-03
2.316691743000000026e-01,4.477222833065513594e-03
2.316781554000000021e-01,4.477124214151708380e-03
2.317320348999999946e-01,4.476532556821047684e-03
2.317410135999999898e-01,4.476433956623970291e-03
2.318128305000000111e-01,4.475645251286134579e-03
2.318397561999999967e-01,4.475349530888658549e-03
2.318487307000000053e-01,4.475250962767923606e-03
2.319474273999999892e-01,4.474166889806218197e-03
2.319833067000000026e-01,4.473772761608942571e-03
2.320281480999999979e-01,4.473280161464292075e-03
2.320371153000000131e-01,4.473181649447823330e-03
2.320640149000000041e-01,4.472886129423043165e-03
2.320909113999999884e-01,4.472590633432300782e-03
2.321088406000000048e-01,4.472393649456188336e-03
2.321715820999999957e-01,4.471704289641817431e-03
2.322343067000000039e-01,4.471015060629723523e-03
2.322432658999999955e-01,4.470916610018320705e-03
2.322522248999999983e-01,4.470818162075904448e-03
2.322790995000000025e-01,4.470522834259526256e-03
2.323059711000000083e-01,4.470227530459328601e-03
2.323238837999999917e-01,4.470030674600102179e-03
2.323507502000000113e-01,4.469735410821250136e-03
2.324581846999999868e-01,4.468554595779518183e-03
2.325387281000000084e-01,4.467669236512802899e-03
2.325566228000000013e-01,4.467472519336778553e-03
2.325655695999999939e-01,4.467374164747530373e-03
2.325924081000000088e-01,4.467079116974092406e-03
2.326013536000000048e-01,4.466980773047481666e-03
2.326371319999999965e-01,4.466587423993043093e-03
2.326729050000000132e-01,4.466194117579704373e-03
2.326818474000000025e-01,4.466095797638311958e-03
2.326997311000000013e-01,4.465899165749103415e-03
2.327801908000000086e-01,4.465014454129321610e-03
2.328159418000000092e-01,4.464621318224746248e-03
2.328427513999999920e-01,4.464326494261709050e-03
2.328784928000000032e-01,4.463933432927589401e-03
2.328874271999999968e-01,4.463835174251112002e-03
2.329231616999999921e-01,4.463442166171427070e-03
2.329678222000000076e-01,4.462950965974284319e-03
2.329946143000000136e-01,4.462656277799396075e-03
2.330303324000000120e-01,4.462263397496181103e-03
2.330392609999999975e-01,4.462165184073809722e-03
2.331106779999999878e-01,4.461379572493502817e-03
2.331285288000000122e-01,4.461183196205914872e-03
2.331374536999999969e-01,4.461085012052794577e-03
2.332445258999999993e-01,4.459907009696053790e-03
2.332802056000000124e-01,4.459514427348645546e-03
2.333515489000000109e-01,4.458729390280170846e-03
2.333782970000000123e-01,4.458435045243775048e-03
2.334228703000000016e-01,4.457944523342567342e-03
2.334496101999999906e-01,4.457650242094170732e-03
2.335298114999999897e-01,4.456767541838356668e-03
2.335387211000000129e-01,4.456669477316379038e-03
2.335565391999999962e-01,4.456473356241963737e-03
2.335654477999999923e-01,4.456375299689460147e-03
2.336367038999999923e-01,4.455590942887421510e-03
2.336634193000000081e-01,4.455296852906496380e-03
2.336723237999999980e-01,4.455198828223884931e-03
2.336812279000000103e-01,4.455100806196351029e-03
2.336990351000000077e-01,4.454904770106643368e-03
2.337524487000000040e-01,4.454316725555861750e-03
2.338058500999999900e-01,4.453728776567758563e-03
2.338236478000000063e-01,4.453532814804653066e-03
2.338414441999999982e-01,4.453336863656893845e-03
2.338503419000000083e-01,4.453238892063688531e-03
2.339659810999999978e-01,4.451965502797584386e-03
2.340371152000000066e-01,4.451182101455328222e-03
2.340637848999999882e-01,4.450888369709570316e-03
2.340993398000000003e-01,4.450496764503526423e-03
2.341260025000000133e-01,4.450203088437652832e-03
2.341704334999999970e-01,4.449713681346057804e-03
2.342059722000000010e-01,4.449322203383728608e-03
2.342415055000000024e-01,4.448930767824934088e-03
2.342770335000000093e-01,4.448539374664706864e-03
2.343036759000000080e-01,4.448245857615239218e-03
2.343214358000000053e-01,4.448050192829033390e-03
2.344102153000000022e-01,4.447072027832984879e-03
2.344634667999999922e-01,4.446485255959272895e-03
2.344900880999999937e-01,4.446191905769163177e-03
2.345255783000000094e-01,4.445800809247335561e-03
2.345521925000000063e-01,4.445507514652179831e-03
2.345610633000000111e-01,4.445409755081199815e-03
2.345965428000000019e-01,4.445018743265164926e-03
2.346054117999999966e-01,4.444920996927570651e-03
2.346320169999999983e-01,4.444627773793747433e-03
2.346763521999999935e-01,4.444139121493883259e-03
2.347384073000000071e-01,4.443455119394710065e-03
2.348093075000000085e-01,4.442673561421341989e-03
2.348181685000000074e-01,4.442575878575866395e-03
2.348358895000000057e-01,4.442380520818176026e-03
2.348447495000000051e-01,4.442282845905970792e-03
2.348713275000000045e-01,4.441989837033904348e-03
2.349156175000000069e-01,4.441501541791825422e-03
2.349421875000000104e-01,4.441208596369729082e-03
2.350218795000000027e-01,4.440329902831695492e-03
2.350307325000000058e-01,4.440232283429992703e-03
2.351015444000000010e-01,4.439451423338501915e-03
2.351192441000000133e-01,4.439256234735276287e-03
2.351280933999999878e-01,4.439158644395872072e-03
2.351634874000000097e-01,4.438768309453348417e-03
2.352342594000000064e-01,4.437987766340367908e-03
2.352431044000000138e-01,4.437890210334296745e-03
2.353138523999999954e-01,4.437109857335867075e-03
2.353403775000000031e-01,4.436817268520454154e-03
2.353668995000000042e-01,4.436524703460265583e-03
2.353757394999999863e-01,4.436427187052146941e-03
2.354022575999999978e-01,4.436134653662921964e-03
2.354376103999999970e-01,4.435744646088627188e-03
2.354552846999999893e-01,4.435549658133407583e-03
2.354817938000000055e-01,4.435257195988615703e-03
2.355083000000000037e-01,4.434964757587675326e-03
2.355171346999999915e-01,4.434867283396732619e-03
2.355878003999999915e-01,4.434087584824301584e-03
2.356584449999999942e-01,4.433308055031902166e-03
2.356672740000000099e-01,4.433210625672804293e-03
2.357202415999999912e-01,4.432626104882259402e-03
2.357643721000000081e-01,4.432139076712121768e-03
2.358261409000000086e-01,4.431457347963691472e-03
2.358702515999999971e-01,4.430970477907254790e-03
2.359496301000000018e-01,4.430094277773653777e-03
2.359760837000000055e-01,4.429802258473349540e-03
2.360113504999999945e-01,4.429412936274916730e-03
2.360906815000000103e-01,4.428537115361892533e-03
2.361083069999999895e-01,4.428342517451337897e-03
2.361171193000000113e-01,4.428245222444763055e-03
2.361523650000000030e-01,4.427856068738308427e-03
2.361611755999999951e-01,4.427758786891449090e-03
2.362316486999999909e-01,4.426980626854418698e-03
2.362932953999999919e-01,4.426299874956445696e-03
2.363021006999999896e-01,4.426202635207963226e-03
2.363285148000000002e-01,4.425910931744963216e-03
2.363725318000000075e-01,4.425424811909836088e-03
2.363901362999999978e-01,4.425230382384698173e-03
2.363989380000000029e-01,4.425133171566581619e-03
2.364693401999999889e-01,4.424355579677411582e-03
2.365045335000000026e-01,4.423966846828527970e-03
2.365309250000000030e-01,4.423675324791330292e-03
2.365397214999999942e-01,4.423578156035659278e-03
2.365661089999999966e-01,4.423286665537455239e-03
2.365836990999999889e-01,4.423092351678495349e-03
2.366364615000000060e-01,4.422509473165806698e-03
2.366452541000000076e-01,4.422412335942842686e-03
2.366716299000000134e-01,4.422120940037364660e-03
2.367155830000000072e-01,4.421635332732531780e-03
2.367243726999999909e-01,4.421538219151744525e-03
2.367507396000000097e-01,4.421246894166742589e-03
2.367771036999999912e-01,4.420955592817886644e-03
2.367946780999999890e-01,4.420761405048679107e-03
2.368210373000000091e-01,4.420470143087905368e-03
2.368473935000000030e-01,4.420178904756964962e-03
2.368561781999999893e-01,4.420081830563833171e-03
2.369527889999999970e-01,4.419014187686474623e-03
2.370054692999999935e-01,4.418431970872508698e-03
2.370669146999999921e-01,4.417752837303859544e-03
2.371371186000000020e-01,4.416976842045418176e-03
2.371458925999999912e-01,4.416879854440424955e-03
2.371985299000000103e-01,4.416297983879635333e-03
2.372160731000000078e-01,4.416104048002815821e-03
2.372423854000000054e-01,4.415813163850619040e-03
2.373476056000000112e-01,4.414649863160214835e-03
2.373739032999999943e-01,4.414359096955963735e-03
2.374089624999999870e-01,4.413971445367629101e-03
2.374264900999999983e-01,4.413777635293688120e-03
2.374527791000000110e-01,4.413486939831122099e-03
2.374878266000000071e-01,4.413099382554654809e-03
2.375141088000000122e-01,4.412808742099553518e-03
2.375666644999999966e-01,4.412227531900118904e-03
2.375929380000000035e-01,4.411936962151210249e-03
2.376192085999999926e-01,4.411646415966381969e-03
2.376542315999999877e-01,4.411259057705144322e-03
2.376629865000000064e-01,4.411162224684192848e-03
2.376892493999999967e-01,4.410871741326561138e-03
2.376980029999999910e-01,4.410774918775110798e-03
2.377767712999999949e-01,4.409903633581480423e-03
2.378730081000000052e-01,4.408839017265819317e-03
2.378992477999999910e-01,4.408548722293707464e-03
2.379866925000000133e-01,4.407581242372347712e-03
2.380129196000000114e-01,4.407291049382966279e-03
2.380478846000000093e-01,4.406904161996461067e-03
2.380828445000000015e-01,4.406517316433173487e-03
2.381177992000000077e-01,4.406130512687786611e-03
2.381265371000000075e-01,4.406033818284946918e-03
2.381876933000000029e-01,4.405357030629563492e-03
2.381964286000000097e-01,4.405260357130064489e-03
2.382226326999999921e-01,4.404970352306366611e-03
2.382924959999999925e-01,4.404197121044400517e-03
2.383186895000000138e-01,4.403907202415618428e-03
2.383274200000000120e-01,4.403810568095489243e-03
2.383536096999999965e-01,4.403520680802654880e-03
2.383623388999999981e-01,4.403424056927438858e-03
2.384059802999999866e-01,4.402940976713608581e-03
2.384757899000000125e-01,4.402168184116521214e-03
2.385019633000000083e-01,4.401878429958514666e-03
2.385281337000000057e-01,4.401588699287139160e-03
2.385368566000000135e-01,4.401492127615957636e-03
2.386066279000000068e-01,4.400719648172708200e-03
2.386153478999999966e-01,4.400623099982430529e-03
2.386763789000000135e-01,4.399947335684755573e-03
2.386850963000000103e-01,4.399850808360607907e-03
2.387112466999999905e-01,4.399561242035417499e-03
2.387461093999999895e-01,4.399175190109293719e-03
2.387548243000000014e-01,4.399078683646064948e-03
2.387722530999999981e-01,4.398885678541892760e-03
2.388158196000000066e-01,4.398403211404097735e-03
2.388506670999999970e-01,4.398017284614794131e-03
2.388767992999999978e-01,4.397727866889789700e-03
2.388942192000000075e-01,4.397534934770537703e-03
2.389551789999999898e-01,4.396859754436864033e-03
2.389900061000000131e-01,4.396473994423012385e-03
2.390248282000000113e-01,4.396088276090212577e-03
2.390335329000000120e-01,4.395991853018862278e-03
2.390509413999999944e-01,4.395799014690306844e-03
2.390857546000000056e-01,4.395413369286052183e-03
2.391031593000000066e-01,4.395220562208895787e-03
2.391640657000000114e-01,4.394545819460461862e-03
2.392336540999999983e-01,4.393774841093278823e-03
2.392423512999999891e-01,4.393678480510697891e-03
2.392684407000000013e-01,4.393389414378349490e-03
2.393379988000000069e-01,4.392618685858861068e-03
2.393640777999999913e-01,4.392329705595240594e-03
2.393727702000000013e-01,4.392233384043774808e-03
2.393814622999999864e-01,4.392137065093901574e-03
2.394509874999999899e-01,4.391366607136025328e-03
2.394683656999999910e-01,4.391174018655023131e-03
2.394770542999999918e-01,4.391077728315367391e-03
2.395204924999999874e-01,4.390596315622144821e-03
2.395465516999999989e-01,4.390307499207060649e-03
2.395812928999999925e-01,4.389922447050757619e-03
2.396073454000000047e-01,4.389633685227945989e-03
2.396507600999999987e-01,4.389152467506424529e-03
2.397288867000000046e-01,4.388286439325551555e-03
2.397896341999999903e-01,4.387613007346087557e-03
2.398850634999999953e-01,4.386555014233716084e-03
2.398937369999999958e-01,4.386458848622785955e-03
2.399284278999999909e-01,4.386074212143430649e-03
2.399370997999999977e-01,4.385978059514231663e-03
2.399631137000000081e-01,4.385689617202857306e-03
2.399891248999999893e-01,4.385401198254485454e-03
2.399977946000000084e-01,4.385305063796210434e-03
2.400064640000000027e-01,4.385208931933385311e-03
2.400238020000000083e-01,4.385016675994511497e-03
2.400758081999999904e-01,4.384439970461006218e-03
2.401278031999999896e-01,4.383863358339869926e-03
2.401451323999999887e-01,4.383671175054895501e-03
2.401971123999999957e-01,4.383094687456156810e-03
2.402750613000000091e-01,4.382230131123193012e-03
2.403010385999999887e-01,4.381941992354100243e-03
2.403096970999999971e-01,4.381845951283156078e-03
2.403789537999999892e-01,4.381077716041296283e-03
2.404741491999999869e-01,4.380021663431190627e-03
2.404828015000000097e-01,4.379925674196368662e-03
2.404914533999999993e-01,4.379829687552361413e-03
2.405174073999999940e-01,4.379541743164980759e-03
2.405606577999999940e-01,4.379061887664231247e-03
2.406211953000000070e-01,4.378390198749190949e-03
2.406298423000000075e-01,4.378294253549077156e-03
2.406903622999999881e-01,4.377622709651189659e-03
2.406990068000000038e-01,4.377526785165346442e-03
2.407162948999999885e-01,4.377334943959915528e-03
2.407249384000000048e-01,4.377239027240396353e-03
2.407508671999999961e-01,4.376951292613298627e-03
2.407940756999999987e-01,4.376471786668780298e-03
2.408545545000000121e-01,4.375800587040101428e-03
2.408631931000000115e-01,4.375704711729292047e-03
2.408977444000000023e-01,4.375321236358409999e-03
2.409322906999999958e-01,4.374937802379783025e-03
2.409581972000000016e-01,4.374650254056476270e-03
2.409754665999999934e-01,4.374458568106381721e-03
2.410013685000000072e-01,4.374171058578718747e-03
2.410272675000000031e-01,4.373883572325029667e-03
2.410963181000000122e-01,4.373117056084767189e-03
2.411049480000000134e-01,4.373021253188760261e-03
2.411394645999999919e-01,4.372638067454173195e-03
2.411739763000000092e-01,4.372254923075714721e-03
2.411826035000000090e-01,4.372159143442274146e-03
2.412429849000000126e-01,4.371488758364864592e-03
2.412688580000000027e-01,4.371201489232394086e-03
2.413205958999999901e-01,4.370627020720366587e-03
2.413464606999999873e-01,4.370339821336326203e-03
2.413895624999999878e-01,4.369861207350565595e-03
2.414068011000000125e-01,4.369669779833605314e-03
2.414154199000000112e-01,4.369574069948286947e-03
2.414498921999999881e-01,4.369191256228020272e-03
2.414843594999999954e-01,4.368808483816480868e-03
2.415446655000000054e-01,4.368138731480291845e-03
2.415791193000000059e-01,4.367756072641081067e-03
2.415963442999999877e-01,4.367564758705476044e-03
2.416221795999999866e-01,4.367277807154898613e-03
2.416480121000000036e-01,4.366990878825554277e-03
2.416566223000000124e-01,4.366895241209307714e-03
2.416824512000000091e-01,4.366608343838895845e-03
2.417599210999999970e-01,4.365747791017379753e-03
2.418029492000000058e-01,4.365269796380831686e-03
2.418631757999999965e-01,4.364600712183318992e-03
2.419319876999999896e-01,4.363836199200624155e-03
2.419405877999999954e-01,4.363740646676261652e-03
2.419577871999999963e-01,4.363549549358990143e-03
2.420695529000000124e-01,4.362307668025217772e-03
2.421039319999999939e-01,4.361925638282313292e-03
2.421383061999999864e-01,4.361543649749308887e-03
2.421468989999999988e-01,4.361448159054541647e-03
2.421726755999999980e-01,4.361161702421132227e-03
2.421984493000000072e-01,4.360875268962316996e-03
2.423358633000000095e-01,4.359348015154450480e-03
2.423530345000000086e-01,4.359157154756875506e-03
2.423702045999999999e-01,4.358966304652565037e-03
2.424045410000000011e-01,4.358584635320217858e-03
2.424474547999999896e-01,4.358107606542159333e-03
2.424903609000000071e-01,4.357630642073238685e-03
2.425075211999999925e-01,4.357439874289902905e-03
2.425589948999999912e-01,4.356867632661197247e-03
2.426104575999999957e-01,4.356295483599952230e-03
2.426533348999999895e-01,4.355818763414133141e-03
2.426790577000000060e-01,4.355532762148771678e-03
2.426876313000000118e-01,4.355437433534018778e-03
2.427219227999999895e-01,4.355056144775403849e-03
2.427562094999999864e-01,4.354674897133205616e-03
2.427647804999999992e-01,4.354579591646693358e-03
2.427819213999999892e-01,4.354388988381360098e-03
2.427904914000000025e-01,4.354293690602519147e-03
2.428333369000000019e-01,4.353817240243944807e-03
2.428590405999999924e-01,4.353531400854124961e-03
2.428933078999999939e-01,4.353150317626103445e-03
2.429190052000000100e-01,4.352864532171204365e-03
2.429532641000000104e-01,4.352483520848628856e-03
2.429618280999999991e-01,4.352388274437024758e-03
2.429703917000000102e-01,4.352293030592850435e-03
2.430645720999999870e-01,4.351245517741809607e-03
2.431672726999999923e-01,4.350103130629254071e-03
2.431758290999999905e-01,4.350007948381195977e-03
2.432014966000000111e-01,4.349722417030074846e-03
2.432271614000000026e-01,4.349436908766370243e-03
2.432442696999999876e-01,4.349246582748802527e-03
2.432699298999999871e-01,4.348961112958801313e-03
2.433041394000000079e-01,4.348580522476374992e-03
2.433297933000000135e-01,4.348295106539752999e-03
2.434323820000000027e-01,4.347153673534504513e-03
2.434494759999999980e-01,4.346963470587043854e-03
2.435007505000000017e-01,4.346392923251849241e-03
2.435092952000000033e-01,4.346297840998197999e-03
2.435776420999999914e-01,4.345537275207173901e-03
2.435861840999999917e-01,4.345442216011716034e-03
2.436118083000000101e-01,4.345157053794673242e-03
2.436459698000000007e-01,4.344776873364415357e-03
2.437228154999999952e-01,4.343921617209684123e-03
2.437825677000000080e-01,4.343256561359459984e-03
2.437911024999999954e-01,4.343161563620272746e-03
2.438167052000000112e-01,4.342876585761296961e-03
2.438593703999999973e-01,4.342401673850582178e-03
2.438764344000000084e-01,4.342211727000024751e-03
2.438849659000000003e-01,4.342116757413222450e-03
2.439190891000000139e-01,4.341736904652618127e-03
2.439873211999999958e-01,4.340977321933016039e-03
2.440129033000000003e-01,4.340692520619440081e-03
2.440214300000000114e-01,4.340597591963472023e-03
2.440470086000000038e-01,4.340312821340638547e-03
2.440640594000000052e-01,4.340122987044730749e-03
2.441237280999999926e-01,4.339458647554912500e-03
2.441492959000000074e-01,4.339173968979945749e-03
2.442004234000000051e-01,4.338604680848227868e-03
2.442941295999999929e-01,4.337561224896344797e-03
2.443367113999999896e-01,4.337087028939563306e-03
2.444048268000000024e-01,4.336328448240005413e-03
2.444218526999999974e-01,4.336138828605411513e-03
2.444303651999999993e-01,4.336044022618640303e-03
2.444984545999999981e-01,4.335285666650074039e-03
2.445239831999999891e-01,4.335001325288397565e-03
2.445324922000000067e-01,4.334906549940164069e-03
2.445580172000000052e-01,4.334622239211019697e-03
2.445665250000000068e-01,4.334527474073063269e-03
2.446345763999999978e-01,4.333769444846292083e-03
2.446770990000000090e-01,4.333295759512842404e-03
2.447026089999999876e-01,4.333011578929324946e-03
2.447366182000000057e-01,4.332632707198947296e-03
2.447961227999999878e-01,4.331969779871104077e-03
2.448046222999999966e-01,4.331875086168375175e-03
2.448301190000000127e-01,4.331591020361024585e-03
2.448641105000000096e-01,4.331212301648824058e-03
2.448726075999999863e-01,4.331117628344729326e-03
2.449320792999999941e-01,4.330454986597290917e-03
2.449405739999999942e-01,4.330360333686521235e-03
2.449490685000000056e-01,4.330265683324821882e-03
2.450085216000000010e-01,4.329603202152856531e-03
2.450170137000000081e-01,4.329508572178779324e-03
2.451019187000000044e-01,4.328562412569559453e-03
2.451104075999999965e-01,4.328467810620271333e-03
2.451358724999999905e-01,4.328184020054843748e-03
2.452122512999999893e-01,4.327332785886392995e-03
2.452207362999999918e-01,4.327238217044469815e-03
2.452377055999999944e-01,4.327049086999273583e-03
2.452461897999999862e-01,4.326954525795487921e-03
2.452886062999999894e-01,4.326481757964648588e-03
2.453140527000000071e-01,4.326198127813078546e-03
2.453394963999999956e-01,4.325914520568747978e-03
2.453734173000000074e-01,4.325536413207385460e-03
2.454158117999999944e-01,4.325063836260907395e-03
2.454242898000000006e-01,4.324969328504979851e-03
2.454751518000000132e-01,4.324402335395596472e-03
2.454836277999999927e-01,4.324307845447650581e-03
2.454921035000000029e-01,4.324213358043694881e-03
2.455175287999999956e-01,4.323929911092292550e-03
2.455514250999999981e-01,4.323552017430801198e-03
2.456446157999999935e-01,4.322513019647189307e-03
2.456530859000000122e-01,4.322418580557850672e-03
2.456784945000000109e-01,4.322135278541963319e-03
2.456954322000000079e-01,4.321946423240838331e-03
2.457885682000000016e-01,4.320907900797322718e-03
2.458224271999999988e-01,4.320530332502403592e-03
2.458308912000000124e-01,4.320435946780168228e-03
2.458985927000000016e-01,4.319680952449314951e-03
2.459239759000000081e-01,4.319397871483529432e-03
2.459578162000000123e-01,4.319020465749111824e-03
2.460170254999999861e-01,4.318360103469885691e-03
2.460254828000000005e-01,4.318265776156833199e-03
2.460508530000000138e-01,4.317982809448475852e-03
2.460593091000000121e-01,4.317888492288755528e-03
2.461269477999999955e-01,4.317134046383979372e-03
2.461607601999999950e-01,4.316756884336523867e-03
2.461692125000000120e-01,4.316662600168217831e-03
2.462283710000000014e-01,4.316002682026788551e-03
2.463044108999999926e-01,4.315154398480193151e-03
2.463213055000000040e-01,4.314965918922667593e-03
2.463635369000000130e-01,4.314494764403623180e-03
2.463973167999999880e-01,4.314117886425485222e-03
2.464310920999999988e-01,4.313741049008622958e-03
2.464395352000000039e-01,4.313646845991231035e-03
2.464564204999999952e-01,4.313458447560577190e-03
2.464901877000000019e-01,4.313081681112882967e-03
2.465070695000000089e-01,4.312893313094159908e-03
2.465914613999999894e-01,4.311951625030089816e-03
2.466420826999999871e-01,4.311386733791323228e-03
2.466673893999999922e-01,4.311104322365147228e-03
2.466926936000000126e-01,4.310821933731503845e-03
2.467011276999999947e-01,4.310727809251416187e-03
2.467348614000000051e-01,4.310351336652883981e-03
2.467685904999999957e-01,4.309974904564243224e-03
2.468360347999999926e-01,4.309222161895701411e-03
2.468444640000000134e-01,4.309128080452030198e-03
2.468697499999999989e-01,4.308845851306086772e-03
2.469118875999999907e-01,4.308375520006760447e-03
2.469371666999999881e-01,4.308093351590094530e-03
2.469624431999999925e-01,4.307811205943043800e-03
2.469708680999999906e-01,4.307717162453515020e-03
2.469961411000000107e-01,4.307435047162725197e-03
2.470045649000000010e-01,4.307341013791489773e-03
2.470466795000000049e-01,4.306870884872554539e-03
2.470719447999999985e-01,4.306588837869145675e-03
2.471393063000000001e-01,4.305836823782672670e-03
2.471729802000000031e-01,4.305460877415342308e-03
2.472403140999999971e-01,4.304709106006024584e-03
2.472487295999999946e-01,4.304615145952736359e-03
2.472655596999999983e-01,4.304427233427182524e-03
2.473160429000000049e-01,4.303863556491529727e-03
2.473412806999999991e-01,4.303581752131061325e-03
2.473749271000000027e-01,4.303206048349304987e-03
2.474001589000000001e-01,4.302924297034341206e-03
2.474422061000000062e-01,4.302454762020061461e-03
2.474758387999999865e-01,4.302079179462766148e-03
2.475178731000000076e-01,4.301609758074533343e-03
2.475346848999999960e-01,4.301422007191248523e-03
2.476103236999999957e-01,4.300577253161011991e-03
2.476439334999999964e-01,4.300201872541968388e-03
2.476523351999999900e-01,4.300108033695824311e-03
2.476775387000000050e-01,4.299826532295564045e-03
2.477195389000000081e-01,4.299357413754085859e-03
2.477699295999999940e-01,4.298794554747651341e-03
2.477783271000000009e-01,4.298700753741185702e-03
2.478371014000000094e-01,4.298044217307054292e-03
2.478454965999999926e-01,4.297950436474330671e-03
2.478538915000000065e-01,4.297856658162861956e-03
2.478790744999999907e-01,4.297575338356510871e-03
2.479881714000000126e-01,4.296356548024666752e-03
2.480468959999999889e-01,4.295700452720869859e-03
2.480552839999999870e-01,4.295606734898609405e-03
2.480720593999999890e-01,4.295419306813049766e-03
2.481056066000000004e-01,4.295044480871372701e-03
2.481223785999999987e-01,4.294857083014487660e-03
2.481475343000000000e-01,4.294576005119441799e-03
2.481726874999999888e-01,4.294294949891247840e-03
2.481810714000000084e-01,4.294201269852104298e-03
2.482062211999999934e-01,4.293920244842807168e-03
2.482565132000000008e-01,4.293358262807593119e-03
2.482816552999999871e-01,4.293077305777179796e-03
2.483486886999999865e-01,4.292328197783329413e-03
2.483738215000000082e-01,4.292047323812067661e-03
2.483821985999999926e-01,4.291953704187960808e-03
2.484575793000000088e-01,4.291111240794848701e-03
2.484743275000000085e-01,4.290924054381139996e-03
2.484827011000000085e-01,4.290830464947167390e-03
2.485161928999999881e-01,4.290456132365378858e-03
2.485245651999999916e-01,4.290362555507939817e-03
2.485496802000000116e-01,4.290081840024171159e-03
2.485747927999999995e-01,4.289801147173447245e-03
2.487086833999999913e-01,4.288304500786013079e-03
2.487254145999999999e-01,4.288117465231921707e-03
2.487505094000000139e-01,4.287836930749440792e-03
2.488759453000000121e-01,4.286434597525316109e-03
2.488843054000000055e-01,4.286341128739867661e-03
2.489093842000000001e-01,4.286060737452564683e-03
2.489261020000000102e-01,4.285873822484752987e-03
2.489511765000000099e-01,4.285593468866163644e-03
2.489846052999999948e-01,4.285219699194223186e-03
2.490096739000000059e-01,4.284939398302157511e-03
2.490598036999999987e-01,4.284378864296476547e-03
2.490848647999999999e-01,4.284098631178412560e-03
2.491099233000000079e-01,4.283818420647489064e-03
2.491182755999999943e-01,4.283725022156137548e-03
2.491266276000000113e-01,4.283631626174027110e-03
2.491767337999999943e-01,4.283071302974411458e-03
2.491934336000000139e-01,4.282884548645806561e-03
2.492518742000000009e-01,4.282230987514058090e-03
2.492602217999999870e-01,4.282137631671335994e-03
2.492769159999999873e-01,4.281950927509426547e-03
2.492852627000000099e-01,4.281857579190341545e-03
2.493854013000000036e-01,4.280737594945844063e-03
2.494104296000000109e-01,4.280457655293721728e-03
2.494604787999999962e-01,4.279897843666265710e-03
2.494854995999999936e-01,4.279617971686107761e-03
2.495271954000000125e-01,4.279151568502896803e-03
2.495522095999999912e-01,4.278871756659592684e-03
2.495855579000000046e-01,4.278498709275366241e-03
2.496439065999999929e-01,4.277845972789772085e-03
2.496522411000000052e-01,4.277752734738983313e-03
2.496605752000000122e-01,4.277659499192069253e-03
2.497105742999999878e-01,4.277100138497733940e-03
2.497189065000000041e-01,4.277006920479176251e-03
2.497522325000000043e-01,4.276634073440355004e-03
2.497772241000000004e-01,4.276354464447050703e-03
2.497938838000000050e-01,4.276168070967294003e-03
2.498605114000000127e-01,4.275422597161132252e-03
2.498854920999999951e-01,4.275143085774869324e-03
2.499520953000000101e-01,4.274397832165656788e-03
2.499770668999999890e-01,4.274118403339030071e-03
2.499853901999999906e-01,4.274025265399382899e-03
2.500186806999999956e-01,4.273652738651808301e-03
2.500519668000000251e-01,4.273280251918167710e-03
2.500769284000000092e-01,4.273000913123787409e-03
2.501268441999999759e-01,4.272442303041608727e-03
2.501850668000000222e-01,4.271790705020539480e-03
2.502100151000000161e-01,4.271511486216573485e-03
2.502515901999999848e-01,4.271046171523716801e-03
2.502848453000000029e-01,4.270673964745508311e-03
2.503097837000000103e-01,4.270394835895025346e-03
2.503264078999999920e-01,4.270208762485282541e-03
2.503513421999999933e-01,4.269929671105275083e-03
2.504510544999999921e-01,4.268813530359083681e-03
2.504593620000000187e-01,4.268720534861013272e-03
2.504759763000000139e-01,4.268534551355123927e-03
2.504842830999999825e-01,4.268441563347436830e-03
2.505092016000000088e-01,4.268162614301527005e-03
2.505258126000000085e-01,4.267976660752269454e-03
2.506586610000000048e-01,4.266489391741568049e-03
2.506835621999999875e-01,4.266210599914045838e-03
2.507499534000000030e-01,4.265467264796735970e-03
2.507748455000000098e-01,4.265188555280137461e-03
2.508495071999999881e-01,4.264352561383576677e-03
2.508578014999999772e-01,4.264259685638675454e-03
2.508826829999999952e-01,4.263981073362329254e-03
2.509158544000000268e-01,4.263609625224420649e-03
2.509241466000000087e-01,4.263516769421339322e-03
2.509490214999999802e-01,4.263238216965078639e-03
2.509821841000000053e-01,4.262866848578863131e-03
2.509904741000000272e-01,4.262774012711956911e-03
2.510070533000000048e-01,4.262588348453277831e-03
2.510484962999999792e-01,4.262124231406504149e-03
2.510567840999999856e-01,4.262031415471063261e-03
2.510816458999999834e-01,4.261752982610281064e-03
2.511230765999999948e-01,4.261288977657815176e-03
2.511396470000000214e-01,4.261103393110850755e-03
2.511810682000000239e-01,4.260639475321068188e-03
2.512142002000000152e-01,4.260268385907811997e-03
2.512556090999999991e-01,4.259804580156327340e-03
2.512721708000000276e-01,4.259619075280745258e-03
2.512804511999999768e-01,4.259526326576203170e-03
2.513218492000000026e-01,4.259062620387537440e-03
2.513715176999999912e-01,4.258506255082865864e-03
2.513797949000000087e-01,4.258413536241000344e-03
2.514046247000000234e-01,4.258135394642946492e-03
2.514460022000000183e-01,4.257671875066875930e-03
2.515452805000000236e-01,4.256559681780767296e-03
2.515700939000000136e-01,4.256281689409440773e-03
2.515866348999999946e-01,4.256096373593532857e-03
2.516445196000000051e-01,4.255447846543868734e-03
2.516693233000000252e-01,4.255169943664275679e-03
2.517437196000000266e-01,4.254336369222056630e-03
2.517767776000000013e-01,4.253965956294892409e-03
2.518015681999999922e-01,4.253688172684452935e-03
2.518098312000000005e-01,4.253595583115780260e-03
2.518428804999999771e-01,4.253225249680041634e-03
2.518511421999999889e-01,4.253132672530761729e-03
2.518759254999999864e-01,4.252854955982924255e-03
2.519007064000000073e-01,4.252577261785399354e-03
2.519172256000000165e-01,4.252392144735837702e-03
2.520328298999999772e-01,4.251096603444986903e-03
2.520493404999999965e-01,4.250911565832399611e-03
2.520741042999999904e-01,4.250634028026006525e-03
2.521071189999999906e-01,4.250264012357667098e-03
2.521401293000000154e-01,4.249894036388096250e-03
2.521978870000000095e-01,4.249246673950267048e-03
2.522391344000000091e-01,4.248784346619756576e-03
2.522721273999999902e-01,4.248414529394059676e-03
2.523133626999999879e-01,4.247952313652348169e-03
2.523298548999999835e-01,4.247767444710836247e-03
2.523628360999999876e-01,4.247397736575684972e-03
2.523710806999999723e-01,4.247305315738800387e-03
2.524370280000000077e-01,4.246566038270254383e-03
2.524699952000000192e-01,4.246196459011325301e-03
2.525359166999999738e-01,4.245457419419984210e-03
2.525688709999999726e-01,4.245087959077647848e-03
2.525935838999999739e-01,4.244810889827408708e-03
2.526347666000000047e-01,4.244349157273933151e-03
2.526430023999999830e-01,4.244256818192184214e-03
2.526677079999999909e-01,4.243979815802766641e-03
2.527088786999999726e-01,4.243518194670491475e-03
2.527335779000000060e-01,4.243241251697490134e-03
2.527665063999999795e-01,4.242872029053250220e-03
2.527747378999999905e-01,4.242779729579577649e-03
2.528323505999999776e-01,4.242133702556637360e-03
2.528405798999999732e-01,4.242041422879924001e-03
2.528899500999999828e-01,4.241487796774965832e-03
2.529064046999999760e-01,4.241303274531134891e-03
2.529310846999999751e-01,4.241026509717559130e-03
2.529557621999999895e-01,4.240749767163809296e-03
2.529639873999999788e-01,4.240657524592211791e-03
2.529886617000000060e-01,4.240380811716288993e-03
2.529968859999999764e-01,4.240288579036958182e-03
2.530297801999999985e-01,4.239919673045320844e-03
2.530380031000000196e-01,4.239827452728764899e-03
2.530873348000000078e-01,4.239274182746669700e-03
2.531284373000000087e-01,4.238813192406891764e-03
2.531613144000000037e-01,4.238444444622411870e-03
2.532517045000000078e-01,4.237430592076107255e-03
2.532599201999999883e-01,4.237338438486597941e-03
2.533009947000000039e-01,4.236877707591651075e-03
2.533502751999999747e-01,4.236324912023081701e-03
2.533584877000000235e-01,4.236232788071867678e-03
2.533666998999999920e-01,4.236140666590063747e-03
2.534323881000000167e-01,4.235403783621991512e-03
2.534816430999999870e-01,4.234851225081857212e-03
2.535226816000000216e-01,4.234390827507809006e-03
2.535883293999999788e-01,4.233654319711063936e-03
2.536211468999999830e-01,4.233286125027752207e-03
2.536457571999999883e-01,4.233010004917597303e-03
2.536539601000000199e-01,4.232917969814411173e-03
2.536785672999999908e-01,4.232641879303705897e-03
2.537523744999999886e-01,4.231813740945354618e-03
2.537769720999999978e-01,4.231537739210150181e-03
2.538179629000000270e-01,4.231077785625575634e-03
2.538261601999999839e-01,4.230985802303786382e-03
2.538753388000000166e-01,4.230433954135854983e-03
2.538835342999999911e-01,4.230341988067053832e-03
2.538917294999999963e-01,4.230250024462907030e-03
2.539163137000000070e-01,4.229974148436344873e-03
2.539408953999999774e-01,4.229698294586226558e-03
2.539490888000000002e-01,4.229606348230529819e-03
2.540228173999999894e-01,4.228778941892569893e-03
2.540391986000000157e-01,4.228595100913263780e-03
2.540473887999999958e-01,4.228503184118012279e-03
2.540883359000000175e-01,4.228043637083701671e-03
2.541374638000000186e-01,4.227492261903290083e-03
2.541702103999999851e-01,4.227124727690845588e-03
2.542111376999999783e-01,4.226665365313021262e-03
2.542193224000000029e-01,4.226573500221876035e-03
2.542438747999999915e-01,4.226297919715154248e-03
2.542847903000000076e-01,4.225838668089704209e-03
2.543093363999999745e-01,4.225563146642339653e-03
2.543420608999999999e-01,4.225195819158002013e-03
2.544320314999999888e-01,4.224185871517731339e-03
2.544647401999999836e-01,4.223818691612925627e-03
2.545383193999999905e-01,4.222992680666610814e-03
2.545464935999999789e-01,4.222900913964781379e-03
2.545628410999999924e-01,4.222717387935411189e-03
2.546037052999999828e-01,4.222258615876052848e-03
2.546118773000000113e-01,4.222166868837104112e-03
2.546363918999999809e-01,4.221891642465842864e-03
2.546772442999999941e-01,4.221432980992221272e-03
2.546935834999999870e-01,4.221249533601864785e-03
2.547262585999999773e-01,4.220882668301501398e-03
2.547670966000000203e-01,4.220424141945863447e-03
2.547997623000000100e-01,4.220057365071137531e-03
2.548079280000000169e-01,4.219965676992110809e-03
2.548324236999999770e-01,4.219690627488765708e-03
2.548977342000000035e-01,4.218957270181506250e-03
2.549222212999999737e-01,4.218682301698604108e-03
2.549956684999999945e-01,4.217857528789933919e-03
2.550038278999999797e-01,4.217765899626049059e-03
2.550283049000000024e-01,4.217491026857998759e-03
2.550527793999999848e-01,4.217216176172302634e-03
2.550609370999999959e-01,4.217124564184264457e-03
2.550690944999999821e-01,4.217032954649001242e-03
2.551261890000000032e-01,4.216391756590030099e-03
2.551914242000000166e-01,4.215659105968685288e-03
2.551995774999999966e-01,4.215567535676218586e-03
2.552647940000000171e-01,4.214835061601521736e-03
2.552892458000000087e-01,4.214560424273367314e-03
2.553218447000000224e-01,4.214194275485480881e-03
2.553462911000000113e-01,4.213919689628495800e-03
2.553544394000000217e-01,4.213828165911166074e-03
2.553951769000000205e-01,4.213370584079475026e-03
2.554196163999999936e-01,4.213096064383512786e-03
2.554440533999999818e-01,4.212821566736329147e-03
2.554603435000000200e-01,4.212638580553599438e-03
2.554847767000000269e-01,4.212364119651134178e-03
2.555092075000000018e-01,4.212089680792306667e-03
2.555173506000000261e-01,4.211998206070950018e-03
2.555743448999999723e-01,4.211357951589466721e-03
2.556069074999999802e-01,4.210992145754181501e-03
2.556476047999999834e-01,4.210534943542969602e-03
2.556557434000000240e-01,4.210443510444038077e-03
2.557208436000000251e-01,4.209712133766483136e-03
2.557371159999999866e-01,4.209529314069527378e-03
2.558103292000000195e-01,4.208706746547575053e-03
2.558509941000000065e-01,4.208249850213215647e-03
2.558753899999999804e-01,4.207975741763815385e-03
2.559079141999999751e-01,4.207610298069357907e-03
2.559810785000000144e-01,4.206788192801662156e-03
2.560054620000000170e-01,4.206514201719129854e-03
2.560460958999999925e-01,4.206057598801137172e-03
2.560948480999999943e-01,4.205509755952190239e-03
2.561029725999999784e-01,4.205418457363597345e-03
2.561679591000000089e-01,4.204688156614372341e-03
2.562004460999999789e-01,4.204323064871330791e-03
2.562248086999999730e-01,4.204049271711435970e-03
2.562329289999999982e-01,4.203958012209632437e-03
2.562897643000000003e-01,4.203319264075789513e-03
2.563060005999999724e-01,4.203136786585919341e-03
2.563628196000000137e-01,4.202498192276539132e-03
2.563709356000000161e-01,4.202406974282771324e-03
2.563952820000000021e-01,4.202133334947265493e-03
2.564358541000000269e-01,4.201677318201858975e-03
2.564601942999999995e-01,4.201403737439431824e-03
2.564926444000000250e-01,4.201038997251389795e-03
2.565575320999999853e-01,4.200309633981028426e-03
2.565899697999999840e-01,4.199945010889634747e-03
2.566305112000000221e-01,4.199489286900316698e-03
2.567602005999999881e-01,4.198031379759283553e-03
2.567764072000000009e-01,4.197849185244639965e-03
2.567845100999999741e-01,4.197758091643017178e-03
2.568250208000000256e-01,4.197302660189701495e-03
2.568817250000000052e-01,4.196665158494026528e-03
2.568898245999999830e-01,4.196574096568339053e-03
2.569060228999999751e-01,4.196391980025350639e-03
2.569546120000000267e-01,4.195845688856445974e-03
2.570193830999999984e-01,4.195117437015179196e-03
2.570355732999999865e-01,4.194935398404606511e-03
2.570436680000000029e-01,4.194844382751554933e-03
2.570679506999999919e-01,4.194571350400307964e-03
2.570760443999999811e-01,4.194480344485255856e-03
2.571084167000000087e-01,4.194116345168328285e-03
2.571407848999999746e-01,4.193752384795744990e-03
2.571650583999999795e-01,4.193479440070536392e-03
2.572135984999999736e-01,4.192933616322513241e-03
2.572378651000000183e-01,4.192660737295346267e-03
2.572702170999999760e-01,4.192296932651923443e-03
2.572944784000000262e-01,4.192024104710786840e-03
2.573268231999999989e-01,4.191660368173944287e-03
2.573349086999999757e-01,4.191569440119699390e-03
2.573429939999999916e-01,4.191478514497603593e-03
2.573995841000000229e-01,4.190842103229035741e-03
2.574319157000000136e-01,4.190478493136904660e-03
2.574642433000000064e-01,4.190114921940743357e-03
2.575288861999999734e-01,4.189387896215475242e-03
2.575369653999999842e-01,4.189297028936081642e-03
2.575531231000000032e-01,4.189115301666843615e-03
2.575854354000000068e-01,4.188751876286044701e-03
2.576258201000000136e-01,4.188297649223859248e-03
2.576500479000000121e-01,4.188025142137126455e-03
2.576823481000000138e-01,4.187661833359671709e-03
2.576904225000000159e-01,4.187571012236829780e-03
2.577953667999999809e-01,4.186390558612755781e-03
2.578195786999999961e-01,4.186118204505474144e-03
2.578437882999999875e-01,4.185845872244176730e-03
2.578518576000000118e-01,4.185755099678229417e-03
2.579244705000000026e-01,4.184938255790393233e-03
2.579809330000000234e-01,4.184303068644962438e-03
2.580131916999999775e-01,4.183940157931304027e-03
2.580373831000000173e-01,4.183668000364319448e-03
2.580454463999999892e-01,4.183577286025827111e-03
2.580696348000000029e-01,4.183305157562051957e-03
2.581180048000000227e-01,4.182760966106213035e-03
2.581824839999999899e-01,4.182035513269332164e-03
2.581986012999999969e-01,4.181854174300753124e-03
2.582066595999999992e-01,4.181763508452372886e-03
2.582388901000000070e-01,4.181400869294067332e-03
2.582711166000000169e-01,4.181038268910084073e-03
2.583033390999999734e-01,4.180675707295661292e-03
2.583113940999999802e-01,4.180585072949034517e-03
2.583597188000000267e-01,4.180041317744158900e-03
2.583758251000000117e-01,4.179860085388347954e-03
2.583999825000000139e-01,4.179588255019537311e-03
2.584563410999999866e-01,4.178954068921353349e-03
2.584965898000000095e-01,4.178501151493393614e-03
2.585287841999999725e-01,4.178138861128793784e-03
2.585690214999999959e-01,4.177686052636892140e-03
2.585931609000000075e-01,4.177414396585990564e-03
2.586172981000000037e-01,4.177142762315381834e-03
2.586253432999999768e-01,4.177052222398538496e-03
2.586896960999999773e-01,4.176327990166885627e-03
2.587138241999999977e-01,4.176056442998002036e-03
2.587218664000000001e-01,4.175965932112848077e-03
2.587620736999999838e-01,4.175513413968802434e-03
2.588183534999999869e-01,4.174879990140931314e-03
2.588505079000000264e-01,4.174518086864051000e-03
2.588826583000000126e-01,4.174156222269622893e-03
2.588906952000000206e-01,4.174065762164412552e-03
2.589148047000000008e-01,4.173794396352218175e-03
2.590754766999999736e-01,4.171985846756177778e-03
2.590835076999999931e-01,4.171895444644548728e-03
2.590995689999999740e-01,4.171714647667291304e-03
2.591075991999999828e-01,4.171624252801572723e-03
2.591316884000000043e-01,4.171353082695527549e-03
2.591477467000000146e-01,4.171172314699715840e-03
2.591718322000000074e-01,4.170901180817564342e-03
2.591959153999999765e-01,4.170630068666658120e-03
2.592039427000000229e-01,4.170539702778594884e-03
2.592681518000000129e-01,4.169816862582998752e-03
2.592761767999999800e-01,4.169726518420839578e-03
2.593243217000000267e-01,4.169184504132758366e-03
2.593403679999999878e-01,4.169003852009575857e-03
2.593564133999999854e-01,4.168823209538716559e-03
2.593644355999999984e-01,4.168732891922404503e-03
2.594687028000000062e-01,4.167558982449894034e-03
2.594847402000000081e-01,4.167378417174317021e-03
2.595328464000000168e-01,4.166836779224553956e-03
2.595568961999999980e-01,4.166565992802300118e-03
2.595889591000000163e-01,4.166204977992585094e-03
2.596130036000000030e-01,4.165934242198057226e-03
2.596450596000000055e-01,4.165573294884665836e-03
2.596530729000000037e-01,4.165483064081845072e-03
2.596610860999999937e-01,4.165392835689496302e-03
2.597091596000000169e-01,4.164851515941188007e-03
2.597171710000000244e-01,4.164761304417030977e-03
2.597251821000000072e-01,4.164671095302151585e-03
2.597812532000000063e-01,4.164039698958900762e-03
2.597892623999999984e-01,4.163949509117648336e-03
2.598693404999999901e-01,4.163047743175132993e-03
2.598773468999999725e-01,4.162957579826183710e-03
2.599013647999999788e-01,4.162687104228059327e-03
2.599173754999999919e-01,4.162506799201305674e-03
2.599413897000000251e-01,4.162236359717907952e-03
2.599734050999999990e-01,4.161875807443132097e-03
2.600054166999999916e-01,4.161515293681817759e-03
2.600374241999999780e-01,4.161154818428564744e-03
2.600454254999999826e-01,4.161064705631760396e-03
2.600694278999999831e-01,4.160794381679265228e-03
2.601654151000000192e-01,4.159713302404713896e-03
2.602213912999999934e-01,4.159082832787049967e-03
2.602293869999999787e-01,4.158992775318233470e-03
2.602533723000000077e-01,4.158722617339881585e-03
2.602613670000000212e-01,4.158632569489758082e-03
2.603253152000000181e-01,4.157912273237424593e-03
2.603492917999999934e-01,4.157642201807320442e-03
2.603652748999999988e-01,4.157462166204857826e-03
2.603812570999999854e-01,4.157282140216285622e-03
2.604291977000000036e-01,4.156742119925457314e-03
2.604531647000000172e-01,4.156472142218761538e-03
2.605809512999999744e-01,4.155032626257927804e-03
2.606208717999999869e-01,4.154582903606689019e-03
2.606448211999999875e-01,4.154313098828519776e-03
2.606687683000000200e-01,4.154043315657130267e-03
2.607086753999999784e-01,4.153593725048323158e-03
2.607326166000000223e-01,4.153323999485199897e-03
2.607405965999999853e-01,4.153234095764312718e-03
2.608363368000000126e-01,4.152155438281596167e-03
2.608762182000000096e-01,4.151706099627263703e-03
2.609240679000000007e-01,4.151166972395249795e-03
2.609320419999999752e-01,4.151077126250613675e-03
2.609400157999999803e-01,4.150987282503972552e-03
2.609958258999999781e-01,4.150358443416940143e-03
2.610037977999999925e-01,4.150268618852139164e-03
2.610197408000000108e-01,4.150088976914538541e-03
2.610914724999999770e-01,4.149280706851151378e-03
2.611153787000000115e-01,4.149011326637357111e-03
2.611233468999999974e-01,4.148921538025744475e-03
2.611472502000000140e-01,4.148652186568021517e-03
2.611870841000000221e-01,4.148203315391808636e-03
2.612428413999999810e-01,4.147574996361385116e-03
2.612826608000000106e-01,4.147126268910138192e-03
2.613145118999999905e-01,4.146767330055360634e-03
2.613782023999999815e-01,4.146049567276390534e-03
2.613861626999999799e-01,4.145959857702164776e-03
2.614020824000000132e-01,4.145780445735306255e-03
2.614100419000000008e-01,4.145690743342552928e-03
2.614339189000000063e-01,4.145421650524668683e-03
2.614418774999999751e-01,4.145331957705742330e-03
2.615055370000000101e-01,4.144614501304946796e-03
2.615691810999999922e-01,4.143897198036693499e-03
2.615771355000000020e-01,4.143807545893256165e-03
2.616248568999999802e-01,4.143269683262132408e-03
2.616566664000000153e-01,4.142911156007399696e-03
2.616646181000000237e-01,4.142821530171901696e-03
2.616884718999999970e-01,4.142552667012849334e-03
2.617600204000000153e-01,4.141746206639339289e-03
2.617679689999999892e-01,4.141656611883528724e-03
2.618315492000000133e-01,4.140939939879711984e-03
2.618553878000000057e-01,4.140671227309104113e-03
2.618871693000000000e-01,4.140312977332999411e-03
2.619110028000000145e-01,4.140044314936447423e-03
2.619427775000000014e-01,4.139686131852251399e-03
2.619586634000000136e-01,4.139507054641657254e-03
2.619824904999999982e-01,4.139238456739292166e-03
2.620221973999999898e-01,4.138790841331166023e-03
2.620460186999999941e-01,4.138522300741138103e-03
2.620777770000000118e-01,4.138164280047111968e-03
2.621412820999999838e-01,4.137448353245579656e-03
2.621650924999999743e-01,4.137179920077656801e-03
2.622365108999999972e-01,4.136374749437170262e-03
2.622603126999999978e-01,4.136106402170955897e-03
2.622682460999999909e-01,4.136016957853493742e-03
2.622920450999999820e-01,4.135748639214427771e-03
2.623396364000000203e-01,4.135212066337114710e-03
2.624030781000000201e-01,4.134496769382922481e-03
2.624506494000000134e-01,4.133960396808289244e-03
2.624585770999999790e-01,4.133871009722936765e-03
2.625219899999999829e-01,4.133155998848957874e-03
2.625299155999999967e-01,4.133066633214626043e-03
2.625457659000000055e-01,4.132887909095030177e-03
2.625536908000000169e-01,4.132798550609717569e-03
2.625933113000000207e-01,4.132351793924050019e-03
2.626170808000000134e-01,4.132083768503012032e-03
2.626487699999999759e-01,4.131726434626043984e-03
2.626725344999999989e-01,4.131458459229326620e-03
2.627200568999999986e-01,4.130922572740160399e-03
2.627438148999999834e-01,4.130654661644206534e-03
2.627675707000000083e-01,4.130386771977558914e-03
2.627834068000000078e-01,4.130208190771035050e-03
2.627992418000000274e-01,4.130029619086804729e-03
2.628388253999999757e-01,4.129583231535205110e-03
2.628704879000000050e-01,4.129226164337218910e-03
2.629021465999999974e-01,4.128869135217288176e-03
2.629258881000000048e-01,4.128601388363397837e-03
2.629338015000000084e-01,4.128512144170710073e-03
2.630524734999999947e-01,4.127173766754647227e-03
2.630920189000000020e-01,4.126727759870029051e-03
2.630999272999999805e-01,4.126638565626877114e-03
2.631473724999999764e-01,4.126103450096662954e-03
2.631552791999999807e-01,4.126014272495753289e-03
2.631631857000000241e-01,4.125925097272400109e-03
2.631869036000000217e-01,4.125657585864070387e-03
2.632106195000000204e-01,4.125390095848110311e-03
2.632185242999999786e-01,4.125300937262832597e-03
2.632264288999999757e-01,4.125211781054351559e-03
2.632817541999999955e-01,4.124587754132746573e-03
2.632896569000000020e-01,4.124498616934448719e-03
2.633054615000000043e-01,4.124320349665503913e-03
2.633133635000000083e-01,4.124231219594768488e-03
2.633528696999999918e-01,4.123785604874944007e-03
2.634002693999999978e-01,4.123250945597175393e-03
2.634081684999999839e-01,4.123161844030026613e-03
2.634397626000000159e-01,4.122805461509546077e-03
2.635424171999999898e-01,4.121647480679037356e-03
2.635661011000000054e-01,4.121380311305431962e-03
2.636529236999999859e-01,4.120400873000582172e-03
2.636608152000000094e-01,4.120311847391280174e-03
2.636687065000000163e-01,4.120222824154623660e-03
2.636844884000000278e-01,4.120044784798037110e-03
2.637160493999999855e-01,4.119688734551894826e-03
2.637318284999999873e-01,4.119510723660514163e-03
2.637554952999999758e-01,4.119243725111819410e-03
2.637949352999999775e-01,4.118798774961092597e-03
2.638107096999999790e-01,4.118620811500204627e-03
2.638501415000000239e-01,4.118175944339097332e-03
2.638816826000000004e-01,4.117820093283012725e-03
2.639211038000000009e-01,4.117375332796421872e-03
2.639447536000000261e-01,4.117108504944835476e-03
2.639762835000000196e-01,4.116752767653667627e-03
2.640078095999999763e-01,4.116397068274449400e-03
2.640472119000000228e-01,4.115952497356516193e-03
2.640708505000000095e-01,4.115685783232876996e-03
2.641102433999999999e-01,4.115241307064303189e-03
2.641653836000000255e-01,4.114619139892904467e-03
2.642205122999999878e-01,4.113997088739985292e-03
2.642362612999999971e-01,4.113819381145598052e-03
2.642598829000000205e-01,4.113552837506097813e-03
2.642835024999999893e-01,4.113286315168379961e-03
2.642913752000000116e-01,4.113197479122625115e-03
2.644173067000000210e-01,4.111776424189300151e-03
2.644409121999999890e-01,4.111510043811569468e-03
2.644487803000000192e-01,4.111421255082696805e-03
2.644881169000000143e-01,4.110977346912812747e-03
2.645667725999999997e-01,4.110089707917049563e-03
2.646060916999999901e-01,4.109645977072653132e-03
2.646375427000000058e-01,4.109291034942429317e-03
2.647004336000000069e-01,4.108581264115522026e-03
2.647240138999999992e-01,4.108315139042703103e-03
2.647868842000000167e-01,4.107605576125415020e-03
2.648025995000000132e-01,4.107428209016625829e-03
2.648575954999999871e-01,4.106807498527527064e-03
2.648654511999999905e-01,4.106718835045894932e-03
2.648890166999999796e-01,4.106452858768421844e-03
2.649204341999999990e-01,4.106098256784537943e-03
2.649282880000000118e-01,4.106009612190217664e-03
2.649439948000000267e-01,4.105832330083482480e-03
2.651088608000000124e-01,4.103971437896913703e-03
2.651402521999999817e-01,4.103617100207377494e-03
2.651716398999999780e-01,4.103262800255562219e-03
2.651951781999999924e-01,4.102997100054230246e-03
2.652030239000000011e-01,4.102908538036610653e-03
2.652265594000000060e-01,4.102642866131672554e-03
2.652657807000000090e-01,4.102200126778509856e-03
2.652971534999999936e-01,4.101845977729781483e-03
2.653206806999999778e-01,4.101580390693360979e-03
2.653598880999999965e-01,4.101137792770064364e-03
2.653677287999999801e-01,4.101049280255325731e-03
2.653912498000000064e-01,4.100783756849515557e-03
2.654147686000000173e-01,4.100518254649905374e-03
2.654304466999999890e-01,4.100341264963606146e-03
2.654774753999999959e-01,4.099810352443838610e-03
2.654853126999999757e-01,4.099721875268380958e-03
2.654931497999999945e-01,4.099633400448285739e-03
2.655480028000000159e-01,4.099014142651308083e-03
2.655558379999999885e-01,4.098925686671476415e-03
2.655793423000000208e-01,4.098660332859669145e-03
2.656185114999999874e-01,4.098218123595879885e-03
2.656655068000000064e-01,4.097687550163788689e-03
2.656968324999999798e-01,4.097333881617042269e-03
2.657046632999999769e-01,4.097245470364123746e-03
2.657438140000000226e-01,4.096803449397146656e-03
2.657907871999999894e-01,4.096273101883119230e-03
2.658064431000000116e-01,4.096096338199410776e-03
2.658299251999999835e-01,4.095831210315883063e-03
2.659238329999999983e-01,4.094770910455930446e-03
2.659316570999999962e-01,4.094682567418949162e-03
2.659785971999999998e-01,4.094152558570774911e-03
2.659864196999999764e-01,4.094064231990678093e-03
2.659942419999999919e-01,4.093975907761174086e-03
2.660489917000000148e-01,4.093357703968670408e-03
2.660724523999999924e-01,4.093092794738984255e-03
2.661428221000000094e-01,4.092298193934200586e-03
2.661819084000000002e-01,4.091856831269012444e-03
2.662053574000000089e-01,4.091592041856071359e-03
2.662288043000000104e-01,4.091327273580975220e-03
2.662366194999999935e-01,4.091239022186412416e-03
2.662991326999999964e-01,4.090533095561666582e-03
2.663069457999999723e-01,4.090444865299333425e-03
2.663225712999999772e-01,4.090268411817147426e-03
2.663928749999999734e-01,4.089474487342947308e-03
2.664163053999999975e-01,4.089209888097723733e-03
2.664241151000000252e-01,4.089121693042675580e-03
2.664475426999999841e-01,4.088857121956543383e-03
2.664865842999999956e-01,4.088416217073087035e-03
2.665178134000000254e-01,4.088063535394319443e-03
2.665568447000000174e-01,4.087622736074007258e-03
2.665802607000000157e-01,4.087358284626116216e-03
2.666192828000000237e-01,4.086917579114449778e-03
2.666817062999999877e-01,4.086212572219144988e-03
2.666973099000000125e-01,4.086036343938494360e-03
2.667051113000000195e-01,4.085948233313997299e-03
2.667285142999999970e-01,4.085683915504382049e-03
2.667675146999999858e-01,4.085243432695529267e-03
2.667909122000000077e-01,4.084979171131201958e-03
2.668299035000000208e-01,4.084538782052601034e-03
2.668610925000000078e-01,4.084186512960084198e-03
2.668922778000000218e-01,4.083834281347534408e-03
2.669546374000000277e-01,4.083129930542558385e-03
2.669780185000000250e-01,4.082865837629558355e-03
2.670481496000000066e-01,4.082073685317636272e-03
2.670715224999999915e-01,4.081809676682686058e-03
2.670793129999999849e-01,4.081721678485542883e-03
2.671182622000000118e-01,4.081281722605075574e-03
2.671727815000000117e-01,4.080665882654035612e-03
2.671805690999999872e-01,4.080577914877035403e-03
2.671961435999999912e-01,4.080401986341429532e-03
2.672350756999999910e-01,4.079962205939785536e-03
2.672428614999999841e-01,4.079874256876839939e-03
2.672662174000000057e-01,4.079610423721104218e-03
2.672895712000000201e-01,4.079346611613390329e-03
2.673051392999999942e-01,4.079170748567475385e-03
2.673207065000000049e-01,4.078994894874877174e-03
2.673284898000000132e-01,4.078906971536190237e-03
2.673596206000000142e-01,4.078555301560703693e-03
2.674296514999999763e-01,4.077764180871592224e-03
2.674452115000000019e-01,4.077588401984954050e-03
2.674529910999999816e-01,4.077500516046913930e-03
2.674918859000000038e-01,4.077061121410871687e-03
2.675152199999999980e-01,4.076797512668544829e-03
2.676085362999999773e-01,4.075743287953731767e-03
2.676163112000000122e-01,4.075655451076611036e-03
2.676629556999999826e-01,4.075128478855381473e-03
2.676707291000000044e-01,4.075040658324617301e-03
2.676785020999999931e-01,4.074952840128757969e-03
2.677018199999999792e-01,4.074689399550526607e-03
2.677251359000000219e-01,4.074425979983537470e-03
2.677329073999999975e-01,4.074338178130316318e-03
2.678649882999999954e-01,4.072845903716855974e-03
2.678882899999999734e-01,4.072582631176656885e-03
2.679814763000000211e-01,4.071529750955309168e-03
2.679892403999999950e-01,4.071442026096653254e-03
2.680125312000000148e-01,4.071178865511686576e-03
2.680513447999999799e-01,4.070740311170996731e-03
2.681755104999999917e-01,4.069337328903472294e-03
2.681910271999999873e-01,4.069161998069949562e-03
2.681987852000000117e-01,4.069074336148131681e-03
2.682220578000000244e-01,4.068811364362432022e-03
2.682298148999999743e-01,4.068723711760206113e-03
2.682608410999999804e-01,4.068373124647429659e-03
2.682918636000000134e-01,4.068022574804642383e-03
2.682996187000000199e-01,4.067934943167155100e-03
2.683151281999999749e-01,4.067759686878725557e-03
2.683538979999999796e-01,4.067321586912269263e-03
2.683616513000000037e-01,4.067233973904990467e-03
2.684081662999999729e-01,4.066708344755573523e-03
2.684391718999999954e-01,4.066357971884437990e-03
2.684469226999999791e-01,4.066270384485828025e-03
2.684701737999999893e-01,4.066007636256620261e-03
2.684779237000000096e-01,4.065920058168484563e-03
2.685476631000000003e-01,4.065131960098608728e-03
2.685709055000000123e-01,4.064869302625667181e-03
2.686096383000000087e-01,4.064431586699298812e-03
2.686328754000000263e-01,4.064168985057943148e-03
2.686638550000000070e-01,4.063818882098869933e-03
2.686870874000000242e-01,4.063556329299227929e-03
2.687180606999999832e-01,4.063206291454625821e-03
2.687335459999999898e-01,4.063031286483231169e-03
2.687567724000000102e-01,4.062768796463922180e-03
2.687954785000000180e-01,4.062331359592605447e-03
2.688573966000000204e-01,4.061631581463405645e-03
2.689115632999999894e-01,4.061019397602908844e-03
2.689193005000000136e-01,4.060931952059506148e-03
2.689657191000000003e-01,4.060407327584828439e-03
2.689811901999999977e-01,4.060232471343243506e-03
2.690043951000000155e-01,4.059970204400814402e-03
2.690353319000000076e-01,4.059620547658362132e-03
2.690585321999999779e-01,4.059358329484545440e-03
2.690662651999999877e-01,4.059270928070358650e-03
2.690971949000000030e-01,4.058921345632502710e-03
2.691281211000000062e-01,4.058571800340219846e-03
2.691513132999999725e-01,4.058309665744456486e-03
2.691667736999999727e-01,4.058134920953156317e-03
2.692208782000000133e-01,4.057523387288816848e-03
2.692749717999999848e-01,4.056911967325849480e-03
2.692826984999999729e-01,4.056824630897172719e-03
2.692904251000000082e-01,4.056737296788624422e-03
2.693058775000000127e-01,4.056562635529794257e-03
2.693136033999999901e-01,4.056475308380295616e-03
2.693445046999999870e-01,4.056126022976285980e-03
2.693985734000000076e-01,4.055514862808896025e-03
2.694294649000000264e-01,4.055165679442185138e-03
2.694680743999999795e-01,4.054729252398937660e-03
2.694757956000000121e-01,4.054641973945103707e-03
2.695529957000000199e-01,4.053769316886729999e-03
2.696533227999999838e-01,4.052635209141219712e-03
2.696610387999999747e-01,4.052547986300922105e-03
2.696764698999999932e-01,4.052373547568515443e-03
2.696841851999999817e-01,4.052286331677057776e-03
2.697227582000000234e-01,4.051850286958048539e-03
2.697458992999999805e-01,4.051588687916410532e-03
2.697690385000000024e-01,4.051327109714370801e-03
2.697767510999999896e-01,4.051239921611469313e-03
2.697998876000000101e-01,4.050978371192689650e-03
2.698384441000000189e-01,4.050542500128381275e-03
2.698461547000000071e-01,4.050455332859555571e-03
2.699001228999999835e-01,4.049845226783694088e-03
2.699078317999999976e-01,4.049758078030056031e-03
2.699309570999999797e-01,4.049496645652374098e-03
2.700311436999999759e-01,4.048364012625768095e-03
2.700465537999999777e-01,4.048189796088218564e-03
2.700542584000000246e-01,4.048102691288375972e-03
2.700927786000000275e-01,4.047667201978093557e-03
2.701158880000000262e-01,4.047405936139932513e-03
2.701389954999999787e-01,4.047144691110506412e-03
2.701698023999999920e-01,4.046796396770425616e-03
2.701775035000000269e-01,4.046709328964228150e-03
2.702083060000000092e-01,4.046361080855064019e-03
2.702622018999999987e-01,4.045751735642969492e-03
2.703006923999999866e-01,4.045316558385650407e-03
2.703314808999999763e-01,4.044968458166727995e-03
2.703853521999999843e-01,4.044359371718280263e-03
2.703930472000000140e-01,4.044272368607656348e-03
2.704238252000000231e-01,4.043924379258108381e-03
2.704469063000000117e-01,4.043663411492938974e-03
2.704853704999999886e-01,4.043228511396662270e-03
2.705161380000000171e-01,4.042880632875508508e-03
2.705238293000000183e-01,4.042793669016336508e-03
2.705392112000000182e-01,4.042619748222273969e-03
2.705776623000000214e-01,4.042184986628869631e-03
2.706084193000000138e-01,4.041837218894795900e-03
2.706468604999999750e-01,4.041402561144291118e-03
2.707006691000000131e-01,4.040794137191573536e-03
2.707852037999999850e-01,4.039838270755064659e-03
2.708543489999999943e-01,4.039056405745903959e-03
2.709081163000000014e-01,4.038448417609931049e-03
2.709388356999999914e-01,4.038101046522475646e-03
2.709541940999999898e-01,4.037927374805684068e-03
2.709772301000000216e-01,4.037666884512098632e-03
2.710079416999999768e-01,4.037319596377034712e-03
2.710156189999999854e-01,4.037232780102817387e-03
2.710693544000000177e-01,4.036625130682972538e-03
2.710770299999999966e-01,4.036538332836199679e-03
2.711307532000000187e-01,4.035930812392659293e-03
2.711384271000000235e-01,4.035844032968952458e-03
2.711614473999999775e-01,4.035583708512732563e-03
2.711844657999999963e-01,4.035323404777573821e-03
2.711998103000000104e-01,4.035149880464752349e-03
2.712458385000000027e-01,4.034629362770942272e-03
2.712535091000000120e-01,4.034542617877918437e-03
2.712765196999999961e-01,4.034282397007062787e-03
2.713148663000000127e-01,4.033848741579990592e-03
2.713225349000000231e-01,4.033762017397626506e-03
2.713455396000000186e-01,4.033501858654954531e-03
2.713838764000000014e-01,4.033068306761812896e-03
2.714298734999999740e-01,4.032548120398388690e-03
2.714375388999999972e-01,4.032461430720660732e-03
2.714988543999999893e-01,4.031767996085649196e-03
2.715065179000000217e-01,4.031681327103565221e-03
2.715678179000000081e-01,4.030988058007849498e-03
2.715908018000000035e-01,4.030728120024509344e-03
2.716137836999999999e-01,4.030468202726383148e-03
2.716214439999999897e-01,4.030381568223290016e-03
2.716291040000000101e-01,4.030294936018274411e-03
2.716827179999999897e-01,4.029688574922273871e-03
2.716903762999999805e-01,4.029601961099029198e-03
2.717133498000000036e-01,4.029342133413447817e-03
2.717363213999999805e-01,4.029082326402777872e-03
2.717669471999999975e-01,4.028735949212014847e-03
2.717746031000000118e-01,4.028649360656416656e-03
2.718052246000000061e-01,4.028303029398602915e-03
2.718358425999999883e-01,4.027956734882520359e-03
2.718664572000000224e-01,4.027610477102971757e-03
2.718894157999999783e-01,4.027350807873895239e-03
2.719200244000000155e-01,4.027004614372781642e-03
2.719353273999999820e-01,4.026831531393983317e-03
2.719888810000000157e-01,4.026225813260704903e-03
2.720500723000000010e-01,4.025533701641435466e-03
2.720577202000000194e-01,4.025447198012821123e-03
2.720806626999999756e-01,4.025187700890991462e-03
2.721418333000000245e-01,4.024495809487037626e-03
2.721647688000000120e-01,4.024236388050243460e-03
2.722412062999999827e-01,4.023371798960330599e-03
2.722564912000000059e-01,4.023198908651839933e-03
2.723481826999999966e-01,4.022161759319658157e-03
2.723787396999999832e-01,4.021816116202629222e-03
2.724169310999999816e-01,4.021384113852908247e-03
2.724245686999999805e-01,4.021297720255239197e-03
2.724474802999999890e-01,4.021038553204800761e-03
2.725391075999999968e-01,4.020002091116733033e-03
2.726078077999999905e-01,4.019224960914196364e-03
2.726307041000000098e-01,4.018965958715810076e-03
2.726612293999999825e-01,4.018620654491457216e-03
2.726688601999999739e-01,4.018534334156356920e-03
2.727146403999999857e-01,4.018016460198042122e-03
2.727222697000000196e-01,4.017930155879556944e-03
2.727451564000000217e-01,4.017671256650682046e-03
2.727832964999999943e-01,4.017239803686385377e-03
2.727909237999999736e-01,4.017153519955339938e-03
2.728138046999999955e-01,4.016894682485292259e-03
2.728519352000000064e-01,4.016463332439626673e-03
2.728748108999999866e-01,4.016204549851816637e-03
2.728976847999999844e-01,4.015945787841635611e-03
2.729358035000000182e-01,4.015514563546281231e-03
2.729662947000000006e-01,4.015169625255042042e-03
2.729891609000000274e-01,4.014910945534728645e-03
2.729967824999999793e-01,4.014824723532157968e-03
2.730348874999999897e-01,4.014393647795951210e-03
2.730882253999999953e-01,4.013790237728155456e-03
2.731110814000000109e-01,4.013531667680408227e-03
2.731491703999999743e-01,4.013100763283763799e-03
2.732101016999999854e-01,4.012411435003718392e-03
2.732177171999999876e-01,4.012325279244284559e-03
2.732710194999999898e-01,4.011722252852127808e-03
2.732786333000000178e-01,4.011636115356199267e-03
2.733319236999999791e-01,4.011033216792267951e-03
2.733547592000000193e-01,4.010774865926399965e-03
2.733623707000000236e-01,4.010688753535255995e-03
2.733852037000000235e-01,4.010430430052283439e-03
2.734232544999999903e-01,4.009999936545284235e-03
2.734765167000000052e-01,4.009397341446603244e-03
2.734841248000000058e-01,4.009311265556682324e-03
2.735145547999999760e-01,4.008966984801098400e-03
2.735221617999999966e-01,4.008880920313427285e-03
2.735449815000000062e-01,4.008622740532400038e-03
2.735677993000000252e-01,4.008364581272817577e-03
2.735830101000000236e-01,4.008192486499577434e-03
2.736058246999999999e-01,4.007934361437418512e-03
2.736286373999999855e-01,4.007676256891610361e-03
2.736894619999999945e-01,4.006988078389542643e-03
2.737046659999999854e-01,4.006816056553203810e-03
2.737274705000000141e-01,4.006558040888841266e-03
2.737654736999999838e-01,4.006128060349042029e-03
2.737882730999999792e-01,4.005870099362577978e-03
2.738414643000000037e-01,4.005268270117095554e-03
2.738870486000000160e-01,4.004752505296803843e-03
2.739098379000000083e-01,4.004494653626685698e-03
2.739706000000000086e-01,4.003807149343807138e-03
2.740009760000000072e-01,4.003463451833242336e-03
2.740313487000000103e-01,4.003119790736830476e-03
2.740617180000000097e-01,4.002776166050116789e-03
2.740693097999999939e-01,4.002690265567094945e-03
2.740844927000000153e-01,4.002518471426666849e-03
2.741148561000000261e-01,4.002174910446135853e-03
2.741300366000000155e-01,4.002003143605806570e-03
2.741528057000000018e-01,4.001745510404408103e-03
2.741755727999999892e-01,4.001487897673756261e-03
2.741831614999999944e-01,4.001402031312046963e-03
2.742059262000000053e-01,4.001144445872464699e-03
2.742742087999999745e-01,4.000371812340245380e-03
2.742969659000000227e-01,4.000114308752860011e-03
2.743045512000000241e-01,4.000028478770198924e-03
2.743121363000000090e-01,3.999942651060526058e-03
2.743348903000000227e-01,3.999685181568885146e-03
2.743652259000000093e-01,3.999341920732103414e-03
2.744258871999999960e-01,3.998655508135415086e-03
2.744334689999999854e-01,3.998569716785440459e-03
2.744486318000000091e-01,3.998398140900572689e-03
2.746077907000000207e-01,3.996597142628108279e-03
2.746153673999999767e-01,3.996511405783624050e-03
2.746380963000000230e-01,3.996254208871022340e-03
2.746759735000000036e-01,3.995825592748442068e-03
2.746986973000000165e-01,3.995568450311024269e-03
2.748122882999999850e-01,3.994283044456742489e-03
2.748198593000000245e-01,3.994197368882504082e-03
2.748425711999999965e-01,3.993940355769215814e-03
2.748501414999999781e-01,3.993854689267996652e-03
2.748577114999999904e-01,3.993769025034683839e-03
2.749182640999999760e-01,3.993083792807119135e-03
2.749712367000000102e-01,3.992484333646645171e-03
2.750015022000000253e-01,3.992141835427687364e-03
2.750393293000000239e-01,3.991713763652091247e-03
2.750544588000000124e-01,3.991542550806180013e-03
2.750620230999999971e-01,3.991456947781968356e-03
2.750847150999999879e-01,3.991200152306974627e-03
2.750922786000000175e-01,3.991114558346581243e-03
2.751754640999999890e-01,3.990173174310433779e-03
2.752661831000000059e-01,3.989146522471807843e-03
2.752964162000000048e-01,3.988804377651127692e-03
2.753342027999999830e-01,3.988376747561372254e-03
2.753417595000000051e-01,3.988291228333965162e-03
2.753946507000000210e-01,3.987692657116731834e-03
2.754022057000000134e-01,3.987607155994919890e-03
2.754248696000000107e-01,3.987350666207102254e-03
2.754550853000000132e-01,3.987008711500798601e-03
2.754626385999999760e-01,3.986923228479981318e-03
2.755155066000000152e-01,3.986324910677836383e-03
2.755381611000000119e-01,3.986068522691229438e-03
2.755457123000000230e-01,3.985983064552525885e-03
2.755683642999999794e-01,3.985726703704822044e-03
2.755834647000000026e-01,3.985555807779986998e-03
2.756061136999999883e-01,3.985299480851680828e-03
2.756363095000000096e-01,3.984957743267123972e-03
2.756665019000000272e-01,3.984616041853547390e-03
2.756966909999999937e-01,3.984274376607261324e-03
2.757042377999999738e-01,3.984188965946399742e-03
2.757268768999999731e-01,3.983932747523278445e-03
2.757646045000000101e-01,3.983505762014507949e-03
2.757872385999999842e-01,3.983249597824273930e-03
2.758098708999999760e-01,3.982993453967714759e-03
2.758174145999999771e-01,3.982908077200729598e-03
2.758777565000000154e-01,3.982225144381290605e-03
2.759003812999999972e-01,3.981969081841023675e-03
2.759682446999999761e-01,3.981201016158023021e-03
2.760059394000000110e-01,3.980774392020618516e-03
2.760587031999999774e-01,3.980177213032494096e-03
2.760662401000000266e-01,3.980091910775976176e-03
2.760888495000000109e-01,3.979836017547062378e-03
2.761114570000000046e-01,3.979580144626795705e-03
2.761265277000000129e-01,3.979409573961445803e-03
2.761415975000000023e-01,3.979239012320634830e-03
2.761491321000000276e-01,3.979153734884503107e-03
2.761792685000000191e-01,3.978812647698170245e-03
2.762470632999999842e-01,3.978045333478773607e-03
2.762696579000000208e-01,3.977789602665674114e-03
2.762922506000000111e-01,3.977533892145626582e-03
2.763073113999999775e-01,3.977363429738924386e-03
2.763600177000000158e-01,3.976766882328642075e-03
2.763826031000000127e-01,3.976511252963850669e-03
2.764277681999999792e-01,3.976000055084714067e-03
2.764503480000000124e-01,3.975744486566398957e-03
2.764804516000000101e-01,3.975403760086091039e-03
2.765331248999999825e-01,3.974807575478434343e-03
2.765481725999999751e-01,3.974637257291724866e-03
2.766008329999999904e-01,3.974041214580039706e-03
2.766083550999999807e-01,3.973956074628792572e-03
2.766233987000000227e-01,3.973785801481584737e-03
2.766685245000000126e-01,3.973275036074041394e-03
2.766910846999999785e-01,3.973019683761572912e-03
2.767211620000000205e-01,3.972679245524366257e-03
2.767512361000000198e-01,3.972338843297452439e-03
2.767813069000000237e-01,3.971998477076289953e-03
2.768113743999999765e-01,3.971658146856509898e-03
2.768489543000000053e-01,3.971232784701875414e-03
2.768714997000000233e-01,3.970977594403238102e-03
2.769541507000000125e-01,3.970042069819846101e-03
2.769616631999999856e-01,3.969957035622495058e-03
2.769691754999999977e-01,3.969872003673917231e-03
2.770142449999999923e-01,3.969361859194380816e-03
2.770292664999999821e-01,3.969191829018795838e-03
2.770743263000000067e-01,3.968681792436398563e-03
2.770893445000000010e-01,3.968511798222015483e-03
2.771419021000000038e-01,3.967916889255755121e-03
2.771719304999999967e-01,3.967576990705220553e-03
2.771944497000000118e-01,3.967322090380340054e-03
2.772544919000000108e-01,3.966642455010683035e-03
2.772619962999999799e-01,3.966557510695822332e-03
2.772920117000000073e-01,3.966217755892158074e-03
2.773220238999999920e-01,3.965878037014095719e-03
2.773295264000000260e-01,3.965793112907771249e-03
2.773445308999999970e-01,3.965623271429403844e-03
2.773520327999999813e-01,3.965538354057442441e-03
2.773895393999999959e-01,3.965113800868959835e-03
2.774120408999999898e-01,3.964859095889878768e-03
2.774345406000000014e-01,3.964604411108876153e-03
2.774420401000000092e-01,3.964519520670039751e-03
2.774645372999999804e-01,3.964264862816945824e-03
2.774945308000000277e-01,3.963925350425437019e-03
2.775020287000000141e-01,3.963840477936231982e-03
2.775545080999999858e-01,3.963246433324220386e-03
2.775620044000000064e-01,3.963161578780554500e-03
2.775695004000000021e-01,3.963076726479507032e-03
2.775919873000000093e-01,3.962822183033470717e-03
2.776219670999999778e-01,3.962482823167381291e-03
2.776894095999999923e-01,3.961719394636705090e-03
2.777043946000000152e-01,3.961549768512093346e-03
2.777718171999999930e-01,3.960786561900381253e-03
2.778017775000000134e-01,3.960447417228283792e-03
2.778242456000000193e-01,3.960193082251238679e-03
2.778317345999999910e-01,3.960108308406258375e-03
2.778616884999999814e-01,3.959769235430456516e-03
2.778691763999999731e-01,3.959684472786602176e-03
2.779140999999999972e-01,3.959175943962228369e-03
2.779290728000000099e-01,3.959006452271545892e-03
2.780413439000000153e-01,3.957735550083590209e-03
2.780637926000000260e-01,3.957481430090625980e-03
2.780712751000000149e-01,3.957396727902740864e-03
2.781086846999999973e-01,3.956973250534424717e-03
2.781311280000000052e-01,3.956719190967588132e-03
2.781610496999999960e-01,3.956380476204304948e-03
2.781685295999999918e-01,3.956295803107101952e-03
2.781834887999999895e-01,3.956126463623533575e-03
2.782507952000000118e-01,3.955364546677686902e-03
2.782881805999999902e-01,3.954941337765276697e-03
2.783405118000000233e-01,3.954348939203294888e-03
2.783704108999999760e-01,3.954010474925434906e-03
2.784003067999999970e-01,3.953672046413063586e-03
2.784227266000000034e-01,3.953418248497647149e-03
2.784301994999999752e-01,3.953333653662340248e-03
2.784526169000000051e-01,3.953079882564945573e-03
2.784899752000000173e-01,3.952656975427443382e-03
2.785123877999999831e-01,3.952403257956347421e-03
2.785796147999999861e-01,3.951642226175371836e-03
2.785870834999999990e-01,3.951557678256688300e-03
2.786692255000000062e-01,3.950627798537749771e-03
2.786916237000000018e-01,3.950374241866387581e-03
2.786990893999999885e-01,3.950289727441028478e-03
2.787065548000000059e-01,3.950205215247618376e-03
2.787662712999999792e-01,3.949529198058005126e-03
2.788259750000000037e-01,3.948853323697004529e-03
2.788483606000000115e-01,3.948599907627798992e-03
2.788707443999999813e-01,3.948346511636917876e-03
2.789005866000000000e-01,3.948008681545566757e-03
2.789453439999999840e-01,3.947502003321806674e-03
2.789677199999999746e-01,3.947248694316334017e-03
2.790273805999999857e-01,3.946573301743099352e-03
2.790572061000000104e-01,3.946235658961564328e-03
2.791093930999999917e-01,3.945644869908790722e-03
2.791168474999999871e-01,3.945560480387112767e-03
2.791690233999999937e-01,3.944969816130254082e-03
2.791764762999999760e-01,3.944885444434576352e-03
2.791839288999999891e-01,3.944801074966628775e-03
2.792360922000000079e-01,3.944210551068129574e-03
2.792584449000000135e-01,3.943957502808890549e-03
2.793254922999999779e-01,3.943198478290687627e-03
2.793478379000000067e-01,3.942945510198025104e-03
2.793627338999999932e-01,3.942776875934629784e-03
2.793776291999999772e-01,3.942608250576404468e-03
2.793850764999999958e-01,3.942523941236052501e-03
2.794148638000000240e-01,3.942186726134489644e-03
2.794744289000000159e-01,3.941512402761082612e-03
2.794818735999999859e-01,3.941428122353166953e-03
2.794967624999999956e-01,3.941259568213026886e-03
2.795042066999999797e-01,3.941175294480091240e-03
2.795414245000000242e-01,3.940753959188593100e-03
2.795935210000000115e-01,3.940164183209107079e-03
2.796456078999999817e-01,3.939574516208502533e-03
2.796530481000000234e-01,3.939490286960322177e-03
2.796604880999999931e-01,3.939406059935640116e-03
2.796828069000000250e-01,3.939153392202313954e-03
2.797125624999999838e-01,3.938816533015974605e-03
2.797423149000000109e-01,3.938479709397054926e-03
2.798389884999999966e-01,3.937385278218956397e-03
2.798538583999999885e-01,3.937216937522267611e-03
2.798835957999999957e-01,3.936880282788072713e-03
2.798984633000000111e-01,3.936711968749484133e-03
2.799504935000000083e-01,3.936122939579684253e-03
2.799727891000000080e-01,3.935870531819782824e-03
2.800173751000000211e-01,3.935365776252824736e-03
2.800396654999999790e-01,3.935113428442485982e-03
2.800768121000000166e-01,3.934692893155919934e-03
2.800990977000000215e-01,3.934440598619776130e-03
2.801213814999999885e-01,3.934188324057712009e-03
2.801288090999999869e-01,3.934104236975739279e-03
2.801956481000000276e-01,3.933347553088314096e-03
2.802104991000000100e-01,3.933179425518584967e-03
2.802179242999999764e-01,3.933095365061044062e-03
2.802476231000000095e-01,3.932759145414336036e-03
2.802550473000000042e-01,3.932675096047680285e-03
2.803144337999999847e-01,3.932002780955579264e-03
2.803292785000000009e-01,3.931834724357769449e-03
2.803663867000000254e-01,3.931414621664497920e-03
2.803738077999999856e-01,3.931330607776805687e-03
2.804183299999999934e-01,3.930826571002186617e-03
2.804554264999999935e-01,3.930406601309738117e-03
2.805444380000000071e-01,3.929398900072832851e-03
2.805518543000000142e-01,3.929314939370671250e-03
2.805666863999999872e-01,3.929147024612199453e-03
2.805741022000000084e-01,3.929063070555216183e-03
2.806111780000000167e-01,3.928643333495262548e-03
2.806334212000000106e-01,3.928391517835649188e-03
2.806853150999999991e-01,3.927804025466132692e-03
2.807223762000000122e-01,3.927384454479516430e-03
2.807297879000000274e-01,3.927300546923423973e-03
2.807742536000000233e-01,3.926797148069375437e-03
2.807816638999999781e-01,3.926713256006610954e-03
2.807890740000000274e-01,3.926629366157390923e-03
2.808483475999999923e-01,3.925958327023818840e-03
2.809298284000000256e-01,3.925035879411689632e-03
2.809890722999999757e-01,3.924365176516756044e-03
2.810112855999999937e-01,3.924113699417421455e-03
2.810409005000000238e-01,3.923778427571275422e-03
2.810779147999999950e-01,3.923359387503811552e-03
2.811075227000000010e-01,3.923024195236711129e-03
2.811445282000000212e-01,3.922605254628611614e-03
2.811667292000000207e-01,3.922353916781660954e-03
2.811963277000000261e-01,3.922018830585006360e-03
2.812555154999999973e-01,3.921348764231650033e-03
2.812629131000000116e-01,3.921265015877630107e-03
2.812777076999999903e-01,3.921097525795020494e-03
2.812851047000000104e-01,3.921013784066694485e-03
2.813072945999999797e-01,3.920762572131416407e-03
2.813146907999999891e-01,3.920678839236461932e-03
2.813220868999999902e-01,3.920595108549565846e-03
2.813664590000000132e-01,3.920092770795192451e-03
2.813738537000000095e-01,3.920009055563469964e-03
2.814625747000000233e-01,3.919004644958229422e-03
2.814995335000000098e-01,3.918586234334894315e-03
2.815143157000000174e-01,3.918418885531260200e-03
2.815217065000000241e-01,3.918335214439209666e-03
2.815438777000000004e-01,3.918084214399587990e-03
2.815808257999999897e-01,3.917665925120825295e-03
2.816177691000000261e-01,3.917247690984645807e-03
2.816325451000000202e-01,3.917080412768514548e-03
2.816399327999999924e-01,3.916996776968371431e-03
2.816768682999999940e-01,3.916578631042800900e-03
2.816990273000000156e-01,3.916327769946062465e-03
2.817211846000000075e-01,3.916076928691131914e-03
2.817285700000000115e-01,3.915993319348802168e-03
2.817802621000000118e-01,3.915408115667211482e-03
2.817876458999999945e-01,3.915324523957484579e-03
2.818393271999999894e-01,3.914739443691112909e-03
2.818762367000000046e-01,3.914321595316486331e-03
2.819057607000000076e-01,3.913987356271174736e-03
2.819131411999999948e-01,3.913903802016714152e-03
2.819647994999999741e-01,3.913318983906266188e-03
2.819721785000000036e-01,3.913235447271252304e-03
2.819869359000000131e-01,3.913068380607153882e-03
2.819943142999999930e-01,3.912984850578208988e-03
2.820164484000000082e-01,3.912734273702310125e-03
2.820828401000000096e-01,3.911982661958949073e-03
2.821123426000000101e-01,3.911648669526741548e-03
2.821492163000000053e-01,3.911231228503938250e-03
2.821713382000000103e-01,3.910980790296439934e-03
2.822303213999999838e-01,3.910313051883446654e-03
2.822524370000000227e-01,3.910062686275888287e-03
2.823261429999999739e-01,3.909228277209970091e-03
2.823408817999999987e-01,3.909061421784950849e-03
2.823482509999999945e-01,3.908977997370680947e-03
2.823777257000000263e-01,3.908644321698822276e-03
2.824071973000000235e-01,3.908310681200777986e-03
2.824366658999999946e-01,3.907977075872609389e-03
2.824587652000000171e-01,3.907726894953465757e-03
2.825250530000000260e-01,3.906976470861352885e-03
2.825618729000000107e-01,3.906559645486668876e-03
2.825765995000000252e-01,3.906392930713899897e-03
2.826134126000000024e-01,3.905976182220442534e-03
2.826796641000000054e-01,3.905226173286638000e-03
2.826943846000000149e-01,3.905059528787849232e-03
2.827238232000000018e-01,3.904726266135494141e-03
2.827385412999999792e-01,3.904559647980281132e-03
2.827606171000000002e-01,3.904309737210353431e-03
2.827826911999999915e-01,3.904059846194681688e-03
2.828121205999999943e-01,3.903726688897640046e-03
2.828489029999999849e-01,3.903310291649159363e-03
2.828562589999999988e-01,3.903227018782242687e-03
2.829003904999999874e-01,3.902727427649253181e-03
2.829077449999999883e-01,3.902644170138162491e-03
2.829371614000000257e-01,3.902311162028401000e-03
2.829592216999999854e-01,3.902061428975017471e-03
2.829739276000000081e-01,3.901894951237962466e-03
2.830253923000000116e-01,3.901312348230600267e-03
2.830474457000000110e-01,3.901062694114881303e-03
2.830547964999999833e-01,3.900979480460975424e-03
2.830915473999999765e-01,3.900563445071462011e-03
2.831429906999999857e-01,3.899981087579356808e-03
2.831650349000000011e-01,3.899731538668271477e-03
2.831723825999999944e-01,3.899648360079871652e-03
2.832017714999999769e-01,3.899315667637705523e-03
2.832311573999999887e-01,3.898983010248162524e-03
2.832531947999999966e-01,3.898733540206431383e-03
2.833192967000000007e-01,3.897985248350613590e-03
2.833853832000000073e-01,3.897237133860647837e-03
2.834000669999999777e-01,3.897070910278131826e-03
2.834074086000000214e-01,3.896987801770244574e-03
2.834441138000000082e-01,3.896572292063154967e-03
2.834661345999999749e-01,3.896323012501813534e-03
2.835028321999999990e-01,3.895907590332414131e-03
2.835542007999999892e-01,3.895326091189759473e-03
2.835615384999999877e-01,3.895243028634573067e-03
2.835835501999999786e-01,3.894993854093226938e-03
2.836202326000000218e-01,3.894578606935288154e-03
2.836422397000000206e-01,3.894329484883955663e-03
2.836642451999999981e-01,3.894080382513956558e-03
2.836715799999999787e-01,3.893997352763294440e-03
2.837302513000000137e-01,3.893333193467523375e-03
2.837375844000000202e-01,3.893250183392881186e-03
2.837962420999999846e-01,3.892586181481059743e-03
2.838182356000000239e-01,3.892337216823420817e-03
2.838402273999999781e-01,3.892088271831983283e-03
2.838988639000000203e-01,3.891424514652432748e-03
2.839135211000000103e-01,3.891258597202715101e-03
2.839355055000000183e-01,3.891009737409669312e-03
2.839648155000000229e-01,3.890677954928591434e-03
2.839721425000000243e-01,3.890595014767667722e-03
2.839941222999999848e-01,3.890346207387006261e-03
2.840234261999999843e-01,3.890014494781967366e-03
2.840893488999999827e-01,3.889268269132379122e-03
2.841039962999999946e-01,3.889102465220966535e-03
2.841332887999999945e-01,3.888770883587002770e-03
2.841479338999999826e-01,3.888605105863495760e-03
2.841699001999999918e-01,3.888356455643954355e-03
2.841918648000000269e-01,3.888107825061433258e-03
2.841991859999999925e-01,3.888024952563981593e-03
2.842577484000000099e-01,3.887362051116618859e-03
2.842870250999999793e-01,3.887030652740397843e-03
2.843455693999999978e-01,3.886367960663300158e-03
2.843748370999999997e-01,3.886036666953155728e-03
2.844333633000000194e-01,3.885374184168035455e-03
2.844406783000000272e-01,3.885291383627999078e-03
2.844553075999999847e-01,3.885125789086412221e-03
2.844626219999999983e-01,3.885042995084793654e-03
2.844918775999999982e-01,3.884711840868403446e-03
2.844991909999999846e-01,3.884629057761814549e-03
2.845211302000000275e-01,3.884380721514818589e-03
2.845503797999999751e-01,3.884049637019634186e-03
2.846088699000000055e-01,3.883387572587462984e-03
2.846161803000000212e-01,3.883304824334527037e-03
2.846381104999999856e-01,3.883056592641884967e-03
2.846600389000000231e-01,3.882808380547330372e-03
2.846892743000000170e-01,3.882477461571146385e-03
2.846965826000000255e-01,3.882394737269746939e-03
2.847550427000000162e-01,3.881733021228374585e-03
2.847842682999999764e-01,3.881402215446238483e-03
2.847915742000000083e-01,3.881319519441092398e-03
2.848134909000000214e-01,3.881071444483500180e-03
2.848354057999999966e-01,3.880823389109327917e-03
2.848500147999999954e-01,3.880658029738426936e-03
2.848719270000000248e-01,3.880410006999990800e-03
2.849230488000000228e-01,3.879831363413451494e-03
2.849887633000000031e-01,3.879087549681483737e-03
2.850106647999999798e-01,3.878839650911702821e-03
2.850179648999999760e-01,3.878757022336759650e-03
2.850690605000000266e-01,3.878178683183455475e-03
2.851420383000000114e-01,3.877352669145133109e-03
2.851566315999999879e-01,3.877187492415069478e-03
2.851639280000000110e-01,3.877104907309351055e-03
2.852004070999999974e-01,3.876692014370062157e-03
2.852222923000000132e-01,3.876444304676190250e-03
2.852514700000000070e-01,3.876114055494578499e-03
2.852733512999999776e-01,3.875866391414294586e-03
2.852806446999999745e-01,3.875783841064607115e-03
2.853171089000000049e-01,3.875371121889018694e-03
2.853973135999999799e-01,3.874463330768955494e-03
2.854264733999999915e-01,3.874133290030112430e-03
2.854774958999999890e-01,3.873555802293008818e-03
2.854847840999999997e-01,3.873473312724774568e-03
2.855503692999999954e-01,3.872731004244066386e-03
2.855722277000000142e-01,3.872483607131996502e-03
2.855940844000000034e-01,3.872236229540820199e-03
2.856013695999999880e-01,3.872153774681345688e-03
2.856086546000000115e-01,3.872071321990977651e-03
2.856232241000000172e-01,3.871906423115509688e-03
2.856596445999999845e-01,3.871494213875354123e-03
2.856669280999999949e-01,3.871411778532338373e-03
2.857106253999999734e-01,3.870917212001755321e-03
2.857251895999999847e-01,3.870752373834363946e-03
2.857397532000000018e-01,3.870587544337225454e-03
2.857761588000000130e-01,3.870175508523779513e-03
2.858343980999999978e-01,3.869516363909556497e-03
2.858416771000000245e-01,3.869433980583236819e-03
2.858562346999999892e-01,3.869269220429566360e-03
2.858635132999999828e-01,3.869186843602961945e-03
2.859217346999999854e-01,3.868527906968990005e-03
2.859508411000000194e-01,3.868198490633403038e-03
2.859726687999999961e-01,3.867951451120071101e-03
2.860163193999999964e-01,3.867457430555506538e-03
2.860381422000000118e-01,3.867210449500392468e-03
2.860599632999999975e-01,3.866963487927783851e-03
2.860745097999999875e-01,3.866798857702520836e-03
2.860963281000000191e-01,3.866551928596912227e-03
2.861326882999999932e-01,3.866140423371064450e-03
2.861835849000000098e-01,3.865564406934595548e-03
2.861908550999999745e-01,3.865482127526579520e-03
2.862998857999999869e-01,3.864248195965788550e-03
2.863216869999999914e-01,3.864001468043649131e-03
2.863870805000000019e-01,3.863261401025018960e-03
2.864234037999999760e-01,3.862850328338030947e-03
2.864451955999999799e-01,3.862603710661071700e-03
2.864669857000000097e-01,3.862357112432572223e-03
2.864742486999999893e-01,3.862274917344715990e-03
2.865250845999999796e-01,3.861699612227398673e-03
2.865323461000000016e-01,3.861617434423701787e-03
2.865396074000000071e-01,3.861535258780003210e-03
2.865541295999999849e-01,3.861370913973382907e-03
2.866412468999999796e-01,3.860385026553509857e-03
2.866557639000000268e-01,3.860220742215654966e-03
2.866702802000000161e-01,3.860056466514154294e-03
2.867065676000000174e-01,3.859645815040094966e-03
2.867718733999999881e-01,3.858906778372964228e-03
2.867863836999999805e-01,3.858742571742426481e-03
2.868226564999999950e-01,3.858332092927234825e-03
2.868516712999999996e-01,3.858003748711088827e-03
2.868806832999999945e-01,3.857675439011594518e-03
2.869314471000000144e-01,3.857100980079504124e-03
2.869459494000000110e-01,3.856936868365964249e-03
2.869894519000000255e-01,3.856444584976657496e-03
2.869967017000000231e-01,3.856362545291606905e-03
2.870184498999999723e-01,3.856116439171651446e-03
2.870546932999999967e-01,3.855706305419746762e-03
2.870619414000000202e-01,3.855624285135712988e-03
2.870836847000000080e-01,3.855378237215460833e-03
2.871416587999999770e-01,3.854722204250652512e-03
2.871633960000000152e-01,3.854476227441428881e-03
2.872285978999999934e-01,3.853738413346235927e-03
2.872503285999999934e-01,3.853492514085540225e-03
2.873444759000000071e-01,3.852427174577354157e-03
2.873661978000000006e-01,3.852181378669976980e-03
2.873734379999999811e-01,3.852099451005799435e-03
2.874096367000000263e-01,3.851689844972494038e-03
2.874313535999999947e-01,3.851444107178968266e-03
2.874530690000000055e-01,3.851198388753092339e-03
2.874675449999999910e-01,3.851034587228077503e-03
2.874892575999999922e-01,3.850788901078089702e-03
2.875182051999999877e-01,3.850461349663943534e-03
2.875977960000000166e-01,3.849560760734492462e-03
2.876339663999999963e-01,3.849151488152899054e-03
2.876411998999999775e-01,3.849069640087183879e-03
2.876628994000000050e-01,3.848824108790449994e-03
2.876918294999999959e-01,3.848496763825160101e-03
2.876990615999999723e-01,3.848414932958284934e-03
2.877135251999999865e-01,3.848251277672387269e-03
2.877496810999999877e-01,3.847842177070965285e-03
2.877569117000000065e-01,3.847760363398207342e-03
2.878147501000000164e-01,3.847105931373145677e-03
2.878653492000000091e-01,3.846533416146946834e-03
2.878942589999999857e-01,3.846206311845891575e-03
2.879448440999999859e-01,3.845633962004855761e-03
2.879520697999999879e-01,3.845552206331510816e-03
2.879881957000000048e-01,3.845143460171172520e-03
2.880387643000000275e-01,3.844571305713581372e-03
2.880604338000000153e-01,3.844326128857541731e-03
2.880893239999999800e-01,3.843999256429554093e-03
2.880965461000000172e-01,3.843917543687780641e-03
2.881037679999999823e-01,3.843835833091550479e-03
2.881254327000000171e-01,3.843590714178478970e-03
2.882120750000000120e-01,3.842610431611767369e-03
2.882192941000000230e-01,3.842528755340981605e-03
2.882770397000000151e-01,3.841875422379561686e-03
2.882914743000000168e-01,3.841712110582790485e-03
2.882986913000000206e-01,3.841630457900510869e-03
2.883564210999999822e-01,3.840977313622587295e-03
2.883780667999999991e-01,3.840732419888081683e-03
2.884141392999999831e-01,3.840324306528882566e-03
2.884429940000000081e-01,3.839997854415547803e-03
2.884502072999999833e-01,3.839916246744381513e-03
2.884718459000000235e-01,3.839671436585651108e-03
2.884934828999999867e-01,3.839426645709386517e-03
2.885079066999999831e-01,3.839263462503203581e-03
2.885295410000000005e-01,3.839018703759516406e-03
2.885511736999999965e-01,3.838773964293484657e-03
2.886160620000000065e-01,3.838039861540429396e-03
2.886232709000000063e-01,3.837958305274587114e-03
2.886448965999999783e-01,3.837713649322789956e-03
2.886737282999999876e-01,3.837387471358619934e-03
2.887025570999999791e-01,3.837061327644463327e-03
2.887241768000000097e-01,3.836816742332659156e-03
2.887530005999999760e-01,3.836490658545054552e-03
2.887890262000000208e-01,3.836083101957238339e-03
2.888538610999999978e-01,3.835349634886201387e-03
2.888682669000000036e-01,3.835186665734239848e-03
2.889618869000000201e-01,3.834127574756723660e-03
2.889834871999999999e-01,3.833883220463115381e-03
2.890122851999999964e-01,3.833557444667240119e-03
2.890266830000000065e-01,3.833394569594199882e-03
2.890482784999999777e-01,3.833150273015326938e-03
2.890986616999999814e-01,3.832580322462948198e-03
2.891346443000000210e-01,3.832173279028924014e-03
2.891418401999999999e-01,3.832091876751231221e-03
2.891850123999999966e-01,3.831603507947309913e-03
2.891994016000000167e-01,3.831440735434264028e-03
2.892209841999999753e-01,3.831196592682946812e-03
2.892497585000000093e-01,3.830871098912690554e-03
2.892569515999999785e-01,3.830789730808481248e-03
2.893072984000000236e-01,3.830220213864797899e-03
2.893144900999999880e-01,3.830138862841129133e-03
2.893360641000000122e-01,3.829894822578513904e-03
2.893720171999999979e-01,3.829488131497675845e-03
2.894151549000000267e-01,3.829000172629430654e-03
2.894223439999999981e-01,3.828918853620128307e-03
2.894510981999999788e-01,3.828593598920264872e-03
2.894798496000000054e-01,3.828268378356660361e-03
2.894870370000000026e-01,3.828187078548947984e-03
2.895660865999999944e-01,3.827292921440221801e-03
2.896522979000000220e-01,3.826317771597481307e-03
2.896594811000000047e-01,3.826236522968278712e-03
2.896738468000000233e-01,3.826074032103853051e-03
2.896810293000000036e-01,3.825992789869083616e-03
2.897025759999999894e-01,3.825749075952541815e-03
2.897169396000000008e-01,3.825586610664735536e-03
2.897384835999999853e-01,3.825342928715400829e-03
2.897600260000000039e-01,3.825099265944411232e-03
2.897672064999999852e-01,3.825018049282184578e-03
2.897887467999999966e-01,3.824774412078986354e-03
2.898318225000000026e-01,3.824287195192039180e-03
2.898533580000000054e-01,3.824043615504856344e-03
2.899323077000000026e-01,3.823150653969489225e-03
2.899394839000000168e-01,3.823069488424403906e-03
2.899681868000000273e-01,3.822744847532389637e-03
2.900255842000000195e-01,3.822095667926717587e-03
2.900829702000000121e-01,3.821446624530003711e-03
2.901116590000000217e-01,3.821122153899688279e-03
2.901331737000000244e-01,3.820878823265521067e-03
2.901618575000000089e-01,3.820554412201999407e-03
2.901690279999999955e-01,3.820473314753697509e-03
2.902263856000000253e-01,3.819824611733088539e-03
2.902335544999999906e-01,3.819743533425009469e-03
2.902550602000000257e-01,3.819500311259187673e-03
2.902837320000000165e-01,3.819176044804413733e-03
2.902908994000000242e-01,3.819094983505380309e-03
2.903625645999999838e-01,3.818284487427977235e-03
2.903697302000000091e-01,3.818203449510275405e-03
2.903912257999999857e-01,3.817960348506254254e-03
2.904055553000000067e-01,3.817798291795415373e-03
2.904270481999999820e-01,3.817555222664359427e-03
2.904771922000000117e-01,3.816988135717581596e-03
2.905130040000000191e-01,3.816583137338389487e-03
2.905201658000000076e-01,3.816502144034074860e-03
2.905416503000000095e-01,3.816259176864291239e-03
2.905631330999999817e-01,3.816016228806393303e-03
2.905774541999999738e-01,3.815854274051239201e-03
2.906275722000000172e-01,3.815287499287081836e-03
2.907063115999999892e-01,3.814397063375259220e-03
2.907420951999999947e-01,3.813992404667143968e-03
2.908064946000000206e-01,3.813264152655385531e-03
2.908208036000000107e-01,3.813102342209643506e-03
2.908565732000000237e-01,3.812697853211291857e-03
2.908851855999999847e-01,3.812374300185174345e-03
2.909209472000000019e-01,3.811969906612520421e-03
2.909352505999999727e-01,3.811808164024225055e-03
2.909424020999999971e-01,3.811727295910330958e-03
2.909710060999999848e-01,3.811403844652813504e-03
2.910282055999999784e-01,3.810757043876500209e-03
2.910353547999999790e-01,3.810676203316344483e-03
2.910568011999999927e-01,3.810433694349559409e-03
2.910782459999999849e-01,3.810191204452662798e-03
2.910925416999999848e-01,3.810029555115044576e-03
2.911139838999999840e-01,3.809787096997250318e-03
2.911425710000000167e-01,3.809463849163418313e-03
2.912283156000000095e-01,3.808494308982335753e-03
2.912497478000000140e-01,3.808251971580527313e-03
2.912640350999999850e-01,3.808090423898849268e-03
2.912854646999999964e-01,3.807848118252780793e-03
2.913068926999999864e-01,3.807605831658444299e-03
2.913140350000000267e-01,3.807525073693230743e-03
2.913783079000000220e-01,3.806798347244445997e-03
2.913925889000000269e-01,3.806636875755197921e-03
2.914354275000000105e-01,3.806152512064081388e-03
2.914568444999999786e-01,3.805910358777891099e-03
2.914853980000000067e-01,3.805587517342438886e-03
2.915068113000000016e-01,3.805345408473071681e-03
2.915139487000000251e-01,3.805264709746445685e-03
2.915924488000000148e-01,3.804377163308014093e-03
2.916067192999999835e-01,3.804215818712999853e-03
2.916566603999999896e-01,3.803651179212650703e-03
2.917137255000000207e-01,3.803006003730186133e-03
2.917208578000000108e-01,3.802925366303481006e-03
2.917351220000000134e-01,3.802764097788923804e-03
2.917422539000000259e-01,3.802683466700280263e-03
2.917636483000000114e-01,3.802441586110841439e-03
2.917707794000000132e-01,3.802360963472412383e-03
2.917779104000000068e-01,3.802280342946772872e-03
2.918278221999999755e-01,3.801716058406750913e-03
2.918919819999999943e-01,3.800990701762676366e-03
2.919133655000000216e-01,3.800748954219754488e-03
2.919347474000000275e-01,3.800507225676750134e-03
2.919632542000000219e-01,3.800184950504658776e-03
2.919703804000000069e-01,3.800104386988062150e-03
2.919917580999999984e-01,3.799862709101865538e-03
2.920630059000000056e-01,3.799057253312320120e-03
2.920772534000000142e-01,3.798896187473251723e-03
2.921199916000000174e-01,3.798413040583003154e-03
2.921413583999999952e-01,3.798171495613390965e-03
2.921627236000000072e-01,3.797929969624456049e-03
2.921698449999999836e-01,3.797849465178996294e-03
2.922268098999999952e-01,3.797205505525959746e-03
2.922552882000000185e-01,3.796883576298987293e-03
2.922837636999999766e-01,3.796561680799339158e-03
2.922908820999999824e-01,3.796481212193820228e-03
2.923122363999999807e-01,3.796239819022923130e-03
2.924047536000000114e-01,3.795194001101301340e-03
2.924260995999999890e-01,3.794952709067720212e-03
2.924830145000000270e-01,3.794309356322315887e-03
2.925043547999999771e-01,3.794068133792090087e-03
2.925114677999999802e-01,3.793987730493222736e-03
2.925328059999999786e-01,3.793746533230821661e-03
2.925399183999999875e-01,3.793666138354386333e-03
2.925754776999999751e-01,3.793264195551121487e-03
2.926323636000000006e-01,3.792621196525769976e-03
2.927389948999999936e-01,3.791415936359391302e-03
2.928029549999999759e-01,3.790693007459623124e-03
2.928242718999999883e-01,3.790452069015454520e-03
2.928526920999999783e-01,3.790130847195888591e-03
2.928597967000000080e-01,3.790050546997232334e-03
2.928740054000000259e-01,3.789889952907710049e-03
2.929095240999999850e-01,3.789488504473840884e-03
2.929166274000000181e-01,3.789408221093395947e-03
2.929379360000000099e-01,3.789167383563564126e-03
2.929592431999999969e-01,3.788926564949454158e-03
2.929734469999999980e-01,3.788766029714664592e-03
2.929947515999999919e-01,3.788525242623616129e-03
2.930515560999999991e-01,3.787883236163070138e-03
2.930799541999999924e-01,3.787562283352493338e-03
2.930870533000000111e-01,3.787482050401060930e-03
2.931012510000000071e-01,3.787321590799672382e-03
2.931083495999999844e-01,3.787241364149384910e-03
2.931296442999999918e-01,3.787000696799551654e-03
2.932148077000000241e-01,3.786038216385078075e-03
2.932502852000000160e-01,3.785637272103571128e-03
2.932573801000000202e-01,3.785557089544222455e-03
2.933070401999999799e-01,3.784995870393906888e-03
2.933141337999999876e-01,3.784915704623502582e-03
2.933637841999999774e-01,3.784354602982763736e-03
2.934205172000000084e-01,3.783713469836665847e-03
2.934276081000000147e-01,3.783633337632412701e-03
2.934488795999999899e-01,3.783392953602725435e-03
2.935339504000000210e-01,3.782431606209312076e-03
2.935977372999999946e-01,3.781710793775602299e-03
2.936189966000000151e-01,3.781470560690978339e-03
2.936544252000000133e-01,3.781070214126504379e-03
2.936756803000000193e-01,3.780830031331569932e-03
2.937536025999999967e-01,3.779949522390399930e-03
2.937606853999999990e-01,3.779869488690593572e-03
2.937677679999999847e-01,3.779789457084760645e-03
2.937819327999999786e-01,3.779629400156360799e-03
2.938102603000000146e-01,3.779309311427928812e-03
2.938173418000000203e-01,3.779229294480610738e-03
2.938456658999999971e-01,3.778909247628654561e-03
2.938669072000000271e-01,3.778669234471340906e-03
2.938739872999999725e-01,3.778589234272801845e-03
2.938810672000000124e-01,3.778509236167199286e-03
2.938952264999999953e-01,3.778349246235215234e-03
2.939306218000000137e-01,3.777949308033729230e-03
2.939589349999999768e-01,3.777629395142582946e-03
2.940084765000000044e-01,3.777069628141495501e-03
2.940155532000000016e-01,3.776989669795861263e-03
2.940367822000000131e-01,3.776749807310684267e-03
2.940721605000000127e-01,3.776350078336376814e-03
2.941004600000000080e-01,3.776030332804010143e-03
2.941216829000000144e-01,3.775790545612759622e-03
2.941287569000000102e-01,3.775710620731018066e-03
2.941641240999999796e-01,3.775311027686130243e-03
2.942065590999999869e-01,3.774831585022181499e-03
2.942631297000000146e-01,3.774192445189158973e-03
2.942702001999999983e-01,3.774112562114506023e-03
2.942772705999999738e-01,3.774032681129476686e-03
2.942984806999999758e-01,3.773793050712086986e-03
2.943196893000000203e-01,3.773553439099463624e-03
2.943267585000000075e-01,3.773473572740002838e-03
2.943833060000000112e-01,3.772834717072740245e-03
2.943903735999999771e-01,3.772754869513831721e-03
2.944610409999999789e-01,3.771956508786936980e-03
2.944893030999999883e-01,3.771637222962453181e-03
2.945034331999999977e-01,3.771477592576470174e-03
2.945528830999999959e-01,3.770918951980678589e-03
2.945740734000000249e-01,3.770679565890932075e-03
2.946093872000000169e-01,3.770280630811382282e-03
2.946164493999999801e-01,3.770200850055955340e-03
2.946729411999999826e-01,3.769562679119472636e-03
2.946941229000000217e-01,3.769323399439771394e-03
2.947153029999999840e-01,3.769084138532240169e-03
2.947223627000000179e-01,3.769004389067916183e-03
2.947717758999999771e-01,3.768446201209688182e-03
2.947858924000000269e-01,3.768286737731681765e-03
2.948070660000000065e-01,3.768047558152100122e-03
2.948423518000000132e-01,3.767648967214542143e-03
2.948635212999999866e-01,3.767409837666528365e-03
2.948846891999999942e-01,3.767170726877149857e-03
2.948917448999999746e-01,3.767091027449219302e-03
2.949481840000000021e-01,3.766453507044592846e-03
2.949552381000000167e-01,3.766373826370811567e-03
2.950116649999999785e-01,3.765736455978327575e-03
2.950328224000000055e-01,3.765497476451931756e-03
2.950610297999999854e-01,3.765178866241451500e-03
2.951174364999999966e-01,3.764541745777657232e-03
2.951385861999999971e-01,3.764302859958263640e-03
2.951456357999999724e-01,3.764223235515672204e-03
2.951667834999999740e-01,3.763984374678283791e-03
2.951808812000000226e-01,3.763825144527585369e-03
2.952513593000000158e-01,3.763029118649921251e-03
2.952936380000000249e-01,3.762551603005623996e-03
2.953429556000000122e-01,3.761994596077983689e-03
2.953922649999999872e-01,3.761437691068909416e-03
2.953993085000000129e-01,3.761358141528857012e-03
2.954063518999999749e-01,3.761278594068501267e-03
2.954626926999999736e-01,3.760642289237461043e-03
2.954767762000000131e-01,3.760483233819942803e-03
2.954838176999999844e-01,3.760403709229205148e-03
2.955612631999999795e-01,3.759529075911068833e-03
2.955894202000000082e-01,3.759211089776203548e-03
2.955964589999999781e-01,3.759131598436923471e-03
2.956246126000000030e-01,3.758813653855832930e-03
2.956316506000000177e-01,3.758734172904051440e-03
2.956527635000000265e-01,3.758495742513095865e-03
2.956738749999999749e-01,3.758257330816969829e-03
2.957090573999999750e-01,3.757860019528201992e-03
2.957372003000000027e-01,3.757542207877218477e-03
2.957864438999999734e-01,3.756986117426568388e-03
2.957934779999999986e-01,3.756906684237851669e-03
2.958005120000000154e-01,3.756827253124992230e-03
2.958216128999999750e-01,3.756588972241723702e-03
2.958567777000000176e-01,3.756191878947725236e-03
2.958778745999999793e-01,3.755953647875882959e-03
2.959060014000000072e-01,3.755636035497783663e-03
2.959270948000000123e-01,3.755397848000667678e-03
2.959692769999999751e-01,3.754921529021226605e-03
2.959903658999999965e-01,3.754683397535495820e-03
2.960255105999999858e-01,3.754286553206908576e-03
2.960395673999999810e-01,3.754127829992431453e-03
2.960465955000000093e-01,3.754048471495530399e-03
2.960676789000000197e-01,3.753810408447003436e-03
2.961028144000000251e-01,3.753413678166436351e-03
2.961309199000000114e-01,3.753096331258314218e-03
2.961379458999999770e-01,3.753016999713288358e-03
2.962152203000000261e-01,3.752144489509425408e-03
2.962433151000000153e-01,3.751827275238047744e-03
2.962643844999999776e-01,3.751589386289407198e-03
2.962924746000000220e-01,3.751272230026800499e-03
2.962994966999999980e-01,3.751192946139472739e-03
2.963275835999999996e-01,3.750875831303975179e-03
2.963626883000000101e-01,3.750479484357175167e-03
2.964679776999999961e-01,3.749290754098129601e-03
2.964890311000000223e-01,3.749053063937855465e-03
2.964960484999999979e-01,3.748973838023302290e-03
2.965311333999999799e-01,3.748577739494174561e-03
2.965732296999999962e-01,3.748102489542300478e-03
2.966083053999999941e-01,3.747706504809922550e-03
2.966363629000000057e-01,3.747389754257640128e-03
2.966433768999999776e-01,3.747310571790394770e-03
2.966644178000000243e-01,3.747073036797866474e-03
2.966854573000000106e-01,3.746835520417451763e-03
2.967205197000000183e-01,3.746439701139088908e-03
2.967415552000000067e-01,3.746202234382487502e-03
2.968046525999999963e-01,3.745489945741661483e-03
2.968116626000000258e-01,3.745410812894207474e-03
2.968607280000000181e-01,3.744856940824149456e-03
2.968677366999999956e-01,3.744777824508255856e-03
2.969378142999999914e-01,3.743986774978509246e-03
2.969728468999999760e-01,3.743591327676110744e-03
2.969798530000000159e-01,3.743512244411227423e-03
2.970218856999999879e-01,3.743037788190341393e-03
2.970358953000000191e-01,3.742879652635830532e-03
2.970569083999999860e-01,3.742642464788460341e-03
2.971129361000000024e-01,3.742010054694888850e-03
2.971409460000000169e-01,3.741693899185436108e-03
2.971479481000000034e-01,3.741614865467645344e-03
2.971619516999999822e-01,3.741456804222437552e-03
2.971689532999999828e-01,3.741377776695119402e-03
2.972039586999999927e-01,3.740982670010649293e-03
2.972529593000000081e-01,3.740429607301988188e-03
2.972739570999999859e-01,3.740192611369054163e-03
2.973719270999999886e-01,3.739086875759344789e-03
2.973929164999999930e-01,3.738849984991984496e-03
2.974139043999999843e-01,3.738613112777874285e-03
2.974208999999999881e-01,3.738534159495549968e-03
2.974278954999999836e-01,3.738455208274839986e-03
2.974768591999999989e-01,3.737902607435871979e-03
2.974978412000000016e-01,3.737665809416814647e-03
2.975048349000000147e-01,3.737586880864695628e-03
2.975607782999999951e-01,3.736955526619238806e-03
2.975887460000000151e-01,3.736639898936278213e-03
2.976097200999999748e-01,3.736403199801571675e-03
2.976446736000000204e-01,3.736008742432094833e-03
2.976516638000000214e-01,3.735929857135896360e-03
2.977564972999999782e-01,3.734746824752570651e-03
2.978054070000000220e-01,3.734194901465288843e-03
2.978123933999999862e-01,3.734116063513045515e-03
2.978193796999999976e-01,3.734037227617973895e-03
2.978333517999999791e-01,3.733879562001478185e-03
2.978403376000000047e-01,3.733800732279014128e-03
2.978612938999999904e-01,3.733564255456728667e-03
2.978962178999999821e-01,3.733170168563088032e-03
2.979451047000000186e-01,3.732618533300341435e-03
2.980079473000000201e-01,3.731909436025257834e-03
2.980428540999999765e-01,3.731515565054383844e-03
2.980568156999999774e-01,3.731358031055377177e-03
2.980637962000000085e-01,3.731279267138923068e-03
2.980847368999999802e-01,3.731042987722576424e-03
2.981475499999999834e-01,3.730334260447278408e-03
2.981684848000000221e-01,3.730098055008119855e-03
2.981754627000000046e-01,3.730019323970711585e-03
2.982103499000000046e-01,3.729625699598366952e-03
2.982591850999999905e-01,3.729074711746568991e-03
2.982801120999999944e-01,3.728838604901507300e-03
2.983219616000000185e-01,3.728366446653078557e-03
2.983428840999999831e-01,3.728130395246043432e-03
2.983707784999999890e-01,3.727815688776920690e-03
2.983986703000000018e-01,3.727501015149584963e-03
2.984265595999999743e-01,3.727186374361226000e-03
2.984335315000000155e-01,3.727107719294346210e-03
2.984893008000000236e-01,3.726478552629540301e-03
2.985032415000000161e-01,3.726321281480238310e-03
2.985311209000000021e-01,3.726006763798264676e-03
2.985450595999999956e-01,3.725849517265133332e-03
2.985938401000000075e-01,3.725299219003010229e-03
2.986217111000000202e-01,3.724984807968657885e-03
2.986495794999999842e-01,3.724670429740071457e-03
2.986774453000000107e-01,3.724356084313281898e-03
2.987331690000000206e-01,3.723727491849862948e-03
2.987610270000000123e-01,3.723413244805142807e-03
2.988097721999999901e-01,3.722863391365587374e-03
2.988236980000000265e-01,3.722706308821958562e-03
2.988376231000000049e-01,3.722549234472403209e-03
2.988724329999999929e-01,3.722156584445257717e-03
2.988793945000000063e-01,3.722078060584211017e-03
2.989281203999999970e-01,3.721528450900524806e-03
2.989350806000000138e-01,3.721449943422487638e-03
2.989837973999999732e-01,3.720900448403329300e-03
2.990116320999999799e-01,3.720586496287819553e-03
2.990672934999999977e-01,3.719958690301864053e-03
2.991229447000000041e-01,3.719331015283335994e-03
2.991577214000000207e-01,3.718938784889429250e-03
2.991785853999999745e-01,3.718703471199803420e-03
2.991994480999999872e-01,3.718468175918723546e-03
2.992342158999999890e-01,3.718076058020043477e-03
2.992550746000000039e-01,3.717840811819320135e-03
2.992620272000000026e-01,3.717762400508653475e-03
2.992828840000000268e-01,3.717527178843968699e-03
2.993176421000000031e-01,3.717135183623773622e-03
2.993245932999999970e-01,3.717056790712337019e-03
2.993454456999999902e-01,3.716821624241831330e-03
2.993662966999999786e-01,3.716586476166266161e-03
2.993732466999999842e-01,3.716508097562152679e-03
2.993801964999999732e-01,3.716429721000885558e-03
2.994010450999999851e-01,3.716194603579698729e-03
2.994218921999999838e-01,3.715959504548625551e-03
2.994913720999999862e-01,3.715175973908784596e-03
2.995052662000000088e-01,3.715019292293691815e-03
2.995122130000000271e-01,3.714940954549802391e-03
2.995469445000000230e-01,3.714549296463752134e-03
2.995886170000000015e-01,3.714079374148145530e-03
2.995955618000000209e-01,3.714001060908423031e-03
2.996163954000000129e-01,3.713766133438244684e-03
2.996511148000000069e-01,3.713374628483047911e-03
2.996580582000000215e-01,3.713296333615749654e-03
2.997344250000000265e-01,3.712435224769796566e-03
2.998177120000000140e-01,3.711496114869092429e-03
2.998454691999999921e-01,3.711183143508956297e-03
2.998662854999999960e-01,3.710948436402524298e-03
2.998732238999999855e-01,3.710870204778466113e-03
2.998801621000000139e-01,3.710791975193935329e-03
2.999009758999999775e-01,3.710557298673888317e-03
2.999287253999999847e-01,3.710244425191797264e-03
2.999356624000000249e-01,3.710166211917547731e-03
2.999842166999999726e-01,3.709618776076539434e-03
3.000327631999999967e-01,3.709071440103680044e-03
3.000466321999999963e-01,3.708915076737196153e-03
3.000605004999999936e-01,3.708758721520762341e-03
3.000882351999999975e-01,3.708446035537222261e-03
3.001229000999999785e-01,3.708055223894103809e-03
3.001506291000000104e-01,3.707742611243874508e-03
3.001575609000000089e-01,3.707664463172903081e-03
3.001714240999999728e-01,3.707508173140898304e-03
3.002130098999999941e-01,3.707039351917109250e-03
3.002338005999999893e-01,3.706804968793222469e-03
3.002545898999999796e-01,3.706570603992333755e-03
3.002823067000000012e-01,3.706258146090324335e-03
3.003169491000000080e-01,3.705867619509534226e-03
3.003238771000000251e-01,3.705789520299220072e-03
3.003446602000000021e-01,3.705555234878358650e-03
3.003792954000000237e-01,3.705164799873829004e-03
3.004000746000000110e-01,3.704930563286144233e-03
3.004277779999999787e-01,3.704618276317754068e-03
3.004347035000000110e-01,3.704540209660944945e-03
3.004831772000000067e-01,3.703993800015196493e-03
3.005108729000000034e-01,3.703681610673166449e-03
3.005316430000000150e-01,3.703447490018095013e-03
3.005454889999999990e-01,3.703291419747169796e-03
3.005662566999999785e-01,3.703057329588831537e-03
3.005939448000000125e-01,3.702745237838394720e-03
3.006147090999999882e-01,3.702511190368051094e-03
3.006562335999999891e-01,3.702043150303258034e-03
3.007115906000000227e-01,3.701419210678218857e-03
3.007600195999999837e-01,3.700873370166292940e-03
3.008153575999999996e-01,3.700249674306600213e-03
3.008361066999999944e-01,3.700015821866995108e-03
3.008706852999999959e-01,3.699626108409388801e-03
3.008776006000000169e-01,3.699548171808981090e-03
3.008983453999999891e-01,3.699314374187074976e-03
3.009190887000000036e-01,3.699080594834740915e-03
3.009467443000000131e-01,3.698768917447350577e-03
3.010089602000000086e-01,3.698067762045503283e-03
3.010296959000000050e-01,3.697834080100925128e-03
3.010435188999999734e-01,3.697678302281306138e-03
3.010573413000000031e-01,3.697522532576919593e-03
3.010918946000000207e-01,3.697133143812963291e-03
3.011195342999999913e-01,3.696821669309497457e-03
3.011540804000000238e-01,3.696432371808122848e-03
3.011678977000000201e-01,3.696276667001472793e-03
3.011955304999999750e-01,3.695965281717561012e-03
3.012300679000000092e-01,3.695576095725677714e-03
3.012576948999999837e-01,3.695264783417404487e-03
3.013129413999999784e-01,3.694642256078904327e-03
3.013198464999999882e-01,3.694564449280117457e-03
3.013405608999999985e-01,3.694331041040683355e-03
3.013681778000000255e-01,3.694019858417648804e-03
3.014165012999999727e-01,3.693475366814996230e-03
3.014303065999999753e-01,3.693319816013595266e-03
3.014786201999999915e-01,3.692775451999882105e-03
3.015062244999999752e-01,3.692464431393947377e-03
3.015614254000000272e-01,3.691842487353126038e-03
3.016097180000000266e-01,3.691298392577459231e-03
3.016442079000000165e-01,3.690909814159448656e-03
3.016511055000000163e-01,3.690832104546051731e-03
3.017062798999999851e-01,3.690210500466375131e-03
3.017545493000000079e-01,3.689666703088573772e-03
3.018303855000000202e-01,3.688812364545937788e-03
3.018372787999999973e-01,3.688734709536531462e-03
3.018717427000000009e-01,3.688346464810097862e-03
3.018924191999999840e-01,3.688113542229750491e-03
3.019130943000000178e-01,3.687880637837758456e-03
3.019199857000000042e-01,3.687803007082463870e-03
3.019268768999999741e-01,3.687725378347606921e-03
3.019406587999999836e-01,3.687570126939936684e-03
3.019751110000000183e-01,3.687182033780869381e-03
3.019820008999999916e-01,3.687104421210105065e-03
3.020233373999999804e-01,3.686638788207712535e-03
3.020371149000000144e-01,3.686483593366230230e-03
3.020577801000000062e-01,3.686250816251973421e-03
3.020784437999999850e-01,3.686018057313212009e-03
3.020853313999999901e-01,3.685940475039005924e-03
3.021128802999999974e-01,3.685630166135196381e-03
3.021404266000000116e-01,3.685319889536241809e-03
3.021610847000000266e-01,3.685087203284167796e-03
3.021679703999999855e-01,3.685009645237457589e-03
3.022023965999999784e-01,3.684621885281177695e-03
3.022505866999999902e-01,3.684079106106681427e-03
3.022987691999999837e-01,3.683536425805162672e-03
3.023056518000000192e-01,3.683458908117623332e-03
3.023538253999999981e-01,3.682916340787212306e-03
3.023607067999999898e-01,3.682838839237241244e-03
3.023675879000000122e-01,3.682761339703171950e-03
3.024157517000000128e-01,3.682218899433008230e-03
3.024707866999999939e-01,3.681599088674491604e-03
3.024776652999999760e-01,3.681521621401306378e-03
3.025189340000000171e-01,3.681056860093120681e-03
3.025533202999999838e-01,3.680669614427480810e-03
3.025808265000000108e-01,3.680359854167065004e-03
3.026014545999999861e-01,3.680127555127954506e-03
3.026358315000000077e-01,3.679740430355610877e-03
3.026633302000000247e-01,3.679430766796451448e-03
3.026977001000000222e-01,3.679043732665052656e-03
3.027183200999999935e-01,3.678811536352346798e-03
3.027389388000000237e-01,3.678579358162342629e-03
3.027458113000000006e-01,3.678501969458891456e-03
3.027939150000000246e-01,3.677960304908764987e-03
3.028282700000000105e-01,3.677573462048651463e-03
3.028832300000000033e-01,3.676954618126256416e-03
3.029038373999999867e-01,3.676722584857602342e-03
3.029107061999999906e-01,3.676645244458642652e-03
3.029175748999999862e-01,3.676567906071841196e-03
3.029313117999999916e-01,3.676413235333699479e-03
3.029725187000000264e-01,3.675949271397993892e-03
3.029931200000000047e-01,3.675717316584124587e-03
3.030411843999999966e-01,3.675176159073707382e-03
3.030480501000000215e-01,3.675098858901110731e-03
3.030755113999999972e-01,3.674789678317713550e-03
3.031372902999999730e-01,3.674094139610740214e-03
3.031510171999999836e-01,3.673939597563645031e-03
3.031921941999999870e-01,3.673476019654907214e-03
3.032127806000000092e-01,3.673244257828128627e-03
3.032333656999999794e-01,3.673012514084792336e-03
3.032608102000000083e-01,3.672703550552494037e-03
3.032951123000000027e-01,3.672317391334284885e-03
3.033225513000000206e-01,3.672008500112944589e-03
3.033568464999999992e-01,3.671622431270334802e-03
3.033774216999999829e-01,3.671390814060715609e-03
3.034117107000000035e-01,3.671004825531815063e-03
3.034597086999999971e-01,3.670464525901052325e-03
3.034665650000000214e-01,3.670387348268374424e-03
3.034871328000000035e-01,3.670155827411017771e-03
3.035214093999999974e-01,3.669769999449538998e-03
3.035625361000000022e-01,3.669307072108509826e-03
3.035899509000000163e-01,3.668998494003671874e-03
3.036242158999999941e-01,3.668612816503520092e-03
3.036516250999999889e-01,3.668304310603012763e-03
3.036721802999999831e-01,3.668072952233684784e-03
3.037954827000000080e-01,3.666685180925697857e-03
3.038091799000000037e-01,3.666531024200187210e-03
3.038160282999999851e-01,3.666453948843487361e-03
3.038434201999999917e-01,3.666145667453971860e-03
3.038502677000000096e-01,3.666068602115670882e-03
3.038708096000000136e-01,3.665837418121555523e-03
3.038981964999999952e-01,3.665529200842401140e-03
3.039050428999999776e-01,3.665452151530917621e-03
3.039529630000000204e-01,3.664912862429198573e-03
3.039598081000000063e-01,3.664835829139891261e-03
3.039803425000000003e-01,3.664604741286975938e-03
3.040145635000000013e-01,3.664219634911881993e-03
3.040282508000000106e-01,3.664065606376867325e-03
3.040350942000000223e-01,3.663988595111912407e-03
3.040556235999999912e-01,3.663757573328714490e-03
3.040624664000000088e-01,3.663680570071181121e-03
3.041240446999999847e-01,3.662987630818635536e-03
3.041377270999999771e-01,3.662833666331601762e-03
3.041445680000000040e-01,3.662756687089729381e-03
3.041787704999999731e-01,3.662371820891216750e-03
3.041992902000000276e-01,3.662140925180011521e-03
3.042881926000000070e-01,3.661140585118518535e-03
3.043360524000000011e-01,3.660602080451492470e-03
3.043633975000000214e-01,3.660294407482819756e-03
3.043907401000000013e-01,3.659986766496573299e-03
3.043975754000000089e-01,3.659909861247178427e-03
3.044454180000000232e-01,3.659371580458666614e-03
3.044659196999999762e-01,3.659140918666495702e-03
3.044727532000000014e-01,3.659064035398097280e-03
3.044932531000000275e-01,3.658833397582315818e-03
3.045069188000000260e-01,3.658679649026874529e-03
3.045274163999999728e-01,3.658449041176937110e-03
3.045752386000000200e-01,3.657911026102233024e-03
3.045820697000000132e-01,3.657834174794242880e-03
3.046162231000000276e-01,3.657449948209443805e-03
3.046367132000000200e-01,3.657219436219295242e-03
3.046572020000000158e-01,3.656988942197652703e-03
3.047118321000000241e-01,3.656374379307761411e-03
3.047186600999999828e-01,3.656297567928313511e-03
3.047732792000000246e-01,3.655683148736492590e-03
3.047801058999999868e-01,3.655606355316643342e-03
3.047937587999999809e-01,3.655452774463481200e-03
3.048756635000000048e-01,3.654531456914793686e-03
3.048893120999999762e-01,3.654377931914252683e-03
3.049029601000000089e-01,3.654224414890552657e-03
3.049370774999999867e-01,3.653840657228029157e-03
3.049439005999999841e-01,3.653763911677425369e-03
3.049643686999999881e-01,3.653533686987597059e-03
3.049984793000000138e-01,3.653150019042228705e-03
3.051007880000000116e-01,3.651999314168113790e-03
3.051076073000000277e-01,3.651922616450943831e-03
3.051280645000000180e-01,3.651692535253818050e-03
3.051485203000000035e-01,3.651462471985746777e-03
3.051826102999999901e-01,3.651079073043702813e-03
3.052098795000000031e-01,3.650772389740217141e-03
3.052303297999999776e-01,3.650542398172437406e-03
3.052644105999999802e-01,3.650159118716370544e-03
3.052712262999999759e-01,3.650082468798237015e-03
3.052916724999999998e-01,3.649852530988536431e-03
3.053461889999999901e-01,3.649239451081868341e-03
3.053666301999999888e-01,3.649009578956610451e-03
3.053734436000000163e-01,3.648932958894875959e-03
3.054279455000000199e-01,3.648320070034770986e-03
3.054892485999999852e-01,3.647630722259544937e-03
3.055301103999999990e-01,3.647171246580531434e-03
3.055369202000000062e-01,3.647094674260603978e-03
3.055641578000000136e-01,3.646788404866987358e-03
3.055913929999999890e-01,3.646482167285178700e-03
3.055982013999999913e-01,3.646405612859829424e-03
3.056186256999999795e-01,3.646175961511165155e-03
3.056526632000000077e-01,3.645793249018185883e-03
3.056730838999999755e-01,3.645563645372773554e-03
3.057003092999999727e-01,3.645257534999836804e-03
3.057547529999999902e-01,3.644645409629297238e-03
3.057751669000000061e-01,3.644415895395141086e-03
3.057819712000000023e-01,3.644339394623036417e-03
3.058023832000000275e-01,3.644109904225016888e-03
3.058159905000000234e-01,3.643956920557252233e-03
3.058568086999999824e-01,3.643498017215860904e-03
3.058636111999999962e-01,3.643421540275968915e-03
3.058704134999999935e-01,3.643345065321086304e-03
3.059248269000000020e-01,3.642733337159228483e-03
3.059928299999999934e-01,3.641968855607217656e-03
3.059996294999999811e-01,3.641892418367249137e-03
3.060200269999999723e-01,3.641663118554185410e-03
3.060540198999999739e-01,3.641280991881829486e-03
3.060880089999999942e-01,3.640898914807478952e-03
3.061016034999999857e-01,3.640746097862701709e-03
3.061423836000000120e-01,3.640287694631616413e-03
3.061627715999999944e-01,3.640058519788465577e-03
3.061899536000000088e-01,3.639752981092200541e-03
3.062375160999999957e-01,3.639218364704439445e-03
3.062714847999999934e-01,3.638836555325567976e-03
3.062918641999999858e-01,3.638607493482635263e-03
3.063054498000000181e-01,3.638454795495912365e-03
3.063258268999999867e-01,3.638225763378256580e-03
3.064141122999999856e-01,3.637233496923162474e-03
3.064276924000000069e-01,3.637080870258966453e-03
3.064344822000000246e-01,3.637004559898013474e-03
3.064684290999999949e-01,3.636623037799385869e-03
3.064887954000000136e-01,3.636394148303328210e-03
3.065363115999999999e-01,3.635860142110492518e-03
3.065430989999999856e-01,3.635783863430410139e-03
3.065702471999999790e-01,3.635478768505379273e-03
3.065973929999999958e-01,3.635173705249507888e-03
3.066177507000000246e-01,3.634944928587764603e-03
3.066720314999999975e-01,3.634334944557138583e-03
3.066788159000000125e-01,3.634258705456664892e-03
3.067263026000000004e-01,3.633725087144592733e-03
3.067534345999999856e-01,3.633420205910350888e-03
3.067602172000000182e-01,3.633343990546345284e-03
3.068144727000000072e-01,3.632734338822351562e-03
3.068415969000000132e-01,3.632429560414308662e-03
3.068619383999999783e-01,3.632200997365755447e-03
3.068958379999999764e-01,3.631820098484759424e-03
3.069026174999999745e-01,3.631743924638624124e-03
3.069229549999999973e-01,3.631515414956585676e-03
3.069568477999999878e-01,3.631134605009169770e-03
3.069704039000000217e-01,3.630982294862094423e-03
3.070652797999999795e-01,3.629916345090226319e-03
3.071059319000000176e-01,3.629459627978517955e-03
3.071398046000000104e-01,3.629079084686300839e-03
3.071601264000000109e-01,3.628850782402933111e-03
3.071872199999999831e-01,3.628546406994838294e-03
3.072210837000000083e-01,3.628165982145764492e-03
3.072481719999999861e-01,3.627861677790345137e-03
3.072684866000000015e-01,3.627633470243515467e-03
3.072752578999999873e-01,3.627557405008181510e-03
3.072820290000000121e-01,3.627481341745174368e-03
3.073226524000000071e-01,3.627025003598702800e-03
3.073294225000000046e-01,3.626948954146191808e-03
3.073361923999999856e-01,3.626872906665434305e-03
3.073903461999999975e-01,3.626264597826673285e-03
3.074106514000000123e-01,3.626036514552804894e-03
3.074444905000000006e-01,3.625656415198840691e-03
3.074647922000000033e-01,3.625428379245692993e-03
3.074918589999999785e-01,3.625124358907144424e-03
3.075189233999999772e-01,3.624820370106807566e-03
3.075527505000000272e-01,3.624440428450946203e-03
3.075933382000000105e-01,3.623984563493375024e-03
3.076068663000000036e-01,3.623832624270221896e-03
3.076271572000000010e-01,3.623604730211068149e-03
3.076542097000000142e-01,3.623300899044088613e-03
3.077083076000000084e-01,3.622693331252310918e-03
3.077285918000000065e-01,3.622465525823814238e-03
3.077556354000000050e-01,3.622161812819556931e-03
3.077623959999999936e-01,3.622085889490581165e-03
3.077894366000000215e-01,3.621782215861501456e-03
3.078164748000000173e-01,3.621478573728565114e-03
3.078367518999999830e-01,3.621250862795605697e-03
3.078705441999999848e-01,3.620871383934764955e-03
3.079178470999999750e-01,3.620340196175562443e-03
3.079313607999999980e-01,3.620188445951246295e-03
3.079516304000000093e-01,3.619960835369041927e-03
3.080056760000000060e-01,3.619353960363765142e-03
3.080326952999999923e-01,3.619050570060739023e-03
3.080394497000000231e-01,3.618974727401114665e-03
3.080529582000000044e-01,3.618823047980641340e-03
3.080597122000000021e-01,3.618747211219812757e-03
3.080934799000000224e-01,3.618368056905184836e-03
3.081407486000000140e-01,3.617837323427060357e-03
3.081880100000000122e-01,3.617306686253274946e-03
3.082015120000000108e-01,3.617155093317986521e-03
3.082217637999999926e-01,3.616927718651541737e-03
3.082555137999999917e-01,3.616548800165694799e-03
3.082757620000000087e-01,3.616321472647283323e-03
3.083567416999999922e-01,3.615412339335954874e-03
3.083634889999999906e-01,3.615336590990526292e-03
3.083769833000000182e-01,3.615185100190340759e-03
3.083837301999999836e-01,3.615109357735337044e-03
3.084039700000000273e-01,3.614882142148878857e-03
3.084377000999999896e-01,3.614503488765149694e-03
3.084579363000000130e-01,3.614276320289004987e-03
3.084646815000000042e-01,3.614200601388657761e-03
3.084849159999999979e-01,3.613973456462853551e-03
3.085186372000000010e-01,3.613594920832807495e-03
3.085253809999999874e-01,3.613519219592887643e-03
3.085456114999999833e-01,3.613292127645461628e-03
3.085793260999999954e-01,3.612913680302201440e-03
3.086197788000000219e-01,3.612459608219468869e-03
3.086871881000000095e-01,3.611702978300709160e-03
3.087006681999999724e-01,3.611551675845306539e-03
3.087074080000000165e-01,3.611476027558039367e-03
3.087343658000000213e-01,3.611173454013775434e-03
3.087411049000000074e-01,3.611097815528242338e-03
3.088084877000000228e-01,3.610341538466485794e-03
3.088421735999999918e-01,3.609963473419991464e-03
3.088489104000000096e-01,3.609887866288592935e-03
3.088893276999999937e-01,3.609434264638972968e-03
3.089027990000000057e-01,3.609283079760228392e-03
3.089162697000000235e-01,3.609131902716010247e-03
3.089499438000000153e-01,3.608753994378136824e-03
3.089768804999999952e-01,3.608451702956223112e-03
3.090038147999999985e-01,3.608149442862712379e-03
3.090240140000000135e-01,3.607922768349347640e-03
3.090307467999999780e-01,3.607847214093273022e-03
3.091115286000000184e-01,3.606940715690954737e-03
3.091317208000000094e-01,3.606714135122765421e-03
3.091721010999999852e-01,3.606261026813242093e-03
3.091922892999999783e-01,3.606034499068950811e-03
3.092259333999999860e-01,3.605656991949543391e-03
3.092663015000000071e-01,3.605204047947179521e-03
3.092730289999999771e-01,3.605128564124351377e-03
3.092797562999999861e-01,3.605053082257045783e-03
3.093268437000000204e-01,3.604524763931086801e-03
3.093335698999999939e-01,3.604449297704892009e-03
3.093470218000000105e-01,3.604298371116615440e-03
3.093537474999999981e-01,3.604222910754178045e-03
3.094613394999999878e-01,3.603015810754933452e-03
3.094882317000000049e-01,3.602714113913292777e-03
3.094949543000000136e-01,3.602638694586726698e-03
3.095151214999999900e-01,3.602412448327442160e-03
3.095487304999999800e-01,3.602035410292238077e-03
3.095688940999999916e-01,3.601809210906722295e-03
3.096428162000000039e-01,3.600979963511877734e-03
3.096495355000000171e-01,3.600904589099129978e-03
3.096562547000000221e-01,3.600829216638058456e-03
3.097032847999999783e-01,3.600301664064606017e-03
3.097100027999999949e-01,3.600226307217856397e-03
3.097301559000000259e-01,3.600000248386744234e-03
3.097570248000000026e-01,3.599698863930849303e-03
3.097771747999999992e-01,3.599472846075807766e-03
3.098846197999999830e-01,3.598267714016835286e-03
3.099114752000000084e-01,3.597966509010917802e-03
3.099181886999999858e-01,3.597891212634017361e-03
3.099786036000000133e-01,3.597213632969698503e-03
3.100322958000000240e-01,3.596611472478601374e-03
3.100524279999999910e-01,3.596385694448943349e-03
3.100725588000000088e-01,3.596159933955573717e-03
3.100792687999999742e-01,3.596084684354883352e-03
3.100993980000000261e-01,3.595858947241547740e-03
3.101329435999999884e-01,3.595482757680007815e-03
3.101597775000000112e-01,3.595181841091633652e-03
3.101799014000000132e-01,3.594956174099418322e-03
3.102134383999999856e-01,3.594580101392997728e-03
3.102402652999999844e-01,3.594279278275285764e-03
3.102469716999999849e-01,3.594204077363375837e-03
3.102939122999999744e-01,3.593677725485581748e-03
3.103140274999999781e-01,3.593452175305937753e-03
3.103207323000000128e-01,3.593376995805255651e-03
3.104011783000000246e-01,3.592474993577970781e-03
3.104614991999999907e-01,3.591798675755757987e-03
3.104816034999999808e-01,3.591573271492096847e-03
3.105017065999999826e-01,3.591347884730501476e-03
3.105352088000000177e-01,3.590972279018723925e-03
3.105553082999999992e-01,3.590746938922123339e-03
3.106155992999999893e-01,3.590071023607688087e-03
3.106222974999999775e-01,3.589995931624644955e-03
3.106423915000000036e-01,3.589770667335602950e-03
3.106758785000000023e-01,3.589395265719494584e-03
3.106959690000000163e-01,3.589170048066341739e-03
3.107160581000000255e-01,3.588944847898123836e-03
3.107227542000000065e-01,3.588869785060670725e-03
3.107294501999999792e-01,3.588794724166507761e-03
3.107428416999999943e-01,3.588644608204398078e-03
3.107763178999999876e-01,3.588269352291451920e-03
3.108834174999999811e-01,3.587068859609454478e-03
3.109101866000000269e-01,3.586768814095422746e-03
3.109436447000000214e-01,3.586393800873369144e-03
3.109570269999999970e-01,3.586243809169822969e-03
3.109971703000000143e-01,3.585793880628880461e-03
3.110172399999999726e-01,3.585568942551996870e-03
3.110373084999999982e-01,3.585344021934678323e-03
3.110640644000000066e-01,3.585044154935880002e-03
3.110975060000000236e-01,3.584669364827629875e-03
3.111041938999999923e-01,3.584594412623909408e-03
3.111576918000000247e-01,3.583994864802617607e-03
3.111777512000000190e-01,3.583770066360868201e-03
3.111978092000000085e-01,3.583545285366358194e-03
3.112044950000000254e-01,3.583470362244948505e-03
3.112780285999999785e-01,3.582646335828933333e-03
3.112847126000000131e-01,3.582571435964089154e-03
3.113181305000000121e-01,3.582196965702815188e-03
3.113381794999999785e-01,3.581972306794910330e-03
3.113649096000000172e-01,3.581672788704372366e-03
3.113849556000000129e-01,3.581448170474174370e-03
3.114784865999999930e-01,3.580400182517054497e-03
3.115252414999999941e-01,3.579876330839806137e-03
3.115719894999999795e-01,3.579352574004021018e-03
3.115786671999999924e-01,3.579277759339365757e-03
3.115853447999999970e-01,3.579202946610456331e-03
3.116053765999999836e-01,3.578978520032885264e-03
3.116254070999999737e-01,3.578754110868499674e-03
3.116320837000000066e-01,3.578679311682863521e-03
3.116587885000000058e-01,3.578380134286447776e-03
3.116921663000000176e-01,3.578006206063997358e-03
3.117055163999999934e-01,3.577856648313431937e-03
3.117388891999999800e-01,3.577482787780741132e-03
3.117455632999999726e-01,3.577408021475355152e-03
3.117655849000000035e-01,3.577183734160324386e-03
3.117856050999999740e-01,3.576959464246320854e-03
3.117989512000000074e-01,3.576809960636518487e-03
3.118189693000000262e-01,3.576585719720196382e-03
3.118456580999999783e-01,3.576286758892782084e-03
3.118723447000000260e-01,3.575987828988461299e-03
3.118990288999999860e-01,3.575688930003978385e-03
3.119056995999999748e-01,3.575614210088835180e-03
3.120057430000000021e-01,3.574493643186897173e-03
3.120257477999999751e-01,3.574269581958230448e-03
3.120524190000000253e-01,3.573970860688858390e-03
3.120657537000000037e-01,3.573821511639809542e-03
3.121124205999999957e-01,3.573298850783869929e-03
3.121190868000000007e-01,3.573224192669406749e-03
3.121390842999999804e-01,3.573000229907028966e-03
3.121657458000000052e-01,3.572701639912766614e-03
3.121724108000000220e-01,3.572626997238707164e-03
3.122190617999999751e-01,3.572104552554837813e-03
3.122257257000000119e-01,3.572029925318247374e-03
3.122390529999999886e-01,3.571880676632774049e-03
3.122657059000000235e-01,3.571582202413053127e-03
3.122790315000000261e-01,3.571432976877161880e-03
3.123190048000000218e-01,3.570985346562270679e-03
3.123456508999999937e-01,3.570686964924070766e-03
3.123523120999999736e-01,3.570612374335476163e-03
3.124255754999999968e-01,3.569792005113313869e-03
3.124388942999999919e-01,3.569642872133788839e-03
3.124588714000000045e-01,3.569419187121364734e-03
3.124855054999999826e-01,3.569120967420035418e-03
3.125387669999999951e-01,3.568524620514095837e-03
3.125454240000000161e-01,3.568450085821429744e-03
3.125587376999999778e-01,3.568301022215763368e-03
3.125653943000000212e-01,3.568226493302237030e-03
3.125920193999999763e-01,3.567928396912474834e-03
3.126519174999999873e-01,3.567257792709762742e-03
3.126984970000000197e-01,3.566736319500591820e-03
3.127450694999999725e-01,3.566214940627275131e-03
3.127716792999999940e-01,3.565917052190141576e-03
3.127783313999999981e-01,3.565842584891982560e-03
3.128780957000000251e-01,3.564725806335034691e-03
3.128847455000000055e-01,3.564651369822723938e-03
3.129046940999999915e-01,3.564428071826715276e-03
3.129179925000000195e-01,3.564279216113041583e-03
3.129379389999999983e-01,3.564055946967476657e-03
3.129645323999999951e-01,3.563758281696588568e-03
3.130177123999999811e-01,3.563163043449639120e-03
3.130243591999999908e-01,3.563088647320318721e-03
3.130442989000000176e-01,3.562865470466271538e-03
3.130708832999999913e-01,3.562567928237427885e-03
3.130775290000000211e-01,3.562493547485642235e-03
3.130974652999999885e-01,3.562270416760611458e-03
3.131240451999999785e-01,3.561972936031040492e-03
3.131771979999999900e-01,3.561378066799393734e-03
3.131838415000000042e-01,3.561303716790624289e-03
3.132369842000000126e-01,3.560708985870355940e-03
3.132569103999999771e-01,3.560485993465597066e-03
3.132834767000000076e-01,3.560188697142897818e-03
3.133033999000000014e-01,3.559965745061849027e-03
3.133100407000000143e-01,3.559891431541558487e-03
3.133366025000000055e-01,3.559594196658610963e-03
3.133963583000000108e-01,3.558925530463294927e-03
3.134162743000000195e-01,3.558702676277382144e-03
3.134428270999999877e-01,3.558405564227947512e-03
3.134892890000000043e-01,3.557885692008528385e-03
3.135025625999999788e-01,3.557737174354110195e-03
3.135158356000000146e-01,3.557588664372338377e-03
3.135423800000000094e-01,3.557291667425417636e-03
3.135556513000000156e-01,3.557143180458736086e-03
3.135755572000000213e-01,3.556920464392026443e-03
3.136020964999999827e-01,3.556623536480833358e-03
3.136087309999999739e-01,3.556549309296648618e-03
3.136618017000000203e-01,3.555955560838101621e-03
3.136817009000000267e-01,3.555732936794699789e-03
3.137281275000000091e-01,3.555213547771653333e-03
3.137546538000000051e-01,3.554916796201439393e-03
3.137612851000000092e-01,3.554842613099528509e-03
3.138143299999999747e-01,3.554249217247550021e-03
3.138209599999999821e-01,3.554175051386504990e-03
3.138342195000000112e-01,3.554026725409516804e-03
3.138408490999999856e-01,3.553952565294311774e-03
3.138938804999999999e-01,3.553359353313719285e-03
3.139137650000000113e-01,3.553136930415854745e-03
3.139734109000000273e-01,3.552469765103390305e-03
3.140197943999999963e-01,3.551950965937855642e-03
3.140264199999999728e-01,3.551876859426446060e-03
3.140330454999999965e-01,3.551802754828364481e-03
3.140529212000000014e-01,3.551580452515701487e-03
3.141522807000000084e-01,3.550469199223340623e-03
3.141589034999999752e-01,3.550395130972562249e-03
3.141787711999999844e-01,3.550172937694690434e-03
3.141920156999999936e-01,3.550024818404187883e-03
3.142118812999999955e-01,3.549802653809043269e-03
3.142383668000000019e-01,3.549506461115921503e-03
3.142582294999999859e-01,3.549284336669691897e-03
3.142648500999999928e-01,3.549210299010574238e-03
3.143178100999999836e-01,3.548618066548497093e-03
3.143906154000000175e-01,3.547803946610092810e-03
3.143972332000000147e-01,3.547729947170246648e-03
3.144501707999999840e-01,3.547138020418215756e-03
3.144567873999999930e-01,3.547064038169310540e-03
3.144700201000000250e-01,3.546916079400914881e-03
3.144766363000000009e-01,3.546842102881191984e-03
3.145097150000000230e-01,3.546472248926441258e-03
3.145295605000000272e-01,3.546250359466353742e-03
3.145626335999999745e-01,3.545880581882430646e-03
3.145758618999999756e-01,3.545732684211330612e-03
3.146353822999999883e-01,3.545067239170366941e-03
3.146684443000000164e-01,3.544697614272651273e-03
3.146816680999999782e-01,3.544549777669246844e-03
3.146882798000000259e-01,3.544475862229713899e-03
3.147147252999999978e-01,3.544180219548517894e-03
3.147411685000000015e-01,3.543884607388531581e-03
3.147676094999999896e-01,3.543589025745661879e-03
3.147742193999999993e-01,3.543515135102928530e-03
3.147874386999999774e-01,3.543367359538422429e-03
3.147940482000000095e-01,3.543293474616344366e-03
3.148138758999999842e-01,3.543071831291838818e-03
3.148270935999999964e-01,3.542924078609126833e-03
3.148667433999999821e-01,3.542480866317223014e-03
3.148733511999999846e-01,3.542407004273840851e-03
3.149262087999999959e-01,3.541816176545889601e-03
3.149328154000000102e-01,3.541742331656616734e-03
3.149526342000000256e-01,3.541520808420884747e-03
3.149724519000000056e-01,3.541299302335510282e-03
3.150385016999999732e-01,3.540561072552720571e-03
3.150847283000000054e-01,3.540044425040331927e-03
3.151045376000000120e-01,3.539823033243630606e-03
3.151441524999999966e-01,3.539380301061729323e-03
3.151639580999999746e-01,3.539158960672656156e-03
3.151837624000000115e-01,3.538937637416712540e-03
3.151903636000000231e-01,3.538863866805348150e-03
3.152497678999999775e-01,3.538200016946714890e-03
3.152695669000000200e-01,3.537978767915001769e-03
3.152893646000000105e-01,3.537757536007288782e-03
3.153025623999999860e-01,3.537610057582077187e-03
3.153223580000000248e-01,3.537388854211592337e-03
3.154081248000000226e-01,3.536430504089809520e-03
3.154279138000000149e-01,3.536209392010107762e-03
3.154477015000000106e-01,3.535988297041818985e-03
3.154542972000000112e-01,3.535914602521946209e-03
3.154806783999999920e-01,3.535619843451852026e-03
3.155268401999999917e-01,3.535104088261029846e-03
3.155598088000000079e-01,3.534735748710991429e-03
3.155664020999999764e-01,3.534662086502006560e-03
3.156191435999999850e-01,3.534072857228361293e-03
3.156389193999999954e-01,3.533851927597072250e-03
3.156586939000000092e-01,3.533631015061163005e-03
3.156652851000000259e-01,3.533557381347796761e-03
3.157180101000000016e-01,3.532968380010821901e-03
3.157377796999999986e-01,3.532747535841226569e-03
3.157443692999999940e-01,3.532673924915114179e-03
3.157773151000000111e-01,3.532305898763629833e-03
3.157970809999999795e-01,3.532085105852361510e-03
3.158431965999999869e-01,3.531569988824442494e-03
3.158695452999999986e-01,3.531275677988307375e-03
3.158761320999999844e-01,3.531202105022818345e-03
3.159024780999999948e-01,3.530907832135861315e-03
3.159288218999999898e-01,3.530613589603609579e-03
3.159815028999999886e-01,3.530025195590563280e-03
3.160341750999999810e-01,3.529436922953703426e-03
3.160539249000000050e-01,3.529216352001218922e-03
3.160605079000000095e-01,3.529142832142255146e-03
3.160802560000000039e-01,3.528922283939957792e-03
3.160934208000000245e-01,3.528775261283501399e-03
3.161592362999999795e-01,3.528040261723991086e-03
3.161658171000000239e-01,3.527966772191411509e-03
3.161921389999999832e-01,3.527672833009142493e-03
3.161987191000000252e-01,3.527599352950055653e-03
3.162184585999999742e-01,3.527378924141098566e-03
3.162513551000000200e-01,3.527011580681214085e-03
3.162710912999999735e-01,3.526791197335933659e-03
3.162908262999999942e-01,3.526570831035914268e-03
3.162974043999999818e-01,3.526497379390489909e-03
3.163500240000000074e-01,3.525909834396569881e-03
3.163566007999999985e-01,3.525836399792731113e-03
3.164289370000000212e-01,3.525028744092035746e-03
3.164552368999999921e-01,3.524735107892566170e-03
3.165144038000000104e-01,3.524074537141759327e-03
3.165341235999999947e-01,3.523854380947195539e-03
3.165669872999999912e-01,3.523487491789849355e-03
3.165867038999999883e-01,3.523267380992520150e-03
3.166129906999999855e-01,3.522973926406569936e-03
3.166392753000000226e-01,3.522680502076831754e-03
3.166655577999999971e-01,3.522387107999089793e-03
3.166721281000000054e-01,3.522313764206575198e-03
3.166852681999999808e-01,3.522167082292187047e-03
3.167246853999999834e-01,3.521727081916710064e-03
3.167443922000000023e-01,3.521507107245424456e-03
3.167706659000000258e-01,3.521213834141214034e-03
3.167903698000000268e-01,3.520993899154417628e-03
3.168232068999999873e-01,3.520627378632189101e-03
3.168494740999999726e-01,3.520334196219541446e-03
3.168691731000000122e-01,3.520114329244330986e-03
3.169020020000000160e-01,3.519747922060422959e-03
3.169282627000000185e-01,3.519454830306424295e-03
3.169348275000000159e-01,3.519381562088595098e-03
3.169873413000000029e-01,3.518795484317958477e-03
3.170004683000000045e-01,3.518648983754207090e-03
3.170398462999999833e-01,3.518209527363667065e-03
3.170595334999999904e-01,3.517989824647504808e-03
3.170857811000000193e-01,3.517696914112253617e-03
3.171382697999999833e-01,3.517111183608459014e-03
3.171448303000000135e-01,3.517037975785334680e-03
3.172169866999999810e-01,3.516232814217170027e-03
3.172956840000000223e-01,3.515354716374082932e-03
3.173022412000000014e-01,3.515281553808020151e-03
3.173219120999999920e-01,3.515062077420505558e-03
3.173415816999999861e-01,3.514842617995794956e-03
3.173481380000000018e-01,3.514769468624100082e-03
3.173546942000000093e-01,3.514696321136796288e-03
3.173940282000000113e-01,3.514257475785649825e-03
3.174071384000000107e-01,3.514111209076191573e-03
3.174202481000000242e-01,3.513964949903412936e-03
3.174530200999999829e-01,3.513599334939914408e-03
3.174595740000000221e-01,3.513526217598575332e-03
3.174792350999999790e-01,3.513306876875707356e-03
3.174988951000000115e-01,3.513087553104855126e-03
3.175120009999999882e-01,3.512941346673778553e-03
3.175251063999999790e-01,3.512795147775912580e-03
3.175316588000000051e-01,3.512722051151445733e-03
3.175513154999999865e-01,3.512502772576098393e-03
3.175840738999999857e-01,3.512137345940022966e-03
3.176364803000000236e-01,3.511552761212659562e-03
3.176692299000000164e-01,3.511187456928431538e-03
3.177347189999999988e-01,3.510456989489622957e-03
3.177609108000000182e-01,3.510164855192265173e-03
3.178132880999999799e-01,3.509580676884005001e-03
3.178263809999999912e-01,3.509434651113477015e-03
3.178722021000000009e-01,3.508923620148452285e-03
3.179441934000000192e-01,3.508120757608351910e-03
3.179507371999999998e-01,3.508047781382699244e-03
3.179703680000000032e-01,3.507828863981200546e-03
3.179834543999999763e-01,3.507682928442786875e-03
3.180292529000000035e-01,3.507172213247070850e-03
3.180554205000000190e-01,3.506880417324972736e-03
3.180815860000000272e-01,3.506588651458684893e-03
3.180881269999999983e-01,3.506515714687459800e-03
3.181077492000000118e-01,3.506296915643750817e-03
3.181404502999999884e-01,3.505932288130426001e-03
3.181796872000000054e-01,3.505494797079478867e-03
3.181862261999999775e-01,3.505421888474997884e-03
3.182319954999999756e-01,3.504911580809071288e-03
3.182385334000000232e-01,3.504838687221880668e-03
3.182581463999999971e-01,3.504620017722386450e-03
3.182646838000000034e-01,3.504547131642540836e-03
3.182908320000000235e-01,3.504255606089531818e-03
3.183169780999999809e-01,3.503964110559186843e-03
3.183365863000000018e-01,3.503745508611840528e-03
3.183627285999999779e-01,3.503454065613244468e-03
3.183954035000000071e-01,3.503089804069474660e-03
3.184019381000000037e-01,3.503016957387878032e-03
3.184542097999999988e-01,3.502434251444073044e-03
3.184672763999999989e-01,3.502288593709249401e-03
3.184738094999999825e-01,3.502215767654688876e-03
3.185521962999999790e-01,3.501342001216834528e-03
3.185587276999999884e-01,3.501269199530501058e-03
3.185783208999999894e-01,3.501050805715534130e-03
3.185979130000000104e-01,3.500832428765917898e-03
3.186109737000000219e-01,3.500686853502180205e-03
3.186501526000000140e-01,3.500250172675648409e-03
3.186566820000000244e-01,3.500177399095055330e-03
3.186762691999999730e-01,3.499959089591740680e-03
3.187154401000000248e-01,3.499522521157494032e-03
3.187350237000000086e-01,3.499304262223150268e-03
3.187611334000000074e-01,3.499013276526136227e-03
3.187676604999999941e-01,3.498940534783280456e-03
3.187872408999999907e-01,3.498722320787575873e-03
3.188133463000000223e-01,3.498431395002307102e-03
3.188655505999999917e-01,3.497849633279483030e-03
3.188851249999999915e-01,3.497631503513575629e-03
3.189242702000000262e-01,3.497195294505598111e-03
3.189438410000000057e-01,3.496977215259572825e-03
3.189895016000000028e-01,3.496468429160316631e-03
3.190221122999999936e-01,3.496105066630182060e-03
3.190481983999999827e-01,3.495814410268351276e-03
3.190808030999999767e-01,3.495451131886931177e-03
3.191003642999999945e-01,3.495233187293877389e-03
3.191264441000000174e-01,3.494942620674086359e-03
3.191720785000000116e-01,3.494434201051404079e-03
3.191785972000000249e-01,3.494361577152710254e-03
3.191851157000000216e-01,3.494288955121897279e-03
3.191981523999999903e-01,3.494143716667604503e-03
3.192242241000000091e-01,3.493853262180475570e-03
3.192893942000000207e-01,3.493127256738267315e-03
3.193024266000000222e-01,3.492982078065081254e-03
3.193350053999999827e-01,3.492619164065239017e-03
3.193415206999999922e-01,3.492546586867490820e-03
3.193610660000000268e-01,3.492328866478154256e-03
3.194131807000000212e-01,3.491748360924395219e-03
3.194327216000000247e-01,3.491530702143821017e-03
3.194652869999999867e-01,3.491167974839318525e-03
3.195108729999999730e-01,3.490660234993850797e-03
3.195173848000000261e-01,3.490587708194752264e-03
3.195499415999999981e-01,3.490225102182081384e-03
3.195955155999999908e-01,3.489717532114557531e-03
3.196150453000000113e-01,3.489500030063419616e-03
3.196541010999999766e-01,3.489065076313792486e-03
3.196736271999999768e-01,3.488847624612332124e-03
3.196996602000000132e-01,3.488557715111981119e-03
3.197061681000000211e-01,3.488485242398084614e-03
3.197256909999999785e-01,3.488267835439554966e-03
3.198102767000000068e-01,3.487325932457332588e-03
3.198232878999999751e-01,3.487181052258216639e-03
3.199013439000000236e-01,3.486311927553141683e-03
3.199078477000000253e-01,3.486239512602072252e-03
3.199598733999999833e-01,3.485660260034153732e-03
3.199663759999999968e-01,3.485587861842530562e-03
3.200053889999999734e-01,3.485153511792087391e-03
3.200573988000000036e-01,3.484574482637556054e-03
3.201158997999999922e-01,3.483923217214202669e-03
3.201743900999999837e-01,3.483272102501423512e-03
3.202198752000000037e-01,3.482765784116276329e-03
3.202263725000000227e-01,3.482693460357598209e-03
3.202393667999999805e-01,3.482548818419558059e-03
3.202718501999999856e-01,3.482187246115218786e-03
3.202783464999999774e-01,3.482114937232452800e-03
3.202978344999999893e-01,3.481898021739034815e-03
3.203303120000000059e-01,3.481536533097298863e-03
3.203433021000000047e-01,3.481391950652815495e-03
3.203757749000000210e-01,3.481030527066143743e-03
3.204017507999999959e-01,3.480741421648241365e-03
3.204342177999999763e-01,3.480380081683868369e-03
3.204536962999999794e-01,3.480163299999821085e-03
3.204731737000000025e-01,3.479946535035794136e-03
3.205056333999999896e-01,3.479585297245267345e-03
3.205510715000000066e-01,3.479079642342364567e-03
3.205835233000000062e-01,3.478718515975203970e-03
3.205900132999999763e-01,3.478646296272103373e-03
3.206094823999999788e-01,3.478429648300949712e-03
3.206289502999999930e-01,3.478213017037110402e-03
3.206354393999999997e-01,3.478140810328490297e-03
3.206613942000000050e-01,3.477852002053964664e-03
3.206808589999999848e-01,3.477635415335882628e-03
3.206873470000000115e-01,3.477563223474241638e-03
3.206938348999999744e-01,3.477491033469189748e-03
3.207976229000000234e-01,3.476336245708278819e-03
3.208170793999999826e-01,3.476119775870424936e-03
3.208365347000000090e-01,3.475903322722894220e-03
3.208430196000000012e-01,3.475831175383143744e-03
3.208624733000000062e-01,3.475614744488593737e-03
3.208689576000000043e-01,3.475542604565664325e-03
3.208948936000000085e-01,3.475254063414027171e-03
3.209013773000000125e-01,3.475181932761033272e-03
3.209208275000000055e-01,3.474965551924588929e-03
3.209532419000000192e-01,3.474604954270524206e-03
3.210569461000000180e-01,3.473451353114071632e-03
3.211023061000000123e-01,3.472946801747651968e-03
3.211087856000000018e-01,3.472874730390267291e-03
3.211282232000000070e-01,3.472658527429217483e-03
3.211476596999999766e-01,3.472442341135287183e-03
3.211541383000000027e-01,3.472370282740841387e-03
3.211606167000000123e-01,3.472298226198057645e-03
3.211735732000000065e-01,3.472154118667149323e-03
3.212059621000000198e-01,3.471793882239885675e-03
3.212318707999999856e-01,3.471505726420771355e-03
3.212642539000000186e-01,3.471145573293654436e-03
3.212772061999999984e-01,3.471001524998360357e-03
3.212836821000000231e-01,3.470929503626299286e-03
3.213095845999999756e-01,3.470641436643887717e-03
3.213678575999999731e-01,3.469993394172293973e-03
3.213808056999999940e-01,3.469849405083884081e-03
3.213872796000000198e-01,3.469777413314429834e-03
3.214196469999999750e-01,3.469417482209258882e-03
3.214584835000000029e-01,3.468985625912225212e-03
3.215167294999999870e-01,3.468337966273314556e-03
3.215232006000000031e-01,3.468266013334598413e-03
3.215426131999999937e-01,3.468050165608926177e-03
3.215620247000000043e-01,3.467834334518830105e-03
3.215943743999999938e-01,3.467474652996506163e-03
3.216267208999999960e-01,3.467115017671283488e-03
3.216720006000000076e-01,3.466611605813490170e-03
3.216784685999999893e-01,3.466539697222806651e-03
3.216914041999999752e-01,3.466395885583338585e-03
3.216978717999999793e-01,3.466323982534418729e-03
3.217172738999999893e-01,3.466108284468306846e-03
3.217302079000000092e-01,3.465964494991691930e-03
3.217496080999999730e-01,3.465748824627899651e-03
3.217948703999999882e-01,3.465245658403293735e-03
3.218271967999999927e-01,3.464886309342790887e-03
3.218724481999999942e-01,3.464383298182534352e-03
3.219047668000000195e-01,3.464024059862198975e-03
3.219306192999999983e-01,3.463736702419765393e-03
3.219758562000000213e-01,3.463233897924769284e-03
3.219887799000000217e-01,3.463090256100306592e-03
3.220017030999999808e-01,3.462946621653185692e-03
3.220081644000000187e-01,3.462874807195975325e-03
3.220404693999999735e-01,3.462515762575106570e-03
3.220598507999999915e-01,3.462300357931049569e-03
3.220856908999999990e-01,3.462013177553017757e-03
3.220921506000000156e-01,3.461941387067778934e-03
3.221438233999999734e-01,3.461367129549660845e-03
3.221631985999999781e-01,3.461151813393782868e-03
3.221954879999999743e-01,3.460792989993120763e-03
3.222148601000000001e-01,3.460577718065488851e-03
3.222406877999999808e-01,3.460290714623410341e-03
3.222923368000000233e-01,3.459716796166818504e-03
3.223117031000000132e-01,3.459501607137793408e-03
3.223181582999999906e-01,3.459429881145291256e-03
3.223375230000000147e-01,3.459214714216131067e-03
3.223697949000000063e-01,3.458856139496863016e-03
3.223956101000000074e-01,3.458569312863589082e-03
3.224149701999999840e-01,3.458354212218615800e-03
3.224536867999999723e-01,3.457924060629177700e-03
3.224730433999999923e-01,3.457709009681734363e-03
3.224988503999999812e-01,3.457422300849819375e-03
3.225053017999999772e-01,3.457350628241850996e-03
3.225440076000000156e-01,3.456920631233986567e-03
3.226020574999999835e-01,3.456275759898209433e-03
3.226085068999999805e-01,3.456204116724282630e-03
3.226214051999999888e-01,3.456060835893833266e-03
3.226278542000000082e-01,3.455989198237074348e-03
3.227245731999999756e-01,3.454914854034150159e-03
3.227568063999999848e-01,3.454556831216933077e-03
3.227632527000000029e-01,3.454485232167335898e-03
3.227825906999999828e-01,3.454270446044657543e-03
3.228019274999999744e-01,3.454055676460906100e-03
3.228341530000000126e-01,3.453697763903943938e-03
3.228599310999999972e-01,3.453411466928183165e-03
3.229114811000000085e-01,3.452838961149165640e-03
3.229565805999999872e-01,3.452338115011392879e-03
3.229630229000000075e-01,3.452266572908330427e-03
3.230145564999999941e-01,3.451694302178276701e-03
3.230338794000000013e-01,3.451479730944210893e-03
3.230725219000000203e-01,3.451050638033202871e-03
3.230918414000000238e-01,3.450836116352811594e-03
3.231111596999999835e-01,3.450621611187758026e-03
3.231240378999999940e-01,3.450478616918070326e-03
3.231369157000000270e-01,3.450335629987965995e-03
3.231626696000000076e-01,3.450049678142066978e-03
3.231691078000000217e-01,3.449978194766588086e-03
3.231948591000000093e-01,3.449692279607450337e-03
3.232206085000000062e-01,3.449406393794699020e-03
3.232270454999999765e-01,3.449334926926494408e-03
3.232399190999999949e-01,3.449191998690509953e-03
3.232785369000000242e-01,3.448763257992205813e-03
3.232978441000000092e-01,3.448548912394471238e-03
3.233171501000000059e-01,3.448334583295797028e-03
3.233235851999999855e-01,3.448263143929109539e-03
3.233686271999999806e-01,3.447763119683268027e-03
3.233750612999999885e-01,3.447691694979068341e-03
3.234007962000000069e-01,3.447406014486823714e-03
3.234329620999999988e-01,3.447048955100055767e-03
3.235294403999999790e-01,3.445978051719780083e-03
3.235358711999999914e-01,3.445906672813225154e-03
3.235744536999999865e-01,3.445478437825708930e-03
3.236258899000000189e-01,3.444907560368694246e-03
3.236323187999999851e-01,3.444836208923814178e-03
3.236580332999999809e-01,3.444550821447596358e-03
3.236837457999999779e-01,3.444265463254083705e-03
3.236901736000000196e-01,3.444194128280320642e-03
3.237094562000000231e-01,3.443980134338994054e-03
3.237415913999999728e-01,3.443623514363144782e-03
3.237608708999999974e-01,3.443409564330271021e-03
3.238444024000000088e-01,3.442482637747553299e-03
3.238572514999999985e-01,3.442340061089027830e-03
3.238636757999999727e-01,3.442268775502452249e-03
3.238893720000000087e-01,3.441983651439211624e-03
3.238957956999999888e-01,3.441912374993965230e-03
3.239343352999999870e-01,3.441484754710448079e-03
3.239600257999999955e-01,3.441199711077088091e-03
3.239921360999999944e-01,3.440843447655177537e-03
3.239985577999999755e-01,3.440772200452864304e-03
3.240178221000000192e-01,3.440558469809288505e-03
3.240627676000000235e-01,3.440059828917230514e-03
3.240691877999999915e-01,3.439988601811151854e-03
3.241526398999999836e-01,3.439062815635522772e-03
3.241718949999999877e-01,3.438849216497428824e-03
3.242039843000000254e-01,3.438493254448702057e-03
3.242232364000000033e-01,3.438279699125493857e-03
3.242681533999999810e-01,3.437781467253127679e-03
3.243066486999999776e-01,3.437354482534587478e-03
3.243515542000000029e-01,3.436856416714464436e-03
3.243579688000000072e-01,3.436785271751393016e-03
3.243772117000000010e-01,3.436571847807750896e-03
3.243964535000000149e-01,3.436358440279623557e-03
3.244092807000000245e-01,3.436216177713263559e-03
3.244541718999999769e-01,3.435718316174558688e-03
3.244798213000000264e-01,3.435433863981315634e-03
3.245118801999999913e-01,3.435078339758614735e-03
3.245311139000000011e-01,3.434865047099399955e-03
3.245567571999999901e-01,3.434580682404194361e-03
3.245759884000000151e-01,3.434367428018334552e-03
3.245823984999999801e-01,3.434296346867805622e-03
3.246080377000000183e-01,3.434012040486675386e-03
3.246336749000000022e-01,3.433727763257867199e-03
3.246657185999999862e-01,3.433372457711545388e-03
3.247105744000000072e-01,3.432875106448208917e-03
3.247618306000000232e-01,3.432306814270431015e-03
3.247810494999999742e-01,3.432093734746485651e-03
3.247874555999999968e-01,3.432022711879680055e-03
3.248066730999999985e-01,3.431809654201908866e-03
3.248130786999999797e-01,3.431738638616754246e-03
3.248386997000000109e-01,3.431454594477199686e-03
3.248579140999999781e-01,3.431241580482914146e-03
3.248707230999999807e-01,3.431099580252760725e-03
3.248835315999999973e-01,3.430957587302099852e-03
3.249411635000000187e-01,3.430318709089008773e-03
3.249603718999999891e-01,3.430105782431200259e-03
3.249731768999999937e-01,3.429963840420726350e-03
3.249923833999999734e-01,3.429750941047063264e-03
3.250179901999999954e-01,3.429467100677077197e-03
3.250755982999999905e-01,3.428828566220795161e-03
3.250947987999999733e-01,3.428615754128474385e-03
3.251267970000000229e-01,3.428261103663074807e-03
3.251459944000000268e-01,3.428048335195277730e-03
3.251651906999999952e-01,3.427835583083981442e-03
3.251715891999999997e-01,3.427764669348412879e-03
3.251907839000000022e-01,3.427551939043256383e-03
3.252163752000000185e-01,3.427268324074824075e-03
3.252739480999999877e-01,3.426630296673023775e-03
3.252803444999999849e-01,3.426559413822149753e-03
3.253251155999999922e-01,3.426063284715141245e-03
3.253315109000000094e-01,3.425992416392128342e-03
3.253826692999999826e-01,3.425425535175014718e-03
3.253954575999999932e-01,3.425283833025355613e-03
3.254210328000000096e-01,3.425000450508790088e-03
3.254338196000000072e-01,3.424858770141327689e-03
3.254529989000000123e-01,3.424646263201875599e-03
3.254785694999999812e-01,3.424362946022674933e-03
3.255552694000000136e-01,3.423513168667746426e-03
3.256063926000000164e-01,3.422946795549586772e-03
3.256255617000000102e-01,3.422734435553937294e-03
3.256894505999999856e-01,3.422026686757930793e-03
3.257022269000000025e-01,3.421885158753520690e-03
3.257086149000000264e-01,3.421814397470712178e-03
3.257341653999999975e-01,3.421531370463331678e-03
3.257788741000000043e-01,3.421036142975040790e-03
3.257852606000000151e-01,3.420965403439438311e-03
3.257916469000000093e-01,3.420894665715700292e-03
3.258427329999999955e-01,3.420328829149635059e-03
3.259065792999999989e-01,3.419621696469143934e-03
3.259129633000000248e-01,3.419550993161869518e-03
3.259384978000000044e-01,3.419268198041151667e-03
3.259640303999999933e-01,3.418985431890793347e-03
3.259895608999999750e-01,3.418702694706192338e-03
3.259959432000000268e-01,3.418632014936307841e-03
3.260087074999999945e-01,3.418490660825770997e-03
3.260150895000000215e-01,3.418419986485777846e-03
3.260469972999999744e-01,3.418066641933776087e-03
3.260661404999999902e-01,3.417854656919461654e-03
3.260852826000000260e-01,3.417642688191310178e-03
3.261108037000000071e-01,3.417360088551511538e-03
3.261427022000000231e-01,3.417006879706783757e-03
3.261490814999999932e-01,3.416936243365094328e-03
3.261682187000000122e-01,3.416724345191744002e-03
3.262001116000000089e-01,3.416371217742819079e-03
3.262447564000000022e-01,3.415876915265761600e-03
3.262511337999999816e-01,3.415806307858557187e-03
3.263149001999999799e-01,3.415100333216992533e-03
3.263212762000000100e-01,3.415029745694107138e-03
3.263914035000000102e-01,3.414253402221810885e-03
3.263977779000000190e-01,3.414182836383719208e-03
3.264169006000000040e-01,3.413971149711192681e-03
3.264232745999999796e-01,3.413900591100328067e-03
3.264487691999999885e-01,3.413618374720249395e-03
3.264551425000000173e-01,3.413547825141395597e-03
3.264933799999999997e-01,3.413124565595390420e-03
3.265061248000000194e-01,3.412983493528073085e-03
3.265252410999999744e-01,3.412771898970505015e-03
3.265507276999999875e-01,3.412489798171641948e-03
3.265953246000000143e-01,3.411996191280378295e-03
3.266016950999999779e-01,3.411925683231080766e-03
3.266208058000000247e-01,3.411714169911874220e-03
3.266462849999999807e-01,3.411432177420164764e-03
3.266590238000000035e-01,3.411291192001860914e-03
3.267036059000000270e-01,3.410797799877674646e-03
3.267227106999999742e-01,3.410586373172956685e-03
3.267545493999999828e-01,3.410234031409978186e-03
3.267609168000000230e-01,3.410163568468700841e-03
3.267991184999999854e-01,3.409740828694302495e-03
3.268118513000000114e-01,3.409599929863614196e-03
3.268500470999999852e-01,3.409177276645289790e-03
3.268564125999999792e-01,3.409106840752313544e-03
3.268818734000000226e-01,3.408825115209466843e-03
3.269073323000000197e-01,3.408543418507310827e-03
3.269136966999999783e-01,3.408472998838201883e-03
3.269264250999999732e-01,3.408332164906491702e-03
3.269836969000000093e-01,3.407698501416432484e-03
3.270282346999999756e-01,3.407205752934619556e-03
3.270600437000000249e-01,3.406853843774591481e-03
3.270664051000000128e-01,3.406783467345847385e-03
3.271109316999999961e-01,3.406290882771870979e-03
3.271363727000000110e-01,3.406009445487756266e-03
3.271618117000000270e-01,3.405728037010485182e-03
3.271681712000000242e-01,3.405657689391666885e-03
3.272381169999999950e-01,3.404883984385560954e-03
3.272571905000000170e-01,3.404673011722985417e-03
3.272699056000000217e-01,3.404532372278282898e-03
3.272889773000000058e-01,3.404321426605877877e-03
3.273080478000000015e-01,3.404110497125475889e-03
3.273334735000000273e-01,3.403829283004149338e-03
3.273398296000000207e-01,3.403758983970832548e-03
3.274415106999999936e-01,3.402634444023429870e-03
3.274605723999999829e-01,3.402423644028374373e-03
3.274669259999999915e-01,3.402353380958467784e-03
3.275177508000000071e-01,3.401791341111181331e-03
3.275241032999999802e-01,3.401721094217968842e-03
3.275368080000000126e-01,3.401580605823168943e-03
3.275749191999999810e-01,3.401159183765857519e-03
3.275939730999999910e-01,3.400948496993358352e-03
3.276193766000000118e-01,3.400667606448079267e-03
3.276257271999999943e-01,3.400597388302675165e-03
3.276384278999999733e-01,3.400456957400003512e-03
3.276701777000000093e-01,3.400105911577023556e-03
3.276955752999999860e-01,3.399825107244726103e-03
3.277146222000000275e-01,3.399614522850213233e-03
3.277273195000000028e-01,3.399474142231598446e-03
3.278225336999999739e-01,3.398421516476107969e-03
3.278288803000000140e-01,3.398351355784507300e-03
3.278669575000000003e-01,3.397930429318267529e-03
3.278796489999999952e-01,3.397790134850899903e-03
3.279240650999999951e-01,3.397299160725829673e-03
3.279748189000000202e-01,3.396738155062845651e-03
3.280192222000000157e-01,3.396247369256748683e-03
3.280255650000000189e-01,3.396177264171089741e-03
3.280699612999999903e-01,3.395686578767576156e-03
3.281270334999999982e-01,3.395055826591938681e-03
3.281333741999999942e-01,3.394985751977367197e-03
3.281460554000000251e-01,3.394845608125149263e-03
3.281523956999999880e-01,3.394775538886377411e-03
3.281840957000000114e-01,3.394425219569058641e-03
3.282221316999999750e-01,3.394004895508337134e-03
3.282284705999999885e-01,3.393934847767233944e-03
3.282474866000000269e-01,3.393724715292598896e-03
3.283362133000000127e-01,3.392744310179186210e-03
3.283552229999999739e-01,3.392534269025551403e-03
3.283805676000000062e-01,3.392254239214321891e-03
3.284249159000000029e-01,3.391764255952554093e-03
3.284312509000000269e-01,3.391694265501732797e-03
3.284375857999999870e-01,3.391624276840906737e-03
3.284502551999999853e-01,3.391484304886857679e-03
3.284565896000000151e-01,3.391414321593816394e-03
3.284882603000000012e-01,3.391064431965702848e-03
3.285072612000000114e-01,3.390854519656686175e-03
3.285262610999999944e-01,3.390644623446434185e-03
3.285325941000000194e-01,3.390574661620320528e-03
3.285515924999999893e-01,3.390364786873738788e-03
3.285832539999999913e-01,3.390015031396343120e-03
3.285895858999999808e-01,3.389945085665103594e-03
3.286592292000000137e-01,3.389175800628078505e-03
3.286845502999999891e-01,3.388896114243182805e-03
3.287098694999999737e-01,3.388616456455118171e-03
3.287351868000000232e-01,3.388336827260082090e-03
3.287415157999999948e-01,3.388266924428286111e-03
3.288111268000000198e-01,3.387498111198174872e-03
3.288364362999999790e-01,3.387218596341040784e-03
3.288554170999999915e-01,3.387008978951255942e-03
3.288807230999999942e-01,3.386729514099810680e-03
3.288933754000000209e-01,3.386589792387888990e-03
3.289123528999999824e-01,3.386380223211230348e-03
3.289313294000000276e-01,3.386170670102749310e-03
3.289439796999999999e-01,3.386030976956078044e-03
3.289945761999999996e-01,3.385472275770421736e-03
3.290388417999999815e-01,3.384983505928030201e-03
3.290451649999999728e-01,3.384913688802437207e-03
3.290578109000000251e-01,3.384774059903749178e-03
3.290641336999999833e-01,3.384704248130427761e-03
3.290831014000000221e-01,3.384494823515887037e-03
3.291147118000000149e-01,3.384145818168070915e-03
3.291905642999999881e-01,3.383308387251038329e-03
3.291968845000000088e-01,3.383238612932232096e-03
3.292158445000000211e-01,3.383029300672808770e-03
3.292474421000000095e-01,3.382680482561906121e-03
3.292663993000000122e-01,3.382471213085957475e-03
3.292853553000000266e-01,3.382261959651618275e-03
3.293358993000000123e-01,3.381704028904957120e-03
3.293422167999999761e-01,3.381634295579868856e-03
3.293485340999999789e-01,3.381564564036809543e-03
3.293927521000000191e-01,3.381076493118677188e-03
3.293990685000000029e-01,3.381006775827275889e-03
3.294180168999999991e-01,3.380797634640531155e-03
3.294622255999999916e-01,3.380309700872571096e-03
3.295001140000000106e-01,3.379891541376983492e-03
3.295190566000000265e-01,3.379682485664902130e-03
3.295506250999999942e-01,3.379334095081661625e-03
3.295632517000000039e-01,3.379194751308410311e-03
3.296453126000000178e-01,3.378289190297551186e-03
3.296642468000000048e-01,3.378080257383764794e-03
3.296705580000000024e-01,3.378010616636762786e-03
3.296894906999999764e-01,3.377801705070322593e-03
3.297021119999999916e-01,3.377662439586623204e-03
3.297462825999999958e-01,3.377175066418968905e-03
3.298219897999999928e-01,3.376339772275236285e-03
3.298535293000000035e-01,3.375991808604332425e-03
3.298976795999999934e-01,3.375504734114129386e-03
3.299039863000000072e-01,3.375435159152600801e-03
3.299481297999999896e-01,3.374948184173233966e-03
3.299733521000000058e-01,3.374669951842755502e-03
3.300048770999999825e-01,3.374322201397302826e-03
3.300427032000000094e-01,3.373904959473927444e-03
3.300490072000000219e-01,3.373835425369081480e-03
3.300742217000000034e-01,3.373557306706090331e-03
3.300994342999999942e-01,3.373279216451738772e-03
3.301057371000000185e-01,3.373209698326568723e-03
3.301246448999999861e-01,3.373001154601665275e-03
3.301435516999999820e-01,3.372792626853696445e-03
3.302506693999999743e-01,3.371611271308647909e-03
3.302569693999999889e-01,3.371541795774803292e-03
3.302695688999999768e-01,3.371402850029134660e-03
3.302947666000000115e-01,3.371124979823721373e-03
3.303073646999999946e-01,3.370986055363128873e-03
3.303262610000000099e-01,3.370777681974156115e-03
3.303514543000000137e-01,3.370499875615585138e-03
3.304018353000000019e-01,3.369944348008365766e-03
3.304081322999999903e-01,3.369874915035147179e-03
3.304270228999999781e-01,3.369666626752548192e-03
3.304459122999999776e-01,3.369458354422322742e-03
3.304585045999999804e-01,3.369319515063919860e-03
3.304710965000000056e-01,3.369180682794991385e-03
3.304773923000000058e-01,3.369111269319206847e-03
3.304962787999999874e-01,3.368903039523024525e-03
3.305025741000000017e-01,3.368833633134983574e-03
3.305277540000000069e-01,3.368556025301311808e-03
3.305718141999999804e-01,3.368070279800988720e-03
3.305781080999999899e-01,3.368000894672810129e-03
3.306284545000000019e-01,3.367445877404477358e-03
3.306473323999999936e-01,3.367237775149238554e-03
3.306725012999999769e-01,3.366960330265002851e-03
3.306976682000000167e-01,3.366682913708477550e-03
3.307039596999999942e-01,3.366613563995447204e-03
3.307102510000000106e-01,3.366544216051873834e-03
3.307794477000000066e-01,3.365781505495442361e-03
3.308046064999999869e-01,3.365504209293266810e-03
3.308549183999999754e-01,3.364949701814175676e-03
3.308737834000000100e-01,3.364741790698050957e-03
3.308800714999999837e-01,3.364672490530960011e-03
3.309303719000000199e-01,3.364118152858869368e-03
3.309555193000000006e-01,3.363841026463776709e-03
3.309743786000000076e-01,3.363633200233092247e-03
3.309806646999999824e-01,3.363563928358255257e-03
3.310058082999999818e-01,3.363286858538587932e-03
3.310120939000000262e-01,3.363217595503210488e-03
3.310309498999999822e-01,3.363009817001665677e-03
3.310623742000000092e-01,3.362663554847565139e-03
3.311000794999999775e-01,3.362248098578761446e-03
3.311566294000000132e-01,3.361625033436110681e-03
3.311629120999999842e-01,3.361555812808532731e-03
3.311817595000000058e-01,3.361348161523249750e-03
3.312068878000000161e-01,3.361071317869261492e-03
3.312131696000000236e-01,3.361002111370635457e-03
3.312320141999999801e-01,3.360794502470847763e-03
3.312634193999999810e-01,3.360448522951588537e-03
3.313073818000000226e-01,3.359964225774360585e-03
3.313136616999999839e-01,3.359895047524168090e-03
3.313513383000000201e-01,3.359480015087403740e-03
3.313764537000000177e-01,3.359203362091785650e-03
3.314078453000000035e-01,3.358857585549728745e-03
3.314580657000000263e-01,3.358304434821551051e-03
3.314831730000000198e-01,3.358027901791240614e-03
3.315020021999999789e-01,3.357820520536884071e-03
3.315333818999999793e-01,3.357474920382171567e-03
3.315584835000000008e-01,3.357198471997029608e-03
3.315773085000000009e-01,3.356991154219563477e-03
3.316149552000000056e-01,3.356576566260037128e-03
3.316651440999999756e-01,3.356023881013740339e-03
3.316839630000000261e-01,3.355816653122511550e-03
3.317027808999999938e-01,3.355609441089254380e-03
3.317090533000000008e-01,3.355540373935188541e-03
3.317153254999999912e-01,3.355471308542795975e-03
3.317592280000000171e-01,3.354987900119936733e-03
3.317654992999999886e-01,3.354918848819165699e-03
3.317780416000000177e-01,3.354780751502239259e-03
3.318156655000000232e-01,3.354366501816986954e-03
3.318783625999999765e-01,3.353676226536198100e-03
3.318846315999999796e-01,3.353607208690346023e-03
3.319661186000000264e-01,3.352710136864279523e-03
3.319849203999999943e-01,3.352503162522617493e-03
3.320099879000000254e-01,3.352227221365942662e-03
3.320601170999999963e-01,3.351675423490264698e-03
3.320663828000000040e-01,3.351606456671210859e-03
3.320789136999999780e-01,3.351468528308860443e-03
3.320851788999999998e-01,3.351399566765575575e-03
3.321039740000000240e-01,3.351192692687160034e-03
3.321165034999999932e-01,3.351054785426751861e-03
3.321352967999999795e-01,3.350847937723627160e-03
3.321540890999999940e-01,3.350641105844002089e-03
3.321603529000000110e-01,3.350572165400132404e-03
3.322167222999999892e-01,3.349951780506577222e-03
3.322355099000000034e-01,3.349745017178136844e-03
3.322542964999999904e-01,3.349538269665762371e-03
3.322856052000000004e-01,3.349193725620900047e-03
3.323607337999999745e-01,3.348366999102848386e-03
3.323669938000000101e-01,3.348298116643435348e-03
3.323795133999999929e-01,3.348160356993310979e-03
3.324358454999999934e-01,3.347540525486399163e-03
3.324608789999999869e-01,3.347265090465270567e-03
3.324796528000000251e-01,3.347058532631698273e-03
3.325046830000000231e-01,3.346783146760021980e-03
3.325109401999999936e-01,3.346714304679782037e-03
3.325171974000000197e-01,3.346645464355079216e-03
3.325359681000000234e-01,3.346438953908933804e-03
3.325609939999999987e-01,3.346163631214544697e-03
3.325672501999999975e-01,3.346094804927711702e-03
3.326110401999999855e-01,3.345613070042075757e-03
3.326673331000000178e-01,3.344993822914081594e-03
3.326798414000000093e-01,3.344856231733642909e-03
3.326860952999999843e-01,3.344787438773113870e-03
3.327361227000000254e-01,3.344237158215268915e-03
3.327798905000000085e-01,3.343755754766279762e-03
3.327861424999999929e-01,3.343686989856078408e-03
3.328174011000000210e-01,3.343343191595037067e-03
3.328549076000000273e-01,3.342930691511965778e-03
3.328674087999999864e-01,3.342793205501742079e-03
3.329049096000000207e-01,3.342380789517182798e-03
3.329111592999999814e-01,3.342312059650695902e-03
3.329549039999999960e-01,3.341830999630317385e-03
3.329611527999999931e-01,3.341762283775960921e-03
3.329798984999999822e-01,3.341556146718869559e-03
3.329861467999999936e-01,3.341487437869048067e-03
3.330173866000000205e-01,3.341143919882907237e-03
3.330548704999999887e-01,3.340731756073812061e-03
3.330673641999999934e-01,3.340594382141182095e-03
3.331110883999999772e-01,3.340113628510254281e-03
3.331360710999999863e-01,3.339838950649580245e-03
3.331672969000000206e-01,3.339495642693470975e-03
3.332110079999999752e-01,3.339015085031961372e-03
3.332359831999999744e-01,3.338740519135262753e-03
3.332609565999999912e-01,3.338465981221575875e-03
3.332671996000000081e-01,3.338397351114941701e-03
3.332796854000000253e-01,3.338260096148112921e-03
3.332859281000000173e-01,3.338191471287384887e-03
3.333358653999999865e-01,3.337642535342544639e-03
3.333545900000000062e-01,3.337436713207724698e-03
3.333608311999999851e-01,3.337368109325305598e-03
3.334107573999999796e-01,3.336819341185582807e-03
3.334169975999999869e-01,3.336750753032650431e-03
3.334357176000000145e-01,3.336544999056571294e-03
3.334606760000000114e-01,3.336270684883153783e-03
3.334856325000000177e-01,3.335996398661716846e-03
3.335043487000000084e-01,3.335790702337557839e-03
3.335105870999999778e-01,3.335722140389557350e-03
3.335604907999999980e-01,3.335173707679552849e-03
3.335667283000000038e-01,3.335105161449444192e-03
3.335854399000000026e-01,3.334899533235182248e-03
3.336789821999999739e-01,3.333871627842597760e-03
3.337163917000000035e-01,3.333460575642998875e-03
3.337350949999999816e-01,3.333255073100399243e-03
3.337662646999999816e-01,3.332912603755975711e-03
3.337849650999999973e-01,3.332707143083069989e-03
3.338098972999999914e-01,3.332433219939920106e-03
3.338784515000000064e-01,3.331680075174325156e-03
3.339033766999999764e-01,3.331406256659727623e-03
3.339096078000000078e-01,3.331337806389734254e-03
3.339158387000000228e-01,3.331269357862353883e-03
3.339594517999999734e-01,3.330790266981616642e-03
3.339656818000000249e-01,3.330721832398759758e-03
3.339781413999999837e-01,3.330584968462083247e-03
3.340342038999999930e-01,3.329969167003307348e-03
3.340778016000000017e-01,3.329490307880099940e-03
3.340840293999999822e-01,3.329421906401663737e-03
3.341089393000000185e-01,3.329148317906080890e-03
3.341587536999999775e-01,3.328601224508576269e-03
3.341649798999999921e-01,3.328532845669253740e-03
3.341774321000000048e-01,3.328396093214879350e-03
3.342147858999999777e-01,3.327985877635166248e-03
3.342583599999999766e-01,3.327507371993277709e-03
3.342770328999999929e-01,3.327302324252981534e-03
3.343019284000000035e-01,3.327028951628588534e-03
3.343143754999999828e-01,3.326892275756349309e-03
3.343330453000000202e-01,3.326687274997843988e-03
3.343828261999999829e-01,3.326140682850785030e-03
3.344139354999999814e-01,3.325799119288600208e-03
3.344574837000000023e-01,3.325321003339556936e-03
3.344637044000000059e-01,3.325252708016270941e-03
3.345010261999999956e-01,3.324842972586808561e-03
3.345134658999999733e-01,3.324706408017309364e-03
3.345321245000000276e-01,3.324501574199162281e-03
3.345507820999999993e-01,3.324296756024058917e-03
3.345570010999999733e-01,3.324228486775037631e-03
3.345756572999999956e-01,3.324023689454520120e-03
3.345818757999999837e-01,3.323955427156792975e-03
3.346067487000000118e-01,3.323682395340253701e-03
3.346502717000000016e-01,3.323204656550940526e-03
3.346627059000000237e-01,3.323068175389070657e-03
3.347000055000000085e-01,3.322658773587170919e-03
3.347062216999999729e-01,3.322590546031856714e-03
3.347621621999999908e-01,3.321976576178246095e-03
3.347745921999999985e-01,3.321840157531588417e-03
3.348056650999999828e-01,3.321499141295647817e-03
3.348118793000000037e-01,3.321430943255908926e-03
3.348305214000000252e-01,3.321226359551019205e-03
3.348491623000000028e-01,3.321021791466289598e-03
3.348553758000000213e-01,3.320953605575365213e-03
3.348740152999999942e-01,3.320749058315008648e-03
3.349050789999999944e-01,3.320408180918032678e-03
3.349112913999999774e-01,3.320340010643948146e-03
3.349485633000000018e-01,3.319931025428743670e-03
3.349609863999999937e-01,3.319794710901215109e-03
3.349796200999999862e-01,3.319590252117961791e-03
3.350044634000000077e-01,3.319317664686962602e-03
3.350293048999999912e-01,3.319045105002221396e-03
3.350541445999999923e-01,3.318772573060294311e-03
3.350789824000000028e-01,3.318500068857663330e-03
3.350976095000000043e-01,3.318295708907309776e-03
3.351286525000000127e-01,3.317955143655979943e-03
3.351534847000000039e-01,3.317682722651033381e-03
3.351721078000000076e-01,3.317478425092415268e-03
3.352527954999999782e-01,3.316593315857084903e-03
3.352590013999999785e-01,3.316525242656983771e-03
3.353024398000000184e-01,3.316048778749445831e-03
3.353582809000000275e-01,3.315436306972519617e-03
3.353706887999999831e-01,3.315300221177330982e-03
3.354451264000000155e-01,3.314483851800594915e-03
3.354699352000000134e-01,3.314211784053278532e-03
3.354761372000000241e-01,3.314143771442615814e-03
3.355071451000000149e-01,3.313803734339001213e-03
3.355257483999999901e-01,3.313599732836165854e-03
3.355753524000000265e-01,3.313055804935588749e-03
3.356001516000000073e-01,3.312783882490959349e-03
3.356497446000000218e-01,3.312240120598334853e-03
3.356559431999999732e-01,3.312172158141873241e-03
3.356745382999999916e-01,3.311968281142988434e-03
3.356931323999999828e-01,3.311764419701540476e-03
3.357241202999999841e-01,3.311424685199101763e-03
3.357427116000000211e-01,3.311220865235439421e-03
3.357674984999999834e-01,3.310949129474944318e-03
3.358046753000000217e-01,3.310541577665885790e-03
3.358232621999999723e-01,3.310337825082764699e-03
3.358542380999999799e-01,3.309998271989099405e-03
3.358728221999999763e-01,3.309794560857495880e-03
3.358914053000000011e-01,3.309590865268059300e-03
3.359471485000000146e-01,3.308979871736271797e-03
3.359657274999999776e-01,3.308776238300592618e-03
3.360028824999999886e-01,3.308369018032118573e-03
3.360400332999999851e-01,3.307961859892370737e-03
3.360895613000000060e-01,3.307419078997437742e-03
3.360957518000000088e-01,3.307351239149040455e-03
3.361019422000000034e-01,3.307283401025380709e-03
3.361205125999999765e-01,3.307079897004831185e-03
3.361390819999999779e-01,3.306876408506972433e-03
3.361514610999999930e-01,3.306740758132750008e-03
3.361700288000000203e-01,3.306537295504299000e-03
3.361947840999999770e-01,3.306266036141107013e-03
3.362442894000000071e-01,3.305723600173434817e-03
3.362628520000000010e-01,3.305520215129338114e-03
3.362690393000000166e-01,3.305452423561726881e-03
3.363432780000000233e-01,3.304639059177465286e-03
3.363989463000000013e-01,3.304029198713681788e-03
3.364175003000000053e-01,3.303825942899423721e-03
3.364360532999999820e-01,3.303622702586151132e-03
3.364669727999999860e-01,3.303284003173877475e-03
3.365411677999999851e-01,3.302471300208557198e-03
3.365597140000000098e-01,3.302268163200449379e-03
3.365906221000000142e-01,3.301929635942800478e-03
3.365968033999999776e-01,3.301861935653823635e-03
3.366153465000000233e-01,3.301658845112997228e-03
3.366400690999999945e-01,3.301388081814617299e-03
3.366462494999999944e-01,3.301320395291154359e-03
3.366895088999999897e-01,3.300846637797517132e-03
3.366956883000000178e-01,3.300778965036650723e-03
3.367142260000000054e-01,3.300575957072867609e-03
3.367451199000000006e-01,3.300237644863825669e-03
3.367574765999999942e-01,3.300102332017627003e-03
3.367636548999999868e-01,3.300034678174183344e-03
3.367883665999999998e-01,3.299764079993570531e-03
3.368130764999999749e-01,3.299493509320977017e-03
3.368439612999999944e-01,3.299155334658944450e-03
3.368563144000000231e-01,3.299020076825621550e-03
3.368933711000000053e-01,3.298614344573801843e-03
3.369118978999999792e-01,3.298411501647123371e-03
3.369365986999999785e-01,3.298141068465727972e-03
3.369859949999999826e-01,3.297600284566104979e-03
3.369921690000000081e-01,3.297532694308315856e-03
3.370106903999999792e-01,3.297329933840861729e-03
3.370292107000000259e-01,3.297127188829093811e-03
3.370353839999999934e-01,3.297059610593866454e-03
3.370415570999999999e-01,3.296992034074871722e-03
3.370785934000000150e-01,3.296586611022364870e-03
3.370909378999999984e-01,3.296451483739473980e-03
3.371526537999999795e-01,3.295775950324598014e-03
3.372081885000000057e-01,3.295168116990650903e-03
3.372328675999999859e-01,3.294898013454329762e-03
3.372513757999999751e-01,3.294695453816108219e-03
3.372575448999999836e-01,3.294627937366929795e-03
3.372822203999999990e-01,3.294357888725517151e-03
3.372883890000000218e-01,3.294290380853642092e-03
3.373253982000000151e-01,3.293885369635252396e-03
3.373377336999999754e-01,3.293750379614234381e-03
3.373809044000000146e-01,3.293277968552800299e-03
3.374302356000000169e-01,3.292738173056177810e-03
3.374364014999999828e-01,3.292670706332659174e-03
3.374487330000000007e-01,3.292535778026179586e-03
3.374548984999999890e-01,3.292468316443901682e-03
3.374795595999999787e-01,3.292198487250749817e-03
3.375350403999999860e-01,3.291591471803142523e-03
3.375473682999999836e-01,3.291456598326423892e-03
3.375781858999999940e-01,3.291119444610326756e-03
3.375843491000000141e-01,3.291052019005666872e-03
3.376028380000000162e-01,3.290849752466430949e-03
3.376336504999999932e-01,3.290512675816864487e-03
3.376459748000000261e-01,3.290377857144013030e-03
3.376521366999999940e-01,3.290310450374919066e-03
3.376706219000000231e-01,3.290108240341757702e-03
3.377260712999999859e-01,3.289501702680971366e-03
3.377322318000000045e-01,3.289434318165364649e-03
3.377815116999999812e-01,3.288895303649596799e-03
3.377999897999999779e-01,3.288693201439003583e-03
3.378184669000000029e-01,3.288491114626776977e-03
3.378246256999999919e-01,3.288423755777107951e-03
3.378431014000000121e-01,3.288221689493023032e-03
3.378985225000000203e-01,3.287615583001364007e-03
3.379231511999999937e-01,3.287346246802270045e-03
3.379293080999999921e-01,3.287278917026755561e-03
3.379724033000000016e-01,3.286807656472514466e-03
3.379785592999999810e-01,3.286740340374540853e-03
3.380216481000000162e-01,3.286269175547154586e-03
3.380278031999999766e-01,3.286201873122229344e-03
3.380401130999999837e-01,3.286067273400222755e-03
3.380647313999999848e-01,3.285798094461449877e-03
3.380955018999999839e-01,3.285461659233083857e-03
3.381139628000000008e-01,3.285259818597463695e-03
3.381385758000000075e-01,3.284990721665850995e-03
3.381693396000000074e-01,3.284654388931231971e-03
3.382247071999999743e-01,3.284049097597277304e-03
3.383169665999999909e-01,3.283040586010914797e-03
3.383231163000000041e-01,3.282973365559688651e-03
3.383354154000000058e-01,3.282838929776835547e-03
3.383415647999999942e-01,3.282771714445128358e-03
3.383723101000000177e-01,3.282435663380326579e-03
3.384153488000000154e-01,3.281965263546361353e-03
3.384645291999999750e-01,3.281427766080890953e-03
3.384706761999999869e-01,3.281360586572084400e-03
3.385075560999999955e-01,3.280957545330375619e-03
3.385198484999999979e-01,3.280823211890646074e-03
3.385321405000000228e-01,3.280688885270298828e-03
3.385382862999999909e-01,3.280621724517327267e-03
3.385874488000000238e-01,3.280084499860056509e-03
3.386304601999999830e-01,3.279614517764230935e-03
3.386366042000000243e-01,3.279547384281324921e-03
3.386550355999999873e-01,3.279345994055620286e-03
3.386673226999999953e-01,3.279211742424206939e-03
3.386857524999999924e-01,3.279010377754419062e-03
3.387287513000000194e-01,3.278540586479080504e-03
3.387656030999999790e-01,3.278137974668349480e-03
3.387840274999999735e-01,3.277936691751521039e-03
3.388085919000000112e-01,3.277668338368094035e-03
3.388147327000000097e-01,3.277601254278566731e-03
3.388515751000000242e-01,3.277198785490882237e-03
3.388577152000000203e-01,3.277131713317880859e-03
3.389129704000000132e-01,3.276528140346464391e-03
3.389313867000000036e-01,3.276326979987240640e-03
3.389804921999999832e-01,3.275790627225641863e-03
3.390050423000000035e-01,3.275522491672934900e-03
3.390234536999999770e-01,3.275321407867400753e-03
3.390541370999999859e-01,3.274986302206074531e-03
3.391093602999999956e-01,3.274383219142128557e-03
3.391277659999999972e-01,3.274182222056247569e-03
3.392259130999999983e-01,3.273110495947454193e-03
3.392443124999999782e-01,3.272909595730968089e-03
3.392565781999999919e-01,3.272775670748429358e-03
3.393056366000000157e-01,3.272240038766664836e-03
3.393179001000000139e-01,3.272106147756166997e-03
3.393485568999999868e-01,3.271771449950016623e-03
3.393546879000000072e-01,3.271704515482753983e-03
3.393730803000000185e-01,3.271503722269520058e-03
3.393914718000000108e-01,3.271302944337327757e-03
3.394037321999999746e-01,3.271169100870947432e-03
3.394159921000000080e-01,3.271035264195067561e-03
3.394221218999999845e-01,3.270968348403186041e-03
3.394405106999999755e-01,3.270767611212492022e-03
3.394466400999999744e-01,3.270700702210778757e-03
3.394711563999999737e-01,3.270433083173557125e-03
3.394956709999999989e-01,3.270165491289356643e-03
3.395140557999999920e-01,3.269964815192755950e-03
3.395201837999999861e-01,3.269897926554120662e-03
3.395692041999999744e-01,3.269362878519346295e-03
3.395875850000000251e-01,3.269162263496096406e-03
3.396120911000000131e-01,3.268894800542309145e-03
3.396672236000000122e-01,3.268293108100856197e-03
3.396855991000000130e-01,3.268092574473269955e-03
3.397162227000000145e-01,3.267758385665304761e-03
3.397407196000000185e-01,3.267491065129041888e-03
3.397958312000000092e-01,3.266889693065534901e-03
3.398141996999999859e-01,3.266689266211369493e-03
3.398325672999999991e-01,3.266488854604673604e-03
3.398448117000000268e-01,3.266355255337349221e-03
3.398631776000000104e-01,3.266154869141680347e-03
3.399121485000000109e-01,3.265620580475244155e-03
3.399427516999999899e-01,3.265286705096267453e-03
3.399611122999999790e-01,3.265086400186867528e-03
3.400100690000000259e-01,3.264552328250240783e-03
3.400345448000000048e-01,3.264285332906363950e-03
3.400773730000000161e-01,3.263818156208984477e-03
3.400834909000000073e-01,3.263751423449531581e-03
3.400896086999999901e-01,3.263684692381671297e-03
3.401018438999999782e-01,3.263551235321896470e-03
3.401324300999999939e-01,3.263217622279615537e-03
3.401385470000000133e-01,3.263150904746569582e-03
3.401813620999999954e-01,3.262683929371671798e-03
3.401997098999999802e-01,3.262483822437286293e-03
3.402302871999999812e-01,3.262150344699762342e-03
3.402853195000000164e-01,3.261550191287319097e-03
3.402975476000000277e-01,3.261416842457202144e-03
3.403036615999999737e-01,3.261350170577540473e-03
3.403281161999999749e-01,3.261083499960026194e-03
3.403831326000000268e-01,3.260483589929003868e-03
3.403953572999999788e-01,3.260350295174692815e-03
3.404014694999999979e-01,3.260283650331965901e-03
3.404198052999999891e-01,3.260083725939533304e-03
3.404320287000000000e-01,3.259950451457091503e-03
3.404686961000000234e-01,3.259550668547724940e-03
3.404748069999999904e-01,3.259484043973540513e-03
3.405236897999999734e-01,3.258951108174730407e-03
3.405297997000000243e-01,3.258884498798518634e-03
3.405481285999999996e-01,3.258684680797777067e-03
3.405970010000000103e-01,3.258151907072755378e-03
3.406153263000000209e-01,3.257952144774989463e-03
3.406214344999999866e-01,3.257885560717883443e-03
3.406275425999999995e-01,3.257818978347878404e-03
3.406702964000000167e-01,3.257352949007644854e-03
3.406764036000000107e-01,3.257286380136875832e-03
3.406947247000000067e-01,3.257086683646166336e-03
3.407252575999999977e-01,3.256753889900777018e-03
3.407435759999999925e-01,3.256554233893941587e-03
3.407618934000000155e-01,3.256354593066457855e-03
3.407679989999999881e-01,3.256288049496926934e-03
3.407863151000000146e-01,3.256088428906122288e-03
3.408229443999999941e-01,3.255689233250071580e-03
3.408412576000000027e-01,3.255489658182401241e-03
3.408595697999999841e-01,3.255290098286997991e-03
3.408900879000000272e-01,3.254957532171956838e-03
3.409572182000000229e-01,3.254226035021381448e-03
3.409694222999999913e-01,3.254093057443596757e-03
3.409877276000000124e-01,3.253893603712567674e-03
3.410182341999999922e-01,3.253561214517352099e-03
3.410609390000000074e-01,3.253095940382933534e-03
3.410670391999999773e-01,3.253029479385647228e-03
3.410792394000000116e-01,3.252896562443095916e-03
3.411097377999999791e-01,3.252564299551455144e-03
3.411646281999999863e-01,3.251966332405419827e-03
3.412012168999999928e-01,3.251567763383280980e-03
3.412073145999999779e-01,3.251501341102882008e-03
3.412317045000000104e-01,3.251235668808623389e-03
3.412560926000000050e-01,3.250970023434721773e-03
3.412743824999999731e-01,3.250770807069278210e-03
3.412804789000000172e-01,3.250704404978208614e-03
3.413109594000000024e-01,3.250372419755963131e-03
3.413292464000000082e-01,3.250173248805355956e-03
3.413536274999999787e-01,3.249907711082464408e-03
3.413719122000000161e-01,3.249708575446739762e-03
3.413962903000000160e-01,3.249443084804630195e-03
3.414023844999999890e-01,3.249376716347262758e-03
3.414084787000000176e-01,3.249310349571202326e-03
3.414267603999999734e-01,3.249111259328581452e-03
3.414572277999999850e-01,3.248779475876352463e-03
3.415059701000000003e-01,3.248248709745926981e-03
3.415486138000000116e-01,3.247784377597401351e-03
3.415729793000000236e-01,3.247519081901021482e-03
3.415912521999999729e-01,3.247320127766200552e-03
3.416399753000000095e-01,3.246789657305447410e-03
3.416643342999999833e-01,3.246524462376661029e-03
3.416947805000000171e-01,3.246193006493216203e-03
3.417008693999999958e-01,3.246126720352606344e-03
3.417374007000000269e-01,3.245729038762238360e-03
3.417495769000000183e-01,3.245596491659082702e-03
3.417678404000000225e-01,3.245397683592601487e-03
3.417861028999999995e-01,3.245198890628647140e-03
3.418408847000000139e-01,3.244602602344054051e-03
3.418652293000000175e-01,3.244337628946605649e-03
3.418895721999999915e-01,3.244072682387208126e-03
3.418956577000000219e-01,3.244006449940040320e-03
3.419139133999999913e-01,3.243807762661574112e-03
3.419382528000000088e-01,3.243542869767417243e-03
3.419565062000000100e-01,3.243344217702271142e-03
3.420112606999999860e-01,3.242748352038974085e-03
3.420416760000000167e-01,3.242417374225837427e-03
3.420842530000000048e-01,3.241954075674959804e-03
3.421085803000000203e-01,3.241689370508994000e-03
3.421389870000000055e-01,3.241358526746231875e-03
3.421511488999999795e-01,3.241226200967091756e-03
3.421754713999999864e-01,3.240961569508814342e-03
3.422301908000000004e-01,3.240366246697759176e-03
3.423031363999999854e-01,3.239572693912120931e-03
3.423335258999999908e-01,3.239242118057593031e-03
3.423760665000000203e-01,3.238779382146599745e-03
3.423821432999999970e-01,3.238713283709526627e-03
3.424307537999999873e-01,3.238184556440242695e-03
3.424429053999999972e-01,3.238052391351061311e-03
3.424489809999999856e-01,3.237986311315188895e-03
3.424793575000000256e-01,3.237655936224599889e-03
3.425158057000000089e-01,3.237259541300892707e-03
3.425218800000000008e-01,3.237193481332992315e-03
3.425461761999999966e-01,3.236929258179002851e-03
3.425704707000000182e-01,3.236665061773116251e-03
3.425947635000000102e-01,3.236400892112700073e-03
3.426433439000000081e-01,3.235872633013479188e-03
3.427101305999999958e-01,3.235146451362906628e-03
3.427162014999999839e-01,3.235080444873060252e-03
3.427344135000000014e-01,3.234882435424403253e-03
3.427404840000000119e-01,3.234816435616166570e-03
3.427586946999999773e-01,3.234618446209544008e-03
3.427647647000000020e-01,3.234552453080875248e-03
3.428072517999999902e-01,3.234090547937593096e-03
3.428618702999999823e-01,3.233496790106360746e-03
3.428679385000000246e-01,3.233430825360612999e-03
3.429286145000000063e-01,3.232771269696719119e-03
3.429528819000000062e-01,3.232507494155897540e-03
3.429589485000000271e-01,3.232441554441725998e-03
3.429832138000000197e-01,3.232177812268748496e-03
3.430074772999999744e-01,3.231914096786619745e-03
3.430256737999999861e-01,3.231716327689605414e-03
3.430317391000000105e-01,3.231650407992888146e-03
3.430802575999999937e-01,3.231123110455303132e-03
3.430984503000000241e-01,3.230925401392119138e-03
3.431045142999999964e-01,3.230859501705433262e-03
3.431530225000000156e-01,3.230332364228711683e-03
3.431590855000000162e-01,3.230266479545100110e-03
3.431954615000000208e-01,3.229871206443519875e-03
3.432015238000000190e-01,3.229805333426208607e-03
3.432075860000000089e-01,3.229739462075175999e-03
3.432257718999999763e-01,3.229541858020336473e-03
3.432560795999999859e-01,3.229212551251888722e-03
3.433045664000000108e-01,3.228685747050263899e-03
3.433166870000000093e-01,3.228554062656299652e-03
3.433409270000000180e-01,3.228290713853650649e-03
3.433530463000000199e-01,3.228159049444082485e-03
3.433712245000000163e-01,3.227961565318296193e-03
3.434136366000000162e-01,3.227500827298153060e-03
3.434439276999999846e-01,3.227171778653263861e-03
3.434499856000000073e-01,3.227105973918032236e-03
3.434681587000000258e-01,3.226908569697671970e-03
3.434984449999999856e-01,3.226579595947331666e-03
3.435347851000000174e-01,3.226184882357430173e-03
3.435832325000000020e-01,3.225658690734858804e-03
3.435953433000000223e-01,3.225527159463554942e-03
3.436074537000000095e-01,3.225395634844807624e-03
3.436135087000000143e-01,3.225329875029681829e-03
3.436619450000000242e-01,3.224803856376002274e-03
3.437345867000000110e-01,3.224015027904502707e-03
3.437406395000000003e-01,3.223949303003704418e-03
3.437587972000000214e-01,3.223752138270834320e-03
3.438314183999999774e-01,3.222963628893567127e-03
3.438798241000000089e-01,3.222438088881480946e-03
3.438858743000000051e-01,3.222372403854219854e-03
3.438979743999999727e-01,3.222241038782528658e-03
3.439040242999999997e-01,3.222175358737711711e-03
3.439342722000000019e-01,3.221846983422638460e-03
3.439524197000000116e-01,3.221649978158920655e-03
3.439705663000000024e-01,3.221452987837721427e-03
3.439766148999999773e-01,3.221387327717634315e-03
3.439947601000000188e-01,3.221190357317626953e-03
3.440310476999999811e-01,3.220796461333975090e-03
3.440491901000000130e-01,3.220599535747900675e-03
3.440733785000000267e-01,3.220336991532310109e-03
3.440794253000000191e-01,3.220271359626754835e-03
3.440975651000000024e-01,3.220074473865215149e-03
3.441157040000000222e-01,3.219877603035266583e-03
3.441701147999999821e-01,3.219287080123540545e-03
3.442426492999999810e-01,3.218499925205609707e-03
3.442607804999999743e-01,3.218303173782103340e-03
3.442849539999999764e-01,3.218040861759709301e-03
3.443393381000000031e-01,3.217450756670460835e-03
3.443574642000000186e-01,3.217254084804028504e-03
3.443695478000000088e-01,3.217122978511526791e-03
3.444118368999999902e-01,3.216664158675803988e-03
3.444601609999999869e-01,3.216139892539666544e-03
3.444662010000000274e-01,3.216074366725904608e-03
3.444782806999999725e-01,3.215943320066306978e-03
3.444843203999999881e-01,3.215877799220356794e-03
3.445084782000000234e-01,3.215615732396167378e-03
3.445145173999999977e-01,3.215550219829920071e-03
3.445628271000000242e-01,3.215026178897949140e-03
3.446050923999999793e-01,3.214567729986275626e-03
3.446292417999999858e-01,3.214305795589705427e-03
3.446714989999999923e-01,3.213847474101279647e-03
3.446775353000000042e-01,3.213782006221397626e-03
3.447499629999999926e-01,3.212996520684560219e-03
3.447559978999999997e-01,3.212931074306696246e-03
3.447680674999999972e-01,3.212800186513545524e-03
3.447741020999999795e-01,3.212734745096995897e-03
3.448042736999999969e-01,3.212407562817870457e-03
3.448223753999999919e-01,3.212211273291137089e-03
3.448465095000000091e-01,3.211949577065519468e-03
3.448646089999999886e-01,3.211753322253303386e-03
3.448887400999999797e-01,3.211491672309801926e-03
3.448947727000000185e-01,3.211426263955691369e-03
3.449008050999999853e-01,3.211360857253746631e-03
3.449430290000000121e-01,3.210903056611466144e-03
3.449490606000000237e-01,3.210837663128806880e-03
3.449671547000000005e-01,3.210641492593510442e-03
3.449912787000000147e-01,3.210379955008530774e-03
3.450455513999999835e-01,3.209791592066634034e-03
3.450817285000000179e-01,3.209399424419397129e-03
3.450937867000000159e-01,3.209268715079246614e-03
3.451118731999999745e-01,3.209072663451914813e-03
3.451299588000000251e-01,3.208876626681072316e-03
3.451359870999999857e-01,3.208811284392596060e-03
3.451540713999999843e-01,3.208615267430404809e-03
3.451600992000000145e-01,3.208549931743878009e-03
3.452384521999999900e-01,3.207700717991379420e-03
3.452565310999999859e-01,3.207504785186404955e-03
3.452746090000000101e-01,3.207308867228174550e-03
3.452806347999999859e-01,3.207243564540941585e-03
3.453288373000000244e-01,3.206721202421132857e-03
3.453469114000000117e-01,3.206525343836708238e-03
3.453529359999999993e-01,3.206460060939691180e-03
3.453770330000000000e-01,3.206198945840866513e-03
3.454011283000000265e-01,3.205937857120381030e-03
3.454252219999999762e-01,3.205676794776050279e-03
3.454794265999999725e-01,3.205089500919960400e-03
3.454974928999999806e-01,3.204893765964475765e-03
3.455396439000000264e-01,3.204437108734877089e-03
3.455697486000000040e-01,3.204110974421147534e-03
3.456179106999999751e-01,3.203589245165592431e-03
3.456359697999999980e-01,3.203393623866823345e-03
3.456600470999999786e-01,3.203132818520773757e-03
3.456720851000000261e-01,3.203002425726331724e-03
3.456901412999999756e-01,3.202806848881059078e-03
3.457623568000000036e-01,3.202024689638794785e-03
3.457683740999999977e-01,3.201959520399092190e-03
3.458044755999999942e-01,3.201568539514892519e-03
3.458165086000000166e-01,3.201438225715792871e-03
3.458345573000000117e-01,3.201242767355205396e-03
3.458526049999999796e-01,3.201047323798642680e-03
3.458586207000000079e-01,3.200982179236300500e-03
3.458646362999999724e-01,3.200917036318594137e-03
3.459067425999999834e-01,3.200461081944601209e-03
3.459308010000000100e-01,3.200200572765398311e-03
3.459608717000000055e-01,3.199874973285084159e-03
3.460029662999999922e-01,3.199419203056407847e-03
3.460210053000000174e-01,3.199223897613275112e-03
3.460570803999999945e-01,3.198833331097996561e-03
3.460751165000000018e-01,3.198638070023884436e-03
3.461051747000000178e-01,3.198312667759589840e-03
3.461232082999999848e-01,3.198117446114410057e-03
3.461472516999999915e-01,3.197857173584559617e-03
3.461893235999999874e-01,3.197401759887672640e-03
3.462013432000000113e-01,3.197271656468464451e-03
3.462373994999999871e-01,3.196881385615493905e-03
3.462674434999999939e-01,3.196556205051723134e-03
3.462854686999999876e-01,3.196361116411287721e-03
3.462914769000000059e-01,3.196296090146609307e-03
3.462974850000000160e-01,3.196231065524356672e-03
3.463395385999999965e-01,3.195775939114537962e-03
3.463815872000000073e-01,3.195320893107487462e-03
3.463936000999999765e-01,3.195190894728073411e-03
3.464056126000000235e-01,3.195060902910224453e-03
3.464116186999999791e-01,3.194995909461548558e-03
3.464596637999999840e-01,3.194476020920632760e-03
3.464836837999999974e-01,3.194216116008635580e-03
3.464896886000000120e-01,3.194151143880267617e-03
3.465016978000000081e-01,3.194021204541916837e-03
3.466217667000000002e-01,3.192722171796316157e-03
3.466277690999999828e-01,3.192657237367143956e-03
3.466337713000000043e-01,3.192592304576462748e-03
3.466697825999999760e-01,3.192202742239866678e-03
3.466757842000000034e-01,3.192137820917718190e-03
3.466997891999999970e-01,3.191878152009886439e-03
3.467777941999999891e-01,3.191034409036705693e-03
3.467897933999999904e-01,3.190904626987424702e-03
3.467957928000000023e-01,3.190839738418367252e-03
3.468137904999999965e-01,3.190645082535241862e-03
3.468257885000000096e-01,3.190515320132132279e-03
3.468437846999999907e-01,3.190320688803358496e-03
3.468677781000000238e-01,3.190061203280280307e-03
3.468857720999999894e-01,3.189866606321808701e-03
3.469157600000000174e-01,3.189542310786448731e-03
3.469217572000000138e-01,3.189477456587850885e-03
3.469397484000000254e-01,3.189282903809927822e-03
3.469577387000000179e-01,3.189088365756042286e-03
3.469877203000000243e-01,3.188764168381592271e-03
3.470057080999999766e-01,3.188569669584734919e-03
3.470656605999999922e-01,3.187921446561152450e-03
3.470776497999999988e-01,3.187791821577438608e-03
3.470836442999999938e-01,3.187727011537908224e-03
3.471076210999999856e-01,3.187467787728278691e-03
3.471495766000000094e-01,3.187014208993769505e-03
3.471555698000000079e-01,3.186949418568815577e-03
3.471615630000000063e-01,3.186884629779306033e-03
3.471735489000000174e-01,3.186755057100777982e-03
3.472095042000000187e-01,3.186366378284233303e-03
3.472574388999999928e-01,3.185848231353820021e-03
3.472754127000000079e-01,3.185653953208202570e-03
3.473233381999999980e-01,3.185135950013401242e-03
3.473892250000000237e-01,3.184423866254001284e-03
3.474012031000000000e-01,3.184294417702080663e-03
3.474191695000000135e-01,3.184100257116653961e-03
3.474371348999999998e-01,3.183906111219618820e-03
3.474431230999999731e-01,3.183841399185130885e-03
3.474610873000000266e-01,3.183647272871597232e-03
3.474910256000000031e-01,3.183323761651874872e-03
3.475149743000000013e-01,3.183064982043222989e-03
3.475868106000000179e-01,3.182288799816808834e-03
3.475927963000000065e-01,3.182224128565745713e-03
3.476346932000000112e-01,3.181771475465948202e-03
3.476406779999999808e-01,3.181706817259083615e-03
3.476526475000000227e-01,3.181577505736690042e-03
3.476586320000000230e-01,3.181512852420798499e-03
3.477065046999999742e-01,3.180995684577490445e-03
3.477304386000000247e-01,3.180737139772476900e-03
3.477483880000000194e-01,3.180543248280220687e-03
3.477543708999999983e-01,3.180478621041734569e-03
3.477783013999999895e-01,3.180220128381077999e-03
3.477842837999999825e-01,3.180155509289198535e-03
3.478022304000000231e-01,3.179961661788158808e-03
3.478321393000000095e-01,3.179638615200155397e-03
3.478500833000000014e-01,3.179444806792961452e-03
3.478740073000000099e-01,3.179186418384763544e-03
3.479158703999999935e-01,3.178734301363683474e-03
3.479278303000000183e-01,3.178605139725166479e-03
3.479637077000000134e-01,3.178217693881705674e-03
3.479696869000000192e-01,3.178153125272266052e-03
3.479756660000000168e-01,3.178088558290152309e-03
3.479936027000000154e-01,3.177894867109290738e-03
3.480175167999999819e-01,3.177636634985565173e-03
3.480713175999999853e-01,3.177055707899662743e-03
3.481191336000000192e-01,3.176539438896205329e-03
3.481310865999999726e-01,3.176410387910481251e-03
3.481370629000000161e-01,3.176345864857667810e-03
3.481609672000000044e-01,3.176087788908422711e-03
3.482087708000000115e-01,3.175571715060637734e-03
3.482147458000000029e-01,3.175507213146566091e-03
3.483043584000000137e-01,3.174539879486480264e-03
3.483222780999999935e-01,3.174346456633466047e-03
3.483461696999999857e-01,3.174088582244720142e-03
3.483521423000000006e-01,3.174024117709064834e-03
3.484058915000000090e-01,3.173444009990790838e-03
3.484238060000000026e-01,3.173250669988266544e-03
3.484536615000000115e-01,3.172928469129851492e-03
3.484954549000000013e-01,3.172477456125360942e-03
3.485014249999999758e-01,3.172413032190114952e-03
3.485133648000000028e-01,3.172284189190464985e-03
3.485193346000000081e-01,3.172219770125399210e-03
3.485372433000000214e-01,3.172026522669926969e-03
3.485849952999999779e-01,3.171511267534306896e-03
3.485909638999999949e-01,3.171446867945352816e-03
3.486088688999999796e-01,3.171253678913760459e-03
3.486387085000000052e-01,3.170931729643903119e-03
3.487103133000000188e-01,3.170159216859258933e-03
3.487282121999999984e-01,3.169966125154382273e-03
3.487997984999999801e-01,3.169193904264427496e-03
3.488057634000000240e-01,3.169129563061122163e-03
3.488296217999999893e-01,3.168872214456760171e-03
3.488355861999999918e-01,3.168807881357838755e-03
3.488534785999999888e-01,3.168614891785016645e-03
3.488713701999999750e-01,3.168421916796950680e-03
3.488832974000000142e-01,3.168293274907340792e-03
3.489250393000000172e-01,3.167843079330370012e-03
3.489310019999999901e-01,3.167778772156672369e-03
3.489488895999999785e-01,3.167585860355808403e-03
3.489787001999999916e-01,3.167264373082129790e-03
3.489965852999999951e-01,3.167071500153288179e-03
3.490204306999999950e-01,3.166814358919415890e-03
3.490442744999999736e-01,3.166557243592726251e-03
3.490740768999999744e-01,3.166235885862927167e-03
3.490859970999999895e-01,3.166107354102474375e-03
3.490919571000000166e-01,3.166043090650162619e-03
3.491217555000000194e-01,3.165721797668247239e-03
3.491634688999999958e-01,3.165272055464868166e-03
3.491813444999999905e-01,3.165079333078372938e-03
3.492111352999999752e-01,3.164758161458594912e-03
3.492170930999999867e-01,3.164693931987995999e-03
3.492528380000000099e-01,3.164308589132301328e-03
3.492587951000000190e-01,3.164244370983424186e-03
3.492647521999999727e-01,3.164180154453128616e-03
3.493004921999999790e-01,3.163794889227231934e-03
3.493064484999999775e-01,3.163730684016148424e-03
3.493124047000000232e-01,3.163666480421346676e-03
3.493719612999999780e-01,3.163024533398530597e-03
3.493779162999999799e-01,3.162960347586381369e-03
3.494076903000000178e-01,3.162639442773789496e-03
3.494255534999999857e-01,3.162446919279427501e-03
3.494493696000000038e-01,3.162190243910433136e-03
3.494969969999999759e-01,3.161676970726462303e-03
3.495029499000000262e-01,3.161612818847971042e-03
3.495505700000000049e-01,3.161099661969350542e-03
3.496398401999999961e-01,3.160137771382903662e-03
3.496457907000000143e-01,3.160073658259481867e-03
3.496576914000000258e-01,3.159945436854991359e-03
3.496814918000000216e-01,3.159689013414884035e-03
3.496874415999999819e-01,3.159624911589967340e-03
3.497112399000000260e-01,3.159368520427826340e-03
3.497528830000000144e-01,3.158919898017633395e-03
3.497826250000000137e-01,3.158599501840262704e-03
3.497885730999999998e-01,3.158535427443769691e-03
3.498064168000000196e-01,3.158343213933825170e-03
3.498361542999999796e-01,3.158022890340853039e-03
3.498718358999999833e-01,3.157638555246811574e-03
3.499312971999999911e-01,3.156998125741284408e-03
3.499491337000000257e-01,3.156806028323526098e-03
3.499788589999999755e-01,3.156485898195561437e-03
3.499966930000000254e-01,3.156293839457169695e-03
3.500383020999999761e-01,3.155845758797523083e-03
3.500620765999999939e-01,3.155589748150253865e-03
3.500680199000000270e-01,3.155525749514999281e-03
3.500917922999999821e-01,3.155269771084162709e-03
3.501393322999999946e-01,3.154757891528335752e-03
3.501690415000000001e-01,3.154438019139542242e-03
3.502106301999999838e-01,3.153990265414550759e-03
3.502165709999999765e-01,3.153926307035614419e-03
3.502284522999999927e-01,3.153798395105895675e-03
3.502640940000000258e-01,3.153414697946120386e-03
3.502819134999999862e-01,3.153222871090947000e-03
3.503056714000000182e-01,3.152967124477885474e-03
3.503234887000000186e-01,3.152775331411524547e-03
3.503294276999999735e-01,3.152711403607246030e-03
3.503531823000000101e-01,3.152455708475467282e-03
3.503769353999999780e-01,3.152200039080648407e-03
3.503947491000000136e-01,3.152008303921802201e-03
3.504066243999999775e-01,3.151880488523403287e-03
3.504897404000000272e-01,3.150985960820066548e-03
3.504956765000000196e-01,3.150922078041513801e-03
3.505016125000000038e-01,3.150858196870018856e-03
3.505134842000000028e-01,3.150730439349480865e-03
3.505194199000000177e-01,3.150666562999687118e-03
3.505431616999999944e-01,3.150411073672882128e-03
3.505490969000000234e-01,3.150347205358621557e-03
3.505906403999999865e-01,3.149900172151870199e-03
3.506618464999999851e-01,3.149134012655866420e-03
3.507033767000000135e-01,3.148687193090251527e-03
3.507567654000000035e-01,3.148112826400185048e-03
3.507804911999999886e-01,3.147857594055307549e-03
3.507864223000000115e-01,3.147793789981831111e-03
3.507982843999999933e-01,3.147666186650363053e-03
3.508042152999999996e-01,3.147602387392012778e-03
3.508220073000000161e-01,3.147410999245412334e-03
3.508516587000000131e-01,3.147092051096749867e-03
3.508694482999999975e-01,3.146900701461886191e-03
3.508753780000000155e-01,3.146836921459551534e-03
3.508931664000000117e-01,3.146645591076968184e-03
3.509228118000000118e-01,3.146326739189459713e-03
3.509287406000000109e-01,3.146262973624254933e-03
3.509465263000000057e-01,3.146071686551402818e-03
3.509643110999999815e-01,3.145880413911901919e-03
3.509761671000000138e-01,3.145752906836939665e-03
3.510117328999999842e-01,3.145370424096517216e-03
3.510176601000000174e-01,3.145306682584592204e-03
3.510828535000000139e-01,3.144605631754680223e-03
3.511184084000000261e-01,3.144223322133045742e-03
3.511361846000000120e-01,3.144032188955230966e-03
3.511598846000000274e-01,3.143777367149087117e-03
3.511835830999999741e-01,3.143522570976590384e-03
3.512072800000000106e-01,3.143267800433012342e-03
3.512132040000000011e-01,3.143204111801850900e-03
3.512309753000000256e-01,3.143013055517119170e-03
3.512487456999999758e-01,3.142822013645477953e-03
3.512605920999999909e-01,3.142694660404623044e-03
3.512783609999999834e-01,3.142503642552686455e-03
3.513494276999999943e-01,3.141739715231866084e-03
3.513671921000000031e-01,3.141548769416742642e-03
3.513731133999999923e-01,3.141485124013237030e-03
3.513908766000000128e-01,3.141294197402370696e-03
3.514027183000000276e-01,3.141166920997119204e-03
3.514500809000000170e-01,3.140657879374582091e-03
3.514619205000000246e-01,3.140530634966950431e-03
3.514974370999999764e-01,3.140148940135550296e-03
3.515329501000000190e-01,3.139767302880536529e-03
3.515862128000000197e-01,3.139194954932354644e-03
3.516098825000000261e-01,3.138940619633643660e-03
3.516572171999999830e-01,3.138432025758532053e-03
3.517045455999999737e-01,3.137923534161491876e-03
3.517222921000000002e-01,3.137732876175602405e-03
3.517459526000000225e-01,3.137478687894233731e-03
3.517814404999999867e-01,3.137097453391324633e-03
3.517991831000000236e-01,3.136906857701367898e-03
3.518228385000000125e-01,3.136652752472234885e-03
3.518701445999999899e-01,3.136144618654571146e-03
3.519174441999999847e-01,3.135636587006039068e-03
3.519410916999999861e-01,3.135382609486974705e-03
3.519588263000000272e-01,3.135192143104563109e-03
3.519706488000000077e-01,3.135065173494134671e-03
3.520061139999999811e-01,3.134684302956381764e-03
3.520297554999999856e-01,3.134430421170595043e-03
3.520652148000000259e-01,3.134049646344987377e-03
3.520829430999999898e-01,3.133859280463161499e-03
3.521124883000000261e-01,3.133542035886100526e-03
3.521479391999999820e-01,3.133161395009600309e-03
3.521538472999999891e-01,3.133097960443457456e-03
3.522011089000000039e-01,3.132590541298187030e-03
3.522188304000000159e-01,3.132400285417016872e-03
3.522483640999999888e-01,3.132083224152423101e-03
3.522542705999999746e-01,3.132019816680369807e-03
3.522897072999999768e-01,3.131639405302865786e-03
3.522956130000000075e-01,3.131576008982631543e-03
3.523015186999999826e-01,3.131512614255261596e-03
3.523133297000000108e-01,3.131385829579595974e-03
3.523428556000000045e-01,3.131068895763996270e-03
3.523664745000000265e-01,3.130815377379076239e-03
3.523841876000000095e-01,3.130625255310446990e-03
3.524078037999999746e-01,3.130371781511264839e-03
3.524845453000000073e-01,3.129548167574623674e-03
3.524904477999999952e-01,3.129484823798402843e-03
3.525022525000000018e-01,3.129358141019485638e-03
3.525081547000000204e-01,3.129294802017063785e-03
3.525258607000000266e-01,3.129104794557669832e-03
3.525376641999999894e-01,3.128978130873874379e-03
3.525789733999999953e-01,3.128534858096357514e-03
3.526261780000000123e-01,3.128028356080280858e-03
3.526733761999999994e-01,3.127521955846287397e-03
3.526792756000000084e-01,3.127458662972358930e-03
3.527146695000000221e-01,3.127078939116334760e-03
3.527677537999999724e-01,3.126509460630241388e-03
3.527854468000000132e-01,3.126319663075927732e-03
3.528208300999999825e-01,3.125940110871905635e-03
3.528385204000000219e-01,3.125750356219195690e-03
3.528621061000000170e-01,3.125497372257036912e-03
3.528797944000000020e-01,3.125307650964422469e-03
3.529092728000000068e-01,3.124991480576242136e-03
3.529151682000000179e-01,3.124928251263320387e-03
3.529328538000000015e-01,3.124738572851870708e-03
3.529623277999999753e-01,3.124422473923951695e-03
3.530035872999999769e-01,3.123980002106682610e-03
3.530448420000000254e-01,3.123537608069697474e-03
3.530566282000000000e-01,3.123411224056954830e-03
3.530684138999999888e-01,3.123284846392198125e-03
3.530743067000000068e-01,3.123221659940218602e-03
3.530978766000000268e-01,3.122968929999246721e-03
3.531214449999999783e-01,3.122716225443917647e-03
3.531391202999999979e-01,3.122526713685336124e-03
3.531509032999999853e-01,3.122400380443727738e-03
3.531980314000000010e-01,3.121895110922338120e-03
3.532333733999999947e-01,3.121516225386444278e-03
3.532569327000000259e-01,3.121263666740392052e-03
3.532628223000000012e-01,3.121200531042298866e-03
3.532863796999999861e-01,3.120948004102692269e-03
3.533511543999999782e-01,3.120253685780646161e-03
3.533570423999999877e-01,3.120190575441342262e-03
3.533864810999999828e-01,3.119875047513584899e-03
3.534041431000000122e-01,3.119685749769261079e-03
3.534276909999999883e-01,3.119433374954203118e-03
3.534747822000000039e-01,3.118928701352506432e-03
3.534806682000000144e-01,3.118865624279360590e-03
3.534983254999999880e-01,3.118676402559688188e-03
3.535159818999999981e-01,3.118487195091482547e-03
3.535277524000000060e-01,3.118361064695748374e-03
3.535454073000000030e-01,3.118171880976173399e-03
3.535748302000000232e-01,3.117856606436176462e-03
3.536219018999999797e-01,3.117352249476706104e-03
3.536395520999999764e-01,3.117163141728649268e-03
3.536572015000000180e-01,3.116974048220782622e-03
3.537277900999999947e-01,3.116217816571512349e-03
3.537336717999999824e-01,3.116154807549357999e-03
3.537571978999999867e-01,3.115902787274012729e-03
3.538101256999999777e-01,3.115335834159757653e-03
3.538454065000000148e-01,3.114957936561588061e-03
3.538512863000000119e-01,3.114894959161210956e-03
3.538983211000000240e-01,3.114391196856328755e-03
3.539042001000000104e-01,3.114328233679377039e-03
3.539512278999999983e-01,3.113824585150694237e-03
3.539688617000000259e-01,3.113635743020383515e-03
3.539864945999999790e-01,3.113446915107386751e-03
3.539923721000000079e-01,3.113383975628629483e-03
3.540100037999999727e-01,3.113195166670256180e-03
3.540452646999999731e-01,3.112817591394456337e-03
3.540628939000000086e-01,3.112628825074619833e-03
3.541099006000000271e-01,3.112125517691979870e-03
3.541334016000000084e-01,3.111873901887786485e-03
3.541569010999999767e-01,3.111622311337173576e-03
3.541803989999999791e-01,3.111370746038303638e-03
3.541862732000000125e-01,3.111307858658498258e-03
3.541980214000000071e-01,3.111182088633154732e-03
3.542215164999999999e-01,3.110930567516302647e-03
3.542332635000000063e-01,3.110804816423591058e-03
3.542508832999999857e-01,3.110616201617609402e-03
3.542685022000000017e-01,3.110427601008095965e-03
3.542743749999999747e-01,3.110364737292830098e-03
3.542919927000000024e-01,3.110176155611248799e-03
3.543213535999999997e-01,3.109861884349387779e-03
3.543918099999999738e-01,3.109107794153808963e-03
3.544152923000000177e-01,3.108856481201650260e-03
3.544622523000000025e-01,3.108353930949808892e-03
3.544798606999999824e-01,3.108165500606554447e-03
3.544857298999999906e-01,3.108102693643818339e-03
3.545150747999999963e-01,3.107788682461368017e-03
3.545561535999999792e-01,3.107349132970446855e-03
3.545796250000000094e-01,3.107097996484166520e-03
3.546089620999999803e-01,3.106784111310089639e-03
3.546441633999999898e-01,3.106407501062843825e-03
3.546969589000000256e-01,3.105842691956815782e-03
3.547438815999999773e-01,3.105340746444994627e-03
3.547497465000000183e-01,3.105278010337029354e-03
3.547614760000000200e-01,3.105152542842763274e-03
3.547907980000000183e-01,3.104838901639481782e-03
3.547966622000000014e-01,3.104776178119028705e-03
3.548142539999999956e-01,3.104588016994668832e-03
3.548435717000000267e-01,3.104274446581018875e-03
3.548552980999999940e-01,3.104149029424651141e-03
3.548846124000000213e-01,3.103835514055172228e-03
3.548904749999999830e-01,3.103772815699127035e-03
3.549080620999999769e-01,3.103584730063522600e-03
3.549373720999999815e-01,3.103271285449696760e-03
3.549490954000000253e-01,3.103145918608461295e-03
3.549549569000000071e-01,3.103083237545628970e-03
3.549725408000000137e-01,3.102895203788372074e-03
3.550018455000000239e-01,3.102581845627358156e-03
3.550311476999999938e-01,3.102268526753765212e-03
3.550428679000000032e-01,3.102143210203251421e-03
3.550487278000000191e-01,3.102080554285216799e-03
3.550780262000000076e-01,3.101767298259927239e-03
3.550956040000000091e-01,3.101579363495514212e-03
3.551366155999999830e-01,3.101140904020846956e-03
3.551600487000000084e-01,3.100890390299398079e-03
3.551659066999999781e-01,3.100827765794946130e-03
3.552186245999999770e-01,3.100264215908837395e-03
3.552361955000000182e-01,3.100076394204472671e-03
3.552596219999999971e-01,3.099825987240319939e-03
3.552654784000000010e-01,3.099763389423213032e-03
3.553240368999999732e-01,3.099137497560872784e-03
3.553298921999999971e-01,3.099074917004931030e-03
3.553474576000000273e-01,3.098887184749202738e-03
3.553591674000000089e-01,3.098762037756817335e-03
3.554177104999999837e-01,3.098136396905503288e-03
3.554235641999999862e-01,3.098073841445497714e-03
3.554469784000000021e-01,3.097823635290391023e-03
3.554703909999999967e-01,3.097573454222744219e-03
3.554879494000000029e-01,3.097385834883804260e-03
3.554996545999999924e-01,3.097260763163094469e-03
3.555347676999999762e-01,3.096885585620614244e-03
3.555406194999999880e-01,3.096823061516396428e-03
3.555932819000000022e-01,3.096260415096137569e-03
3.556108342000000033e-01,3.096072894493251230e-03
3.556576363000000240e-01,3.095572908484734483e-03
3.557336765999999928e-01,3.094760645013788260e-03
3.557512219999999781e-01,3.094573237178200893e-03
3.557687666000000082e-01,3.094385843433519051e-03
3.557921580000000250e-01,3.094136007022324931e-03
3.557980056000000224e-01,3.094073551832791404e-03
3.558213950999999931e-01,3.093823746726622262e-03
3.558681694999999978e-01,3.093324211632892794e-03
3.558740159000000070e-01,3.093261776787852718e-03
3.559090920999999907e-01,3.092887200571380144e-03
3.559383195999999971e-01,3.092575096743950275e-03
3.559616998999999837e-01,3.092325441836695638e-03
3.560142998999999975e-01,3.091763809779290474e-03
3.560552055999999799e-01,3.091327072404112270e-03
3.560610489000000101e-01,3.091264687603308310e-03
3.560785781999999955e-01,3.091077542580709762e-03
3.560961067000000257e-01,3.090890411624826455e-03
3.561077918000000175e-01,3.090765665468721887e-03
3.561545286000000199e-01,3.090266743351662709e-03
3.561662118000000210e-01,3.090142028446729496e-03
3.562012592000000089e-01,3.089767921227824267e-03
3.562187815999999785e-01,3.089580888706494437e-03
3.562363031999999929e-01,3.089393870241772914e-03
3.562421434999999970e-01,3.089331533877021432e-03
3.562596639000000232e-01,3.089144534153627410e-03
3.562655037999999941e-01,3.089082204035140718e-03
3.562888626999999864e-01,3.088832899178457075e-03
3.563122199000000045e-01,3.088583619302908648e-03
3.563589299000000099e-01,3.088085134484290853e-03
3.564231460999999768e-01,3.087399880956032301e-03
3.564289833000000018e-01,3.087337594543782156e-03
3.564464944999999885e-01,3.087150744666781674e-03
3.564756780000000180e-01,3.086839359407389776e-03
3.564815143999999769e-01,3.086777087035230335e-03
3.565223665000000208e-01,3.086341224103041937e-03
3.565282021000000245e-01,3.086278964208431438e-03
3.565690489000000185e-01,3.085843188607118644e-03
3.565748838000000198e-01,3.085780941186267584e-03
3.565923878000000213e-01,3.085594208279909476e-03
3.566390610999999877e-01,3.085096322452038006e-03
3.566565620000000103e-01,3.084909640984862672e-03
3.567090594999999809e-01,3.084349680733538667e-03
3.567148921000000139e-01,3.084287470718669565e-03
3.567323893000000079e-01,3.084100850021570701e-03
3.567615492999999804e-01,3.083789846683159322e-03
3.567790442000000062e-01,3.083603263372095699e-03
3.568023693999999857e-01,3.083354507428170618e-03
3.568198623000000125e-01,3.083167956822655768e-03
3.568431847999999906e-01,3.082919244481044721e-03
3.568723357999999957e-01,3.082608389086190920e-03
3.568898252000000104e-01,3.082421894530376540e-03
3.569014844000000242e-01,3.082297572610079913e-03
3.569422883999999740e-01,3.081862494916310074e-03
3.569889158999999812e-01,3.081365356637126053e-03
3.569947439000000222e-01,3.081303221353630818e-03
3.570122273999999929e-01,3.081116824839121113e-03
3.570413646000000218e-01,3.080806195093446775e-03
3.570588457000000160e-01,3.080619835910952155e-03
3.570821525999999801e-01,3.080371378775507204e-03
3.571287618000000275e-01,3.079874539146625154e-03
3.571345875999999975e-01,3.079812441189643327e-03
3.571811899999999818e-01,3.079315713499249270e-03
3.571986643000000239e-01,3.079129466262942212e-03
3.572161377999999998e-01,3.078943233014616934e-03
3.572219621000000123e-01,3.078881158373547242e-03
3.572685529999999887e-01,3.078384617182663031e-03
3.572743764999999905e-01,3.078322556525491579e-03
3.572860231000000164e-01,3.078198439872275628e-03
3.572918462999999933e-01,3.078136383876146562e-03
3.573209606000000149e-01,3.077826127195319901e-03
3.573384280999999940e-01,3.077639991825926145e-03
3.573617168000000066e-01,3.077391833076023597e-03
3.573791822999999868e-01,3.077205730319735200e-03
3.574082894999999760e-01,3.076895590113815516e-03
3.574141107000000095e-01,3.076833566730043708e-03
3.574606766000000269e-01,3.076337435548313296e-03
3.574723172000000004e-01,3.076213418275738215e-03
3.575014168999999797e-01,3.075903402252004766e-03
3.575246948999999952e-01,3.075655417366152111e-03
3.575537903000000073e-01,3.075345471170630885e-03
3.575654278000000019e-01,3.075221503552006894e-03
3.575712463999999868e-01,3.075159522070033957e-03
3.576177918999999816e-01,3.074663726054214195e-03
3.576352448999999822e-01,3.074477828139436739e-03
3.576585141999999995e-01,3.074229985962999984e-03
3.576934153999999921e-01,3.073858269214775531e-03
3.577108647000000197e-01,3.073672431770759720e-03
3.577283130999999727e-01,3.073486608278192846e-03
3.577399448999999954e-01,3.073362733699786312e-03
3.577573918999999991e-01,3.073176933456312626e-03
3.577748380999999922e-01,3.072991147161372241e-03
3.577864684000000017e-01,3.072867297379531550e-03
3.578271715999999936e-01,3.072433871953453299e-03
3.578329859000000113e-01,3.072371960232711009e-03
3.578446142999999746e-01,3.072248141438937031e-03
3.578504283999999758e-01,3.072186234365917486e-03
3.578969375000000119e-01,3.071691033542653989e-03
3.579143768999999975e-01,3.071505358788913925e-03
3.579725020000000257e-01,3.070886543592546945e-03
3.580189952999999758e-01,3.070391602902510907e-03
3.580364287000000201e-01,3.070206025682151955e-03
3.580596719999999955e-01,3.069958611055254374e-03
3.581061540000000099e-01,3.069463856075824518e-03
3.581293926999999933e-01,3.069216515716283959e-03
3.581468206999999793e-01,3.069031026689819468e-03
3.581526299000000191e-01,3.068969200107502134e-03
3.581584389999999951e-01,3.068907375072439311e-03
3.581758655999999763e-01,3.068721909245488311e-03
3.582165245000000220e-01,3.068289209777060825e-03
3.582455636999999915e-01,3.067980185114485038e-03
3.582862145999999859e-01,3.067547615517121976e-03
3.582978283000000097e-01,3.067424038114950884e-03
3.583094417000000087e-01,3.067300466894913157e-03
3.583152481999999917e-01,3.067238683603757277e-03
3.583849190999999768e-01,3.066497404633422748e-03
3.584023347999999998e-01,3.066312119654089445e-03
3.584081398000000251e-01,3.066250361084042839e-03
3.584719887999999743e-01,3.065571118750413156e-03
3.584777927000000197e-01,3.065509378713126079e-03
3.585300235000000169e-01,3.064953787862444590e-03
3.585474321000000075e-01,3.064768618701385096e-03
3.585706422000000115e-01,3.064521748096652072e-03
3.585938508000000025e-01,3.064274902186546468e-03
3.586228593999999936e-01,3.063966379521947288e-03
3.586692684000000186e-01,3.063472823492867023e-03
3.587040711999999743e-01,3.063102721264010595e-03
3.587156713999999913e-01,3.062979366193657824e-03
3.587330709000000062e-01,3.062794345155686777e-03
3.587504696000000104e-01,3.062609337996795474e-03
3.587562690000000165e-01,3.062547672028290320e-03
3.588026606999999979e-01,3.062054399785292362e-03
3.588258543000000245e-01,3.061807800663737724e-03
3.588548442000000227e-01,3.061499586443589081e-03
3.588722369999999828e-01,3.061314676406130201e-03
3.588896289999999878e-01,3.061129780238963389e-03
3.588954261000000256e-01,3.061068151264696204e-03
3.589475961999999964e-01,3.060513559834110442e-03
3.589591885000000260e-01,3.060390334240572791e-03
3.590287343999999936e-01,3.059651110057026897e-03
3.590345293000000160e-01,3.059589518051876282e-03
3.590403240999999745e-01,3.059527927587020902e-03
3.590519133999999779e-01,3.059404751275270670e-03
3.590808851000000246e-01,3.059096837439875122e-03
3.590866790999999725e-01,3.059035259290872940e-03
3.591214414000000188e-01,3.058665822724905038e-03
3.591330280999999736e-01,3.058542689516851633e-03
3.591735785999999875e-01,3.058111771763583672e-03
3.591967482999999794e-01,3.057865566900332989e-03
3.592372915000000000e-01,3.057434767620745980e-03
3.592430831000000269e-01,3.057373231020645270e-03
3.592604570999999858e-01,3.057188630446129509e-03
3.592720393000000123e-01,3.057065571087202571e-03
3.593125741000000040e-01,3.056634911773317784e-03
3.593299447000000146e-01,3.056450366560897573e-03
3.593588939999999843e-01,3.056142821956899219e-03
3.593820516999999826e-01,3.055896813944729545e-03
3.593994188999999895e-01,3.055712324074728349e-03
3.594052079000000233e-01,3.055650830525970078e-03
3.594457275999999868e-01,3.055220418711347263e-03
3.594515158000000099e-01,3.055158937456205204e-03
3.594978178000000080e-01,3.054667142725065766e-03
3.595036051000000121e-01,3.054605675297212414e-03
3.595151795000000039e-01,3.054482745049270399e-03
3.595209664999999832e-01,3.054421282229552968e-03
3.595499003000000027e-01,3.054113991169167368e-03
3.595672595000000138e-01,3.053929634963170082e-03
3.596077610000000258e-01,3.053499524226974213e-03
3.596366878999999739e-01,3.053192348333584345e-03
3.596424730000000181e-01,3.053130917760375762e-03
3.596598276999999899e-01,3.052946635250483251e-03
3.596887503000000263e-01,3.052639528431917368e-03
3.597292382000000233e-01,3.052209643341595013e-03
3.597755044000000013e-01,3.051718438157621869e-03
3.597986353000000026e-01,3.051472872383219001e-03
3.598159824000000118e-01,3.051288714158137232e-03
3.598217646999999908e-01,3.051227331150854673e-03
3.598448926000000214e-01,3.050981814456105341e-03
3.598622375000000151e-01,3.050797693036619036e-03
3.598680189999999834e-01,3.050736322297042859e-03
3.599662896999999973e-01,3.049693254279564874e-03
3.599778491000000247e-01,3.049570569517441598e-03
3.600009670000000050e-01,3.049325218382253986e-03
3.600067463000000134e-01,3.049263884429137973e-03
3.600298623000000031e-01,3.049018563938674532e-03
3.600529767999999797e-01,3.048773267960444480e-03
3.600587552000000247e-01,3.048711947795209459e-03
3.600703116999999787e-01,3.048589312061163788e-03
3.601049791000000000e-01,3.048221441618343720e-03
3.601627506000000256e-01,3.047608446724334001e-03
3.601858566000000206e-01,3.047363291637285049e-03
3.601916327999999945e-01,3.047302006692611739e-03
3.602147370000000071e-01,3.047056882222007497e-03
3.602320641000000268e-01,3.046873054939342428e-03
3.602609407999999847e-01,3.046566706744947839e-03
3.602840405000000135e-01,3.046321655733206287e-03
3.602898151999999743e-01,3.046260396805556148e-03
3.603302354999999846e-01,3.045831627149689965e-03
3.603360094999999985e-01,3.045770380461580371e-03
3.603475570999999933e-01,3.045647891672483964e-03
3.603533307999999824e-01,3.045586649572601303e-03
3.603821978000000259e-01,3.045280462014340016e-03
3.603995167999999860e-01,3.045096767831169914e-03
3.604456970000000093e-01,3.044606983955719902e-03
3.604687849000000055e-01,3.044362128710139011e-03
3.604745565999999957e-01,3.044300918720649687e-03
3.605091851000000180e-01,3.043933690880447872e-03
3.605380396000000265e-01,3.043627709709388184e-03
3.606072810000000017e-01,3.042893510751912625e-03
3.606130504999999764e-01,3.042832337435595180e-03
3.606245893000000202e-01,3.042709995385436180e-03
3.606303585000000256e-01,3.042648826651040816e-03
3.606592033000000086e-01,3.042343005890553540e-03
3.606938140000000015e-01,3.041976071372277067e-03
3.606995821999999796e-01,3.041914920963389914e-03
3.607053501999999967e-01,3.041853772081179116e-03
3.607168860000000143e-01,3.041731478898128394e-03
3.607687925999999989e-01,3.041181235137449014e-03
3.607976263000000072e-01,3.040875597581696975e-03
3.608149254999999944e-01,3.040692233360962719e-03
3.608898788000000080e-01,3.039897813751621380e-03
3.609014086999999815e-01,3.039775618232956351e-03
3.609071735000000114e-01,3.039714522761279361e-03
3.609763441000000128e-01,3.038981496056917826e-03
3.609936347000000101e-01,3.038798273688770105e-03
3.610224504999999806e-01,3.038492933564956953e-03
3.610282134000000198e-01,3.038431870113765618e-03
3.610685509000000071e-01,3.038004468628583386e-03
3.610743130999999884e-01,3.037943417370337924e-03
3.610915989999999853e-01,3.037760272737036107e-03
3.611088840000000189e-01,3.037577141818491484e-03
3.611146454999999977e-01,3.037516101225623891e-03
3.611204069000000239e-01,3.037455062156837939e-03
3.611607341999999998e-01,3.037027831332866565e-03
3.611780159999999906e-01,3.036844755257806731e-03
3.612125769999999791e-01,3.036478644229382087e-03
3.612298561999999769e-01,3.036295609274237018e-03
3.612471347000000277e-01,3.036112588023567437e-03
3.612701712999999981e-01,3.035868581004913178e-03
3.612759301999999839e-01,3.035807583056080589e-03
3.613047234999999802e-01,3.035502616147215966e-03
3.613219984000000107e-01,3.035319654267784346e-03
3.613392724000000222e-01,3.035136706085946132e-03
3.613507879999999783e-01,3.035014748240989508e-03
3.613910894999999845e-01,3.034587943716012502e-03
3.614313866000000153e-01,3.034161213742097435e-03
3.614371430000000163e-01,3.034100258401734983e-03
3.614601674999999847e-01,3.033856452252708513e-03
3.614774349000000053e-01,3.033673613610323328e-03
3.615292321999999947e-01,3.033125179800176714e-03
3.615349869999999743e-01,3.033064250312910402e-03
3.615464963999999726e-01,3.032942395899384299e-03
3.615752681000000135e-01,3.032637786467301359e-03
3.615982837999999755e-01,3.032394126282791404e-03
3.616385577999999823e-01,3.031967779471455692e-03
3.616443107999999795e-01,3.031906878862424687e-03
3.616615695000000019e-01,3.031724186152542997e-03
3.616673221999999743e-01,3.031663291621434445e-03
3.617651040000000040e-01,3.030628317008874067e-03
3.618226103000000138e-01,3.030019713430885664e-03
3.618571098000000208e-01,3.029654624155829565e-03
3.618743582999999764e-01,3.029472100010027671e-03
3.618973549000000234e-01,3.029228755729022459e-03
3.619031039000000227e-01,3.029167923453401998e-03
3.619203502000000183e-01,3.028985435729021538e-03
3.619433440000000002e-01,3.028742140006770566e-03
3.619893270999999801e-01,3.028255621381924743e-03
3.620065693000000251e-01,3.028073201926812560e-03
3.620410512000000192e-01,3.027708403964113511e-03
3.620582909000000238e-01,3.027526025455507929e-03
3.620812758999999992e-01,3.027282875337972742e-03
3.620985137000000131e-01,3.027100528669210422e-03
3.621042595000000253e-01,3.027039749478241653e-03
3.621272415999999827e-01,3.026796647873145757e-03
3.621502221999999827e-01,3.026553570519583802e-03
3.621674567000000011e-01,3.026371278417707648e-03
3.621789458999999933e-01,3.026249757927421732e-03
3.621961791000000153e-01,3.026067488556733603e-03
3.622191552999999842e-01,3.025824483941653119e-03
3.622708465999999738e-01,3.025277812183466575e-03
3.622880754000000203e-01,3.025095615529045049e-03
3.623110458000000089e-01,3.024852707858678540e-03
3.623167882000000173e-01,3.024791984727107346e-03
3.623512406000000130e-01,3.024427677735714876e-03
3.623627240000000249e-01,3.024306254184146864e-03
3.624029129999999932e-01,3.023881319441411222e-03
3.624430974999999777e-01,3.023456458864773322e-03
3.624660580999999882e-01,3.023213714685571863e-03
3.624717981000000200e-01,3.023153032424228011e-03
3.625177142000000075e-01,3.022667628796896645e-03
3.625406700000000093e-01,3.022424963289856853e-03
3.625464087999999974e-01,3.022364300694515334e-03
3.625578859999999959e-01,3.022242980041730132e-03
3.625923154999999842e-01,3.021879054379066672e-03
3.626324790000000076e-01,3.021454543240409928e-03
3.626496906000000187e-01,3.021272632574080550e-03
3.626783747999999807e-01,3.020969478363528561e-03
3.626841113000000005e-01,3.020908852055824868e-03
3.627013204999999796e-01,3.020726982202058888e-03
3.627300005999999910e-01,3.020423896003190858e-03
3.628217616000000145e-01,3.019454274003333452e-03
3.628389642000000026e-01,3.019272512929183430e-03
3.628676335000000086e-01,3.018969608009996770e-03
3.628848338999999812e-01,3.018787883178886133e-03
3.629077665000000064e-01,3.018545604541953906e-03
3.629249650999999965e-01,3.018363911416857819e-03
3.629306977000000267e-01,3.018303350060668779e-03
3.629536274999999867e-01,3.018061119732331956e-03
3.630911755999999824e-01,3.016608244802982189e-03
3.631083654000000216e-01,3.016426696534685401e-03
3.631140951999999866e-01,3.016366183461843733e-03
3.631312838999999903e-01,3.016184653291329766e-03
3.631427427000000208e-01,3.016063640717970250e-03
3.631599300999999724e-01,3.015882133166477956e-03
3.631828454000000095e-01,3.015640144206848706e-03
3.632000309000000260e-01,3.015458668316590811e-03
3.632286715999999971e-01,3.015156238648077167e-03
3.632515825000000032e-01,3.014914322043276210e-03
3.632802191000000236e-01,3.014611960196024627e-03
3.632916731999999982e-01,3.014491026005754627e-03
3.633145801000000064e-01,3.014249175704317944e-03
3.633203065999999759e-01,3.014188716895958072e-03
3.633661154999999754e-01,3.013705100656592206e-03
3.633832922999999937e-01,3.013523769420437242e-03
3.633890177999999915e-01,3.013463328686831304e-03
3.634348179999999928e-01,3.012979857031762663e-03
3.634748883999999736e-01,3.012556898380038765e-03
3.634977837999999739e-01,3.012315240840965878e-03
3.635035074999999893e-01,3.012254830218930295e-03
3.635092309999999882e-01,3.012194421102253918e-03
3.635435703000000074e-01,3.011831998005665926e-03
3.635492933000000204e-01,3.011771599423793480e-03
3.635550161000000169e-01,3.011711202346225962e-03
3.635721840000000205e-01,3.011530020141321012e-03
3.635950733000000157e-01,3.011288464932670474e-03
3.636007954000000097e-01,3.011228079891434088e-03
3.636465689000000223e-01,3.010745053715604448e-03
3.636637325000000032e-01,3.010563943717163831e-03
3.636808952999999733e-01,3.010382847253694968e-03
3.637323787000000253e-01,3.009839639059686076e-03
3.637495383000000082e-01,3.009658596723890911e-03
3.637552579000000175e-01,3.009598252284636805e-03
3.637838548999999810e-01,3.009296552637475124e-03
3.638010119999999792e-01,3.009115550884125783e-03
3.638296053999999780e-01,3.008813911351807761e-03
3.638467604000000244e-01,3.008632945663837835e-03
3.638639144999999964e-01,3.008451993497967148e-03
3.638696323999999760e-01,3.008391679113834195e-03
3.639096548999999903e-01,3.007969520488550357e-03
3.639210890999999837e-01,3.007848917256923660e-03
3.639325230000000078e-01,3.007728320032657370e-03
3.640068342000000179e-01,3.006944584486007880e-03
3.640125498999999820e-01,3.006884307646062304e-03
3.640525566999999740e-01,3.006462411797485978e-03
3.640582715999999830e-01,3.006402146965904756e-03
3.640754158000000240e-01,3.006221361475733787e-03
3.641039876000000119e-01,3.005920082338989392e-03
3.641439844000000092e-01,3.005498354567058116e-03
3.641668377000000234e-01,3.005257400273418904e-03
3.641896895999999773e-01,3.005016469979993835e-03
3.641954023999999790e-01,3.004956241156313702e-03
3.642068276000000049e-01,3.004835788007713740e-03
3.642296769999999739e-01,3.004594899707647114e-03
3.642753715000000003e-01,3.004113195080827890e-03
3.643324815999999799e-01,3.003511199220135122e-03
3.643667433000000178e-01,3.003150073645134265e-03
3.643724533000000099e-01,3.003089891293891575e-03
3.643952923000000066e-01,3.002849176873795701e-03
3.644124206000000088e-01,3.002668656790417629e-03
3.644238390000000272e-01,3.002548317559099091e-03
3.644638007000000068e-01,3.002127177433579815e-03
3.644866339999999760e-01,3.001886558884188112e-03
3.645551251999999964e-01,3.001164846988342051e-03
3.645722459999999887e-01,3.000984452700287356e-03
3.646007788999999777e-01,3.000683825490494186e-03
3.646064851999999967e-01,3.000623704538957562e-03
3.646407212000000175e-01,3.000263010255894633e-03
3.646521325000000036e-01,3.000142790798921918e-03
3.646692487000000038e-01,2.999962472836112393e-03
3.647548178999999724e-01,2.999061084977809859e-03
3.647605218000000149e-01,2.999001004418746456e-03
3.648061497999999792e-01,2.998520413783907924e-03
3.648289616000000013e-01,2.998280154349105848e-03
3.648346644000000083e-01,2.998220093228141144e-03
3.648802830999999802e-01,2.997739658070216074e-03
3.648973885999999833e-01,2.997559519546770523e-03
3.649144933999999840e-01,2.997379394472579704e-03
3.649258960999999801e-01,2.997259318561537773e-03
3.649429994999999760e-01,2.997079215900469093e-03
3.649601021000000167e-01,2.996899126685517029e-03
3.649658028000000165e-01,2.996839099935900107e-03
3.649886046999999967e-01,2.996599007872770108e-03
3.650114051000000193e-01,2.996358939708568085e-03
3.650285045000000173e-01,2.996178904267289469e-03
3.650797979000000026e-01,2.995638878582054018e-03
3.651196877999999812e-01,2.995218942212857661e-03
3.651424799999999915e-01,2.994979011413519045e-03
3.651481778999999817e-01,2.994919032444739136e-03
3.651538756000000108e-01,2.994859054968758167e-03
3.651709683000000095e-01,2.994679131495205874e-03
3.651994544000000120e-01,2.994379288884097337e-03
3.652393312000000170e-01,2.993959571893960170e-03
3.652450275999999940e-01,2.993899618291826544e-03
3.652848993999999738e-01,2.993479984839471537e-03
3.652905949999999957e-01,2.993420043168979350e-03
3.653019860000000230e-01,2.993300164303281004e-03
3.653076813000000200e-01,2.993240227106918651e-03
3.653532409999999953e-01,2.992760783219199257e-03
3.653703244000000017e-01,2.992581016362620694e-03
3.653931009999999979e-01,2.992341348089938308e-03
3.654215698000000123e-01,2.992041796287975199e-03
3.654272632000000187e-01,2.991981890398189101e-03
3.655069628000000015e-01,2.991143364412979753e-03
3.655126549000000113e-01,2.991083480873568679e-03
3.655581889999999778e-01,2.990604466185941418e-03
3.655638803999999853e-01,2.990544596052405277e-03
3.655809539000000052e-01,2.990364994587428604e-03
3.656094080999999774e-01,2.990065688593712082e-03
3.656264794999999901e-01,2.989886122865514397e-03
3.656492400999999948e-01,2.989646722737404529e-03
3.656663097000000251e-01,2.989467188271716785e-03
3.657004463999999899e-01,2.989108159528412485e-03
3.657175135999999882e-01,2.988928665248443209e-03
3.657345799999999758e-01,2.988749184362193227e-03
3.657459571000000187e-01,2.988629537876824269e-03
3.657630222000000098e-01,2.988450079309167874e-03
3.658085251000000038e-01,2.987971588585073331e-03
3.658312744000000172e-01,2.987732378922256741e-03
3.658369615000000019e-01,2.987672580224542268e-03
3.658710822999999834e-01,2.987313819268379387e-03
3.658824552000000119e-01,2.987194244179147262e-03
3.658995138999999730e-01,2.987014892696280687e-03
3.659393143999999931e-01,2.986596457935152688e-03
3.659677406999999882e-01,2.986297620555767533e-03
3.659904801000000152e-01,2.986058577403860170e-03
3.660132180999999818e-01,2.985819558027829473e-03
3.660189024000000124e-01,2.985759806898708162e-03
3.660586899000000116e-01,2.985341590593560031e-03
3.660643734999999843e-01,2.985281851349778220e-03
3.661098389999999925e-01,2.984803990868699439e-03
3.661212044000000110e-01,2.984684540600027018e-03
3.661268870000000120e-01,2.984624817693245537e-03
3.661552987999999731e-01,2.984326225434293881e-03
3.661950714000000162e-01,2.983908258628646237e-03
3.662177967999999950e-01,2.983669453112754773e-03
3.662405207000000162e-01,2.983430671345457114e-03
3.662632431000000244e-01,2.983191913323245213e-03
3.663086838999999872e-01,2.982714468505577674e-03
3.663768345000000259e-01,2.981998479300584058e-03
3.663825130999999735e-01,2.981938823174482955e-03
3.663938701000000187e-01,2.981819515370696342e-03
3.663995485000000052e-01,2.981759863693708625e-03
3.664165831000000262e-01,2.981580917558736190e-03
3.664279390999999886e-01,2.981461627549317119e-03
3.664449723000000048e-01,2.981282703655339754e-03
3.664620048000000185e-01,2.981103793103415112e-03
3.664847136000000116e-01,2.980865266455746867e-03
3.665187740999999999e-01,2.980507520948851626e-03
3.665528314000000010e-01,2.980149828793180432e-03
3.665641830999999962e-01,2.980030609928912329e-03
3.666039114999999904e-01,2.979613390572279259e-03
3.666266114000000242e-01,2.979375012101712246e-03
3.666549843999999947e-01,2.979077072338690273e-03
3.666663330000000109e-01,2.978957906800669669e-03
3.666720070999999748e-01,2.978898326252034726e-03
3.667173972000000171e-01,2.978421735174434110e-03
3.667344170999999875e-01,2.978243037948886864e-03
3.667400901999999796e-01,2.978183475167725178e-03
3.667571089000000173e-01,2.978004795705609716e-03
3.667797993999999950e-01,2.977766577144897592e-03
3.667911441000000217e-01,2.977647476744514892e-03
3.668308478999999789e-01,2.977230671957918542e-03
3.668535338000000201e-01,2.976992530346036971e-03
3.668762183000000010e-01,2.976754412404273350e-03
3.669215831000000039e-01,2.976278247522185210e-03
3.669385935000000210e-01,2.976099710095153530e-03
3.669612727000000074e-01,2.975861680893510195e-03
3.669896197999999998e-01,2.975564177660166513e-03
3.670122959000000074e-01,2.975326201684912186e-03
3.670293021000000100e-01,2.975147735224280797e-03
3.670576439000000080e-01,2.974850320684228541e-03
3.670633120999999832e-01,2.974790842210291251e-03
3.670803158000000010e-01,2.974612415654116770e-03
3.671086537000000094e-01,2.974315067614464753e-03
3.671256553999999728e-01,2.974136676519857116e-03
3.671426562999999810e-01,2.973958298721868492e-03
3.671483231000000069e-01,2.973898842410557537e-03
3.671879881999999817e-01,2.973482689588208099e-03
3.671936543000000053e-01,2.973423245092382799e-03
3.671993203000000205e-01,2.973363802074121664e-03
3.672106520999999790e-01,2.973244920467036246e-03
3.672163178000000250e-01,2.973185481879029885e-03
3.672389798999999844e-01,2.972947742291350871e-03
3.672616405999999944e-01,2.972710026327413709e-03
3.672786351999999810e-01,2.972531754855821124e-03
3.672899645000000102e-01,2.972412914589173723e-03
3.673012935000000145e-01,2.972294080227202810e-03
3.673296142999999958e-01,2.971997020150435233e-03
3.673522694999999949e-01,2.971759398653422372e-03
3.673805863999999866e-01,2.971462404983528285e-03
3.673919124999999730e-01,2.971343617843102188e-03
3.674202263999999940e-01,2.971046675810106417e-03
3.674655239999999878e-01,2.970571645260338192e-03
3.675051549000000195e-01,2.970156070954691179e-03
3.675164772000000246e-01,2.970037348709696125e-03
3.675504420999999855e-01,2.969681217356513921e-03
3.675730836000000168e-01,2.969443825937526267e-03
3.676070431999999832e-01,2.969087783026304848e-03
3.676466588000000257e-01,2.968672466680619820e-03
3.676523178000000169e-01,2.968613141668179946e-03
3.676692944000000129e-01,2.968435175470268694e-03
3.676919284999999871e-01,2.968197907830717394e-03
3.676975868999999841e-01,2.968138594603387300e-03
3.677371926999999929e-01,2.967723443253789811e-03
3.677428502999999793e-01,2.967664141809481324e-03
3.677541652999999910e-01,2.967545543338199771e-03
3.677881082000000190e-01,2.967189783264548124e-03
3.678277043000000024e-01,2.966774796834012549e-03
3.678503288000000149e-01,2.966537694115908407e-03
3.678729518000000143e-01,2.966300614946088248e-03
3.678955734000000088e-01,2.966063559323225008e-03
3.679238484999999836e-01,2.965767272902586175e-03
3.679408124999999918e-01,2.965589518705932185e-03
3.679634299999999802e-01,2.965352533706031718e-03
3.680030072000000096e-01,2.964937866585367655e-03
3.680143142000000256e-01,2.964819403502676198e-03
3.680312741000000276e-01,2.964641719906901084e-03
3.680482331000000107e-01,2.964464049544867762e-03
3.680538859999999968e-01,2.964404829031821401e-03
3.680595387000000218e-01,2.964345609988251057e-03
3.680991055999999761e-01,2.963931117851371401e-03
3.681443197000000001e-01,2.963457500746999491e-03
3.681499710999999730e-01,2.963398305222893301e-03
3.681669247000000089e-01,2.963220727467115543e-03
3.681838774999999786e-01,2.963043162935030759e-03
3.682064800000000027e-01,2.962806430796255993e-03
3.682290811999999747e-01,2.962569722163180350e-03
3.682968763000000201e-01,2.961859737271983761e-03
3.683025253000000165e-01,2.961800581410301090e-03
3.683307692000000189e-01,2.961504824126310817e-03
3.683477144999999786e-01,2.961327387374111664e-03
3.683703068999999997e-01,2.961090825590005637e-03
3.684154876999999884e-01,2.960617772477728941e-03
3.684380761000000115e-01,2.960381281143554394e-03
3.684606630000000216e-01,2.960144813287046272e-03
3.685058326999999800e-01,2.959671947995979550e-03
3.685114784999999893e-01,2.959612846436232222e-03
3.685679319999999870e-01,2.959021911501670196e-03
3.685735768999999773e-01,2.958962826073849826e-03
3.686017999999999795e-01,2.958667420929617878e-03
3.686187328000000152e-01,2.958490195436693990e-03
3.686356647999999847e-01,2.958312983137375164e-03
3.686413087000000033e-01,2.958253915303042658e-03
3.686920993000000202e-01,2.957722370747791710e-03
3.687259558000000048e-01,2.957368073657725902e-03
3.687372407000000241e-01,2.957249986349730093e-03
3.687541672999999909e-01,2.957072866375151134e-03
3.688218657999999817e-01,2.956364518312045147e-03
3.688444292999999985e-01,2.956128449157427538e-03
3.688726316000000005e-01,2.955833395658671783e-03
3.688895520000000094e-01,2.955656381129331302e-03
3.689290297999999746e-01,2.955243398461943755e-03
3.689572257000000022e-01,2.954948454752201817e-03
3.689797808999999984e-01,2.954712526126072793e-03
3.689966962999999822e-01,2.954535595021134681e-03
3.690079728999999809e-01,2.954417648266606609e-03
3.690192491000000019e-01,2.954299707364025935e-03
3.690699876999999907e-01,2.953769045715128484e-03
3.690981728000000128e-01,2.953474284878838604e-03
3.691094462000000243e-01,2.953356390781230589e-03
3.691150827999999939e-01,2.953297445925992006e-03
3.691319920999999726e-01,2.953120620133063874e-03
3.691601723999999862e-01,2.952825939719575660e-03
3.692277965999999911e-01,2.952118855828269467e-03
3.692334313000000257e-01,2.952059941670416056e-03
3.692503352000000016e-01,2.951883207965651408e-03
3.692672382000000142e-01,2.951706487411485860e-03
3.692785064999999922e-01,2.951588681013631553e-03
3.692954083000000165e-01,2.951411982374392909e-03
3.693123092999999746e-01,2.951235296883424931e-03
3.693179428000000208e-01,2.951176404641063945e-03
3.693686404000000034e-01,2.950646440186493503e-03
3.693855380000000133e-01,2.950469811655188641e-03
3.694305945999999952e-01,2.949998866482725964e-03
3.694474893999999954e-01,2.949822286132026874e-03
3.694531208999999872e-01,2.949763428934768124e-03
3.694756457000000216e-01,2.949528014740404516e-03
3.695037998999999851e-01,2.949233779836084052e-03
3.695488420999999968e-01,2.948763079869744144e-03
3.695882495000000212e-01,2.948351293993595624e-03
3.696332814000000133e-01,2.947880769081668954e-03
3.696389099999999872e-01,2.947821960030400437e-03
3.696501669000000212e-01,2.947704346303155632e-03
3.696726798000000147e-01,2.947469136345393179e-03
3.696783077999999945e-01,2.947410337500861593e-03
3.696839357000000215e-01,2.947351540114355115e-03
3.697008189000000056e-01,2.947175156703092571e-03
3.697177013999999873e-01,2.946998786411541942e-03
3.697289558999999892e-01,2.946881213505476473e-03
3.697908497999999877e-01,2.946234666730176976e-03
3.698189800000000194e-01,2.945940840120582667e-03
3.698358569999999901e-01,2.945764561637068905e-03
3.698808587999999897e-01,2.945294549777418246e-03
3.699089821000000056e-01,2.945000839699847984e-03
3.699202308000000272e-01,2.944883365862749954e-03
3.699258550000000256e-01,2.944824631128797627e-03
3.699877160000000220e-01,2.944178645144294743e-03
3.700326991999999815e-01,2.943708947785478747e-03
3.700383218000000141e-01,2.943650242164697929e-03
3.700439441999999746e-01,2.943591537999608581e-03
3.700608109999999895e-01,2.943415434233921397e-03
3.700776769999999938e-01,2.943239343564416771e-03
3.701057853999999980e-01,2.942945888213796546e-03
3.701732367000000190e-01,2.942241743743803043e-03
3.701788570999999806e-01,2.942183074491602681e-03
3.701900975999999899e-01,2.942065740349462076e-03
3.701957177999999904e-01,2.942007075459722627e-03
3.702406757000000215e-01,2.941537808681373312e-03
3.702800095000000069e-01,2.941127276571836591e-03
3.703137208000000236e-01,2.940775448589913986e-03
3.703305753000000200e-01,2.940599554216969096e-03
3.703586644999999899e-01,2.940306425989602269e-03
3.703923686999999743e-01,2.939954720059288502e-03
3.703979856999999876e-01,2.939896107488144689e-03
3.704373027999999790e-01,2.939485860159934526e-03
3.704429191999999982e-01,2.939427259208531040e-03
3.704597678000000061e-01,2.939251465065635237e-03
3.704878470999999895e-01,2.938958503868395553e-03
3.704934628000000063e-01,2.938899915984379517e-03
3.705327696999999865e-01,2.938489841446951471e-03
3.705496141999999882e-01,2.938314116989447673e-03
3.705776867999999724e-01,2.938021271921251870e-03
3.705833009999999761e-01,2.937962707261241885e-03
3.706282120000000124e-01,2.937494242218669296e-03
3.706450521999999914e-01,2.937318591766973491e-03
3.706675045999999751e-01,2.937084411473238257e-03
3.707124054000000002e-01,2.936616120507453374e-03
3.707180176000000049e-01,2.936557590662576371e-03
3.707348536999999777e-01,2.936382009829710364e-03
3.707516891000000037e-01,2.936206442045969072e-03
3.707797462999999905e-01,2.935913858070312785e-03
3.708470750000000260e-01,2.935211804381909241e-03
3.708526851999999763e-01,2.935153309327924627e-03
3.708695151999999995e-01,2.934977832861232743e-03
3.708863445000000203e-01,2.934802369436177640e-03
3.708919540999999764e-01,2.934743884525354510e-03
3.708975635999999798e-01,2.934685401063302605e-03
3.709312187000000094e-01,2.934334530713213207e-03
3.709368276000000186e-01,2.934276057391385466e-03
3.709816958000000109e-01,2.933808322959657704e-03
3.709985199999999983e-01,2.933632946442676654e-03
3.710489879000000157e-01,2.933106895080055641e-03
3.710882359000000075e-01,2.932697825087939112e-03
3.710938423999999847e-01,2.932639392307222204e-03
3.711555087000000253e-01,2.931996727232071519e-03
3.711667195999999724e-01,2.931879897846738445e-03
3.711835353999999865e-01,2.931704664619138190e-03
3.712059551999999929e-01,2.931471040567692164e-03
3.712563949000000085e-01,2.930945471064312028e-03
3.712676027999999850e-01,2.930828693749394642e-03
3.712732066000000164e-01,2.930770307260878275e-03
3.712900176000000219e-01,2.930595156470311349e-03
3.712956210000000201e-01,2.930536775765030418e-03
3.713012244000000184e-01,2.930478396505890003e-03
3.713180341000000273e-01,2.930303267401950830e-03
3.713404457999999742e-01,2.930069782168438081e-03
3.713572537000000007e-01,2.929894683419921944e-03
3.713908672999999827e-01,2.929544524945649521e-03
3.714076728999999855e-01,2.929369465216498380e-03
3.714356805999999844e-01,2.929077727900434788e-03
3.714692869999999814e-01,2.928727690795382595e-03
3.714748877999999865e-01,2.928669356333470173e-03
3.715196908999999770e-01,2.928202732636121883e-03
3.715364906999999994e-01,2.928027772577840391e-03
3.715420904999999774e-01,2.927969455445888786e-03
3.715700880000000206e-01,2.927677891446495238e-03
3.715868855000000193e-01,2.927502970371682542e-03
3.716036823000000155e-01,2.927328062288693175e-03
3.716092810000000135e-01,2.927269762481352934e-03
3.716260767999999826e-01,2.927094871719459514e-03
3.716484699000000003e-01,2.926861704242964077e-03
3.716764593999999922e-01,2.926570277366897545e-03
3.717044467999999768e-01,2.926278886563065187e-03
3.717212382999999787e-01,2.926104069393651533e-03
3.717492223000000151e-01,2.925812736294976235e-03
3.717939923999999952e-01,2.925346678337330860e-03
3.718275664999999841e-01,2.924997195434472785e-03
3.718387570999999725e-01,2.924880712668497060e-03
3.719226763999999852e-01,2.924007275712437858e-03
3.719450516999999734e-01,2.923774413956627734e-03
3.720065767999999884e-01,2.923134162992761624e-03
3.720569079000000112e-01,2.922610450935209710e-03
3.720624998000000017e-01,2.922552267907159267e-03
3.720736834000000215e-01,2.922435906171359007e-03
3.721016408999999747e-01,2.922145027030487348e-03
3.721407780000000054e-01,2.921737856698880444e-03
3.721519591999999932e-01,2.921621535273986273e-03
3.721631401000000117e-01,2.921505219605886449e-03
3.721910909000000212e-01,2.921214455622758808e-03
3.721966809000000209e-01,2.921156307143211745e-03
3.722134501000000095e-01,2.920981870338611522e-03
3.722302185999999957e-01,2.920807446484273255e-03
3.722413970999999822e-01,2.920691171108311980e-03
3.722525752999999993e-01,2.920574901486813150e-03
3.722581643000000273e-01,2.920516768833872172e-03
3.722805194000000095e-01,2.920284252607876010e-03
3.723028731999999952e-01,2.920051759395569761e-03
3.723308135000000241e-01,2.919761175239509853e-03
3.723419890999999926e-01,2.919644951643221142e-03
3.723475767000000158e-01,2.919586842001716670e-03
3.723643390999999969e-01,2.919412521704622347e-03
3.723755136999999937e-01,2.919296315362328743e-03
3.724146219000000202e-01,2.918889638447346238e-03
3.724313812999999751e-01,2.918715369902575695e-03
3.724593119999999868e-01,2.918424951071293526e-03
3.724984114000000068e-01,2.918018425061867736e-03
3.725095818999999975e-01,2.917902287704763221e-03
3.725263370999999935e-01,2.917728092443111401e-03
3.725486760999999758e-01,2.917495852206707530e-03
3.725542606000000201e-01,2.917437795738143068e-03
3.725933500999999981e-01,2.917031440674692101e-03
3.726156850999999826e-01,2.916799269374640517e-03
3.726826819999999874e-01,2.916102893305666695e-03
3.726994294000000041e-01,2.915928831586961974e-03
3.727050116999999774e-01,2.915870813884675460e-03
3.727329218000000055e-01,2.915580746898575621e-03
3.727496668999999985e-01,2.915406723927799378e-03
3.728557017999999945e-01,2.914304878280308663e-03
3.728612816999999913e-01,2.914246900747336205e-03
3.728668615999999880e-01,2.914188924648131347e-03
3.728780210000000039e-01,2.914072976751476765e-03
3.728836005999999759e-01,2.914015004953922090e-03
3.729003390000000251e-01,2.913841098165703344e-03
3.729449707999999974e-01,2.913377409808322240e-03
3.729672848000000207e-01,2.913145600033123245e-03
3.730007531999999792e-01,2.912797928365412712e-03
3.730174862000000258e-01,2.912624111877036657e-03
3.730565271999999877e-01,2.912218590219467756e-03
3.730621041000000138e-01,2.912160664284209246e-03
3.730788344000000034e-01,2.911986895074044485e-03
3.731290208999999969e-01,2.911465664789557838e-03
3.731345966999999875e-01,2.911407757473974140e-03
3.731513237999999899e-01,2.911234044119101125e-03
3.731792005999999828e-01,2.910944550497459628e-03
3.731959255999999781e-01,2.910770871504388645e-03
3.732349479000000025e-01,2.910365670621374665e-03
3.732683922999999737e-01,2.910018411397592968e-03
3.732851133999999793e-01,2.909844801103712419e-03
3.733074069000000272e-01,2.909613340743588857e-03
3.733129801000000247e-01,2.909555479230728752e-03
3.733296991999999759e-01,2.909381903274735771e-03
3.733575626999999786e-01,2.909092638624937496e-03
3.733965679999999843e-01,2.908687728186931405e-03
3.734132833000000096e-01,2.908514216593196568e-03
3.734467117999999974e-01,2.908167232010846863e-03
3.734634247999999990e-01,2.907993759020702836e-03
3.734857078000000108e-01,2.907762481713194441e-03
3.735024190999999827e-01,2.907589038740583578e-03
3.735079894000000178e-01,2.907531227274933339e-03
3.735302696999999728e-01,2.907299995703811844e-03
3.735525486999999867e-01,2.907068786996849265e-03
3.735803954999999954e-01,2.906779808261829821e-03
3.735971026000000084e-01,2.906606438165280047e-03
3.736193776000000244e-01,2.906375298035000863e-03
3.736583555999999917e-01,2.905970857797028194e-03
3.736639234999999948e-01,2.905913086332376997e-03
3.736806268999999792e-01,2.905739780507153765e-03
3.737140313999999797e-01,2.905393207409279026e-03
3.737307324999999958e-01,2.905219940133931325e-03
3.737474329000000095e-01,2.905046685706557177e-03
3.737529995000000160e-01,2.904988937085466356e-03
3.737585661000000226e-01,2.904931189891535575e-03
3.737975296000000114e-01,2.904526999497772898e-03
3.738197925999999782e-01,2.904296064954340305e-03
3.738643146999999778e-01,2.903834264352096739e-03
3.739088314999999829e-01,2.903372555048191854e-03
3.739310879000000143e-01,2.903141734626291364e-03
3.739366518000000195e-01,2.903084033085379708e-03
3.739700334000000126e-01,2.902737853786799358e-03
3.739811599000000264e-01,2.902622472093830709e-03
3.739978491000000016e-01,2.902449410246610208e-03
3.740201001999999830e-01,2.902218681073861616e-03
3.740367876999999841e-01,2.902045649160533286e-03
3.740645985000000118e-01,2.901757291142683780e-03
3.740868455999999953e-01,2.901526630379190012e-03
3.741090913999999823e-01,2.901295992412850164e-03
3.741313358999999727e-01,2.901065377242761315e-03
3.741480184000000042e-01,2.900892430822159598e-03
3.741535790000000139e-01,2.900834784863846796e-03
3.742036213000000111e-01,2.900316035334325315e-03
3.742203005999999998e-01,2.900143144457742201e-03
3.742480977000000042e-01,2.899855021473028878e-03
3.742647749999999940e-01,2.899682164766928180e-03
3.742870101999999921e-01,2.899451709087983147e-03
3.743370347000000153e-01,2.898933267073265652e-03
3.743703805999999967e-01,2.898587703099567495e-03
3.743981666000000263e-01,2.898299772247893251e-03
3.744592884999999871e-01,2.897666449549984174e-03
3.744815121999999774e-01,2.897436193052960098e-03
3.745315106000000061e-01,2.896918199112378557e-03
3.745537299999999736e-01,2.896688016545518989e-03
3.745592846999999947e-01,2.896630474456802270e-03
3.745703937000000039e-01,2.896515394544890362e-03
3.745981648999999747e-01,2.896227719635307857e-03
3.746037187999999851e-01,2.896170188915897677e-03
3.746481476999999893e-01,2.895709994319909178e-03
3.746592541000000054e-01,2.895594959878933748e-03
3.746814659000000103e-01,2.895364908042895747e-03
3.747314377000000030e-01,2.894847374503045200e-03
3.747536451999999851e-01,2.894617396519503366e-03
3.747980564000000236e-01,2.894157508705956765e-03
3.748202600000000162e-01,2.893927598870124195e-03
3.748646632000000034e-01,2.893467847326134865e-03
3.748868627999999981e-01,2.893238005613459583e-03
3.749146105000000229e-01,2.892950735397262219e-03
3.749534539000000111e-01,2.892548616679646144e-03
3.749590025999999798e-01,2.892491176822520240e-03
3.750033893999999979e-01,2.892031709022993297e-03
3.750200330999999832e-01,2.891859431996755304e-03
3.750366760000000133e-01,2.891687167731682266e-03
3.750477709000000215e-01,2.891572331977880321e-03
3.750644126000000078e-01,2.891400088978918984e-03
3.750810535999999917e-01,2.891227858738919070e-03
3.750866004000000253e-01,2.891170451493308650e-03
3.751087868999999908e-01,2.890940836686629531e-03
3.751365181999999909e-01,2.890653850066375336e-03
3.751808839999999923e-01,2.890194745158126185e-03
3.751975197999999900e-01,2.890022604194060138e-03
3.752141548999999854e-01,2.889850475980402893e-03
3.752695998000000199e-01,2.889276807330521529e-03
3.752806879000000206e-01,2.889162090594432804e-03
3.753084064000000164e-01,2.888875323533823813e-03
3.753139498999999990e-01,2.888817974369093777e-03
3.753305798000000082e-01,2.888645935369393066e-03
3.753472090000000150e-01,2.888473909109753098e-03
3.753527519000000034e-01,2.888416569854355097e-03
3.753693800999999830e-01,2.888244560580993832e-03
3.753970920999999961e-01,2.887957906764008088e-03
3.754358855000000106e-01,2.887556650853868954e-03
3.754469685999999862e-01,2.887442019042090000e-03
3.754580513999999924e-01,2.887327392889479493e-03
3.754857569000000228e-01,2.887040852263626865e-03
3.755300813999999932e-01,2.886582460811568107e-03
3.755356215999999803e-01,2.886525168244349470e-03
3.755467016999999852e-01,2.886410587351390892e-03
3.755522417000000113e-01,2.886353299026222542e-03
3.755799402000000176e-01,2.886066878608503292e-03
3.756187147000000226e-01,2.885665949399820410e-03
3.756353311000000250e-01,2.885494143798727866e-03
3.756851760000000096e-01,2.884978803313163667e-03
3.757017894999999941e-01,2.884807048586260532e-03
3.757073270999999881e-01,2.884749799836067857e-03
3.757460885000000195e-01,2.884349098144141713e-03
3.757571624000000110e-01,2.884234624659171454e-03
3.757959187000000090e-01,2.883834011952922643e-03
3.758125272000000239e-01,2.883662341976663077e-03
3.758180633000000048e-01,2.883605121475308567e-03
3.758623486000000069e-01,2.883147408292589808e-03
3.758789542000000039e-01,2.882975789142430949e-03
3.759010939999999912e-01,2.882746983370398832e-03
3.759287667999999805e-01,2.882461007911617766e-03
3.759343010999999790e-01,2.882403817053438323e-03
3.759509035999999971e-01,2.882232252945194934e-03
3.759951732999999852e-01,2.881774810738939232e-03
3.760173061000000039e-01,2.881546123493141081e-03
3.760671003000000123e-01,2.881031659702001403e-03
3.760781648000000033e-01,2.880917349928042472e-03
3.760836969999999946e-01,2.880860197156262514e-03
3.761279510000000159e-01,2.880403025737510343e-03
3.761445448999999885e-01,2.880231609716676477e-03
3.761500761000000082e-01,2.880174473862297160e-03
3.761556071000000112e-01,2.880117339417419264e-03
3.761666690000000091e-01,2.880003074756472183e-03
3.762440931000000099e-01,2.879203379962690101e-03
3.762606819000000047e-01,2.879032052722117589e-03
3.762772698999999887e-01,2.878860738159019599e-03
3.762827991000000094e-01,2.878803636122370148e-03
3.763270296999999820e-01,2.878346870531415125e-03
3.763491431000000054e-01,2.878118521535074931e-03
3.763767829999999925e-01,2.877833116970454370e-03
3.764320566000000090e-01,2.877262413423963255e-03
3.764596903999999911e-01,2.876977114433059996e-03
3.764652169000000104e-01,2.876920058857205392e-03
3.764817959999999797e-01,2.876748900571547609e-03
3.764983742999999938e-01,2.876577754949124870e-03
3.765039002000000190e-01,2.876520709222114662e-03
3.765094260999999887e-01,2.876463664902106140e-03
3.765481049000000136e-01,2.876064394053793292e-03
3.765923043000000137e-01,2.875608168906318603e-03
3.765978288999999868e-01,2.875551147092224747e-03
3.766088778000000192e-01,2.875437107681060468e-03
3.766144021000000230e-01,2.875380090084843094e-03
3.766309746000000014e-01,2.875209045732944439e-03
3.767027801999999759e-01,2.874467999747212874e-03
3.767303940999999767e-01,2.874183045309864574e-03
3.767635281999999752e-01,2.873841146358161944e-03
3.767745721999999908e-01,2.873727191281410815e-03
3.767911375999999923e-01,2.873556269203110091e-03
3.768077023999999997e-01,2.873385359767886057e-03
3.768132237999999856e-01,2.873328392765637368e-03
3.768573921000000215e-01,2.872872707309696762e-03
3.768629128000000050e-01,2.872815752947170675e-03
3.769015553000000240e-01,2.872417111729225637e-03
3.769070753000000051e-01,2.872360168599798636e-03
3.769236349000000263e-01,2.872189347635399886e-03
3.769457132999999849e-01,2.871961606003037380e-03
3.769622711999999765e-01,2.871790814516834555e-03
3.769898661000000151e-01,2.871506190110856109e-03
3.769953847999999996e-01,2.871449269439392549e-03
3.770119405999999840e-01,2.871278515845463678e-03
3.770505678000000138e-01,2.870880139901978156e-03
3.770560855999999794e-01,2.870823234664498982e-03
3.771002254999999970e-01,2.870368043265492195e-03
3.771388437000000038e-01,2.869969824423092286e-03
3.771609094000000217e-01,2.869742301648723140e-03
3.771719418000000212e-01,2.869628548674403590e-03
3.772050370000000208e-01,2.869287323397239856e-03
3.772601892999999929e-01,2.868718726736071631e-03
3.772767334000000083e-01,2.868548175065400822e-03
3.772932768000000214e-01,2.868377636005693503e-03
3.773208475000000006e-01,2.868093432260524628e-03
3.773429025999999742e-01,2.867866094480646128e-03
3.773484161999999809e-01,2.867809263537676734e-03
3.773870088999999872e-01,2.867411486153291934e-03
3.773925218999999998e-01,2.867354666414570138e-03
3.774090601999999794e-01,2.867184215600138922e-03
3.774366223999999770e-01,2.866900158913475178e-03
3.774752062000000241e-01,2.866502538353065191e-03
3.774972522000000219e-01,2.866275357399004214e-03
3.775192969999999759e-01,2.866048198838613923e-03
3.775248079999999895e-01,2.865991412697178106e-03
3.775413404999999889e-01,2.865821062669069320e-03
3.775578722999999859e-01,2.865650725233536821e-03
3.775854236999999780e-01,2.865366857490752282e-03
3.776515388000000195e-01,2.864685717589532995e-03
3.776570477999999786e-01,2.864628965021757522e-03
3.776901005000000144e-01,2.864288478981590925e-03
3.776956090999999960e-01,2.864231736202500506e-03
3.777011175000000165e-01,2.864174994820611886e-03
3.777176422999999894e-01,2.864004779064525420e-03
3.777396741999999863e-01,2.863777844294154197e-03
3.777561972999999851e-01,2.863607657893719755e-03
3.777837341999999987e-01,2.863324041845027000e-03
3.778057623000000143e-01,2.863097174161878273e-03
3.778332956000000076e-01,2.862813620995865050e-03
3.778443082999999869e-01,2.862700209509677976e-03
3.778663328999999904e-01,2.862473403301586498e-03
3.778718388000000261e-01,2.862416705241478936e-03
3.779213886000000189e-01,2.861906485555150773e-03
3.779323988000000134e-01,2.861793118764695623e-03
3.779379037000000219e-01,2.861736437463608448e-03
3.779654273999999980e-01,2.861453051904604226e-03
3.779984531000000203e-01,2.861113035305638385e-03
3.780039572000000181e-01,2.861056370758556077e-03
3.780204687000000008e-01,2.860886385491548823e-03
3.780424829999999847e-01,2.860659758009165624e-03
3.780479863000000273e-01,2.860603104627149149e-03
3.780534896000000145e-01,2.860546452640958838e-03
3.780699989999999899e-01,2.860376505055429747e-03
3.780975131000000045e-01,2.860093286986846364e-03
3.781360294000000177e-01,2.859696840285463285e-03
3.781800431999999823e-01,2.859243842033217051e-03
3.781965469999999940e-01,2.859073990700361761e-03
3.782020481999999739e-01,2.859017376378471080e-03
3.782185511000000222e-01,2.858847541777924037e-03
3.782295526000000185e-01,2.858734325682729411e-03
3.782460543000000230e-01,2.858564511995899740e-03
3.782680554000000250e-01,2.858338113263146456e-03
3.782845553999999999e-01,2.858168328849992283e-03
3.782900552999999833e-01,2.858111736833238940e-03
3.783175532999999979e-01,2.857828797655289667e-03
3.784495159999999858e-01,2.856471174464336391e-03
3.784605108999999912e-01,2.856358075413329475e-03
3.784660081999999814e-01,2.856301527976075946e-03
3.784879964999999791e-01,2.856075352153046761e-03
3.785099835999999884e-01,2.855849198606647769e-03
3.785264730999999827e-01,2.855679598063644905e-03
3.785374656000000115e-01,2.855566537995892114e-03
3.785484579000000238e-01,2.855453483495399951e-03
3.785814328000000062e-01,2.855114353396658467e-03
3.785979191000000132e-01,2.854944807134890926e-03
3.786144048000000262e-01,2.854775273396618646e-03
3.786253948000000147e-01,2.854662257860752714e-03
3.786638574000000257e-01,2.854266747309648026e-03
3.787078098000000170e-01,2.853814818710689177e-03
3.787297841000000220e-01,2.853588887788529975e-03
3.787956994000000188e-01,2.852911228501935331e-03
3.788121764999999863e-01,2.852741844959181833e-03
3.788451284000000086e-01,2.852403115399276389e-03
3.788616032000000078e-01,2.852233769379998105e-03
3.788835685999999980e-01,2.852007994142190164e-03
3.789055328000000000e-01,2.851782241134056053e-03
3.789714175000000185e-01,2.851105115465219029e-03
3.789769072999999988e-01,2.851048697353757762e-03
3.789878869000000150e-01,2.850935865297644055e-03
3.790208234999999926e-01,2.850597402454503170e-03
3.790372906999999736e-01,2.850428189775962642e-03
3.790757115000000232e-01,2.850033408780976597e-03
3.791031524999999847e-01,2.849751463996372768e-03
3.791251038999999823e-01,2.849525933148607752e-03
3.791690028999999962e-01,2.849074938056071239e-03
3.791909505000000125e-01,2.848849473806890943e-03
3.792512997999999969e-01,2.848229561551323102e-03
3.792732426000000046e-01,2.848004180516035613e-03
3.792842135000000225e-01,2.847891498317997074e-03
3.793171243999999831e-01,2.847553484997087259e-03
3.793280941000000128e-01,2.847440824980253943e-03
3.793664854000000086e-01,2.847046558582633918e-03
3.793719696000000252e-01,2.846990240354941009e-03
3.793884215000000171e-01,2.846821293987967898e-03
3.794158400000000042e-01,2.846539744421745094e-03
3.794268068000000160e-01,2.846427134293732716e-03
3.794322900000000054e-01,2.846370831308228828e-03
3.794487394000000124e-01,2.846201930663094359e-03
3.794761535000000241e-01,2.845920457292462191e-03
3.794980833000000109e-01,2.845695303526988348e-03
3.795035654999999730e-01,2.845639018547780567e-03
3.795145298000000000e-01,2.845526452743978724e-03
3.795200118000000011e-01,2.845470171919507827e-03
3.795638651000000086e-01,2.845019975168726865e-03
3.795803087999999881e-01,2.844851174231265069e-03
3.795857899000000257e-01,2.844794910020694099e-03
3.796241551000000269e-01,2.844401099302572549e-03
3.796351158999999864e-01,2.844288594411402415e-03
3.796679963999999852e-01,2.843951112948014167e-03
3.796789559000000036e-01,2.843838630196408954e-03
3.796953946000000135e-01,2.843669916445960410e-03
3.797173117000000042e-01,2.843444984146662694e-03
3.797775774000000104e-01,2.842826534435923154e-03
3.798104454999999824e-01,2.842489268757987780e-03
3.798268785000000203e-01,2.842320654585461532e-03
3.798487879999999928e-01,2.842095855042415121e-03
3.798652194000000093e-01,2.841927269899497885e-03
3.798706962999999770e-01,2.841871077615846196e-03
3.798980799000000186e-01,2.841590136932462939e-03
3.799418896000000267e-01,2.841140703697637299e-03
3.799583168999999816e-01,2.840972189032511634e-03
3.799747434999999895e-01,2.840803686801028627e-03
3.799802188999999997e-01,2.840747522153826057e-03
3.800185442999999830e-01,2.840354408296546975e-03
3.800404427999999890e-01,2.840129802191734745e-03
3.800459172000000274e-01,2.840073654117364690e-03
3.800732882000000257e-01,2.839792934460599015e-03
3.800897098000000085e-01,2.839624519234524962e-03
3.801116042000000084e-01,2.839399984927847443e-03
3.801280242000000253e-01,2.839231598691954305e-03
3.801553892000000268e-01,2.838950982571239456e-03
3.802155854000000001e-01,2.838333748544043765e-03
3.802210572999999982e-01,2.838277644638739251e-03
3.802429441999999882e-01,2.838053242811752579e-03
3.802921848999999965e-01,2.837548419393935879e-03
3.803031264999999772e-01,2.837436251583394346e-03
3.803085970999999788e-01,2.837380169746965206e-03
3.803523595000000146e-01,2.836931564691449852e-03
3.803687689999999955e-01,2.836763360544253699e-03
3.803906474000000038e-01,2.836539107647473735e-03
3.804234624999999759e-01,2.836202769651538589e-03
3.804398689999999861e-01,2.836034619258906604e-03
3.804617432999999882e-01,2.835810438027129565e-03
3.804672116000000215e-01,2.835754396163670671e-03
3.805000202000000109e-01,2.835418173916814250e-03
3.805109556999999865e-01,2.835306110855866698e-03
3.805492276999999923e-01,2.834913933529466506e-03
3.805546947999999818e-01,2.834857913706610461e-03
3.805710956999999728e-01,2.834689862500025439e-03
3.805984287999999993e-01,2.834409804695600492e-03
3.806312260999999975e-01,2.834073780766582784e-03
3.806366919999999987e-01,2.834017781596348713e-03
3.806530893000000249e-01,2.833849792345835908e-03
3.806585549000000013e-01,2.833793798682019641e-03
3.807022769999999778e-01,2.833345898918391680e-03
3.807296008000000120e-01,2.833066006290631614e-03
3.807678507999999740e-01,2.832674214397410718e-03
3.808060969000000018e-01,2.832282489909125189e-03
3.808115603000000182e-01,2.832226534769516184e-03
3.808170236999999791e-01,2.832170581005059775e-03
3.808279500999999789e-01,2.832058677601766508e-03
3.808498021000000233e-01,2.831834887298730671e-03
3.808607276000000041e-01,2.831723000396654463e-03
3.809044265000000040e-01,2.831275507784199955e-03
3.809645043000000064e-01,2.830660349084436304e-03
3.809808874999999762e-01,2.830492607390234887e-03
3.810081912000000126e-01,2.830213065379864109e-03
3.810245725999999999e-01,2.830045356660387638e-03
3.810518732000000020e-01,2.829765869602555040e-03
3.810737122999999782e-01,2.829542304680140487e-03
3.810791719000000133e-01,2.829486416883110478e-03
3.810900908000000031e-01,2.829374645408529090e-03
3.810955502000000217e-01,2.829318761731401417e-03
3.811610563000000229e-01,2.828648264705274206e-03
3.811992629000000021e-01,2.828257232731814542e-03
3.812483802000000144e-01,2.827754576153306519e-03
3.812702079999999993e-01,2.827531208905902874e-03
3.813356841000000164e-01,2.826861238861685163e-03
3.813411399000000146e-01,2.826805416940400117e-03
3.813520512999999945e-01,2.826693777211399319e-03
3.813575068999999762e-01,2.826637959404338860e-03
3.813738731999999909e-01,2.826470514209917899e-03
3.813847837000000074e-01,2.826358890935972736e-03
3.814011488999999866e-01,2.826191466309261203e-03
3.814229679999999734e-01,2.825968252667523939e-03
3.814393314999999784e-01,2.825800856830090659e-03
3.814666024000000211e-01,2.825521891180961167e-03
3.814720563999999814e-01,2.825466102162985972e-03
3.814884177999999793e-01,2.825298743331406803e-03
3.815047784999999747e-01,2.825131396834014690e-03
3.815156853000000181e-01,2.825019839352624958e-03
3.815320448000000253e-01,2.824852513407910895e-03
3.815484035999999746e-01,2.824685199793394025e-03
3.815538564000000021e-01,2.824629431328375736e-03
3.816029280000000079e-01,2.824127576783761438e-03
3.816138318999999779e-01,2.824016068617765055e-03
3.816410903999999937e-01,2.823737322166917918e-03
3.816628958000000127e-01,2.823514349653271673e-03
3.816846998999999796e-01,2.823291399044861733e-03
3.816901508000000165e-01,2.823235664815448246e-03
3.817010522000000017e-01,2.823124200462403827e-03
3.817283045000000041e-01,2.822845563534903679e-03
3.817337546999999831e-01,2.822789840254891301e-03
3.818154986000000251e-01,2.821954155269189649e-03
3.818372939999999938e-01,2.821731357928493767e-03
3.818754329999999864e-01,2.821341515242887198e-03
3.818972250000000068e-01,2.821118778080484221e-03
3.819081206000000117e-01,2.821007417703841509e-03
3.819244633000000166e-01,2.820840387394006003e-03
3.819625936000000110e-01,2.820450697853396551e-03
3.819898272000000206e-01,2.820172389190319859e-03
3.819952736000000182e-01,2.820116731557523876e-03
3.820116125999999945e-01,2.819949766860331292e-03
3.820279509000000240e-01,2.819782814462656016e-03
3.820333968999999885e-01,2.819727166396741175e-03
3.820715163000000247e-01,2.819337668188722119e-03
3.820769615999999869e-01,2.819282031052217866e-03
3.820824067999999962e-01,2.819226395282474918e-03
3.821205214000000239e-01,2.818836983138107728e-03
3.821259659999999836e-01,2.818781358295424817e-03
3.822021825999999955e-01,2.818002753878982684e-03
3.822511708999999924e-01,2.817502363771560991e-03
3.822566136000000170e-01,2.817446771695264907e-03
3.822729415000000186e-01,2.817280003655760721e-03
3.823001529000000231e-01,2.817002084214894914e-03
3.823164788999999786e-01,2.816835348924382181e-03
3.823382457000000234e-01,2.816613054304882135e-03
3.823763347999999951e-01,2.816224091240424922e-03
3.823817756999999817e-01,2.816168530544103845e-03
3.823872166000000239e-01,2.816112971211212537e-03
3.824035389000000063e-01,2.815946301397952763e-03
3.824307411000000267e-01,2.815668545648934793e-03
3.824470614000000102e-01,2.815501908561520491e-03
3.824633810999999994e-01,2.815335283745518374e-03
3.824688209000000061e-01,2.815279744867224716e-03
3.825177750000000043e-01,2.814779956298786145e-03
3.825340917000000229e-01,2.814613384643293442e-03
3.825612845999999956e-01,2.814335792471876589e-03
3.825721611999999827e-01,2.814224765141399610e-03
3.825775994000000235e-01,2.814169253520556590e-03
3.825939134999999935e-01,2.814002726830952105e-03
3.825993514000000095e-01,2.813947220659280147e-03
3.826482889000000220e-01,2.813447726412542267e-03
3.826917836000000017e-01,2.813003824139352366e-03
3.827080928000000104e-01,2.812837383255704839e-03
3.827298373999999948e-01,2.812615481137310629e-03
3.827461449999999821e-01,2.812449068843453359e-03
3.827733228999999904e-01,2.812171742243942986e-03
3.828222380999999896e-01,2.811672640107680705e-03
3.828385417999999873e-01,2.811506297222167092e-03
3.828602789000000173e-01,2.811284525756698426e-03
3.829417822999999776e-01,2.810453076599144211e-03
3.829906759999999744e-01,2.809954353973578237e-03
3.830124046000000226e-01,2.809732734821387013e-03
3.830341319000000189e-01,2.809511137418730254e-03
3.830395635000000132e-01,2.809455741465436123e-03
3.830558579000000186e-01,2.809289561761486257e-03
3.830993064000000059e-01,2.808846475677589157e-03
3.831155983000000265e-01,2.808680340814780074e-03
3.831590398999999980e-01,2.808237374289794357e-03
3.831644698000000182e-01,2.808182009586881848e-03
3.831807588999999736e-01,2.808015923626252814e-03
3.831861885000000245e-01,2.807960564356045373e-03
3.832133350999999966e-01,2.807683788373502819e-03
3.832296221000000003e-01,2.807517739078454946e-03
3.832567655999999934e-01,2.807241017408009746e-03
3.832676225000000159e-01,2.807130338242793278e-03
3.833436120000000003e-01,2.806355736105352414e-03
3.833544663999999824e-01,2.806245100370487276e-03
3.833598934999999930e-01,2.806189784538435684e-03
3.834033075000000124e-01,2.805747306722274244e-03
3.834304386999999870e-01,2.805470802174126182e-03
3.834412906999999926e-01,2.805360209849313072e-03
3.834467166000000149e-01,2.805304915721396931e-03
3.834738447000000106e-01,2.805028465422167161e-03
3.835063960000000272e-01,2.804696769810328949e-03
3.835118209000000222e-01,2.804641491953962888e-03
3.835280952999999826e-01,2.804475666517830361e-03
3.835552177000000063e-01,2.804199317902576066e-03
3.835931858000000139e-01,2.803812486766813199e-03
3.835986095999999734e-01,2.803757230597114358e-03
3.836040332000000275e-01,2.803701975781570151e-03
3.836365734000000138e-01,2.803370475346236672e-03
3.836419965000000265e-01,2.803315230015029393e-03
3.836853785000000072e-01,2.802873316138821715e-03
3.836908010000000258e-01,2.802818083000193413e-03
3.837016455000000215e-01,2.802707620784554172e-03
3.837070677000000152e-01,2.802652391708290898e-03
3.837341774999999955e-01,2.802376266642359320e-03
3.837721278999999819e-01,2.801989748419645657e-03
3.837883912000000231e-01,2.801824118061889760e-03
3.838154952000000231e-01,2.801548094537874983e-03
3.838371770999999821e-01,2.801327300082133345e-03
3.838534376000000137e-01,2.801161718450246273e-03
3.838642776000000256e-01,2.801051337462649553e-03
3.839455677999999983e-01,2.800223652558747611e-03
3.839509865999999882e-01,2.800168484387682323e-03
3.839618237999999906e-01,2.800058152101824425e-03
3.840105876000000085e-01,2.799561723758552979e-03
3.840485107000000120e-01,2.799175688544398247e-03
3.840755963999999967e-01,2.798899989662077641e-03
3.840810132999999960e-01,2.798844853940506833e-03
3.840972635000000079e-01,2.798679454884881596e-03
3.841135131000000258e-01,2.798514067993237119e-03
3.841243456999999806e-01,2.798403816822510326e-03
3.841351780999999743e-01,2.798293571056712208e-03
3.841405941000000102e-01,2.798238450200466951e-03
3.841622576000000011e-01,2.798017980287214549e-03
3.842109959000000186e-01,2.797522002013253482e-03
3.842218258000000275e-01,2.797411799477320798e-03
3.842272406999999723e-01,2.797356700235202262e-03
3.842543137000000164e-01,2.797081224281813047e-03
3.842867989000000040e-01,2.796750697698621724e-03
3.843301081000000119e-01,2.796310071193463219e-03
3.843409346000000171e-01,2.796199928065457464e-03
3.843842377999999727e-01,2.795759409541775584e-03
3.844004751999999803e-01,2.795594237361499583e-03
3.844221239999999762e-01,2.795374026677236150e-03
3.844275360000000141e-01,2.795318977379159572e-03
3.844654180000000032e-01,2.794933670065859882e-03
3.844708293999999915e-01,2.794878631559737873e-03
3.844870631999999788e-01,2.794713524133685990e-03
3.845032963000000192e-01,2.794548428845448299e-03
3.845303499000000125e-01,2.794273297002817201e-03
3.845465811000000067e-01,2.794108234077043781e-03
3.845519914000000150e-01,2.794053215798478814e-03
3.845682216999999903e-01,2.793888169052160305e-03
3.845952706999999915e-01,2.793613118102430959e-03
3.846439542000000267e-01,2.793118111307340765e-03
3.846601807000000206e-01,2.792953133299262616e-03
3.847250796000000195e-01,2.792293342525457162e-03
3.847304873999999875e-01,2.792238368717696404e-03
3.847413027000000096e-01,2.792128425142064840e-03
3.847467102000000083e-01,2.792073455374343219e-03
3.847737466999999745e-01,2.791798626737514600e-03
3.848548446999999761e-01,2.790974342798603625e-03
3.848602506000000090e-01,2.790919401305151648e-03
3.848764680000000271e-01,2.790754584902748088e-03
3.848926845999999791e-01,2.790589780612177332e-03
3.849197108999999895e-01,2.790315133709985167e-03
3.849845660999999808e-01,2.789656118382712654e-03
3.850007782000000045e-01,2.789491394818004524e-03
3.850223931999999794e-01,2.789271782227900794e-03
3.850710226999999874e-01,2.788777732568939634e-03
3.851142437000000252e-01,2.788338668741684005e-03
3.851358523999999783e-01,2.788119169089269857e-03
3.851520581000000276e-01,2.787954558462384016e-03
3.851574598999999988e-01,2.787899690941072952e-03
3.851790661000000227e-01,2.787680234294203675e-03
3.851952699999999785e-01,2.787515655918246325e-03
3.852006712000000110e-01,2.787460799147084729e-03
3.852492780999999811e-01,2.786967148658448835e-03
3.852600788000000165e-01,2.786857463325710486e-03
3.852654790999999745e-01,2.786802622674536180e-03
3.852924790999999738e-01,2.786528439562509576e-03
3.853086782999999849e-01,2.786363945809870561e-03
3.853518725999999783e-01,2.785925354882704246e-03
3.853734679999999968e-01,2.785706091639537311e-03
3.854220532000000032e-01,2.785212827862475638e-03
3.854598374000000049e-01,2.784829253409518580e-03
3.855192050999999842e-01,2.784226626376543837e-03
3.855461874000000178e-01,2.783952758650423860e-03
3.855515836000000252e-01,2.783897989128940667e-03
3.855677718000000143e-01,2.783733688609674531e-03
3.855893550999999753e-01,2.783514640023838568e-03
3.855947506999999885e-01,2.783459881228765587e-03
3.856055418000000068e-01,2.783350367662031002e-03
3.856325179999999797e-01,2.783076607204302243e-03
3.856702815999999978e-01,2.782693398861707263e-03
3.856810705000000006e-01,2.782583922826010418e-03
3.857134354999999792e-01,2.782255526880342278e-03
3.857188294000000184e-01,2.782200798912269103e-03
3.857404041999999977e-01,2.781981900438819204e-03
3.857673710000000256e-01,2.781708307488858518e-03
3.857781572000000270e-01,2.781598879685528991e-03
3.858105139999999933e-01,2.781270628420158975e-03
3.858644359999999773e-01,2.780723650107381258e-03
3.858913941000000070e-01,2.780450211157458988e-03
3.858967855000000058e-01,2.780395527383488184e-03
3.859129593000000247e-01,2.780231484092960791e-03
3.859291323999999856e-01,2.780067452847605983e-03
3.859345231999999903e-01,2.780012778442703201e-03
3.859560859999999760e-01,2.779794094205800207e-03
3.859776475000000207e-01,2.779575431378310951e-03
3.859830376999999757e-01,2.779520769016120482e-03
3.860207669999999869e-01,2.779138169943738343e-03
3.860261566000000033e-01,2.779083518284265666e-03
3.860584926000000250e-01,2.778755636417075230e-03
3.860692707000000223e-01,2.778646353160501344e-03
3.860854371999999923e-01,2.778482438305506994e-03
3.861069914999999964e-01,2.778263903886970046e-03
3.861231565000000088e-01,2.778100017111923784e-03
3.861716472999999761e-01,2.777608428977251277e-03
3.861985840000000114e-01,2.777335371239606464e-03
3.862309056000000074e-01,2.777007746056283765e-03
3.862847688000000113e-01,2.776461810971471000e-03
3.863224686000000241e-01,2.776079735893211692e-03
3.863440096999999906e-01,2.775861436658790416e-03
3.863655496000000245e-01,2.775643158790622091e-03
3.863709343999999768e-01,2.775588592661811394e-03
3.863817037999999759e-01,2.775479464409098384e-03
3.864086258000000162e-01,2.775206667140593317e-03
3.864301620999999742e-01,2.774988453354530499e-03
3.864570808000000190e-01,2.774715716152849343e-03
3.864678476999999779e-01,2.774606630613897246e-03
3.864947637999999741e-01,2.774333940120193420e-03
3.865162952999999790e-01,2.774115811742403504e-03
3.865432079000000187e-01,2.773843181287232850e-03
3.865593547000000241e-01,2.773679619021975854e-03
3.865755007000000187e-01,2.773516068760911637e-03
3.865862642999999821e-01,2.773407041921883802e-03
3.866024091999999968e-01,2.773243511664766434e-03
3.866185535000000173e-01,2.773079993410497435e-03
3.866239347000000048e-01,2.773025489992473388e-03
3.866723626999999941e-01,2.772535019225686164e-03
3.866885039999999885e-01,2.772371552965406140e-03
3.867476831000000170e-01,2.771772279303918573e-03
3.867584419000000273e-01,2.771663337778987671e-03
3.867960956000000006e-01,2.771282084413692528e-03
3.868014744000000116e-01,2.771227624975811793e-03
3.868122317000000088e-01,2.771118710096604279e-03
3.868176103000000032e-01,2.771064254655063695e-03
3.868445019999999790e-01,2.770791997425832778e-03
3.868606360999999882e-01,2.770628659069319325e-03
3.868767696000000034e-01,2.770465332698617087e-03
3.868821472000000261e-01,2.770410893237484472e-03
3.868982798000000223e-01,2.770247582844999681e-03
3.869251658999999788e-01,2.769975425484397756e-03
3.869305429000000074e-01,2.769920998006651213e-03
3.869628032999999911e-01,2.769594461089749937e-03
3.869896849000000194e-01,2.769322383593088993e-03
3.870111889000000249e-01,2.769104745549340676e-03
3.870488179000000084e-01,2.768723930199622468e-03
3.870703186000000184e-01,2.768506350696273675e-03
3.870971926999999813e-01,2.768234406245268821e-03
3.871025672999999778e-01,2.768180021344724025e-03
3.871186906999999899e-01,2.768016874623966013e-03
3.871401875000000103e-01,2.767799364280041502e-03
3.871563093000000011e-01,2.767636245483695839e-03
3.871885508999999836e-01,2.767310043788480042e-03
3.872476535000000109e-01,2.766712131632181014e-03
3.872637708000000178e-01,2.766549092589169929e-03
3.872906314999999822e-01,2.766277387426622179e-03
3.873282333999999993e-01,2.765897055999257982e-03
3.873604607000000200e-01,2.765571109437829113e-03
3.873765733000000266e-01,2.765408154087520970e-03
3.873980557999999741e-01,2.765190898878085082e-03
3.874410172000000152e-01,2.764756452192409109e-03
3.874463870000000032e-01,2.764702152331329800e-03
3.874893429999999861e-01,2.764267801225931461e-03
3.875322942000000159e-01,2.763833535060679185e-03
3.875698726999999844e-01,2.763453621828014344e-03
3.875752406999999899e-01,2.763399353815649238e-03
3.875859765999999929e-01,2.763290821770586318e-03
3.875913443999999819e-01,2.763236557737557171e-03
3.876074474000000269e-01,2.763073773597768314e-03
3.876342843000000205e-01,2.762802493224834205e-03
3.876503855999999804e-01,2.762639740915936136e-03
3.876718529000000024e-01,2.762422756400012124e-03
3.876772195000000032e-01,2.762368513586046376e-03
3.876986853000000122e-01,2.762151555588044337e-03
3.877040515999999881e-01,2.762097319403395475e-03
3.877201498999999774e-01,2.761934618801249134e-03
3.877362475999999725e-01,2.761771930129006906e-03
3.877469789999999916e-01,2.761663477641943497e-03
3.877791715000000194e-01,2.761338151986216048e-03
3.877845367000000154e-01,2.761283935682204687e-03
3.878274552000000042e-01,2.760850252946645857e-03
3.878489126999999925e-01,2.760633443374257631e-03
3.878757328999999920e-01,2.760362461213565315e-03
3.879079147000000227e-01,2.760037326325310431e-03
3.879132779999999725e-01,2.759983141812006723e-03
3.879186412999999778e-01,2.759928958623017372e-03
3.879293677000000273e-01,2.759820596217626987e-03
3.879615450000000187e-01,2.759495540777780025e-03
3.879776327000000191e-01,2.759333030929777934e-03
3.880044440000000039e-01,2.759062207656905186e-03
3.880205299000000219e-01,2.758899729575230945e-03
3.880419767000000131e-01,2.758683110660840789e-03
3.880634223000000160e-01,2.758466512918682570e-03
3.880848666999999752e-01,2.758249936345494140e-03
3.880902276000000040e-01,2.758195795509288829e-03
3.881009492999999977e-01,2.758087517806612470e-03
3.881223916000000052e-01,2.757870978274792276e-03
3.881491928999999952e-01,2.757600333619695913e-03
3.881706326000000096e-01,2.757383841700811883e-03
3.882135085000000263e-01,2.756950921332435456e-03
3.882349446000000204e-01,2.756734492877734120e-03
3.882778132999999965e-01,2.756301699416696931e-03
3.883421075999999861e-01,2.755652667808573125e-03
3.883474648999999945e-01,2.755598590428708691e-03
3.883581795000000114e-01,2.755490439633595350e-03
3.883903213000000076e-01,2.755166018950871553e-03
3.884278166999999837e-01,2.754787588248934667e-03
3.884438849999999888e-01,2.754625423470672720e-03
3.884706640999999738e-01,2.754355175247707403e-03
3.884760197000000082e-01,2.754301129563772703e-03
3.884920861000000225e-01,2.754139000432945412e-03
3.885349263999999803e-01,2.753706714164185984e-03
3.886205930000000142e-01,2.752842394999675032e-03
3.886366533000000234e-01,2.752680372755744644e-03
3.886420066999999867e-01,2.752626367979603157e-03
3.886473598999999890e-01,2.752572364522153786e-03
3.886794778000000061e-01,2.752248371475384849e-03
3.886848305000000225e-01,2.752194377249524929e-03
3.886901830999999752e-01,2.752140384342910938e-03
3.887008881999999832e-01,2.752032402485045468e-03
3.887276496000000026e-01,2.751762470915503252e-03
3.887865181999999864e-01,2.751168737472708351e-03
3.887918693999999897e-01,2.751114769613580147e-03
3.888132737000000172e-01,2.750898911356785062e-03
3.888614288999999724e-01,2.750413307364081832e-03
3.888774792999999952e-01,2.750251463081884468e-03
3.889042286000000126e-01,2.749981748957760694e-03
3.889416743999999926e-01,2.749604204502046918e-03
3.889577215000000199e-01,2.749442419488528494e-03
3.889791167000000160e-01,2.749226724572473649e-03
3.889844653000000263e-01,2.749172804135210924e-03
3.889898137999999728e-01,2.749118885014448059e-03
3.890219033999999798e-01,2.748795397933842619e-03
3.890272513999999959e-01,2.748741488027979865e-03
3.890325993000000038e-01,2.748687579438294747e-03
3.890486427000000025e-01,2.748525861565877595e-03
3.891341960999999960e-01,2.747663566270315810e-03
3.891502352999999803e-01,2.747501923399524228e-03
3.891769657999999965e-01,2.747232544920771759e-03
3.891983487999999825e-01,2.747017065812129219e-03
3.892197306999999884e-01,2.746801607743879197e-03
3.892624909999999883e-01,2.746370754720176260e-03
3.892785248000000253e-01,2.746209206528213691e-03
3.893212785999999870e-01,2.745778469183485834e-03
3.893693710999999724e-01,2.745293990204474618e-03
3.893747142999999800e-01,2.745240165776532612e-03
3.893854004999999785e-01,2.745132520862389198e-03
3.894121148999999948e-01,2.744863431565500514e-03
3.894334850000000237e-01,2.744648183771620890e-03
3.894601960999999890e-01,2.744379153580340635e-03
3.894708800000000193e-01,2.744271550696766350e-03
3.894975883999999833e-01,2.744002566465522219e-03
3.895029299000000167e-01,2.743948773558945158e-03
3.895189539000000201e-01,2.743787402713828132e-03
3.895456590999999968e-01,2.743518477562104357e-03
3.895563405999999951e-01,2.743410916689784356e-03
3.895616813000000178e-01,2.743357138222123504e-03
3.895830431999999788e-01,2.743142037476582664e-03
3.896257636000000080e-01,2.742711898974575010e-03
3.896311033000000035e-01,2.742658137566752509e-03
3.896471220000000124e-01,2.742496861213886312e-03
3.896631401000000272e-01,2.742335596667945345e-03
3.896738183999999827e-01,2.742228093529519833e-03
3.896898354000000175e-01,2.742066848659937932e-03
3.897058516999999944e-01,2.741905615593553773e-03
3.897111903000000099e-01,2.741851873860857818e-03
3.897272057000000234e-01,2.741690656532532518e-03
3.897538965999999827e-01,2.741421987210335143e-03
3.897592346000000041e-01,2.741368257279188942e-03
3.897965983000000190e-01,2.740992184471375930e-03
3.898019356999999907e-01,2.740938465027961506e-03
3.898179473000000228e-01,2.740777314562499109e-03
3.898446320000000243e-01,2.740508756666729714e-03
3.898819875000000268e-01,2.740132830650513808e-03
3.898873237000000103e-01,2.740079132175375978e-03
3.898979959000000162e-01,2.739971739154900814e-03
3.899300108000000042e-01,2.739649591536011397e-03
3.899460171999999947e-01,2.739488535409540047e-03
3.899673580999999944e-01,2.739273812245236316e-03
3.899833630000000273e-01,2.739112783623190786e-03
3.900153707999999830e-01,2.738790761733366115e-03
3.900473760000000012e-01,2.738468786977825767e-03
3.900580437999999761e-01,2.738361472531612717e-03
3.900953789000000116e-01,2.737985913202574395e-03
3.901433758000000251e-01,2.737503145433018998e-03
3.901593735000000174e-01,2.737342246394666202e-03
3.901753705000000072e-01,2.737181359130929845e-03
3.902660078999999893e-01,2.736269886992290755e-03
3.902713387999999783e-01,2.736216282752789147e-03
3.902873312999999844e-01,2.736055477881374053e-03
3.903246443999999760e-01,2.735680312269907297e-03
3.903726131999999960e-01,2.735198050591379059e-03
3.903939307000000025e-01,2.734983746045152597e-03
3.903992599000000174e-01,2.734930173175046351e-03
3.904099180999999752e-01,2.734823031355254706e-03
3.904152470999999736e-01,2.734769462404251783e-03
3.904418909999999854e-01,2.734501637249061971e-03
3.904578764000000146e-01,2.734340957830780437e-03
3.904738611999999942e-01,2.734180290167928431e-03
3.904951731999999898e-01,2.733966084902258401e-03
3.905164841000000053e-01,2.733751900530842147e-03
3.905271390999999759e-01,2.733644816179309385e-03
3.905431209999999931e-01,2.733484199444958379e-03
3.905644293000000156e-01,2.733270062076955872e-03
3.905697562000000067e-01,2.733216530998198654e-03
3.905857363999999943e-01,2.733055945595028353e-03
3.906070422999999847e-01,2.732841849996765424e-03
3.906656276000000094e-01,2.732253194766338933e-03
3.906709530999999958e-01,2.732199688483137948e-03
3.906975795000000029e-01,2.731932176637378185e-03
3.907295288000000033e-01,2.731611205469824423e-03
3.907508269000000145e-01,2.731397250776675025e-03
3.907774478000000107e-01,2.731129836751393977e-03
3.908253609999999822e-01,2.730648573648567033e-03
3.908413307999999975e-01,2.730488176080505744e-03
3.908572999000000103e-01,2.730327790243025805e-03
3.908626228000000036e-01,2.730274330903617857e-03
3.909052033000000037e-01,2.729846703107275709e-03
3.909211697000000152e-01,2.729686364183301402e-03
3.909264917999999978e-01,2.729632920481703078e-03
3.909531008000000085e-01,2.729365721514127614e-03
3.909690652999999738e-01,2.729205417765780042e-03
3.909903503000000113e-01,2.728991697670169088e-03
3.909956714000000222e-01,2.728938270902634289e-03
3.910329169000000271e-01,2.728564319992481894e-03
3.910541985000000054e-01,2.728350662405649475e-03
3.910701589000000200e-01,2.728190432885643259e-03
3.910914383999999910e-01,2.727976811751514543e-03
3.911180362000000188e-01,2.727709814622356586e-03
3.911659075999999735e-01,2.727229301780243007e-03
3.911765448999999784e-01,2.727122535462693943e-03
3.911978186999999774e-01,2.726909018440060693e-03
3.912244092000000117e-01,2.726642151433711966e-03
3.912616328999999893e-01,2.726268592254384865e-03
3.912882191000000009e-01,2.726001803285400035e-03
3.912935362000000139e-01,2.725948449392753218e-03
3.913360698000000193e-01,2.725521665056955967e-03
3.913520187000000261e-01,2.725361642381756658e-03
3.913732829000000080e-01,2.725148297012918320e-03
3.913785987000000244e-01,2.725094963919720038e-03
3.914211230999999902e-01,2.724668345962069291e-03
3.914370684999999850e-01,2.724508385668809873e-03
3.914636428000000112e-01,2.724241811164321118e-03
3.914795864999999764e-01,2.724081882051172711e-03
3.915008437999999980e-01,2.723868661419366708e-03
3.915167860000000055e-01,2.723708759582756100e-03
3.915220998999999757e-01,2.723655461567801514e-03
3.915486684000000217e-01,2.723388990973490964e-03
3.915646085999999748e-01,2.723229124198976378e-03
3.916071127999999901e-01,2.722802869926026041e-03
3.916283630999999876e-01,2.722589773944216959e-03
3.916655485000000159e-01,2.722216905944883740e-03
3.916708603999999871e-01,2.722163644279212980e-03
3.916761722000000057e-01,2.722110383910740679e-03
3.916867956000000262e-01,2.722003867066231063e-03
3.917133529999999864e-01,2.721737597661816853e-03
3.917345976000000118e-01,2.721524605490087227e-03
3.917505302000000023e-01,2.721364874982006975e-03
3.917558409999999935e-01,2.721311634073338669e-03
3.917717727999999733e-01,2.721151919129623318e-03
3.917983244000000087e-01,2.720885753494910707e-03
3.918354935999999733e-01,2.720513176068245845e-03
3.918567314999999995e-01,2.720300303204065302e-03
3.918620407999999777e-01,2.720247088229463955e-03
3.918832772999999992e-01,2.720034241291243576e-03
3.919257468999999827e-01,2.719608609627698678e-03
3.919310552999999975e-01,2.719555411502075706e-03
3.919735196999999949e-01,2.719129873137206884e-03
3.920053649999999945e-01,2.718810773776132467e-03
3.920106722999999738e-01,2.718757595083201063e-03
3.920743541999999748e-01,2.718119551783880483e-03
3.920902730999999974e-01,2.717960070094141596e-03
3.920955791999999884e-01,2.717906912120535319e-03
3.921008852999999794e-01,2.717853755441540595e-03
3.921433313000000087e-01,2.717428548611755448e-03
3.921857726999999905e-01,2.717003424618325697e-03
3.921963822999999794e-01,2.716897156559987432e-03
3.922016870000000210e-01,2.716844024472444847e-03
3.922176007000000020e-01,2.716684635972195071e-03
3.922282094999999802e-01,2.716578383441315032e-03
3.922441220999999811e-01,2.716419014347540815e-03
3.922812491000000068e-01,2.716047198402989863e-03
3.923077661000000105e-01,2.715781654386404884e-03
3.923130692999999836e-01,2.715728549462635699e-03
3.923448870999999838e-01,2.715409947075423085e-03
3.923554924000000055e-01,2.715303756623199498e-03
3.923713998000000203e-01,2.715144480640596398e-03
3.923873066999999937e-01,2.714985216293285854e-03
3.924297217000000115e-01,2.714560568237374232e-03
3.924403247000000095e-01,2.714454419147679497e-03
3.924562287000000205e-01,2.714295205204241002e-03
3.924774330999999949e-01,2.714082938035761953e-03
3.924986362999999812e-01,2.713870691539674654e-03
3.925145379000000156e-01,2.713711520231211569e-03
3.925198383999999874e-01,2.713658465711947607e-03
3.925251386999999981e-01,2.713605412484535254e-03
3.925357392000000112e-01,2.713499309904475638e-03
3.925622389999999795e-01,2.713234076055055181e-03
3.925675388000000043e-01,2.713181033159471536e-03
3.926099343000000186e-01,2.712756736481394728e-03
3.926470267000000125e-01,2.712385544668338092e-03
3.926894135999999813e-01,2.711961402899282225e-03
3.927053075999999976e-01,2.711802371030817751e-03
3.927106054000000235e-01,2.711749362988236101e-03
3.927264985000000208e-01,2.711590346604339247e-03
3.928218433999999815e-01,2.710636492115414600e-03
3.928377318999999868e-01,2.710477556994488925e-03
3.928589156999999776e-01,2.710265661551951137e-03
3.928642115000000046e-01,2.710212690915113354e-03
3.928800982999999802e-01,2.710053786738709364e-03
3.928959845000000173e-01,2.709894894164871504e-03
3.929012798000000029e-01,2.709841932552289889e-03
3.929065749999999801e-01,2.709788972228339369e-03
3.929436392999999805e-01,2.709418286048747952e-03
3.929489339000000192e-01,2.709365336034962480e-03
3.929595229999999773e-01,2.709259439874588029e-03
3.930071700000000168e-01,2.708782970933588594e-03
3.930230511000000204e-01,2.708624171143610322e-03
3.930442249000000166e-01,2.708412456123988725e-03
3.931342006999999916e-01,2.707512897174110204e-03
3.931977005999999775e-01,2.706878138401349644e-03
3.932029918000000124e-01,2.706825250203360577e-03
3.932188649000000202e-01,2.706666593329166547e-03
3.932347374999999867e-01,2.706507948036819544e-03
3.932400281000000275e-01,2.706455068845689538e-03
3.932453188000000210e-01,2.706402190941940324e-03
3.932611901999999993e-01,2.706243564948611433e-03
3.932982211000000117e-01,2.705873482658037801e-03
3.933299591000000150e-01,2.705556319429361454e-03
3.933458271999999978e-01,2.705397755177217211e-03
3.933722725000000087e-01,2.705133507140828654e-03
3.933828501000000144e-01,2.705027816926173015e-03
3.933881388000000090e-01,2.704974973747633921e-03
3.934040045000000152e-01,2.704816451926108159e-03
3.934092928999999850e-01,2.704763613889369679e-03
3.934304458999999810e-01,2.704552274598101460e-03
3.934515976999999887e-01,2.704340955872608886e-03
3.934991851999999901e-01,2.703865563917800217e-03
3.935361936999999810e-01,2.703495886572550386e-03
3.935520533999999904e-01,2.703337472693819951e-03
3.935784849000000252e-01,2.703073475252054571e-03
3.936260569999999737e-01,2.702598360764051945e-03
3.936683384999999924e-01,2.702176124083651484e-03
3.937053311000000000e-01,2.701806734382100009e-03
3.937106155000000274e-01,2.701753969558601254e-03
3.937264682000000127e-01,2.701595682787890241e-03
3.937423201999999955e-01,2.701437407566802465e-03
3.937528879000000148e-01,2.701331897168701701e-03
3.937845891999999792e-01,2.701015396766606735e-03
3.937898725999999794e-01,2.700962651189999821e-03
3.938110051000000000e-01,2.700751681710771967e-03
3.938321364999999852e-01,2.700540732753451637e-03
3.938374190999999747e-01,2.700487998720333543e-03
3.938532666999999821e-01,2.700329804317515812e-03
3.938691136999999953e-01,2.700171621455027104e-03
3.938955237999999803e-01,2.699908008995842261e-03
3.939166506999999817e-01,2.699697142106888357e-03
3.939641819999999961e-01,2.699222766594673410e-03
3.939747437000000185e-01,2.699117363912914135e-03
3.940011467999999795e-01,2.698853879634568499e-03
3.940222680000000088e-01,2.698643115276322911e-03
3.940433879999999944e-01,2.698432371416743889e-03
3.940856247999999784e-01,2.698010945187062117e-03
3.940909040000000196e-01,2.697958272671919632e-03
3.941067414000000158e-01,2.697800262811684505e-03
3.941225782000000177e-01,2.697642264476690210e-03
3.941331357000000257e-01,2.697536938655731645e-03
3.941436929000000089e-01,2.697431617956808688e-03
3.941489713999999922e-01,2.697378959527714504e-03
3.941700846000000258e-01,2.697168338614070598e-03
3.941911967999999766e-01,2.696957738183943486e-03
3.942281402999999740e-01,2.696589236709544864e-03
3.942334176000000245e-01,2.696536598761451256e-03
3.942756339999999859e-01,2.696115541242363224e-03
3.942967405000000203e-01,2.695905043190015976e-03
3.943125695999999958e-01,2.695747183083968199e-03
3.943389500999999742e-01,2.695484108489595507e-03
3.943442259000000116e-01,2.695431497407925481e-03
3.943758796999999872e-01,2.695115857774949258e-03
3.943811550999999915e-01,2.695063255645599454e-03
3.944022560000000066e-01,2.694852859913159093e-03
3.944180808000000149e-01,2.694695076539238912e-03
3.944233556999999779e-01,2.694642484638029058e-03
3.944655516999999723e-01,2.694221795448460688e-03
3.944813739999999957e-01,2.694064058092524201e-03
3.944866479999999953e-01,2.694011481530465737e-03
3.945130168000000048e-01,2.693748617885973872e-03
3.945288372999999904e-01,2.693590915033772758e-03
3.945499302000000097e-01,2.693380662451139943e-03
3.945710219999999935e-01,2.693170430308432488e-03
3.945973851999999837e-01,2.692907668871401868e-03
3.946395625999999934e-01,2.692487316985100847e-03
3.947133621999999731e-01,2.691751897816264949e-03
3.947186330999999937e-01,2.691699377449940315e-03
3.947239039000000060e-01,2.691646858359917228e-03
3.947397159000000100e-01,2.691489308747531482e-03
3.947976878000000189e-01,2.690911725096483114e-03
3.948082271999999726e-01,2.690806726474191581e-03
3.948187663000000125e-01,2.690701732954792549e-03
3.948661889999999786e-01,2.690229325259166967e-03
3.948925323999999959e-01,2.689966921177826958e-03
3.949241423000000029e-01,2.689652078360617316e-03
3.949294103000000056e-01,2.689599609020259120e-03
3.949504818999999833e-01,2.689389744406935328e-03
3.949715522999999728e-01,2.689179900189376041e-03
3.949926215999999823e-01,2.688970076366558205e-03
3.950189566000000263e-01,2.688707825262284974e-03
3.950347567999999976e-01,2.688550489891490276e-03
3.950505563000000220e-01,2.688393165988370477e-03
3.950558227000000033e-01,2.688340727235057331e-03
3.950716214000000170e-01,2.688183418620658342e-03
3.950926853000000238e-01,2.687973691634997289e-03
3.951032168999999983e-01,2.687868835785552253e-03
3.951190137000000213e-01,2.687711561563414439e-03
3.951453402999999809e-01,2.687449463331285839e-03
3.951821945999999808e-01,2.687082579288510315e-03
3.952243095999999900e-01,2.686663359627147665e-03
3.952295735999999948e-01,2.686610962897463453e-03
3.952401014999999962e-01,2.686506173257232743e-03
3.952611564999999882e-01,2.686296609248932463e-03
3.952716835999999789e-01,2.686191834881412801e-03
3.952874737000000027e-01,2.686034682872711840e-03
3.953085261000000017e-01,2.685825164674570612e-03
3.953243147000000124e-01,2.685668039385862189e-03
3.953506276000000041e-01,2.685406189346556220e-03
3.953979865000000204e-01,2.684934939407458872e-03
3.954137715000000108e-01,2.684777878985176048e-03
3.954348172000000106e-01,2.684568482891295117e-03
3.954716444999999969e-01,2.684202088673508322e-03
3.954769053000000145e-01,2.684149751727476097e-03
3.954821660000000239e-01,2.684097416052464054e-03
3.954926872000000260e-01,2.683992748515679622e-03
3.954979477000000188e-01,2.683940416653173011e-03
3.955189888999999792e-01,2.683731101914161102e-03
3.955242489999999944e-01,2.683678776407144844e-03
3.955663275999999895e-01,2.683260218091926708e-03
3.956084017000000008e-01,2.682841741087688657e-03
3.956241783000000178e-01,2.682684833170396240e-03
3.956662462000000158e-01,2.682266467938873404e-03
3.957083096999999827e-01,2.681848183975354613e-03
3.957293397000000157e-01,2.681639072462449220e-03
3.957451115000000241e-01,2.681482252156278719e-03
3.957503687000000214e-01,2.681429981259129437e-03
3.957661396000000109e-01,2.681273176184066111e-03
3.957924232000000209e-01,2.681011859773740989e-03
3.958081924999999890e-01,2.680855085154685603e-03
3.958134487000000146e-01,2.680802829485827606e-03
3.958292172000000275e-01,2.680646070092647468e-03
3.958554966000000230e-01,2.680384829810452622e-03
3.958765188000000212e-01,2.680175860417536183e-03
3.959027949999999740e-01,2.679914677214319165e-03
3.959343242000000207e-01,2.679601299218759784e-03
3.959395788000000249e-01,2.679549073990985901e-03
3.959816132000000266e-01,2.679131317809935447e-03
3.959973748999999765e-01,2.678974680158682613e-03
3.960026287000000256e-01,2.678922470143237956e-03
3.960288966000000133e-01,2.678661439078026257e-03
3.960446563999999725e-01,2.678504835646897987e-03
3.960814269999999859e-01,2.678139471989934937e-03
3.961076895999999792e-01,2.677878535957967533e-03
3.961129420000000234e-01,2.677826352552024371e-03
3.961444544000000123e-01,2.677513278716297292e-03
3.961549580000000015e-01,2.677408930903170999e-03
3.961707127999999911e-01,2.677252418681083049e-03
3.962337260000000083e-01,2.676626483754264603e-03
3.962494777000000190e-01,2.676470028506956148e-03
3.962547281000000088e-01,2.676417879289585099e-03
3.962704790000000088e-01,2.676261439231466394e-03
3.962809793000000025e-01,2.676157152188221849e-03
3.963177279000000275e-01,2.675792187397379920e-03
3.963229775000000066e-01,2.675740054631488372e-03
3.963334762999999872e-01,2.675635792895903007e-03
3.963807176999999959e-01,2.675166677708195641e-03
3.964174570999999814e-01,2.674801881173558254e-03
3.964384495000000119e-01,2.674593453833652799e-03
3.964856783999999856e-01,2.674124566285938660e-03
3.964909256999999965e-01,2.674072473990497887e-03
3.965014201000000016e-01,2.673968293192609605e-03
3.965066671999999959e-01,2.673916204689348944e-03
3.965643806999999965e-01,2.673343314572806939e-03
3.966168401999999871e-01,2.672822638054397123e-03
3.966325767000000169e-01,2.672666459733546995e-03
3.966535578000000006e-01,2.672458239656866352e-03
3.966745376999999961e-01,2.672250039787412226e-03
3.966955165000000116e-01,2.672041860123192721e-03
3.967374707999999917e-01,2.671625561402074956e-03
3.967427148000000070e-01,2.671573529743633078e-03
3.967532025000000129e-01,2.671469470212664912e-03
3.967741772000000222e-01,2.671261366298030397e-03
3.967846641000000174e-01,2.671157321914647241e-03
3.968003938999999924e-01,2.671001264803934093e-03
3.968370944999999872e-01,2.670637175713415183e-03
3.968423370999999977e-01,2.670585168033455699e-03
3.968685493999999925e-01,2.670325148558045942e-03
3.968842759000000275e-01,2.670169152011466797e-03
3.969262103000000264e-01,2.669753216717720996e-03
3.969419344999999821e-01,2.669597261792149272e-03
3.969471757999999961e-01,2.669545279339409407e-03
3.969891034999999957e-01,2.669129465106087444e-03
3.969943441000000073e-01,2.669077493999800869e-03
3.970048252000000222e-01,2.668973555570323519e-03
3.970100656000000172e-01,2.668921588246433649e-03
3.970519867000000258e-01,2.668505895030368232e-03
3.970677059000000120e-01,2.668350030869174726e-03
3.970729456000000046e-01,2.668298078669902561e-03
3.970781850999999807e-01,2.668246127729828870e-03
3.970886639999999801e-01,2.668142229629769276e-03
3.971148600000000140e-01,2.667882506430751394e-03
3.971724850999999723e-01,2.667311226248044939e-03
3.972405767000000143e-01,2.666636273406192657e-03
3.972615255999999984e-01,2.666428638416168222e-03
3.972877101999999772e-01,2.666169123002041629e-03
3.973662535999999967e-01,2.665390765534316614e-03
3.973714891999999832e-01,2.665338885102333175e-03
3.973871957999999815e-01,2.665183251355112293e-03
3.974029017999999858e-01,2.665027628929078456e-03
3.974081369999999946e-01,2.664975757302611228e-03
3.974290771000000277e-01,2.664768283375891847e-03
3.974447814000000023e-01,2.664612691135310237e-03
3.974971246999999819e-01,2.664094132069797470e-03
3.975389944000000120e-01,2.663679375335981005e-03
3.975913253000000203e-01,2.663161042538113917e-03
3.976174881999999799e-01,2.662901923261356760e-03
3.976227205000000264e-01,2.662850103174522771e-03
3.976384171999999828e-01,2.662694650453666361e-03
3.976645770000000191e-01,2.662435587709818200e-03
3.977482767000000141e-01,2.661606797921177003e-03
3.977587378999999923e-01,2.661503221798402086e-03
3.977639684000000009e-01,2.661451435620598195e-03
3.977796594999999935e-01,2.661296084618060016e-03
3.977848896999999773e-01,2.661244303461179472e-03
3.977901199000000165e-01,2.661192523559135440e-03
3.978058099999999819e-01,2.661037191385293675e-03
3.978214994000000004e-01,2.660881870506831472e-03
3.978267290999999983e-01,2.660830099390578546e-03
3.978319586999999879e-01,2.660778329528823427e-03
3.978424177000000062e-01,2.660674793570888281e-03
3.978685640999999884e-01,2.660415975634864739e-03
3.979051660999999851e-01,2.660053683217671137e-03
3.979156232000000126e-01,2.659950182388564656e-03
3.979313083000000084e-01,2.659794940551898131e-03
3.979731322999999765e-01,2.659381017502927217e-03
3.980149519000000247e-01,2.658967174705434075e-03
3.980410869000000074e-01,2.658708563700668687e-03
3.980567670999999863e-01,2.658553412140148963e-03
3.980776730000000208e-01,2.658346560938565362e-03
3.980933517999999949e-01,2.658191435696668267e-03
3.981142557999999831e-01,2.657984619583801320e-03
3.981194815999999914e-01,2.657932918687156299e-03
3.981247073999999997e-01,2.657881219044727628e-03
3.981560605000000197e-01,2.657571047496678964e-03
3.982030857000000146e-01,2.657105874726548456e-03
3.982083102999999791e-01,2.657054195125188416e-03
3.982448811000000033e-01,2.656692472979750846e-03
3.982605531999999782e-01,2.656537467984906083e-03
3.982814485000000237e-01,2.656330812185106645e-03
3.982918957000000093e-01,2.656227491796002947e-03
3.983075660000000018e-01,2.656072520600860371e-03
3.983441276999999947e-01,2.655710964950642756e-03
3.983754635000000266e-01,2.655401108911405877e-03
3.984067969999999792e-01,2.655091297914086244e-03
3.984172409000000248e-01,2.654988037588835309e-03
3.984329063000000004e-01,2.654833156483675516e-03
3.984537925000000147e-01,2.654626665854036179e-03
3.984903407000000009e-01,2.654265355399831796e-03
3.985007823999999754e-01,2.654162135094968473e-03
3.985164445000000111e-01,2.654007314015744291e-03
3.985373262999999944e-01,2.653800903411842726e-03
3.985738669000000178e-01,2.653439732981998506e-03
3.985790866999999738e-01,2.653388142206088932e-03
3.986260618999999950e-01,2.652923881455103959e-03
3.986417191000000138e-01,2.652769150362791796e-03
3.986678129999999820e-01,2.652511290194761642e-03
3.986782501000000201e-01,2.652408154872147854e-03
3.986834685000000267e-01,2.652356589084659769e-03
3.987043416000000118e-01,2.652150338424191268e-03
3.987513019999999742e-01,2.651686347495763388e-03
3.987617368999999967e-01,2.651583252135901458e-03
3.987826058999999757e-01,2.651377076398714512e-03
3.987930399999999875e-01,2.651273996020277971e-03
3.988086906000000154e-01,2.651119384814677044e-03
3.988243405999999935e-01,2.650964784843667498e-03
3.988712869000000105e-01,2.650501052322082416e-03
3.988921501000000092e-01,2.650294981422561362e-03
3.989182276000000082e-01,2.650037420870084929e-03
3.989338733000000192e-01,2.649882899507735329e-03
3.989599481000000170e-01,2.649625388851040847e-03
3.990120925999999790e-01,2.649110461070359503e-03
3.990173067000000184e-01,2.649058975149939672e-03
3.990433760000000052e-01,2.648801564251103413e-03
3.990798702999999725e-01,2.648441241347793389e-03
3.991007226000000130e-01,2.648235369967070086e-03
3.991215738000000179e-01,2.648029518524253143e-03
3.991267864999999970e-01,2.647978058779522099e-03
3.991580609000000002e-01,2.647669326473573066e-03
3.991841211000000111e-01,2.647412083811889316e-03
3.992622913000000162e-01,2.646640542653774363e-03
3.992675021000000046e-01,2.646589116538872709e-03
3.992831340999999923e-01,2.646434845663692744e-03
3.992935550999999750e-01,2.646332004638629696e-03
3.993091860999999909e-01,2.646177752437937902e-03
3.993300263999999822e-01,2.645972100263320557e-03
3.993352364000000154e-01,2.645920690331425226e-03
3.993717038999999858e-01,2.645560855654894520e-03
3.993769133000000249e-01,2.645509455678880361e-03
3.993925409999999898e-01,2.645355263216095029e-03
3.994185859000000116e-01,2.645098300662594888e-03
3.994498374000000074e-01,2.644789986651020688e-03
3.994550458000000193e-01,2.644738605335874952e-03
3.994758784999999923e-01,2.644533092512684272e-03
3.995175408000000150e-01,2.644122126561001748e-03
3.995435775000000245e-01,2.643865313250928252e-03
3.995591987000000067e-01,2.643711240183272988e-03
3.995800259999999771e-01,2.643505826829661582e-03
3.995956458000000100e-01,2.643351779865379687e-03
3.996164711999999897e-01,2.643146401312418924e-03
3.996216773999999861e-01,2.643095059781147733e-03
3.996633244000000196e-01,2.642684372261491776e-03
3.996685300000000218e-01,2.642633041912596358e-03
3.996841462999999872e-01,2.642479058320213337e-03
3.997049670999999749e-01,2.642273764254219042e-03
3.997622187000000049e-01,2.641709308037555864e-03
3.997674230000000106e-01,2.641658001287248807e-03
3.997830354999999947e-01,2.641504088485366417e-03
3.998246657000000259e-01,2.641093708971928647e-03
3.998298692000000210e-01,2.641042417119025647e-03
3.998454792000000202e-01,2.640888549007434655e-03
3.998714944999999799e-01,2.640632126976457522e-03
3.998766973999999808e-01,2.640580846293699626e-03
3.999079131000000120e-01,2.640273188251573457e-03
3.999495303999999751e-01,2.639863047008395545e-03
3.999547321999999960e-01,2.639811784935045934e-03
3.999963445999999978e-01,2.639401733001030519e-03
4.000015458000000246e-01,2.639350482089568729e-03
4.000119481000000143e-01,2.639247983987335136e-03
4.000171491000000246e-01,2.639196736796729000e-03
4.000379526000000241e-01,2.638991760432554418e-03
4.000587549999999881e-01,2.638786803905307076e-03
4.000743560999999726e-01,2.638633099526017239e-03
4.000795563000000277e-01,2.638581867212456446e-03
4.000847564000000189e-01,2.638530636137821281e-03
4.001263553000000139e-01,2.638120832163391022e-03
4.001419536999999971e-01,2.637967176121201133e-03
4.001575514999999861e-01,2.637813531230594373e-03
4.001783476999999922e-01,2.637608688722714763e-03
4.002459278000000120e-01,2.636943087454266151e-03
4.002511257999999961e-01,2.636891896026785902e-03
4.002667194000000261e-01,2.636738329173169207e-03
4.002823122999999983e-01,2.636584773464611779e-03
4.002927072999999947e-01,2.636482409182778260e-03
4.003082993000000034e-01,2.636328872045807376e-03
4.003446782000000259e-01,2.635970662053377031e-03
4.004174260000000207e-01,2.635254424004065867e-03
4.004485996000000103e-01,2.634947539079725634e-03
4.004537950000000013e-01,2.634896395922378502e-03
4.004589902999999840e-01,2.634845254002382738e-03
4.004953553999999749e-01,2.634487295190688760e-03
4.005005502000000273e-01,2.634436163165011866e-03
4.005421057999999923e-01,2.634027151474783827e-03
4.005576880999999756e-01,2.633873792492875694e-03
4.005732697000000120e-01,2.633720444636887623e-03
4.005784634999999816e-01,2.633669331157769550e-03
4.005992378000000076e-01,2.633464889600744055e-03
4.006200109999999981e-01,2.633260467819631672e-03
4.006407832000000169e-01,2.633056065813040286e-03
4.006667467999999732e-01,2.632800591107555075e-03
4.006823241999999952e-01,2.632647321111143430e-03
4.007030932000000267e-01,2.632442978412072310e-03
4.007446277999999751e-01,2.632034352305740246e-03
4.007602022000000264e-01,2.631881137895219092e-03
4.007653935000000112e-01,2.631830068894096090e-03
4.007809670999999963e-01,2.631676869302173108e-03
4.007861581000000117e-01,2.631625805240480048e-03
4.007913491000000272e-01,2.631574742414467816e-03
4.008276841000000257e-01,2.631217337199045960e-03
4.008432552999999787e-01,2.631064182052313995e-03
4.008692058000000169e-01,2.630808948161908901e-03
4.008743956999999969e-01,2.630757905086181410e-03
4.009262912000000068e-01,2.630247542203703430e-03
4.009314802999999761e-01,2.630196512702073514e-03
4.009729913000000256e-01,2.629788321098507683e-03
4.009937451000000208e-01,2.629584254901218103e-03
4.009989333999999794e-01,2.629533241435920606e-03
4.010093097999999912e-01,2.629431218204004994e-03
4.010404374000000050e-01,2.629125178104172421e-03
4.010560002999999929e-01,2.628972174700819602e-03
4.010923113000000040e-01,2.628615209908686298e-03
4.011234324999999878e-01,2.628309288161827847e-03
4.011389920999999803e-01,2.628156343926535236e-03
4.011545511999999869e-01,2.628003410781923083e-03
4.011597373999999938e-01,2.627952435532097172e-03
4.011649236000000007e-01,2.627901461514611011e-03
4.011804816000000273e-01,2.627748546853592420e-03
4.012478929000000138e-01,2.627086044778158009e-03
4.012582627999999874e-01,2.626984139858062374e-03
4.012634476999999977e-01,2.626933189244910673e-03
4.013049242999999766e-01,2.626525628674141171e-03
4.013256610000000002e-01,2.626321877939141996e-03
4.013412128000000134e-01,2.626169077814195871e-03
4.013671312000000047e-01,2.625914435558472561e-03
4.013723147000000102e-01,2.625863510800349916e-03
4.014034141000000222e-01,2.625557988093482620e-03
4.014293284000000073e-01,2.625303419678153179e-03
4.014500587000000009e-01,2.625099787093554491e-03
4.014863341000000085e-01,2.624743477432494275e-03
4.014915159999999927e-01,2.624692580972513237e-03
4.015070613999999760e-01,2.624539898972164022e-03
4.015381504000000157e-01,2.624234568176851516e-03
4.015536940000000166e-01,2.624081919380128348e-03
4.015795985999999762e-01,2.623827529308449084e-03
4.015899600000000236e-01,2.623725781886044554e-03
4.016210425999999778e-01,2.623420569120093072e-03
4.016365828999999832e-01,2.623267979329757787e-03
4.016624822000000039e-01,2.623013687591982043e-03
4.016987383999999772e-01,2.622657730767723270e-03
4.017401701000000158e-01,2.622250996681576695e-03
4.017557057999999737e-01,2.622098491666814690e-03
4.017764193000000206e-01,2.621895168841046134e-03
4.018178428999999996e-01,2.621488582133070858e-03
4.018385530999999955e-01,2.621285318246337811e-03
4.018644393999999953e-01,2.621031266008415177e-03
4.018696165000000264e-01,2.620980459243784245e-03
4.018851472000000147e-01,2.620828046312542303e-03
4.019006774000000171e-01,2.620675644427280463e-03
4.019110304999999883e-01,2.620574049306628305e-03
4.019265597000000190e-01,2.620421665828953986e-03
4.019472642999999956e-01,2.620218505036521831e-03
4.019886703000000172e-01,2.619812242339798845e-03
4.019938458000000270e-01,2.619761465022173944e-03
4.020352469999999845e-01,2.619355290639690560e-03
4.020507714000000066e-01,2.619202995480341550e-03
4.020714696000000088e-01,2.618999952434318372e-03
4.021128628000000260e-01,2.618593925190219798e-03
4.021180367000000144e-01,2.618543177300961325e-03
4.021335577999999855e-01,2.618390940987510521e-03
4.021594251000000231e-01,2.618137238310410449e-03
4.021956365000000089e-01,2.617782106030108226e-03
4.022421891999999888e-01,2.617325595596989036e-03
4.022525335000000091e-01,2.617224162309262411e-03
4.022732213999999917e-01,2.617021310430258079e-03
4.022783931999999729e-01,2.616970600521954359e-03
4.022835649000000013e-01,2.616919891838490313e-03
4.023197651000000041e-01,2.616564965342160418e-03
4.023249362999999912e-01,2.616514266454769179e-03
4.023352785000000043e-01,2.616412872352656075e-03
4.023663035000000221e-01,2.616108719428045584e-03
4.023818149999999760e-01,2.615956659490415413e-03
4.024076663999999748e-01,2.615703250740478332e-03
4.024231764000000267e-01,2.615551220175849154e-03
4.024438553999999946e-01,2.615348529887379179e-03
4.024645333999999908e-01,2.615145859175031610e-03
4.024903793999999868e-01,2.614892548310820096e-03
4.025007172999999772e-01,2.614791232527607402e-03
4.025058861999999960e-01,2.614740576471663320e-03
4.025317295999999989e-01,2.614487314533602696e-03
4.025627393999999803e-01,2.614183440564807684e-03
4.025679074999999885e-01,2.614132799183302783e-03
4.026040820999999825e-01,2.613778343744518288e-03
4.026092495999999965e-01,2.613727712142966710e-03
4.026144171000000105e-01,2.613677081764833200e-03
4.026505875999999984e-01,2.613322703338318963e-03
4.026712550000000057e-01,2.613120228267870344e-03
4.026970877000000115e-01,2.612867161924442225e-03
4.027332506999999895e-01,2.612512920359435359e-03
4.027384165999999821e-01,2.612462319307414568e-03
4.027487482000000063e-01,2.612361120869931795e-03
4.027539138999999824e-01,2.612310523483209537e-03
4.027797412999999938e-01,2.612057554869849814e-03
4.028107320000000047e-01,2.611754032835339034e-03
4.028158969000000256e-01,2.611703450104090659e-03
4.028313911999999997e-01,2.611551709234776093e-03
4.028623779000000127e-01,2.611248260459271813e-03
4.028778704000000044e-01,2.611096552551721642e-03
4.029191807999999986e-01,2.610692051835675903e-03
4.029346710999999748e-01,2.610540384203255751e-03
4.030224381999999994e-01,2.609681141697978851e-03
4.030276003000000107e-01,2.609630608998959704e-03
4.030585720000000038e-01,2.609327438418625883e-03
4.030637336999999820e-01,2.609276914256112440e-03
4.030688954000000157e-01,2.609226391314104464e-03
4.031050250000000057e-01,2.608872764854035069e-03
4.031256690999999726e-01,2.608670719411802699e-03
4.031411515000000167e-01,2.608519198129438318e-03
4.031875950000000097e-01,2.608064700093976930e-03
4.032288735999999818e-01,2.607660784700707116e-03
4.032443519999999726e-01,2.607509336530413821e-03
4.032649889000000099e-01,2.607307422689912266e-03
4.032753070000000273e-01,2.607206473077897102e-03
4.032907835999999802e-01,2.607055057794418606e-03
4.033114181999999937e-01,2.606853187799440183e-03
4.033268933999999972e-01,2.606701798088615924e-03
4.033526841000000251e-01,2.606449506255467067e-03
4.033578420999999747e-01,2.606399051540908389e-03
4.033733154999999959e-01,2.606247694702788255e-03
4.033991033000000059e-01,2.605995457650061350e-03
4.034300464000000197e-01,2.605692813350436211e-03
4.034352033999999976e-01,2.605642376893406269e-03
4.034403603000000227e-01,2.605591941652559730e-03
4.034919256000000232e-01,2.605087656168357784e-03
4.034970816999999821e-01,2.605037234311016921e-03
4.035383287000000041e-01,2.604633903241563003e-03
4.035795714000000034e-01,2.604230650007733315e-03
4.036001912000000136e-01,2.604029052572428074e-03
4.036053459999999760e-01,2.603978656253616835e-03
4.036465819000000232e-01,2.603575529462478100e-03
4.036620443000000225e-01,2.603424376970856456e-03
4.036826599000000182e-01,2.603222857331052593e-03
4.037187346000000177e-01,2.602870244744148742e-03
4.037290411000000190e-01,2.602769509226151700e-03
4.037857220000000136e-01,2.602215550732633279e-03
4.038063311999999794e-01,2.602014147718267022e-03
4.038217874999999735e-01,2.601863108208474131e-03
4.038526982000000265e-01,2.601561061972559527e-03
4.038836066000000002e-01,2.601259059442905756e-03
4.038939088999999871e-01,2.601158401644451754e-03
4.039042109000000047e-01,2.601057748700275323e-03
4.039093617999999775e-01,2.601007424049413437e-03
4.039248140999999737e-01,2.600856457377649558e-03
4.039299646999999771e-01,2.600806137580454185e-03
4.039505666000000050e-01,2.600604870528503733e-03
4.039711675000000057e-01,2.600403622891779652e-03
4.039763175000000150e-01,2.600353314015659521e-03
4.039866174000000254e-01,2.600252699902656610e-03
4.040329637000000251e-01,2.599799996442686036e-03
4.040484113000000210e-01,2.599649117122850798e-03
4.040535604000000114e-01,2.599598826441537006e-03
4.040690071999999966e-01,2.599447961672974716e-03
4.040896019999999922e-01,2.599246825625511469e-03
4.040947504999999884e-01,2.599196544645046309e-03
4.041359365000000148e-01,2.598794340444698231e-03
4.041410844000000169e-01,2.598744070374325778e-03
4.041565277999999983e-01,2.598593267436749999e-03
4.041771182000000184e-01,2.598392213821854469e-03
4.042182957000000076e-01,2.597990164759790555e-03
4.042234425999999825e-01,2.597939914079767671e-03
4.042337362000000267e-01,2.597839416353709980e-03
4.042543227000000017e-01,2.597638435441175942e-03
4.042646154999999797e-01,2.597537952252272717e-03
4.043212212999999777e-01,2.596985381316268063e-03
4.043418032000000162e-01,2.596784482760456161e-03
4.043469485999999780e-01,2.596734261148534936e-03
4.043623841000000274e-01,2.596583603576424915e-03
4.043881087999999790e-01,2.596332531837141841e-03
4.044035428000000154e-01,2.596181903318723130e-03
4.044189763000000104e-01,2.596031285693746384e-03
4.044652730000000140e-01,2.595579498169545314e-03
4.044807040999999770e-01,2.595428924108413807e-03
4.044858476000000036e-01,2.595378735174453614e-03
4.045064212000000214e-01,2.595177991536721813e-03
4.045115644000000232e-01,2.595127808651755390e-03
4.045269937000000038e-01,2.594977267253840199e-03
4.045424224999999985e-01,2.594826736742537367e-03
4.045629931999999984e-01,2.594626046324835945e-03
4.045938472000000230e-01,2.594325046977168005e-03
4.046092734000000246e-01,2.594174563626934493e-03
4.046452655000000176e-01,2.593823478121222176e-03
4.046504069999999897e-01,2.593773327884661434e-03
4.046915363999999959e-01,2.593372169500784540e-03
4.047172400999999864e-01,2.593121484786596164e-03
4.047275210999999873e-01,2.593021219358488012e-03
4.047326615999999877e-01,2.592971088456925283e-03
4.047737826000000205e-01,2.592570084735398156e-03
4.047943414999999878e-01,2.592369611865678099e-03
4.048354563000000073e-01,2.591968724095357075e-03
4.048817054000000137e-01,2.591517817724871536e-03
4.048971205999999934e-01,2.591367537331878447e-03
4.049125351999999789e-01,2.591217267802445844e-03
4.049176731999999945e-01,2.591167180373574273e-03
4.049587754999999789e-01,2.590766524386329921e-03
4.050050104999999845e-01,2.590315878709270429e-03
4.050563764999999816e-01,2.589815275892182449e-03
4.050615128000000231e-01,2.589765222243920265e-03
4.050871930000000121e-01,2.589514972091846480e-03
4.051026004000000125e-01,2.589364836471255791e-03
4.051180072000000187e-01,2.589214711701171359e-03
4.051282781000000166e-01,2.589114634549511025e-03
4.052001667999999834e-01,2.588414229489124137e-03
4.052104355999999741e-01,2.588314190906102104e-03
4.052207040999999954e-01,2.588214157143236063e-03
4.052258382999999742e-01,2.588164142069449090e-03
4.052412403999999801e-01,2.588014104075998280e-03
4.052463742999999896e-01,2.587964093821433151e-03
4.052669092999999778e-01,2.587764064849298017e-03
4.053285079000000235e-01,2.587164093565786933e-03
4.053490386999999973e-01,2.586964141674641393e-03
4.053644361000000029e-01,2.586814190399523185e-03
4.053849650999999943e-01,2.586614272220467622e-03
4.053900972000000213e-01,2.586564295685231905e-03
4.054054930000000057e-01,2.586414373302280568e-03
4.054516771000000186e-01,2.585964671148916448e-03
4.054568083000000267e-01,2.585914710259970984e-03
4.054722016000000262e-01,2.585764834814251959e-03
4.055337690999999967e-01,2.585165441311754013e-03
4.055491594999999783e-01,2.585015620001620325e-03
4.055696791000000245e-01,2.584815875092353037e-03
4.055953272000000220e-01,2.584566221015098964e-03
4.056209735999999899e-01,2.584316596997050016e-03
4.056363606999999760e-01,2.584166837013999931e-03
4.056620046000000146e-01,2.583917261083551725e-03
4.056979032999999957e-01,2.583567905263105084e-03
4.057030314000000248e-01,2.583518002095839920e-03
4.057594365000000147e-01,2.582969146561360334e-03
4.057748183000000064e-01,2.582819483917553251e-03
4.057799454000000083e-01,2.582769598772214487e-03
4.057953264999999976e-01,2.582619950543007560e-03
4.058004533999999830e-01,2.582570070202505879e-03
4.058414662000000006e-01,2.582171070710526702e-03
4.058568449000000133e-01,2.582021465715082266e-03
4.058670971000000183e-01,2.581921735054770566e-03
4.058978520000000034e-01,2.581622571886929736e-03
4.059029775999999923e-01,2.581572715560159163e-03
4.059439799999999821e-01,2.581173908158754336e-03
4.059491050999999850e-01,2.581124062634568717e-03
4.059593549000000134e-01,2.581024375185975508e-03
4.059644796999999916e-01,2.580974533262056243e-03
4.059901027999999745e-01,2.580725341639251904e-03
4.060259724999999986e-01,2.580376523757089025e-03
4.060669625000000171e-01,2.579977946721589369e-03
4.060720859999999988e-01,2.579928129988771045e-03
4.061028253999999782e-01,2.579629254777621259e-03
4.061284398000000184e-01,2.579380225074881083e-03
4.061489301000000274e-01,2.579181022892441250e-03
4.061694194000000091e-01,2.578981839890039617e-03
4.061950295999999794e-01,2.578732888104872441e-03
4.062257597000000220e-01,2.578434185510537595e-03
4.062513663999999802e-01,2.578185299632830031e-03
4.062718504999999758e-01,2.577986212495589260e-03
4.063128156999999963e-01,2.577588095719199942e-03
4.063537768000000105e-01,2.577190055592024076e-03
4.063588966000000191e-01,2.577140305963752931e-03
4.063742557999999727e-01,2.576991064265944393e-03
4.063896142999999794e-01,2.576841833341988151e-03
4.063998529999999776e-01,2.576742352045678554e-03
4.064510427999999953e-01,2.576245017381564081e-03
4.064561614000000156e-01,2.576195290497577256e-03
4.064817534999999871e-01,2.575946674027348657e-03
4.064971079999999959e-01,2.575797518503824841e-03
4.065124619000000106e-01,2.575648373748436540e-03
4.065329328999999770e-01,2.575449530822607278e-03
4.065636374000000108e-01,2.575151302317443564e-03
4.066045731999999857e-01,2.574753731285260149e-03
4.066199231000000025e-01,2.574604661877775112e-03
4.066813167000000173e-01,2.574008491844213386e-03
4.067017792000000020e-01,2.573809806748506360e-03
4.067171253999999903e-01,2.573660805475089589e-03
4.067631604999999984e-01,2.573213866179444118e-03
4.067682751999999735e-01,2.573164212231435731e-03
4.067785044000000183e-01,2.573064907919088776e-03
4.068040761999999755e-01,2.572816668041987085e-03
4.068091904000000203e-01,2.572767023649616229e-03
4.068501015000000054e-01,2.572369911506769500e-03
4.068603285999999875e-01,2.572270645411919420e-03
4.068807821000000047e-01,2.572072127551154001e-03
4.068858953000000223e-01,2.572022501070542026e-03
4.069063474999999874e-01,2.571824007086394737e-03
4.069267986999999809e-01,2.571625532202350458e-03
4.069319113000000043e-01,2.571575916465233119e-03
4.069421363999999874e-01,2.571476688571257795e-03
4.069472487999999943e-01,2.571427076414365114e-03
4.070239277000000100e-01,2.570683037257602208e-03
4.070494841000000252e-01,2.570435083856686172e-03
4.070699280999999781e-01,2.570236742605922550e-03
4.070954815999999754e-01,2.569988842875908005e-03
4.071108129000000075e-01,2.569840117347695248e-03
4.071312537999999814e-01,2.569641833336357498e-03
4.071363639000000201e-01,2.569592265314780445e-03
4.071721325000000058e-01,2.569245322537747761e-03
4.071925703000000007e-01,2.569047095745826716e-03
4.072078980000000126e-01,2.568898438166211662e-03
4.072181161999999799e-01,2.568799339071535254e-03
4.072538775999999805e-01,2.568452529774754595e-03
4.072692030000000241e-01,2.568303915091385992e-03
4.073151756999999762e-01,2.567858135366277769e-03
4.073407137999999761e-01,2.567610521649616416e-03
4.073560359000000242e-01,2.567461967710509430e-03
4.073713574999999754e-01,2.567313424487135433e-03
4.074122121000000041e-01,2.566917361610783141e-03
4.074173186000000224e-01,2.566867859107725084e-03
4.074224250999999852e-01,2.566818357795533443e-03
4.074326379000000053e-01,2.566719358742104457e-03
4.074632745999999806e-01,2.566422390144113257e-03
4.074785920999999811e-01,2.566273921911838094e-03
4.075857984999999850e-01,2.565234944088432435e-03
4.075960070999999907e-01,2.565136021176118997e-03
4.076011113999999935e-01,2.565086561503387465e-03
4.076215276999999859e-01,2.564888734704771824e-03
4.076419430000000066e-01,2.564690926929232267e-03
4.076623571999999918e-01,2.564493138174844984e-03
4.076776671999999824e-01,2.564344809090955777e-03
4.076980796999999934e-01,2.564147053619186475e-03
4.077082854999999895e-01,2.564048183014129220e-03
4.077440039999999932e-01,2.563702173329359714e-03
4.077848212999999888e-01,2.563306804978952858e-03
4.077899231000000069e-01,2.563257389280779262e-03
4.078052283999999972e-01,2.563109149313900700e-03
4.078205329999999851e-01,2.562960920036701749e-03
4.078256344999999783e-01,2.562911512653332294e-03
4.078715444000000079e-01,2.562466899639092612e-03
4.079123488999999991e-01,2.562071768809261879e-03
4.079225494000000007e-01,2.561972997972872777e-03
4.079276494999999891e-01,2.561923614335483330e-03
4.079531492999999842e-01,2.561676713950850840e-03
4.079837468999999994e-01,2.561380472652212328e-03
4.079888462999999854e-01,2.561331103255609382e-03
4.080041441000000213e-01,2.561183002185486897e-03
4.080296391000000078e-01,2.560936190796274381e-03
4.080347378999999997e-01,2.560886832077977331e-03
4.080500338999999976e-01,2.560738763038757949e-03
4.080653294000000098e-01,2.560590704674584051e-03
4.081112123999999786e-01,2.560146593626136651e-03
4.081570902000000167e-01,2.559702578621720053e-03
4.081672846000000132e-01,2.559603921661138606e-03
4.081723816999999754e-01,2.559554594959263189e-03
4.081978660999999731e-01,2.559307979227878286e-03
4.082131560999999742e-01,2.559160024012041915e-03
4.082335417999999883e-01,2.558962766980955438e-03
4.082386379999999870e-01,2.558913455685535646e-03
4.082743100999999819e-01,2.558568309793605913e-03
4.082794057999999948e-01,2.558519007975856938e-03
4.083099789999999896e-01,2.558223221948951066e-03
4.083354549000000056e-01,2.557976766165939719e-03
4.083507397000000205e-01,2.557828906907049296e-03
4.083762129999999879e-01,2.557582498491794802e-03
4.083965905999999979e-01,2.557385393071426663e-03
4.084016847999999977e-01,2.557336119676683391e-03
4.084169670999999724e-01,2.557188306593223635e-03
4.084577171000000062e-01,2.556794190453176487e-03
4.084780906000000100e-01,2.556597160786489454e-03
4.084933700000000223e-01,2.556449400961927857e-03
4.085137416999999882e-01,2.556252404426792579e-03
4.085188344999999832e-01,2.556203158251395876e-03
4.085595743000000057e-01,2.555809231431048836e-03
4.086003100999999749e-01,2.555415380309288519e-03
4.086410417999999933e-01,2.555021604868717815e-03
4.086461329000000142e-01,2.554972388258420178e-03
4.086766787000000178e-01,2.554677113425950913e-03
4.087021317000000264e-01,2.554431083570868344e-03
4.087174028000000181e-01,2.554283479840298646e-03
4.087377633000000010e-01,2.554086691410719159e-03
4.087632124999999728e-01,2.553840732459185248e-03
4.087683021999999888e-01,2.553791544213704617e-03
4.087835707999999957e-01,2.553643986564708371e-03
4.088242841999999988e-01,2.553250551475311995e-03
4.088395506999999984e-01,2.553103032805356665e-03
4.088446393999999873e-01,2.553053862276433422e-03
4.088853467999999936e-01,2.552660540560979224e-03
4.088904348999999883e-01,2.552611380659759125e-03
4.089006110000000249e-01,2.552513064399348445e-03
4.089464002000000042e-01,2.552070699659705639e-03
4.089616621000000118e-01,2.551923265991527627e-03
4.089667492999999876e-01,2.551874123795974756e-03
4.089820104999999928e-01,2.551726704289105589e-03
4.090125311999999735e-01,2.551431897135678518e-03
4.090532217999999776e-01,2.551038886998696111e-03
4.090633938000000080e-01,2.550940646260662845e-03
4.090684797999999955e-01,2.550891527660575399e-03
4.091091647999999803e-01,2.550498621318142336e-03
4.091295059000000234e-01,2.550302196448150233e-03
4.091345909999999919e-01,2.550253093177849706e-03
4.091447610000000235e-01,2.550154890175227156e-03
4.091498458999999754e-01,2.550105790442702604e-03
4.091752694999999940e-01,2.549860309460406232e-03
4.091905229000000199e-01,2.549713035016391589e-03
4.092108597999999930e-01,2.549516685592131612e-03
4.092261119000000225e-01,2.549369435897636243e-03
4.092718646999999876e-01,2.548927750444991182e-03
4.092871144999999933e-01,2.548780543167978967e-03
4.092972806999999880e-01,2.548682410873761694e-03
4.093328605000000064e-01,2.548338984945239770e-03
4.093379429999999819e-01,2.548289928809450381e-03
4.093786012999999779e-01,2.547897522115778485e-03
4.093887653000000126e-01,2.547799432217274455e-03
4.093938471999999940e-01,2.547750389033406285e-03
4.094548248000000057e-01,2.547161962653027648e-03
4.094751486000000051e-01,2.546965858189836028e-03
4.095005520000000176e-01,2.546720754088170093e-03
4.095564339000000165e-01,2.546181628598891914e-03
4.096173873000000243e-01,2.545593654019883030e-03
4.096224662999999877e-01,2.545544663781827525e-03
4.096326242000000173e-01,2.545446686833271067e-03
4.096377030999999724e-01,2.545397700122859451e-03
4.096529392000000103e-01,2.545250747045435698e-03
4.096580177999999961e-01,2.545201765036803412e-03
4.096630963999999819e-01,2.545152784204710895e-03
4.096783316000000008e-01,2.545005848760696198e-03
4.096935662999999783e-01,2.544858923895720448e-03
4.097138783000000006e-01,2.544663040529526309e-03
4.097392668000000016e-01,2.544418212763607193e-03
4.097443444000000157e-01,2.544369250736396807e-03
4.097595766000000084e-01,2.544222371702376841e-03
4.097748082000000069e-01,2.544075503242511273e-03
4.097849622999999997e-01,2.543977596810247273e-03
4.098001929999999793e-01,2.543830745972349826e-03
4.098154231999999730e-01,2.543683905705715429e-03
4.098204997000000072e-01,2.543634961298766629e-03
4.098763380000000067e-01,2.543096650339043800e-03
4.099067920000000198e-01,2.542803086062905664e-03
4.099423188999999912e-01,2.542460647820579157e-03
4.100184374999999992e-01,2.541727045234262652e-03
4.100235116000000013e-01,2.541678147781597629e-03
4.100285855999999951e-01,2.541629251502539825e-03
4.100438071999999989e-01,2.541482569704402433e-03
4.100641018000000249e-01,2.541287010395555657e-03
4.100691753999999856e-01,2.541238123500798914e-03
4.101046881000000033e-01,2.540895948075060345e-03
4.101503429000000200e-01,2.540456092671173650e-03
4.101655599999999846e-01,2.540309495306130021e-03
4.101858486000000137e-01,2.540114048565030903e-03
4.102061363000000238e-01,2.539918620576561877e-03
4.102264228999999984e-01,2.539723211340354312e-03
4.102314944000000074e-01,2.539674361961268261e-03
4.102467085000000013e-01,2.539527820853777935e-03
4.102720641000000001e-01,2.539283609108632708e-03
4.103024887000000231e-01,2.538990593675198495e-03
4.103430513999999918e-01,2.538599972024362366e-03
4.103481214999999960e-01,2.538551149588477891e-03
4.103531914999999919e-01,2.538502328323474517e-03
4.104089571999999797e-01,2.537965371687709356e-03
4.104343027999999838e-01,2.537721347317874708e-03
4.104444406000000156e-01,2.537623745763988026e-03
4.104748524999999870e-01,2.537330969190712895e-03
4.104900576000000134e-01,2.537184596702730683e-03
4.105153980999999841e-01,2.536940665956956796e-03
4.105255339000000170e-01,2.536843101848914282e-03
4.105306016999999974e-01,2.536794321549418370e-03
4.105508722999999804e-01,2.536599212051319271e-03
4.106268780999999812e-01,2.535867718099886221e-03
4.106370111000000045e-01,2.535770205451727804e-03
4.106522101999999785e-01,2.535623945249488795e-03
4.106674087000000140e-01,2.535477695568407082e-03
4.106724747000000120e-01,2.535428948012009766e-03
4.106876724999999895e-01,2.535282712358371757e-03
4.107180664000000259e-01,2.534990272608838701e-03
4.107535230000000093e-01,2.534649146072346423e-03
4.107889766000000220e-01,2.534308076787825537e-03
4.108396193000000141e-01,2.533820934244292600e-03
4.108497470999999956e-01,2.533723519750995159e-03
4.108801289999999828e-01,2.533431304295538471e-03
4.108953189999999811e-01,2.533285212330152730e-03
4.109105086000000018e-01,2.533139130872563011e-03
4.109155715999999736e-01,2.533090439388303514e-03
4.109307603999999836e-01,2.532944371939240338e-03
4.109560737999999880e-01,2.532700949534804659e-03
4.109763234000000098e-01,2.532506232618946581e-03
4.110016338999999963e-01,2.532262862729783414e-03
4.110168195000000191e-01,2.532116854797735687e-03
4.110775562999999799e-01,2.531532928064294218e-03
4.110977999000000049e-01,2.531338323143469179e-03
4.111129820000000157e-01,2.531192381698050588e-03
4.111180425000000027e-01,2.531143736881525438e-03
4.111382840999999733e-01,2.530949169275172658e-03
4.111585247000000276e-01,2.530754620323565594e-03
4.111635846999999733e-01,2.530705985999892691e-03
4.112192405999999800e-01,2.530171085373759173e-03
4.112546539999999973e-01,2.529830767486235428e-03
4.112748889000000241e-01,2.529636325755050142e-03
4.113001810999999952e-01,2.529393299804828105e-03
4.113204136999999982e-01,2.529198900010824411e-03
4.113254717000000005e-01,2.529150302974313581e-03
4.113406453999999823e-01,2.529004518852761597e-03
4.113659335000000028e-01,2.528761568607856142e-03
4.114013342999999767e-01,2.528421487168659026e-03
4.114165052000000045e-01,2.528275755443405281e-03
4.114367320999999800e-01,2.528081462774379312e-03
4.114417886000000246e-01,2.528032892516934426e-03
4.114468452000000220e-01,2.527984323423479451e-03
4.114872949999999752e-01,2.527595812572128609e-03
4.115024627000000157e-01,2.527450140203809162e-03
4.115226853999999768e-01,2.527255926668539598e-03
4.115681828000000153e-01,2.526819014267841709e-03
4.115782926000000064e-01,2.526721935418088909e-03
4.115833474999999742e-01,2.526673397738247399e-03
4.116086206999999830e-01,2.526430726781041681e-03
4.116389465999999997e-01,2.526139560005690420e-03
4.116591625000000088e-01,2.525945472074797582e-03
4.116642164000000048e-01,2.525896952998582957e-03
4.116844311000000256e-01,2.525702888317615542e-03
4.116894845999999886e-01,2.525654375053411511e-03
4.117299106999999792e-01,2.525266310779341900e-03
4.117652801999999723e-01,2.524926815546798316e-03
4.118259065000000052e-01,2.524344956159886057e-03
4.118511649000000108e-01,2.524102564111964028e-03
4.118814727999999814e-01,2.523811731975978030e-03
4.119016769000000133e-01,2.523617867106165650e-03
4.119269306000000186e-01,2.523375562140341231e-03
4.119319812000000192e-01,2.523327104629785426e-03
4.119471324999999795e-01,2.523181739061450702e-03
4.119622832000000012e-01,2.523036383938125852e-03
4.119723833999999751e-01,2.522939486326181667e-03
4.120077321000000237e-01,2.522600381236185258e-03
4.120481268000000252e-01,2.522212902173912204e-03
4.120632738000000184e-01,2.522067616666364039e-03
4.120683226999999893e-01,2.522019190483969220e-03
4.120834689999999800e-01,2.521873918894349930e-03
4.121087116000000106e-01,2.521631822773385320e-03
4.121289045000000040e-01,2.521438166749286232e-03
4.121440485999999792e-01,2.521292936905794330e-03
4.121743350000000028e-01,2.521002508519486120e-03
4.121894774000000039e-01,2.520857309975086443e-03
4.122096662999999994e-01,2.520663728143340571e-03
4.122147133999999880e-01,2.520615335582339616e-03
4.122298542999999760e-01,2.520470164853800231e-03
4.122449946999999781e-01,2.520325004554329045e-03
4.122500412999999808e-01,2.520276620104787077e-03
4.122550878999999835e-01,2.520228236814324018e-03
4.122904123000000198e-01,2.519889586221169681e-03
4.123105964000000068e-01,2.519696097081784106e-03
4.123509615000000017e-01,2.519309174398518154e-03
4.123660974000000201e-01,2.519164097500263891e-03
4.123862777000000257e-01,2.518970677845985655e-03
4.124316798000000062e-01,2.518535551351813728e-03
4.124569010999999952e-01,2.518293854923953252e-03
4.124720331000000240e-01,2.518148850954928485e-03
4.125325555000000088e-01,2.517568939220869457e-03
4.125375987000000078e-01,2.517520620763804163e-03
4.125476846999999725e-01,2.517423987318662126e-03
4.125678562000000271e-01,2.517230734308966138e-03
4.125728988999999847e-01,2.517182423948728740e-03
4.125779414999999894e-01,2.517134114744754361e-03
4.126081960999999909e-01,2.516844283805495016e-03
4.126182804999999898e-01,2.516747682743899778e-03
4.126283646000000194e-01,2.516651086306798037e-03
4.126737401000000194e-01,2.516216459569432795e-03
4.126989464999999968e-01,2.515975040729537954e-03
4.127140696000000109e-01,2.515830203294971285e-03
4.127543953000000210e-01,2.515444020981927060e-03
4.127896770000000215e-01,2.515106172117099245e-03
4.127947169999999777e-01,2.515057912614483346e-03
4.128199160000000090e-01,2.514816632427582539e-03
4.128501527999999809e-01,2.514527134316341811e-03
4.128551920999999902e-01,2.514478888672953046e-03
4.128904652000000008e-01,2.514141201501229449e-03
4.128955039000000160e-01,2.514092965095309981e-03
4.129005425999999757e-01,2.514044729843345483e-03
4.129156583999999963e-01,2.513900031014339870e-03
4.129307736000000228e-01,2.513755342575442302e-03
4.129358117999999966e-01,2.513707115403705696e-03
4.130164158999999890e-01,2.512935637614397907e-03
4.130315272999999787e-01,2.512791018412911716e-03
4.130516752000000236e-01,2.512598208961385523e-03
4.131121126999999782e-01,2.512019891332171583e-03
4.131372924000000224e-01,2.511778974661668749e-03
4.131423281000000114e-01,2.511730794786415713e-03
4.131725412999999736e-01,2.511441739744907364e-03
4.131826118999999964e-01,2.511345397286679146e-03
4.131977173999999975e-01,2.511200892243375862e-03
4.132178570000000217e-01,2.511008234987664213e-03
4.132631677999999975e-01,2.510574823573574581e-03
4.132782702999999724e-01,2.510430373841048089e-03
4.132984060000000071e-01,2.510237790325908682e-03
4.133034398000000054e-01,2.510189647326784967e-03
4.133185408000000227e-01,2.510045225240374340e-03
4.133386746000000112e-01,2.509852678583439356e-03
4.133437079000000236e-01,2.509804544797953306e-03
4.133537742999999764e-01,2.509708280682085464e-03
4.133839720999999967e-01,2.509419515970337348e-03
4.134393290000000221e-01,2.508890221641369919e-03
4.134594569000000219e-01,2.508697785507987919e-03
4.134997098000000038e-01,2.508312968478032968e-03
4.135148035999999805e-01,2.508168681077657669e-03
4.135198347999999857e-01,2.508120587578252514e-03
4.135449896999999764e-01,2.507880137338413737e-03
4.135802038999999986e-01,2.507543555312485763e-03
4.136204450000000032e-01,2.507158959142482667e-03
4.136254749000000119e-01,2.507110889796180641e-03
4.136405642000000049e-01,2.506966688654039405e-03
4.136556527999999955e-01,2.506822497858979433e-03
4.136657116999999939e-01,2.506726376410486901e-03
4.136958867000000151e-01,2.506438039651265933e-03
4.137059444999999780e-01,2.506341936592844984e-03
4.137562300000000026e-01,2.505861490250854522e-03
4.137612582999999900e-01,2.505813451936257912e-03
4.138014817999999817e-01,2.505429186776702167e-03
4.138366741999999765e-01,2.505093015064581864e-03
4.138417013999999838e-01,2.505044995128682690e-03
4.138618097999999801e-01,2.504852926866301278e-03
4.138819172000000046e-01,2.504660876976161528e-03
4.139422334000000259e-01,2.504084837515403120e-03
4.139824394000000130e-01,2.503700903028936980e-03
4.139874648999999907e-01,2.503652916382467612e-03
4.140025408999999934e-01,2.503508963326166875e-03
4.140427409999999919e-01,2.503125138989424278e-03
4.140628396000000100e-01,2.502933254351431564e-03
4.140779129000000114e-01,2.502789352916186347e-03
4.141030338000000199e-01,2.502549540127820688e-03
4.141080577999999845e-01,2.502501581010011227e-03
4.141231295000000201e-01,2.502357710536764600e-03
4.141482477000000273e-01,2.502117949345883906e-03
4.141582945000000238e-01,2.502022052894712929e-03
4.141633178999999942e-01,2.501974106388798070e-03
4.141783875000000226e-01,2.501830273747527277e-03
4.141834106000000237e-01,2.501782331826190794e-03
4.142035023999999788e-01,2.501590575602388386e-03
4.142235932000000176e-01,2.501398837715714668e-03
4.142286157000000246e-01,2.501350906108523123e-03
4.142386605999999749e-01,2.501255046332489899e-03
4.142687938999999875e-01,2.500967494501859806e-03
4.142838596999999790e-01,2.500823734053102265e-03
4.142989248999999763e-01,2.500679983913984151e-03
4.143190111000000231e-01,2.500488333097235054e-03
4.143441173999999894e-01,2.500248795345289682e-03
4.143491384999999916e-01,2.500200891229865247e-03
4.144043664000000016e-01,2.499674021536404511e-03
4.144244474000000067e-01,2.499482466900482605e-03
4.144294674999999817e-01,2.499434581103310467e-03
4.144646066000000073e-01,2.499099412569750350e-03
4.144696261999999964e-01,2.499051535927916158e-03
4.144796652000000137e-01,2.498955786078081286e-03
4.144997425999999985e-01,2.498764300108966864e-03
4.145097810000000216e-01,2.498668563989546367e-03
4.145398945000000057e-01,2.498381383087109817e-03
4.145449131999999759e-01,2.498333523607471768e-03
4.145649873999999735e-01,2.498142097125043756e-03
4.146051330000000146e-01,2.497759299057019169e-03
4.146603267999999787e-01,2.497233071201267283e-03
4.147054799000000069e-01,2.496802624018345899e-03
4.147104965999999782e-01,2.496754802267619425e-03
4.147205298000000151e-01,2.496659162194998349e-03
4.147255463000000253e-01,2.496611343872646212e-03
4.147656762999999969e-01,2.496228838429938399e-03
4.147857399000000056e-01,2.496037613127289386e-03
4.147907556000000051e-01,2.495989809657264517e-03
4.148007868999999959e-01,2.495894206144771196e-03
4.148258639999999886e-01,2.495655217349543147e-03
4.148459246999999794e-01,2.495464046870977774e-03
4.148709991000000263e-01,2.495225109464835420e-03
4.148860429999999822e-01,2.495081760722831204e-03
4.149061007000000023e-01,2.494890645049007306e-03
4.149261575000000035e-01,2.494699547640316303e-03
4.149512270999999863e-01,2.494460701559327552e-03
4.149612544999999875e-01,2.494365171115896750e-03
4.149662680999999798e-01,2.494317407605939688e-03
4.149913351999999778e-01,2.494078607172851327e-03
4.150063748000000219e-01,2.493935340604278364e-03
4.150865765999999790e-01,2.493171425632813038e-03
4.151116364999999919e-01,2.492932762079326080e-03
4.151266717000000050e-01,2.492789577629466423e-03
4.151868070999999993e-01,2.492216942432271334e-03
4.152018396000000111e-01,2.492073809278770764e-03
4.152068502999999855e-01,2.492026100506643856e-03
4.152319029000000050e-01,2.491787573740050776e-03
4.152669740000000109e-01,2.491453684122573505e-03
4.152820036000000048e-01,2.491310605660768552e-03
4.153070516999999851e-01,2.491072164339822124e-03
4.153120611000000184e-01,2.491024479492082860e-03
4.153270890999999909e-01,2.490881431784002994e-03
4.153871954000000200e-01,2.490309343434192989e-03
4.154222533999999967e-01,2.489975700940183674e-03
4.154322695000000065e-01,2.489880384757400724e-03
4.154422852999999916e-01,2.489785073127570407e-03
4.154623161000000064e-01,2.489594463523706318e-03
4.154873532999999730e-01,2.489356227123084957e-03
4.155023749000000266e-01,2.489213298936227003e-03
4.155123890999999903e-01,2.489118019167302093e-03
4.155474364999999781e-01,2.488784575808677610e-03
4.155524429999999936e-01,2.488736945592373573e-03
4.155824810000000036e-01,2.488451188183119726e-03
4.155924932000000238e-01,2.488355944810334824e-03
4.156025051000000192e-01,2.488260705986409908e-03
4.156225282000000076e-01,2.488070241983638201e-03
4.156275339000000124e-01,2.488022628824894389e-03
4.156675767999999938e-01,2.487641764483018627e-03
4.156725819000000044e-01,2.487594161555993933e-03
4.157126204000000103e-01,2.487213379050704290e-03
4.157276339000000043e-01,2.487070604361482380e-03
4.157476509999999958e-01,2.486880254017540415e-03
4.157826786000000108e-01,2.486547184654822659e-03
4.157926859000000142e-01,2.486452032203104873e-03
4.158076964999999903e-01,2.486309312044499096e-03
4.158227064999999723e-01,2.486166602106841105e-03
4.158477220999999835e-01,2.485928774924592473e-03
4.158727360999999734e-01,2.485690976129387858e-03
4.159127552999999922e-01,2.485310557091362314e-03
4.159427673000000159e-01,2.485025290486990012e-03
4.159527707999999824e-01,2.484930210698556904e-03
4.159877811000000092e-01,2.484597467182369460e-03
4.160027846000000085e-01,2.484454879837589593e-03
4.160077857000000212e-01,2.484407352992093129e-03
4.160277893000000060e-01,2.484217256953270662e-03
4.160477920000000274e-01,2.484027179063616995e-03
4.160627933000000112e-01,2.483884632555477187e-03
4.160877943999999884e-01,2.483647077723949523e-03
4.161077941999999918e-01,2.483457054269708197e-03
4.161427914999999977e-01,2.483124556876613580e-03
4.161477908999999809e-01,2.483077061783283551e-03
4.161527902000000112e-01,2.483029567824046342e-03
4.161627885999999998e-01,2.482934583305861521e-03
4.161677878000000219e-01,2.482887092747167179e-03
4.161877836999999802e-01,2.482697141845342619e-03
4.161927825000000247e-01,2.482649656953016693e-03
4.162227741999999786e-01,2.482364771398266369e-03
4.162327710000000014e-01,2.482269818612678133e-03
4.162677578000000267e-01,2.481937519547728222e-03
4.162877488999999764e-01,2.481747659290788055e-03
4.163127365000000024e-01,2.481510359454253828e-03
4.163227311000000097e-01,2.481415447447270044e-03
4.163876901999999935e-01,2.480798629805258931e-03
4.164076755000000185e-01,2.480608878254159100e-03
4.164226638999999897e-01,2.480466576475901918e-03
4.164626303000000251e-01,2.480087154863749171e-03
4.164676259000000269e-01,2.480039732254511655e-03
4.164826120999999826e-01,2.479897471216617813e-03
4.165275675999999816e-01,2.479470749194887230e-03
4.165475462000000073e-01,2.479281124373935042e-03
4.165525407999999818e-01,2.479233720997274862e-03
4.165825066000000132e-01,2.478949324480792318e-03
4.166324448000000014e-01,2.478475420748317212e-03
4.166424317999999904e-01,2.478380653567701340e-03
4.166474251000000240e-01,2.478333271673680178e-03
4.166873700000000014e-01,2.477954257209979538e-03
4.167073410000000089e-01,2.477764777102453488e-03
4.167223185999999746e-01,2.477622678886045975e-03
4.167273109999999892e-01,2.477575315074228516e-03
4.167472801000000060e-01,2.477385871123543876e-03
4.167522721999999957e-01,2.477338512960585836e-03
4.167822237000000096e-01,2.477054387705117811e-03
4.167922070000000256e-01,2.476959688322760266e-03
4.168620836999999968e-01,2.476296919132750605e-03
4.168670743999999817e-01,2.476249586945261302e-03
4.168820462999999754e-01,2.476107597154931800e-03
4.168870367999999993e-01,2.476060269483020947e-03
4.169119884999999970e-01,2.475823648054541713e-03
4.169269587000000166e-01,2.475681688742276294e-03
4.169469182000000163e-01,2.475492425458893954e-03
4.169618871999999921e-01,2.475350489845527281e-03
4.169868344000000060e-01,2.475113953056978962e-03
4.169918235999999778e-01,2.475066649084199308e-03
4.170217579000000119e-01,2.474782848937409976e-03
4.170317355000000004e-01,2.474688257912570702e-03
4.170467015000000055e-01,2.474546379835306214e-03
4.170666552000000249e-01,2.474357224854550723e-03
4.170866080999999781e-01,2.474168087916810230e-03
4.171065599000000068e-01,2.473978969020890813e-03
4.171115476999999738e-01,2.473931692115473400e-03
4.171215232000000106e-01,2.473837141686671508e-03
4.171265108000000166e-01,2.473789868164197325e-03
4.171664098000000265e-01,2.473411720560121999e-03
4.172013183000000125e-01,2.473080900577893405e-03
4.172312375000000184e-01,2.472797384541154664e-03
4.172661404999999935e-01,2.472466667093927394e-03
4.172711264000000253e-01,2.472419426250927355e-03
4.172860837999999850e-01,2.472277710478437522e-03
4.173060261000000049e-01,2.472088771883040447e-03
4.173508928999999923e-01,2.471663725923342950e-03
4.173658473999999896e-01,2.471522064203956690e-03
4.173808014000000011e-01,2.471380412617177422e-03
4.173907703999999996e-01,2.471285983854256459e-03
4.174057234999999921e-01,2.471144349152055129e-03
4.174206759999999905e-01,2.471002724579399873e-03
4.174256600999999844e-01,2.470955518640302953e-03
4.174406118999999804e-01,2.470813907573282241e-03
4.174854641999999894e-01,2.470389135137226414e-03
4.175253288999999923e-01,2.470011636142048581e-03
4.175402771000000235e-01,2.469870092579349013e-03
4.175452598000000126e-01,2.469822913640692605e-03
4.175851186999999798e-01,2.469445522619542061e-03
4.176000648000000037e-01,2.469304019539956749e-03
4.176249738000000211e-01,2.469068203560819286e-03
4.176698063000000016e-01,2.468643805616443747e-03
4.177395361999999834e-01,2.467983811971463139e-03
4.177494965999999921e-01,2.467889545142065624e-03
4.177594567999999842e-01,2.467795282806007837e-03
4.177644368999999802e-01,2.467748153323595216e-03
4.177843564000000010e-01,2.467559646623529706e-03
4.178241925000000245e-01,2.467182687132943482e-03
4.178391300000000030e-01,2.467041345852552005e-03
4.178441091000000274e-01,2.466994234337859145e-03
4.178590460000000117e-01,2.466852906530901841e-03
4.178690036000000108e-01,2.466758693606413075e-03
4.179038533000000166e-01,2.466428983730873346e-03
4.179436780999999934e-01,2.466052239787091052e-03
4.179635890000000242e-01,2.465863894747929823e-03
4.179785215999999859e-01,2.465722647749427499e-03
4.180183391999999776e-01,2.465346038448195786e-03
4.180233161999999947e-01,2.465298967333179585e-03
4.180282929999999952e-01,2.465251897340103599e-03
4.180631295000000192e-01,2.464922438791095939e-03
4.180681058999999866e-01,2.464875377769622494e-03
4.180780585000000160e-01,2.464781259091473626e-03
4.181079149999999967e-01,2.464498929965709770e-03
4.181228424000000277e-01,2.464357780537636614e-03
4.181377693000000173e-01,2.464216641198870451e-03
4.181427448000000213e-01,2.464169596995050612e-03
4.181825467999999990e-01,2.463793283708531207e-03
4.181875218000000172e-01,2.463746249590401029e-03
4.182024463999999830e-01,2.463605153961134428e-03
4.182273195000000277e-01,2.463370016987596976e-03
4.182621394000000103e-01,2.463040872278722451e-03
4.182969563999999751e-01,2.462711782455296976e-03
4.183069036000000018e-01,2.462617766871101621e-03
4.183168505000000037e-01,2.462523755766425453e-03
4.183417167999999853e-01,2.462288747598510852e-03
4.183466899000000128e-01,2.462241749324597159e-03
4.183616088000000066e-01,2.462100761218055222e-03
4.183964175000000063e-01,2.461771828151936535e-03
4.184212790999999876e-01,2.461536909540199946e-03
4.184262512999999961e-01,2.461489929174890106e-03
4.184660263000000158e-01,2.461114126539711358e-03
4.184958550000000277e-01,2.460832321554779368e-03
4.185008263000000173e-01,2.460785357972155880e-03
4.185555061999999826e-01,2.460268832390627176e-03
4.185604767000000170e-01,2.460221882229510649e-03
4.185853285999999729e-01,2.459987148197949423e-03
4.186002389999999851e-01,2.459846321196272178e-03
4.186350278000000036e-01,2.459517763985817358e-03
4.186549058999999851e-01,2.459330041600396328e-03
4.186598752999999840e-01,2.459283113798010120e-03
4.186648445999999746e-01,2.459236187113765949e-03
4.186797521000000244e-01,2.459095413764420413e-03
4.186946591999999856e-01,2.458954650473192845e-03
4.187393770999999765e-01,2.458532420933170950e-03
4.187443455000000037e-01,2.458485512125993359e-03
4.187791222999999730e-01,2.458157181749905367e-03
4.187840902000000143e-01,2.458110281878084571e-03
4.187940258000000249e-01,2.458016485485508065e-03
4.187989936000000024e-01,2.457969588963922290e-03
4.188387331000000269e-01,2.457594456991985497e-03
4.188784689999999755e-01,2.457219396473753203e-03
4.188983354999999964e-01,2.457031893004670356e-03
4.189033019000000246e-01,2.456985019927962564e-03
4.189182009999999901e-01,2.456844407393428149e-03
4.189430316000000154e-01,2.456610075488930775e-03
4.189579292999999760e-01,2.456469489735864029e-03
4.189728263999999980e-01,2.456328914023732379e-03
4.190125494999999978e-01,2.455954094543944932e-03
4.190175146999999822e-01,2.455907247128988943e-03
4.190224797000000057e-01,2.455860400828833914e-03
4.190373746000000121e-01,2.455719868620740744e-03
4.190572335000000148e-01,2.455532507955243259e-03
4.190621981000000051e-01,2.455485670576340422e-03
4.190969486000000188e-01,2.455157840146611047e-03
4.191118408000000239e-01,2.455017358114821094e-03
4.191565141999999966e-01,2.454595972209694214e-03
4.191962199000000000e-01,2.454221482745686661e-03
4.192160712999999927e-01,2.454034264755622710e-03
4.192359218000000221e-01,2.453847064591416303e-03
4.192557713999999769e-01,2.453659882249907640e-03
4.192607335999999907e-01,2.453613089449365771e-03
4.192905057999999907e-01,2.453332356033669902e-03
4.193004294000000076e-01,2.453238787138225640e-03
4.193351602000000011e-01,2.452911331078297917e-03
4.193500439000000246e-01,2.452771009467388536e-03
4.194095735999999741e-01,2.452209823208192918e-03
4.194542151999999802e-01,2.451789038681181313e-03
4.194591751000000257e-01,2.451742290408724656e-03
4.194938926999999818e-01,2.451415083648447301e-03
4.194988521999999942e-01,2.451368344274825438e-03
4.195087707999999860e-01,2.451274868865011437e-03
4.195137300999999819e-01,2.451228132828772027e-03
4.195385253999999731e-01,2.450994469327956015e-03
4.195682779000000084e-01,2.450714109825270944e-03
4.195732365000000019e-01,2.450667387133619989e-03
4.196178607000000116e-01,2.450246932933039957e-03
4.196476076000000277e-01,2.449966680154922870e-03
4.196723950999999841e-01,2.449733166735473897e-03
4.197318789999999744e-01,2.449172847864599170e-03
4.197368356000000245e-01,2.449126161847213837e-03
4.197467485999999970e-01,2.449032793143011196e-03
4.197517050999999833e-01,2.448986110457615495e-03
4.197715302000000204e-01,2.448799390821200690e-03
4.197913543999999830e-01,2.448612688953974784e-03
4.198111776999999822e-01,2.448426004855376158e-03
4.198161334000000133e-01,2.448379336606428588e-03
4.198260446000000035e-01,2.448286003439520842e-03
4.198706420000000161e-01,2.447866059141312438e-03
4.199102800999999774e-01,2.447492850799179269e-03
4.199251433999999783e-01,2.447352915981727828e-03
4.199499145000000211e-01,2.447119713478189927e-03
4.199697303000000104e-01,2.446933171445860641e-03
4.199746840999999953e-01,2.446886538710712437e-03
4.199845915000000041e-01,2.446793276570052508e-03
4.200291721000000145e-01,2.446373651837376994e-03
4.200440312000000009e-01,2.446233796889082848e-03
4.200489841000000224e-01,2.446187180790854784e-03
4.200638426000000147e-01,2.446047339148577082e-03
4.200886053999999814e-01,2.445814291919719448e-03
4.200935578000000170e-01,2.445767685799891001e-03
4.201678368000000274e-01,2.445068727011706806e-03
4.201727882999999886e-01,2.445022138624750822e-03
4.202074469000000034e-01,2.444696050942295629e-03
4.202123978999999787e-01,2.444649471418991644e-03
4.202222997999999765e-01,2.444556315696374930e-03
4.202272505999999908e-01,2.444509739496639363e-03
4.202421027000000087e-01,2.444370017544106755e-03
4.202520037999999958e-01,2.444276875114094038e-03
4.202668551000000030e-01,2.444137169774884995e-03
4.203015059999999914e-01,2.443811229410256577e-03
4.203064557999999784e-01,2.443764670930717413e-03
4.203262548000000209e-01,2.443578448082529917e-03
4.203460528999999890e-01,2.443392242948374052e-03
4.203707991000000255e-01,2.443159511437593100e-03
4.204004927000000169e-01,2.442880270148610651e-03
4.204054414000000239e-01,2.442833733807888309e-03
4.204648215999999827e-01,2.442275384017003354e-03
4.204846131000000153e-01,2.442089302821953863e-03
4.205390350000000055e-01,2.441577670783380560e-03
4.205637698999999952e-01,2.441345154998692847e-03
4.205687167000000115e-01,2.441298655158991460e-03
4.205835567999999802e-01,2.441159162271878697e-03
4.205983963000000103e-01,2.441019679334797618e-03
4.206082890000000241e-01,2.440926696237035419e-03
4.206181815000000213e-01,2.440833717560113650e-03
4.206231276999999880e-01,2.440787229879979887e-03
4.206429118000000189e-01,2.440601290211222383e-03
4.206874225000000189e-01,2.440182990600567661e-03
4.207022583999999732e-01,2.440043577285336534e-03
4.207170937999999971e-01,2.439904173912310886e-03
4.207269837000000012e-01,2.439811243854023409e-03
4.208060948999999829e-01,2.439067962424438813e-03
4.208209265999999782e-01,2.438928628626754313e-03
4.208407013000000085e-01,2.438742865686318890e-03
4.208456448999999822e-01,2.438696427710757182e-03
4.208604751999999727e-01,2.438557120406914958e-03
4.208753049000000246e-01,2.438417823036460180e-03
4.208802481000000206e-01,2.438371392787547220e-03
4.209197910999999959e-01,2.437999990520374211e-03
4.209247336999999978e-01,2.437953570202675956e-03
4.209346187999999933e-01,2.437860732877214671e-03
4.209790986999999984e-01,2.437443019520957408e-03
4.210186324999999896e-01,2.437071793764443786e-03
4.210383979000000276e-01,2.436886207352830305e-03
4.210581624999999995e-01,2.436700638583852007e-03
4.210828669000000191e-01,2.436468702428609863e-03
4.211520314000000154e-01,2.435819427795055982e-03
4.211619112000000165e-01,2.435726691908223461e-03
4.211717906999999927e-01,2.435633960429822026e-03
4.211915489999999984e-01,2.435448510692632060e-03
4.212014277999999723e-01,2.435355792435007962e-03
4.212310628000000001e-01,2.435077664097750651e-03
4.212360016999999734e-01,2.435031313229784819e-03
4.212755114000000245e-01,2.434660545936349028e-03
4.212804498000000120e-01,2.434614204980239689e-03
4.212952648000000133e-01,2.434475188718034436e-03
4.213347688999999896e-01,2.434104527128570263e-03
4.213495818999999920e-01,2.433965547196692211e-03
4.214137659000000147e-01,2.433363415283073140e-03
4.214384494000000259e-01,2.433131875602530855e-03
4.214532589000000162e-01,2.432992964995531974e-03
4.214730039999999844e-01,2.432807766253519775e-03
4.214878121999999783e-01,2.432668878745888798e-03
4.215075555999999724e-01,2.432483710800177005e-03
4.215124914000000222e-01,2.432437421563394837e-03
4.215174270000000001e-01,2.432391133425825403e-03
4.215322336999999808e-01,2.432252275610476480e-03
4.215470398000000229e-01,2.432113427692039406e-03
4.215519750999999760e-01,2.432067147251322243e-03
4.215717154999999994e-01,2.431882036482599721e-03
4.215914551000000121e-01,2.431696943302438883e-03
4.216358657000000010e-01,2.431280547945812061e-03
4.216506682000000228e-01,2.431141769274567602e-03
4.216654700999999950e-01,2.431003000492845505e-03
4.216753377999999941e-01,2.430910493465130839e-03
4.217098729000000046e-01,2.430586753474004314e-03
4.217246727999999778e-01,2.430448024240827645e-03
4.217937320999999851e-01,2.429800751840913067e-03
4.218233255000000126e-01,2.429523415263763319e-03
4.218282575000000256e-01,2.429477196343278640e-03
4.218825059999999905e-01,2.428968860656043928e-03
4.218874374000000094e-01,2.428922654906105500e-03
4.219071621000000105e-01,2.428737842876870986e-03
4.219120932000000046e-01,2.428691642612852437e-03
4.219515394999999724e-01,2.428322079995236249e-03
4.219860520000000004e-01,2.427998770294063132e-03
4.219909821000000227e-01,2.427952587581350911e-03
4.220057722000000178e-01,2.427814046021302147e-03
4.220304210999999972e-01,2.427583165353816661e-03
4.220402802000000064e-01,2.427490820762156620e-03
4.220649270999999869e-01,2.427259978468406746e-03
4.221191451999999900e-01,2.426752221884376226e-03
4.221240736999999910e-01,2.426706068770927149e-03
4.221388590999999857e-01,2.426567616004932960e-03
4.221635001999999859e-01,2.426336883309399440e-03
4.221782841999999758e-01,2.426198456840558508e-03
4.221979954000000257e-01,2.426013903550710681e-03
4.222226331000000221e-01,2.425783236585437371e-03
4.222620503999999775e-01,2.425414226391277121e-03
4.222669773000000126e-01,2.425368105045123436e-03
4.222817575999999740e-01,2.425229747574799907e-03
4.223014640000000153e-01,2.425045286277046144e-03
4.223063904000000091e-01,2.424999173688601427e-03
4.223408739000000245e-01,2.424676416225314806e-03
4.223457998999999852e-01,2.424630312394157952e-03
4.223852056999999882e-01,2.424261521145799295e-03
4.223999818999999989e-01,2.424123242482791474e-03
4.224196827000000209e-01,2.423938886250208251e-03
4.224393826000000240e-01,2.423754547521438964e-03
4.224640062000000196e-01,2.423524148722677653e-03
4.225034010000000007e-01,2.423155567517169730e-03
4.225181731000000052e-01,2.423017367608337833e-03
4.225378684000000162e-01,2.422833116370790279e-03
4.225723330000000222e-01,2.422510718794439015e-03
4.225772562999999815e-01,2.422464666370494416e-03
4.225920257999999929e-01,2.422326515656093599e-03
4.226117175999999920e-01,2.422142330004612137e-03
4.226363311999999928e-01,2.421912122528319979e-03
4.226560209999999929e-01,2.421727976215547456e-03
4.226609432999999805e-01,2.421681942368178464e-03
4.226707876999999947e-01,2.421589877952248695e-03
4.226953977999999834e-01,2.421359736028865558e-03
4.227396923999999778e-01,2.420945549378131830e-03
4.227495350000000096e-01,2.420853519912993888e-03
4.227544563000000255e-01,2.420807506818630113e-03
4.227741406000000146e-01,2.420623465359812102e-03
4.228135063999999832e-01,2.420255434845730233e-03
4.228184268999999884e-01,2.420209435943713409e-03
4.228331880000000265e-01,2.420071445786772715e-03
4.228577886000000063e-01,2.419841484020408655e-03
4.228725482999999841e-01,2.419703520055935860e-03
4.229315819999999726e-01,2.419151762398332427e-03
4.229365010999999730e-01,2.419105789684161765e-03
4.229512581000000049e-01,2.418967878087956679e-03
4.229709332000000099e-01,2.418784011228512255e-03
4.230151989000000001e-01,2.418370374590789358e-03
4.230496246000000071e-01,2.418048718264666393e-03
4.230643775999999856e-01,2.417910881904444115e-03
4.230692951999999729e-01,2.417864938631514131e-03
4.230938820999999850e-01,2.417635238614919500e-03
4.231233844999999771e-01,2.417359634558676005e-03
4.231283014000000176e-01,2.417313704362824937e-03
4.231725505999999748e-01,2.416900381630872341e-03
4.231872993999999943e-01,2.416762626996616335e-03
4.232020476000000198e-01,2.416624882164440484e-03
4.232118793999999906e-01,2.416533057722117239e-03
4.232266268000000053e-01,2.416395329226956028e-03
4.232413736000000259e-01,2.416257610532533164e-03
4.232462891000000060e-01,2.416211706478749340e-03
4.232905260000000003e-01,2.415798618991877103e-03
4.233003558000000277e-01,2.415706833748060712e-03
4.233052706000000054e-01,2.415660942758973782e-03
4.233298437999999941e-01,2.415431504139962417e-03
4.233445871000000027e-01,2.415293854029258117e-03
4.233593298000000171e-01,2.415156213712422225e-03
4.233691580000000232e-01,2.415064458941624907e-03
4.233789860000000127e-01,2.414972708524538124e-03
4.234084685000000237e-01,2.414697483382935612e-03
4.234379489999999802e-01,2.414422297404559582e-03
4.234625144999999979e-01,2.414193005667439849e-03
4.235018164000000085e-01,2.413826195438006049e-03
4.235214659000000048e-01,2.413642816418364034e-03
4.235362025000000141e-01,2.413505293569485378e-03
4.235558504999999974e-01,2.413321944989410030e-03
4.235656741000000114e-01,2.413230277221069166e-03
4.235804090999999993e-01,2.413092783720786547e-03
4.236147888999999833e-01,2.412772003589294754e-03
4.236589873000000117e-01,2.412359650223848927e-03
4.236737191000000124e-01,2.412222218656269630e-03
4.236786296000000229e-01,2.412176410306275751e-03
4.236835400000000251e-01,2.412130603042409154e-03
4.237130013000000028e-01,2.411855782268974933e-03
4.237179113999999802e-01,2.411809982607515754e-03
4.237620990000000032e-01,2.411397834519999998e-03
4.237719179000000169e-01,2.411306257999052023e-03
4.238160999000000206e-01,2.410894217389640808e-03
4.238357348999999830e-01,2.410711116450292828e-03
4.238553689999999818e-01,2.410528032873564003e-03
4.238750021000000090e-01,2.410344966658882308e-03
4.238799102999999957e-01,2.410299202817864361e-03
4.238946344000000255e-01,2.410161917803862498e-03
4.239338961999999933e-01,2.409795872164708676e-03
4.239927820000000125e-01,2.409246933852575868e-03
4.239976887999999944e-01,2.409201196042121910e-03
4.240124088000000180e-01,2.409063989113817677e-03
4.240320347000000045e-01,2.408881061721001009e-03
4.240369410000000006e-01,2.408835332582869894e-03
4.240663778000000050e-01,2.408560980516245582e-03
4.240761895999999864e-01,2.408469538498461422e-03
4.240860012000000068e-01,2.408378100814755063e-03
4.241154346000000075e-01,2.408103813772168554e-03
4.241546759000000000e-01,2.407738158387994105e-03
4.241644856999999824e-01,2.407646755375929173e-03
4.241693905000000209e-01,2.407601055494278108e-03
4.242086267999999882e-01,2.407235495431717543e-03
4.242282435999999990e-01,2.407052741390934558e-03
4.242331476999999795e-01,2.407007055588339557e-03
4.242870885999999730e-01,2.406504583209888651e-03
4.243017986000000019e-01,2.406367568021065047e-03
4.243067018000000190e-01,2.406321898456340470e-03
4.243214110999999900e-01,2.406184896255335152e-03
4.243410227000000146e-01,2.406002241805141849e-03
4.243459253999999903e-01,2.405956580897360923e-03
4.243655358999999794e-01,2.405773948088411537e-03
4.243802430999999986e-01,2.405636984842055189e-03
4.244243617999999829e-01,2.405226153519639601e-03
4.244292635999999952e-01,2.405180511003292883e-03
4.244635746000000043e-01,2.404861043669741759e-03
4.244684758999999752e-01,2.404815409804641427e-03
4.244782784000000198e-01,2.404724145318669001e-03
4.244978828000000037e-01,2.404541629321293918e-03
4.245419892000000250e-01,2.404131031569658669e-03
4.245566903999999919e-01,2.403994185109622952e-03
4.245615905999999828e-01,2.403948571783757863e-03
4.245811910999999772e-01,2.403766129289177777e-03
4.245860911000000071e-01,2.403720521367354920e-03
4.246007907000000081e-01,2.403583704084748772e-03
4.246154898000000233e-01,2.403446896525965933e-03
4.246399872000000131e-01,2.403218905536458685e-03
4.246546849000000234e-01,2.403082123905517752e-03
4.246987750999999811e-01,2.402671837338797578e-03
4.247036737000000062e-01,2.402626255342647787e-03
4.247134707999999925e-01,2.402535094588955505e-03
4.247379625000000103e-01,2.402307211600952699e-03
4.247428607000000023e-01,2.402261638242230053e-03
4.247918392999999737e-01,2.401805964029472915e-03
4.248212237999999807e-01,2.401532611311288975e-03
4.248603999000000186e-01,2.401168201449106927e-03
4.248701933999999847e-01,2.401077109773659072e-03
4.248946760000000267e-01,2.400849399462394191e-03
4.249387412999999780e-01,2.400439588856569280e-03
4.249534287000000243e-01,2.400303004733230199e-03
4.249779066000000105e-01,2.400075386094783093e-03
4.249925925999999965e-01,2.399938827849105571e-03
4.250072782000000049e-01,2.399802279306005332e-03
4.250268581000000157e-01,2.399620229674291182e-03
4.250562263000000063e-01,2.399347187561486332e-03
4.250904866999999920e-01,2.399028687463636463e-03
4.250953807999999778e-01,2.398983191759596414e-03
4.251100628000000214e-01,2.398846711112790232e-03
4.251247443000000237e-01,2.398710240162023159e-03
4.251296379999999764e-01,2.398664751999167802e-03
4.251687856999999959e-01,2.398300885477535390e-03
4.251834650999999909e-01,2.398164453302735998e-03
4.251883582000000050e-01,2.398118978065133088e-03
4.252470702000000213e-01,2.397573359198995266e-03
4.252617470000000233e-01,2.397436978706007915e-03
4.252862070999999800e-01,2.397209699411906401e-03
4.253057741999999863e-01,2.397027895349776883e-03
4.253302318000000137e-01,2.396800664484467162e-03
4.253644701000000028e-01,2.396482586464658213e-03
4.254035961000000032e-01,2.396119133273598694e-03
4.254084866000000242e-01,2.396073706465192635e-03
4.254378285000000037e-01,2.395801168198107272e-03
4.254622785000000129e-01,2.395574082547425633e-03
4.254867271000000173e-01,2.395347023776450788e-03
4.254965061000000048e-01,2.395256207792908869e-03
4.255209528000000185e-01,2.395029186646771731e-03
4.255258418999999792e-01,2.394983785642256814e-03
4.255405091000000195e-01,2.394847589076997980e-03
4.255551757000000102e-01,2.394711402183282226e-03
4.255796190000000201e-01,2.394484445519818629e-03
4.255942842000000059e-01,2.394348284415594511e-03
4.256382770000000093e-01,2.393939859115047208e-03
4.256578279000000076e-01,2.393758364687284014e-03
4.256822652999999734e-01,2.393531520816038257e-03
4.257115882999999990e-01,2.393259343607278492e-03
4.257164753000000079e-01,2.393213984497436202e-03
4.257311357999999935e-01,2.393077913608704713e-03
4.257506824999999773e-01,2.392896500785525286e-03
4.257751144999999959e-01,2.392669758908669026e-03
4.257995451000000098e-01,2.392443043862772963e-03
4.258142027999999857e-01,2.392307027713471475e-03
4.258337455999999799e-01,2.392125687868861851e-03
4.258386311999999840e-01,2.392080355589565159e-03
4.258874838000000218e-01,2.391627091804827531e-03
4.259070232000000122e-01,2.391445816324140085e-03
4.259314463000000162e-01,2.391219246104277565e-03
4.259460994000000000e-01,2.391083316839159086e-03
4.259900558999999975e-01,2.390675586941684149e-03
4.259949397000000193e-01,2.390630288979533370e-03
4.260095906999999960e-01,2.390494401524903990e-03
4.260340078000000030e-01,2.390267943870544396e-03
4.260486574999999831e-01,2.390132082138126269e-03
4.260681895000000274e-01,2.389950948162990457e-03
4.261072510000000202e-01,2.389588731641351018e-03
4.261121333999999816e-01,2.389543459397445047e-03
4.261218981000000072e-01,2.389452918122322769e-03
4.261463087999999844e-01,2.389226583678228082e-03
4.261511908000000237e-01,2.389181320002614888e-03
4.261853630999999920e-01,2.388864504257515176e-03
4.261902445999999900e-01,2.388819249148516847e-03
4.262244137999999793e-01,2.388502493364448066e-03
4.262439377999999723e-01,2.388321513610091196e-03
4.262585802000000146e-01,2.388185790033817580e-03
4.262781026999999945e-01,2.388004840250426957e-03
4.262829831000000125e-01,2.387959605479392147e-03
4.263415443999999943e-01,2.387416871694577041e-03
4.263464242000000182e-01,2.387371650833618880e-03
4.263610630999999929e-01,2.387235994669246845e-03
4.263854601000000022e-01,2.387009922454030961e-03
4.264000976999999803e-01,2.386874291959676254e-03
4.264196136000000248e-01,2.386693466271391350e-03
4.264586429000000178e-01,2.386331866220957158e-03
4.264635212999999814e-01,2.386286671025561988e-03
4.264781561000000054e-01,2.386151091853877786e-03
4.265171799999999958e-01,2.385789594427480034e-03
4.265318129999999819e-01,2.385654050527410454e-03
4.265366905999999902e-01,2.385608871364594628e-03
4.265805862000000004e-01,2.385202306982158772e-03
4.265903401999999733e-01,2.385111971093846050e-03
4.265952170999999793e-01,2.385066804752517585e-03
4.266537355000000198e-01,2.384524891964657362e-03
4.266683638000000056e-01,2.384389437796382693e-03
4.266732397999999926e-01,2.384344288542757876e-03
4.266927433000000103e-01,2.384163702205847196e-03
4.267366228000000206e-01,2.383757445399890384e-03
4.267512482999999968e-01,2.383622045678883590e-03
4.268097452999999875e-01,2.383080542839867769e-03
4.268292425999999917e-01,2.382900076036642122e-03
4.268438648999999807e-01,2.382764737136900887e-03
4.268536128000000041e-01,2.382674516536727877e-03
4.268682342999999824e-01,2.382539193635992581e-03
4.268877288999999853e-01,2.382358778034066645e-03
4.269023491999999753e-01,2.382223477531085140e-03
4.269267152999999815e-01,2.381997998017776341e-03
4.269315884000000061e-01,2.381952905313625395e-03
4.269462071999999830e-01,2.381817633599270321e-03
4.269608254999999741e-01,2.381682371479664287e-03
4.269705708000000044e-01,2.381592202062896447e-03
4.269803159000000181e-01,2.381502036910345625e-03
4.269998052999999794e-01,2.381321719395191900e-03
4.270241658000000218e-01,2.381096346479832752e-03
4.270436532999999923e-01,2.380916067328933509e-03
4.270485250000000121e-01,2.380871000205227444e-03
4.270582681999999797e-01,2.380780869153355933e-03
4.270631397999999912e-01,2.380735805225894786e-03
4.271167231999999925e-01,2.380240172329835344e-03
4.271362063999999958e-01,2.380059974139065761e-03
4.271605592000000118e-01,2.379834750361662071e-03
4.271654295000000268e-01,2.379789708800018454e-03
4.271800404000000162e-01,2.379654590505530468e-03
4.271946507000000115e-01,2.379519481792232057e-03
4.272043905999999835e-01,2.379429414639884673e-03
4.272433480999999755e-01,2.379069188607562443e-03
4.272774330999999925e-01,2.378754046703730578e-03
4.272823021000000110e-01,2.378709030687925843e-03
4.272969088999999943e-01,2.378573989025889544e-03
4.273115152999999999e-01,2.378438956939259684e-03
4.273212525000000261e-01,2.378348940867259717e-03
4.273553312000000215e-01,2.378033918123099565e-03
4.273699355999999727e-01,2.377898924330650900e-03
4.273748036000000194e-01,2.377853928526964603e-03
4.274380824999999828e-01,2.377269079840226441e-03
4.274721518999999859e-01,2.376954235736348110e-03
4.275062185999999875e-01,2.376639443713653762e-03
4.275159513999999827e-01,2.376549512700428055e-03
4.275694780000000028e-01,2.376054968096117433e-03
4.275840750000000079e-01,2.375920114604467958e-03
4.275889406000000226e-01,2.375875165564626194e-03
4.275938060999999735e-01,2.375830217586996813e-03
4.276035369000000252e-01,2.375740324819035267e-03
4.276716466000000105e-01,2.375111194380219448e-03
4.276862401000000036e-01,2.374976407789569470e-03
4.277056973999999734e-01,2.374796707197519927e-03
4.277251537999999798e-01,2.374617023589107971e-03
4.277446093000000227e-01,2.374437356961329060e-03
4.277494729999999912e-01,2.374392442957642263e-03
4.277592002999999754e-01,2.374302618133885667e-03
4.277640638999999911e-01,2.374257707313353564e-03
4.278175593999999915e-01,2.373763758315742753e-03
4.278613236000000097e-01,2.373359713697445993e-03
4.278661859999999817e-01,2.373314825154006387e-03
4.278807728999999838e-01,2.373180165886206155e-03
4.279002212999999943e-01,2.373000635040475176e-03
4.279050831999999804e-01,2.372955754980037198e-03
4.279196687999999860e-01,2.372821121159457251e-03
4.279342537999999974e-01,2.372686496880701667e-03
4.279780060000000219e-01,2.372282681282566683e-03
4.279828670999999973e-01,2.372237818182571737e-03
4.279974500000000015e-01,2.372103235239943382e-03
4.280217538000000155e-01,2.371878951528863522e-03
4.280363354000000231e-01,2.371744394016866726e-03
4.280703571000000207e-01,2.371430463566699242e-03
4.280946567000000202e-01,2.371206259308930066e-03
4.280995164999999991e-01,2.371161421634446643e-03
4.281286738000000258e-01,2.370892417828195532e-03
4.281383925000000201e-01,2.370802758364607202e-03
4.281529700999999744e-01,2.370668277109292798e-03
4.281724062000000219e-01,2.370488983591902826e-03
4.282064171000000141e-01,2.370175260690659570e-03
4.282549995000000109e-01,2.369727175078896984e-03
4.282890039000000204e-01,2.369413578110567999e-03
4.283278627000000061e-01,2.369055245048492468e-03
4.283327197999999836e-01,2.369010458175584664e-03
4.283618612999999797e-01,2.368741759147232218e-03
4.283715746999999796e-01,2.368652201264544264e-03
4.283812879000000184e-01,2.368562647611247452e-03
4.283861444000000018e-01,2.368517872370130666e-03
4.284007134999999744e-01,2.368383552992178037e-03
4.284055697999999968e-01,2.368338781980998398e-03
4.284249943999999810e-01,2.368159708506605270e-03
4.284589852999999837e-01,2.367846370622380282e-03
4.284638409000000037e-01,2.367801612295615792e-03
4.284881181999999900e-01,2.367577836511658169e-03
4.285026839000000143e-01,2.367443583722304325e-03
4.285221040000000148e-01,2.367264594795380483e-03
4.285560871999999910e-01,2.366951404845520773e-03
4.285657962000000154e-01,2.366861931510340269e-03
4.285803592999999911e-01,2.366727729428571257e-03
4.285997758999999796e-01,2.366548808105130557e-03
4.286046299999999865e-01,2.366504080414886732e-03
4.286191917000000129e-01,2.366369903677860518e-03
4.286919929999999934e-01,2.365699162525613814e-03
4.286968460000000203e-01,2.365654454894007032e-03
4.287114046000000123e-01,2.365520338330053072e-03
4.287696341000000189e-01,2.364983967047893775e-03
4.287744862000000268e-01,2.364939276298567723e-03
4.287938941000000170e-01,2.364760523853368275e-03
4.287987459000000001e-01,2.364715838379266057e-03
4.288133009999999801e-01,2.364581788285099236e-03
4.288278556999999824e-01,2.364447747683046976e-03
4.288521123999999851e-01,2.364224367772812044e-03
4.288666656999999827e-01,2.364090352480313281e-03
4.288715167000000106e-01,2.364045682825304927e-03
4.289151733000000077e-01,2.363643703370652861e-03
4.289491253000000115e-01,2.363331111714881035e-03
4.289539754000000205e-01,2.363286459979492028e-03
4.289685252000000060e-01,2.363152511097272885e-03
4.289879242999999898e-01,2.362973927341208147e-03
4.290024731000000036e-01,2.362840000587762210e-03
4.290315690000000015e-01,2.362572175525091273e-03
4.290800579999999864e-01,2.362125884690352302e-03
4.290849064999999740e-01,2.362081261399571943e-03
4.291043004000000272e-01,2.361902778767055108e-03
4.291430853000000045e-01,2.361545864039664086e-03
4.291479331999999980e-01,2.361501254437252308e-03
4.291576288000000239e-01,2.361412038388548216e-03
4.291867142999999940e-01,2.361144415505444204e-03
4.292012563000000003e-01,2.361010618272106447e-03
4.292206447999999952e-01,2.360832236695250413e-03
4.292351857000000215e-01,2.360698461560923212e-03
4.292594193000000002e-01,2.360475524046286300e-03
4.292788052000000021e-01,2.360297192970889184e-03
4.292933440999999739e-01,2.360163455709369737e-03
4.293175744000000127e-01,2.359940581309747341e-03
4.293321119999999880e-01,2.359806869290226924e-03
4.293757216999999904e-01,2.359405790014264693e-03
4.293805669999999908e-01,2.359361230906758481e-03
4.294193270000000173e-01,2.359004795894459328e-03
4.294483947000000135e-01,2.358737513779418822e-03
4.294726162999999985e-01,2.358514807583118357e-03
4.294919925999999832e-01,2.358336661539294204e-03
4.295694890999999793e-01,2.357624245443226511e-03
4.296082320999999871e-01,2.357268138216586650e-03
4.296227597999999759e-01,2.357134615330522525e-03
4.296276023000000222e-01,2.357090109801574570e-03
4.296421293000000086e-01,2.356956599513885912e-03
4.296518138000000042e-01,2.356867597903816638e-03
4.296857076000000220e-01,2.356556125330770170e-03
4.296905493000000020e-01,2.356511633446503086e-03
4.297002327000000177e-01,2.356422652826737057e-03
4.297292813999999961e-01,2.356155736151923676e-03
4.297438049999999787e-01,2.356022291978512699e-03
4.297680099999999781e-01,2.355799906004783784e-03
4.297776915000000031e-01,2.355710958957300295e-03
4.297825323000000197e-01,2.355666487007037745e-03
4.298212559999999849e-01,2.355310749163229064e-03
4.298454566000000088e-01,2.355088447091798019e-03
4.298551365000000124e-01,2.354999533602761350e-03
4.298841747000000102e-01,2.354732818296482229e-03
4.299180502000000126e-01,2.354421698134392515e-03
4.299325674999999736e-01,2.354288376642773781e-03
4.299519230000000136e-01,2.354110629324902490e-03
4.299567617999999758e-01,2.354066195115730575e-03
4.299616004999999852e-01,2.354021761953826834e-03
4.299906314999999979e-01,2.353755184985137795e-03
4.299954698999999825e-01,2.353710759156992655e-03
4.300003081000000060e-01,2.353666334376529421e-03
4.300148226000000129e-01,2.353533066320438825e-03
4.300728756000000153e-01,2.353000088357625960e-03
4.300873875999999818e-01,2.352866867429599402e-03
4.300922247999999781e-01,2.352822462547215880e-03
4.301067362000000061e-01,2.352689254182670827e-03
4.301164101000000128e-01,2.352600453840025287e-03
4.301309206999999746e-01,2.352467261178315967e-03
4.301502672999999999e-01,2.352289685617387112e-03
4.301647766999999734e-01,2.352156514936760978e-03
4.301696131000000145e-01,2.352112126803025498e-03
4.301937941000000265e-01,2.351890201830731091e-03
4.302663288999999947e-01,2.351224583855523673e-03
4.303050091000000243e-01,2.350869683834919469e-03
4.303195133000000117e-01,2.350736613582341157e-03
4.303243479000000149e-01,2.350692258922484294e-03
4.303871930000000012e-01,2.350115743485097115e-03
4.304210289000000023e-01,2.349805385263751840e-03
4.304258624000000255e-01,2.349761052555403729e-03
4.304403625000000067e-01,2.349628060700261964e-03
4.304645281999999740e-01,2.349406428505056588e-03
4.304741941999999932e-01,2.349317782940322456e-03
4.304790271000000224e-01,2.349273461725238151e-03
4.304983580000000254e-01,2.349096187309910374e-03
4.305176882000000260e-01,2.348918929607942026e-03
4.305418496000000261e-01,2.348697380979500836e-03
4.305563458000000177e-01,2.348564464334805448e-03
4.305708415000000233e-01,2.348431557086471354e-03
4.305805051000000105e-01,2.348342957475915618e-03
4.305950000000000055e-01,2.348210065888881037e-03
4.306094944000000146e-01,2.348077183697964022e-03
4.306288194999999819e-01,2.347900022057751879e-03
4.306578055999999988e-01,2.347634310908806431e-03
4.306722979000000007e-01,2.347501469423308919e-03
4.307109416000000079e-01,2.347147271372999108e-03
4.307254321000000274e-01,2.347014464318581978e-03
4.307302621999999914e-01,2.346970197387440900e-03
4.307350922000000026e-01,2.346925931498866462e-03
4.307833892999999859e-01,2.346483329980522409e-03
4.308123649999999749e-01,2.346217819126823496e-03
4.308413387000000205e-01,2.345952345808901152e-03
4.308654820000000218e-01,2.345731146711730209e-03
4.308847955999999813e-01,2.345554206197112464e-03
4.309041083999999855e-01,2.345377282356641592e-03
4.309185924000000223e-01,2.345244600419292211e-03
4.309282481000000220e-01,2.345156151004163317e-03
4.309427312999999926e-01,2.345023484696371913e-03
4.309620415000000038e-01,2.344846610871705907e-03
4.310006592999999775e-01,2.344492913225207364e-03
4.310054863000000180e-01,2.344448705706617554e-03
4.310151400000000188e-01,2.344360293794095582e-03
4.310199668999999956e-01,2.344316089399418358e-03
4.310344469999999872e-01,2.344183482464741453e-03
4.310392735999999947e-01,2.344139282236444577e-03
4.310778843999999999e-01,2.343785717889057801e-03
4.311164918000000013e-01,2.343432220169781172e-03
4.311502703999999797e-01,2.343122964309464745e-03
4.311695712999999985e-01,2.342946269568993260e-03
4.311888712999999984e-01,2.342769591476939663e-03
4.312371175999999973e-01,2.342327969069806556e-03
4.312467662000000201e-01,2.342239657070494235e-03
4.312757106999999812e-01,2.341974746032379241e-03
4.312901822999999912e-01,2.341842304552992429e-03
4.313094768999999884e-01,2.341665730469050417e-03
4.313239473000000102e-01,2.341533310822659954e-03
4.313480634999999896e-01,2.341312632204457529e-03
4.313673554999999937e-01,2.341136108018944655e-03
4.313866466999999871e-01,2.340959600463346675e-03
4.314059370000000171e-01,2.340783109534499886e-03
4.314252264999999809e-01,2.340606635231024316e-03
4.314686245000000087e-01,2.340209628825834064e-03
4.314782679999999981e-01,2.340121416607048466e-03
4.314830895999999805e-01,2.340077312055833733e-03
4.315071970000000090e-01,2.339856804876563803e-03
4.315216606999999760e-01,2.339724513031394768e-03
4.315361240000000209e-01,2.339592230531458220e-03
4.315409450000000091e-01,2.339548138441924045e-03
4.315602284000000233e-01,2.339371780464492324e-03
4.315795109000000185e-01,2.339195439098177166e-03
4.315843314000000208e-01,2.339151356351661538e-03
4.316228934999999933e-01,2.338798731746272522e-03
4.316373533999999790e-01,2.338666514643564405e-03
4.316518127999999788e-01,2.338534306880343805e-03
4.316566325000000259e-01,2.338490239700765673e-03
4.316951881000000157e-01,2.338137739618383580e-03
4.317000073000000215e-01,2.338093681776720438e-03
4.317096456000000249e-01,2.338005569204769894e-03
4.317144646000000141e-01,2.337961514474775227e-03
4.317385590000000217e-01,2.337741256382481168e-03
4.317530151000000260e-01,2.337609113972430926e-03
4.318108343000000016e-01,2.337080637655150096e-03
4.318156522000000108e-01,2.337036604701147463e-03
4.318301056000000138e-01,2.336904512058994923e-03
4.318445585999999836e-01,2.336772428745073280e-03
4.318541935999999914e-01,2.336684378385021129e-03
4.319071823999999782e-01,2.336200175501024819e-03
4.319312660999999887e-01,2.335980124727162714e-03
4.319457156000000020e-01,2.335848106693839271e-03
4.319842454000000220e-01,2.335496104181887782e-03
4.320179561999999973e-01,2.335188156354964760e-03
4.320612946999999870e-01,2.334792297982822475e-03
4.320757398999999777e-01,2.334660363825729213e-03
4.320805549000000245e-01,2.334616387844192821e-03
4.320853698000000076e-01,2.334572412897485336e-03
4.321238870999999926e-01,2.334220650579407752e-03
4.321575870000000097e-01,2.333912912879397995e-03
4.321624009999999738e-01,2.333868954488493245e-03
4.321720290000000131e-01,2.333781040812115456e-03
4.322009115000000068e-01,2.333517324609895183e-03
4.322153521000000054e-01,2.333385480472730065e-03
4.322490447999999819e-01,2.333077880349407329e-03
4.322779221999999977e-01,2.332814263428523247e-03
4.322923600999999949e-01,2.332682468926392493e-03
4.323164224000000111e-01,2.332462832097362358e-03
4.323308590000000118e-01,2.332331062403777446e-03
4.323501072000000001e-01,2.332155383948397633e-03
4.323934124000000101e-01,2.331760167877547796e-03
4.324222802000000088e-01,2.331496736991658415e-03
4.324270913000000105e-01,2.331452835459876544e-03
4.324319023000000040e-01,2.331408934960880509e-03
4.324463351999999761e-01,2.331277239661071893e-03
4.324607675000000095e-01,2.331145553657684982e-03
4.324655781999999782e-01,2.331101660388678557e-03
4.324800099000000175e-01,2.330969986778127535e-03
4.325040615999999893e-01,2.330750551413139464e-03
4.325377318999999998e-01,2.330443385268289244e-03
4.325473515000000102e-01,2.330355632803436487e-03
4.325569707999999958e-01,2.330267884468316744e-03
4.325617803999999844e-01,2.330224011848878313e-03
4.325810183000000086e-01,2.330048531692498984e-03
4.326194915000000085e-01,2.329697620917117566e-03
4.326339181000000145e-01,2.329566046402521511e-03
4.326964275999999887e-01,2.328995997463214826e-03
4.327300828999999793e-01,2.328689120234828710e-03
4.327396982000000225e-01,2.328601450308024831e-03
4.327541207999999751e-01,2.328469953150041211e-03
4.327685427999999890e-01,2.328338465271693677e-03
4.327925785999999775e-01,2.328119339426885492e-03
4.328166129000000084e-01,2.327900239351296530e-03
4.328502589000000067e-01,2.327593542532229408e-03
4.328646776999999779e-01,2.327462116495497470e-03
4.328694839000000183e-01,2.327418309877933578e-03
4.328839020999999954e-01,2.327286896205892509e-03
4.329079315000000094e-01,2.327067894023680545e-03
4.329271539999999807e-01,2.326892710820200553e-03
4.329415703000000226e-01,2.326761334232118218e-03
4.329704014999999906e-01,2.326498608864233531e-03
4.329848163000000194e-01,2.326367260081673403e-03
4.330088400000000060e-01,2.326148366037376729e-03
4.330232535999999910e-01,2.326017041964670556e-03
4.330424709999999844e-01,2.325841957613788546e-03
4.330760994000000252e-01,2.325535599626915931e-03
4.331001179999999784e-01,2.325316803366339613e-03
4.331193320000000235e-01,2.325141784880087759e-03
4.331241352999999905e-01,2.325098032830819495e-03
4.331529544000000120e-01,2.324835542138184094e-03
4.331721660000000251e-01,2.324660568917507383e-03
4.331961792999999838e-01,2.324441875532240465e-03
4.332009817999999957e-01,2.324398139941312100e-03
4.332730129999999846e-01,2.323742229453936055e-03
4.332922193000000033e-01,2.323567359057215290e-03
4.333114247000000030e-01,2.323392505104911968e-03
4.333258282999999933e-01,2.323261375431507139e-03
4.333306292999999920e-01,2.323217667595506471e-03
4.333450321999999799e-01,2.323086550254237388e-03
4.333546339000000081e-01,2.322999143830387775e-03
4.333690359999999853e-01,2.322868041900643613e-03
4.333882379999999812e-01,2.322693253711131337e-03
4.334026389999999784e-01,2.322562173354686312e-03
4.334266394999999883e-01,2.322343726637621317e-03
4.334314395000000153e-01,2.322300040374950143e-03
4.334650375999999916e-01,2.321994265293766090e-03
4.334986331999999831e-01,2.321688540525554140e-03
4.335034322999999912e-01,2.321644869664844790e-03
4.335082313999999992e-01,2.321601199831486387e-03
4.335418236999999952e-01,2.321295539736824374e-03
4.335466223000000174e-01,2.321251878114675461e-03
4.335850097999999764e-01,2.320902622081583416e-03
4.335994041999999826e-01,2.320771668000939838e-03
4.336137982000000113e-01,2.320640723153378007e-03
4.336377871000000050e-01,2.320422502259118346e-03
4.336761665000000154e-01,2.320073402167143091e-03
4.336905578999999955e-01,2.319942506555189906e-03
4.337001518999999972e-01,2.319855247941148522e-03
4.337145425000000221e-01,2.319724367710419843e-03
4.337337291999999733e-01,2.319549875090268654e-03
4.337673040000000202e-01,2.319244552473908021e-03
4.338056719000000228e-01,2.318895673841063747e-03
4.338152633999999841e-01,2.318808464430845238e-03
4.338488318000000010e-01,2.318503263772551514e-03
4.338919874000000121e-01,2.318110936691459602e-03
4.339063717000000153e-01,2.317980179434974558e-03
4.339303442999999927e-01,2.317762271157378789e-03
4.339447272999999994e-01,2.317631538480116517e-03
4.339591098000000202e-01,2.317500815017279475e-03
4.340070480000000064e-01,2.317065136690786824e-03
4.340166349999999840e-01,2.316978013308485310e-03
4.340453947999999840e-01,2.316716667727713747e-03
4.340789454000000269e-01,2.316411811111702100e-03
4.340933235000000168e-01,2.316281173624990149e-03
4.341124934000000213e-01,2.316107004630800492e-03
4.341172857999999746e-01,2.316063464939375344e-03
4.341364547000000074e-01,2.315889316404433265e-03
4.341747900999999854e-01,2.315541068427932111e-03
4.341939564000000251e-01,2.315366968982119928e-03
4.342322867000000253e-01,2.315018819168362767e-03
4.342466596999999817e-01,2.314888279855608928e-03
4.342514505000000247e-01,2.314844768795621278e-03
4.342897756999999914e-01,2.314496717111423282e-03
4.343041468000000127e-01,2.314366214592110567e-03
4.343089370000000060e-01,2.314322715795730147e-03
4.343472570999999949e-01,2.313974762208742195e-03
4.343520469000000106e-01,2.313931272608347762e-03
4.343664159000000247e-01,2.313800809934372579e-03
4.343807843999999974e-01,2.313670356452821562e-03
4.344047308999999801e-01,2.313452954411557728e-03
4.344190982000000201e-01,2.313322525441608660e-03
4.344621971000000027e-01,2.312931293670973231e-03
4.344669856000000219e-01,2.312887828578169633e-03
4.345005036999999848e-01,2.312583601516409165e-03
4.345052918000000264e-01,2.312540144590952574e-03
4.345196557000000070e-01,2.312409779936621008e-03
4.345340192000000101e-01,2.312279424467648080e-03
4.345388069000000186e-01,2.312235974685085838e-03
4.345435945000000189e-01,2.312192525922850649e-03
4.345531697000000193e-01,2.312105631460948697e-03
4.345771066999999932e-01,2.311888413160886370e-03
4.345962553000000117e-01,2.311714656884297260e-03
4.346106162999999745e-01,2.311584350388840112e-03
4.346201899000000091e-01,2.311497484490443021e-03
4.346297633999999799e-01,2.311410622673292121e-03
4.346728415000000179e-01,2.311019794975586756e-03
4.347063435999999892e-01,2.310715874978121285e-03
4.347111295000000153e-01,2.310672461913981183e-03
4.347350576999999827e-01,2.310455411880925087e-03
4.347494141000000090e-01,2.310325194093546149e-03
4.347829104000000000e-01,2.310021388258854096e-03
4.348068346999999778e-01,2.309804414661185100e-03
4.348116194000000156e-01,2.309761022998623858e-03
4.348498952000000028e-01,2.309413926371055564e-03
4.348642476999999840e-01,2.309283781943304026e-03
4.348881675999999863e-01,2.309066894933195502e-03
4.349360033999999930e-01,2.308633197287259485e-03
4.349407867000000261e-01,2.308589833122611911e-03
4.349790511000000137e-01,2.308242956452064096e-03
4.349933993999999804e-01,2.308112894496178701e-03
4.349981820000000110e-01,2.308069542545801087e-03
4.350125296999999835e-01,2.307939492802587103e-03
4.350364413999999735e-01,2.307722763582689164e-03
4.350412236000000266e-01,2.307679420790428957e-03
4.350794790999999995e-01,2.307332715084862030e-03
4.351129499999999983e-01,2.307029400998090139e-03
4.351559802000000143e-01,2.306639498968191936e-03
4.351703225999999924e-01,2.306509549928299502e-03
4.351846645999999930e-01,2.306379610038724291e-03
4.351894452000000246e-01,2.306336298774915375e-03
4.352229075999999863e-01,2.306033148394533508e-03
4.352276876999999766e-01,2.305989845263551902e-03
4.352324678000000224e-01,2.305946543148250458e-03
4.352707066000000014e-01,2.305600162813255596e-03
4.352850451999999981e-01,2.305470286954081158e-03
4.353089419000000238e-01,2.305253847508582574e-03
4.353232793999999850e-01,2.305123996033349616e-03
4.353376163000000076e-01,2.304994153698546391e-03
4.353423952000000097e-01,2.304950874952283423e-03
4.353806243000000187e-01,2.304604681542029004e-03
4.353854026999999793e-01,2.304561411936223089e-03
4.353997376000000030e-01,2.304431609209221278e-03
4.354379615999999786e-01,2.304085513277535045e-03
4.354522947999999727e-01,2.303955744053381733e-03
4.354570723999999782e-01,2.303912489675339313e-03
4.354714049000000253e-01,2.303782732631716890e-03
4.355000686000000121e-01,2.303523245947024060e-03
4.355335070999999947e-01,2.303220557651297455e-03
4.355526136999999798e-01,2.303047615232459936e-03
4.355764957000000104e-01,2.302831460032706348e-03
4.356147042999999885e-01,2.302485664457047491e-03
4.356242558999999792e-01,2.302399225704064491e-03
4.356433585000000219e-01,2.302226360366759102e-03
4.356529095000000185e-01,2.302139933781399781e-03
4.356672355999999802e-01,2.302010301507964596e-03
4.356863362999999767e-01,2.301837472668415846e-03
4.357006613000000139e-01,2.301707861682619413e-03
4.357054362000000181e-01,2.301664660047792604e-03
4.357245351999999849e-01,2.301491863643926467e-03
4.357675049999999994e-01,2.301103131018858178e-03
4.358009230000000067e-01,2.300800840159951139e-03
4.358343384000000209e-01,2.300498598937964975e-03
4.358534318000000241e-01,2.300325911950059938e-03
4.358820702999999797e-01,2.300066911847117694e-03
4.359154794999999805e-01,2.299764791130212271e-03
4.359297970000000078e-01,2.299635326008298009e-03
4.359536583999999992e-01,2.299419571048194871e-03
4.359584304999999937e-01,2.299376423093344758e-03
4.359727465000000080e-01,2.299246985298228872e-03
4.360109202999999933e-01,2.298901862371595037e-03
4.360490907999999832e-01,2.298556804196452696e-03
4.360681747999999858e-01,2.298384299387070361e-03
4.360729456999999920e-01,2.298341175713059306e-03
4.360824871999999797e-01,2.298254931399409430e-03
4.361015697999999774e-01,2.298082454907915493e-03
4.361111107000000264e-01,2.297996222729138151e-03
4.361397323000000270e-01,2.297737550461105734e-03
4.361445024000000226e-01,2.297694441955455170e-03
4.361826610999999798e-01,2.297349610299224531e-03
4.361874307999999978e-01,2.297306510891088810e-03
4.362160473000000205e-01,2.297047935663782542e-03
4.362208166000000054e-01,2.297004843330581209e-03
4.362255857999999820e-01,2.296961752006845825e-03
4.362541998999999726e-01,2.296703225285271106e-03
4.362589687000000271e-01,2.296660141034725846e-03
4.363018858000000111e-01,2.296272428238051166e-03
4.363114223999999819e-01,2.296186280950573543e-03
4.363400308000000005e-01,2.295927863325422560e-03
4.363543342999999797e-01,2.295798668145603884e-03
4.363877073999999912e-01,2.295497248065460176e-03
4.363924747999999854e-01,2.295454192092244178e-03
4.364115437000000153e-01,2.295281978294614732e-03
4.364449123999999958e-01,2.294980643009906889e-03
4.364687455999999854e-01,2.294765433797369379e-03
4.364878112000000199e-01,2.294593284590346234e-03
4.365402373999999752e-01,2.294119957504121843e-03
4.365450030999999953e-01,2.294076933821516569e-03
4.365592998999999752e-01,2.293947868825335201e-03
4.365688308999999823e-01,2.293861830537679333e-03
4.365831269000000070e-01,2.293732780668242006e-03
4.366069524999999785e-01,2.293517717720634785e-03
4.366164824000000055e-01,2.293431699599472826e-03
4.366403063000000029e-01,2.293216671939754970e-03
4.366593644000000274e-01,2.293044667956998031e-03
4.367117699999999991e-01,2.292571740155128785e-03
4.367165337999999730e-01,2.292528752764871110e-03
4.367546426000000204e-01,2.292184889914867987e-03
4.367594060000000167e-01,2.292141911592325641e-03
4.367689324999999845e-01,2.292055957968833473e-03
4.367736957000000197e-01,2.292012982668096589e-03
4.368117994999999865e-01,2.291669216521210334e-03
4.368260876000000237e-01,2.291540320834136932e-03
4.368451375999999886e-01,2.291368474014031809e-03
4.368641867999999984e-01,2.291196643303738088e-03
4.368689490000000064e-01,2.291153688143404005e-03
4.368879970999999807e-01,2.290981877567785027e-03
4.369118061999999747e-01,2.290767136996899045e-03
4.369260910000000164e-01,2.290638304732097418e-03
4.369498978999999950e-01,2.290423604418560105e-03
4.369832255000000165e-01,2.290123066240087445e-03
4.369879863000000197e-01,2.290080136238697300e-03
4.370022686000000212e-01,2.289951352271755308e-03
4.370165504999999895e-01,2.289822577357358488e-03
4.370260713999999935e-01,2.289736732444285026e-03
4.370403525000000067e-01,2.289607972618300496e-03
4.370593931999999793e-01,2.289436306929326734e-03
4.370784329999999884e-01,2.289264657330449676e-03
4.370974720999999952e-01,2.289093023819177390e-03
4.371165102999999830e-01,2.288921406393441219e-03
4.371403067999999892e-01,2.288706907230118447e-03
4.371688610000000197e-01,2.288449541402807260e-03
4.371736198999999767e-01,2.288406650616090724e-03
4.372259638000000059e-01,2.287934918278162425e-03
4.372497544000000236e-01,2.287720534675562103e-03
4.372545124000000172e-01,2.287677660968714770e-03
4.372687860000000204e-01,2.287549045874157604e-03
4.372878166999999983e-01,2.287377573143450828e-03
4.373020892000000215e-01,2.287248979140016868e-03
4.373449039000000260e-01,2.286863251352047339e-03
4.373591746000000113e-01,2.286734693494602792e-03
4.373686881000000137e-01,2.286648993275751211e-03
4.373782013999999996e-01,2.286563297071647800e-03
4.374400327999999893e-01,2.286006369601014439e-03
4.374447886999999757e-01,2.285963536051040593e-03
4.374543002999999874e-01,2.285877871960060974e-03
4.374590560000000128e-01,2.285835041420191446e-03
4.374733230000000250e-01,2.285706555817999027e-03
4.374828339999999871e-01,2.285620903766699859e-03
4.375161209000000273e-01,2.285321153182785347e-03
4.375921958999999806e-01,2.284636193515093318e-03
4.376112125000000130e-01,2.284464993700987753e-03
4.376349822000000223e-01,2.284251016488229348e-03
4.376682575999999991e-01,2.283951490483012055e-03
4.376730110000000007e-01,2.283908705062121392e-03
4.376825175999999873e-01,2.283823137225853006e-03
4.377110363999999754e-01,2.283566457764333278e-03
4.377252951000000225e-01,2.283438131558430863e-03
4.377443060000000274e-01,2.283267043974598117e-03
4.377585635999999836e-01,2.283138738802720485e-03
4.377870775000000103e-01,2.282882155500549036e-03
4.378013337000000171e-01,2.282753877367791479e-03
4.378583540000000052e-01,2.282240854942762902e-03
4.378916124000000187e-01,2.281941658427349973e-03
4.379011143000000050e-01,2.281856182715170760e-03
4.379106159999999748e-01,2.281770711006540775e-03
4.379153667999999833e-01,2.281727976652951542e-03
4.379343694000000231e-01,2.281557049244713805e-03
4.379533711999999968e-01,2.281386137843842941e-03
4.379771223000000213e-01,2.281172521101159333e-03
4.379866224000000252e-01,2.281087081406390962e-03
4.380103717000000119e-01,2.280873499671630562e-03
4.380151213999999849e-01,2.280830786325025242e-03
4.380293701999999900e-01,2.280702652284497152e-03
4.380531172000000084e-01,2.280489115549781676e-03
4.380816117999999926e-01,2.280232904459894658e-03
4.380863608000000187e-01,2.280190206110511118e-03
4.381053560000000013e-01,2.280019422709237287e-03
4.381433438999999819e-01,2.279677903879737035e-03
4.381813285999999752e-01,2.279336449004499675e-03
4.382335520999999789e-01,2.278867052948242104e-03
4.382382993999999754e-01,2.278824386571823204e-03
4.382572880000000226e-01,2.278653731055963871e-03
4.382715288999999848e-01,2.278525749904902059e-03
4.382810226000000142e-01,2.278440434129835011e-03
4.383142488999999808e-01,2.278141860367955285e-03
4.383522187000000181e-01,2.277800693107595587e-03
4.383664566000000096e-01,2.277672771853753771e-03
4.383712023999999929e-01,2.277630133431336832e-03
4.384423839000000100e-01,2.276990676839418283e-03
4.384708533000000186e-01,2.276734957052945884e-03
4.384850873000000204e-01,2.276607110624444003e-03
4.384993207999999809e-01,2.276479273171626468e-03
4.385088094999999853e-01,2.276394053188430817e-03
4.385230422999999988e-01,2.276266230693057419e-03
4.385372746000000266e-01,2.276138417171167869e-03
4.385420186000000276e-01,2.276095814658146612e-03
4.385799686999999891e-01,2.275755030439409205e-03
4.385847122000000042e-01,2.275712436897526451e-03
4.385989424999999775e-01,2.275584662252053310e-03
4.386226585999999927e-01,2.275371724442338574e-03
4.386368876999999777e-01,2.275243973714675873e-03
4.386511162999999769e-01,2.275116231954927258e-03
4.386558589999999813e-01,2.275073653360543471e-03
4.386985415999999915e-01,2.274690490844281671e-03
4.387364782000000019e-01,2.274349969672637486e-03
4.387459617999999728e-01,2.274264849338124804e-03
4.387507035000000055e-01,2.274222290664046874e-03
4.387886355999999766e-01,2.273881857121339781e-03
4.388076003999999974e-01,2.273711664243198080e-03
4.388123414999999805e-01,2.273669118511984812e-03
4.388407867999999934e-01,2.273413865028246685e-03
4.388502682000000044e-01,2.273328788495741597e-03
4.388644898999999877e-01,2.273201181160548669e-03
4.388834514000000131e-01,2.273031051977706437e-03
4.389403310000000169e-01,2.272520759940428823e-03
4.389640287000000085e-01,2.272308180532867528e-03
4.389782467000000188e-01,2.272180644822341302e-03
4.389972033000000273e-01,2.272010611130727276e-03
4.390493296999999906e-01,2.271543100503506125e-03
4.390540681999999806e-01,2.271500605501712219e-03
4.390777597000000143e-01,2.271288145402956815e-03
4.391061879000000001e-01,2.271033226081798240e-03
4.391109256999999877e-01,2.270990743005740775e-03
4.391535639999999963e-01,2.270608440035771190e-03
4.391677759000000014e-01,2.270481023595659256e-03
4.391819873000000207e-01,2.270353616094709231e-03
4.392625097999999784e-01,2.269631809083691356e-03
4.392672458999999918e-01,2.269589358784108567e-03
4.392767181000000187e-01,2.269504461162605378e-03
4.393003976000000033e-01,2.269292234481668034e-03
4.393051333999999919e-01,2.269249792123442019e-03
4.393193403000000274e-01,2.269122471002795512e-03
4.393382821999999854e-01,2.268952723403269874e-03
4.393524880999999938e-01,2.268825423122648819e-03
4.393761635000000276e-01,2.268613275833570014e-03
4.393808985000000056e-01,2.268570849352110914e-03
4.394093070000000267e-01,2.268316311297060867e-03
4.394187761000000192e-01,2.268231473214618859e-03
4.394282449999999951e-01,2.268146639098609068e-03
4.394329793999999789e-01,2.268104223529085386e-03
4.394471822000000083e-01,2.267976982770150089e-03
4.394945216000000210e-01,2.267552911362240818e-03
4.395087223999999959e-01,2.267425709273338408e-03
4.395465889999999876e-01,2.267086547322256281e-03
4.396033827999999977e-01,2.266577923326152603e-03
4.396412412999999852e-01,2.266238919928434924e-03
4.396459732999999925e-01,2.266196548961478541e-03
4.396790964999999773e-01,2.265899979927458660e-03
4.396838281000000070e-01,2.265857616884453703e-03
4.397169483999999740e-01,2.265561103310009990e-03
4.397311420000000193e-01,2.265434040916665219e-03
4.397500662000000116e-01,2.265264638252487226e-03
4.397737201999999956e-01,2.265052907196452546e-03
4.397926424999999973e-01,2.264883540167768241e-03
4.398068337000000105e-01,2.264756525289032037e-03
4.398115639999999882e-01,2.264714188974967322e-03
4.398304847000000239e-01,2.264544853615404335e-03
4.398352146999999768e-01,2.264502522249009497e-03
4.398635939000000161e-01,2.264248554830518723e-03
4.398872417999999951e-01,2.264036942520010476e-03
4.399014298999999739e-01,2.263909987004100559e-03
4.399439915999999728e-01,2.263529173863219630e-03
4.399487203999999929e-01,2.263486866236084916e-03
4.399581779000000248e-01,2.263402253949328442e-03
4.399629065999999811e-01,2.263359949289443437e-03
4.400007341000000127e-01,2.263021547597398458e-03
4.400338305000000005e-01,2.262725498014003019e-03
4.400574693000000037e-01,2.262514063676263672e-03
4.400621968999999800e-01,2.262471779772834250e-03
4.400905614000000243e-01,2.262218097104447181e-03
4.401000158000000217e-01,2.262133544119607383e-03
4.401141970999999931e-01,2.262006722050659713e-03
4.401331048000000079e-01,2.261837639789839646e-03
4.401709176999999973e-01,2.261499522676227534e-03
4.402040012999999807e-01,2.261203722047189224e-03
4.402134533000000016e-01,2.261119216467810059e-03
4.402276308999999999e-01,2.260992465503876628e-03
4.402607102000000161e-01,2.260696747803863944e-03
4.402890620000000088e-01,2.260443313982999324e-03
4.403032371999999750e-01,2.260316610396213670e-03
4.403268614999999997e-01,2.260105457484158295e-03
4.403410354000000249e-01,2.259978777577328641e-03
4.403552090000000252e-01,2.259852106549107773e-03
4.403599334000000143e-01,2.259809884846223412e-03
4.404733037999999934e-01,2.258796859835168324e-03
4.404874731000000265e-01,2.258670271640265351e-03
4.405110875000000092e-01,2.258459311029498151e-03
4.405299780999999970e-01,2.258290560280132656e-03
4.405535903000000197e-01,2.258079644016930138e-03
4.405866451000000072e-01,2.257784402629937730e-03
4.406196975000000182e-01,2.257489209513751510e-03
4.406244190999999977e-01,2.257447043009038271e-03
4.406291406000000244e-01,2.257404877489014791e-03
4.406385835000000140e-01,2.257320549402763027e-03
4.406433048000000241e-01,2.257278386836921585e-03
4.406621897999999926e-01,2.257109746421651682e-03
4.406669108999999862e-01,2.257067588779236925e-03
4.406952364999999761e-01,2.256814663603770241e-03
4.407046779000000081e-01,2.256730363088629236e-03
4.407377215000000126e-01,2.256435342292197836e-03
4.407424417999999955e-01,2.256393200402093558e-03
4.407566023999999749e-01,2.256266780634830042e-03
4.407896419999999815e-01,2.255971835621256062e-03
4.407943617999999786e-01,2.255929704556093856e-03
4.408085206999999839e-01,2.255803317261783052e-03
4.408132402000000116e-01,2.255761190131552220e-03
4.408321178999999868e-01,2.255592691447973804e-03
4.408509948000000067e-01,2.255424208504256192e-03
4.408557137999999931e-01,2.255382090226981922e-03
4.408651518999999741e-01,2.255297856623841163e-03
4.408698708000000077e-01,2.255255741297671097e-03
4.408934647000000151e-01,2.255045179418284276e-03
4.409217758000000265e-01,2.254792537612785273e-03
4.409406488000000013e-01,2.254624129406735105e-03
4.409689567999999782e-01,2.254371546589485718e-03
4.409831101000000197e-01,2.254245268450963055e-03
4.410019805000000015e-01,2.254076911358245637e-03
4.410066979999999748e-01,2.254034824542255899e-03
4.410397188999999885e-01,2.253740244343912461e-03
4.410444359999999842e-01,2.253698165388799170e-03
4.410821706999999980e-01,2.253361569113517763e-03
4.410916039000000177e-01,2.253277429867617341e-03
4.410963204000000193e-01,2.253235361718229288e-03
4.411529146000000012e-01,2.252730620528508015e-03
4.411717776999999896e-01,2.252562404886697574e-03
4.411906400000000228e-01,2.252394204953124361e-03
4.412330772999999984e-01,2.252015812526552557e-03
4.412613665999999824e-01,2.251763595072786995e-03
4.412660813000000015e-01,2.251721562265116341e-03
4.412990827000000116e-01,2.251427360082979782e-03
4.413037969999999977e-01,2.251385335124012153e-03
4.413179395999999866e-01,2.251259266133361255e-03
4.413603645999999991e-01,2.250881112128141990e-03
4.413792188999999810e-01,2.250713069179597920e-03
4.413839323000000037e-01,2.250671060894184321e-03
4.413933590999999934e-01,2.250587047264690065e-03
4.414169250000000155e-01,2.250377030348360563e-03
4.414216380000000051e-01,2.250335029906542095e-03
4.414357768000000126e-01,2.250209034462231656e-03
4.414593405000000192e-01,2.249999061658816864e-03
4.414687655999999794e-01,2.249915079398992924e-03
4.415347358000000222e-01,2.249327313329783744e-03
4.415441593000000164e-01,2.249243362424927038e-03
4.415488710000000094e-01,2.249201388442045174e-03
4.415630057000000108e-01,2.249075472370732926e-03
4.415865626000000099e-01,2.248865631841060007e-03
4.416006961000000230e-01,2.248739739275928701e-03
4.416195400999999854e-01,2.248571896233055208e-03
4.416619361999999938e-01,2.248194306665165284e-03
4.416760672999999748e-01,2.248068461097183640e-03
4.416807775000000102e-01,2.248026514532017010e-03
4.416996181000000243e-01,2.247858738061540417e-03
4.417137480000000171e-01,2.247732915985141151e-03
4.417184579000000277e-01,2.247690977250415677e-03
4.417231676999999745e-01,2.247649039494226467e-03
4.417749724000000211e-01,2.247187788756410329e-03
4.418126446999999790e-01,2.246852408027166445e-03
4.418267710000000070e-01,2.246726656392273539e-03
4.418456052999999994e-01,2.246559001238622889e-03
4.418503138000000052e-01,2.246517089894895739e-03
4.418738554000000152e-01,2.246307547843094145e-03
4.418879796999999887e-01,2.246181834345010488e-03
4.419115191999999914e-01,2.245972331400784578e-03
4.419256423999999850e-01,2.245846641365049304e-03
4.419821304000000062e-01,2.245343969181071240e-03
4.419868373999999989e-01,2.245302086184793912e-03
4.419962512000000232e-01,2.245218323121902712e-03
4.420150783999999833e-01,2.245050808720930238e-03
4.420244916000000135e-01,2.244967057382412680e-03
4.420386110999999785e-01,2.244841437700894216e-03
4.420621426999999937e-01,2.244632091099890963e-03
4.420950846999999739e-01,2.244339046876678463e-03
4.421468458000000212e-01,2.243878645478356460e-03
4.421703714999999923e-01,2.243669411163729584e-03
4.422080100999999930e-01,2.243334687013256220e-03
4.422127148000000174e-01,2.243292850885849222e-03
4.422268282999999855e-01,2.243167348357911865e-03
4.422785739000000271e-01,2.242707247546928302e-03
4.422832777999999854e-01,2.242665426053224408e-03
4.423162032999999882e-01,2.242372702907745752e-03
4.423209068000000244e-01,2.242330889216478940e-03
4.423256101999999967e-01,2.242289076501318909e-03
4.423397201000000001e-01,2.242163644203281573e-03
4.424337745999999960e-01,2.241327653117187058e-03
4.424525831000000187e-01,2.241160501683400405e-03
4.424666889000000158e-01,2.241035148340020985e-03
4.424760925999999817e-01,2.240951584315748705e-03
4.425043022999999853e-01,2.240700915625215821e-03
4.425090038000000225e-01,2.240659140920440995e-03
4.425231077999999818e-01,2.240533822648058896e-03
4.425466136000000272e-01,2.240324978341429272e-03
4.425513146000000231e-01,2.240283212401447590e-03
4.425654172999999858e-01,2.240157920426079537e-03
4.425889208000000075e-01,2.239949119940974880e-03
4.426218236000000195e-01,2.239656840154733569e-03
4.426594238000000070e-01,2.239322864518408871e-03
4.426641236000000146e-01,2.239281121944278977e-03
4.426735231000000215e-01,2.239197639714454215e-03
4.426782227000000125e-01,2.239155900059049478e-03
4.426970209000000156e-01,2.238988951169907510e-03
4.427017202999999901e-01,2.238947216380149288e-03
4.427346146999999732e-01,2.238655100094718957e-03
4.427393137000000256e-01,2.238613373088638950e-03
4.427487115000000029e-01,2.238529921993154953e-03
4.427769039000000184e-01,2.238279592053096356e-03
4.428144909999999768e-01,2.237945873262760579e-03
4.428285853000000216e-01,2.237820744760986563e-03
4.428473769999999865e-01,2.237653920370327298e-03
4.428661678999999962e-01,2.237487111533024379e-03
4.428849581000000035e-01,2.237320318250270862e-03
4.428896554999999791e-01,2.237278622358584903e-03
4.428990501000000246e-01,2.237195233492409417e-03
4.429413237000000003e-01,2.236820031699294272e-03
4.429601106000000121e-01,2.236653300609028460e-03
4.429742003000000095e-01,2.236528262493833741e-03
4.429976821000000120e-01,2.236319885062077514e-03
4.430023782999999993e-01,2.236278212489233638e-03
4.430164667000000001e-01,2.236153200600218133e-03
4.430399461999999788e-01,2.235944866874690212e-03
4.430681201000000180e-01,2.235694898449434951e-03
4.430775109999999795e-01,2.235611583408314909e-03
4.431103774999999856e-01,2.235320011344591774e-03
4.431150724999999846e-01,2.235278362075109743e-03
4.431291573000000206e-01,2.235153420091649541e-03
4.431667143999999947e-01,2.234820284171935758e-03
4.431995743000000099e-01,2.234528841184932422e-03
4.432042683999999899e-01,2.234487210353532181e-03
4.432230442000000270e-01,2.234320696728291523e-03
4.432277379999999822e-01,2.234279070746851992e-03
4.432652867999999913e-01,2.233946097814314483e-03
4.432793668000000187e-01,2.233821248967424785e-03
4.432981394000000130e-01,2.233654797412790161e-03
4.433309894999999945e-01,2.233363544520442119e-03
4.433356822000000252e-01,2.233321940842430357e-03
4.433497599999999816e-01,2.233197135624334813e-03
4.433544524999999958e-01,2.233155535824235798e-03
4.433685296000000053e-01,2.233030742236750792e-03
4.433732219000000030e-01,2.232989146313038402e-03
4.434060664999999735e-01,2.232698001980783133e-03
4.434107583999999935e-01,2.232656413809678327e-03
4.434248337000000206e-01,2.232531655109477788e-03
4.434529830999999755e-01,2.232282163867174967e-03
4.434905128000000141e-01,2.231949563125654179e-03
4.434998948000000163e-01,2.231866422625627087e-03
4.435045857000000091e-01,2.231824853828432743e-03
4.435233486999999863e-01,2.231658588322590377e-03
4.435608724999999808e-01,2.231326103788294421e-03
4.435749431000000076e-01,2.231201438063079665e-03
4.435796331999999897e-01,2.231159884756814173e-03
4.436030829000000009e-01,2.230952132746835681e-03
4.436171521999999756e-01,2.230827493155203636e-03
4.436359105000000080e-01,2.230661320582107403e-03
4.436687355999999749e-01,2.230370555832922840e-03
4.436734247999999936e-01,2.230329021881955961e-03
4.436921806999999940e-01,2.230162895751941748e-03
4.437062471000000063e-01,2.230038311311426016e-03
4.437156245000000165e-01,2.229955259853595717e-03
4.437296902000000265e-01,2.229830689921945015e-03
4.437906362999999854e-01,2.229290987457812658e-03
4.438000119000000132e-01,2.229207970812314196e-03
4.438187625000000192e-01,2.229041949123346505e-03
4.438281374999999973e-01,2.228958944078351587e-03
4.438609484000000105e-01,2.228668456867342190e-03
4.438796964000000234e-01,2.228502485436345461e-03
4.438984436000000255e-01,2.228336529466669325e-03
4.439031303000000039e-01,2.228295042889182152e-03
4.439312492999999971e-01,2.228046143715280581e-03
4.439546804999999763e-01,2.227838754302050289e-03
4.440155957999999958e-01,2.227299654824322229e-03
4.440296518999999886e-01,2.227175270427036741e-03
4.440483928000000247e-01,2.227009438080362631e-03
4.440671328999999945e-01,2.226843621179164581e-03
4.440811874999999742e-01,2.226719268637390812e-03
4.440905568999999886e-01,2.226636371768567473e-03
4.440999261999999947e-01,2.226553478760843509e-03
4.441280327000000083e-01,2.226304822896332802e-03
4.441795567999999861e-01,2.225849044023266166e-03
4.441982914000000005e-01,2.225683335191158251e-03
4.442685389000000096e-01,2.225062064493231809e-03
4.442779043999999788e-01,2.224979244791321521e-03
4.442919523000000148e-01,2.224855022468760768e-03
4.443059998000000177e-01,2.224730808821765490e-03
4.443106821000000206e-01,2.224689406200481417e-03
4.443247289999999738e-01,2.224565204119748844e-03
4.443528212999999782e-01,2.224316825979098539e-03
4.443855935000000090e-01,2.224027095325304456e-03
4.443902750000000013e-01,2.223985709085917958e-03
4.444183631999999995e-01,2.223737411878891172e-03
4.444277255999999898e-01,2.223654653849771456e-03
4.444604922000000014e-01,2.223365031084760784e-03
4.444792148999999748e-01,2.223199553548316047e-03
4.445026172000000053e-01,2.222992728293519699e-03
4.445166580000000089e-01,2.222868644692968087e-03
4.445353783000000059e-01,2.222703213370217680e-03
4.445728165999999759e-01,2.222372396925960652e-03
4.445915346000000046e-01,2.222207011801760872e-03
4.446055725999999986e-01,2.222082983062661880e-03
4.446149309999999910e-01,2.222000302046858895e-03
4.446476838000000265e-01,2.221710948797726588e-03
4.446851126999999959e-01,2.221380317085063730e-03
4.446897911000000092e-01,2.221338992449496501e-03
4.446991477000000192e-01,2.221256346062528038e-03
4.447038259000000160e-01,2.221215024311327599e-03
4.447178602999999897e-01,2.221091064827763074e-03
4.447225383999999782e-01,2.221049746923737817e-03
4.447272164000000139e-01,2.221008429980255838e-03
4.447412499999999769e-01,2.220884484918906037e-03
4.447739935999999727e-01,2.220595313425588555e-03
4.447973802999999893e-01,2.220388791195635272e-03
4.448020575000000143e-01,2.220347489632668297e-03
4.448160889000000173e-01,2.220223590711291849e-03
4.448488268999999939e-01,2.219934526860246633e-03
4.448675331999999982e-01,2.219769368655320589e-03
4.449096196999999808e-01,2.219397818891504209e-03
4.449283235000000003e-01,2.219232710635495997e-03
4.449517021000000128e-01,2.219026346923704852e-03
4.449657287000000072e-01,2.218902540219458604e-03
4.449984557000000174e-01,2.218613691512567616e-03
4.450171558000000083e-01,2.218448656229010402e-03
4.450265055000000025e-01,2.218366144345730508e-03
4.450639024999999971e-01,2.218036135203492985e-03
4.450779255999999795e-01,2.217912397608705777e-03
4.450966223000000221e-01,2.217747427582036131e-03
4.451012964000000127e-01,2.217706187473916443e-03
4.451340133999999726e-01,2.217417533578130637e-03
4.451386870999999856e-01,2.217376301144298803e-03
4.451480342999999951e-01,2.217293839153882621e-03
4.451667281000000198e-01,2.217128926681992060e-03
4.451760746000000268e-01,2.217046476200571457e-03
4.451900941999999972e-01,2.216922807670295738e-03
4.452041132999999817e-01,2.216799147769752364e-03
4.452228046999999744e-01,2.216634281324872998e-03
4.452648574999999997e-01,2.216263387904353170e-03
4.452788743000000160e-01,2.216139774017199943e-03
4.452882184999999993e-01,2.216057369551204751e-03
4.453022345000000048e-01,2.215933770039354555e-03
4.453209217999999914e-01,2.215768984104773270e-03
4.453582940999999962e-01,2.215439458225143630e-03
4.453629653999999771e-01,2.215398271801474923e-03
4.453723077999999780e-01,2.215315901826323507e-03
4.453769790000000062e-01,2.215274718276124925e-03
4.453956632000000138e-01,2.215109993651832084e-03
4.454003341000000171e-01,2.215068814890836391e-03
4.454283586000000184e-01,2.214821762430675516e-03
4.454330291999999969e-01,2.214780590372632686e-03
4.454890723000000108e-01,2.214286600347871014e-03
4.455217607999999996e-01,2.213998503156009053e-03
4.455264304000000064e-01,2.213957350242504174e-03
4.455824617999999959e-01,2.213463589916798719e-03
4.455871307000000003e-01,2.213422449440969296e-03
4.456011373000000053e-01,2.213299033756374167e-03
4.456151434999999772e-01,2.213175626679995175e-03
4.456711636999999837e-01,2.212682084449874281e-03
4.456945032999999889e-01,2.212476482493895211e-03
4.456991711000000134e-01,2.212435364970631417e-03
4.457131742000000063e-01,2.212312018137346358e-03
4.457271768000000134e-01,2.212188679906617900e-03
4.457318443000000130e-01,2.212147569075006981e-03
4.457365115999999960e-01,2.212106459198563430e-03
4.457505135000000007e-01,2.211983135305563460e-03
4.457691819999999860e-01,2.211818716828202643e-03
4.458205163999999776e-01,2.211366644847141596e-03
4.458251829000000055e-01,2.211325553126615787e-03
4.458485145000000149e-01,2.211120108853121841e-03
4.458765108000000144e-01,2.210873607245257468e-03
4.458811766999999926e-01,2.210832526986071783e-03
4.458951740000000052e-01,2.210709291939659451e-03
4.458998397000000224e-01,2.210668215501213930e-03
4.459231673999999868e-01,2.210462847628718794e-03
4.459744840000000043e-01,2.210011122321131095e-03
4.459931431999999973e-01,2.209846887208628732e-03
4.460304590999999985e-01,2.209518462789994420e-03
4.460444517000000109e-01,2.209395319375979938e-03
4.460491159000000150e-01,2.209354273480205241e-03
4.460724356999999918e-01,2.209149058308404641e-03
4.460864271000000159e-01,2.209025940653094357e-03
4.461004179999999986e-01,2.208902831582063193e-03
4.461050815000000003e-01,2.208861797132020445e-03
4.461097450000000020e-01,2.208820763636180993e-03
4.461470511999999777e-01,2.208492529999408344e-03
4.461610402000000253e-01,2.208369458118746454e-03
4.462123295000000045e-01,2.207918267961976513e-03
4.462356407999999997e-01,2.207713219654427930e-03
4.462542890000000262e-01,2.207549198161395769e-03
4.462589509000000065e-01,2.207508195170627876e-03
4.462682747000000227e-01,2.207426192047157003e-03
4.463102290000000028e-01,2.207057225152401613e-03
4.463288739999999866e-01,2.206893264633344887e-03
4.463428573000000066e-01,2.206770304245892628e-03
4.463661619000000025e-01,2.206565389312137825e-03
4.463708225999999946e-01,2.206524409182844797e-03
4.463848046000000180e-01,2.206401474506537123e-03
4.463987862000000084e-01,2.206278548399772093e-03
4.464034465999999757e-01,2.206237574935137908e-03
4.464081069999999984e-01,2.206196602422297922e-03
4.464826662999999973e-01,2.205541171673583000e-03
4.465106227999999788e-01,2.205295447953820650e-03
4.465199413000000006e-01,2.205213547659554563e-03
4.465339186000000238e-01,2.205090704352665430e-03
4.465525543000000153e-01,2.204926926594738719e-03
4.465665306000000112e-01,2.204804103263474906e-03
4.465944819000000066e-01,2.204558482282205616e-03
4.466084569000000060e-01,2.204435684629877778e-03
4.466596948000000067e-01,2.203985499784084229e-03
4.466969550000000067e-01,2.203658164870440483e-03
4.467062695999999833e-01,2.203576340646933463e-03
4.467388689999999829e-01,2.203289985797815976e-03
4.467435258999999936e-01,2.203249081762509963e-03
4.467574961999999927e-01,2.203126375359227337e-03
4.467761225999999919e-01,2.202962780121431145e-03
4.467807791000000250e-01,2.202921883687154747e-03
4.468133731000000219e-01,2.202635635241827986e-03
4.468319971999999973e-01,2.202472085597376433e-03
4.468552761999999845e-01,2.202267669906818760e-03
4.468692430999999798e-01,2.202145031887374222e-03
4.469064857999999751e-01,2.201818038940892529e-03
4.469297608999999727e-01,2.201613699200005020e-03
4.469437253999999915e-01,2.201491106744886232e-03
4.469576894999999772e-01,2.201368522830512812e-03
4.469669985999999984e-01,2.201286804965625621e-03
4.469949248000000264e-01,2.201041674143210374e-03
4.469995789999999802e-01,2.201000822327157155e-03
4.470135413999999918e-01,2.200878272570058400e-03
4.470368109000000256e-01,2.200674041946643761e-03
4.470554257000000087e-01,2.200510674521169094e-03
4.470740396999999811e-01,2.200347322269594324e-03
4.470926528999999983e-01,2.200183985190493508e-03
4.471066122999999837e-01,2.200061492337420082e-03
4.471159183999999787e-01,2.199979835175614774e-03
4.471484879000000023e-01,2.199694064972027192e-03
4.471531404999999904e-01,2.199653244448345878e-03
4.471624456000000136e-01,2.199571606245976155e-03
4.471670980999999934e-01,2.199530788565934227e-03
4.471903595999999759e-01,2.199326714383293985e-03
4.472043159999999906e-01,2.199204281244620651e-03
4.472229238000000051e-01,2.199041050326523000e-03
4.472368790999999844e-01,2.198918637086134074e-03
4.472415308000000089e-01,2.198877834566821156e-03
4.472601371000000103e-01,2.198714633964934419e-03
4.472647885000000101e-01,2.198673836182487781e-03
4.472926960999999979e-01,2.198429069379463988e-03
4.473019983000000033e-01,2.198347488021722227e-03
4.473764085999999973e-01,2.197694973510831446e-03
4.473857090000000203e-01,2.197613426237646477e-03
4.474089592000000115e-01,2.197409574618851627e-03
4.474275584999999889e-01,2.197246510359201870e-03
4.474461570000000110e-01,2.197083461240363893e-03
4.474833516999999761e-01,2.196757408418416845e-03
4.474880008000000076e-01,2.196716656073526269e-03
4.475251920000000161e-01,2.196390671361500135e-03
4.475577318000000249e-01,2.196105484392043249e-03
4.475949173000000059e-01,2.195779613160276592e-03
4.476088610000000245e-01,2.195657427047914122e-03
4.476135088000000040e-01,2.195616700233795054e-03
4.476367472000000181e-01,2.195413080344787039e-03
4.476506895999999847e-01,2.195290919751976318e-03
4.476692788000000145e-01,2.195128052193826267e-03
4.476832203000000177e-01,2.195005911446941665e-03
4.477111018000000109e-01,2.194761655464286948e-03
4.477436281000000129e-01,2.194476733135057329e-03
4.477482744999999875e-01,2.194436033723637727e-03
4.477854440999999852e-01,2.194110472431453317e-03
4.478179649999999845e-01,2.193825655877746587e-03
4.478226106000000040e-01,2.193784971575712082e-03
4.478319016999999791e-01,2.193703605802566937e-03
4.478365471999999903e-01,2.193662924332221743e-03
4.478504835000000073e-01,2.193540885585905289e-03
4.479062240000000195e-01,2.193052815546964619e-03
4.479294470999999889e-01,2.192849493137028361e-03
4.479340915999999728e-01,2.192808831486019010e-03
4.479480248000000109e-01,2.192686852193218884e-03
4.479712457999999731e-01,2.192483572238645203e-03
4.479851778000000229e-01,2.192361615585516465e-03
4.479991093999999840e-01,2.192239667421223663e-03
4.480455448999999812e-01,2.191833234837419278e-03
4.480594746000000073e-01,2.191711323449338760e-03
4.480826897999999892e-01,2.191508156657578834e-03
4.480966183999999797e-01,2.191386267894577210e-03
4.481105464999999843e-01,2.191264387614574177e-03
4.481523283000000135e-01,2.190898797666526298e-03
4.481569704999999737e-01,2.190858181272675211e-03
4.481941061999999976e-01,2.190533284041308419e-03
4.482033896000000017e-01,2.190452069154262462e-03
4.482265973999999820e-01,2.190249048420304673e-03
4.482451626999999772e-01,2.190086648786532687e-03
4.482776501999999885e-01,2.189802485684132910e-03
4.482962134999999848e-01,2.189640127482548465e-03
4.483379779000000176e-01,2.189274876603056370e-03
4.483518985000000123e-01,2.189153143252632952e-03
4.483750986000000216e-01,2.188950273158768878e-03
4.483797385000000135e-01,2.188909701962905938e-03
4.484168557000000055e-01,2.188585166270382281e-03
4.484307739000000237e-01,2.188463480909737247e-03
4.484864423000000100e-01,2.187976824122520123e-03
4.484910810000000136e-01,2.187936275504207689e-03
4.485003583000000127e-01,2.187855181086930008e-03
4.485049967999999998e-01,2.187814635288384997e-03
4.485606560000000020e-01,2.187328159048899153e-03
4.485977582999999824e-01,2.187003916756688655e-03
4.486023957999999978e-01,2.186963390699565683e-03
4.486163081999999802e-01,2.186841818166080156e-03
4.486534059000000241e-01,2.186517666088484517e-03
4.487090465999999944e-01,2.186031550703570591e-03
4.487136830999999826e-01,2.185991047193764497e-03
4.487229556999999813e-01,2.185910042990650212e-03
4.487507727000000224e-01,2.185667052918126990e-03
4.487646805000000128e-01,2.185545570557972505e-03
4.487785879000000255e-01,2.185424096647941000e-03
4.487832234999999947e-01,2.185383607221769338e-03
4.487878592000000277e-01,2.185343118734296881e-03
4.487971304000000217e-01,2.185262144576198117e-03
4.488203074000000070e-01,2.185059725607056257e-03
4.488388481999999735e-01,2.184897807326358424e-03
4.488527533000000180e-01,2.184776378468849395e-03
4.488712926999999797e-01,2.184614486462769893e-03
4.488759273999999855e-01,2.184574015807349678e-03
4.488898313999999945e-01,2.184452609468653418e-03
4.488944658999999837e-01,2.184412142565992157e-03
4.489130036000000268e-01,2.184250284335066770e-03
4.489361747000000236e-01,2.184047982651527581e-03
4.489454427999999830e-01,2.183967068543400756e-03
4.489500767999999864e-01,2.183926612896847953e-03
4.489732458999999842e-01,2.183724348727978087e-03
4.489871469000000226e-01,2.183603001479230907e-03
4.490010473000000113e-01,2.183481662668750739e-03
4.490056807000000205e-01,2.183441218273456542e-03
4.490195806999999761e-01,2.183319890714352073e-03
4.490381131999999775e-01,2.183158133758102831e-03
4.490473791999999853e-01,2.183077260904123674e-03
4.490751760000000203e-01,2.182834664836813456e-03
4.491168680000000024e-01,2.182470833990752049e-03
4.491215002000000234e-01,2.182430413025419381e-03
4.491539243000000070e-01,2.182147492502427462e-03
4.491724512999999974e-01,2.181985844240487415e-03
4.491956089999999957e-01,2.181783804985844982e-03
4.492280276999999766e-01,2.181500989360024741e-03
4.492419208000000275e-01,2.181379796707708270e-03
4.492465516999999964e-01,2.181339401029623159e-03
4.492650749000000054e-01,2.181177827677853193e-03
4.493345300000000098e-01,2.180572060987087321e-03
4.493391599000000070e-01,2.180531684026854999e-03
4.493715683000000238e-01,2.180249071507751532e-03
4.493761978999999962e-01,2.180208702032650648e-03
4.493947158000000108e-01,2.180047233486889172e-03
4.494132328000000065e-01,2.179885779906928431e-03
4.494317490999999998e-01,2.179724341292073233e-03
4.494456358999999734e-01,2.179603272148869422e-03
4.494641508000000174e-01,2.179441859716409451e-03
4.495289471999999731e-01,2.178877033999209768e-03
4.495613419000000222e-01,2.178594689838404558e-03
4.496168703000000266e-01,2.178110777799088186e-03
4.496307513000000200e-01,2.177989820808879165e-03
4.496400051000000175e-01,2.177909187485099502e-03
4.496538854000000085e-01,2.177788244505236316e-03
4.496677652000000136e-01,2.177667309930325212e-03
4.496723918000000153e-01,2.177627000273519610e-03
4.496862710999999790e-01,2.177506076904568277e-03
4.497279063999999882e-01,2.177143357218422250e-03
4.497510353999999988e-01,2.176941878955599655e-03
4.497649122999999860e-01,2.176821003198838120e-03
4.497834141000000008e-01,2.176659848589398896e-03
4.497880395000000142e-01,2.176619562270274474e-03
4.498204155000000148e-01,2.176337584162810982e-03
4.498250404999999952e-01,2.176297305308179126e-03
4.498342901999999865e-01,2.176216750398341469e-03
4.498620383999999972e-01,2.175975108056914242e-03
4.498759118999999806e-01,2.175854299478977277e-03
4.499082816000000151e-01,2.175572445440769088e-03
4.499314013999999862e-01,2.175371149103451102e-03
4.499637671000000227e-01,2.175089373390518867e-03
4.499730140000000045e-01,2.175008874435072938e-03
4.499868839999999759e-01,2.174888132991884254e-03
4.500053767000000149e-01,2.174727157450105468e-03
4.500377371000000015e-01,2.174445486132477266e-03
4.500423598000000136e-01,2.174405251100458049e-03
4.500469825000000257e-01,2.174365017000041717e-03
4.500608502999999816e-01,2.174244320288601720e-03
4.500747176000000072e-01,2.174123631962690106e-03
4.500793398999999861e-01,2.174083404383503511e-03
4.500839622000000206e-01,2.174043177736837470e-03
4.501163168999999797e-01,2.173761617287723290e-03
4.501209388999999894e-01,2.173721398092749724e-03
4.501579124999999793e-01,2.173399678054935887e-03
4.501856407000000004e-01,2.173158427135037964e-03
4.502226089999999958e-01,2.172836811375225725e-03
4.502457126000000143e-01,2.172635831777425600e-03
4.502688150999999972e-01,2.172434875445537240e-03
4.502780558000000211e-01,2.172354499426288992e-03
4.502826759999999928e-01,2.172314312812823230e-03
4.503196362999999924e-01,2.171992853396823887e-03
4.503519742000000048e-01,2.171711625247000222e-03
4.503704519000000239e-01,2.171550943909200324e-03
4.503750711999999767e-01,2.171510775899098637e-03
4.503796903999999768e-01,2.171470608819305731e-03
4.503935479000000242e-01,2.171350113160012453e-03
4.504120239000000137e-01,2.171189465298769151e-03
4.504304990999999925e-01,2.171028832312762741e-03
4.504489736000000244e-01,2.170868214200386438e-03
4.504905383999999735e-01,2.170506877824748652e-03
4.504997745000000053e-01,2.170426591075266462e-03
4.505274817000000098e-01,2.170185753128099203e-03
4.505413347000000179e-01,2.170065346698263082e-03
4.505551871999999847e-01,2.169944948629004815e-03
4.505736564999999749e-01,2.169784430874627332e-03
4.506290600999999785e-01,2.169302966776556502e-03
4.506382934000000007e-01,2.169222735760799239e-03
4.506659920000000152e-01,2.168982064996916558e-03
4.506706082999999974e-01,2.168941956452306863e-03
4.507075367999999749e-01,2.168621121512012608e-03
4.507213842000000192e-01,2.168500823723695011e-03
4.507259999000000072e-01,2.168460726316939844e-03
4.507490777000000004e-01,2.168260253203452975e-03
4.507859998000000035e-01,2.167939544471215313e-03
4.507952298999999829e-01,2.167859376564923186e-03
4.508183042000000196e-01,2.167658973033000352e-03
4.508229188999999804e-01,2.167618895108750204e-03
4.508367627000000044e-01,2.167498666902442899e-03
4.508598348999999783e-01,2.167298305105730405e-03
4.508736776000000224e-01,2.167178099154856274e-03
4.508921340000000000e-01,2.167017837534710670e-03
4.509105895000000142e-01,2.166857590748115254e-03
4.509290443000000259e-01,2.166697358793549105e-03
4.509336579000000067e-01,2.166657303122095351e-03
4.509474983999999798e-01,2.166537141669312629e-03
4.509613384000000225e-01,2.166416988557245613e-03
4.509844042000000219e-01,2.166216751903786084e-03
4.510166943000000206e-01,2.165936459505513317e-03
4.510397573000000104e-01,2.165736278442869592e-03
4.510443697000000030e-01,2.165696245009149628e-03
4.510582067999999722e-01,2.165576150265665582e-03
4.511089390999999948e-01,2.165135874183378786e-03
4.511135507999999850e-01,2.165095854640752392e-03
4.511504430000000121e-01,2.164775731630210701e-03
4.511550543999999774e-01,2.164735720420035790e-03
4.511919432000000008e-01,2.164415664056379592e-03
4.512242184999999961e-01,2.164135663325242147e-03
4.512380500000000016e-01,2.164015676891689003e-03
4.512426603999999952e-01,2.163975683263972584e-03
4.512657118000000245e-01,2.163775729002979670e-03
4.512795420999999862e-01,2.163655767547548094e-03
4.513025916000000248e-01,2.163455850287167390e-03
4.513348589999999771e-01,2.163176004964584027e-03
4.513671240000000084e-01,2.162896204950462940e-03
4.513763422000000025e-01,2.162816270409580709e-03
4.513855601999999800e-01,2.162736339567583859e-03
4.514039954999999882e-01,2.162576488973840406e-03
4.514086043000000159e-01,2.162536528636617179e-03
4.514270387000000051e-01,2.162376696529490477e-03
4.514408639999999973e-01,2.162256832151567693e-03
4.514823374999999972e-01,2.161897288918404256e-03
4.515007689000000157e-01,2.161737515947317369e-03
4.515330221000000144e-01,2.161457948810455859e-03
4.515376294999999818e-01,2.161418014342453026e-03
4.515514514000000257e-01,2.161298216479761933e-03
4.515744870999999772e-01,2.161098571844815176e-03
4.515929147000000143e-01,2.160938872757336721e-03
4.515975214999999876e-01,2.160898950293141125e-03
4.516067349999999814e-01,2.160819108135368736e-03
4.516343742000000216e-01,2.160579603817321375e-03
4.516666179000000114e-01,2.160300224109239827e-03
4.517034649000000179e-01,2.159980988384629930e-03
4.517080706000000112e-01,2.159941088070694258e-03
4.517218873000000134e-01,2.159821392665672683e-03
4.517357035999999826e-01,2.159701705564021253e-03
4.517403090000000065e-01,2.159661811708915146e-03
4.517587298999999890e-01,2.159502245509973238e-03
4.517817548999999988e-01,2.159302808513791170e-03
4.518139879999999997e-01,2.159023635451268793e-03
4.518462188999999851e-01,2.158744507569487076e-03
4.518554271999999927e-01,2.158664765041959713e-03
4.518692395000000195e-01,2.158545158166675065e-03
4.519014662999999987e-01,2.158266107713707575e-03
4.519244841000000235e-01,2.158066813609824629e-03
4.519428974999999959e-01,2.157907394912393726e-03
4.519659132000000135e-01,2.157708142269872034e-03
4.519935304000000098e-01,2.157469069498717078e-03
4.519981331999999852e-01,2.157429227260541753e-03
4.520487598999999856e-01,2.156991023424019698e-03
4.520533621000000224e-01,2.156951192236595833e-03
4.520763721000000124e-01,2.156752050109308257e-03
4.520901775999999761e-01,2.156632575880205842e-03
4.521085841999999966e-01,2.156473289796384269e-03
4.521131857999999837e-01,2.156433470576491970e-03
4.521223886999999886e-01,2.156353834896785129e-03
4.521453952000000220e-01,2.156154761805489321e-03
4.521499963999999760e-01,2.156114949947992871e-03
4.522006061000000132e-01,2.155677080241805762e-03
4.522190083000000027e-01,2.155517882493878344e-03
4.522696103000000134e-01,2.155080164565597017e-03
4.522742102000000264e-01,2.155040377544621862e-03
4.522880095999999850e-01,2.154921021998069345e-03
4.523110076999999896e-01,2.154722114475840240e-03
4.523294053999999953e-01,2.154563005005688103e-03
4.523661983999999747e-01,2.154244830186513755e-03
4.523983898999999753e-01,2.153966475467814640e-03
4.524029884999999918e-01,2.153926714183699610e-03
4.524075869999999999e-01,2.153886953817700858e-03
4.524397754999999743e-01,2.153608656984559201e-03
4.524765595999999945e-01,2.153290658577281230e-03
4.524811574000000003e-01,2.153250912908996444e-03
4.524903529000000035e-01,2.153171424328624486e-03
4.524949504999999927e-01,2.153131681415577144e-03
4.525317300999999737e-01,2.152813771170286432e-03
4.525455217000000085e-01,2.152694569977931741e-03
4.526190695999999791e-01,2.152058969808979313e-03
4.526420508999999814e-01,2.151860392936610997e-03
4.526604350999999804e-01,2.151701547953418971e-03
4.526972012000000101e-01,2.151383902022592672e-03
4.527017968000000003e-01,2.151344200408840477e-03
4.527155831999999935e-01,2.151225101070873124e-03
4.527339644000000218e-01,2.151066314791926556e-03
4.527523447999999839e-01,2.150907543186117259e-03
4.527845087999999851e-01,2.150629728175079084e-03
4.528258592000000138e-01,2.150272603449578015e-03
4.528488299000000272e-01,2.150074232903040252e-03
4.528580179000000205e-01,2.149994891099406193e-03
4.528626118999999894e-01,2.149955221572382672e-03
4.528763933000000130e-01,2.149836218487533642e-03
4.528993615999999944e-01,2.149637898337948983e-03
4.529177353000000128e-01,2.149479258709032208e-03
4.529223285999999793e-01,2.149439601091159436e-03
4.529315151000000150e-01,2.149360288604396357e-03
4.529590734999999757e-01,2.149122373125624853e-03
4.529728519999999814e-01,2.149003427748969516e-03
4.530050004000000241e-01,2.148725920587082894e-03
4.530233698000000198e-01,2.148567365207145440e-03
4.530463305999999912e-01,2.148369191579870257e-03
4.530692901999999744e-01,2.148171040835222725e-03
4.530830653999999846e-01,2.148052161370193804e-03
4.531060230999999772e-01,2.147854047231212253e-03
4.531519351000000140e-01,2.147457887573182237e-03
4.531565261000000122e-01,2.147418276639212302e-03
4.531794800999999762e-01,2.147220235687151250e-03
4.532070234000000197e-01,2.146982616725072023e-03
4.532116138000000238e-01,2.146943016765269410e-03
4.532299747999999906e-01,2.146784626070614727e-03
4.532483352000000187e-01,2.146626250005140724e-03
4.532529250999999815e-01,2.146586658273826314e-03
4.532666946999999724e-01,2.146467888566011561e-03
4.533171798000000252e-01,2.146032470017843630e-03
4.533584815000000212e-01,2.145676300724771047e-03
4.533630704000000122e-01,2.145636730927992855e-03
4.533722479000000249e-01,2.145557594073196645e-03
4.533997794999999886e-01,2.145320205434030937e-03
4.534135447000000041e-01,2.145201523445083077e-03
4.534273093999999782e-01,2.145082849676311493e-03
4.534318976000000223e-01,2.145043293579757416e-03
4.534364857000000026e-01,2.145003738396454151e-03
4.534686010999999795e-01,2.144726877680325130e-03
4.534731888999999905e-01,2.144687329802435517e-03
4.534869517999999822e-01,2.144568691644229644e-03
4.535007142999999963e-01,2.144450061702094824e-03
4.535098891000000076e-01,2.144370979639108592e-03
4.535190637000000025e-01,2.144291901225864327e-03
4.535236509000000193e-01,2.144252363388987007e-03
4.535419992999999983e-01,2.144094221166994909e-03
4.535786940000000045e-01,2.143777980527119056e-03
4.536337303999999904e-01,2.143303729051032266e-03
4.536520743999999938e-01,2.143145674415474367e-03
4.536658318999999828e-01,2.143027143015008296e-03
4.536887600999999770e-01,2.142829608918941486e-03
4.536933456000000198e-01,2.142790104834748841e-03
4.537208576999999798e-01,2.142553099480075385e-03
4.537300280000000074e-01,2.142474104987785941e-03
4.537437831000000199e-01,2.142355620087057523e-03
4.537575379000000075e-01,2.142237143389535015e-03
4.537621226999999924e-01,2.142197652980357917e-03
4.537667074000000245e-01,2.142158163481427523e-03
4.537987995000000163e-01,2.141881762511859202e-03
4.538033839000000236e-01,2.141842280304366228e-03
4.538125525999999743e-01,2.141763318622573291e-03
4.538400573999999965e-01,2.141526455443461523e-03
4.538721443000000022e-01,2.141250156516634213e-03
4.538858950999999919e-01,2.141131756353849020e-03
4.538904785999999802e-01,2.141092291453553387e-03
4.539271450999999846e-01,2.140776605041655716e-03
4.539821392999999761e-01,2.140303184681638122e-03
4.540187983000000260e-01,2.139987643927305019e-03
4.540325446999999848e-01,2.139869331160573328e-03
4.540737813999999872e-01,2.139514441994381112e-03
4.540966889999999978e-01,2.139317313188592636e-03
4.541058517000000072e-01,2.139238468032863671e-03
4.541287576999999964e-01,2.139041371061426756e-03
4.541333388000000082e-01,2.139001954395420950e-03
4.541608241999999795e-01,2.138765473496223937e-03
4.541699855999999924e-01,2.138686653804081940e-03
4.541791468999999970e-01,2.138607837748657172e-03
4.541837275000000229e-01,2.138568431084817128e-03
4.541974688000000038e-01,2.138450216547613681e-03
4.542432705000000182e-01,2.138056227175410152e-03
4.542570101000000249e-01,2.137938048085632516e-03
4.542799084999999959e-01,2.137741101111493170e-03
4.542936469000000144e-01,2.137622943830666880e-03
4.543119642999999819e-01,2.137465413508321619e-03
4.543257017999999814e-01,2.137347275305060378e-03
4.543440177999999996e-01,2.137189770417417204e-03
4.543531755999999922e-01,2.137111023423742678e-03
4.543669117999999951e-01,2.136992909744396020e-03
4.543852261999999920e-01,2.136835437551887207e-03
4.543898047000000107e-01,2.136796071774042273e-03
4.544218527000000174e-01,2.136520536750718784e-03
4.544584763000000249e-01,2.136205694051590033e-03
4.544722093999999935e-01,2.136087643016189828e-03
4.544767869999999932e-01,2.136048294486158315e-03
4.544905195000000231e-01,2.135930254340613101e-03
4.544996742999999895e-01,2.135851565447637306e-03
4.545134061000000170e-01,2.135733538914360522e-03
4.545454454999999783e-01,2.135458175425640395e-03
4.545500223000000228e-01,2.135418841413356996e-03
4.545866356000000108e-01,2.135104201968625066e-03
4.546003647999999897e-01,2.134986227141907455e-03
4.546232458999999726e-01,2.134789620568605835e-03
4.546415498999999971e-01,2.134632351630911477e-03
4.546781557999999834e-01,2.134317857272911238e-03
4.546827312999999759e-01,2.134278549557297542e-03
4.546918822000000082e-01,2.134199936845640813e-03
4.547147586999999991e-01,2.134003420928399543e-03
4.547193339000000223e-01,2.133964120463618160e-03
4.547467839000000067e-01,2.133728336704679863e-03
4.547513586999999968e-01,2.133689042583747971e-03
4.547879557000000239e-01,2.133374722225494634e-03
4.547925301999999892e-01,2.133335436257676777e-03
4.548382718000000269e-01,2.132942626393078550e-03
4.548794353999999762e-01,2.132589174942986585e-03
4.548977291999999895e-01,2.132432108949772025e-03
4.549023025000000220e-01,2.132392844715140599e-03
4.549114490000000233e-01,2.132314318961170147e-03
4.549160221999999920e-01,2.132275057441113380e-03
4.549297413999999762e-01,2.132157278314325555e-03
4.549388873999999916e-01,2.132078763421273171e-03
4.549526058999999734e-01,2.131960997869677965e-03
4.549663240999999858e-01,2.131843240463797765e-03
4.549708967000000159e-01,2.131803989804366330e-03
4.549846142999999787e-01,2.131686243256708004e-03
4.550120483000000271e-01,2.131450774588413387e-03
4.550257647000000016e-01,2.131333052468657469e-03
4.550623395999999765e-01,2.131019166612073586e-03
4.550760544999999935e-01,2.130901474338669187e-03
4.550806259999999881e-01,2.130862245389788211e-03
4.551217677000000128e-01,2.130509225537131988e-03
4.551720469000000158e-01,2.130077856273208774e-03
4.551857583999999735e-01,2.129960229090310277e-03
4.551903287999999881e-01,2.129921021837174328e-03
4.552268905999999893e-01,2.129607396341315611e-03
4.552314606000000263e-01,2.129568197219981751e-03
4.552680190000000238e-01,2.129254636773911073e-03
4.552817276000000191e-01,2.129137066510988687e-03
4.553319892000000091e-01,2.128706045088667349e-03
4.553365581000000106e-01,2.128666866740528719e-03
4.553502647000000070e-01,2.128549337114310405e-03
4.553548335000000002e-01,2.128510162378180037e-03
4.553685395000000025e-01,2.128392643586093057e-03
4.553731080999999792e-01,2.128353472461286602e-03
4.553776766000000031e-01,2.128314302238385001e-03
4.554233595000000134e-01,2.127922649655250575e-03
4.554507670999999869e-01,2.127687701423913811e-03
4.554644702000000267e-01,2.127570239489491241e-03
4.554873079000000269e-01,2.127374487641767262e-03
4.554964425999999955e-01,2.127296193217418935e-03
4.555192786999999743e-01,2.127100472942033884e-03
4.555558140000000034e-01,2.126787367399359408e-03
4.555695140000000087e-01,2.126669967700018943e-03
4.555740805999999865e-01,2.126630836270457844e-03
4.555969127999999757e-01,2.126435192644680026e-03
4.556425736999999976e-01,2.126043973001633027e-03
4.556654023999999747e-01,2.125848396978577241e-03
4.556699679999999808e-01,2.125809284477201983e-03
4.557019259999999794e-01,2.125535522198840170e-03
4.557064912000000079e-01,2.125496416906049769e-03
4.557201866999999740e-01,2.125379106432093330e-03
4.557749643999999822e-01,2.124909945604370760e-03
4.557795289000000083e-01,2.124870854723288731e-03
4.557932222000000144e-01,2.124753587481373503e-03
4.558069149999999792e-01,2.124636328344026073e-03
4.558160433999999817e-01,2.124558160087026016e-03
4.558434272999999926e-01,2.124323676924047208e-03
4.558479911000000162e-01,2.124284599547303452e-03
4.558890635000000247e-01,2.123932943662087958e-03
4.559255691999999915e-01,2.123620421847601230e-03
4.559392581000000222e-01,2.123503241014200026e-03
4.559529465000000115e-01,2.123386068276638360e-03
4.560076962999999872e-01,2.122917458283293465e-03
4.560305067000000045e-01,2.122722242341184076e-03
4.560350686999999903e-01,2.122683201850439783e-03
4.560670010999999802e-01,2.122409943588499451e-03
4.560715625999999800e-01,2.122370910289561336e-03
4.560806856999999881e-01,2.122292846389840174e-03
4.561034924999999851e-01,2.122097702369601588e-03
4.561217370999999798e-01,2.121941603331559643e-03
4.561354201000000219e-01,2.121824538489216344e-03
4.561582242000000176e-01,2.121629448390012929e-03
4.561947082999999736e-01,2.121317350950222176e-03
4.562175093999999986e-01,2.121122319245777842e-03
4.562266294999999805e-01,2.121044312851310277e-03
4.562311895000000228e-01,2.121005311000896502e-03
4.562448692000000139e-01,2.120888310839138743e-03
4.562539888000000099e-01,2.120810315221569649e-03
4.562676677999999986e-01,2.120693328528738385e-03
4.562859058000000023e-01,2.120537358843069872e-03
4.563406155999999991e-01,2.120069535966030705e-03
4.563770851999999767e-01,2.119757725849943843e-03
4.563907604999999923e-01,2.119640811863526386e-03
4.564363419999999949e-01,2.119251156887955699e-03
4.564454577000000013e-01,2.119173236657443879e-03
4.564500154999999726e-01,2.119134277887847230e-03
4.564728037999999932e-01,2.118939497492159686e-03
4.564864762999999992e-01,2.118822640016077268e-03
4.565001483000000193e-01,2.118705790610989678e-03
4.565047056000000048e-01,2.118666842602243139e-03
4.565411620000000004e-01,2.118355290810794000e-03
4.565457189000000082e-01,2.118316350870734673e-03
4.565593891999999987e-01,2.118199536429941562e-03
4.565821720000000083e-01,2.118004863620437904e-03
4.565958412000000188e-01,2.117888070689463460e-03
4.566550696000000187e-01,2.117382061176704446e-03
4.566869586000000258e-01,2.117109657226869546e-03
4.567051798999999801e-01,2.116954017530877242e-03
4.567188454000000175e-01,2.116837297162717062e-03
4.567234004999999875e-01,2.116798392163666154e-03
4.567279555000000046e-01,2.116759488061080441e-03
4.567598394999999867e-01,2.116487184409721663e-03
4.568008297999999745e-01,2.116137144172298371e-03
4.568281546999999887e-01,2.115903824291352764e-03
4.568327086999999787e-01,2.115864940776931036e-03
4.568509242000000081e-01,2.115709415667374558e-03
4.568827994999999920e-01,2.115437281171362628e-03
4.569101194999999893e-01,2.115204057922380303e-03
4.569374378000000125e-01,2.114970866872501170e-03
4.569419907000000225e-01,2.114932004827798240e-03
4.569556491000000276e-01,2.114815424059683559e-03
4.569738596999999847e-01,2.114659995553345561e-03
4.569784123000000253e-01,2.114621140662445789e-03
4.570102786999999944e-01,2.114349181456357495e-03
4.570193830000000013e-01,2.114271486872008454e-03
4.570512466000000162e-01,2.113999583981165595e-03
4.570557983999999907e-01,2.113960744286336353e-03
4.570922108000000095e-01,2.113650058894537154e-03
4.571013134999999949e-01,2.113572396481577364e-03
4.571058646999999753e-01,2.113533566615566437e-03
4.571195183000000273e-01,2.113417082378011777e-03
4.571422732000000044e-01,2.113222959846818017e-03
4.571604764000000154e-01,2.113067677899497544e-03
4.571741281999999740e-01,2.112951225816909074e-03
4.571786788000000157e-01,2.112912410242416203e-03
4.572014307999999749e-01,2.112718345763190623e-03
4.572287317000000018e-01,2.112485497853077224e-03
4.572378316999999859e-01,2.112407889025390371e-03
4.572514811999999762e-01,2.112291482478816530e-03
4.572696800000000117e-01,2.112136286246611185e-03
4.573015261999999748e-01,2.111864727201245157e-03
4.573060754000000117e-01,2.111825936621632149e-03
4.573106247000000013e-01,2.111787146934266789e-03
4.573242720999999844e-01,2.111670783226249001e-03
4.573424680000000020e-01,2.111515644105748345e-03
4.573470168000000058e-01,2.111476861556533299e-03
4.573606631000000089e-01,2.111360519259923747e-03
4.573788576000000217e-01,2.111205408686353535e-03
4.573925030000000058e-01,2.111089085121487571e-03
4.574334366000000207e-01,2.110740162586314476e-03
4.574880090999999815e-01,2.110275044883358313e-03
4.575243871999999934e-01,2.109965037725970022e-03
4.575289342000000148e-01,2.109926290841707304e-03
4.575380282000000021e-01,2.109848799746326994e-03
4.575925881999999834e-01,2.109383928021452484e-03
4.575971346000000106e-01,2.109345194501588330e-03
4.576335040000000243e-01,2.109035358410764165e-03
4.576516876000000233e-01,2.108880461739009050e-03
4.576653247999999952e-01,2.108764298585787990e-03
4.576744159999999728e-01,2.108686860935788613e-03
4.576880526000000060e-01,2.108570711138737022e-03
4.577062339999999896e-01,2.108415857206199454e-03
4.577107792999999814e-01,2.108377145948997500e-03
4.577471396000000192e-01,2.108067487932105237e-03
4.577562291999999755e-01,2.107990082328554254e-03
4.577607739999999814e-01,2.107951380861447250e-03
4.577834970999999920e-01,2.107757886873936736e-03
4.578289398000000010e-01,2.107370965629654265e-03
4.578334837999999962e-01,2.107332278398536384e-03
4.578516595000000078e-01,2.107177538367211930e-03
4.578562032999999865e-01,2.107138855583647052e-03
4.579061821000000032e-01,2.106713403652134362e-03
4.579606983000000242e-01,2.106249396970439735e-03
4.579743263000000120e-01,2.106133415300865362e-03
4.579788689000000024e-01,2.106094756521718729e-03
4.579924962999999960e-01,2.105978785516866934e-03
4.580015810999999992e-01,2.105901475956878811e-03
4.580333764000000252e-01,2.105630920488136930e-03
4.580379184000000214e-01,2.105592273260684360e-03
4.580470021999999974e-01,2.105514981471083395e-03
4.580697110999999988e-01,2.105321767544138332e-03
4.581015016000000162e-01,2.105051305351636048e-03
4.581378308999999871e-01,2.104742258988869571e-03
4.581423719000000117e-01,2.104703632188985925e-03
4.581832384999999785e-01,2.104356030944052377e-03
4.581923195000000004e-01,2.104278795987755968e-03
4.581968598999999753e-01,2.104240179840967916e-03
4.582195613000000223e-01,2.104047112419838578e-03
4.582331816999999918e-01,2.103931282617460541e-03
4.582513415000000201e-01,2.103776855304216684e-03
4.582831193999999941e-01,2.103506641665613651e-03
4.582876589000000056e-01,2.103468043265763199e-03
4.582921984000000171e-01,2.103429445753166125e-03
4.583602850999999867e-01,2.102850589498658513e-03
4.583965938999999823e-01,2.102541947746105859e-03
4.584102090000000129e-01,2.102426221716627817e-03
4.584374379000000221e-01,2.102194793592343687e-03
4.584510517000000007e-01,2.102079091494892145e-03
4.584692028999999835e-01,2.101924834438969117e-03
4.584828157999999987e-01,2.101809150952137131e-03
4.585100403999999852e-01,2.101577807900507650e-03
4.585735581000000005e-01,2.101038131466927139e-03
4.585780948000000024e-01,2.100999589792890837e-03
4.586279949000000022e-01,2.100575689819706490e-03
4.586325310000000099e-01,2.100537158770072587e-03
4.586506750000000077e-01,2.100383043426836717e-03
4.586688183000000030e-01,2.100228942246100145e-03
4.586914963000000012e-01,2.100036335683689182e-03
4.587005672000000200e-01,2.099959299254149873e-03
4.587232437000000052e-01,2.099766723664173163e-03
4.587277788999999939e-01,2.099728211200654112e-03
4.587549888999999936e-01,2.099497154998941715e-03
4.587731280999999828e-01,2.099343135223980927e-03
4.587776627999999857e-01,2.099304632491395817e-03
4.588320752999999752e-01,2.098842668686250537e-03
4.588366093999999840e-01,2.098804177450795932e-03
4.588728805000000244e-01,2.098496279392373862e-03
4.588864813999999903e-01,2.098380832206912707e-03
4.589046153999999933e-01,2.098226915001540592e-03
4.589182152999999875e-01,2.098111486377697826e-03
4.589408810999999755e-01,2.097919123011629701e-03
4.589454141000000043e-01,2.097880652990055574e-03
4.589771438999999953e-01,2.097611387575028588e-03
4.589816765999999992e-01,2.097572924621087832e-03
4.589952742999999780e-01,2.097457541059543143e-03
4.590088715999999791e-01,2.097342165449029780e-03
4.590179361999999763e-01,2.097265252790990030e-03
4.590496609999999977e-01,2.096996086308955051e-03
4.590541929999999993e-01,2.096957637487395325e-03
4.590904469000000043e-01,2.096650078697240814e-03
4.591040412999999876e-01,2.096534758718174817e-03
4.591357602000000204e-01,2.096265709663560056e-03
4.591402913000000030e-01,2.096227277614729802e-03
4.591584152000000030e-01,2.096073558245927296e-03
4.591991913999999841e-01,2.095727741287853069e-03
4.592671435999999829e-01,2.095151538489915810e-03
4.592716734000000245e-01,2.095113132026517333e-03
4.592988512000000245e-01,2.094882711762635543e-03
4.593079100999999942e-01,2.094805912062196532e-03
4.593350857999999870e-01,2.094575534120478744e-03
4.593396149000000261e-01,2.094537140882602073e-03
4.593441440000000098e-01,2.094498748525738981e-03
4.593803750000000075e-01,2.094191641405572339e-03
4.593939609000000091e-01,2.094076490777971918e-03
4.594075463999999775e-01,2.093961348080999006e-03
4.594256597999999969e-01,2.093807836821673200e-03
4.594301880000000171e-01,2.093769461209072768e-03
4.594437724000000056e-01,2.093654339658483111e-03
4.594845231999999946e-01,2.093309022576789625e-03
4.595026335999999878e-01,2.093155571219212745e-03
4.595252705000000271e-01,2.092963776835715314e-03
4.595524333000000072e-01,2.092733652634036056e-03
4.595569601999999754e-01,2.092695301681702508e-03
4.595705408999999908e-01,2.092580254108280125e-03
4.595977010000000251e-01,2.092350182727058944e-03
4.596293858000000121e-01,2.092081806161980896e-03
4.596339120999999861e-01,2.092043470173379424e-03
4.596474904999999778e-01,2.091928467485768689e-03
4.596655943999999883e-01,2.091775142887392601e-03
4.597153763999999865e-01,2.091353572821238582e-03
4.597199017999999970e-01,2.091315253547598556e-03
4.597425279999999836e-01,2.091123670370084817e-03
4.597742027999999759e-01,2.090855490855773966e-03
4.597877770000000086e-01,2.090740569967696090e-03
4.597923017000000168e-01,2.090702264762839529e-03
4.598149242999999831e-01,2.090510751926721259e-03
4.598284973999999803e-01,2.090395854773496442e-03
4.598420699999999917e-01,2.090280965530304062e-03
4.598511182000000197e-01,2.090204377095433892e-03
4.598646901999999814e-01,2.090089501034998482e-03
4.598782618000000211e-01,2.089974632883743327e-03
4.599144506999999771e-01,2.089668356472556155e-03
4.599189740999999887e-01,2.089630075874467172e-03
4.599370673000000020e-01,2.089476962266877125e-03
4.599732516000000215e-01,2.089170777211761965e-03
4.599913427000000277e-01,2.089017705760842433e-03
4.599958652999999731e-01,2.088979440093576955e-03
4.600049104999999749e-01,2.088902911392397435e-03
4.600275227000000244e-01,2.088711605006191886e-03
4.600456116000000151e-01,2.088558575698319653e-03
4.600682218000000101e-01,2.088367308813919142e-03
4.600772656000000072e-01,2.088290808204316430e-03
4.600998741999999808e-01,2.088099572037411741e-03
4.601179603000000173e-01,2.087946598899200444e-03
4.601360456999999959e-01,2.087793639800040318e-03
4.601496091999999760e-01,2.087678929686821814e-03
4.601541303000000194e-01,2.087640694737482802e-03
4.601676934000000219e-01,2.087525995151378634e-03
4.601902976000000201e-01,2.087334846718183132e-03
4.602038594999999788e-01,2.087220168182175959e-03
4.602219415000000091e-01,2.087067275744714130e-03
4.602445430000000060e-01,2.086876179927471455e-03
4.602490631999999748e-01,2.086837963394376667e-03
4.602626235000000232e-01,2.086723319055583999e-03
4.602807031000000215e-01,2.086570472209716039e-03
4.602852230000000211e-01,2.086532262689042277e-03
4.603168604000000275e-01,2.086264820590905122e-03
4.603530148000000155e-01,2.085959225059560041e-03
4.603710910000000101e-01,2.085806448322177938e-03
4.603936852000000135e-01,2.085615497113136110e-03
4.604072410999999754e-01,2.085500936899157328e-03
4.604433884999999949e-01,2.085195481531816782e-03
4.604659790999999780e-01,2.085004600388626079e-03
4.604795329999999964e-01,2.084890082209480376e-03
4.604930863999999735e-01,2.084775571910275297e-03
4.605156745999999801e-01,2.084584738919908770e-03
4.605337444000000002e-01,2.084432088283660542e-03
4.605834325000000007e-01,2.084012371233865801e-03
4.606014996000000195e-01,2.083859773102892440e-03
4.606105328999999804e-01,2.083783479286211056e-03
4.606240824999999761e-01,2.083669045122925161e-03
4.606421479999999735e-01,2.083516478485222031e-03
4.606466643000000083e-01,2.083478339011879052e-03
4.606782769000000166e-01,2.083211387189902713e-03
4.606963403000000068e-01,2.083058862530834561e-03
4.607098874000000177e-01,2.082944478217111945e-03
4.607189185000000187e-01,2.082868226379514399e-03
4.607279495000000114e-01,2.082791978038924657e-03
4.607505262000000101e-01,2.082601372485345850e-03
4.607685866999999824e-01,2.082448903776352566e-03
4.607866466000000161e-01,2.082296449050867210e-03
4.608001910000000256e-01,2.082182117182643927e-03
4.608904769000000123e-01,2.081420105676154951e-03
4.608995045000000013e-01,2.081343923742565334e-03
4.609356131999999828e-01,2.081039230936931710e-03
4.609491532000000169e-01,2.080924985542419864e-03
4.609717191000000103e-01,2.080734594010282251e-03
4.610078221000000198e-01,2.080430012951441868e-03
4.610168473999999850e-01,2.080353876413445786e-03
4.610213599999999912e-01,2.080315809454113662e-03
4.610348974999999849e-01,2.080201613811554807e-03
4.610439223000000197e-01,2.080125487746063099e-03
4.610574592000000194e-01,2.080011305191984197e-03
4.610890436000000259e-01,2.079744909767157566e-03
4.611116026000000034e-01,2.079554653490753215e-03
4.611161142999999907e-01,2.079516604852106338e-03
4.611296489999999748e-01,2.079402464168957770e-03
4.611431833999999896e-01,2.079288331334520033e-03
4.611657397000000214e-01,2.079098127383910855e-03
4.611792730000000007e-01,2.078984015476697915e-03
4.612243810000000166e-01,2.078603699118681397e-03
4.612334021000000228e-01,2.078527646306360579e-03
4.612379126000000218e-01,2.078489621207940761e-03
4.612604643000000060e-01,2.078299508787555955e-03
4.612739947999999757e-01,2.078185451791806412e-03
4.612920347999999726e-01,2.078033387996502078e-03
4.613055643999999789e-01,2.077919349298646984e-03
4.613281128000000231e-01,2.077729302224557827e-03
4.613686971000000026e-01,2.077387272364946552e-03
4.613777153999999991e-01,2.077311275309872210e-03
4.613822244999999933e-01,2.077273278087933463e-03
4.614363297999999891e-01,2.076817379342914185e-03
4.614543635000000199e-01,2.076665440951361470e-03
4.614678883000000176e-01,2.076551496296764800e-03
4.614769046000000152e-01,2.076475537546396653e-03
4.615084602999999785e-01,2.076209709329232805e-03
4.615445214000000185e-01,2.075905957859352884e-03
4.615625508000000266e-01,2.075754103001913823e-03
4.615760724999999898e-01,2.075640220993251600e-03
4.615805795999999850e-01,2.075602262062729332e-03
4.615850866999999802e-01,2.075564304003194374e-03
4.616121282000000270e-01,2.075336573903257056e-03
4.616166349999999974e-01,2.075298621929930459e-03
4.616211417000000150e-01,2.075260670826577225e-03
4.616526876000000001e-01,2.074995037447574173e-03
4.616571939999999930e-01,2.074957093299920410e-03
4.616662066000000175e-01,2.074881207611305092e-03
4.617067611999999821e-01,2.074539765042140993e-03
4.617202785999999781e-01,2.074425966496497818e-03
4.617383011999999787e-01,2.074274247267699454e-03
4.617428067000000080e-01,2.074236319632992952e-03
4.617608284999999979e-01,2.074084617782178189e-03
4.617653338000000107e-01,2.074046694491116487e-03
4.617788494999999771e-01,2.073932929831872208e-03
4.618013747999999974e-01,2.073743339439664598e-03
4.618329083000000113e-01,2.073477949370182080e-03
4.618644397000000179e-01,2.073212601852292888e-03
4.618689440000000035e-01,2.073174698536804465e-03
4.618734482999999891e-01,2.073136796089954104e-03
4.619004729000000253e-01,2.072909399640012439e-03
4.619365033999999759e-01,2.072606252983851590e-03
4.619545174999999948e-01,2.072454700485408443e-03
4.620175616000000152e-01,2.071924376069538953e-03
4.620310698999999799e-01,2.071810757244955427e-03
4.620445778000000225e-01,2.071697146227386051e-03
4.620670901000000219e-01,2.071507811876094774e-03
4.620850992000000157e-01,2.071356360005393010e-03
4.620896012999999858e-01,2.071318499205072623e-03
4.620986054999999815e-01,2.071242780206208715e-03
4.621391221999999743e-01,2.070902087626680117e-03
4.621526268999999743e-01,2.070788539037127056e-03
4.621571284000000057e-01,2.070750691239877511e-03
4.621706326999999725e-01,2.070637153050752365e-03
4.622111429999999910e-01,2.070296585279522445e-03
4.622246456999999920e-01,2.070183078286031049e-03
4.622336471999999863e-01,2.070107411288969312e-03
4.622471491999999849e-01,2.069993917290318796e-03
4.622651513000000101e-01,2.069842604085996192e-03
4.622696517000000060e-01,2.069804777949667968e-03
4.623011532999999895e-01,2.069540019251274107e-03
4.623056533000000079e-01,2.069502200043904158e-03
4.623146532999999891e-01,2.069426564226792969e-03
4.623191531999999992e-01,2.069388747617125889e-03
4.623326527000000130e-01,2.069275302983520411e-03
4.624136414000000195e-01,2.068594798796990781e-03
4.624766228000000146e-01,2.068065711613446996e-03
4.624811212000000116e-01,2.068027926160248380e-03
4.625171063999999888e-01,2.067725673675115984e-03
4.625216042999999999e-01,2.067687896006652030e-03
4.625306001000000222e-01,2.067612343264055991e-03
4.625350979000000251e-01,2.067574568189655022e-03
4.625530888000000118e-01,2.067423476539693213e-03
4.625710788999999878e-01,2.067272398724035332e-03
4.625890683000000170e-01,2.067121334741510007e-03
4.625935655999999785e-01,2.067083570907256307e-03
4.626295420000000047e-01,2.066781491349441776e-03
4.626430324999999955e-01,2.066668225775680941e-03
4.626655156000000213e-01,2.066479467103668650e-03
4.626745085999999785e-01,2.066403969683843714e-03
4.626790049999999765e-01,2.066366222269406042e-03
4.626969902999999995e-01,2.066215241252848580e-03
4.627149748000000118e-01,2.066064274058192207e-03
4.627509417999999819e-01,2.065762381130913355e-03
4.627734197999999743e-01,2.065573726119265211e-03
4.628003917999999883e-01,2.065347368600926620e-03
4.628048869999999981e-01,2.065309645370498777e-03
4.628183724000000110e-01,2.065196480856778486e-03
4.628408469999999997e-01,2.065007890599592551e-03
4.628453417999999764e-01,2.064970175137603378e-03
4.628723096999999842e-01,2.064743900491152525e-03
4.628947817999999881e-01,2.064555362017492408e-03
4.629082644999999996e-01,2.064442249288473644e-03
4.629172528000000120e-01,2.064366845116290521e-03
4.629487103000000103e-01,2.064102957689341843e-03
4.630026325000000109e-01,2.063650677573399071e-03
4.630206050999999823e-01,2.063499945131605680e-03
4.630385771000000150e-01,2.063349226484194159e-03
4.630565483999999898e-01,2.063198521630568629e-03
4.630610411000000148e-01,2.063160847572827108e-03
4.630745189000000095e-01,2.063047830570244236e-03
4.630879963999999793e-01,2.062934821324965712e-03
4.630969811999999797e-01,2.062859486137916167e-03
4.631284265000000233e-01,2.062595840128257727e-03
4.631688529999999915e-01,2.062256928725118670e-03
4.631778362000000260e-01,2.062181624556704267e-03
4.631958020999999981e-01,2.062031026556293816e-03
4.632002934000000183e-01,2.061993379209581950e-03
4.632182584000000269e-01,2.061842798434808648e-03
4.632496955000000027e-01,2.061579315234071067e-03
4.632721491999999830e-01,2.061391138779088573e-03
4.632766398000000008e-01,2.061353506070727568e-03
4.632901113999999820e-01,2.061240613112080410e-03
4.633125632000000271e-01,2.061052475395121989e-03
4.633215435999999965e-01,2.060977226333800521e-03
4.633395039000000049e-01,2.060826738539400186e-03
4.633439938999999730e-01,2.060789118741251143e-03
4.633619533000000179e-01,2.060638648157810029e-03
4.633844015999999955e-01,2.060450579287086310e-03
4.633978699999999895e-01,2.060337748288842107e-03
4.634203165999999929e-01,2.060149713830185768e-03
4.634337840000000153e-01,2.060036903476890856e-03
4.634472510000000045e-01,2.059924100864099061e-03
4.634652063999999960e-01,2.059773709420198787e-03
4.635056035999999824e-01,2.059435378974005040e-03
4.635235567000000056e-01,2.059285032240530666e-03
4.635415091999999793e-01,2.059134699259990847e-03
4.635594610000000060e-01,2.058984380032072032e-03
4.635953623999999884e-01,2.058683782826020974e-03
4.635998499000000272e-01,2.058646212042030115e-03
4.636088246999999773e-01,2.058571073051664035e-03
4.636626701000000073e-01,2.058120311273837523e-03
4.636671569999999964e-01,2.058082753375613770e-03
4.636806171999999782e-01,2.057970084833858366e-03
4.636851039000000063e-01,2.057932530371055831e-03
4.637030501000000138e-01,2.057782321106381689e-03
4.637434265000000000e-01,2.057444400492279384e-03
4.637568845000000217e-01,2.057331775740776220e-03
4.638107127000000163e-01,2.056881353983760694e-03
4.638151980999999924e-01,2.056843824415462152e-03
4.638286540000000069e-01,2.056731240860047195e-03
4.638779892000000071e-01,2.056318500552317165e-03
4.638824738999999808e-01,2.056280983852518725e-03
4.638869586000000100e-01,2.056243468011362437e-03
4.639183503000000042e-01,2.055980881136829520e-03
4.639362874999999886e-01,2.055830850360473253e-03
4.639497398999999911e-01,2.055718336282223203e-03
4.640080293000000133e-01,2.055230864437135058e-03
4.640304463000000101e-01,2.055043413837375713e-03
4.640394127999999951e-01,2.054968439596950754e-03
4.640438960000000113e-01,2.054930953761602633e-03
4.640573452999999793e-01,2.054818501397938282e-03
4.640663112999999784e-01,2.054743537439943611e-03
4.640797600000000078e-01,2.054631097929271802e-03
4.641111386999999810e-01,2.054368769053884370e-03
4.641335507000000082e-01,2.054181416983345831e-03
4.641649258000000167e-01,2.053919160054348218e-03
4.641738897000000086e-01,2.053844237210911920e-03
4.641873351999999953e-01,2.053731859365696705e-03
4.642007804000000126e-01,2.053619489226625374e-03
4.642052620000000074e-01,2.053582034226076377e-03
4.642590381999999738e-01,2.053132640984172471e-03
4.642948854999999764e-01,2.052833113955309166e-03
4.643262496000000183e-01,2.052571072725664462e-03
4.643486513000000260e-01,2.052383926082341960e-03
4.643531315000000159e-01,2.052346499319535403e-03
4.643889715999999779e-01,2.052047116008847046e-03
4.644024109000000067e-01,2.051934861377469835e-03
4.644203293999999982e-01,2.051785200506358459e-03
4.644516850000000030e-01,2.051523326896540194e-03
4.644606433999999839e-01,2.051448513559488759e-03
4.644696016000000038e-01,2.051373703640602380e-03
4.644740806000000055e-01,2.051336299962940295e-03
4.644875175000000023e-01,2.051224094059822360e-03
4.644964751999999808e-01,2.051149294396795945e-03
4.645099113999999751e-01,2.051037101311481252e-03
4.645278257000000077e-01,2.050887522494996423e-03
4.645412609999999831e-01,2.050775347353790603e-03
4.645681304000000011e-01,2.050551020137493952e-03
4.645815644999999883e-01,2.050438868062086969e-03
4.645949983000000061e-01,2.050326723673314300e-03
4.646039538999999774e-01,2.050251965017811217e-03
4.646308196999999751e-01,2.050027709546577148e-03
4.646352971000000109e-01,2.049990336623442461e-03
4.646532065999999794e-01,2.049840853469449883e-03
4.646755925000000120e-01,2.049654018736159471e-03
4.646845466000000258e-01,2.049579290819191803e-03
4.646890235000000202e-01,2.049541928140642677e-03
4.647785536999999856e-01,2.048794853793353774e-03
4.647830298000000249e-01,2.048757509035687308e-03
4.647964576999999986e-01,2.048645479879220542e-03
4.648143610000000092e-01,2.048496119613536434e-03
4.648188367000000154e-01,2.048458781680186688e-03
4.648501655000000232e-01,2.048197440021596715e-03
4.648546407999999963e-01,2.048160108910399620e-03
4.648904421999999759e-01,2.047861490715267678e-03
4.648993920999999752e-01,2.047786844692714436e-03
4.649038670000000262e-01,2.047749522960403031e-03
4.649396646000000244e-01,2.047450979785661596e-03
4.649978297999999843e-01,2.046965963458433676e-03
4.650336201999999974e-01,2.046667563442683847e-03
4.650470408999999861e-01,2.046555677492372348e-03
4.650604610999999888e-01,2.046443799206991172e-03
4.650649345000000268e-01,2.046406508148577216e-03
4.650962466999999934e-01,2.046145494584913904e-03
4.651007196999999982e-01,2.046108210339587369e-03
4.651141383999999879e-01,2.045996362710295405e-03
4.651186111999999762e-01,2.045959081870336004e-03
4.651365021000000155e-01,2.045809967023306478e-03
4.651409746999999872e-01,2.045772690439456865e-03
4.651678094999999735e-01,2.045549048813944445e-03
4.651722817999999759e-01,2.045511778188879946e-03
4.651856985000000222e-01,2.045399971419780815e-03
4.652080586999999823e-01,2.045213643823127342e-03
4.652259462000000179e-01,2.045064597063286048e-03
4.652572475000000263e-01,2.044803797988665583e-03
4.652617190000000180e-01,2.044766544380851973e-03
4.652796042999999826e-01,2.044617538455122379e-03
4.653153729999999766e-01,2.044319567427910385e-03
4.653198438999999742e-01,2.044282324877002167e-03
4.653287856000000167e-01,2.044207842325008930e-03
4.653332562999999977e-01,2.044170602323773858e-03
4.653466682999999882e-01,2.044058887423688426e-03
4.653556094999999893e-01,2.043984415074839942e-03
4.653824319000000043e-01,2.043761018428899741e-03
4.654226624999999729e-01,2.043425980835344123e-03
4.654271323999999987e-01,2.043388758685192076e-03
4.654584202000000004e-01,2.043128227428170872e-03
4.654762980000000105e-01,2.042979371115541832e-03
4.655299272999999793e-01,2.042532883728146332e-03
4.655343961999999780e-01,2.042495681966610428e-03
4.655433337000000060e-01,2.042421280990455723e-03
4.655701452000000073e-01,2.042198098442720398e-03
4.655835504999999985e-01,2.042086518631480892e-03
4.656148278000000196e-01,2.041826195451393842e-03
4.656371673999999961e-01,2.041640275787429733e-03
4.656416352000000147e-01,2.041603094401225459e-03
4.656684410999999968e-01,2.041380023902450956e-03
4.657086470999999839e-01,2.041045475430184383e-03
4.657399159999999760e-01,2.040785318569902917e-03
4.657488495000000062e-01,2.040710995672732030e-03
4.657577829999999808e-01,2.040636676167616008e-03
4.657622496000000112e-01,2.040599517687609072e-03
4.658158459999999779e-01,2.040153682064465082e-03
4.658203120000000141e-01,2.040116534606382405e-03
4.658292440999999839e-01,2.040042242235012154e-03
4.658515733999999964e-01,2.039856526140049111e-03
4.658560392000000161e-01,2.039819385464310218e-03
4.659051594999999990e-01,2.039410893963106413e-03
4.659185551000000203e-01,2.039299504985487080e-03
4.659230201999999821e-01,2.039262377020504679e-03
4.659587394999999965e-01,2.038965383800757890e-03
4.659721334999999964e-01,2.038854025319677445e-03
4.659765980999999724e-01,2.038816907520535002e-03
4.659989204000000163e-01,2.038631331226419940e-03
4.660123131999999724e-01,2.038519995612744079e-03
4.660435616999999975e-01,2.038260242148919911e-03
4.660614170999999861e-01,2.038111830224619957e-03
4.660658807999999986e-01,2.038074729359503311e-03
4.660837353000000238e-01,2.037926334365662128e-03
4.661015890999999911e-01,2.037777952913449268e-03
4.661729976000000275e-01,2.037184562503350799e-03
4.661774602000000045e-01,2.037147482794160556e-03
4.661908479999999910e-01,2.037036248742291836e-03
4.662042352999999917e-01,2.036925022302665117e-03
4.662131600000000153e-01,2.036850875572920362e-03
4.662265467000000219e-01,2.036739661820087532e-03
4.662399329999999953e-01,2.036628455678337907e-03
4.662577808000000212e-01,2.036480192661436085e-03
4.662800897000000111e-01,2.036294882914667717e-03
4.662979360000000240e-01,2.036146650333953752e-03
4.663202429000000149e-01,2.035961378627557019e-03
4.663514706999999926e-01,2.035702033736465789e-03
4.663871572000000132e-01,2.035405690276700062e-03
4.664049994000000199e-01,2.035257538824867922e-03
4.664228409000000242e-01,2.035109400888352252e-03
4.664273011999999774e-01,2.035072368516104100e-03
4.664406817000000260e-01,2.034961276466728478e-03
4.664585218999999783e-01,2.034813165558546806e-03
4.664719015000000080e-01,2.034702091244474861e-03
4.665120381999999788e-01,2.034368913898482872e-03
4.665343349000000139e-01,2.034183844921864416e-03
4.665432532000000077e-01,2.034109823239847042e-03
4.665477123999999809e-01,2.034072813665646629e-03
4.665655483999999742e-01,2.033924783805985282e-03
4.665833837999999734e-01,2.033776767450208144e-03
4.666012185000000256e-01,2.033628764596172832e-03
4.666056769999999965e-01,2.033591765991476369e-03
4.666413440000000135e-01,2.033295807531016516e-03
4.666859239000000215e-01,2.032925935374098152e-03
4.667082122999999805e-01,2.032741030921676045e-03
4.667394141999999801e-01,2.032482200103023079e-03
4.667483285999999842e-01,2.032408256028238411e-03
4.667617000000000016e-01,2.032297346238411823e-03
4.667795278999999908e-01,2.032149478320298321e-03
4.667839846999999875e-01,2.032112513447700136e-03
4.668151816000000176e-01,2.031853782938130692e-03
4.668196380999999895e-01,2.031816824807749968e-03
4.668285509999999805e-01,2.031742911074448099e-03
4.668552886999999818e-01,2.031521190097721960e-03
4.668686570000000202e-01,2.031410340982352583e-03
4.668820249000000255e-01,2.031299499448304628e-03
4.668864808000000033e-01,2.031262553955653742e-03
4.669043038999999840e-01,2.031114780405329431e-03
4.669221263000000177e-01,2.030967020331468555e-03
4.670335011000000258e-01,2.030043825076645065e-03
4.670424099000000107e-01,2.029969992183079577e-03
4.670602271000000028e-01,2.029822336493400121e-03
4.670646811999999981e-01,2.029785424674561672e-03
4.670824975999999795e-01,2.029637785813470652e-03
4.670958593000000270e-01,2.029527065500951171e-03
4.671003132000000058e-01,2.029490160412482456e-03
4.671136744000000118e-01,2.029379450195130299e-03
4.671359424000000038e-01,2.029194949988049820e-03
4.671403957999999967e-01,2.029158052469854073e-03
4.671537559999999756e-01,2.029047364961577855e-03
4.671760220000000241e-01,2.028862902599078578e-03
4.671893811000000230e-01,2.028752235271880523e-03
4.672071925999999875e-01,2.028604690605279818e-03
4.672472661000000027e-01,2.028272764283880775e-03
4.672561708999999897e-01,2.028199012124979467e-03
4.672828841000000177e-01,2.027977775816641216e-03
4.672962401999999904e-01,2.027867169007139484e-03
4.673095958999999855e-01,2.027756569759100926e-03
4.673274028000000135e-01,2.027609115857391484e-03
4.673452090999999919e-01,2.027461675396384586e-03
4.673496605999999942e-01,2.027424817380970960e-03
4.673541119999999882e-01,2.027387960205249366e-03
4.673808195999999970e-01,2.027166834790522683e-03
4.673897218999999992e-01,2.027093133037711267e-03
4.674030747999999846e-01,2.026982586705841118e-03
4.674208782000000006e-01,2.026835203352002172e-03
4.674253290000000005e-01,2.026798359613215302e-03
4.674564829999999782e-01,2.026540476943068658e-03
4.674742843999999953e-01,2.026393133885257512e-03
4.674876350000000125e-01,2.026282635404525780e-03
4.674965350999999991e-01,2.026208973946233820e-03
4.675276843999999765e-01,2.025951185278890114e-03
4.675454830999999922e-01,2.025803895927449916e-03
4.675677303999999923e-01,2.025619803114508261e-03
4.675810783000000082e-01,2.025509357492401991e-03
4.675944258999999992e-01,2.025398919420514417e-03
4.676300173999999865e-01,2.025104454794446254e-03
4.676344661999999874e-01,2.025067650489057337e-03
4.676656062999999808e-01,2.024810043833027203e-03
4.676700547000000041e-01,2.024773246235250616e-03
4.676745030000000192e-01,2.024736449476028950e-03
4.676833997000000021e-01,2.024662858473384383e-03
4.676878479000000088e-01,2.024626064228661308e-03
4.677412235000000251e-01,2.024184598671947138e-03
4.677768038999999822e-01,2.023890355339161284e-03
4.677812512999999783e-01,2.023853578693357060e-03
4.678168286000000120e-01,2.023559395678605193e-03
4.678301693999999955e-01,2.023449090868680283e-03
4.678835288000000037e-01,2.023007946997510201e-03
4.678879751000000198e-01,2.022971190451068255e-03
4.679146523000000113e-01,2.022750668751802441e-03
4.679235442999999939e-01,2.022677168214393004e-03
4.679368821000000067e-01,2.022566923687913864e-03
4.679546652000000084e-01,2.022419942702320412e-03
4.679946745999999935e-01,2.022089284439176991e-03
4.680080104000000074e-01,2.021979080078717232e-03
4.680257908000000078e-01,2.021832152644240013e-03
4.680302357000000191e-01,2.021795422876953782e-03
4.680435705000000057e-01,2.021685238593408113e-03
4.680569048000000065e-01,2.021575061837391826e-03
4.680657940999999878e-01,2.021501614848972284e-03
4.681013498000000106e-01,2.021207860344799868e-03
4.681102382999999811e-01,2.021134430080014956e-03
4.681369027999999766e-01,2.020914159351835503e-03
4.681680094999999819e-01,2.020657214870799460e-03
4.681813403000000262e-01,2.020547108344203108e-03
4.682213304000000242e-01,2.020216833891973728e-03
4.682346595999999916e-01,2.020106757448069789e-03
4.682746452000000059e-01,2.019776573226744320e-03
4.683146273000000082e-01,2.019446456661045178e-03
4.683235116999999725e-01,2.019373106609845172e-03
4.683279538999999825e-01,2.019336432837509805e-03
4.683457220999999726e-01,2.019189746094301584e-03
4.683501641000000215e-01,2.019153076496362290e-03
4.683812566000000177e-01,2.018896412683425685e-03
4.683856981999999780e-01,2.018859749762965707e-03
4.683945813000000014e-01,2.018786426427198084e-03
4.684212295999999887e-01,2.018566476448881066e-03
4.684345531999999923e-01,2.018456512726249114e-03
4.684656400000000165e-01,2.018199959909884253e-03
4.684700808000000216e-01,2.018163312844732226e-03
4.685056058000000023e-01,2.017870166355767870e-03
4.685278076000000125e-01,2.017686976907917713e-03
4.685366879999999790e-01,2.017613706966889242e-03
4.685411281999999900e-01,2.017577073247131883e-03
4.685766478000000235e-01,2.017284033508033418e-03
4.685899668999999879e-01,2.017174157362622983e-03
4.685944066000000130e-01,2.017137533648499965e-03
4.686254827999999928e-01,2.016881190987444058e-03
4.686299220999999848e-01,2.016844573940944959e-03
4.686698738999999780e-01,2.016515058027898433e-03
4.687408908999999846e-01,2.015929418597883424e-03
4.687763953999999900e-01,2.015636678845626317e-03
4.687897088999999906e-01,2.015526915178981766e-03
4.688030220000000137e-01,2.015417159005453152e-03
4.688074595999999761e-01,2.015380575279666128e-03
4.688252097000000229e-01,2.015234248701093869e-03
4.688429590000000036e-01,2.015087935441186792e-03
4.688473962999999967e-01,2.015051359207871255e-03
4.688828926999999980e-01,2.014758779298808818e-03
4.688962031000000197e-01,2.014649075565130409e-03
4.689095132000000166e-01,2.014539379319107027e-03
4.689139498000000073e-01,2.014502815567977782e-03
4.689494411999999834e-01,2.014210335510161539e-03
4.689627497000000145e-01,2.014100669213745622e-03
4.689671859000000276e-01,2.014064115445525407e-03
4.690026731999999976e-01,2.013771715237914605e-03
4.690204157999999790e-01,2.013625535092439332e-03
4.690337224000000194e-01,2.013515908713961727e-03
4.690558991000000066e-01,2.013333214710738301e-03
4.690603344000000008e-01,2.013296678404142680e-03
4.690869448000000164e-01,2.013077478019309734e-03
4.690958145999999940e-01,2.013004417873623386e-03
4.691046843000000188e-01,2.012931361052247049e-03
4.691268577000000106e-01,2.012748733542273766e-03
4.691445955999999917e-01,2.012602646491374811e-03
4.691623328999999787e-01,2.012456572733533049e-03
4.691667672000000011e-01,2.012420056370651210e-03
4.691756355000000211e-01,2.012347026138259359e-03
4.691800696000000270e-01,2.012310512267322538e-03
4.691933716000000198e-01,2.012200975640326787e-03
4.692155407999999972e-01,2.012018431206501461e-03
4.692465759000000181e-01,2.011762903878323155e-03
4.692864751999999973e-01,2.011434428525515298e-03
4.693042070999999815e-01,2.011288461063469920e-03
4.693352364000000221e-01,2.011033049961181204e-03
4.693396689000000066e-01,2.010996565980386827e-03
4.693441014999999994e-01,2.010960082830091315e-03
4.693751280999999831e-01,2.010704724008248630e-03
4.693928567000000274e-01,2.010558822934956254e-03
4.694283117999999977e-01,2.010267060608045536e-03
4.694593329000000259e-01,2.010011812115011873e-03
4.694859207000000034e-01,2.009793060034583377e-03
4.694992141000000063e-01,2.009683695187420172e-03
4.695213688000000052e-01,2.009501437023255167e-03
4.695346611999999809e-01,2.009392092072083500e-03
4.695523837000000200e-01,2.009246310408392688e-03
4.695878267999999967e-01,2.008954786861243125e-03
4.695922570000000129e-01,2.008918350146745527e-03
4.696011172999999816e-01,2.008845479203363611e-03
4.696188372999999805e-01,2.008699747258865971e-03
4.696276971000000189e-01,2.008626886257384222e-03
4.696409864000000156e-01,2.008517600968516299e-03
4.696542753999999875e-01,2.008408323134102096e-03
4.696719933999999874e-01,2.008262630951448014e-03
4.696941399999999822e-01,2.008080534356249981e-03
4.696985692000000268e-01,2.008044117521924545e-03
4.697118565000000245e-01,2.007934871985942501e-03
4.697251434999999975e-01,2.007825633902135618e-03
4.697340012999999814e-01,2.007752812652372279e-03
4.697650020999999954e-01,2.007497964355772768e-03
4.698137136000000158e-01,2.007097570400238982e-03
4.698181417000000248e-01,2.007061175915446794e-03
4.698402814000000038e-01,2.006879215900550083e-03
4.698668476999999788e-01,2.006660891184691535e-03
4.698712751999999937e-01,2.006624506627593431e-03
4.699066941999999747e-01,2.006333459945488715e-03
4.699111214000000203e-01,2.006297082831808888e-03
4.699244027999999740e-01,2.006187956452820578e-03
4.699421106000000181e-01,2.006042466191147733e-03
4.699598178000000126e-01,2.005896989159513481e-03
4.700129352999999899e-01,2.005460637422616134e-03
4.700173615000000082e-01,2.005424280150192116e-03
4.700262136999999729e-01,2.005351568084988607e-03
4.700306397999999830e-01,2.005315213291846560e-03
4.700439177999999885e-01,2.005206153871189490e-03
4.700660468000000258e-01,2.005024404696186067e-03
4.701191523000000094e-01,2.004588290943498316e-03
4.701235775000000006e-01,2.004551953499815378e-03
4.701368528000000047e-01,2.004442946123816387e-03
4.701589775000000193e-01,2.004261283681804846e-03
4.701722519000000045e-01,2.004152296124965191e-03
4.701855258000000037e-01,2.004043315999165693e-03
4.701899504000000007e-01,2.004006990941513758e-03
4.702209211000000222e-01,2.003752738655661513e-03
4.702297696000000138e-01,2.003680102574542047e-03
4.702386177999999806e-01,2.003607469794238365e-03
4.702607376999999866e-01,2.003425902287741568e-03
4.702651615999999812e-01,2.003389591262609570e-03
4.702784328999999874e-01,2.003280663136434731e-03
4.703005509000000028e-01,2.003099132763179729e-03
4.703093978999999814e-01,2.003026526388895778e-03
4.703315143999999837e-01,2.002845024889964715e-03
4.703713216000000030e-01,2.002518374157317115e-03
4.703845899999999913e-01,2.002409505424455026e-03
4.704022804999999918e-01,2.002264358658777717e-03
4.704509259999999915e-01,2.001865273069788811e-03
4.704553479999999954e-01,2.001828997506724991e-03
4.704686140000000072e-01,2.001720175766296284e-03
4.704774576999999902e-01,2.001647632060471731e-03
4.704907231000000079e-01,2.001538822681595345e-03
4.705084096000000105e-01,2.001393755047051540e-03
4.705437806000000167e-01,2.001103659327859840e-03
4.705482018000000100e-01,2.001067401070417799e-03
4.705791489999999744e-01,2.000813616331812133e-03
4.706100941999999954e-01,2.000559871950578859e-03
4.706145147999999945e-01,2.000523626047789709e-03
4.706189352999999853e-01,2.000487380967725260e-03
4.706498778000000049e-01,2.000233688464561534e-03
4.706631383000000057e-01,2.000124975455342628e-03
4.707161764000000193e-01,1.999690197500219885e-03
4.707338544999999930e-01,1.999545297851005720e-03
4.707382739000000038e-01,1.999509074995709304e-03
4.707736276999999747e-01,1.999219321774950431e-03
4.707868846000000107e-01,1.999110677891288799e-03
4.707957224000000052e-01,1.999038252748933618e-03
4.708089787999999998e-01,1.998929621203810597e-03
4.708575822000000133e-01,1.998531368863559494e-03
4.708620004999999886e-01,1.998495169039375685e-03
4.708664187000000112e-01,1.998458970036869238e-03
4.708796729999999986e-01,1.998350377963664139e-03
4.708929270000000167e-01,1.998241793289877791e-03
4.709017628000000122e-01,1.998169407616948168e-03
4.709150161999999806e-01,1.998060835273123090e-03
4.709459393000000049e-01,1.997807528571037515e-03
4.709856944999999961e-01,1.997481907692987783e-03
4.709989454999999881e-01,1.997373382189212340e-03
4.710166129999999729e-01,1.997228693019749424e-03
4.710740274999999921e-01,1.996758543978101666e-03
4.710784438000000240e-01,1.996722384416146738e-03
4.711137719999999862e-01,1.996433137477444508e-03
4.711270194000000133e-01,1.996324683420596432e-03
4.711579285999999978e-01,1.996071652687108223e-03
4.711800052999999822e-01,1.995890941070010277e-03
4.711976659000000067e-01,1.995746386548578801e-03
4.712153258999999816e-01,1.995601845154388373e-03
4.712197408000000087e-01,1.995565711857172526e-03
4.712329852000000097e-01,1.995457316888352758e-03
4.712550583999999820e-01,1.995276675012846220e-03
4.712859591999999931e-01,1.995023810836382260e-03
4.712903734000000178e-01,1.994987690663573357e-03
4.712992018000000116e-01,1.994915452777419173e-03
4.713036158999999725e-01,1.994879335064693188e-03
4.713168578999999969e-01,1.994770986844467565e-03
4.713256858000000049e-01,1.994698758798003641e-03
4.713742358999999937e-01,1.994301563159519858e-03
4.713918892999999777e-01,1.994157152973173065e-03
4.713963024999999751e-01,1.994121052474661076e-03
4.714227811000000212e-01,1.993904466698065512e-03
4.714316069000000220e-01,1.993832277994314270e-03
4.714977954999999832e-01,1.993290967173413832e-03
4.715022078000000172e-01,1.993254886339037180e-03
4.715110322000000131e-01,1.993182727125273647e-03
4.715154442999999751e-01,1.993146648747123190e-03
4.715375043000000210e-01,1.992966269140681625e-03
4.715507398000000072e-01,1.992858051203011144e-03
4.715683864999999919e-01,1.992713772081716826e-03
4.715727981000000235e-01,1.992677704347882526e-03
4.716080892999999774e-01,1.992389191949637400e-03
4.716213228000000202e-01,1.992281013305474170e-03
4.716345558999999743e-01,1.992172842027482849e-03
4.716433777999999855e-01,1.992100731933525194e-03
4.716566103000000010e-01,1.991992572929729421e-03
4.716742530999999961e-01,1.991848372380478939e-03
4.716918952999999970e-01,1.991704184921758852e-03
4.717139470000000223e-01,1.991523969003967595e-03
4.717227674000000204e-01,1.991451888362548439e-03
4.717271774999999834e-01,1.991415849268790127e-03
4.717492275999999873e-01,1.991235666067573112e-03
4.717800959999999821e-01,1.990983443932480175e-03
4.718153716999999858e-01,1.990695239120241627e-03
4.718506446999999882e-01,1.990407086623924640e-03
4.718682801999999898e-01,1.990263029990989654e-03
4.718815063999999837e-01,1.990154996097181356e-03
4.719344075999999943e-01,1.989722934055090410e-03
4.719388158000000222e-01,1.989686934194775415e-03
4.719608558999999759e-01,1.989506947145829908e-03
4.720049331999999764e-01,1.989147034299696033e-03
4.720093407000000019e-01,1.989111047506048145e-03
4.720269703000000150e-01,1.988967108497016398e-03
4.720313776000000239e-01,1.988931125785798650e-03
4.720445992999999785e-01,1.988823182550272448e-03
4.720666345000000264e-01,1.988643293482072420e-03
4.720798552000000092e-01,1.988535369836114466e-03
4.721327341000000066e-01,1.988103748698749444e-03
4.721503591000000277e-01,1.987959901095331678e-03
4.721635773999999786e-01,1.987852023958147987e-03
4.721679833999999909e-01,1.987816066544811650e-03
4.721988243999999946e-01,1.987564387483404561e-03
4.722076357000000169e-01,1.987492486520380831e-03
4.722164468999999754e-01,1.987420588820172900e-03
4.722384741000000274e-01,1.987240858837297213e-03
4.722560952000000034e-01,1.987097089527237789e-03
4.722781206000000176e-01,1.986917396233287871e-03
4.722869304000000268e-01,1.986845524622060308e-03
4.723045497000000204e-01,1.986701791179714630e-03
4.723089543999999806e-01,1.986665859857297649e-03
4.723441904999999830e-01,1.986378438610409726e-03
4.723618076000000165e-01,1.986234747544086878e-03
4.723838281000000139e-01,1.986055152042125876e-03
4.723970397999999737e-01,1.985947404515541782e-03
4.724146550000000166e-01,1.985803752552229261e-03
4.724454798000000122e-01,1.985552392970499260e-03
4.724542865999999952e-01,1.985480583276702082e-03
4.724674964000000199e-01,1.985372874842144478e-03
4.724895118999999921e-01,1.985193377068618197e-03
4.725027206999999896e-01,1.985085688174193994e-03
4.725203318999999791e-01,1.984942114376752817e-03
4.725555523000000147e-01,1.984655005850805617e-03
4.725599547000000067e-01,1.984619120946992839e-03
4.725687592999999742e-01,1.984547353581471094e-03
4.725863679999999789e-01,1.984403828613643013e-03
4.726083779999999956e-01,1.984224440709822079e-03
4.726259851999999873e-01,1.984080945029943668e-03
4.726391902000000034e-01,1.983973331810439354e-03
4.726435917999999847e-01,1.983937462364599585e-03
4.726611976999999798e-01,1.983793992712674838e-03
4.726788029999999807e-01,1.983650536072521873e-03
4.727008086999999747e-01,1.983471233567463219e-03
4.727272141000000150e-01,1.983256097392230213e-03
4.727624190999999976e-01,1.982969294680385353e-03
4.727800206000000172e-01,1.982825912831184031e-03
4.727844209000000020e-01,1.982790069400220713e-03
4.728064216000000264e-01,1.982610864435100425e-03
4.728372209999999742e-01,1.982360011610482392e-03
4.728724178000000000e-01,1.982073371408553646e-03
4.728768172000000214e-01,1.982037545038423977e-03
4.728900152000000134e-01,1.981930070800618643e-03
4.729208091000000058e-01,1.981679326002302923e-03
4.729428035000000086e-01,1.981500246934432725e-03
4.729779923999999913e-01,1.981213762639000026e-03
4.729823907999999855e-01,1.981177955755420318e-03
4.729911875999999737e-01,1.981106344422257481e-03
4.729955859000000151e-01,1.981070539972765859e-03
4.730307709000000083e-01,1.980784133593431647e-03
4.730439645999999776e-01,1.980676744590021809e-03
4.730483623999999776e-01,1.980640949878916500e-03
4.730615556000000166e-01,1.980533570610928332e-03
4.730879409000000035e-01,1.980318833979844827e-03
4.731011330000000070e-01,1.980211476614411516e-03
4.731143246999999774e-01,1.980104126548492931e-03
4.731231189999999809e-01,1.980032563892814013e-03
4.731495009000000196e-01,1.979817895388035886e-03
4.731582945000000207e-01,1.979746345705999094e-03
4.731934674000000118e-01,1.979460179409838275e-03
4.732066565999999974e-01,1.979352880424045929e-03
4.732550137000000046e-01,1.978959513216450861e-03
4.732594095000000056e-01,1.978923757423064426e-03
4.732725969000000088e-01,1.978816494905224436e-03
4.732769926000000016e-01,1.978780742354044851e-03
4.732945748999999869e-01,1.978637740246520001e-03
4.733253425000000236e-01,1.978387517748031801e-03
4.733341327999999737e-01,1.978316032895764166e-03
4.733473181000000252e-01,1.978208811690555444e-03
4.733648978000000174e-01,1.978065861421359796e-03
4.734000554000000194e-01,1.977779999751343165e-03
4.734132388000000247e-01,1.977672814983151041e-03
4.734176332000000209e-01,1.977637088345876159e-03
4.734308160999999848e-01,1.977529913292785588e-03
4.734703626000000276e-01,1.977208431836943205e-03
4.734747564999999825e-01,1.977172715721882933e-03
4.734835439999999784e-01,1.977101285918772804e-03
4.735055122999999866e-01,1.976922725571700692e-03
4.735099058000000194e-01,1.976887015929469638e-03
4.735230861999999985e-01,1.976779891857112590e-03
4.735362660999999918e-01,1.976672775064800165e-03
4.735450526000000160e-01,1.976601367915471665e-03
4.735714109999999977e-01,1.976387165877619822e-03
4.735758038999999808e-01,1.976351468368393871e-03
4.735933750999999914e-01,1.976208686419728047e-03
4.736109457000000078e-01,1.976065917408423474e-03
4.736153383000000217e-01,1.976030227177366910e-03
4.736241232999999773e-01,1.975958849139839487e-03
4.736636537000000202e-01,1.975637687989678822e-03
4.736768297000000238e-01,1.975530648822053457e-03
4.736943972000000058e-01,1.975387941247042436e-03
4.737207473000000224e-01,1.975173904128285900e-03
4.737514871999999877e-01,1.974924230919621396e-03
4.737558783999999967e-01,1.974888566550294256e-03
4.737866159999999938e-01,1.974638938579712996e-03
4.737910068999999780e-01,1.974603280672289352e-03
4.738261328000000216e-01,1.974318046483358041e-03
4.738612561000000167e-01,1.974032863972408937e-03
4.738875968999999855e-01,1.973819010996691325e-03
4.738919869000000062e-01,1.973783371659793874e-03
4.739314949000000277e-01,1.973462653942254126e-03
4.739666103999999880e-01,1.973177626399448808e-03
4.739797780000000182e-01,1.973070754383568146e-03
4.739929453000000237e-01,1.972963889628529584e-03
4.739973343000000172e-01,1.972928269656141261e-03
4.740324449000000162e-01,1.972643338918927697e-03
4.740675529000000221e-01,1.972358459793891339e-03
4.740851059999999784e-01,1.972216039583389244e-03
4.741070463000000013e-01,1.972038032458454070e-03
4.741158221999999811e-01,1.971966835251466425e-03
4.741377612000000075e-01,1.971788856339382143e-03
4.741553116000000179e-01,1.971646487716492702e-03
4.741772486999999980e-01,1.971468545069911173e-03
4.741904104999999925e-01,1.971361789149924260e-03
4.742079590000000122e-01,1.971219459204175302e-03
4.742255067999999740e-01,1.971077142147291666e-03
4.742430539999999972e-01,1.970934837978326627e-03
4.742562139000000010e-01,1.970828118309089945e-03
4.742737599999999887e-01,1.970685836691280293e-03
4.743658660999999777e-01,1.969939069547601163e-03
4.743790225999999777e-01,1.969832417504678319e-03
4.744009493999999938e-01,1.969654680194907713e-03
4.744141049999999749e-01,1.969548047465203428e-03
4.744228750999999744e-01,1.969476963000933289e-03
4.744667235999999733e-01,1.969121588950644222e-03
4.744711081999999913e-01,1.969086055969411497e-03
4.744930307999999930e-01,1.968908403129152138e-03
4.745237205999999763e-01,1.968659722927191841e-03
4.745587922000000236e-01,1.968375565224375189e-03
4.745631759999999755e-01,1.968340049128314544e-03
4.745763270999999728e-01,1.968233505665868775e-03
4.745982447000000048e-01,1.968055949302821052e-03
4.746113947999999749e-01,1.967949425129632540e-03
4.746639916000000015e-01,1.967523400753474778e-03
4.746683743999999816e-01,1.967487903944479134e-03
4.746771398999999891e-01,1.967416912735931150e-03
4.746815226000000165e-01,1.967381418337639954e-03
4.747034353999999845e-01,1.967203958390371672e-03
4.747297294000000223e-01,1.966991032957281834e-03
4.747341116000000083e-01,1.966955548196077774e-03
4.747735495000000028e-01,1.966636221475292438e-03
4.747998397000000037e-01,1.966423373122173045e-03
4.748217470000000162e-01,1.966246021569029601e-03
4.748348908999999729e-01,1.966139620267517464e-03
4.748392720999999872e-01,1.966104154771916405e-03
4.748743205000000023e-01,1.965820459696639762e-03
4.748874629000000014e-01,1.965714087282439439e-03
4.749137467999999807e-01,1.965501364113578404e-03
4.749268880999999998e-01,1.965395013358334393e-03
4.749575498999999978e-01,1.965146889666178481e-03
4.749794500000000252e-01,1.964969682515974297e-03
4.749838297999999792e-01,1.964934243490569065e-03
4.750101083000000113e-01,1.964721626178626748e-03
4.750144879000000042e-01,1.964686192766371652e-03
4.750495232999999984e-01,1.964402754321244865e-03
4.750889350999999983e-01,1.964083947381415219e-03
4.751152077999999945e-01,1.963871445478564473e-03
4.751677487000000033e-01,1.963446528191113011e-03
4.751721268999999914e-01,1.963411123622894015e-03
4.751896391000000053e-01,1.963269513360507874e-03
4.752071507000000250e-01,1.963127915909660022e-03
4.752202838999999845e-01,1.963021726229062687e-03
4.752421719000000100e-01,1.962844759440577746e-03
4.752903218000000263e-01,1.962455502945146136e-03
4.752946988000000261e-01,1.962420120792992238e-03
4.752990758000000260e-01,1.962384739441223706e-03
4.753078296000000091e-01,1.962313979138620695e-03
4.753122065000000007e-01,1.962278600186759692e-03
4.753340902000000034e-01,1.962101717433300651e-03
4.753472200000000147e-01,1.961995597382443224e-03
4.753603492999999847e-01,1.961889484531019554e-03
4.753647256999999904e-01,1.961854115180007747e-03
4.753778545999999827e-01,1.961748011927196781e-03
4.754041112999999874e-01,1.961535827017733304e-03
4.754172390999999998e-01,1.961429745359612783e-03
4.754391179999999939e-01,1.961252958588245374e-03
4.754522447999999790e-01,1.961146896120245266e-03
4.754697466999999733e-01,1.961005490688749655e-03
4.754872479999999735e-01,1.960864098048070627e-03
4.755091236000000277e-01,1.960687375230162500e-03
4.755222485000000221e-01,1.960581351131242874e-03
4.755353730999999917e-01,1.960475334223031347e-03
4.755441226000000077e-01,1.960404660280454237e-03
4.755747444999999796e-01,1.960157326648167848e-03
4.756097385999999982e-01,1.959874707572724709e-03
4.756491038999999810e-01,1.959556822213406185e-03
4.756797191000000091e-01,1.959309622762371843e-03
4.757147055000000013e-01,1.959027157006302828e-03
4.757278247999999765e-01,1.958921245518962552e-03
4.757321977999999785e-01,1.958885943285571234e-03
4.757540620999999859e-01,1.958709444091772355e-03
4.757802980999999987e-01,1.958497671393148992e-03
4.757846706000000148e-01,1.958462378735900070e-03
4.758196492999999805e-01,1.958180066200691533e-03
4.758240214000000190e-01,1.958144780723052383e-03
4.758371376000000152e-01,1.958038929077375850e-03
4.758721123999999914e-01,1.957756693114665221e-03
4.759245697999999747e-01,1.957333434859134282e-03
4.759289409999999942e-01,1.957298168520201376e-03
4.759420543999999809e-01,1.957192374285589894e-03
4.759551672999999816e-01,1.957086587224136746e-03
4.759770214999999860e-01,1.956910291395691937e-03
4.759945039999999850e-01,1.956769269077141774e-03
4.759988746000000104e-01,1.956734015490143360e-03
4.760076155999999892e-01,1.956663510706349151e-03
4.760338375000000011e-01,1.956452015474235192e-03
4.760687979000000070e-01,1.956170066442805815e-03
4.760775375999999892e-01,1.956099587150471244e-03
4.760819072999999957e-01,1.956064348698228258e-03
4.761168641999999895e-01,1.955782469753829678e-03
4.761387108999999840e-01,1.955606321291357159e-03
4.761474493000000252e-01,1.955535867478704753e-03
4.761518183999999820e-01,1.955500641767028615e-03
4.761736635000000106e-01,1.955324525148228760e-03
4.761867700999999897e-01,1.955218864728703026e-03
4.762042450000000260e-01,1.955077995311400949e-03
4.762173506999999861e-01,1.954972351604266669e-03
4.762348244999999869e-01,1.954831504468891330e-03
4.762435610999999902e-01,1.954761085674949512e-03
4.762741381000000218e-01,1.954514644957586113e-03
4.762785060999999986e-01,1.954479442322677035e-03
4.762916098000000154e-01,1.954373839190578707e-03
4.763090808000000065e-01,1.954233046150546591e-03
4.763134485000000140e-01,1.954197849878892054e-03
4.763571228999999851e-01,1.953845930896720880e-03
4.763745914999999997e-01,1.953705185567229143e-03
4.763964264000000171e-01,1.953529271791830217e-03
4.764138936000000268e-01,1.953388555078608424e-03
4.764269935000000067e-01,1.953283025889557094e-03
4.764488259999999920e-01,1.953107159801264602e-03
4.764531924000000029e-01,1.953071988967385649e-03
4.764662913000000111e-01,1.952966481233799761e-03
4.764881220000000139e-01,1.952790650901970598e-03
4.765186832000000150e-01,1.952544521801616306e-03
4.765536080000000174e-01,1.952263279056951680e-03
4.765579734000000012e-01,1.952228127287561864e-03
4.765667041000000159e-01,1.952157826131133709e-03
4.765710693999999914e-01,1.952122676743475206e-03
4.765885302000000268e-01,1.951982087134915061e-03
4.765928952999999857e-01,1.951946941717337116e-03
4.766190851000000062e-01,1.951736085885674796e-03
4.766278146999999854e-01,1.951665806958039016e-03
4.766365441000000036e-01,1.951595531206497822e-03
4.766583670000000272e-01,1.951419855715771272e-03
4.766889173000000146e-01,1.951173943357954526e-03
4.767063738000000273e-01,1.951033439468174112e-03
4.767107378000000062e-01,1.950998315478333356e-03
4.767281935000000082e-01,1.950857827454940789e-03
4.767805566000000161e-01,1.950436439530674713e-03
4.767936465000000013e-01,1.950331110393731943e-03
4.768329141000000049e-01,1.950015165798575862e-03
4.768721783000000047e-01,1.949699285415063595e-03
4.769027149999999771e-01,1.949453645056088485e-03
4.769070771999999736e-01,1.949418556746368046e-03
4.769332497000000060e-01,1.949208043525106062e-03
4.769376115999999777e-01,1.949172960761602104e-03
4.769419735000000049e-01,1.949137878790313180e-03
4.769725056999999935e-01,1.948892327170068843e-03
4.769768672999999959e-01,1.948857251535692035e-03
4.769855902999999842e-01,1.948787102642145436e-03
4.770248421000000127e-01,1.948471471826452922e-03
4.770379252999999986e-01,1.948366275807345265e-03
4.770422861999999986e-01,1.948331212051235706e-03
4.770553688999999986e-01,1.948226025533978311e-03
4.771164167999999983e-01,1.947735249315434318e-03
4.771294974999999994e-01,1.947630103164631026e-03
4.771469379000000122e-01,1.947489919375264885e-03
4.771818165999999750e-01,1.947209589772852609e-03
4.771861762999999867e-01,1.947174552132905885e-03
4.771948954999999937e-01,1.947104479224827638e-03
4.772123334999999744e-01,1.946964342902081976e-03
4.772210521999999955e-01,1.946894279485438493e-03
4.772341299999999786e-01,1.946789190292935040e-03
4.772559255000000111e-01,1.946614057453463584e-03
4.772864376000000020e-01,1.946368904686034173e-03
4.773038721999999789e-01,1.946228834782930215e-03
4.773343812999999991e-01,1.945983742884518962e-03
4.773387394999999978e-01,1.945948732917439274e-03
4.773518140999999937e-01,1.945843707758270012e-03
4.773736042999999762e-01,1.945668681630384304e-03
4.773953934999999871e-01,1.945493675255306277e-03
4.774041089000000126e-01,1.945423678235203404e-03
4.774084665000000172e-01,1.945388680910245440e-03
4.774302541000000066e-01,1.945213706134759279e-03
4.774433262000000178e-01,1.945108730747670354e-03
4.774607550000000145e-01,1.944968774621409378e-03
4.774738263000000149e-01,1.944863815819161158e-03
4.774912539999999761e-01,1.944723881802550231e-03
4.774956108999999782e-01,1.944688900273215323e-03
4.774999677000000275e-01,1.944653919532865396e-03
4.775130377999999842e-01,1.944548982048179692e-03
4.775261076000000271e-01,1.944444051668672412e-03
4.775304642000000044e-01,1.944409076454666841e-03
4.775478899000000221e-01,1.944269183490310174e-03
4.776045190000000051e-01,1.943814618564013467e-03
4.776132304999999856e-01,1.943744697334875895e-03
4.776175863000000077e-01,1.943709737904053027e-03
4.776524307000000191e-01,1.943430090853978968e-03
4.776698518999999976e-01,1.943290286259592280e-03
4.776829174000000178e-01,1.943185441094965075e-03
4.776872724999999820e-01,1.943150494284029330e-03
4.777046925000000277e-01,1.943010714927311368e-03
4.777090473999999753e-01,1.942975772058995942e-03
4.777351758999999753e-01,1.942766131407744779e-03
4.777438850999999875e-01,1.942696257498428879e-03
4.777700116999999969e-01,1.942486654687656947e-03
4.778091990000000178e-01,1.942172303674690034e-03
4.778266145000000242e-01,1.942032612602527302e-03
4.778483829999999877e-01,1.941858016489669738e-03
4.778614435999999910e-01,1.941753268275612067e-03
4.778788572000000068e-01,1.941613615020203187e-03
4.778832104999999886e-01,1.941578703674587143e-03
4.778919169999999994e-01,1.941508883348488750e-03
4.779310943000000256e-01,1.941194730862158590e-03
4.779528579999999804e-01,1.941020229263753930e-03
4.779615633000000030e-01,1.940950434135505203e-03
4.780007347999999934e-01,1.940636395026614641e-03
4.780181432999999758e-01,1.940496842554153504e-03
4.780224954000000248e-01,1.940461956403588583e-03
4.780311992999999871e-01,1.940392186463908535e-03
4.780355512000000195e-01,1.940357302674240248e-03
4.780486067999999977e-01,1.940252656026535778e-03
4.780703652000000137e-01,1.940078260684060087e-03
4.780834197000000119e-01,1.939973632919640093e-03
4.781225813000000158e-01,1.939659792104557988e-03
4.781269323999999821e-01,1.939624924836065188e-03
4.781399854000000227e-01,1.939520327747382318e-03
4.781530379999999747e-01,1.939415737737456950e-03
4.781747916999999903e-01,1.939241436780155849e-03
4.781878433999999789e-01,1.939136865640155201e-03
4.782269963999999929e-01,1.938823194673876954e-03
4.782313464999999875e-01,1.938788346274706057e-03
4.782443967000000185e-01,1.938683805791656996e-03
4.782791954000000234e-01,1.938405065749758535e-03
4.782965938000000028e-01,1.938265714587294282e-03
4.783096421999999959e-01,1.938161209464268940e-03
4.783139915999999880e-01,1.938126375994404750e-03
4.784009708999999999e-01,1.937429871542796760e-03
4.784357582000000053e-01,1.937151357707032635e-03
4.784401065000000175e-01,1.937116547010533452e-03
4.784488028000000170e-01,1.937046927971725063e-03
4.784661950999999913e-01,1.936907699313240860e-03
4.784705430000000259e-01,1.936872894110935103e-03
4.784748909000000050e-01,1.936838089692865953e-03
4.784879344999999895e-01,1.936733681149259770e-03
4.785183680000000273e-01,1.936490088677136944e-03
4.785792292000000114e-01,1.936003019058242774e-03
4.785922698000000253e-01,1.935898666998349697e-03
4.786096569000000134e-01,1.935759541897356852e-03
4.786444289999999824e-01,1.935481329334000572e-03
4.786487752999999956e-01,1.935446556291078044e-03
4.786574679000000221e-01,1.935377012558430051e-03
4.786618141000000271e-01,1.935342241867713409e-03
4.787096200000000024e-01,1.934959816003447306e-03
4.787139657000000215e-01,1.934925054717422533e-03
4.787270027000000150e-01,1.934820775563459447e-03
4.787443847999999780e-01,1.934681747661202642e-03
4.787530756999999748e-01,1.934612238411188194e-03
4.787834923000000020e-01,1.934368980713703501e-03
4.788008724000000216e-01,1.934229993547958949e-03
4.788225965999999834e-01,1.934056277213392619e-03
4.788703863000000061e-01,1.933674170186457184e-03
4.788834190999999851e-01,1.933569975621970581e-03
4.788921073999999889e-01,1.933500516492218024e-03
4.789051395000000211e-01,1.933396333668208717e-03
4.789181712999999729e-01,1.933292157889722430e-03
4.789355464999999756e-01,1.933153267808285919e-03
4.789398901999999958e-01,1.933118547244367389e-03
4.789572645999999878e-01,1.932979672814279151e-03
4.789616080999999914e-01,1.932944956163001231e-03
4.789746383999999857e-01,1.932840810903878456e-03
4.790224129999999803e-01,1.932459005191974758e-03
4.790267558999999897e-01,1.932424300274799894e-03
4.790745252999999981e-01,1.932042597805107417e-03
4.791005792999999957e-01,1.931834436337951559e-03
4.791353158000000168e-01,1.931556931492367686e-03
4.791439994999999730e-01,1.931487563097496109e-03
4.791960986000000089e-01,1.931071418375037005e-03
4.792047811999999851e-01,1.931002071860295080e-03
4.792178048999999884e-01,1.930898057947986156e-03
4.792351691999999774e-01,1.930759383668961826e-03
4.792525328999999723e-01,1.930620721887501244e-03
4.792698959000000203e-01,1.930482072603942681e-03
4.792829177999999857e-01,1.930378093840452508e-03
4.792872584000000269e-01,1.930343435814832085e-03
4.793089604999999920e-01,1.930170157398189684e-03
4.793219812999999774e-01,1.930066199717573672e-03
4.793393418999999933e-01,1.929927600406951488e-03
4.793740610000000180e-01,1.929650439254611185e-03
4.793784007999999930e-01,1.929615797622795696e-03
4.793914196999999877e-01,1.929511877409681875e-03
4.794087777000000106e-01,1.929373328051482749e-03
4.794131171000000080e-01,1.929338692662468241e-03
4.794391526999999820e-01,1.929130896715180229e-03
4.794434919000000184e-01,1.929096266787702543e-03
4.794782034999999776e-01,1.928819255452197175e-03
4.794825422999999809e-01,1.928784632545481716e-03
4.795302663000000076e-01,1.928403832041408836e-03
4.795606336000000081e-01,1.928161553571329902e-03
4.795866611999999862e-01,1.927953916715042029e-03
4.796343747999999851e-01,1.927573322019424714e-03
4.796517240000000015e-01,1.927434947325979385e-03
4.796864205999999964e-01,1.927158235336449543e-03
4.797037679999999749e-01,1.927019898037687917e-03
4.797211147000000064e-01,1.926881573201202295e-03
4.797254511999999860e-01,1.926846993938322343e-03
4.797514699000000049e-01,1.926639534719911100e-03
4.797558062000000234e-01,1.926604960907898553e-03
4.797688149000000069e-01,1.926501244146875845e-03
4.797904953000000083e-01,1.926328398448512403e-03
4.798078387999999972e-01,1.926190135901806452e-03
4.798381885999999930e-01,1.925948206412677775e-03
4.798425241000000008e-01,1.925913648170482148e-03
4.798555304000000077e-01,1.925809978112066933e-03
4.798598658000000072e-01,1.925775422982378303e-03
4.798945472999999740e-01,1.925499009955341460e-03
4.798988822999999959e-01,1.925464461827692837e-03
4.799075521999999761e-01,1.925395367907319728e-03
4.799335610000000085e-01,1.925188104814411693e-03
4.799465648999999834e-01,1.925084483767885209e-03
4.799595683999999807e-01,1.924980869721319449e-03
4.799769058999999727e-01,1.924842728546109685e-03
4.799942427000000178e-01,1.924704599811606371e-03
4.799985768000000208e-01,1.924670069571737547e-03
4.800029109000000238e-01,1.924635540109794407e-03
4.800159129000000080e-01,1.924531956387189654e-03
4.800289145000000146e-01,1.924428379661829482e-03
4.800375821000000265e-01,1.924359332397340607e-03
4.800505830999999834e-01,1.924255767330971699e-03
4.800722506999999806e-01,1.924083174431447628e-03
4.801025837999999824e-01,1.923841577010910325e-03
4.801069169000000136e-01,1.923807066200834779e-03
4.801329148999999852e-01,1.923600017661032929e-03
4.801415806000000064e-01,1.923531007695631484e-03
4.802109003999999737e-01,1.922979039816836251e-03
4.802238966999999858e-01,1.922875567970429257e-03
4.802368926999999732e-01,1.922772103111738875e-03
4.802715470000000209e-01,1.922496230979962471e-03
4.803105301000000216e-01,1.922185934207605021e-03
4.803278549000000175e-01,1.922048044707230091e-03
4.803451790000000110e-01,1.921910167621322619e-03
4.803495099999999796e-01,1.921875700289171025e-03
4.803754948000000247e-01,1.921668912588124717e-03
4.803798255000000239e-01,1.921634450686836347e-03
4.804144694999999965e-01,1.921358783393231542e-03
4.804187998000000182e-01,1.921324328471057290e-03
4.804317905000000111e-01,1.921220968359070840e-03
4.804534408999999728e-01,1.921048717012127476e-03
4.804664307000000023e-01,1.920945375507396085e-03
4.804837498999999790e-01,1.920807597687987714e-03
4.805010684000000087e-01,1.920669832271075690e-03
4.805313743999999887e-01,1.920428772630726390e-03
4.805573494000000001e-01,1.920222180303732306e-03
4.805703364000000199e-01,1.920118894600373336e-03
4.805833230000000067e-01,1.920015615870369636e-03
4.805876518000000153e-01,1.919981191175708585e-03
4.806006380000000244e-01,1.919877921741477153e-03
4.806266091999999990e-01,1.919671403784503410e-03
4.806742196000000078e-01,1.919292859941742774e-03
4.806915312000000218e-01,1.919155230864014617e-03
4.806958591000000114e-01,1.919120825529749882e-03
4.807391350999999924e-01,1.918776814762936664e-03
4.807434624999999961e-01,1.918742417943759219e-03
4.807650989000000208e-01,1.918570445453286321e-03
4.807780803000000214e-01,1.918467271244788438e-03
4.807953882000000068e-01,1.918329716466218252e-03
4.808126954999999980e-01,1.918192174066462403e-03
4.808343287999999882e-01,1.918020263471589262e-03
4.808473082999999981e-01,1.917917126396197214e-03
4.808689400000000225e-01,1.917745246739247303e-03
4.808992228000000257e-01,1.917504647698238789e-03
4.809295035999999746e-01,1.917264086541851931e-03
4.809338293000000042e-01,1.917229723754844796e-03
4.809381549999999783e-01,1.917195361740429939e-03
4.809468061000000128e-01,1.917126640031313221e-03
4.809511316000000258e-01,1.917092280336455019e-03
4.809641080000000013e-01,1.916989205888009569e-03
4.809857343999999757e-01,1.916817430596890739e-03
4.810073598999999867e-01,1.916645674625834170e-03
4.810160097999999773e-01,1.916576977645173714e-03
4.810376339999999917e-01,1.916405248716300741e-03
4.810765549000000085e-01,1.916096185309214099e-03
4.810895278999999802e-01,1.915993178076407736e-03
4.811025004999999743e-01,1.915890177793454826e-03
4.811068245999999826e-01,1.915855845910051803e-03
4.811414162000000050e-01,1.915581218641843964e-03
4.811457399999999884e-01,1.915546893707285652e-03
4.812235612999999912e-01,1.914929176880679701e-03
4.812408531999999850e-01,1.914791940430142503e-03
4.812494989000000167e-01,1.914723326834467379e-03
4.812624671999999881e-01,1.914620412227422677e-03
4.812797576999999771e-01,1.914483203550615843e-03
4.812840802000000195e-01,1.914448903309481269e-03
4.813143368999999727e-01,1.914208823220722852e-03
4.813489134999999752e-01,1.913934492247650358e-03
4.813618792000000091e-01,1.913831630855170789e-03
4.813791660999999777e-01,1.913694493125533752e-03
4.813878093000000247e-01,1.913625928885711799e-03
4.814137380999999882e-01,1.913420254665994767e-03
4.814180593999999869e-01,1.913385978327048148e-03
4.814310231999999745e-01,1.913283153934910389e-03
4.814526286999999960e-01,1.913111795359751259e-03
4.814699123000000247e-01,1.912974722369262942e-03
4.814828747000000075e-01,1.912871925715843406e-03
4.814915161000000166e-01,1.912803398466595252e-03
4.815044777999999970e-01,1.912700613368309736e-03
4.815217596999999961e-01,1.912563577355658661e-03
4.815606414999999974e-01,1.912255291382555311e-03
4.815692815000000016e-01,1.912186791858618354e-03
4.815736013999999954e-01,1.912152543251939389e-03
4.815952004999999869e-01,1.911981311767754505e-03
4.816254374999999754e-01,1.911741620022469352e-03
4.816643110000000116e-01,1.911433500339778649e-03
4.816772681000000000e-01,1.911330807631753939e-03
4.816902249000000191e-01,1.911228121848052540e-03
4.816988624999999913e-01,1.911159668505846548e-03
4.817075000000000107e-01,1.911091218241891317e-03
4.817463669000000004e-01,1.910783230131204123e-03
4.817636399999999930e-01,1.910646366524766920e-03
4.817679582000000127e-01,1.910612152546350018e-03
4.817765943999999800e-01,1.910543726895147162e-03
4.817809124999999915e-01,1.910509515223493115e-03
4.818025022999999907e-01,1.910338468398862155e-03
4.818327264000000221e-01,1.910099035135964839e-03
4.818456789000000184e-01,1.909996432411246742e-03
4.818672657999999998e-01,1.909825443243763719e-03
4.818715831000000005e-01,1.909791247716812216e-03
4.818845346000000252e-01,1.909688665744412170e-03
4.818974858000000250e-01,1.909586090689243884e-03
4.819018028000000009e-01,1.909551900540935009e-03
4.819061197999999768e-01,1.909517711161034473e-03
4.819190703999999825e-01,1.909415147631393899e-03
4.819320206000000106e-01,1.909312591016513972e-03
4.819363373000000172e-01,1.909278407014720251e-03
4.819838182000000248e-01,1.908902433696243496e-03
4.819881343999999901e-01,1.908868258912010951e-03
4.820097148999999970e-01,1.908697396511062046e-03
4.820226628000000013e-01,1.908594888284636387e-03
4.820356102000000198e-01,1.908492386969115953e-03
4.820571886000000195e-01,1.908321566798480478e-03
4.820744505999999818e-01,1.908184924479617043e-03
4.820787659999999919e-01,1.908150765819419331e-03
4.821262329000000069e-01,1.907775071207144140e-03
4.821434923999999844e-01,1.907638478005996242e-03
4.821736951000000215e-01,1.907399469442760650e-03
4.821909529000000250e-01,1.907262909998075438e-03
4.822168385000000224e-01,1.907058093840790928e-03
4.822297806999999992e-01,1.906955696115859942e-03
4.822470366000000119e-01,1.906819176551402539e-03
4.822599779999999781e-01,1.906716794929553963e-03
4.822815462999999747e-01,1.906546174226732065e-03
4.822988002999999968e-01,1.906409691463110912e-03
4.823203669000000193e-01,1.906239105256417408e-03
4.823289933000000085e-01,1.906170876138427433e-03
4.823462454999999927e-01,1.906034427098400727e-03
4.823850608999999956e-01,1.905727461585353128e-03
4.823893734999999960e-01,1.905693358137162908e-03
4.824023110999999808e-01,1.905591052388819944e-03
4.824368097999999772e-01,1.905318270763357944e-03
4.824669940999999906e-01,1.905079627049033201e-03
4.825057997000000154e-01,1.904772854547955290e-03
4.825187342000000212e-01,1.904670610827496457e-03
4.825230456999999862e-01,1.904636531118693212e-03
4.825273569999999901e-01,1.904602452174957664e-03
4.825618468000000272e-01,1.904329848180952734e-03
4.825920233000000059e-01,1.904091359863843268e-03
4.825963340000000157e-01,1.904057293164738811e-03
4.826221977999999857e-01,1.903852909037544823e-03
4.826308188000000277e-01,1.903784787115864402e-03
4.826437499999999825e-01,1.903682609969584031e-03
4.826609909999999837e-01,1.903546384482806371e-03
4.826739212999999751e-01,1.903444223398431927e-03
4.826782313999999907e-01,1.903410171233675587e-03
4.826997809999999944e-01,1.903239921877756570e-03
4.827127103000000141e-01,1.903137781439565024e-03
4.827342584000000048e-01,1.902967562667586118e-03
4.827601147999999731e-01,1.902763325367803036e-03
4.827644240999999781e-01,1.902729288492905485e-03
4.827945879000000162e-01,1.902491051771095952e-03
4.828032058000000237e-01,1.902422991013875313e-03
4.828118235000000147e-01,1.902354933313198625e-03
4.828376757999999769e-01,1.902150778549444336e-03
4.828678350999999758e-01,1.901912632751832878e-03
4.828807599000000117e-01,1.901810581724861513e-03
4.829023004999999924e-01,1.901640511955465448e-03
4.829496864000000222e-01,1.901266425661805263e-03
4.829539938999999893e-01,1.901232422397917086e-03
4.829712239000000240e-01,1.901096416977268591e-03
4.829884532000000008e-01,1.900960423769637152e-03
4.830056818999999835e-01,1.900824442774111606e-03
4.830099889999999729e-01,1.900790449433412219e-03
4.830444441999999783e-01,1.900518530178825884e-03
4.830702840000000164e-01,1.900314622784138015e-03
4.830745905000000118e-01,1.900280640888848353e-03
4.831262655999999933e-01,1.899872917638963446e-03
4.831391835000000134e-01,1.899771003985961703e-03
4.831607124999999781e-01,1.899601163149740356e-03
4.831736294999999792e-01,1.899499267797946384e-03
4.831779351000000111e-01,1.899465304205148622e-03
4.832123783000000228e-01,1.899193622907979512e-03
4.832166835999999743e-01,1.899159666175627122e-03
4.832252939000000191e-01,1.899091754998411983e-03
4.832295991000000179e-01,1.899057800552719603e-03
4.832640386000000010e-01,1.898786192422960342e-03
4.832769529000000008e-01,1.898684351947228397e-03
4.832812575000000055e-01,1.898650406646291066e-03
4.832941713000000195e-01,1.898548575313644066e-03
4.833156934000000238e-01,1.898378871661254288e-03
4.833199977000000036e-01,1.898344933215718837e-03
4.833458227999999912e-01,1.898141318540151612e-03
4.833673426999999800e-01,1.897971660586991608e-03
4.833845579000000114e-01,1.897835947931714520e-03
4.834232897999999889e-01,1.897530638995670099e-03
4.834534125000000127e-01,1.897293219118705151e-03
4.834577156000000042e-01,1.897259305038407609e-03
4.834706246000000096e-01,1.897157567362147291e-03
4.834921388999999792e-01,1.896988019787644673e-03
4.835007443000000071e-01,1.896920206084762393e-03
4.835222572999999802e-01,1.896750685141265552e-03
4.835265597999999776e-01,1.896716783234780532e-03
4.835609781999999912e-01,1.896445595367666050e-03
4.835738844999999952e-01,1.896343912468508291e-03
4.835867904000000217e-01,1.896242236412393157e-03
4.836082995000000051e-01,1.896072791528384668e-03
4.836255060999999911e-01,1.895937249307305802e-03
4.836642187999999898e-01,1.895632323783573046e-03
4.836943264999999936e-01,1.895395202053149842e-03
4.837072291999999774e-01,1.895293589854169999e-03
4.837287329000000136e-01,1.895124251385124289e-03
4.837459352999999851e-01,1.894988794286640160e-03
4.837674372999999917e-01,1.894819490006493341e-03
4.837975386000000211e-01,1.894582495916088266e-03
4.838018385999999782e-01,1.894548642655779960e-03
4.838319376999999921e-01,1.894311691095135631e-03
4.838448368000000110e-01,1.894210151815643728e-03
4.838620349000000154e-01,1.894074776739074250e-03
4.838835317999999885e-01,1.893905574973732018e-03
4.838964295000000027e-01,1.893804063023668766e-03
4.839179249000000183e-01,1.893634891620009754e-03
4.839523153999999994e-01,1.893364256834801067e-03
4.839738082999999746e-01,1.893195134753183516e-03
4.839867036000000122e-01,1.893093670608501228e-03
4.840382811999999757e-01,1.892687882292815081e-03
4.840726631999999752e-01,1.892417417416694279e-03
4.840769608000000113e-01,1.892383612719322631e-03
4.841070427999999981e-01,1.892147001063885147e-03
4.841199345000000154e-01,1.892045607438954356e-03
4.841586076000000127e-01,1.891741467491924247e-03
4.841800913000000040e-01,1.891572527376225808e-03
4.841886845000000217e-01,1.891504956633862202e-03
4.842574248000000026e-01,1.890964499779283249e-03
4.842746083000000201e-01,1.890829415860697778e-03
4.842831998000000082e-01,1.890761878444956450e-03
4.842960868999999779e-01,1.890660577999505850e-03
4.843132689999999907e-01,1.890525521339216477e-03
4.843261551999999970e-01,1.890424236792185610e-03
4.843476314999999865e-01,1.890255444354350164e-03
4.843648119000000252e-01,1.890120424026859539e-03
4.843776967000000266e-01,1.890019166728670093e-03
4.843862863999999768e-01,1.889951665645961485e-03
4.844163491999999849e-01,1.889715435693762463e-03
4.844206436999999865e-01,1.889681691583687713e-03
4.844507043999999873e-01,1.889445503997533174e-03
4.844549986000000197e-01,1.889411765939737328e-03
4.844678810999999974e-01,1.889310556303725689e-03
4.844893511000000208e-01,1.889141888703009184e-03
4.845194073999999906e-01,1.888905785822313655e-03
4.845365817000000241e-01,1.888770886524895930e-03
4.845537552999999997e-01,1.888635999322643136e-03
4.845580486000000131e-01,1.888602279412287220e-03
4.845709282999999812e-01,1.888501124215328239e-03
4.846052726000000255e-01,1.888231410278722218e-03
4.846524918999999820e-01,1.887860632582251440e-03
4.846610767000000264e-01,1.887793228276636983e-03
4.846739536999999931e-01,1.887692127484259536e-03
4.846868302999999822e-01,1.887591033490606000e-03
4.846911224000000074e-01,1.887557337002874168e-03
4.846954144999999770e-01,1.887523641270022435e-03
4.847211663000000059e-01,1.887321482737268959e-03
4.847297499000000065e-01,1.887254102600669165e-03
4.847597913999999730e-01,1.887018295905931774e-03
4.847769571000000166e-01,1.886883565833410948e-03
4.847898310000000044e-01,1.886782526204326899e-03
4.848284507000000243e-01,1.886479448075884489e-03
4.848456139000000276e-01,1.886344766305648795e-03
4.848627765999999895e-01,1.886210096609114081e-03
4.848670672000000015e-01,1.886176431071579732e-03
4.848756482000000090e-01,1.886109102258859329e-03
4.848799387000000127e-01,1.886075438984428964e-03
4.849142610000000131e-01,1.885806159942549727e-03
4.849614501999999772e-01,1.885435980074855015e-03
4.849657399999999785e-01,1.885402331884118493e-03
4.849957668000000055e-01,1.885166815658352027e-03
4.850043455999999975e-01,1.885099532093413707e-03
4.850172133999999802e-01,1.884998612399465916e-03
4.850343699999999925e-01,1.884864063358523056e-03
4.850386590999999914e-01,1.884830427983282810e-03
4.850729702000000088e-01,1.884561372106287281e-03
4.850858362000000090e-01,1.884460488585033887e-03
4.850987018999999845e-01,1.884359611844542643e-03
4.851072787999999858e-01,1.884292364451249212e-03
4.851716010000000079e-01,1.883788105039080904e-03
4.851758889000000186e-01,1.883754493770517817e-03
4.852016150999999833e-01,1.883552841967660232e-03
4.852101902000000022e-01,1.883485630723523820e-03
4.852402020000000094e-01,1.883250415081674485e-03
4.852744988000000093e-01,1.882981642367081553e-03
4.852787856999999927e-01,1.882948049163935900e-03
4.852873595000000151e-01,1.882880865016215745e-03
4.852916462999999903e-01,1.882847274071670733e-03
4.853259395000000254e-01,1.882578573597112935e-03
4.853387988000000264e-01,1.882477823332874556e-03
4.853473715000000133e-01,1.882410660251238608e-03
4.853559440999999919e-01,1.882343500178701489e-03
4.853816608000000032e-01,1.882142038011370370e-03
4.853945185999999912e-01,1.882041317080609694e-03
4.854245188999999905e-01,1.881806327894427512e-03
4.854288044999999774e-01,1.881772761017925198e-03
4.854459466000000112e-01,1.881638501030634229e-03
4.854802288999999771e-01,1.881370017139704851e-03
4.854930841000000274e-01,1.881269348081634780e-03
4.854973691000000202e-01,1.881235793232153555e-03
4.855102238999999820e-01,1.881135133192734328e-03
4.855316478000000213e-01,1.880967381488476758e-03
4.855445017000000196e-01,1.880866739483025296e-03
4.855487862000000265e-01,1.880833193650139267e-03
4.855616395999999835e-01,1.880732560659343581e-03
4.855873454999999894e-01,1.880531314960072736e-03
4.856001978999999746e-01,1.880430702249830111e-03
4.856344691999999741e-01,1.880162434734438228e-03
4.856473204000000266e-01,1.880061846805758038e-03
4.856516040000000145e-01,1.880028318997756980e-03
4.856901551000000206e-01,1.879726602509784652e-03
4.856987215999999941e-01,1.879659562658115733e-03
4.857030048000000044e-01,1.879626043858496605e-03
4.857244202000000066e-01,1.879458461117223264e-03
4.857372689000000188e-01,1.879357920478276836e-03
4.857672480999999931e-01,1.879123351916047856e-03
4.857715307000000093e-01,1.879089845123007186e-03
4.857886605999999774e-01,1.878955825451271650e-03
4.858186366000000200e-01,1.878721319906042058e-03
4.858400467999999806e-01,1.878553838445633055e-03
4.858871461000000003e-01,1.878185445222115999e-03
4.858914276999999893e-01,1.878151959427151437e-03
4.859042720000000259e-01,1.878051506541301464e-03
4.859213973000000020e-01,1.877917579854612891e-03
4.859256785000000134e-01,1.877884100057176757e-03
4.859299597000000248e-01,1.877850621008969210e-03
4.859984534999999828e-01,1.877315058154557402e-03
4.860112951000000181e-01,1.877214661473164316e-03
4.860455375000000133e-01,1.876946969949493766e-03
4.860797774000000238e-01,1.876679326357945246e-03
4.860968964999999864e-01,1.876545522534686173e-03
4.861011761999999847e-01,1.876512073451004061e-03
4.861097354999999731e-01,1.876445177528107688e-03
4.861140150000000104e-01,1.876411730690480265e-03
4.861354123000000138e-01,1.876244507729326466e-03
4.861482502000000205e-01,1.876144182935473356e-03
4.861995983999999882e-01,1.875742951117135692e-03
4.862167132999999919e-01,1.875609231122103530e-03
4.862381060000000033e-01,1.875442097963367838e-03
4.862509412000000086e-01,1.875341827044699206e-03
4.862680542999999744e-01,1.875208142958433672e-03
4.863065563999999785e-01,1.874907397515729844e-03
4.863151121000000021e-01,1.874840573421071924e-03
4.863322228999999997e-01,1.874706934203215292e-03
4.863407779999999736e-01,1.874640119080115894e-03
4.863536104999999776e-01,1.874539902002633979e-03
4.863707199999999786e-01,1.874406289697907492e-03
4.863835517000000275e-01,1.874306088317236182e-03
4.863878287999999772e-01,1.874272689352040038e-03
4.864049369999999817e-01,1.874139100964240367e-03
4.864092139999999787e-01,1.874105705735369708e-03
4.864348749999999888e-01,1.873905350055261616e-03
4.864434283999999886e-01,1.873838570805854038e-03
4.864562581999999913e-01,1.873738407535233868e-03
4.864690876000000164e-01,1.873638250987539732e-03
4.864733640000000192e-01,1.873604866966514489e-03
4.865204019000000102e-01,1.873237692022081385e-03
4.865460570999999845e-01,1.873037452866207347e-03
4.865588840999999776e-01,1.872937343368355316e-03
4.865759863999999935e-01,1.872803874489613460e-03
4.865802618000000246e-01,1.872770509135602765e-03
4.865888125999999758e-01,1.872703780667984335e-03
4.866144641999999854e-01,1.872503613179337572e-03
4.866272893999999960e-01,1.872403539510735697e-03
4.866401143999999901e-01,1.872303472558437985e-03
4.866785871000000041e-01,1.872003311992602448e-03
4.867127824999999963e-01,1.871736553332007530e-03
4.867170567999999919e-01,1.871703211855627394e-03
4.867298793000000012e-01,1.871603191902103478e-03
4.867640711999999814e-01,1.871336504839735690e-03
4.868153544000000110e-01,1.870936563717678349e-03
4.868196277999999877e-01,1.870903240136266707e-03
4.868324475999999956e-01,1.870803273864652836e-03
4.868452670999999787e-01,1.870703314300160586e-03
4.868495401999999861e-01,1.870669995935637497e-03
4.868666321999999824e-01,1.870536729931195682e-03
4.868794508000000021e-01,1.870436788251254477e-03
4.869563553999999850e-01,1.869837278978602217e-03
4.869691716999999809e-01,1.869737384228355734e-03
4.869819875999999992e-01,1.869637496180761574e-03
4.869862595000000183e-01,1.869604201653831841e-03
4.869990750000000035e-01,1.869504322541377201e-03
4.870375192999999991e-01,1.869204725406500454e-03
4.870588759999999739e-01,1.869038308607285292e-03
4.871229403999999819e-01,1.868539169838928085e-03
4.871272110000000044e-01,1.868505899873790406e-03
4.871357523000000023e-01,1.868439362174619022e-03
4.871528341999999956e-01,1.868306295703015159e-03
4.871571046000000016e-01,1.868273030944790723e-03
4.871613750000000076e-01,1.868239766930621278e-03
4.871741857999999925e-01,1.868139979349921686e-03
4.871912663999999893e-01,1.868006939654135064e-03
4.871955365000000260e-01,1.867973681589702849e-03
4.872040765000000273e-01,1.867907167690728305e-03
4.872254259000000087e-01,1.867740895957338380e-03
4.872723911999999880e-01,1.867375163566351330e-03
4.872937375999999987e-01,1.867208951303220852e-03
4.873108139999999810e-01,1.867075994870020725e-03
4.873278898000000248e-01,1.866943050326039808e-03
4.873321587000000177e-01,1.866909816047689205e-03
4.873449650000000188e-01,1.866810117671102894e-03
4.873663081999999869e-01,1.866643968567377855e-03
4.873791136999999773e-01,1.866544288019891720e-03
4.873961870999999890e-01,1.866411391021912444e-03
4.874260642000000088e-01,1.866178849868889910e-03
4.874303321999999827e-01,1.866145632674684387e-03
4.874346002000000122e-01,1.866112416222214963e-03
4.875327529999999854e-01,1.865348642728070381e-03
4.875370200999999959e-01,1.865315444091898223e-03
4.875455541000000004e-01,1.865249049045368925e-03
4.875498211000000026e-01,1.865215852634405499e-03
4.875626216999999762e-01,1.865116267854640807e-03
4.875711553000000031e-01,1.865049881711520119e-03
4.876010217000000257e-01,1.864817553578510022e-03
4.876138210000000028e-01,1.864717995505613601e-03
4.876394184999999770e-01,1.864518899384185954e-03
4.876522167999999824e-01,1.864419361336340812e-03
4.876735466000000074e-01,1.864253479418462789e-03
4.876863439999999938e-01,1.864153959164504019e-03
4.876991410000000027e-01,1.864054445583816994e-03
4.877034066000000001e-01,1.864021275872615978e-03
4.877332649000000186e-01,1.863789108650128418e-03
4.877417955000000194e-01,1.863722781828799566e-03
4.877503259000000035e-01,1.863656457972175584e-03
4.877545911000000234e-01,1.863623297154441043e-03
4.877716514000000059e-01,1.863490661297643796e-03
4.878057700999999802e-01,1.863225425148300933e-03
4.878100348000000142e-01,1.863192273963538330e-03
4.878185641000000183e-01,1.863125973816643190e-03
4.878398864999999862e-01,1.862960236411077657e-03
4.878441508999999954e-01,1.862927091153026432e-03
4.878782646000000001e-01,1.862661955742094888e-03
4.878910565999999838e-01,1.862562542182045469e-03
4.879422213999999869e-01,1.862164954573793194e-03
4.879550116999999965e-01,1.862065574327182154e-03
4.879592750999999784e-01,1.862032449058191466e-03
4.880061696999999921e-01,1.861668119947255387e-03
4.880232212000000236e-01,1.861535658832557836e-03
4.880445346999999767e-01,1.861370099084586668e-03
4.880487973000000035e-01,1.861336989353500060e-03
4.880615849000000117e-01,1.861237664601158573e-03
4.880743720999999868e-01,1.861138346505161831e-03
4.880786343999999888e-01,1.861105241952036799e-03
4.880828966999999907e-01,1.861072138138570751e-03
4.881084696999999917e-01,1.860873530787921729e-03
4.881169937000000014e-01,1.860807334253225054e-03
4.881468266999999805e-01,1.860575669672597269e-03
4.881638731999999870e-01,1.860443306175194392e-03
4.882277925999999879e-01,1.859947048384548787e-03
4.882533580000000262e-01,1.859748591820358172e-03
4.882789220000000041e-01,1.859550161851385337e-03
4.882874430999999960e-01,1.859484024438291675e-03
4.883002243999999825e-01,1.859384823857857536e-03
4.883172655999999945e-01,1.859252566755992221e-03
4.883513461999999805e-01,1.858988087998047871e-03
4.883556061000000059e-01,1.858955031475472645e-03
4.883683856000000101e-01,1.858855866338628626e-03
4.883811647999999894e-01,1.858756707846103600e-03
4.883896840999999989e-01,1.858690605875749392e-03
4.884024626999999841e-01,1.858591458454746321e-03
4.884195003999999840e-01,1.858459272227624146e-03
4.884237597000000153e-01,1.858426227515372906e-03
4.884578328999999997e-01,1.858161896385975313e-03
4.884706097000000025e-01,1.858062784386340770e-03
4.884919037000000075e-01,1.857897612476475200e-03
4.885046796999999996e-01,1.857798518182583345e-03
4.885387472000000120e-01,1.857534299184930180e-03
4.885685544000000213e-01,1.857303146279459718e-03
4.885941019000000218e-01,1.857105043971944962e-03
4.886068752000000126e-01,1.857006002770277952e-03
4.886239057000000274e-01,1.856873958155200567e-03
4.886537076999999951e-01,1.856642908455249973e-03
4.886749937000000044e-01,1.856477895062809934e-03
4.886962787999999946e-01,1.856312900091002752e-03
4.887090493999999841e-01,1.856213911949691547e-03
4.887260762999999786e-01,1.856081938073056610e-03
4.887643848000000069e-01,1.855785039940082695e-03
4.887771536000000139e-01,1.855686087152281540e-03
4.887899220999999961e-01,1.855587140991376465e-03
4.888239697999999800e-01,1.855323316957525415e-03
4.888282255999999992e-01,1.855290342266144787e-03
4.888409926999999766e-01,1.855191422608250219e-03
4.888452483999999876e-01,1.855158450862116502e-03
4.888665260000000234e-01,1.854993603166717837e-03
4.889133335999999996e-01,1.854631002998659729e-03
4.889643913999999758e-01,1.854235540708820684e-03
4.889686458999999985e-01,1.854202590299191579e-03
4.889771548999999884e-01,1.854136691686481681e-03
4.889814094000000111e-01,1.854103743483584118e-03
4.889984269000000050e-01,1.853971958024469482e-03
4.890154436999999965e-01,1.853840184331161491e-03
4.890282060000000208e-01,1.853741361781308149e-03
4.890324600000000022e-01,1.853708422401928240e-03
4.890452217999999851e-01,1.853609608674218218e-03
4.890707444999999876e-01,1.853412001067331798e-03
4.890835052999999988e-01,1.853313207187164656e-03
4.890962657999999852e-01,1.853214419921448688e-03
4.891047726000000151e-01,1.853148565418650043e-03
4.891132792999999812e-01,1.853082713855551530e-03
4.891175325000000074e-01,1.853049789175817202e-03
4.891515573999999922e-01,1.852786418191974035e-03
4.891728216999999823e-01,1.852621835203190504e-03
4.892068426999999775e-01,1.852358540616443451e-03
4.892195999999999767e-01,1.852259817264613820e-03
4.892366092000000055e-01,1.852128196408968927e-03
4.892493656999999940e-01,1.852029488477079577e-03
4.892706257000000170e-01,1.851864989940619219e-03
4.893088916000000177e-01,1.851568938822398345e-03
4.893344003999999803e-01,1.851371604437377413e-03
4.893386518000000240e-01,1.851338717942240279e-03
4.893854141999999796e-01,1.850977014915390932e-03
4.893896650999999820e-01,1.850944137223984329e-03
4.894109191000000081e-01,1.850779759768918882e-03
4.894236711000000128e-01,1.850681142097897322e-03
4.894534242999999951e-01,1.850451059866677506e-03
4.894576746000000034e-01,1.850418193909933191e-03
4.894789257000000116e-01,1.850253875123316965e-03
4.895129254000000207e-01,1.849991003186750391e-03
4.895426732000000003e-01,1.849761028725672345e-03
4.895724191999999975e-01,1.849531090173876357e-03
4.895766684999999785e-01,1.849498244739859222e-03
4.895894161000000078e-01,1.849399712835518312e-03
4.895936652999999805e-01,1.849366870333259312e-03
4.896106613999999801e-01,1.849235507647777619e-03
4.896276569999999939e-01,1.849104156683497842e-03
4.896404033000000267e-01,1.849005651151240485e-03
4.896786402000000149e-01,1.848710174102696823e-03
4.896828885999999770e-01,1.848677346980646214e-03
4.897083779999999997e-01,1.848480399625950822e-03
4.897168741999999853e-01,1.848414756365559641e-03
4.897253702000000097e-01,1.848349116031663660e-03
4.897296180999999859e-01,1.848316296963505674e-03
4.897466095999999935e-01,1.848185028010206803e-03
4.897805907000000181e-01,1.847922525232622909e-03
4.897848382000000167e-01,1.847889715679159077e-03
4.897975803999999878e-01,1.847791291407677823e-03
4.898315580000000002e-01,1.847528858877486033e-03
4.898442989999999830e-01,1.847430458749644558e-03
4.898612864999999927e-01,1.847299268819567681e-03
4.898782734000000083e-01,1.847168090592166525e-03
4.898867666000000232e-01,1.847102505866850784e-03
4.898995060999999929e-01,1.847004134262783797e-03
4.899164917000000119e-01,1.846872982361331440e-03
4.899504611000000120e-01,1.846610713652906350e-03
4.899547070999999976e-01,1.846577933353561610e-03
4.899844280000000274e-01,1.846348491727027629e-03
4.899886737999999964e-01,1.846315717276218304e-03
4.899971651000000206e-01,1.846250170565274162e-03
4.900141472000000276e-01,1.846119085913024756e-03
4.900353740999999763e-01,1.845955246538510995e-03
4.900523549999999950e-01,1.845824188189774777e-03
4.900693352000000114e-01,1.845693141529247986e-03
4.900863148999999863e-01,1.845562106556358165e-03
4.901032940000000226e-01,1.845431083270179622e-03
4.901372504000000019e-01,1.845169071749945197e-03
4.901542277000000003e-01,1.845038083514469228e-03
4.901839365999999809e-01,1.844808882207837029e-03
4.901881806000000230e-01,1.844776142084649179e-03
4.901924245000000013e-01,1.844743402690462606e-03
4.902009123000000135e-01,1.844677926092531299e-03
4.902518357999999798e-01,1.844285127806433167e-03
4.902603226000000203e-01,1.844219671641404625e-03
4.902900251000000265e-01,1.843990598043448960e-03
4.902942680999999858e-01,1.843957876162049831e-03
4.903069970999999749e-01,1.843859714894045213e-03
4.903409394000000088e-01,1.843597983601716556e-03
4.903748793000000106e-01,1.843336298980694692e-03
4.903918483999999967e-01,1.843205474167790422e-03
4.904045747999999927e-01,1.843107363212613276e-03
4.904088168999999886e-01,1.843074661019358709e-03
4.904215429000000070e-01,1.842976558811547675e-03
4.904300267000000213e-01,1.842911160984426122e-03
4.904554771999999896e-01,1.842714984992601225e-03
4.904597189000000079e-01,1.842682291544236236e-03
4.904724435000000216e-01,1.842584215571889091e-03
4.904978918999999826e-01,1.842388083300490779e-03
4.905275799000000103e-01,1.842159295462888428e-03
4.905318209000000262e-01,1.842126614399707896e-03
4.905445437000000020e-01,1.842028575580478790e-03
4.905572662000000084e-01,1.841930543316480868e-03
4.905996719999999867e-01,1.841603816433698242e-03
4.906081527999999747e-01,1.841538479794690942e-03
4.906335941000000145e-01,1.841342487347839103e-03
4.906463141999999888e-01,1.841244500951767608e-03
4.906590341000000022e-01,1.841146521105217673e-03
4.907014310999999740e-01,1.840819968922011900e-03
4.907141494999999742e-01,1.840722017455301458e-03
4.907268676000000052e-01,1.840624072537643116e-03
4.907650197999999797e-01,1.840330277063191014e-03
4.907989303999999997e-01,1.840069174986527605e-03
4.908116462000000069e-01,1.839971273706191967e-03
4.908286002000000203e-01,1.839840748845307083e-03
4.908370770000000105e-01,1.839775490777218869e-03
4.908497918999999987e-01,1.839677609126624423e-03
4.908667445000000074e-01,1.839547110435574501e-03
4.908709826000000054e-01,1.839514487580583757e-03
4.909006481000000033e-01,1.839286147941476867e-03
4.909175989999999823e-01,1.839155684135142937e-03
4.909303118000000188e-01,1.839057843909971046e-03
4.909387868000000266e-01,1.838992620726458962e-03
4.909472617000000261e-01,1.838927400447662192e-03
4.909642109999999837e-01,1.838796968609888657e-03
4.909684482000000183e-01,1.838764362465777555e-03
4.909853967999999735e-01,1.838633945155054156e-03
4.910150553000000029e-01,1.838405742822816482e-03
4.910192921000000044e-01,1.838373145394697934e-03
4.910828395999999874e-01,1.837884271096040930e-03
4.911040202999999993e-01,1.837721349291982767e-03
4.911082562999999901e-01,1.837688767108792585e-03
4.911209642000000097e-01,1.837591024913260004e-03
4.911548501999999927e-01,1.837330410986975004e-03
4.911717923000000208e-01,1.837200121436880071e-03
4.911760278000000257e-01,1.837167550863238715e-03
4.912056747999999917e-01,1.836939577157550808e-03
4.912691981999999791e-01,1.836451181740591122e-03
4.912861364000000175e-01,1.836320970516200617e-03
4.912903708999999952e-01,1.836288419522354078e-03
4.913115425999999841e-01,1.836125675426626604e-03
4.913242452000000093e-01,1.836028037667107246e-03
4.913369475000000097e-01,1.835930406431512734e-03
4.913454154999999934e-01,1.835865322563443730e-03
4.913581171999999997e-01,1.835767702197459118e-03
4.913708185999999811e-01,1.835670088353345223e-03
4.914131541999999797e-01,1.835344755964051378e-03
4.914427868999999838e-01,1.835117066392393578e-03
4.914470200000000122e-01,1.835084542208706166e-03
4.914766507000000173e-01,1.834856893192874207e-03
4.915105122000000271e-01,1.834596766334281809e-03
4.915274420999999894e-01,1.834466720279897449e-03
4.915486036000000225e-01,1.834304178997528531e-03
4.915570678999999776e-01,1.834239167551082695e-03
4.915782282000000225e-01,1.834076651600390854e-03
4.916120825999999999e-01,1.833816663704779335e-03
4.916163143000000235e-01,1.833784168473343761e-03
4.916247774999999987e-01,1.833719180181638854e-03
4.916290090000000057e-01,1.833686687121021492e-03
4.916417034000000186e-01,1.833589212278917586e-03
4.916501661000000079e-01,1.833524232667404445e-03
4.916797846000000027e-01,1.833296826809950250e-03
4.917136321000000199e-01,1.833036977790702049e-03
4.917178629000000245e-01,1.833004499917013875e-03
4.917305550000000136e-01,1.832907070634275928e-03
4.917517076999999848e-01,1.832744702953630718e-03
4.917643989000000104e-01,1.832647291019289361e-03
4.917770898000000113e-01,1.832549885590272062e-03
4.917855502999999850e-01,1.832484952251275121e-03
4.918151606000000231e-01,1.832257708327724496e-03
4.918193905000000088e-01,1.832225247800838052e-03
4.918278501000000191e-01,1.832160328913706379e-03
4.918320798999999965e-01,1.832127870553978749e-03
4.918532283000000005e-01,1.831965589592345718e-03
4.918659168999999776e-01,1.831868229683580700e-03
4.918828345999999851e-01,1.831738426584601700e-03
4.918955224000000070e-01,1.831641081844129519e-03
4.919166681000000096e-01,1.831478855053442862e-03
4.919208970999999764e-01,1.831446411861373811e-03
4.919547280000000078e-01,1.831186892319117739e-03
4.919674139999999918e-01,1.831089584403388683e-03
4.919843280999999791e-01,1.830959850621451156e-03
4.920139264000000234e-01,1.830732844290230889e-03
4.920308389999999976e-01,1.830603142264450095e-03
4.920350669999999926e-01,1.830570718561670782e-03
4.920688899999999810e-01,1.830311354915500248e-03
4.920815731000000026e-01,1.830214105451923815e-03
4.920858007000000200e-01,1.830181690406277673e-03
4.920900281999999737e-01,1.830149276082108228e-03
4.920984833000000003e-01,1.830084449598276628e-03
4.921196201999999964e-01,1.829922396011125036e-03
4.921238474999999890e-01,1.829889987456517070e-03
4.921576643999999723e-01,1.829630744985460099e-03
4.921872522999999888e-01,1.829403945676033637e-03
4.922041589000000217e-01,1.829274361930847796e-03
4.922210649000000049e-01,1.829144789717399109e-03
4.922337439999999731e-01,1.829047618125507254e-03
4.922379702999999940e-01,1.829015229035665675e-03
4.922717793999999980e-01,1.828756142262145381e-03
4.923013605000000070e-01,1.828529479161467844e-03
4.923182630999999865e-01,1.828399973238579654e-03
4.923267142000000152e-01,1.828335224598154471e-03
4.923393905999999820e-01,1.828238107040211155e-03
4.923562919999999732e-01,1.828108627045317959e-03
4.923605172000000141e-01,1.828076258846273935e-03
4.923731927000000175e-01,1.827979158571621738e-03
4.924281161999999878e-01,1.827558465591283370e-03
4.924365654999999786e-01,1.827493754391619615e-03
4.924407900000000171e-01,1.827461399871373052e-03
4.924745851999999813e-01,1.827202589621017368e-03
4.925252735999999798e-01,1.826814460591078253e-03
4.925421684999999883e-01,1.826685107268651628e-03
4.925632864000000222e-01,1.826523431798509744e-03
4.925759566999999839e-01,1.826426435147576960e-03
4.925886266999999763e-01,1.826329444968656122e-03
4.925928500000000265e-01,1.826297116346575116e-03
4.926224116999999847e-01,1.826070836127843778e-03
4.926266347000000101e-01,1.826038513258469026e-03
4.926308576000000272e-01,1.826006191107345470e-03
4.926435262000000148e-01,1.825909228967738775e-03
4.926604171000000254e-01,1.825779956178194162e-03
4.926941972000000169e-01,1.825521445098404836e-03
4.927068640999999749e-01,1.825424515301301599e-03
4.927321969999999829e-01,1.825230675105494679e-03
4.927744156000000153e-01,1.824907665585193475e-03
4.927786371999999804e-01,1.824875368584216425e-03
4.927955234999999989e-01,1.824746187760133316e-03
4.928124092000000234e-01,1.824617018426498774e-03
4.928292942999999982e-01,1.824487860581608650e-03
4.928335154999999856e-01,1.824455572915522315e-03
4.928419578000000079e-01,1.824390999737497167e-03
4.928588419000000109e-01,1.824261861995072525e-03
4.928672836999999918e-01,1.824197297431453440e-03
4.928926083999999874e-01,1.824003620966993576e-03
4.928968289999999808e-01,1.823971344068625990e-03
4.929305929000000197e-01,1.823713154714680547e-03
4.929601344000000274e-01,1.823487276700297378e-03
4.929685744999999786e-01,1.823422746581548209e-03
4.929812344000000235e-01,1.823325956784030682e-03
4.929938938999999798e-01,1.823229173441602438e-03
4.929981137000000180e-01,1.823196913762841886e-03
4.930318706999999856e-01,1.822938862145109069e-03
4.930360900999999907e-01,1.822906608920233035e-03
4.931331275999999986e-01,1.822164982612713017e-03
4.931373461999999930e-01,1.822132746591800280e-03
4.931500017000000069e-01,1.822036042829141243e-03
4.931626570000000043e-01,1.821939345515037004e-03
4.931837483000000022e-01,1.821778197654560496e-03
4.932006206999999809e-01,1.821649292260737584e-03
4.932638870000000120e-01,1.821165999101442660e-03
4.932681045000000264e-01,1.821133785286654016e-03
4.932723218999999770e-01,1.821101572187774692e-03
4.932849739999999872e-01,1.821004937186628198e-03
4.933018430000000176e-01,1.820876100541915857e-03
4.933060600999999989e-01,1.820843893171311808e-03
4.933144943000000171e-01,1.820779480576001537e-03
4.933397959999999971e-01,1.820586259968475255e-03
4.933524463000000249e-01,1.820489659326949596e-03
4.933650962999999723e-01,1.820393065126653213e-03
4.933819624999999931e-01,1.820264282877026747e-03
4.934030444999999987e-01,1.820103321164248623e-03
4.934409896999999989e-01,1.819813635150697431e-03
4.934494215999999933e-01,1.819749268349420438e-03
4.934747163000000048e-01,1.819556185108932474e-03
4.934873631999999732e-01,1.819459653142980722e-03
4.935168714000000012e-01,1.819234436914940294e-03
4.935379475000000182e-01,1.819073589627399467e-03
4.935421627000000089e-01,1.819041422314594944e-03
4.935716674999999776e-01,1.818816271137036009e-03
4.935758823999999989e-01,1.818784109542240452e-03
4.935885266999999743e-01,1.818687629044806299e-03
4.936095998000000207e-01,1.818526842507490852e-03
4.936391005999999915e-01,1.818301771362404538e-03
4.936517433000000010e-01,1.818205323015780828e-03
4.936559575000000200e-01,1.818173174996202610e-03
4.936685996999999881e-01,1.818076735221040800e-03
4.936770276999999929e-01,1.818012445609491290e-03
4.936896693999999752e-01,1.817916016547632988e-03
4.937191655000000012e-01,1.817691040398500919e-03
4.937402329999999728e-01,1.817530364569005337e-03
4.937570863999999893e-01,1.817401836755827777e-03
4.937781522999999950e-01,1.817241193051238879e-03
4.938034302000000042e-01,1.817048444157995249e-03
4.938076430000000183e-01,1.817016321840374954e-03
4.938455572000000071e-01,1.816727253091342991e-03
4.938539820999999774e-01,1.816663023439441622e-03
4.938581945000000140e-01,1.816630909683585472e-03
4.938918927000000014e-01,1.816374025319663407e-03
4.939045288999999728e-01,1.816277705450809353e-03
4.939129528000000269e-01,1.816213495772015570e-03
4.939213766000000172e-01,1.816149288944319835e-03
4.939424356000000071e-01,1.815988784356906399e-03
4.939719164999999967e-01,1.815764107878815566e-03
4.939803393000000153e-01,1.815699921015282966e-03
4.939887620000000257e-01,1.815635737004065321e-03
4.939929733000000267e-01,1.815603646066820537e-03
4.940435058000000046e-01,1.815218610417123702e-03
4.940603487999999932e-01,1.815090288004834714e-03
4.940729806999999973e-01,1.814994053675308668e-03
4.940814017999999863e-01,1.814929901019109431e-03
4.940940330999999963e-01,1.814833677375793548e-03
4.941235051000000267e-01,1.814609180474057804e-03
4.941487653000000146e-01,1.814416782334307915e-03
4.941613948999999950e-01,1.814320592877382080e-03
4.941782338999999857e-01,1.814192350236492430e-03
4.941824436000000209e-01,1.814160291356865275e-03
4.941950723999999906e-01,1.814064118987816559e-03
4.942497933000000176e-01,1.813647446083923752e-03
4.942582113999999804e-01,1.813583353236010659e-03
4.943129252999999834e-01,1.813166819097819038e-03
4.943255508000000131e-01,1.813070712909771757e-03
4.943297591999999963e-01,1.813038678936050498e-03
4.943634251999999840e-01,1.812782432751510169e-03
4.943970887999999952e-01,1.812526232080270217e-03
4.944475799999999976e-01,1.812142016387235629e-03
4.944517874000000091e-01,1.812110003032924846e-03
4.944602020000000153e-01,1.812045978456840699e-03
4.944644093000000185e-01,1.812013967234698273e-03
4.944770309000000030e-01,1.811917937833366649e-03
4.944812379999999896e-01,1.811885929454511894e-03
4.945106867999999878e-01,1.811661890695329558e-03
4.945148936000000051e-01,1.811629888000151206e-03
4.945191004000000223e-01,1.811597886015458344e-03
4.945485470000000050e-01,1.811373892015215184e-03
4.945527534999999975e-01,1.811341895713258288e-03
4.945990227000000017e-01,1.810989983270865815e-03
4.946116408999999825e-01,1.810894022063803867e-03
4.946536990000000023e-01,1.810574197519445152e-03
4.946621102000000048e-01,1.810510241129942386e-03
4.946873428999999933e-01,1.810318388993963773e-03
4.947293945999999831e-01,1.809998692207922220e-03
4.947504191000000051e-01,1.809838870422345557e-03
4.947672379999999981e-01,1.809711025763356164e-03
4.947798519000000117e-01,1.809615149716839065e-03
4.948008742000000182e-01,1.809455370492227353e-03
4.948176913999999815e-01,1.809327559877463732e-03
4.948513241999999979e-01,1.809071972685072230e-03
4.948639358999999960e-01,1.808976139185412444e-03
4.948681396999999871e-01,1.808944196103379242e-03
4.948891583000000205e-01,1.808784491327965855e-03
4.949185829000000147e-01,1.808560934409836904e-03
4.949311927999999750e-01,1.808465134932493983e-03
4.949522088000000153e-01,1.808305483308514155e-03
4.949564117999999957e-01,1.808273555109892513e-03
4.950026432999999892e-01,1.807922391675661740e-03
4.950152512000000060e-01,1.807826634705035065e-03
4.950194537000000006e-01,1.807794717131762548e-03
4.950488705000000156e-01,1.807571313944447700e-03
4.950530726999999853e-01,1.807539402036609016e-03
4.950572750000000188e-01,1.807507490836315033e-03
4.950698814000000225e-01,1.807411761483341964e-03
4.950908914000000105e-01,1.807252226720773309e-03
4.951034970000000035e-01,1.807156514358937687e-03
4.951203040000000111e-01,1.807028907784959636e-03
4.951539161999999883e-01,1.806773728610243553e-03
4.951581174999999946e-01,1.806741834397477273e-03
4.951707214000000135e-01,1.806646156005761120e-03
4.952001292000000054e-01,1.806422931188776063e-03
4.952211336999999824e-01,1.806263506113376044e-03
4.952547391000000077e-01,1.806008462771917580e-03
4.952589396000000033e-01,1.805976585536630619e-03
4.952673404999999862e-01,1.805912833187673164e-03
4.952841418999999745e-01,1.805785336975923149e-03
4.953345425999999829e-01,1.805402916208785928e-03
4.953555413999999879e-01,1.805243604264960980e-03
4.953597410999999728e-01,1.805211743996279223e-03
4.953723398000000055e-01,1.805116167430894075e-03
4.953891376999999818e-01,1.804988741903053090e-03
4.953933369999999892e-01,1.804956887287305833e-03
4.954059349000000112e-01,1.804861327680101638e-03
4.954185325000000084e-01,1.804765774431638450e-03
4.954269306999999900e-01,1.804702075798058844e-03
4.954605221000000226e-01,1.804447309519297384e-03
4.954731183000000150e-01,1.804351783818139996e-03
4.954941111999999759e-01,1.804192588440457854e-03
4.955067065000000048e-01,1.804097079687461873e-03
4.955193015000000090e-01,1.804001577288724158e-03
4.955234997999999891e-01,1.803969744568206888e-03
4.955360944000000156e-01,1.803874250641506046e-03
4.955738761999999853e-01,1.803587806979675082e-03
4.956074576000000231e-01,1.803333238383398153e-03
4.956536282999999821e-01,1.802983280297438444e-03
4.956620225000000213e-01,1.802919660725276190e-03
4.956704165999999967e-01,1.802856043975099637e-03
4.956746135999999803e-01,1.802824236658026038e-03
4.956872043000000172e-01,1.802728818937735303e-03
4.956914011999999925e-01,1.802697014441761829e-03
4.956955980000000150e-01,1.802665210651331184e-03
4.957081882000000106e-01,1.802569803509805309e-03
4.957249745999999790e-01,1.802442603860853702e-03
4.957291711999999850e-01,1.802410805711342429e-03
4.957375641000000277e-01,1.802347211527593335e-03
4.957585458000000056e-01,1.802188238405480177e-03
4.957753306000000082e-01,1.802061072596870556e-03
4.957963107000000202e-01,1.801902131195381573e-03
4.958088983000000227e-01,1.801806774812772950e-03
4.958424638000000217e-01,1.801552522129973690e-03
4.958592457000000064e-01,1.801425412699380474e-03
4.958760269999999970e-01,1.801298314539741480e-03
4.958970028999999946e-01,1.801139457690688946e-03
4.959263675999999732e-01,1.800917087683193358e-03
4.959557305999999777e-01,1.800694752181337651e-03
4.959599251999999847e-01,1.800662992783032398e-03
4.959934804000000197e-01,1.800408942942507582e-03
4.960312273999999966e-01,1.800123190720601465e-03
4.960605841999999877e-01,1.799900978402394153e-03
4.960647778000000230e-01,1.799869236599804584e-03
4.960731650999999909e-01,1.799805755105839209e-03
4.960773587000000262e-01,1.799774015414224663e-03
4.960899391999999963e-01,1.799678800560273540e-03
4.960983259999999784e-01,1.799615327508468548e-03
4.961109060000000182e-01,1.799520123206562123e-03
4.961234856999999776e-01,1.799424925236120781e-03
4.961276788000000271e-01,1.799393193985354081e-03
4.961654155999999927e-01,1.799107644378549311e-03
4.961779937999999945e-01,1.799012473833279261e-03
4.961905717999999799e-01,1.798917309616476258e-03
4.961989568999999878e-01,1.798853870319683940e-03
4.962241115000000091e-01,1.798663569302576259e-03
4.962283037999999924e-01,1.798631854926074350e-03
4.962660328999999870e-01,1.798346457169371516e-03
4.962744166999999984e-01,1.798283043175375297e-03
4.962786086000000041e-01,1.798251337232469006e-03
4.962953756999999855e-01,1.798124520486968966e-03
4.962995673999999746e-01,1.798092818057403985e-03
4.963121422999999810e-01,1.797997714983758794e-03
4.963247169000000181e-01,1.797902618232250860e-03
4.963289082999999824e-01,1.797870920720004602e-03
4.963414823999999781e-01,1.797775832397848503e-03
4.963624386000000110e-01,1.797617365907326408e-03
4.963917757999999902e-01,1.797395542316593568e-03
4.964001574999999944e-01,1.797332170467234522e-03
4.964127299000000160e-01,1.797237117959469806e-03
4.964462545000000171e-01,1.796983675493783999e-03
4.964630159999999792e-01,1.796856971107420060e-03
4.964797769000000027e-01,1.796730277949679403e-03
4.964923472000000171e-01,1.796635265450789156e-03
4.965132970000000201e-01,1.796476925319184965e-03
4.965426252999999845e-01,1.796255278602531093e-03
4.965677624000000012e-01,1.796065323060587297e-03
4.966012765999999745e-01,1.795812088280812060e-03
4.966305996000000000e-01,1.795590544662526789e-03
4.966347884999999795e-01,1.795558898378690933e-03
4.966641096000000144e-01,1.795337394021827467e-03
4.966682981000000163e-01,1.795305753346877796e-03
4.966766751999999729e-01,1.795242474098174843e-03
4.967018054999999821e-01,1.795052653173589323e-03
4.967143701999999772e-01,1.794957752172288449e-03
4.967269346000000030e-01,1.794862857477763423e-03
4.967436866000000117e-01,1.794736341027320867e-03
4.967646258000000259e-01,1.794578211227695289e-03
4.967688135000000171e-01,1.794546587369244767e-03
4.968316253000000238e-01,1.794072313542975075e-03
4.968693086000000037e-01,1.793787824874106115e-03
4.968818690999999843e-01,1.793693007919500409e-03
4.968944291999999874e-01,1.793598197264873470e-03
4.969028024000000099e-01,1.793534993660562092e-03
4.969153620000000271e-01,1.793440193505350944e-03
4.969279213000000195e-01,1.793345399647767796e-03
4.969446665999999735e-01,1.793219017634384380e-03
4.969823412000000107e-01,1.792934699037122175e-03
4.970116418000000147e-01,1.792713601525872547e-03
4.970283842000000063e-01,1.792587275478891434e-03
4.970325696999999820e-01,1.792555695715470189e-03
4.970493114000000268e-01,1.792429383654036389e-03
4.970660525000000218e-01,1.792303082781593945e-03
4.970786079999999774e-01,1.792208364469038929e-03
4.971288267999999788e-01,1.791829554134512356e-03
4.971330113999999911e-01,1.791797991150097247e-03
4.971832246999999816e-01,1.791419289843372217e-03
4.972041454000000194e-01,1.791261527327696421e-03
4.972334327999999859e-01,1.791040689144910662e-03
4.972376165999999875e-01,1.791009143627090129e-03
4.972669021000000189e-01,1.790788344557628494e-03
4.973045523999999884e-01,1.790504510316755704e-03
4.973171019000000026e-01,1.790409911470305449e-03
4.973338339999999747e-01,1.790283789447810660e-03
4.973505655000000081e-01,1.790157678593170274e-03
4.973672965000000001e-01,1.790031578905607566e-03
4.973714792000000218e-01,1.790000055728709549e-03
4.973840268999999981e-01,1.789905490383914086e-03
4.973965744000000133e-01,1.789810931320451499e-03
4.974174860999999725e-01,1.789653346833900349e-03
4.974300327000000244e-01,1.789558804513763021e-03
4.974676706000000226e-01,1.789275215222421809e-03
4.974802159999999751e-01,1.789180698013350269e-03
4.975053057000000112e-01,1.788991682422681490e-03
4.975178500999999920e-01,1.788897184040323142e-03
4.975387566999999733e-01,1.788739700680340916e-03
4.975680244999999835e-01,1.788519253254873586e-03
4.976056519000000011e-01,1.788235871032969491e-03
4.976181937999999971e-01,1.788141422835637416e-03
4.976349158000000217e-01,1.788015501660468595e-03
4.976516371999999966e-01,1.787889591631915739e-03
4.976725382000000142e-01,1.787732219769990177e-03
4.976850783999999805e-01,1.787637805011812325e-03
4.977059778999999851e-01,1.787480461010356554e-03
4.977185172999999963e-01,1.787386062965758225e-03
4.977310562999999743e-01,1.787291671188387734e-03
4.977352359000000170e-01,1.787260208655564765e-03
4.977477745000000176e-01,1.787165825233313389e-03
4.977686713999999735e-01,1.787008533453311775e-03
4.977979256999999769e-01,1.786788354196925353e-03
4.978021047000000254e-01,1.786756902802151634e-03
4.978188204999999811e-01,1.786631104180093268e-03
4.978313569999999744e-01,1.786536762520214748e-03
4.978355358000000064e-01,1.786505316691526166e-03
4.978814998000000158e-01,1.786159458501096736e-03
4.978856781000000065e-01,1.786128021021836723e-03
4.979065692999999904e-01,1.785970844056255667e-03
4.979191036000000237e-01,1.785876546223798440e-03
4.979358153999999814e-01,1.785750825516500438e-03
4.979483490000000123e-01,1.785656542287059707e-03
4.979859476999999868e-01,1.785373730145840962e-03
4.979984800000000211e-01,1.785279471944887109e-03
4.980068347000000117e-01,1.785216636619942369e-03
4.980694902000000202e-01,1.784745460294016785e-03
4.980736669999999977e-01,1.784714054098646314e-03
4.980861971000000166e-01,1.784619839678711420e-03
4.980987268000000023e-01,1.784525631511889353e-03
4.981029033000000106e-01,1.784494230178787890e-03
4.981196091000000270e-01,1.784368631793188231e-03
4.981363141999999855e-01,1.784243044520674717e-03
4.981404904000000244e-01,1.784211649439055658e-03
4.981488426999999830e-01,1.784148861358194347e-03
4.981989534999999858e-01,1.783772191205016105e-03
4.982073047999999726e-01,1.783709422565790161e-03
4.982156560000000067e-01,1.783646656703834167e-03
4.982198314999999877e-01,1.783615274813750862e-03
4.982323578999999780e-01,1.783521133308782567e-03
4.982365333000000063e-01,1.783489754195585189e-03
4.982699352000000137e-01,1.783238746272986690e-03
4.982741103000000171e-01,1.783207373405340046e-03
4.982866353000000026e-01,1.783113258965826012e-03
4.983075095999999760e-01,1.782956415443471979e-03
4.983325577000000117e-01,1.782768226110992239e-03
4.983367322000000210e-01,1.782736863649854583e-03
4.983659530999999809e-01,1.782517345843684375e-03
4.983868242000000226e-01,1.782360568216370417e-03
4.984369109999999825e-01,1.781984372632032130e-03
4.984744729000000207e-01,1.781702291452401084e-03
4.984828196000000156e-01,1.781639614369125678e-03
4.984995126000000276e-01,1.781514268519331003e-03
4.985078587999999811e-01,1.781451599751846578e-03
4.985203779999999862e-01,1.781357601797172547e-03
4.985328968000000138e-01,1.781263610077867291e-03
4.985370697000000018e-01,1.781232280890481662e-03
4.985495880999999962e-01,1.781138297484233680e-03
4.985537608000000231e-01,1.781106971068031073e-03
4.986080031999999829e-01,1.780699790679010283e-03
4.986205199000000032e-01,1.780605842593944912e-03
4.986372082000000150e-01,1.780480588173263866e-03
4.986705833000000254e-01,1.780230112562964859e-03
4.986747550000000251e-01,1.780198806226519987e-03
4.986872699000000075e-01,1.780104891370753268e-03
4.987039561000000121e-01,1.779979681251841724e-03
4.987373265999999750e-01,1.779729294230395767e-03
4.987414977999999888e-01,1.779697998965509712e-03
4.987498399999999998e-01,1.779635410513180638e-03
4.987873782999999728e-01,1.779353796719687414e-03
4.987998904000000011e-01,1.779259937905629078e-03
4.988207432999999802e-01,1.779103520381250655e-03
4.988707866000000046e-01,1.778728188852405755e-03
4.988749565999999747e-01,1.778696915719266873e-03
4.988999761999999838e-01,1.778509291434800287e-03
4.989375031000000127e-01,1.778227901659769046e-03
4.989500115000000124e-01,1.778134117507506337e-03
4.989708581000000254e-01,1.777977824404659369e-03
4.989750272999999847e-01,1.777946567857656163e-03
4.989875347000000128e-01,1.777852802359057571e-03
4.990042108000000143e-01,1.777727791365624286e-03
4.990083797000000043e-01,1.777696540344003099e-03
4.990208863000000217e-01,1.777602791423344699e-03
4.990333926000000142e-01,1.777509048719209256e-03
4.990375612999999877e-01,1.777477802531841075e-03
4.990750778999999970e-01,1.777196617922752230e-03
4.990834145999999971e-01,1.777134140048804893e-03
4.991084237000000257e-01,1.776946722996238133e-03
4.991501026999999868e-01,1.776634416460936075e-03
4.991542703999999886e-01,1.776603189603119526e-03
4.991709409000000264e-01,1.776478289072329613e-03
4.992084474999999855e-01,1.776197303241175201e-03
4.992209490999999777e-01,1.776103653715040229e-03
4.992376174000000000e-01,1.775978797337179459e-03
4.992667854999999766e-01,1.775760325228513316e-03
4.992709523000000149e-01,1.775729117686323123e-03
4.992834522999999858e-01,1.775635499195441077e-03
4.993001185000000008e-01,1.775510684193740401e-03
4.993084513000000113e-01,1.775448280829521963e-03
4.993376152999999817e-01,1.775229890770005630e-03
4.993417815000000259e-01,1.775198694947541971e-03
4.993709434999999974e-01,1.774980343487369844e-03
4.993751094000000168e-01,1.774949153177843948e-03
4.993876067999999946e-01,1.774855586385050421e-03
4.994001039000000031e-01,1.774762025793239113e-03
4.994167661999999730e-01,1.774637287984554956e-03
4.994542543000000112e-01,1.774356668213745774e-03
4.994834098000000000e-01,1.774138446964601372e-03
4.994875746999999921e-01,1.774107275255016724e-03
4.995333867000000261e-01,1.773764431895271873e-03
4.995667018000000126e-01,1.773515143591050756e-03
4.995708661000000106e-01,1.773483985650138508e-03
4.995750303000000003e-01,1.773452828398368797e-03
4.995875227000000085e-01,1.773359360770839594e-03
4.996083425999999772e-01,1.773203595154875791e-03
4.996374890999999985e-01,1.772985552192620114e-03
4.996707973000000247e-01,1.772736401513396766e-03
4.996999402000000257e-01,1.772518430780230551e-03
4.997082663999999896e-01,1.772456159617860540e-03
4.997207553999999941e-01,1.772362758030926640e-03
4.997374070000000224e-01,1.772238232208520840e-03
4.997498953999999771e-01,1.772144845061477195e-03
4.997707086000000021e-01,1.771989213565190995e-03
4.997748711000000177e-01,1.771958089327543319e-03
4.997873585000000007e-01,1.771864720740671953e-03
4.998081702000000126e-01,1.771709120175772329e-03
4.998206566999999767e-01,1.771615768083380791e-03
4.998373050000000095e-01,1.771491308247393143e-03
4.998747615999999949e-01,1.771211313811273374e-03
4.998830848999999965e-01,1.771149100381861751e-03
4.999038925000000022e-01,1.770993578830291643e-03
4.999080538999999823e-01,1.770962476580372012e-03
4.999205380000000254e-01,1.770869173950835726e-03
4.999330217999999881e-01,1.770775877502933854e-03
4.999371830000000072e-01,1.770744780060064597e-03
4.999496662999999841e-01,1.770651491852203319e-03
4.999704711999999884e-01,1.770496025237431161e-03
4.999746319999999744e-01,1.770464933973687474e-03
4.999871144999999961e-01,1.770371664303646130e-03
