q,I
2.039995199999999811e-03,3.513247963093038637e-03
2.884988900000000096e-03,3.513238873834697434e-03
4.079990399999999622e-03,3.513220695464132088e-03
4.561568000000000220e-03,3.513211606351909679e-03
5.769977800000000191e-03,3.513184339307461393e-03
6.119985599999999866e-03,3.513175250390052334e-03
6.451031299999999968e-03,3.513166161521349105e-03
7.355307299999999833e-03,3.513138895207447519e-03
8.159980799999999243e-03,3.513111629331863283e-03
8.411115699999999196e-03,3.513102540804070948e-03
8.654966599999999385e-03,3.513093452324976204e-03
9.123135799999999504e-03,3.513075275512886429e-03
1.019997589999999989e-02,3.513029834334897156e-03
1.040197520000000000e-02,3.513020746245391814e-03
1.098571020000000016e-02,3.512993482269056132e-03
1.153995529999999985e-02,3.512966218730980555e-03
1.189511369999999950e-02,3.512948043282411621e-03
1.223997100000000053e-02,3.512929868028612668e-03
1.240880609999999926e-02,3.512920780474750038e-03
1.290206219999999980e-02,3.512893518105327309e-03
1.306234239999999949e-02,3.512884430746235527e-03
1.368470339999999959e-02,3.512848081796779692e-03
1.427996599999999984e-02,3.512811733626374725e-03
1.442494390000000071e-02,3.512802646705485369e-03
1.471061409999999993e-02,3.512784473009789889e-03
1.485138870000000076e-02,3.512775386234970321e-03
1.553614000000000037e-02,3.512729953091177620e-03
1.593287120000000043e-02,3.512702693789121998e-03
1.631996089999999955e-02,3.512675434925229337e-03
1.644696630000000090e-02,3.512666348734618232e-03
1.682223050000000025e-02,3.512639090454914518e-03
1.730993239999999850e-02,3.512602746763519163e-03
1.742972569999999902e-02,3.512593660962366054e-03
1.754870130000000042e-02,3.512584575209894058e-03
1.824627070000000087e-02,3.512530061717326381e-03
1.835995569999999966e-02,3.512520976305607417e-03
1.847294110000000100e-02,3.512511890942559157e-03
1.880782519999999944e-02,3.512484635145465914e-03
1.924527490000000132e-02,3.512448294764135455e-03
1.935309240000000069e-02,3.512439209790494017e-03
2.009162109999999835e-02,3.512375616337790572e-03
2.019492059999999922e-02,3.512366531753518661e-03
2.039995039999999843e-02,3.512348362730991717e-03
2.050169640000000168e-02,3.512339278292735817e-03
2.080394890000000080e-02,3.512312025269958508e-03
2.100303430000000082e-02,3.512293856831455278e-03
2.129817330000000064e-02,3.512266604538706420e-03
2.168544450000000137e-02,3.512230268829695783e-03
2.197141860000000058e-02,3.512203017558914158e-03
2.206591980000000008e-02,3.512193933899320549e-03
2.243994499999999934e-02,3.512157599747575947e-03
2.253248119999999924e-02,3.512148516331287280e-03
2.280783739999999934e-02,3.512121266374405165e-03
2.307990860000000075e-02,3.512094016855450088e-03
2.325952140000000015e-02,3.512075850752787581e-03
2.379022509999999951e-02,3.512021353612602027e-03
2.387752890000000017e-02,3.512012270926202599e-03
2.447993949999999891e-02,3.511948693483774291e-03
2.456479220000000116e-02,3.511939611186601275e-03
2.464935279999999965e-02,3.511930528938089421e-03
2.481760959999999849e-02,3.511912364587028816e-03
2.490131170000000130e-02,3.511903282484459248e-03
2.523334379999999863e-02,3.511866954560788692e-03
2.556106320000000112e-02,3.511830627415486392e-03
2.580412149999999905e-02,3.511803382567338892e-03
2.596489630000000173e-02,3.511785219578449514e-03
2.612468180000000056e-02,3.511767056784182231e-03
2.651993379999999928e-02,3.511721650649802465e-03
2.659827940000000085e-02,3.511712569568856655e-03
2.683194360000000153e-02,3.511685326617883848e-03
2.721692649999999866e-02,3.511639922672447987e-03
2.736940339999999888e-02,3.511621761434744176e-03
2.744532419999999931e-02,3.511612680888851271e-03
2.774693010000000085e-02,3.511576359191723434e-03
2.834051430000000121e-02,3.511503718132065553e-03
2.841384049999999897e-02,3.511494638218494967e-03
2.855992799999999832e-02,3.511476478537231462e-03
2.863269220000000045e-02,3.511467398769533340e-03
2.884988380000000005e-02,3.511440159758254589e-03
2.899377430000000047e-02,3.511422000660546425e-03
2.920828110000000047e-02,3.511394762378806499e-03
2.942122390000000143e-02,3.511367524534683964e-03
2.970277299999999829e-02,3.511331208090056385e-03
3.012016249999999867e-02,3.511276734881914677e-03
3.032670299999999999e-02,3.511249498934292893e-03
3.059992200000000162e-02,3.511213185018249860e-03
3.066784640000000048e-02,3.511204106660823811e-03
3.087072290000000135e-02,3.511176871880193878e-03
3.107227489999999856e-02,3.511149637537158783e-03
3.113916889999999993e-02,3.511140559520030402e-03
3.120591959999999970e-02,3.511131481551591372e-03
3.166923519999999964e-02,3.511067937133598247e-03
3.173487090000000344e-02,3.511058859554015699e-03
3.186573689999999681e-02,3.511040704540830618e-03
3.193096869999999948e-02,3.511031627107165636e-03
3.225514909999999819e-02,3.510986240668024800e-03
3.263991580000000226e-02,3.510931778545377160e-03
3.270360349999999749e-02,3.510922701695078866e-03
3.289392669999999935e-02,3.510895471435822226e-03
3.295712349999999763e-02,3.510886394779957377e-03
3.320870809999999784e-02,3.510850088642616072e-03
3.345840099999999873e-02,3.510813783282996405e-03
3.364445469999999966e-02,3.510786554773755695e-03
3.376792089999999802e-02,3.510768402677213237e-03
3.395227840000000080e-02,3.510741174896967083e-03
3.419654240000000178e-02,3.510704871870502786e-03
3.461985769999999935e-02,3.510641343445287509e-03
3.467990950000000155e-02,3.510632268150425984e-03
3.473985749999999872e-02,3.510623192904119803e-03
3.485944419999999905e-02,3.510605042557310516e-03
3.491908400000000301e-02,3.510595967456840803e-03
3.509739530000000052e-02,3.510568742446846125e-03
3.521576790000000012e-02,3.510550592683281228e-03
3.562697489999999689e-02,3.510487070041336082e-03
3.568533189999999883e-02,3.510477995572534697e-03
3.609118929999999975e-02,3.510414475651861110e-03
3.614879690000000201e-02,3.510405401571907533e-03
3.632107169999999885e-02,3.510378179623368459e-03
3.649253310000000194e-02,3.510350958112203480e-03
3.671990299999999818e-02,3.510314663444274834e-03
3.677652580000000115e-02,3.510305589898693717e-03
3.694587359999999820e-02,3.510278369553659298e-03
3.722640800000000250e-02,3.510233003283574123e-03
3.744932249999999990e-02,3.510196711141962741e-03
3.750484409999999685e-02,3.510187638228039544e-03
3.761564139999999667e-02,3.510169492545922934e-03
3.794609239999999911e-02,3.510115056665481185e-03
3.811024350000000172e-02,3.510087839381199806e-03
3.832801789999999709e-02,3.510051550348738079e-03
3.849054019999999937e-02,3.510024334084471068e-03
3.870617500000000238e-02,3.509988046412243316e-03
3.875989619999999775e-02,3.509978974615640332e-03
3.881354310000000030e-02,3.509969902867578380e-03
3.897404079999999826e-02,3.509942687914781399e-03
3.918701509999999999e-02,3.509906401991066873e-03
3.924007809999999902e-02,3.509897330631665379e-03
3.939883820000000120e-02,3.509870116844620355e-03
3.960952859999999909e-02,3.509833832475222400e-03
4.007953250000000078e-02,3.509752195485274333e-03
4.018323120000000248e-02,3.509734054466104834e-03
4.023498040000000192e-02,3.509724984029375001e-03
4.038983000000000156e-02,3.509697773010578715e-03
4.049273419999999818e-02,3.509679632574247247e-03
4.064660190000000256e-02,3.509652422284028316e-03
4.079988930000000291e-02,3.509625212430701226e-03
4.085085730000000137e-02,3.509616142576827639e-03
4.100338109999999980e-02,3.509588933306249676e-03
4.105409649999999799e-02,3.509579863646424859e-03
4.125633449999999841e-02,3.509543585493132226e-03
4.130673929999999910e-02,3.509534516076092368e-03
4.160788569999999964e-02,3.509480100594090934e-03
4.185718599999999762e-02,3.509434755694101557e-03
4.200605599999999995e-02,3.509407549336868940e-03
4.205556230000000173e-02,3.509398480648256383e-03
4.244953370000000004e-02,3.509325932886712962e-03
4.259633349999999985e-02,3.509298728277288407e-03
4.283988209999999713e-02,3.509253388232411869e-03
4.288842589999999899e-02,3.509244320369012474e-03
4.303372860000000133e-02,3.509217117070192321e-03
4.322670569999999962e-02,3.509180846684712123e-03
4.327481560000000227e-02,3.509171779209719049e-03
4.337087509999999757e-02,3.509153644405179490e-03
4.361009829999999698e-02,3.509108308243793269e-03
4.365778569999999997e-02,3.509099241156949343e-03
4.380053619999999676e-02,3.509072040188142109e-03
4.394282299999999891e-02,3.509044839656166436e-03
4.403742540000000344e-02,3.509026706210876395e-03
4.413182499999999953e-02,3.509008572959527138e-03
4.455414840000000015e-02,3.508926975731697148e-03
4.474056810000000273e-02,3.508890711558763052e-03
4.478705179999999814e-02,3.508881645636895228e-03
4.487987470000000256e-02,3.508863513938885893e-03
4.492621420000000171e-02,3.508854448162467693e-03
4.506494700000000103e-02,3.508827251124879091e-03
4.515719859999999669e-02,3.508809120008933666e-03
4.529522390000000065e-02,3.508781923699101028e-03
4.561565869999999884e-02,3.508718467341259521e-03
4.584316940000000146e-02,3.508673142826973686e-03
4.602436819999999873e-02,3.508636884089079162e-03
4.615980060000000190e-02,3.508609690544846338e-03
4.624986849999999927e-02,3.508591561758077695e-03
4.651902589999999671e-02,3.508537176562275591e-03
4.656373419999999819e-02,3.508528112532732605e-03
4.660839960000000282e-02,3.508519048551780959e-03
4.691986699999999705e-02,3.508455602043342864e-03
4.696419369999999677e-02,3.508446538450326994e-03
4.709692359999999994e-02,3.508419347962820050e-03
4.731731260000000133e-02,3.508374031453724475e-03
4.744905459999999853e-02,3.508346842130187059e-03
4.758043189999999756e-02,3.508319653243343293e-03
4.762414379999999753e-02,3.508310590378157980e-03
4.775503939999999753e-02,3.508283402073476137e-03
4.779859160000000246e-02,3.508274339402078952e-03
4.801576009999999894e-02,3.508229026773729796e-03
4.814559110000000280e-02,3.508201839778420702e-03
4.836120139999999790e-02,3.508156529090000232e-03
4.849010740000000291e-02,3.508129343259003274e-03
4.866145090000000006e-02,3.508093096163051802e-03
4.895985910000000274e-02,3.508029665612790327e-03
4.900234049999999814e-02,3.508020604299553254e-03
4.904478510000000180e-02,3.508011543034634735e-03
4.912956429999999763e-02,3.507993420650645441e-03
4.929868529999999888e-02,3.507957176464535608e-03
4.934087499999999932e-02,3.507948115539308038e-03
4.938302859999999656e-02,3.507939054662314454e-03
4.963519859999999950e-02,3.507884690420106245e-03
4.967710250000000050e-02,3.507875629882646184e-03
4.980260260000000244e-02,3.507848448561295789e-03
5.001106959999999935e-02,3.507803147329340877e-03
5.017721960000000314e-02,3.507766907216144057e-03
5.038413659999999711e-02,3.507721608165754405e-03
5.046666589999999897e-02,3.507703488885142041e-03
5.050787989999999672e-02,3.507694429317170792e-03
5.067240099999999886e-02,3.507658191531348810e-03
5.099985089999999749e-02,3.507585718286837691e-03
5.104063439999999979e-02,3.507576659349576770e-03
5.112210379999999887e-02,3.507558541619847092e-03
5.116278989999999832e-02,3.507549482828011510e-03
5.136573690000000025e-02,3.507504189595191373e-03
5.148712109999999814e-02,3.507477014236809812e-03
5.160821980000000059e-02,3.507449839315191723e-03
5.164852290000000040e-02,3.507440781104958615e-03
5.192976900000000062e-02,3.507377374989453442e-03
5.200984570000000140e-02,3.507359259392955723e-03
5.212973010000000046e-02,3.507332086361373939e-03
5.224933949999999855e-02,3.507304913766016129e-03
5.228914839999999897e-02,3.507295856331373550e-03
5.244808220000000271e-02,3.507259627076793253e-03
5.264607470000000344e-02,3.507214341598570428e-03
5.292201970000000311e-02,3.507150943964933675e-03
5.296132299999999765e-02,3.507141887354118647e-03
5.303984240000000211e-02,3.507123774277535761e-03
5.307905849999999814e-02,3.507114717812081454e-03
5.319653330000000124e-02,3.507087548705815471e-03
5.339175040000000011e-02,3.507042267831485868e-03
5.354741159999999722e-02,3.507006044004169678e-03
5.366386120000000287e-02,3.506978876642760992e-03
5.385738429999999827e-02,3.506933598675352620e-03
5.389600549999999657e-02,3.506924543227282406e-03
5.401170360000000226e-02,3.506897377174103721e-03
5.420398480000000047e-02,3.506852101387113521e-03
5.431902689999999756e-02,3.506824936496171375e-03
5.443382580000000193e-02,3.506797772041781933e-03
5.473877910000000263e-02,3.506725335627161079e-03
5.481475239999999971e-02,3.506707227007829168e-03
5.489062050000000081e-02,3.506689118582434136e-03
5.492851530000000121e-02,3.506680064442660710e-03
5.507983360000000272e-02,3.506643848367170177e-03
5.511759819999999949e-02,3.506634794469056307e-03
5.523073729999999903e-02,3.506607633066418858e-03
5.541878909999999742e-02,3.506562365030324070e-03
5.549383139999999881e-02,3.506544258154643389e-03
5.568099469999999995e-02,3.506498991813923778e-03
5.571835189999999743e-02,3.506489938690968058e-03
5.601631270000000107e-02,3.506417515451591520e-03
5.612764020000000215e-02,3.506390357535969435e-03
5.627573429999999793e-02,3.506354147659386175e-03
5.642343970000000125e-02,3.506317938558224743e-03
5.657075939999999664e-02,3.506281730231602164e-03
5.668099790000000193e-02,3.506254574495017411e-03
5.671769649999999774e-02,3.506245522679610812e-03
5.682764989999999905e-02,3.506218367524453761e-03
5.690083420000000003e-02,3.506200264329752646e-03
5.711982439999999800e-02,3.506145955907471242e-03
5.715624119999999919e-02,3.506136904672936799e-03
5.726535270000000094e-02,3.506109751260917933e-03
5.744674450000000071e-02,3.506064496541984755e-03
5.748295419999999850e-02,3.506055445743164710e-03
5.759144669999999994e-02,3.506028293638214447e-03
5.769973510000000333e-02,3.506001141968939552e-03
5.773578619999999995e-02,3.505992091509084040e-03
5.777181470000000013e-02,3.505983041097754816e-03
5.798751569999999883e-02,3.505928739647156192e-03
5.802338790000000079e-02,3.505919689575360057e-03
5.805923799999999912e-02,3.505910639551305247e-03
5.834524540000000231e-02,3.505838241102286409e-03
5.841652840000000069e-02,3.505820141974528258e-03
5.845213739999999963e-02,3.505811092482883501e-03
5.873623160000000093e-02,3.505738698294111767e-03
5.884241330000000020e-02,3.505711551271602916e-03
5.887776470000000151e-02,3.505702502361446142e-03
5.915981499999999754e-02,3.505630112818717507e-03
5.919497680000000012e-02,3.505621064344169313e-03
5.930033710000000291e-02,3.505593919209153229e-03
5.940551060000000272e-02,3.505566774510293897e-03
5.947552290000000103e-02,3.505548678286113731e-03
5.958038699999999854e-02,3.505521534312572643e-03
5.971991950000000299e-02,3.505485343026510433e-03
5.999801099999999693e-02,3.505412962775542735e-03
6.003268190000000254e-02,3.505403915462361117e-03
6.024028800000000294e-02,3.505349632596671712e-03
6.027481950000000005e-02,3.505340585621927272e-03
6.041274809999999662e-02,3.505304398206661540e-03
6.055036250000000314e-02,3.505268211564745943e-03
6.058471719999999894e-02,3.505259165025195484e-03
6.065336839999999757e-02,3.505241072091810905e-03
6.085885719999999804e-02,3.505186794452147710e-03
6.113176780000000032e-02,3.505114426975063958e-03
6.119980530000000002e-02,3.505096335589575739e-03
6.123379560000000166e-02,3.505087289969548419e-03
6.133565380000000067e-02,3.505060153399562964e-03
6.136956899999999882e-02,3.505051107972625979e-03
6.150504259999999696e-02,3.505014926749917565e-03
6.167396609999999807e-02,3.504969701308911258e-03
6.174140610000000001e-02,3.504951611472035839e-03
6.194328550000000044e-02,3.504897343120102950e-03
6.204397889999999777e-02,3.504870209597000554e-03
6.214450920000000322e-02,3.504843076509506737e-03
6.217798310000000050e-02,3.504834032243305756e-03
6.227829700000000329e-02,3.504806899736264726e-03
6.241179809999999883e-02,3.504770723737681698e-03
6.244512879999999933e-02,3.504761679858127595e-03
6.257827400000000317e-02,3.504725504826741809e-03
6.284371810000000114e-02,3.504653157084157249e-03
6.297602060000000168e-02,3.504616984373525729e-03
6.300905280000000663e-02,3.504607941316639948e-03
6.323979509999999582e-02,3.504544641273909036e-03
6.327268960000000109e-02,3.504535598603791997e-03
6.333842739999999416e-02,3.504517513409013182e-03
6.337127069999999585e-02,3.504508470883989715e-03
6.346969869999999347e-02,3.504481343599032302e-03
6.353523260000000505e-02,3.504463258984923547e-03
6.373143000000000558e-02,3.504409006301256822e-03
6.376407089999999722e-02,3.504399964357458961e-03
6.386189339999999437e-02,3.504372838813042852e-03
6.389446769999999887e-02,3.504363797062128028e-03
6.402459889999999321e-02,3.504327630540244373e-03
6.405709029999999415e-02,3.504318589030792647e-03
6.441341509999999604e-02,3.504219135617052134e-03
6.451025289999999524e-02,3.504192012973329599e-03
6.479989830000000561e-02,3.504110647653915257e-03
6.483200120000000288e-02,3.504101607304868637e-03
6.492821479999999479e-02,3.504074486546208955e-03
6.505627819999999784e-02,3.504038326212177614e-03
6.508825470000000057e-02,3.504029286249681595e-03
6.518409000000000009e-02,3.504002166652045447e-03
6.527978469999999589e-02,3.503975047489465370e-03
6.531165170000000075e-02,3.503966007864686618e-03
6.540715969999999491e-02,3.503938889282012022e-03
6.556603060000000538e-02,3.503893692610165513e-03
6.569285060000000509e-02,3.503857536141805843e-03
6.578780519999999354e-02,3.503830419298926187e-03
6.585103220000000646e-02,3.503812341645169866e-03
6.591419860000000130e-02,3.503794264184409337e-03
6.607185029999999848e-02,3.503749071379041145e-03
6.619770129999999475e-02,3.503712918003379882e-03
6.635467940000000509e-02,3.503667727371875210e-03
6.641736669999999398e-02,3.503649651458030055e-03
6.644868819999999454e-02,3.503640613573598753e-03
6.660507479999999703e-02,3.503595424874471516e-03
6.669873070000000015e-02,3.503568312235398868e-03
6.682340109999999889e-02,3.503532162726028139e-03
6.691675140000000188e-02,3.503505051100702303e-03
6.710306259999999912e-02,3.503450829156185952e-03
6.728885780000000427e-02,3.503396608950362558e-03
6.731977379999999622e-02,3.503387572418688138e-03
6.735067570000000114e-02,3.503378535934588076e-03
6.744329620000000247e-02,3.503351426774071846e-03
6.753578970000000126e-02,3.503324318047145412e-03
6.756659280000000545e-02,3.503315281901548880e-03
6.759738179999999486e-02,3.503306245805186403e-03
6.781251330000000188e-02,3.503242994476981828e-03
6.790450389999999614e-02,3.503215887489185502e-03
6.793513980000000230e-02,3.503206851923173961e-03
6.808811230000000325e-02,3.503161674819529978e-03
6.817973099999999342e-02,3.503134569135197933e-03
6.839303080000000423e-02,3.503071324232094694e-03
6.842344790000000343e-02,3.503062289438927616e-03
6.854498139999999629e-02,3.503026150748855035e-03
6.857533120000000593e-02,3.503017116197619431e-03
6.881764710000000396e-02,3.502944841523746543e-03
6.902897569999999483e-02,3.502881603718196752e-03
6.923965930000000601e-02,3.502818368278790701e-03
6.926970470000000379e-02,3.502809334838849313e-03
6.929973700000000014e-02,3.502800301445116189e-03
6.935976259999999949e-02,3.502782234805236310e-03
6.938975599999999688e-02,3.502773201557635857e-03
6.947965829999999676e-02,3.502746102103469067e-03
6.962923760000000462e-02,3.502700937312744865e-03
6.971883119999999767e-02,3.502673839017614484e-03
6.977849630000000636e-02,3.502655773728687374e-03
6.983811040000000026e-02,3.502637708633812071e-03
7.010574679999999337e-02,3.502556418093350291e-03
7.019473210000000407e-02,3.502529322114343330e-03
7.025399309999999509e-02,3.502511258370861417e-03
7.034279089999999346e-02,3.502484163117190047e-03
7.043147669999999527e-02,3.502457068298371785e-03
7.046101389999999409e-02,3.502448036787971127e-03
7.069686679999999390e-02,3.502375786445621145e-03
7.072629310000000391e-02,3.502366755370338140e-03
7.081449859999999763e-02,3.502339662433783755e-03
7.096126429999999319e-02,3.502294508504570029e-03
7.104917809999999889e-02,3.502267416725118702e-03
7.116622760000000658e-02,3.502231295029771627e-03
7.125388859999999547e-02,3.502204204265136570e-03
7.137060239999999667e-02,3.502168083920070493e-03
7.139975099999999741e-02,3.502159053954821428e-03
7.142888779999999327e-02,3.502150024038528861e-03
7.151622679999999899e-02,3.502122934576417431e-03
7.163251310000000316e-02,3.502086815968592347e-03
7.166155520000000445e-02,3.502077786437995163e-03
7.174861100000000380e-02,3.502050698133715809e-03
7.186452140000000599e-02,3.502014581070345394e-03
7.209578290000000222e-02,3.501942349260019419e-03
7.212463850000000454e-02,3.501933320501014659e-03
7.218231499999999690e-02,3.501915263126748230e-03
7.229752999999999874e-02,3.501879148959742387e-03
7.235506869999999702e-02,3.501861092164524052e-03
7.244129109999999927e-02,3.501834007334942225e-03
7.264207849999999855e-02,3.501770811086025569e-03
7.281374140000000661e-02,3.501716644756062112e-03
7.289942130000000298e-02,3.501689562241407181e-03
7.298500049999999406e-02,3.501662480160682052e-03
7.304199769999999980e-02,3.501644425681329532e-03
7.312741009999999819e-02,3.501617344325092147e-03
7.324113840000000264e-02,3.501581236525580943e-03
7.343973900000000388e-02,3.501518049732438992e-03
7.346806670000000095e-02,3.501509023240592048e-03
7.355298439999999327e-02,3.501481944053793337e-03
7.358126850000000496e-02,3.501472917753916964e-03
7.369429630000000342e-02,3.501436813041324068e-03
7.372252619999999923e-02,3.501427786984013212e-03
7.389167900000000178e-02,3.501373631650457532e-03
7.391983359999999836e-02,3.501364605929015161e-03
7.394797729999999514e-02,3.501355580257450428e-03
7.414468470000000477e-02,3.501292401904889176e-03
7.417274320000000198e-02,3.501283376617514084e-03
7.425685499999999661e-02,3.501256301048774350e-03
7.445274629999999727e-02,3.501193126409231273e-03
7.470385179999999847e-02,3.501111905342094155e-03
7.481518369999999585e-02,3.501075808345133211e-03
7.484299079999999493e-02,3.501066784216299264e-03
7.489857399999999554e-02,3.501048736102364920e-03
7.500961690000000626e-02,3.501012640454619421e-03
7.506507669999999688e-02,3.500994592919345026e-03
7.523121089999999789e-02,3.500940451473137649e-03
7.525886430000000571e-02,3.500931428066933557e-03
7.547972660000000500e-02,3.500859242557381561e-03
7.550728900000000521e-02,3.500850219585091658e-03
7.558991580000000432e-02,3.500823150959485059e-03
7.569994450000000485e-02,3.500787060131976217e-03
7.572742679999999726e-02,3.500778037545524812e-03
7.580981359999999780e-02,3.500750970075534613e-03
7.589211099999999821e-02,3.500723903039065690e-03
7.591952370000000505e-02,3.500714880791165953e-03
7.616579349999999526e-02,3.500633682720638226e-03
7.622041209999999567e-02,3.500615639235051500e-03
7.638403350000000369e-02,3.500561509933898616e-03
7.646571289999999632e-02,3.500534445935103538e-03
7.657448329999999581e-02,3.500498361276449186e-03
7.665595969999999815e-02,3.500471298289804106e-03
7.668309930000000163e-02,3.500462277390180461e-03
7.679156169999999670e-02,3.500426194274548330e-03
7.681865340000000597e-02,3.500417173617081240e-03
7.689987119999999732e-02,3.500390111930149102e-03
7.698100330000000324e-02,3.500363050676904338e-03
7.711603370000000290e-02,3.500317949552664547e-03
7.722388809999999881e-02,3.500281869522339599e-03
7.741227159999999885e-02,3.500218731321177047e-03
7.751971380000000078e-02,3.500182653410002440e-03
7.754655109999999962e-02,3.500173634051437742e-03
7.762700729999999494e-02,3.500146576268932733e-03
7.768059839999999494e-02,3.500128537986443508e-03
7.776091590000000497e-02,3.500101480926525420e-03
7.789459440000000290e-02,3.500056386786547756e-03
7.794800159999999700e-02,3.500038349469566153e-03
7.808135970000000536e-02,3.499993257017372950e-03
7.810800410000000304e-02,3.499984238670802994e-03
7.818788249999999995e-02,3.499957183923886259e-03
7.837394890000000391e-02,3.499894057861340207e-03
7.848007460000000490e-02,3.499857986887472232e-03
7.850658350000000452e-02,3.499848969263676980e-03
7.871833409999999531e-02,3.499776830010248047e-03
7.874476290000000100e-02,3.499767812820750359e-03
7.879759379999999591e-02,3.499749778585741801e-03
7.882399599999999340e-02,3.499740761541043649e-03
7.921897310000000636e-02,3.499605511638057258e-03
7.935019529999999544e-02,3.499560430744836585e-03
7.937641369999999530e-02,3.499551414710838637e-03
7.945501689999999451e-02,3.499524366896816698e-03
7.955970049999999683e-02,3.499488303820857613e-03
7.958584990000000525e-02,3.499479288172711172e-03
7.966424649999999386e-02,3.499452241513986879e-03
7.979473639999999646e-02,3.499407164713845379e-03
7.997706450000000022e-02,3.499344059215705842e-03
8.000307750000000551e-02,3.499335044337395419e-03
8.015897800000000573e-02,3.499280956077424273e-03
8.021087740000000521e-02,3.499262927042825697e-03
8.028866380000000691e-02,3.499235883850068500e-03
8.036637480000000111e-02,3.499208841092164412e-03
8.039226180000000332e-02,3.499199826934920859e-03
8.046987279999999465e-02,3.499172784754761220e-03
8.049572650000000329e-02,3.499163770792463289e-03
8.070225790000000454e-02,3.499091660813638798e-03
8.077957099999999446e-02,3.499064620364496399e-03
8.083107209999999820e-02,3.499046593641200447e-03
8.090826210000000296e-02,3.499019553914862243e-03
8.098537860000000477e-02,3.498992514622138988e-03
8.121628870000000000e-02,3.498911399345326287e-03
8.124190489999999487e-02,3.498902386776176973e-03
8.129311300000000018e-02,3.498884361785655102e-03
8.144654410000000400e-02,3.498830287965041651e-03
8.152315139999999349e-02,3.498803251703837876e-03
8.159968680000000141e-02,3.498776215876985875e-03
8.162518259999999859e-02,3.498767204032288743e-03
8.165067049999999438e-02,3.498758192233750869e-03
8.170162240000000686e-02,3.498740168782410974e-03
8.182886339999999314e-02,3.498695110995013544e-03
8.193051390000000156e-02,3.498659065630347828e-03
8.200666909999999865e-02,3.498632032113600191e-03
8.205739989999999429e-02,3.498614010006939872e-03
8.210809939999999529e-02,3.498595988095508369e-03
8.213343739999999504e-02,3.498586977212695022e-03
8.223471150000000174e-02,3.498550934157594171e-03
8.233586090000000191e-02,3.498514891872075636e-03
8.251257400000000519e-02,3.498451819728854752e-03
8.253778790000000642e-02,3.498442809612510758e-03
8.261338329999999563e-02,3.498415779559856716e-03
8.266374179999999572e-02,3.498397759765604909e-03
8.283975550000000077e-02,3.498334691997158439e-03
8.304045720000000075e-02,3.498262617434086744e-03
8.306551080000000586e-02,3.498253608330484724e-03
8.321567409999999776e-02,3.498199554718480365e-03
8.324067490000000569e-02,3.498190545950013910e-03
8.326566829999999808e-02,3.498181537230492244e-03
8.334060340000000455e-02,3.498154511362647386e-03
8.363967260000000625e-02,3.498046412217513477e-03
8.366454680000000310e-02,3.498037404267375933e-03
8.371427300000000571e-02,3.498019388510710363e-03
8.373912499999999759e-02,3.498010380706952256e-03
8.386327459999999567e-02,3.497965342401784025e-03
8.393767620000000540e-02,3.497938319995314450e-03
8.401201190000000263e-02,3.497911298021801497e-03
8.403677589999999920e-02,3.497902290795501176e-03
8.411102400000000645e-02,3.497875269397829681e-03
8.425932399999999656e-02,3.497821227905192898e-03
8.433337620000000423e-02,3.497794207805147472e-03
8.445665230000000412e-02,3.497749175269962690e-03
8.453053160000000010e-02,3.497722156327931920e-03
8.462893709999999570e-02,3.497686131742394188e-03
8.484993209999999730e-02,3.497605079237142006e-03
8.489896399999999343e-02,3.497587068096762088e-03
8.492346929999999849e-02,3.497578062600362712e-03
8.502141990000000593e-02,3.497542041091051754e-03
8.511925789999999492e-02,3.497506020350830015e-03
8.519256259999999359e-02,3.497479005302953341e-03
8.521698349999999589e-02,3.497470000381682452e-03
8.524139740000000187e-02,3.497460995509597912e-03
8.541209930000000228e-02,3.497397962746932269e-03
8.543645739999999877e-02,3.497388958259401229e-03
8.563107309999999639e-02,3.497316924088594153e-03
8.567965800000000576e-02,3.497298916026583826e-03
8.570394000000000623e-02,3.497289912065909123e-03
8.577674509999999586e-02,3.497262900477247569e-03
8.580099970000000520e-02,3.497253896709625037e-03
8.589794970000000363e-02,3.497217882123971472e-03
8.599479040000000685e-02,3.497181868304282456e-03
8.606734940000000667e-02,3.497154858445433809e-03
8.609152209999999805e-02,3.497145855254705279e-03
8.628466029999999620e-02,3.497073831464269245e-03
8.645330230000000671e-02,3.497010813168027320e-03
8.654952159999999839e-02,3.496974803770737817e-03
8.657355969999999679e-02,3.496965801540003090e-03
8.659759109999999593e-02,3.496956799359603966e-03
8.666964550000000322e-02,3.496929793104405684e-03
8.674163999999999486e-02,3.496902787280573716e-03
8.678960310000000122e-02,3.496884783640039161e-03
8.686149819999999799e-02,3.496857778539687496e-03
8.698119120000000204e-02,3.496812770994363155e-03
8.714848529999999482e-02,3.496749762453981846e-03
8.722008450000000301e-02,3.496722759515021473e-03
8.731545890000000365e-02,3.496686756264790093e-03
8.760095880000000335e-02,3.496578751134013247e-03
8.762470840000000094e-02,3.496569751019575241e-03
8.771964279999999725e-02,3.496533751039514453e-03
8.774336039999999781e-02,3.496524751162938260e-03
8.781447459999999761e-02,3.496497751825439031e-03
8.788553120000000551e-02,3.496470752919827400e-03
8.793287040000000165e-02,3.496452753891298500e-03
8.800383150000000432e-02,3.496425755703164162e-03
8.807473540000000656e-02,3.496398757953215770e-03
8.809835729999999920e-02,3.496389758797323940e-03
8.826353389999999632e-02,3.496326766057075534e-03
8.828710539999999607e-02,3.496317767286068103e-03
8.831067049999999363e-02,3.496308768566569383e-03
8.838132819999999779e-02,3.496281772685766454e-03
8.849896570000000129e-02,3.496236780512507279e-03
8.856947319999999846e-02,3.496209785785719601e-03
8.866339600000000543e-02,3.496173793488280713e-03
8.887435929999999706e-02,3.496092813628347978e-03
8.894456929999999817e-02,3.496065821204309438e-03
8.906146280000000470e-02,3.496020834795522496e-03
8.910817729999999381e-02,3.496002840567889822e-03
8.922485650000000490e-02,3.495957855838265765e-03
8.941122649999999616e-02,3.495885882764131116e-03
8.943449539999999420e-02,3.495876886345321548e-03
8.948101510000000536e-02,3.495858893654199811e-03
8.957398210000000471e-02,3.495822908846549660e-03
8.962042940000000679e-02,3.495804916731324458e-03
8.969005530000000170e-02,3.495777928918472350e-03
8.975962719999999728e-02,3.495750941537876903e-03
8.978280580000000399e-02,3.495741945839092937e-03
8.985230589999999851e-02,3.495714959032414273e-03
8.996801999999999577e-02,3.495669981982954012e-03
9.006048429999999327e-02,3.495634001208041547e-03
9.012977020000000061e-02,3.495607016130726063e-03
9.017593120000000351e-02,3.495589026315400281e-03
9.031427279999999780e-02,3.495535058033484403e-03
9.033730919999999331e-02,3.495526063487612405e-03
9.036033960000000587e-02,3.495517068988145126e-03
9.054437240000000331e-02,3.495445114732620342e-03
9.059032220000000357e-02,3.495427126647865541e-03
9.061328829999999723e-02,3.495418132676535693e-03
9.088842950000000642e-02,3.495310208778164198e-03
9.097995829999999673e-02,3.495274235679945215e-03
9.107139520000000210e-02,3.495238263351679777e-03
9.109424000000000687e-02,3.495229270386822178e-03
9.116274030000000306e-02,3.495202291786661444e-03
9.123118909999999859e-02,3.495175313620995598e-03
9.134515649999999654e-02,3.495130350966298930e-03
9.143622810000000267e-02,3.495094381705625679e-03
9.161809969999999692e-02,3.495022445492558614e-03
9.164080830000000122e-02,3.495013453680822016e-03
9.168620859999999928e-02,3.494995470201170840e-03
9.179961109999999758e-02,3.494950512344726246e-03
9.182227469999999780e-02,3.494941520919707650e-03
9.189023229999999931e-02,3.494914546925337057e-03
9.200338330000000509e-02,3.494869591227300898e-03
9.204860469999999462e-02,3.494851609283142809e-03
9.216156120000000562e-02,3.494806655263170154e-03
9.218413590000000546e-02,3.494797664602282937e-03
9.225182690000000019e-02,3.494770692910032211e-03
9.231946820000000442e-02,3.494743721647963416e-03
9.236453490000000321e-02,3.494725741049040449e-03
9.243209369999999536e-02,3.494698770508388504e-03
9.249960320000000236e-02,3.494671800396843397e-03
9.252209549999999838e-02,3.494662810459426075e-03
9.261200969999999755e-02,3.494626851177239611e-03
9.272427989999999787e-02,3.494581903149030899e-03
9.279157679999999742e-02,3.494554934910247719e-03
9.290363000000000093e-02,3.494509988806326125e-03
9.303791570000000122e-02,3.494456055059457378e-03
9.306027779999999361e-02,3.494447066269613846e-03
9.312733189999999883e-02,3.494420100187669177e-03
9.321666239999999715e-02,3.494384146084339622e-03
9.323898160000000657e-02,3.494375157679852767e-03
9.341734349999999965e-02,3.494303252153517936e-03
9.343961480000000097e-02,3.494294264178357794e-03
9.359536559999999394e-02,3.494231349700229698e-03
9.361759449999999816e-02,3.494222362109943979e-03
9.377304960000000522e-02,3.494159450310325640e-03
9.383959440000000374e-02,3.494132488835434858e-03
9.386176549999999952e-02,3.494123501769408162e-03
9.392824739999999784e-02,3.494096540865638222e-03
9.397254260000000026e-02,3.494078567168365946e-03
9.403894620000000093e-02,3.494051606984320633e-03
9.412741149999999390e-02,3.494015660740647580e-03
9.419370589999999377e-02,3.493988701564637069e-03
9.430409309999999989e-02,3.493943770555709739e-03
9.432615499999999487e-02,3.493934784500516821e-03
9.439230989999999877e-02,3.493907826617992894e-03
9.450246499999999383e-02,3.493862897766992614e-03
9.463448200000000587e-02,3.493808984731900345e-03
9.465646689999999974e-02,3.493799999389568620e-03
9.483216279999999443e-02,3.493728118409469060e-03
9.489796490000000639e-02,3.493701163830628415e-03
9.491988880000000461e-02,3.493692179068154467e-03
9.500753380000000192e-02,3.493656240494246411e-03
9.509509800000000290e-02,3.493620302684264170e-03
9.516071830000000231e-02,3.493593349831070061e-03
9.520444000000000129e-02,3.493575381501042628e-03
9.524814160000000252e-02,3.493557413365700609e-03
9.537912649999999437e-02,3.493503510101584469e-03
9.550993169999999477e-02,3.493449608566801153e-03
9.555349359999999737e-02,3.493431641771491385e-03
9.559703569999999928e-02,3.493413675164059543e-03
9.561879930000000138e-02,3.493404691935976698e-03
9.579273010000000088e-02,3.493332827817673385e-03
9.587957719999999628e-02,3.493296896911554910e-03
9.590127669999999604e-02,3.493287914301418298e-03
9.596634569999999698e-02,3.493260966768811475e-03
9.603137069999999331e-02,3.493234019663989196e-03
9.607469620000000377e-02,3.493216055168166419e-03
9.613964780000000543e-02,3.493189108781072100e-03
9.622618180000000465e-02,3.493153180936963472e-03
9.629103129999999622e-02,3.493126235554873393e-03
9.642059930000000667e-02,3.493072346092534249e-03
9.648531809999999487e-02,3.493045402005085648e-03
9.665768969999999349e-02,3.492973553212866487e-03
9.672224980000000694e-02,3.492946610705800412e-03
9.674376029999999516e-02,3.492937629965597261e-03
9.676526600000000256e-02,3.492928649274650282e-03
9.691567219999999705e-02,3.492865785771711532e-03
9.693713980000000230e-02,3.492856805466896218e-03
9.698006060000000095e-02,3.492838844991733114e-03
9.717296979999999473e-02,3.492758025227032156e-03
9.725858440000000049e-02,3.492722106582015970e-03
9.732274600000000164e-02,3.492695168094230897e-03
9.742958790000000313e-02,3.492650271580223943e-03
9.751497720000000535e-02,3.492614355228037745e-03
9.762160879999999541e-02,3.492569460867372098e-03
9.768553189999999720e-02,3.492542524823092926e-03
9.777069770000000604e-02,3.492506610770731990e-03
9.791955950000000297e-02,3.492443763023100889e-03
9.794080700000000472e-02,3.492434784962218045e-03
9.796204990000000057e-02,3.492425806949763911e-03
9.800452190000000230e-02,3.492407851075976944e-03
9.802575099999999431e-02,3.492398873208056066e-03
9.808941070000000428e-02,3.492371939891978673e-03
9.811062140000000042e-02,3.492362962219020331e-03
9.813182759999999893e-02,3.492353984587646346e-03
9.825896829999999915e-02,3.492300119827093825e-03
9.844937149999999360e-02,3.492219325915531507e-03
9.847050470000000277e-02,3.492210349052828674e-03
9.853387700000000582e-02,3.492183418753473569e-03
9.859720869999999415e-02,3.492156488885772309e-03
9.868158759999999530e-02,3.492120583065635737e-03
9.870267110000000010e-02,3.492111606730331774e-03
9.876589439999999831e-02,3.492084678007391450e-03
9.887117689999999626e-02,3.492039797767420000e-03
9.895532220000000101e-02,3.492003894436437710e-03
9.903939609999999616e-02,3.491967991865848036e-03
9.914438809999999436e-02,3.491923114732997917e-03
9.927023199999999992e-02,3.491869263757563843e-03
9.935403930000000217e-02,3.491833364059674510e-03
9.945869920000000031e-02,3.491788490514509229e-03
9.947961800000000576e-02,3.491779515949947673e-03
9.954234789999999444e-02,3.491752592538309094e-03
9.960503830000000391e-02,3.491725669560704834e-03
9.962592630000000060e-02,3.491716695332041254e-03
9.964681000000000233e-02,3.491707721149769818e-03
9.970943470000000197e-02,3.491680798887661363e-03
9.979287320000000683e-02,3.491644903208664021e-03
9.995954120000000165e-02,3.491573114154395557e-03
9.998035519999999565e-02,3.491564140737195721e-03
1.000219702000000044e-01,3.491546194045426314e-03
1.000427710999999970e-01,3.491537220770195814e-03
1.001467112000000020e-01,3.491492355119016778e-03
1.002920464000000011e-01,3.491429545218504779e-03
1.003542684999999962e-01,3.491402627402692953e-03
1.003750006000000000e-01,3.491393654892544895e-03
1.004578862999999933e-01,3.491357765339417763e-03
1.004785970000000028e-01,3.491348793072577249e-03
1.006441294999999986e-01,3.491277016637682647e-03
1.007061340000000027e-01,3.491250101265824714e-03
1.007681004000000047e-01,3.491223186319501390e-03
1.007887474000000033e-01,3.491214214765892433e-03
1.009331579999999950e-01,3.491151415244278262e-03
1.009743802999999995e-01,3.491133472952130581e-03
1.010155856999999935e-01,3.491115530848596781e-03
1.011391013000000061e-01,3.491061705696248130e-03
1.012830123999999971e-01,3.490998911863311353e-03
1.013035545000000037e-01,3.490989941506134238e-03
1.013446261000000015e-01,3.490972000933862968e-03
1.014472322999999954e-01,3.490927150349620346e-03
1.014677410999999946e-01,3.490918180372405352e-03
1.015292426999999942e-01,3.490891270737999166e-03
1.016316624999999974e-01,3.490846422300537561e-03
1.018566236999999958e-01,3.490747759943575289e-03
1.019587146000000000e-01,3.490702915332888085e-03
1.019995224000000006e-01,3.490684977821774913e-03
1.020199202000000027e-01,3.490676009140600451e-03
1.020810889999999999e-01,3.490649103376847195e-03
1.021829558000000027e-01,3.490604261390651327e-03
1.022440270999999956e-01,3.490577356771182825e-03
1.023253987999999948e-01,3.490541484620049168e-03
1.024270225000000062e-01,3.490496645498760830e-03
1.024473352000000032e-01,3.490487677821619596e-03
1.025082489999999957e-01,3.490460775067901270e-03
1.025894110999999997e-01,3.490424905400903773e-03
1.026705091000000014e-01,3.490389036494387798e-03
1.027312905999999970e-01,3.490362135322111481e-03
1.029134196000000001e-01,3.490281434369975344e-03
1.029740576000000019e-01,3.490254534912042971e-03
1.029942623999999946e-01,3.490245568527073402e-03
1.030952267999999949e-01,3.490200737290847892e-03
1.031557580000000002e-01,3.490173839125155705e-03
1.032162536999999963e-01,3.490146941390234823e-03
1.032364110999999945e-01,3.490137975570713983e-03
1.032968595999999989e-01,3.490111078412459853e-03
1.034176504999999996e-01,3.490057285374706473e-03
1.035784859999999974e-01,3.489985563998984804e-03
1.036387349999999957e-01,3.489958669274260180e-03
1.038593488000000009e-01,3.489860058951404533e-03
1.038793813000000038e-01,3.489851094667329942e-03
1.038994099999999976e-01,3.489842130423267182e-03
1.039594729999999967e-01,3.489815237994000653e-03
1.040195012999999974e-01,3.489788345987965019e-03
1.040395030000000054e-01,3.489779382082889344e-03
1.040595009000000043e-01,3.489770418227801894e-03
1.041194715000000048e-01,3.489743526937247320e-03
1.041993786000000033e-01,3.489707672555078782e-03
1.042193458000000017e-01,3.489698709079228339e-03
1.042592687999999990e-01,3.489680782268703152e-03
1.043590092999999996e-01,3.489635966087378544e-03
1.044387331999999946e-01,3.489600113997046865e-03
1.044984860999999959e-01,3.489573225426243798e-03
1.045383024999999994e-01,3.489555299959769784e-03
1.045781035999999997e-01,3.489537374677359905e-03
1.046775404000000048e-01,3.489492562308694253e-03
1.047570218000000025e-01,3.489456713280559338e-03
1.048562888999999970e-01,3.489411903057370191e-03
1.048959693999999970e-01,3.489393979309458969e-03
1.049158040000000014e-01,3.489385017501771095e-03
1.050149209999999972e-01,3.489340209195483915e-03
1.051535277999999934e-01,3.489277479570712399e-03
1.052919521000000025e-01,3.489214752280753781e-03
1.053117120999999962e-01,3.489205791432868457e-03
1.053907153000000069e-01,3.489169948510336978e-03
1.055485441999999968e-01,3.489098264954321443e-03
1.056470674999999970e-01,3.489053464290654740e-03
1.057848460000000018e-01,3.488990745352014023e-03
1.058045140000000023e-01,3.488981785697770673e-03
1.058438389999999951e-01,3.488963866527330666e-03
1.058634960999999958e-01,3.488954907014511515e-03
1.059224453000000010e-01,3.488928028762770025e-03
1.060206211000000037e-01,3.488883232626065894e-03
1.060794830000000022e-01,3.488856355518273056e-03
1.060990963999999953e-01,3.488847396576595563e-03
1.061579148000000028e-01,3.488820520043987156e-03
1.062558730999999951e-01,3.488775726771882642e-03
1.063928632000000069e-01,3.488713018192320103e-03
1.064319707999999975e-01,3.488695101887354880e-03
1.064906052999999991e-01,3.488668227782432997e-03
1.065687344999999980e-01,3.488632396317782602e-03
1.067443161000000001e-01,3.488551778300240120e-03
1.067832950000000003e-01,3.488533863712791217e-03
1.068027790999999949e-01,3.488524906488516854e-03
1.068806801000000001e-01,3.488489078076197417e-03
1.069001465000000012e-01,3.488480121087313753e-03
1.069585242999999963e-01,3.488453250421037939e-03
1.070363119999999946e-01,3.488417423538865605e-03
1.070557500000000051e-01,3.488408466930890788e-03
1.070946155999999982e-01,3.488390553869393125e-03
1.072111278000000001e-01,3.488336815828529166e-03
1.073275134000000047e-01,3.488283079506074909e-03
1.073662806000000025e-01,3.488265167775633172e-03
1.075018556999999958e-01,3.488202478232630722e-03
1.076565896000000050e-01,3.488130835907966420e-03
1.077145573999999939e-01,3.488103970819085055e-03
1.077338731000000022e-01,3.488095015888615594e-03
1.077917994999999934e-01,3.488068151372183436e-03
1.078882741999999950e-01,3.488023378139888577e-03
1.079653919999999934e-01,3.487987560407981424e-03
1.080231942000000056e-01,3.487960697613709873e-03
1.081194624000000049e-01,3.487915927236128876e-03
1.081387057999999984e-01,3.487906973304952512e-03
1.081964153999999956e-01,3.487880111795144816e-03
1.082733136999999984e-01,3.487844297113095338e-03
1.082925297000000009e-01,3.487835343570169604e-03
1.084077544000000004e-01,3.487781623266239962e-03
1.084269466000000043e-01,3.487772670049751455e-03
1.084461354000000044e-01,3.487763716881554614e-03
1.085803620999999941e-01,3.487701046031601877e-03
1.085995238000000002e-01,3.487692093245987456e-03
1.086378370999999954e-01,3.487674187810123425e-03
1.086569886000000040e-01,3.487665235164828618e-03
1.087526959000000015e-01,3.487620472660987476e-03
1.088100798000000008e-01,3.487593615729589046e-03
1.088674334999999993e-01,3.487566759228023436e-03
1.089629559000000053e-01,3.487521999336845417e-03
1.090393136000000068e-01,3.487486192291494071e-03
1.090583945999999971e-01,3.487477240650100653e-03
1.091156177999999949e-01,3.487450386003060256e-03
1.092109230999999958e-01,3.487405629213092065e-03
1.093442109999999967e-01,3.487342971716665511e-03
1.094773366000000026e-01,3.487280316550518157e-03
1.095723272999999942e-01,3.487235564291542734e-03
1.096292821999999972e-01,3.487208713505143311e-03
1.096672357000000042e-01,3.487190813225182328e-03
1.097810174999999944e-01,3.487137113512760785e-03
1.097999696000000053e-01,3.487128163728924878e-03
1.098568065000000010e-01,3.487101314664091053e-03
1.099703920999999945e-01,3.487047617811044140e-03
1.100271409999999950e-01,3.487020770036584807e-03
1.101594412999999939e-01,3.486958126882312020e-03
1.101783283000000030e-01,3.486949178050647181e-03
1.102349700999999960e-01,3.486922331837790257e-03
1.103293085000000007e-01,3.486877589109638881e-03
1.104047211000000056e-01,3.486841795783768381e-03
1.104235662999999978e-01,3.486832847572436320e-03
1.104612467999999958e-01,3.486814951293747307e-03
1.105742115999999997e-01,3.486761263585802604e-03
1.106306506999999995e-01,3.486734420383007065e-03
1.108373482000000049e-01,3.486635998958779493e-03
1.108561197000000054e-01,3.486627051841022749e-03
1.109311741999999962e-01,3.486591263845829555e-03
1.109874317999999943e-01,3.486564423355244680e-03
1.110249209999999986e-01,3.486546529933385891e-03
1.110811310999999940e-01,3.486519690154667346e-03
1.111560337000000037e-01,3.486483904447128159e-03
1.113056877000000028e-01,3.486412335327565993e-03
1.113243802999999976e-01,3.486403389406742426e-03
1.113617560000000062e-01,3.486385497696374396e-03
1.114364699999999958e-01,3.486349714849018653e-03
1.114738081999999963e-01,3.486331823708890224e-03
1.115297920000000026e-01,3.486304987359221258e-03
1.116043934999999959e-01,3.486269206230995128e-03
1.116789450999999961e-01,3.486233425865075449e-03
1.117534470000000058e-01,3.486197646254071431e-03
1.118278993000000054e-01,3.486161867406873532e-03
1.120323877999999940e-01,3.486063479509236319e-03
1.121994194000000000e-01,3.485982984603344485e-03
1.122179632000000066e-01,3.485974040965646430e-03
1.122550414000000052e-01,3.485956153827440927e-03
1.122735759000000055e-01,3.485947210330781094e-03
1.123476835000000035e-01,3.485911436813247857e-03
1.123662027999999952e-01,3.485902493559042952e-03
1.124217421999999938e-01,3.485875664066316517e-03
1.124957521999999932e-01,3.485839892077164433e-03
1.125142469999999978e-01,3.485830949192827294e-03
1.125512277000000061e-01,3.485813063575540598e-03
1.126436261999999994e-01,3.485768350373560660e-03
1.126620968000000000e-01,3.485759407878312888e-03
1.128466364999999999e-01,3.485669985518564593e-03
1.128650739000000014e-01,3.485661043549128420e-03
1.129387933000000066e-01,3.485625276125374743e-03
1.131044863999999955e-01,3.485544802211191281e-03
1.131412740999999944e-01,3.485526919642037511e-03
1.131596634999999934e-01,3.485517978427832286e-03
1.133066709999999977e-01,3.485446450442709725e-03
1.133617497000000002e-01,3.485419628228568576e-03
1.133801033000000069e-01,3.485410687593038046e-03
1.134351462999999977e-01,3.485383865945623251e-03
1.135451522999999935e-01,3.485330223956688289e-03
1.136550518000000037e-01,3.485276583674181729e-03
1.136916614000000048e-01,3.485258703964227382e-03
1.137465535999999944e-01,3.485231884744585413e-03
1.138014194000000062e-01,3.485205065965290422e-03
1.138379818999999959e-01,3.485187187007105815e-03
1.139658583000000003e-01,3.485124612173102175e-03
1.140388660999999970e-01,3.485088856176024510e-03
1.141300601999999942e-01,3.485044162244758936e-03
1.141847416999999948e-01,3.485017346456767331e-03
1.142393970000000064e-01,3.484990531103621027e-03
1.142576096000000041e-01,3.484981592745559943e-03
1.143122300999999952e-01,3.484954777952736695e-03
1.143304311000000045e-01,3.484945839786616258e-03
1.144032063000000043e-01,3.484910087588466779e-03
1.144213927999999936e-01,3.484901149662406050e-03
1.145304515000000051e-01,3.484847523082868805e-03
1.146938450999999970e-01,3.484767086417678728e-03
1.148388887000000025e-01,3.484695590400779808e-03
1.148570062999999947e-01,3.484686653607984869e-03
1.148932327999999947e-01,3.484668780177988413e-03
1.149656517000000044e-01,3.484633033875230313e-03
1.149837492999999933e-01,3.484624097420366880e-03
1.150561112000000052e-01,3.484588352070258632e-03
1.151284276999999939e-01,3.484552607489320268e-03
1.151826351999999942e-01,3.484525799547936141e-03
1.152909738000000017e-01,3.484472184954308990e-03
1.153992105999999962e-01,3.484418572067448944e-03
1.154352669999999942e-01,3.484400701480146450e-03
1.154713121999999953e-01,3.484382831090913381e-03
1.154893305000000009e-01,3.484373895968541791e-03
1.155433686999999959e-01,3.484347090877343463e-03
1.155613758999999990e-01,3.484338155948770409e-03
1.157053318999999997e-01,3.484266678190941959e-03
1.157233138000000050e-01,3.484257743676015887e-03
1.157772427999999992e-01,3.484230940450034741e-03
1.158670687000000060e-01,3.484186269341192806e-03
1.159209308000000022e-01,3.484159467247915833e-03
1.159747678999999976e-01,3.484132665580590236e-03
1.159927079999999999e-01,3.484123731789923791e-03
1.160465118000000018e-01,3.484096930701480188e-03
1.161182114000000043e-01,3.484061196572105050e-03
1.161540446000000060e-01,3.484043329789702093e-03
1.162793738999999965e-01,3.483980797570599211e-03
1.162972671000000041e-01,3.483971864581275699e-03
1.163509300000000052e-01,3.483945065915104115e-03
1.164224420999999954e-01,3.483909335018661995e-03
1.164403133000000007e-01,3.483900402415079835e-03
1.165653348000000034e-01,3.483837875506951270e-03
1.166902222999999933e-01,3.483775350926557497e-03
1.167258798999999958e-01,3.483757487198878115e-03
1.167793458999999978e-01,3.483730691945148734e-03
1.168327873999999988e-01,3.483703897125642757e-03
1.168505957999999983e-01,3.483694965610884941e-03
1.169040048000000026e-01,3.483668171359227683e-03
1.169218023000000023e-01,3.483659240039408984e-03
1.170640854000000036e-01,3.483587791172287201e-03
1.171529245999999996e-01,3.483543137178758773e-03
1.172061957999999959e-01,3.483516345347735087e-03
1.172771863999999969e-01,3.483480623578127239e-03
1.174190388000000002e-01,3.483409182320145771e-03
1.174367582999999993e-01,3.483400252373466521e-03
1.174721893000000017e-01,3.483382392626609321e-03
1.175607201000000018e-01,3.483337744088009068e-03
1.176845512999999954e-01,3.483275238137819880e-03
1.177022308000000017e-01,3.483266308908748027e-03
1.177199077000000010e-01,3.483257379726991624e-03
1.177552535000000039e-01,3.483239521503059440e-03
1.178612272999999960e-01,3.483185947962550658e-03
1.179141783999999998e-01,3.483159161831807932e-03
1.180552655000000062e-01,3.483087734255013290e-03
1.181961841000000041e-01,3.483016309708748034e-03
1.182665804000000015e-01,3.482980598578760880e-03
1.182841728999999981e-01,3.482971670907635941e-03
1.183193502000000064e-01,3.482953815723788000e-03
1.183369348999999959e-01,3.482944888204232356e-03
1.183896732999999979e-01,3.482918105928381729e-03
1.184248192000000033e-01,3.482900251305967067e-03
1.184775183999999953e-01,3.482873469743500653e-03
1.186003924000000043e-01,3.482810981073342603e-03
1.186880815999999950e-01,3.482766347736468513e-03
1.187056117000000049e-01,3.482757421214573157e-03
1.187581862999999988e-01,3.482730641929040593e-03
1.188107377000000020e-01,3.482703863064269111e-03
1.188282496999999993e-01,3.482694936869286731e-03
1.188457591000000035e-01,3.482686010719484356e-03
1.189507612999999991e-01,3.482632454852744707e-03
1.191604881999999976e-01,3.482525348229223439e-03
1.191779488000000026e-01,3.482516422996137853e-03
1.192652134000000003e-01,3.482471797492078022e-03
1.193872765999999946e-01,3.482409323778277738e-03
1.194395511999999937e-01,3.482382550048065267e-03
1.195266247000000004e-01,3.482337928098604759e-03
1.195440318000000057e-01,3.482329003851456200e-03
1.196831975000000048e-01,3.482257611590979570e-03
1.197353428999999997e-01,3.482230840279466021e-03
1.198048347999999957e-01,3.482195145851506215e-03
1.199436978999999931e-01,3.482123759285809736e-03
1.199957301000000032e-01,3.482096990110831059e-03
1.200130692000000027e-01,3.482088067143894981e-03
1.200650713000000064e-01,3.482061298541977434e-03
1.200997268999999951e-01,3.482043453035600557e-03
1.201516915000000046e-01,3.482016685131506320e-03
1.202382493999999968e-01,3.481972072925563870e-03
1.203593257999999999e-01,3.481909617821039166e-03
1.203766123999999993e-01,3.481900695852556144e-03
1.204284575999999968e-01,3.481873930227068030e-03
1.204802804999999949e-01,3.481847165030426544e-03
1.205148166999999992e-01,3.481829321808307086e-03
1.205493428999999950e-01,3.481811478771476044e-03
1.206356155000000013e-01,3.481766872017395646e-03
1.207045890999999954e-01,3.481731187458005777e-03
1.207735233000000047e-01,3.481695503666151249e-03
1.207907507000000047e-01,3.481686582843013331e-03
1.208251981000000030e-01,3.481668741324092653e-03
1.208424181999999958e-01,3.481659820632872215e-03
1.209800902000000011e-01,3.481588456845269818e-03
1.211004249000000033e-01,3.481526016007627927e-03
1.211691339000000034e-01,3.481490336575607941e-03
1.211863051000000024e-01,3.481481416837828823e-03
1.212034738000000028e-01,3.481472497150831565e-03
1.212549653999999977e-01,3.481445738365025917e-03
1.213064352000000068e-01,3.481418979995899114e-03
1.213407361999999934e-01,3.481401141326900990e-03
1.213921696000000022e-01,3.481374383673989034e-03
1.214607136000000059e-01,3.481338707471234861e-03
1.214778435000000018e-01,3.481329788531534793e-03
1.216147962999999943e-01,3.481258438782888157e-03
1.216661138000000031e-01,3.481231683402933631e-03
1.217174097000000010e-01,3.481204928457739406e-03
1.217515948999999958e-01,3.481187092064091763e-03
1.219394424999999949e-01,3.481088995280947739e-03
1.220076789999999939e-01,3.481053325144090049e-03
1.220247321999999995e-01,3.481044407722496802e-03
1.220758774000000046e-01,3.481017655771031973e-03
1.222121599000000058e-01,3.480946319287255876e-03
1.222632267000000050e-01,3.480919568889179975e-03
1.222802442999999933e-01,3.480910652184101249e-03
1.223993007000000049e-01,3.480848236582410275e-03
1.224162993000000033e-01,3.480839320261630912e-03
1.224332954999999973e-01,3.480830403985688947e-03
1.224672809999999973e-01,3.480812571569647743e-03
1.225522032999999955e-01,3.480767991371064730e-03
1.225691807000000022e-01,3.480759075468300382e-03
1.226200987999999936e-01,3.480732328049471972e-03
1.226709956999999934e-01,3.480705581077317076e-03
1.226879567000000032e-01,3.480696665498539660e-03
1.227388254999999956e-01,3.480669919090838196e-03
1.228235601000000066e-01,3.480625342677883677e-03
1.228405000000000052e-01,3.480616427532786696e-03
1.230097705999999985e-01,3.480527278749143312e-03
1.230266849000000023e-01,3.480518364118642509e-03
1.231619152999999939e-01,3.480447048878508674e-03
1.232294748999999967e-01,3.480411392398965846e-03
1.232463589999999998e-01,3.480402478392881794e-03
1.232969973999999969e-01,3.480375736667130036e-03
1.233476151000000021e-01,3.480348995366598034e-03
1.234824939999999982e-01,3.480277687334823976e-03
1.234993434999999973e-01,3.480268774035574688e-03
1.236340570000000055e-01,3.480197469401199745e-03
1.237013586999999998e-01,3.480161818232382302e-03
1.237686238000000050e-01,3.480126167813644544e-03
1.238862498000000006e-01,3.480063781399051620e-03
1.239198366999999940e-01,3.480045957132398698e-03
1.240373193999999984e-01,3.479983573701547067e-03
1.240540935000000039e-01,3.479974661971645296e-03
1.240876350000000017e-01,3.479956838661677626e-03
1.241044023999999940e-01,3.479947927075028886e-03
1.241882051999999986e-01,3.479903369852374324e-03
1.242384596999999979e-01,3.479876636085583314e-03
1.242886938999999968e-01,3.479849902749474269e-03
1.243556412999999999e-01,3.479814258954765961e-03
1.244392748999999937e-01,3.479769705296274687e-03
1.244559949000000054e-01,3.479760794705410564e-03
1.245061412999999978e-01,3.479734063208177360e-03
1.245562676000000063e-01,3.479707332137571638e-03
1.245896739000000031e-01,3.479689511668064908e-03
1.246397665999999932e-01,3.479662781313360483e-03
1.247065254999999984e-01,3.479627141506879458e-03
1.248232677000000040e-01,3.479564773661206374e-03
1.248566024999999968e-01,3.479546954704507318e-03
1.248899284999999970e-01,3.479529135923376156e-03
1.249898531000000063e-01,3.479475680757437937e-03
1.250397853999999920e-01,3.479448953812786134e-03
1.251063309000000068e-01,3.479413318547421724e-03
1.251562167999999975e-01,3.479386592598124328e-03
1.252393156999999924e-01,3.479342050294998486e-03
1.252559289000000076e-01,3.479333141971364170e-03
1.253887550999999989e-01,3.479261877122764596e-03
1.255048625999999889e-01,3.479199522864488345e-03
1.255711616000000086e-01,3.479163892895310167e-03
1.256374255999999912e-01,3.479128263692185443e-03
1.256871006999999985e-01,3.479101542288770815e-03
1.257036547000000004e-01,3.479092635241714301e-03
1.257863919999999969e-01,3.479048100758842885e-03
1.258360081999999880e-01,3.479021380625800953e-03
1.259021328999999911e-01,3.478985754443327232e-03
1.259517035000000118e-01,3.478959035311163499e-03
1.260177674000000081e-01,3.478923410458126773e-03
1.261002985999999937e-01,3.478878880467600656e-03
1.261662846999999921e-01,3.478843257313757233e-03
1.261827758000000077e-01,3.478834351640911794e-03
1.262981534000000017e-01,3.478772013287201835e-03
1.264463413999999952e-01,3.478691867388494698e-03
1.264792483999999939e-01,3.478674057710734371e-03
1.264956988000000004e-01,3.478665152934703238e-03
1.265450368999999908e-01,3.478638438913530129e-03
1.266272243999999880e-01,3.478593916488433632e-03
1.266765113999999970e-01,3.478567203596041619e-03
1.267421974000000062e-01,3.478531587070333303e-03
1.268242572000000123e-01,3.478487067481663645e-03
1.268406628000000036e-01,3.478478163701424070e-03
1.268898668000000007e-01,3.478451452660374053e-03
1.269390516999999996e-01,3.478424742034534004e-03
1.269718310999999877e-01,3.478406935195510301e-03
1.270209843000000005e-01,3.478380225287152315e-03
1.270701184999999955e-01,3.478353515807504782e-03
1.270864922999999924e-01,3.478344612743157396e-03
1.272174071999999934e-01,3.478273389916373970e-03
1.272337621000000085e-01,3.478264487271425908e-03
1.272828141000000024e-01,3.478237779637682880e-03
1.273481874999999874e-01,3.478202170106566536e-03
1.273645256000000003e-01,3.478193267845472447e-03
1.274625101000000094e-01,3.478139855262541227e-03
1.275277914000000068e-01,3.478104247834550283e-03
1.276745521000000050e-01,3.478024133856815088e-03
1.277234348000000075e-01,3.477997430042798713e-03
1.277560128999999933e-01,3.477979627740447263e-03
1.277885826999999863e-01,3.477961825633177177e-03
1.278048645000000039e-01,3.477952924645587394e-03
1.278699709999999989e-01,3.477917321170919361e-03
1.280488429999999955e-01,3.477819415536003225e-03
1.281138253999999921e-01,3.477783814905965974e-03
1.281463043000000135e-01,3.477766014878193052e-03
1.283896338999999942e-01,3.477632520657883593e-03
1.284544438999999927e-01,3.477596923998423680e-03
1.285192213000000139e-01,3.477561328103144153e-03
1.285354105000000025e-01,3.477552429238499852e-03
1.285839659999999940e-01,3.477525732947908937e-03
1.286486780999999968e-01,3.477490138557003726e-03
1.286648511000000050e-01,3.477481240079593507e-03
1.287780048000000122e-01,3.477418952042216245e-03
1.287941615000000040e-01,3.477410053937083755e-03
1.288264688999999907e-01,3.477392257884718511e-03
1.288426195000000052e-01,3.477383359919049548e-03
1.289233422999999934e-01,3.477338870836730808e-03
1.290201430000000038e-01,3.477285485479498280e-03
1.290362693999999866e-01,3.477276588081688446e-03
1.291007547999999949e-01,3.477240998992033993e-03
1.291813162999999876e-01,3.477196513683713294e-03
1.292296290999999930e-01,3.477169823068417681e-03
1.293101103000000029e-01,3.477125339651293383e-03
1.293583749999999977e-01,3.477098650153372193e-03
1.295512538999999963e-01,3.476991896478055441e-03
1.295673142000000055e-01,3.476983000637095308e-03
1.295994287999999994e-01,3.476965209114700646e-03
1.296636341000000081e-01,3.476929626637117327e-03
1.296796805000000052e-01,3.476920731134351076e-03
1.297438461000000043e-01,3.476885149593352334e-03
1.298079799999999895e-01,3.476849568809320997e-03
1.298240085000000044e-01,3.476840673737729807e-03
1.298560595999999900e-01,3.476822883715287218e-03
1.299361528000000099e-01,3.476778409517675660e-03
1.299521654999999942e-01,3.476769514810399385e-03
1.301121842999999889e-01,3.476680570414759051e-03
1.301281753000000097e-01,3.476671676247948886e-03
1.301761367000000003e-01,3.476644993981692182e-03
1.301921198999999862e-01,3.476636099989609437e-03
1.303358805000000009e-01,3.476556056201481407e-03
1.303678057000000057e-01,3.476538269215237280e-03
1.304635345999999863e-01,3.476484909379916593e-03
1.305113727999999973e-01,3.476458230096446216e-03
1.305591932999999871e-01,3.476431551250370750e-03
1.305751296999999866e-01,3.476422658387425587e-03
1.306229268999999915e-01,3.476395980098210235e-03
1.307025501999999895e-01,3.476351517227803476e-03
1.307184690000000038e-01,3.476342624794214516e-03
1.308139412999999862e-01,3.476289271200129222e-03
1.308298465000000133e-01,3.476280379096412243e-03
1.308457499000000024e-01,3.476271487031633300e-03
1.309570191999999966e-01,3.476209243981573729e-03
1.309729071000000078e-01,3.476200352292838167e-03
1.310840685000000116e-01,3.476138111885272459e-03
1.311316801999999893e-01,3.476111438136387025e-03
1.311475470000000032e-01,3.476102546975385135e-03
1.312268518999999967e-01,3.476058091898189765e-03
1.312744117999999904e-01,3.476031419405045068e-03
1.313377983000000027e-01,3.475995856764702106e-03
1.313853181000000092e-01,3.475969185271430336e-03
1.314011542000000088e-01,3.475960294870690526e-03
1.314644795999999893e-01,3.475924733729562378e-03
1.315277744999999998e-01,3.475889173355990389e-03
1.315752256000000120e-01,3.475862503568303511e-03
1.316068501999999862e-01,3.475844723944701131e-03
1.316542729000000078e-01,3.475818054859536495e-03
1.317016785000000023e-01,3.475791386207211821e-03
1.318280101000000037e-01,3.475720271861964649e-03
1.318437929999999869e-01,3.475711382788149954e-03
1.318595740999999877e-01,3.475702493741725241e-03
1.319069059000000099e-01,3.475675826925353831e-03
1.321118145000000077e-01,3.475560275640659537e-03
1.321433106999999885e-01,3.475542499227936635e-03
1.322220182999999938e-01,3.475498059003133584e-03
1.322849506999999869e-01,3.475462507692233215e-03
1.323635740999999921e-01,3.475418069601994824e-03
1.323950104000000128e-01,3.475400294693870452e-03
1.324735684999999996e-01,3.475355858270670097e-03
1.325991646999999940e-01,3.475284762420032415e-03
1.326148558999999949e-01,3.475275875661003669e-03
1.326619182000000063e-01,3.475249215639649933e-03
1.327089637999999960e-01,3.475222556026081114e-03
1.327403182999999931e-01,3.475204783205928898e-03
1.328343374000000021e-01,3.475151465851495074e-03
1.328500008000000066e-01,3.475142579800347999e-03
1.328969798999999896e-01,3.475115921896503122e-03
1.329908881999999903e-01,3.475062607369667697e-03
1.330378174999999885e-01,3.475035950739323656e-03
1.331159962000000030e-01,3.474991523985917347e-03
1.331628814999999966e-01,3.474964868497154927e-03
1.332097502000000044e-01,3.474938213415578511e-03
1.332253693999999877e-01,3.474929328494774216e-03
1.333502575000000134e-01,3.474858250759762721e-03
1.333658601999999915e-01,3.474849366267606428e-03
1.333970603000000088e-01,3.474831597392930103e-03
1.334906168999999976e-01,3.474778291918746535e-03
1.335373705000000022e-01,3.474751639827662955e-03
1.335996832999999939e-01,3.474716104368562059e-03
1.336463988000000103e-01,3.474689453254731046e-03
1.336619671000000009e-01,3.474680569650468679e-03
1.337242217999999871e-01,3.474645035687395477e-03
1.338330979000000032e-01,3.474582853064940233e-03
1.338641891000000028e-01,3.474565087043174089e-03
1.340971431999999908e-01,3.474431847770724762e-03
1.341126591000000035e-01,3.474422965528367775e-03
1.341591960000000083e-01,3.474396319090455702e-03
1.342057167000000051e-01,3.474369673079683724e-03
1.342212201000000105e-01,3.474360791162558765e-03
1.342367215999999974e-01,3.474351909302216511e-03
1.343451823000000045e-01,3.474289737572325461e-03
1.343606696000000100e-01,3.474280856090405760e-03
1.344845033000000023e-01,3.474209805906120722e-03
1.345309115999999972e-01,3.474183162849733310e-03
1.345773037999999922e-01,3.474156520243090306e-03
1.346391352999999902e-01,3.474120997413507501e-03
1.346545888000000024e-01,3.474112116822992372e-03
1.347009383999999976e-01,3.474085475326113125e-03
1.347163848000000053e-01,3.474076594917616025e-03
1.347781523999999898e-01,3.474041073786557354e-03
1.348398918000000002e-01,3.474005553408492271e-03
1.348861778000000067e-01,3.473978913620238453e-03
1.349016029000000005e-01,3.473970033776337465e-03
1.350249404999999958e-01,3.473898996782786956e-03
1.350711631000000024e-01,3.473872358682690131e-03
1.350865670999999990e-01,3.473863479411576621e-03
1.351327686000000083e-01,3.473836841879296422e-03
1.351943459999999930e-01,3.473801325844603789e-03
1.352251241999999909e-01,3.473783568095221291e-03
1.352712784000000001e-01,3.473756931837105461e-03
1.353942793000000033e-01,3.473685903891538668e-03
1.354557378000000034e-01,3.473650391039040559e-03
1.354710980999999925e-01,3.473641512956453323e-03
1.355939177000000107e-01,3.473570489897090385e-03
1.356246051999999980e-01,3.473552734616521236e-03
1.356399463000000083e-01,3.473543857046837088e-03
1.357166260999999874e-01,3.473499469864731442e-03
1.358085847000000124e-01,3.473446206822073615e-03
1.358698557999999945e-01,3.473410699064134396e-03
1.358851692999999972e-01,3.473401822252409916e-03
1.359464059000000113e-01,3.473366315437133311e-03
1.359617106999999880e-01,3.473357438850438895e-03
1.360840875000000061e-01,3.473286427864455145e-03
1.361299504000000049e-01,3.473259799521234616e-03
1.361757979000000063e-01,3.473233171610720909e-03
1.361910769999999937e-01,3.473224295727873629e-03
1.363590336999999930e-01,3.473126664155503588e-03
1.363742921999999969e-01,3.473117788846911795e-03
1.364505592999999961e-01,3.473073412982162923e-03
1.364962990999999959e-01,3.473046788042787741e-03
1.365572616000000072e-01,3.473011288763384972e-03
1.366791052000000117e-01,3.472940292473277249e-03
1.366943280000000038e-01,3.472931418139478185e-03
1.367399861999999966e-01,3.472904795456143844e-03
1.367856292000000085e-01,3.472878173181662143e-03
1.368160494000000005e-01,3.472860425240305998e-03
1.368464628999999932e-01,3.472842677481941497e-03
1.369224669999999922e-01,3.472798308915103598e-03
1.370439857999999900e-01,3.472727321652031504e-03
1.370591680999999895e-01,3.472718448473820219e-03
1.370895276000000107e-01,3.472700702210162853e-03
1.371047048000000046e-01,3.472691829154899660e-03
1.371502263999999915e-01,3.472665210283252396e-03
1.372260621999999985e-01,3.472620846431906383e-03
1.374078974000000064e-01,3.472514377973434999e-03
1.374230395000000104e-01,3.472505505920396585e-03
1.375289872999999885e-01,3.472443402771014861e-03
1.375441161000000023e-01,3.472434531077391202e-03
1.375894923000000047e-01,3.472407916306199157e-03
1.376348535999999956e-01,3.472381301948412966e-03
1.376499707000000128e-01,3.472372430582546660e-03
1.377708478000000125e-01,3.472301461400795295e-03
1.377859499999999904e-01,3.472292590466502168e-03
1.379067079000000084e-01,3.472221624680200524e-03
1.379519649000000014e-01,3.472195013278572655e-03
1.380575068000000072e-01,3.472132921673220119e-03
1.380725775999999960e-01,3.472124051640317066e-03
1.381479070999999947e-01,3.472079702136844203e-03
1.381930851000000016e-01,3.472053092997776699e-03
1.382683489000000043e-01,3.472008745377669695e-03
1.383134874999999986e-01,3.471982137361512549e-03
1.384788700000000039e-01,3.471884578290355874e-03
1.385089183000000057e-01,3.471866840898250439e-03
1.385389600999999971e-01,3.471849103692166340e-03
1.385990242000000039e-01,3.471813629815207174e-03
1.386290464000000111e-01,3.471795893169936191e-03
1.386740676999999866e-01,3.471769288554381761e-03
1.387190742999999948e-01,3.471742684361333112e-03
1.387340732000000021e-01,3.471733816390956857e-03
1.387490705999999963e-01,3.471724948455023971e-03
1.387790603999999872e-01,3.471707212761555427e-03
1.388540065999999962e-01,3.471662874320183018e-03
1.389139343999999943e-01,3.471627404396313010e-03
1.389588633000000129e-01,3.471600802462834062e-03
1.390337125999999979e-01,3.471556466841737350e-03
1.390935630000000034e-01,3.471520999196329484e-03
1.392131866000000107e-01,3.471450066131462776e-03
1.392281324000000098e-01,3.471441199718991368e-03
1.392580190000000107e-01,3.471423467024147610e-03
1.393476405000000085e-01,3.471370270061833237e-03
1.394372043000000061e-01,3.471317074788947844e-03
1.394521260000000096e-01,3.471308209083044487e-03
1.395565333999999880e-01,3.471246150390807327e-03
1.395863497000000009e-01,3.471228419761185693e-03
1.396310622999999973e-01,3.471201824176871429e-03
1.396757604999999958e-01,3.471175229016549603e-03
1.396906566999999988e-01,3.471166364041278814e-03
1.397502257999999886e-01,3.471130904662158775e-03
1.398246513999999996e-01,3.471086581506410262e-03
1.399287808000000133e-01,3.471024531053267838e-03
1.399436501000000110e-01,3.471015666884418385e-03
1.399882484999999954e-01,3.470989074682688698e-03
1.400625477000000119e-01,3.470944755291582428e-03
1.401071081999999968e-01,3.470918164205149398e-03
1.401665002999999965e-01,3.470882710097806297e-03
1.402110277999999988e-01,3.470856120015926912e-03
1.402852089999999941e-01,3.470811804120962820e-03
1.403445257000000002e-01,3.470776352269367392e-03
1.403889966999999905e-01,3.470749763870108629e-03
1.405075174000000038e-01,3.470678863550199708e-03
1.405223254999999893e-01,3.470670001223713757e-03
1.406407338000000007e-01,3.470599104280285788e-03
1.406555278999999936e-01,3.470590242377367702e-03
1.406851112999999986e-01,3.470572518703103800e-03
1.407590425999999950e-01,3.470528210357655841e-03
1.407738242000000084e-01,3.470519348827303015e-03
1.408181597000000007e-01,3.470492764508095219e-03
1.408624812000000004e-01,3.470466180629573107e-03
1.408920210999999867e-01,3.470448458266840817e-03
1.409215548999999956e-01,3.470430736097966044e-03
1.409953622000000018e-01,3.470386431502316734e-03
1.410101189999999893e-01,3.470377570727511442e-03
1.411281181000000051e-01,3.470306686195185134e-03
1.411723423000000033e-01,3.470280105249478903e-03
1.412312863999999890e-01,3.470244664689574581e-03
1.412902058999999932e-01,3.470209224863223234e-03
1.413491007999999882e-01,3.470173785784269691e-03
1.413638207000000035e-01,3.470164926120769024e-03
1.413932558999999867e-01,3.470147206959747332e-03
1.414079712000000100e-01,3.470138347457451915e-03
1.414521079000000126e-01,3.470111769204745587e-03
1.414815248000000081e-01,3.470094050613163356e-03
1.415256386000000033e-01,3.470067473076567360e-03
1.415844356000000026e-01,3.470032036994906335e-03
1.416285173000000064e-01,3.470005460444945157e-03
1.417019563999999954e-01,3.469961167125023161e-03
1.418340509000000083e-01,3.469881442091320763e-03
1.419220455000000103e-01,3.469828294203492185e-03
1.419513649999999960e-01,3.469810578618656716e-03
1.420539353999999976e-01,3.469748575517947031e-03
1.420685821999999876e-01,3.469739718121794565e-03
1.420978713999999921e-01,3.469722003459751319e-03
1.422295982000000014e-01,3.469642289868997507e-03
1.423319681000000114e-01,3.469580293010974745e-03
1.423465864000000025e-01,3.469571436508044841e-03
1.424196550999999866e-01,3.469527154682999076e-03
1.424634784000000098e-01,3.469500586160855892e-03
1.425072881999999985e-01,3.469474018064291985e-03
1.425364872999999866e-01,3.469456306235525322e-03
1.425802747000000092e-01,3.469429738823553988e-03
1.426386369000000043e-01,3.469394316287654264e-03
1.427407133999999966e-01,3.469332328633939824e-03
1.427990101000000123e-01,3.469296908160154035e-03
1.428135805000000091e-01,3.469288053160848612e-03
1.428572830000000016e-01,3.469261488447530645e-03
1.428718475000000099e-01,3.469252633620815030e-03
1.429300907000000120e-01,3.469217214845596742e-03
1.429883100999999879e-01,3.469181796795412637e-03
1.430319592000000029e-01,3.469155233774297471e-03
1.431628265000000066e-01,3.469075547191498559e-03
1.432354788000000101e-01,3.469031278520428967e-03
1.432645294999999874e-01,3.469013571381485053e-03
1.432790526000000120e-01,3.469004717875130359e-03
1.433226130999999959e-01,3.468978157671600334e-03
1.433371303000000041e-01,3.468969304346979608e-03
1.433951844999999947e-01,3.468933891557701363e-03
1.434677192000000101e-01,3.468889626643552760e-03
1.434967228000000039e-01,3.468871921015824044e-03
1.435112223999999992e-01,3.468863068271325640e-03
1.435836984999999955e-01,3.468818805218500199e-03
1.436271665999999947e-01,3.468792247964327079e-03
1.436851036000000026e-01,3.468756838919786860e-03
1.437285409999999874e-01,3.468730282654164561e-03
1.438009075999999997e-01,3.468686023123317402e-03
1.438587745999999890e-01,3.468650616359680080e-03
1.439744389000000013e-01,3.468579805066063573e-03
1.440322361999999967e-01,3.468544400535871017e-03
1.440466819000000009e-01,3.468535549532628191e-03
1.441477613000000102e-01,3.468473593742341012e-03
1.441910593999999879e-01,3.468447041970708963e-03
1.442487698999999901e-01,3.468411640265019191e-03
1.442776165000000110e-01,3.468393939683206851e-03
1.443641216999999866e-01,3.468340839090413349e-03
1.443785341999999916e-01,3.468331989167013768e-03
1.444361698000000138e-01,3.468296589889602495e-03
1.444937823999999926e-01,3.468261191381851165e-03
1.445081820000000128e-01,3.468252341864902499e-03
1.445513720000000113e-01,3.468225793623419713e-03
1.445945492000000054e-01,3.468199245785552002e-03
1.447096254000000137e-01,3.468128453617142989e-03
1.448389767999999911e-01,3.468048816043661949e-03
1.448533421000000043e-01,3.468039967656982771e-03
1.448820682999999998e-01,3.468022271013179204e-03
1.448964292000000098e-01,3.468013422767508760e-03
1.449682127999999959e-01,3.467969182241975416e-03
1.450686501000000017e-01,3.467907247475722748e-03
1.450829925999999881e-01,3.467898399830570202e-03
1.451833503999999941e-01,3.467836467695517479e-03
1.451976815999999892e-01,3.467827620435918502e-03
1.452406666000000124e-01,3.467801078929521729e-03
1.452836389999999922e-01,3.467774537836278842e-03
1.453552312999999985e-01,3.467730303661078518e-03
1.454124797000000135e-01,3.467694917126857429e-03
1.454697057000000071e-01,3.467659531375026551e-03
1.455412064000000116e-01,3.467615300223621851e-03
1.456269609999999992e-01,3.467562224396713872e-03
1.456555347000000056e-01,3.467544532808406691e-03
1.456983846000000082e-01,3.467517995803864102e-03
1.457554983000000082e-01,3.467482613801492301e-03
1.457983189000000013e-01,3.467456077787541870e-03
1.458696586000000073e-01,3.467411852011809733e-03
1.458839222999999963e-01,3.467403007014121467e-03
1.459694756000000093e-01,3.467349937924925872e-03
1.459837296000000006e-01,3.467341093236815056e-03
1.459979821999999872e-01,3.467332248616883644e-03
1.460407317000000094e-01,3.467305714977807814e-03
1.460834685999999882e-01,3.467279181764047584e-03
1.462542916000000026e-01,3.467173053162463624e-03
1.462685177999999975e-01,3.467164209419124413e-03
1.464391248999999950e-01,3.467058088124550918e-03
1.464817456999999989e-01,3.467031558858714273e-03
1.465527527000000108e-01,3.466987344334385157e-03
1.465669498999999931e-01,3.466978501575514963e-03
1.466095335000000000e-01,3.466951973566514099e-03
1.468789426999999870e-01,3.466783972672477909e-03
1.468931083999999998e-01,3.466775130976993205e-03
1.469072727999999883e-01,3.466766289334700761e-03
1.469355974999999870e-01,3.466748606214659165e-03
1.469497577999999971e-01,3.466739764712116478e-03
1.470063852999999865e-01,3.466704399196305492e-03
1.470205387000000086e-01,3.466695557915088367e-03
1.470629908999999957e-01,3.466669034411174345e-03
1.471054309000000004e-01,3.466642511327456318e-03
1.471337174000000025e-01,3.466624829500670156e-03
1.471619985000000019e-01,3.466607147852706662e-03
1.472326774000000116e-01,3.466562944606189130e-03
1.472468090999999868e-01,3.466554104078692442e-03
1.472891960999999916e-01,3.466527582811137088e-03
1.473598140000000056e-01,3.466483381656532137e-03
1.473880516999999946e-01,3.466465701518149298e-03
1.474445108999999920e-01,3.466430341811681769e-03
1.475714650000000128e-01,3.466350785200726040e-03
1.475855641999999912e-01,3.466341945786753555e-03
1.476278540000000028e-01,3.466315427919472187e-03
1.476983098999999910e-01,3.466271232357325590e-03
1.477405673999999947e-01,3.466244715597843404e-03
1.477828127999999963e-01,3.466218199268908742e-03
1.477968919000000048e-01,3.466209360569117576e-03
1.478391212000000066e-01,3.466182844779696227e-03
1.478954080999999865e-01,3.466147491066143196e-03
1.479657366999999890e-01,3.466103299977457263e-03
1.480219755000000137e-01,3.466067947938939776e-03
1.480360319000000036e-01,3.466059110053489826e-03
1.481343890000000052e-01,3.465997246113724627e-03
1.481484346999999979e-01,3.465988408585138087e-03
1.482467172999999971e-01,3.465926547277743772e-03
1.482888185000000025e-01,3.465900036010857981e-03
1.483449347999999945e-01,3.465864688263867698e-03
1.483729850000000128e-01,3.465847014691958352e-03
1.484711190000000125e-01,3.465785158629568555e-03
1.485131564999999931e-01,3.465758649578923409e-03
1.485831927000000052e-01,3.465714468780176950e-03
1.486391978999999919e-01,3.465679124971540650e-03
1.487091747000000019e-01,3.465634946287632877e-03
1.487511448999999930e-01,3.465608439629639347e-03
1.488070868999999963e-01,3.465573098079604338e-03
1.489049347999999995e-01,3.465511252185582858e-03
1.489189077999999999e-01,3.465502417227912454e-03
1.489328795000000039e-01,3.465493582338071473e-03
1.489747867000000003e-01,3.465467077940714499e-03
1.490306446999999923e-01,3.465431739374756452e-03
1.490446059999999961e-01,3.465422904852853356e-03
1.490864818000000036e-01,3.465396401569782129e-03
1.491422980000000065e-01,3.465361064506209971e-03
1.492538676999999869e-01,3.465290392639903874e-03
1.492678081000000101e-01,3.465281558873979824e-03
1.494071399999999938e-01,3.465193223689628111e-03
1.494210660999999996e-01,3.465184390440996000e-03
1.496019868000000030e-01,3.465069562345753171e-03
1.496298013000000038e-01,3.465051897175352915e-03
1.496437066000000093e-01,3.465043064656914487e-03
1.496854149000000078e-01,3.465016567415804462e-03
1.497132139000000028e-01,3.464998902813674030e-03
1.497549028000000060e-01,3.464972406255566271e-03
1.497965800999999930e-01,3.464945910127986521e-03
1.498104698999999929e-01,3.464937078197346566e-03
1.499354206000000078e-01,3.464857592745798198e-03
1.500186632999999936e-01,3.464804604555444482e-03
1.500325325999999904e-01,3.464795773368342137e-03
1.500464005999999906e-01,3.464786942204129035e-03
1.500879968999999925e-01,3.464760449015373816e-03
1.501295816999999866e-01,3.464733956248634318e-03
1.501434407999999998e-01,3.464725125423962111e-03
1.502681146000000023e-01,3.464645650085087895e-03
1.503096496000000115e-01,3.464619159169082807e-03
1.504203534000000120e-01,3.464548518720613358e-03
1.504618463000000073e-01,3.464522029322227633e-03
1.504756747999999866e-01,3.464513199626091926e-03
1.505171525000000010e-01,3.464486710777299125e-03
1.505309757999999942e-01,3.464477881264874971e-03
1.505862565999999958e-01,3.464442563654813664e-03
1.506000735999999951e-01,3.464433734383163058e-03
1.507105640999999996e-01,3.464363101780946769e-03
1.508071769000000062e-01,3.464301300729675463e-03
1.509175157000000045e-01,3.464230673764451783e-03
1.509588719999999940e-01,3.464204189415917221e-03
1.509726549000000029e-01,3.464195361401134488e-03
1.510139960999999920e-01,3.464168877602972173e-03
1.510415505999999908e-01,3.464151221985099956e-03
1.510828728999999981e-01,3.464124738897223204e-03
1.511517183999999958e-01,3.464080601353592380e-03
1.511792477999999995e-01,3.464062946682833644e-03
1.512618058999999904e-01,3.464009983736880249e-03
1.513030680999999933e-01,3.463983502899198753e-03
1.513718133999999993e-01,3.463939369073785936e-03
1.513993026999999880e-01,3.463921715900990846e-03
1.514542664999999899e-01,3.463886410072756789e-03
1.514680043999999948e-01,3.463877583720476223e-03
1.515229432000000098e-01,3.463842278824653433e-03
1.515778621999999964e-01,3.463806974689963552e-03
1.516190383000000086e-01,3.463780497078462230e-03
1.516327611999999936e-01,3.463771671302358357e-03
1.517836311999999910e-01,3.463674590807561213e-03
1.517973393000000004e-01,3.463665765587530324e-03
1.518384559000000023e-01,3.463639290230140395e-03
1.519069588999999998e-01,3.463595165542805460e-03
1.520164995000000130e-01,3.463524568452850706e-03
1.520301864999999975e-01,3.463515744052412908e-03
1.520712402000000130e-01,3.463489271063966996e-03
1.522353442000000112e-01,3.463383383280769535e-03
1.522490115000000033e-01,3.463374559610107786e-03
1.522900061999999943e-01,3.463348088850979733e-03
1.523309898000000107e-01,3.463321618542548452e-03
1.523583061999999877e-01,3.463303971879209530e-03
1.523992714000000082e-01,3.463277502249145767e-03
1.524402256999999872e-01,3.463251033053339669e-03
1.524538746999999916e-01,3.463242210074340358e-03
1.525766605999999970e-01,3.463162805381846815e-03
1.526175671999999983e-01,3.463136338001698150e-03
1.526857206999999994e-01,3.463092226624625396e-03
1.527674646000000136e-01,3.463039294502547570e-03
1.528899987000000016e-01,3.462959899495188665e-03
1.529036075000000106e-01,3.462951078063598691e-03
1.529308215000000082e-01,3.462933435331208218e-03
1.529988354000000050e-01,3.462889329325586144e-03
1.530124344999999886e-01,3.462880508263703038e-03
1.530532246999999901e-01,3.462854045367478022e-03
1.531211842000000101e-01,3.462809941467364424e-03
1.531483596000000058e-01,3.462792300202542639e-03
1.532162769000000035e-01,3.462748197958736510e-03
1.532705890999999931e-01,3.462712916969858286e-03
1.533113106000000003e-01,3.462686456720368098e-03
1.533384523000000110e-01,3.462668816791137673e-03
1.533655891000000049e-01,3.462651177046155264e-03
1.533791557999999999e-01,3.462642357259813897e-03
1.534334102999999894e-01,3.462607078502160426e-03
1.534876456000000000e-01,3.462571800530177529e-03
1.535554128999999934e-01,3.462527704089032703e-03
1.535825114000000102e-01,3.462510065833227998e-03
1.535960588999999987e-01,3.462501246775445771e-03
1.536366940999999986e-01,3.462474789911567687e-03
1.536637782999999979e-01,3.462457152226197741e-03
1.537991277000000101e-01,3.462368966571360666e-03
1.538667576999999953e-01,3.462324875513531162e-03
1.538802801999999970e-01,3.462316057422882426e-03
1.539208404000000086e-01,3.462289603471853990e-03
1.539613898999999952e-01,3.462263149951413845e-03
1.540289487000000013e-01,3.462219061700328327e-03
1.540964779000000007e-01,3.462174974598873980e-03
1.541909690000000110e-01,3.462113254599613263e-03
1.542044630999999943e-01,3.462104437639420933e-03
1.542314475000000074e-01,3.462086803862856124e-03
1.542449379999999981e-01,3.462077987064234204e-03
1.543123727000000056e-01,3.462033903688171380e-03
1.543528192999999993e-01,3.462007454223686893e-03
1.544067316999999939e-01,3.461972188924961839e-03
1.544471535999999978e-01,3.461945740455378562e-03
1.544606252999999874e-01,3.461936924366742965e-03
1.545144999999999991e-01,3.461901660557395542e-03
1.545683559999999901e-01,3.461866397513814041e-03
1.546356496000000080e-01,3.461822319737282039e-03
1.546760118000000128e-01,3.461795873620836846e-03
1.548239160999999864e-01,3.461698908181690907e-03
1.548910987000000072e-01,3.461654834832249544e-03
1.549448237999999922e-01,3.461619577012627763e-03
1.549582522000000073e-01,3.461610762662423180e-03
1.550387978999999972e-01,3.461557877600644588e-03
1.550522180999999999e-01,3.461549063572210393e-03
1.550924717999999924e-01,3.461522621802154333e-03
1.551595380999999940e-01,3.461478553121614954e-03
1.552533822999999924e-01,3.461416858946732896e-03
1.552801845000000014e-01,3.461399232451205839e-03
1.553605633000000041e-01,3.461346354081297830e-03
1.553739557000000104e-01,3.461337541199728789e-03
1.554810536000000021e-01,3.461267039686266068e-03
1.555211962999999975e-01,3.461240602415649459e-03
1.555345749000000000e-01,3.461231790069865377e-03
1.556014505999999964e-01,3.461187729066614489e-03
1.556415623000000081e-01,3.461161293057977116e-03
1.556950283999999907e-01,3.461126045658608538e-03
1.557885499999999979e-01,3.461064364503255511e-03
1.558152600999999915e-01,3.461046741740670361e-03
1.558553166999999962e-01,3.461020307959676839e-03
1.558953630000000090e-01,3.460993874586784820e-03
1.560154403000000023e-01,3.460914576975044829e-03
1.560287764999999938e-01,3.460905766365433584e-03
1.561220982000000035e-01,3.460844093401969131e-03
1.561354252999999914e-01,3.460835283147725098e-03
1.561620760999999913e-01,3.460817662805620431e-03
1.561753998000000032e-01,3.460808852708557523e-03
1.562153639999999954e-01,3.460782422675863848e-03
1.562819484000000092e-01,3.460738373578804705e-03
1.563751188999999986e-01,3.460676706820717610e-03
1.563884245000000117e-01,3.460667897447439884e-03
1.564416352999999926e-01,3.460632660517201642e-03
1.564549352000000060e-01,3.460623851378301103e-03
1.566542979999999974e-01,3.460491720177706100e-03
1.567472471999999950e-01,3.460430062500570274e-03
1.567605212000000026e-01,3.460421254462249432e-03
1.567737939999999941e-01,3.460412446453200747e-03
1.568666723999999901e-01,3.460350791751793526e-03
1.568799361999999864e-01,3.460341984129838844e-03
1.569197210000000120e-01,3.460315561510964293e-03
1.569594957999999874e-01,3.460289139322142871e-03
1.570125131000000007e-01,3.460253910380471469e-03
1.570787596000000064e-01,3.460209875277626967e-03
1.570920054999999926e-01,3.460201068377762642e-03
1.571317365999999882e-01,3.460174648006753614e-03
1.571979329000000036e-01,3.460130614993344941e-03
1.572376372000000022e-01,3.460104195712419232e-03
1.572905608000000066e-01,3.460068970698116243e-03
1.573434665000000010e-01,3.460033746429769935e-03
1.573963545000000019e-01,3.459998522871422094e-03
1.574095736999999995e-01,3.459989717130860457e-03
1.574360087999999991e-01,3.459972105717767834e-03
1.574888657000000081e-01,3.459936883495137120e-03
1.575549119000000109e-01,3.459892856760763465e-03
1.575945263000000096e-01,3.459866441278461064e-03
1.576473301000000105e-01,3.459831221296241332e-03
1.577265025000000043e-01,3.459778392706551031e-03
1.577660738999999979e-01,3.459751979007655819e-03
1.578320039999999980e-01,3.459707957176975067e-03
1.578715488999999916e-01,3.459681544617606262e-03
1.579242600000000107e-01,3.459646328547064369e-03
1.579374350999999954e-01,3.459637524625706374e-03
1.580296294999999906e-01,3.459575898612295575e-03
1.580427957999999966e-01,3.459567095081231280e-03
1.580822879000000070e-01,3.459540684771656577e-03
1.581480862999999903e-01,3.459496668508918200e-03
1.583453172000000020e-01,3.459364626702581252e-03
1.583978706999999986e-01,3.459329417341138781e-03
1.584372742999999861e-01,3.459303010781039200e-03
1.585029253000000138e-01,3.459259000794254538e-03
1.586734907000000028e-01,3.459144580313399699e-03
1.586997152000000078e-01,3.459126977848669526e-03
1.587128258999999930e-01,3.459118176682362059e-03
1.587521514000000133e-01,3.459091773499100349e-03
1.587652576999999954e-01,3.459082972525683725e-03
1.587783628999999974e-01,3.459074171599418185e-03
1.588700692999999997e-01,3.459012566438998161e-03
1.588831659000000118e-01,3.459003765889771733e-03
1.589093558999999933e-01,3.458986164903983963e-03
1.589748119000000126e-01,3.458942163329893453e-03
1.589878999000000070e-01,3.458933363123696449e-03
1.590925649000000108e-01,3.458862963350726495e-03
1.591187202999999883e-01,3.458845363895864285e-03
1.591317965000000056e-01,3.458836564223273860e-03
1.591710184000000028e-01,3.458810165512039066e-03
1.591840902999999974e-01,3.458801366003067760e-03
1.592363669000000093e-01,3.458766168564713674e-03
1.593016885000000105e-01,3.458722172777011460e-03
1.593278096999999893e-01,3.458704574779218523e-03
1.593408685999999908e-01,3.458695775855797922e-03
1.594453019000000027e-01,3.458625386144204179e-03
1.594974929000000097e-01,3.458590192391032894e-03
1.595887860999999908e-01,3.458528605132528497e-03
1.596018237000000062e-01,3.458519807122572946e-03
1.596148602000000138e-01,3.458511009172817070e-03
1.596539634999999957e-01,3.458484615629761963e-03
1.597191142999999924e-01,3.458440627279488026e-03
1.597581921000000016e-01,3.458414234854060611e-03
1.598102808999999902e-01,3.458379045569764249e-03
1.599144076000000025e-01,3.458308669232303904e-03
1.599534375999999980e-01,3.458282278883664882e-03
1.600054629000000062e-01,3.458247092399902630e-03
1.600314690999999900e-01,3.458229499440963143e-03
1.601224578000000065e-01,3.458167925504984988e-03
1.601744281999999964e-01,3.458132741450195124e-03
1.602393673999999990e-01,3.458088762406209566e-03
1.602783183000000000e-01,3.458062375527369212e-03
1.603172596999999922e-01,3.458035989106123757e-03
1.603432153999999887e-01,3.458018398349592664e-03
1.604210574000000111e-01,3.457965627297904070e-03
1.604340273000000039e-01,3.457956832262235568e-03
1.605766279999999990e-01,3.457860090133807202e-03
1.605895854000000122e-01,3.457851295676011953e-03
1.606414046000000095e-01,3.457816118300260054e-03
1.606932071000000128e-01,3.457780941675202800e-03
1.607320479999999885e-01,3.457754559689180367e-03
1.607838212999999905e-01,3.457719384348142012e-03
1.608485145000000116e-01,3.457675416255913316e-03
1.608614499999999892e-01,3.457666622775451299e-03
1.609002502999999917e-01,3.457640242575641537e-03
1.609390411999999937e-01,3.457613862829243389e-03
1.609907479999999891e-01,3.457578690499633380e-03
1.610036719999999866e-01,3.457569897512776953e-03
1.611586801999999874e-01,3.457464385488515611e-03
1.611715907999999864e-01,3.457455593120388210e-03
1.612103165000000060e-01,3.457429216277913692e-03
1.612748385999999978e-01,3.457385255833812353e-03
1.613135394000000111e-01,3.457358880125175650e-03
1.613651261000000059e-01,3.457323713175258426e-03
1.614038053999999889e-01,3.457297338428307748e-03
1.614811359999999973e-01,3.457244590215671418e-03
1.615197874000000033e-01,3.457218216722805250e-03
1.615584295999999975e-01,3.457191843649698362e-03
1.615713082999999939e-01,3.457183052731155337e-03
1.615841859000000102e-01,3.457174261840972439e-03
1.616228127000000070e-01,3.457147889511880644e-03
1.616614302999999919e-01,3.457121517545922416e-03
1.616871702000000077e-01,3.457103936474112231e-03
1.617900888999999898e-01,3.457033614081744203e-03
1.618158083000000025e-01,3.457016033930335359e-03
1.619314953000000057e-01,3.456936925634054511e-03
1.619700393000000072e-01,3.456910557010496425e-03
1.619828852000000097e-01,3.456901767586717782e-03
1.620342587999999973e-01,3.456866610300957186e-03
1.621369571999999870e-01,3.456796297919691782e-03
1.622011106000000036e-01,3.456752354196530614e-03
1.622908828999999886e-01,3.456690834947502306e-03
1.623934189000000028e-01,3.456620529993845344e-03
1.624062313999999896e-01,3.456611742079063188e-03
1.624318533000000120e-01,3.456594166418541607e-03
1.624446626999999921e-01,3.456585378645817691e-03
1.624830848999999910e-01,3.456559015604339542e-03
1.625854998000000051e-01,3.456488716257343982e-03
1.625982971000000110e-01,3.456479929037711927e-03
1.626110933999999897e-01,3.456471141877406113e-03
1.627006394000000133e-01,3.456409633007384921e-03
1.627134276999999962e-01,3.456400846238937962e-03
1.628156977000000116e-01,3.456330553540065860e-03
1.628540323000000067e-01,3.456304194567280143e-03
1.628923579999999871e-01,3.456277835984808075e-03
1.629562139999999881e-01,3.456233905947544375e-03
1.630072808999999956e-01,3.456198762777102067e-03
1.630455704999999866e-01,3.456172405867899595e-03
1.630583317000000032e-01,3.456163620320098617e-03
1.631603855000000047e-01,3.456093337668754428e-03
1.631986391999999952e-01,3.456066982454618786e-03
1.632113883999999904e-01,3.456058197487846088e-03
1.632496301999999955e-01,3.456031842823103876e-03
1.633006053000000124e-01,3.455996703903938851e-03
1.633133465000000117e-01,3.455987919279846898e-03
1.633260867999999921e-01,3.455979134718944849e-03
1.633643016999999920e-01,3.455952781304877982e-03
1.634025077000000048e-01,3.455926428314695133e-03
1.634279734000000095e-01,3.455908859858762474e-03
1.634661645000000108e-01,3.455882507548426429e-03
1.635170720000000133e-01,3.455847371796667844e-03
1.636315560999999918e-01,3.455768319049514360e-03
1.636569861999999931e-01,3.455750752319009661e-03
1.636696997000000042e-01,3.455741968995365739e-03
1.637332525999999899e-01,3.455698053111464982e-03
1.637713725000000120e-01,3.455671704155550278e-03
1.638221851999999978e-01,3.455636572875895370e-03
1.638602844000000003e-01,3.455610224874105033e-03
1.639364561999999970e-01,3.455557530152625085e-03
1.640125926999999872e-01,3.455504837108772792e-03
1.640379637000000113e-01,3.455487273118842788e-03
1.640760126999999957e-01,3.455460927471175857e-03
1.641140530000000097e-01,3.455434582269086528e-03
1.641267311000000062e-01,3.455425800629397665e-03
1.642154506999999874e-01,3.455364330440372379e-03
1.642281210000000047e-01,3.455355549192262645e-03
1.642661260000000123e-01,3.455329205650511850e-03
1.642787924000000122e-01,3.455320424549263806e-03
1.644307130000000061e-01,3.455215055145924915e-03
1.644433667000000099e-01,3.455206274645634523e-03
1.644686711999999995e-01,3.455188713836172994e-03
1.645319154999999867e-01,3.455144812592390782e-03
1.645445614000000112e-01,3.455136032456217546e-03
1.646456939000000008e-01,3.455065793240404571e-03
1.646709672999999985e-01,3.455048233893700475e-03
1.647341338999999960e-01,3.455004336387460656e-03
1.647846497000000077e-01,3.454969219171494330e-03
1.648351500999999941e-01,3.454934102698539993e-03
1.648477727999999864e-01,3.454925323713572624e-03
1.650243888000000048e-01,3.454802422625516053e-03
1.650748157999999965e-01,3.454767309657781702e-03
1.651378279000000060e-01,3.454723419547198020e-03
1.651504273999999939e-01,3.454714641669013285e-03
1.652260043999999872e-01,3.454661975323912709e-03
1.652385972000000036e-01,3.454653197787847969e-03
1.652511891000000011e-01,3.454644420259200040e-03
1.652889589000000048e-01,3.454618087991620512e-03
1.653267200000000103e-01,3.454591756148716469e-03
1.653393052000000085e-01,3.454582978965625457e-03
1.653518894000000072e-01,3.454574201806824476e-03
1.654399518000000124e-01,3.454512763117883849e-03
1.654902521999999931e-01,3.454477656274853974e-03
1.655531061999999942e-01,3.454433773821623341e-03
1.656787426000000119e-01,3.454346012340430826e-03
1.656913010000000130e-01,3.454337236468648514e-03
1.657540787000000015e-01,3.454293357695936012e-03
1.657917338999999879e-01,3.454267030976345201e-03
1.658544735999999964e-01,3.454223154073049647e-03
1.658921060999999919e-01,3.454196828473183808e-03
1.659422694000000087e-01,3.454161728331431487e-03
1.660425504999999968e-01,3.454091530289261133e-03
1.660550813999999986e-01,3.454082755721900669e-03
1.660801403000000120e-01,3.454065206774478269e-03
1.661302469000000004e-01,3.454030109420502467e-03
1.661928588000000095e-01,3.453986238748534866e-03
1.662429313000000075e-01,3.453951143078808593e-03
1.662554471000000089e-01,3.453942369289616891e-03
1.663430311999999911e-01,3.453880953914058305e-03
1.663930586000000045e-01,3.453845860435963890e-03
1.664305691999999892e-01,3.453819540856461947e-03
1.664555715999999908e-01,3.453801994669419579e-03
1.664805702999999915e-01,3.453784448668617123e-03
1.664930682000000106e-01,3.453775675764697746e-03
1.665305562999999933e-01,3.453749357233933288e-03
1.666429701000000096e-01,3.453670404223910251e-03
1.666804245000000073e-01,3.453644087410660812e-03
1.667553079999999910e-01,3.453591455006635880e-03
1.668426296999999947e-01,3.453530052627932622e-03
1.669423700000000066e-01,3.453459881230443521e-03
1.669548332999999940e-01,3.453451110022746733e-03
1.669922178000000090e-01,3.453424796670031237e-03
1.670420506999999999e-01,3.453389712847168731e-03
1.670918687999999874e-01,3.453354629759174989e-03
1.671416719999999911e-01,3.453319547406732189e-03
1.671541205000000030e-01,3.453310776929755140e-03
1.672536749999999905e-01,3.453240614815747574e-03
1.672785544000000013e-01,3.453223074778617382e-03
1.672909925999999936e-01,3.453214304804753075e-03
1.673283020000000121e-01,3.453187995198836891e-03
1.673531702999999926e-01,3.453170455682347522e-03
1.673904657999999990e-01,3.453144146790857686e-03
1.674277529000000042e-01,3.453117838252025423e-03
1.674401801000000023e-01,3.453109068866598401e-03
1.674774562999999938e-01,3.453082760927117002e-03
1.675519836000000096e-01,3.453030146270339319e-03
1.675892347999999865e-01,3.453003839603012610e-03
1.676885310000000018e-01,3.452933690457491572e-03
1.677257518999999975e-01,3.452907385296017165e-03
1.677381571000000071e-01,3.452898617011269152e-03
1.678497620000000135e-01,3.452819704428936390e-03
1.678745530000000097e-01,3.452802168799344335e-03
1.678869471999999974e-01,3.452793401070840609e-03
1.679489041999999988e-01,3.452749563039344931e-03
1.679860673999999943e-01,3.452723260808711423e-03
1.680232224000000052e-01,3.452696958970982374e-03
1.680479877999999927e-01,3.452679424658344244e-03
1.680727495999999876e-01,3.452661890539695036e-03
1.681346381000000112e-01,3.452618055969346959e-03
1.682212436999999949e-01,3.452556689579755998e-03
1.682830775999999973e-01,3.452512857829328433e-03
1.683819645999999892e-01,3.452442729425509588e-03
1.684313863999999938e-01,3.452407666340371988e-03
1.685178394999999885e-01,3.452346307718366213e-03
1.685425322000000115e-01,3.452328777059907039e-03
1.685795646000000092e-01,3.452302481497077861e-03
1.686289283999999888e-01,3.452267421348663174e-03
1.686659417999999966e-01,3.452241126739332127e-03
1.687276127000000014e-01,3.452197303335756851e-03
1.687769332000000067e-01,3.452162245411915121e-03
1.688262392999999861e-01,3.452127188223995564e-03
1.688385635999999912e-01,3.452118424069615474e-03
1.689124902999999955e-01,3.452065839961460450e-03
1.689248083000000067e-01,3.452057076105735992e-03
1.690233197999999881e-01,3.451986966963286555e-03
1.690356296999999952e-01,3.451978203539962740e-03
1.690602468999999886e-01,3.451960676809490841e-03
1.690725540999999943e-01,3.451951913479490378e-03
1.691709795999999932e-01,3.451881808768059862e-03
1.692570549000000091e-01,3.451820469594410207e-03
1.692693477999999974e-01,3.451811707022869880e-03
1.693185104999999913e-01,3.451776657279562090e-03
1.693307990000000041e-01,3.451767894929417147e-03
1.693676590000000037e-01,3.451741608248993631e-03
1.694290743999999904e-01,3.451697798005740146e-03
1.695150186999999919e-01,3.451636465583823345e-03
1.696254544999999947e-01,3.451557612990088005e-03
1.696622505000000003e-01,3.451531329602782004e-03
1.696990385000000101e-01,3.451505046645022591e-03
1.697112993999999875e-01,3.451496285742231603e-03
1.697235594000000014e-01,3.451487524913578794e-03
1.697603340999999932e-01,3.451461242640794028e-03
1.697971007999999893e-01,3.451434960773699934e-03
1.698093545999999898e-01,3.451426200261174457e-03
1.698461106999999970e-01,3.451399918973374788e-03
1.699195991000000128e-01,3.451347357661321575e-03
1.700420092000000105e-01,3.451259759101915365e-03
1.700542452999999898e-01,3.451250999531430171e-03
1.701031812000000087e-01,3.451215961593571361e-03
1.701521028999999907e-01,3.451180924371952119e-03
1.702010106000000078e-01,3.451145887951619865e-03
1.702132353999999959e-01,3.451137128919320486e-03
1.702376821999999901e-01,3.451119611062959235e-03
1.703110016000000115e-01,3.451067058622214658e-03
1.703842895000000079e-01,3.451014507838340468e-03
1.703965010999999863e-01,3.451005749511863209e-03
1.704331305000000019e-01,3.450979474887010210e-03
1.704819576000000114e-01,3.450944442692190691e-03
1.705429717999999983e-01,3.450900653480257554e-03
1.706039642000000134e-01,3.450856865411149402e-03
1.706405491000000108e-01,3.450830593138336840e-03
1.706893168999999988e-01,3.450795564085485777e-03
1.707015065999999970e-01,3.450786806951922775e-03
1.707989933999999876e-01,3.450716751417318064e-03
1.708233563000000066e-01,3.450699237971597503e-03
1.708355364999999959e-01,3.450690481367737952e-03
1.708720719000000055e-01,3.450664211692378459e-03
1.708964245000000048e-01,3.450646698841470725e-03
1.709816312000000116e-01,3.450585405267602400e-03
1.710789583000000003e-01,3.450515358246883466e-03
1.710911203000000103e-01,3.450506602552425375e-03
1.712248452000000032e-01,3.450410293254861909e-03
1.712612974999999926e-01,3.450384028054095855e-03
1.713584657999999983e-01,3.450313989536469683e-03
1.713706078999999993e-01,3.450305234928535691e-03
1.713827491999999897e-01,3.450296480362638821e-03
1.714070292000000051e-01,3.450278971360497444e-03
1.714677142000000098e-01,3.450235199708380322e-03
1.714798486000000122e-01,3.450226445499004688e-03
1.715162467999999940e-01,3.450200183207437991e-03
1.715526370999999883e-01,3.450173921339564926e-03
1.716011457000000129e-01,3.450138906131337661e-03
1.716617619999999955e-01,3.450095138173285558e-03
1.716738827000000023e-01,3.450086384724147717e-03
1.717102396999999891e-01,3.450060124639720439e-03
1.717708175999999864e-01,3.450016358752697448e-03
1.717950427000000113e-01,3.449998852750520931e-03
1.718071539999999897e-01,3.449990099766111172e-03
1.719524231000000014e-01,3.449885068042132449e-03
1.719887211999999999e-01,3.449858811146512029e-03
1.720008188999999910e-01,3.449850058923310207e-03
1.720612944000000089e-01,3.449806298617840231e-03
1.721338370999999923e-01,3.449753787720725301e-03
1.721459244999999916e-01,3.449745036042108689e-03
1.721821818000000004e-01,3.449718781381366783e-03
1.722425937000000018e-01,3.449675024513681153e-03
1.723392086999999961e-01,3.449605015920694569e-03
1.723874958000000124e-01,3.449570012702560685e-03
1.724357695000000024e-01,3.449535010263188838e-03
1.724478358000000044e-01,3.449526259751311240e-03
1.725443358000000038e-01,3.449456257431803355e-03
1.725684523999999886e-01,3.449438757336383693e-03
1.725805093999999984e-01,3.449430007312030613e-03
1.726407819000000121e-01,3.449386258046382037e-03
1.726769353000000007e-01,3.449360009058168985e-03
1.727733073000000119e-01,3.449290013753044531e-03
1.728214731999999920e-01,3.449255017227520221e-03
1.728335125999999888e-01,3.449246268187682127e-03
1.729057311999999957e-01,3.449193775032283714e-03
1.729297972999999933e-01,3.449176277685179516e-03
1.730140025999999942e-01,3.449115038383035025e-03
1.730981668000000084e-01,3.449053801397381717e-03
1.731222062999999978e-01,3.449036305507276971e-03
1.731462423000000028e-01,3.449018809811316838e-03
1.731943045000000070e-01,3.448983818998291144e-03
1.732063179999999980e-01,3.448975071398684231e-03
1.732543633999999999e-01,3.448940081526842300e-03
1.733144016000000009e-01,3.448896345148421035e-03
1.733384109999999978e-01,3.448878850952236466e-03
1.733984199999999976e-01,3.448835116233681022e-03
1.734104193000000071e-01,3.448826369451425070e-03
1.734464122999999913e-01,3.448800129308536230e-03
1.734823977999999933e-01,3.448773889533948700e-03
1.735063840000000135e-01,3.448756396659633395e-03
1.735423570000000082e-01,3.448730157607849192e-03
1.735783226000000012e-01,3.448703918972963710e-03
1.735903095000000118e-01,3.448695172878879500e-03
1.736981541000000018e-01,3.448616459908811389e-03
1.737221104999999988e-01,3.448598968667522698e-03
1.737340874999999951e-01,3.448590223098511962e-03
1.738298734000000012e-01,3.448520260260841581e-03
1.738777465999999938e-01,3.448485279945244335e-03
1.739614929999999948e-01,3.448424066167156236e-03
1.739854131000000137e-01,3.448406576981023069e-03
1.740691075999999948e-01,3.448345366119540296e-03
1.741647092999999979e-01,3.448275413621243804e-03
1.741766557999999965e-01,3.448266669754829466e-03
1.742602584999999871e-01,3.448205464047792573e-03
1.742721985000000029e-01,3.448196720556145727e-03
1.742960759999999942e-01,3.448179233735460241e-03
1.743080134999999975e-01,3.448170490369939500e-03
1.743676888000000036e-01,3.448126774348254063e-03
1.744034841999999863e-01,3.448100545264821525e-03
1.744392723000000034e-01,3.448074316625924455e-03
1.745465922999999975e-01,3.447995633094086843e-03
1.745942689999999964e-01,3.447960663872502458e-03
1.746300178999999897e-01,3.447934437409469043e-03
1.746538464999999873e-01,3.447916953369879224e-03
1.746895831999999982e-01,3.447890727583634730e-03
1.748324572000000132e-01,3.447785828730292376e-03
1.748443581000000135e-01,3.447777087483317859e-03
1.748800558999999977e-01,3.447750863928257786e-03
1.749395360999999871e-01,3.447707158921202528e-03
1.750227742999999891e-01,3.447645973884612761e-03
1.750346623000000046e-01,3.447637233339129626e-03
1.751178553999999943e-01,3.447576050920943182e-03
1.751653764999999974e-01,3.447541090511234939e-03
1.752010089000000104e-01,3.447514870689265959e-03
1.752485075000000114e-01,3.447479911603019021e-03
1.752603801000000017e-01,3.447471171913236813e-03
1.753553322999999997e-01,3.447401256302691855e-03
1.754027891000000117e-01,3.447366299591695521e-03
1.754146513000000018e-01,3.447357560567930902e-03
1.754383733000000056e-01,3.447340082588308714e-03
1.754502330999999915e-01,3.447331343652180590e-03
1.754858076999999961e-01,3.447305127152542736e-03
1.755095200000000022e-01,3.447287649721575854e-03
1.755450826000000131e-01,3.447261433916459696e-03
1.756280337999999996e-01,3.447200265330260024e-03
1.756872607999999947e-01,3.447156574872261604e-03
1.756991036999999978e-01,3.447147836912683484e-03
1.757346278999999956e-01,3.447121623333081371e-03
1.757701449000000082e-01,3.447095410136631535e-03
1.758648217999999874e-01,3.447025510385220027e-03
1.758766529000000134e-01,3.447016773074297515e-03
1.759830964000000109e-01,3.446938139767492804e-03
1.760067416999999967e-01,3.446920666201420871e-03
1.760185632000000056e-01,3.446911929518919285e-03
1.760776588000000087e-01,3.446868246642262237e-03
1.761131066000000134e-01,3.446842037479620844e-03
1.761485473000000135e-01,3.446815828739740236e-03
1.761603593000000134e-01,3.446807092555465545e-03
1.761957903999999964e-01,3.446780884363698141e-03
1.762075992000000091e-01,3.446772148393213806e-03
1.762548265999999975e-01,3.446737204944874070e-03
1.762666314000000123e-01,3.446728469202966442e-03
1.763610418000000069e-01,3.446658584887149143e-03
1.763964326999999943e-01,3.446632379076451907e-03
1.764436094000000066e-01,3.446597438579635311e-03
1.765261384000000044e-01,3.446536294454164654e-03
1.765379252000000010e-01,3.446527559786798523e-03
1.765732805999999933e-01,3.446501355981726987e-03
1.766204101000000137e-01,3.446466418299255069e-03
1.766321905000000081e-01,3.446457683973270375e-03
1.766793043000000063e-01,3.446422747132275085e-03
1.767617233000000065e-01,3.446361609513563101e-03
1.768323376000000002e-01,3.446309207609926477e-03
1.768676341000000041e-01,3.446283007303042357e-03
1.769264459999999872e-01,3.446239340990784033e-03
1.769969946000000127e-01,3.446186942949849667e-03
1.770087499000000120e-01,3.446178210103005134e-03
1.771027646999999983e-01,3.446108349011348278e-03
1.771145130000000012e-01,3.446099616567882030e-03
1.771380073000000110e-01,3.446082151863227774e-03
1.771497532999999902e-01,3.446073419551013740e-03
1.772436933000000048e-01,3.446003562910054940e-03
1.773258498999999988e-01,3.445942440714032124e-03
1.773845098999999870e-01,3.445898783383610775e-03
1.774314240000000042e-01,3.445863858373984703e-03
1.774783255999999865e-01,3.445828934073200036e-03
1.774900490999999914e-01,3.445820203126214679e-03
1.775252149000000057e-01,3.445794010554547541e-03
1.775720916999999899e-01,3.445759087685427123e-03
1.775838090000000091e-01,3.445750357147953601e-03
1.776658084000000137e-01,3.445689244290772984e-03
1.776775194999999918e-01,3.445680514081072426e-03
1.777126481000000091e-01,3.445654323651179459e-03
1.777477698999999911e-01,3.445628133705906648e-03
1.777711804999999867e-01,3.445610673976710805e-03
1.778881874999999890e-01,3.445523377928204605e-03
1.778998838999999998e-01,3.445514648600597925e-03
1.779583546999999877e-01,3.445471002550302714e-03
1.780518680000000020e-01,3.445401171293646213e-03
1.780869227999999915e-01,3.445374985326131630e-03
1.781219708000000013e-01,3.445348799752933136e-03
1.781336518999999952e-01,3.445340071315537104e-03
1.782153982000000136e-01,3.445278973631158738e-03
1.782270732000000024e-01,3.445270245563575393e-03
1.783321136999999890e-01,3.445191695076314439e-03
1.784137691000000081e-01,3.445130602844179765e-03
1.784254311000000037e-01,3.445121875594564943e-03
1.784487527999999990e-01,3.445104421194204129e-03
1.786119197000000103e-01,3.444982245422969786e-03
1.786468646000000104e-01,3.444956066082922874e-03
1.786934471999999940e-01,3.444921160911216303e-03
1.787400177000000034e-01,3.444886256461227991e-03
1.787865760000000026e-01,3.444851352812227860e-03
1.788214868000000124e-01,3.444825175507092684e-03
1.788331221999999998e-01,3.444816449853354504e-03
1.788680239000000061e-01,3.444790273098397287e-03
1.788912879000000011e-01,3.444772822201392932e-03
1.789261782999999884e-01,3.444746646153329893e-03
1.789610618999999958e-01,3.444720470524682224e-03
1.790772912999999966e-01,3.444633221418304594e-03
1.791121454000000057e-01,3.444607047608375713e-03
1.791469927999999878e-01,3.444580874180800268e-03
1.791586071000000058e-01,3.444572149836742751e-03
1.792050565999999956e-01,3.444537252749251769e-03
1.792398859000000066e-01,3.444511080430652083e-03
1.793559346999999971e-01,3.444423842364763722e-03
1.793791354000000005e-01,3.444406395320087112e-03
1.794487197000000089e-01,3.444354055228321214e-03
1.794835016999999922e-01,3.444327885794115640e-03
1.795182768999999956e-01,3.444301716831240073e-03
1.795298671999999984e-01,3.444292993896315349e-03
1.795646334000000066e-01,3.444266825453764450e-03
1.796225623000000104e-01,3.444223212294045353e-03
1.796341458000000058e-01,3.444214489783783972e-03
1.796688918999999884e-01,3.444188322573976148e-03
1.797036312999999996e-01,3.444162155756640836e-03
1.797267871000000072e-01,3.444144711444748277e-03
1.797615153000000077e-01,3.444118545346771566e-03
1.798078092000000017e-01,3.444083657846827053e-03
1.799119267000000022e-01,3.444005163624605601e-03
1.799350557000000128e-01,3.443987720991126093e-03
1.799928654000000072e-01,3.443944115160111480e-03
1.800044251000000040e-01,3.443935394126866091e-03
1.800390997000000104e-01,3.443909231341798355e-03
1.800853221000000004e-01,3.443874348268326484e-03
1.800968759000000086e-01,3.443865627604748934e-03
1.801199812000000011e-01,3.443848186420385860e-03
1.801777314999999935e-01,3.443804584256706779e-03
1.802585508000000003e-01,3.443743543209142575e-03
1.803162567000000105e-01,3.443699943780269366e-03
1.803508714000000013e-01,3.443673784686795969e-03
1.803624081000000101e-01,3.443665065080937868e-03
1.804546756000000030e-01,3.443595309949634350e-03
1.805007915999999879e-01,3.443560433442299437e-03
1.805584201000000055e-01,3.443516838878420486e-03
1.805929883000000069e-01,3.443490682700825999e-03
1.806275499999999978e-01,3.443464526938363850e-03
1.806390690000000132e-01,3.443455808421945485e-03
1.806736218999999977e-01,3.443429653215272692e-03
1.807196819999999926e-01,3.443394780204113784e-03
1.807427077000000049e-01,3.443377343992881992e-03
1.807772407000000081e-01,3.443351189983557409e-03
1.808232744999999919e-01,3.443316318670365788e-03
1.808347811000000083e-01,3.443307600973807229e-03
1.809153068000000086e-01,3.443246578208080007e-03
1.810072923999999917e-01,3.443176840643915205e-03
1.810532676999999924e-01,3.443141972986564839e-03
1.810877415000000101e-01,3.443115822747630939e-03
1.811796394999999893e-01,3.443046090717659467e-03
1.812255711000000102e-01,3.443011225790998907e-03
1.812370520999999901e-01,3.443002509713753538e-03
1.812829690999999965e-01,3.442967645693016752e-03
1.813288744999999869e-01,3.442932782455922647e-03
1.814665209000000112e-01,3.442828197092903837e-03
1.815582272000000053e-01,3.442758477179226444e-03
1.815696871999999962e-01,3.442749762402063946e-03
1.816040630000000100e-01,3.442723618328911040e-03
1.816498871999999987e-01,3.442688760187617453e-03
1.816613414000000093e-01,3.442680045796862875e-03
1.816956999000000073e-01,3.442653902811227198e-03
1.817415009999999997e-01,3.442619046203212758e-03
1.817529494000000023e-01,3.442610332098959471e-03
1.817758442000000085e-01,3.442592904167751048e-03
1.818445113000000113e-01,3.442540621400203005e-03
1.818788350999999970e-01,3.442514480633622996e-03
1.819360270000000002e-01,3.442470913607177749e-03
1.819588987999999907e-01,3.442453487109798076e-03
1.819703336000000060e-01,3.442444773947031262e-03
1.821074950999999886e-01,3.442340219437288983e-03
1.821189206000000116e-01,3.442331506837760860e-03
1.821417693999999865e-01,3.442314081830737203e-03
1.821874582999999936e-01,3.442279232305606521e-03
1.822102985000000064e-01,3.442261807857948785e-03
1.822902165999999990e-01,3.442200823660578838e-03
1.823244565000000095e-01,3.442174688230330033e-03
1.823815087000000001e-01,3.442131130154921746e-03
1.824613518000000045e-01,3.442070150801468734e-03
1.824841577000000103e-01,3.442052728552954643e-03
1.825183612000000066e-01,3.442026595459515403e-03
1.825639559999999995e-01,3.441991752040254437e-03
1.825753528999999875e-01,3.441983041282344318e-03
1.826551111999999977e-01,3.441922067365577129e-03
1.826892827000000108e-01,3.441895936358253891e-03
1.827006717999999919e-01,3.441887226145788105e-03
1.827576066000000110e-01,3.441843675595221679e-03
1.828372853999999936e-01,3.441782706823992132e-03
1.828714228999999969e-01,3.441756578004897225e-03
1.829396786999999969e-01,3.441704321708095350e-03
1.829737969999999936e-01,3.441678194118752421e-03
1.830647481999999882e-01,3.441608522678683835e-03
1.832010903000000079e-01,3.441504020966144797e-03
1.832124475999999946e-01,3.441495312782535260e-03
1.832351600000000080e-01,3.441477896596594789e-03
1.832465151999999875e-01,3.441469188507826054e-03
1.832805764000000059e-01,3.441443064706661229e-03
1.833373309999999923e-01,3.441399525849790295e-03
1.833713754000000085e-01,3.441373403126095180e-03
1.833827221000000063e-01,3.441364695635391879e-03
1.833940681000000017e-01,3.441355988195144745e-03
1.834734705999999937e-01,3.441295037354815886e-03
1.834848109999999977e-01,3.441286330313721251e-03
1.835188279999999950e-01,3.441260209349615573e-03
1.835755089999999978e-01,3.441216675361734832e-03
1.835981764999999877e-01,3.441199262057834888e-03
1.836095091999999929e-01,3.441190555522178392e-03
1.836435030999999940e-01,3.441164436080521982e-03
1.836548329999999896e-01,3.441155729657512357e-03
1.837001456000000033e-01,3.441120904572143955e-03
1.837567706999999884e-01,3.441077374223793731e-03
1.837794158000000122e-01,3.441059962438580873e-03
1.837907373000000066e-01,3.441051256594478396e-03
1.838812844000000113e-01,3.440981611507952422e-03
1.840057139000000064e-01,3.440885854366387397e-03
1.840283283999999964e-01,3.440868444517480255e-03
1.840961552000000001e-01,3.440816216259526099e-03
1.841074572999999992e-01,3.440807511693089096e-03
1.841187585999999876e-01,3.440798807198321759e-03
1.841526585000000105e-01,3.440772693919873313e-03
1.842881956999999904e-01,3.440668245013352514e-03
1.843220644000000130e-01,3.440642133836249641e-03
1.843672131000000103e-01,3.440607319538920971e-03
1.844687570000000110e-01,3.440528990075979957e-03
1.845025925999999872e-01,3.440502881083412189e-03
1.845138698000000077e-01,3.440494178211738439e-03
1.845589715000000020e-01,3.440459367023001279e-03
1.845702452000000104e-01,3.440450664342524414e-03
1.846378728999999996e-01,3.440398449202605128e-03
1.846604099999999971e-01,3.440381044556143665e-03
1.847280048000000119e-01,3.440328831652622512e-03
1.848293504999999892e-01,3.440250515365164338e-03
1.848406076999999925e-01,3.440241813809066709e-03
1.848631201000000002e-01,3.440224410794348164e-03
1.849643917999999887e-01,3.440146099498829577e-03
1.849981367000000099e-01,3.440119996492469866e-03
1.850206299000000110e-01,3.440102594762345280e-03
1.850431204000000107e-01,3.440085193247538475e-03
1.850993345999999984e-01,3.440041690127240964e-03
1.851442936999999900e-01,3.440006888510884452e-03
1.852004771000000105e-01,3.439963387459319278e-03
1.852229458000000106e-01,3.439945987416059749e-03
1.852341791000000071e-01,3.439937287414126035e-03
1.852791054000000048e-01,3.439902487963834160e-03
1.853801499000000130e-01,3.439824191889906055e-03
1.854474822000000134e-01,3.439771996541223127e-03
1.854699209000000015e-01,3.439754598480352678e-03
1.855035738999999961e-01,3.439728501752328024e-03
1.855484350000000116e-01,3.439693706691437751e-03
1.855820736999999887e-01,3.439667610846338774e-03
1.856381246999999901e-01,3.439624118780506765e-03
1.856493328999999914e-01,3.439615420514078020e-03
1.856829533000000088e-01,3.439589325919519078e-03
1.857389738999999929e-01,3.439545835880091287e-03
1.857725781000000020e-01,3.439519742387843297e-03
1.858061762000000061e-01,3.439493649360072288e-03
1.858173741999999962e-01,3.439484951778860617e-03
1.858285715999999921e-01,3.439476254209561292e-03
1.859181260999999974e-01,3.439406675477377478e-03
1.860076375999999976e-01,3.439337099627155260e-03
1.860411932000000101e-01,3.439311009476032823e-03
1.860747429000000064e-01,3.439284919673100179e-03
1.860859246999999883e-01,3.439276223176113666e-03
1.861194663000000082e-01,3.439250133956749372e-03
1.861306454999999971e-01,3.439241437644366926e-03
1.861753555000000004e-01,3.439206652826586399e-03
1.861865313000000133e-01,3.439197956769559587e-03
1.862200548000000067e-01,3.439171868764763235e-03
1.862535721999999949e-01,3.439145781198779932e-03
1.863540881999999899e-01,3.439067520970960461e-03
1.864322298999999961e-01,3.439006654455977786e-03
1.864433903000000115e-01,3.438997959434269072e-03
1.864545501000000050e-01,3.438989264409916639e-03
1.864768676000000125e-01,3.438971874622858815e-03
1.864880254000000070e-01,3.438963179743355358e-03
1.865326496999999972e-01,3.438928400774238399e-03
1.865438040999999880e-01,3.438919706207096624e-03
1.866218664000000027e-01,3.438858845126809179e-03
1.867110404000000001e-01,3.438789292325375967e-03
1.867556113999999934e-01,3.438754517063467159e-03
1.868335852000000130e-01,3.438693662057327408e-03
1.868447216000000133e-01,3.438684968712846495e-03
1.868781270000000050e-01,3.438658888778049674e-03
1.869894350999999899e-01,3.438571958852877381e-03
1.870228146000000036e-01,3.438545880715755849e-03
1.870784339000000074e-01,3.438502418130685422e-03
1.871896228999999912e-01,3.438415496394223256e-03
1.872340799999999972e-01,3.438380728988855387e-03
1.872451927000000071e-01,3.438372037229280292e-03
1.872896366000000035e-01,3.438337270699784714e-03
1.873340699999999914e-01,3.438302504919449852e-03
1.873451765999999963e-01,3.438293813594136758e-03
1.875227942999999897e-01,3.438154758575433928e-03
1.875449847000000003e-01,3.438137377482924223e-03
1.876115401000000016e-01,3.438085235406449554e-03
1.876448089999999957e-01,3.438059165039139727e-03
1.876780718999999931e-01,3.438033095039841943e-03
1.876891582000000114e-01,3.438024405097734899e-03
1.877224133000000017e-01,3.437998335634470572e-03
1.877334971000000075e-01,3.437989645913100151e-03
1.877778253999999869e-01,3.437954887468302415e-03
1.878221432999999940e-01,3.437920129745055970e-03
1.878553748000000023e-01,3.437894061906490283e-03
1.878775259000000086e-01,3.437876683555516309e-03
1.879107476999999915e-01,3.437850616448260600e-03
1.879439635000000053e-01,3.437824549727184695e-03
1.879550342000000096e-01,3.437815860934840661e-03
1.880435759999999901e-01,3.437746352049493494e-03
1.880767684000000106e-01,3.437720286978401558e-03
1.880878311999999997e-01,3.437711598680273737e-03
1.881431356999999915e-01,3.437668158085980998e-03
1.882205345999999890e-01,3.437607343103880886e-03
1.882536958000000094e-01,3.437581280175832071e-03
1.883089514999999881e-01,3.437537842970352434e-03
1.883200006999999898e-01,3.437529155633757549e-03
1.883862823000000131e-01,3.437477032802404436e-03
1.884083709000000106e-01,3.437459658844504475e-03
1.884856608999999905e-01,3.437398851566221981e-03
1.885298123999999964e-01,3.437364105507672088e-03
1.885739535000000022e-01,3.437329360217233464e-03
1.885849871999999983e-01,3.437320674015976931e-03
1.886070525999999914e-01,3.437303301686703456e-03
1.886511757000000067e-01,3.437268557698625396e-03
1.887834830000000019e-01,3.437164330050812566e-03
1.888496018999999970e-01,3.437112218657297543e-03
1.888826526000000061e-01,3.437086163568464550e-03
1.889267112999999942e-01,3.437051424121871299e-03
1.889377244000000067e-01,3.437042739349145237e-03
1.889707596999999906e-01,3.437016685372139019e-03
1.890037893000000024e-01,3.436990631842068693e-03
1.890147979000000034e-01,3.436981947409257793e-03
1.890258058000000019e-01,3.436973263015634297e-03
1.891028433999999980e-01,3.436912473609485697e-03
1.891138461999999909e-01,3.436903789602539869e-03
1.891468507999999882e-01,3.436877737837889385e-03
1.892348349000000096e-01,3.436808268412418557e-03
1.892678184000000097e-01,3.436782218171692289e-03
1.892788116000000131e-01,3.436773534791643867e-03
1.893117874999999950e-01,3.436747485054491777e-03
1.894106805000000116e-01,3.436669338353798373e-03
1.894985421000000003e-01,3.436599877746896684e-03
1.895424575999999917e-01,3.436565148506153487e-03
1.896302582000000125e-01,3.436495692214128813e-03
1.896412303999999993e-01,3.436487010420311104e-03
1.896631729000000099e-01,3.436469646910821074e-03
1.897180179999999883e-01,3.436426238942801546e-03
1.897289852000000054e-01,3.436417557453797303e-03
1.897618828000000035e-01,3.436391513348078467e-03
1.897947747000000018e-01,3.436365469628986126e-03
1.898166994000000107e-01,3.436348107415930844e-03
1.898386216999999876e-01,3.436330745348430572e-03
1.898934161999999981e-01,3.436287341000521332e-03
1.899372404000000125e-01,3.436252618343915450e-03
1.899920063999999964e-01,3.436209216092863620e-03
1.900139083999999867e-01,3.436191855481150227e-03
1.900248585000000046e-01,3.436183175218591578e-03
1.900686524000000099e-01,3.436148454795526740e-03
1.901124362000000123e-01,3.436113735047346528e-03
1.901562099000000117e-01,3.436079016068637176e-03
1.901890336000000015e-01,3.436052977256349398e-03
1.901999735999999885e-01,3.436044297740147718e-03
1.902546639999999900e-01,3.436000900991426250e-03
1.903202717999999960e-01,3.435948826271449132e-03
1.903312041999999926e-01,3.435940147348256601e-03
1.904077136000000003e-01,3.435879395920032192e-03
1.904186409999999996e-01,3.435870717399709673e-03
1.904295678000000047e-01,3.435862038792295362e-03
1.904951152999999897e-01,3.435809968534187051e-03
1.905169594999999994e-01,3.435792612161274375e-03
1.905497210000000052e-01,3.435766577881827714e-03
1.906043111000000068e-01,3.435723188372594335e-03
1.906807108999999945e-01,3.435662444964365184e-03
1.906916227000000075e-01,3.435653767507978931e-03
1.907243542000000014e-01,3.435627735439706221e-03
1.907570802000000121e-01,3.435601703773715886e-03
1.907788943000000015e-01,3.435584349593686672e-03
1.908116109000000116e-01,3.435558318636985735e-03
1.908552242999999871e-01,3.435523611332529093e-03
1.909424211000000093e-01,3.435454198823468218e-03
1.909533179000000025e-01,3.435445522489674001e-03
1.909860046000000089e-01,3.435419493729012421e-03
1.910186856999999960e-01,3.435393465355360710e-03
1.910404699999999900e-01,3.435376113336940061e-03
1.911058079000000076e-01,3.435324058382586542e-03
1.911928904999999901e-01,3.435254654272148177e-03
1.912364169000000114e-01,3.435219953367687085e-03
1.912908110000000050e-01,3.435176578252359912e-03
1.913016879999999975e-01,3.435167903331211303e-03
1.913778093999999874e-01,3.435107180336081315e-03
1.914756353000000022e-01,3.435029111247423633e-03
1.915625497000000010e-01,3.434959719622265439e-03
1.915842721000000082e-01,3.434942372123267820e-03
1.915951324000000067e-01,3.434933698481094401e-03
1.916385674999999955e-01,3.434899004283876577e-03
1.916819926999999979e-01,3.434864310836124781e-03
1.917254080000000138e-01,3.434829618096258991e-03
1.917579631000000118e-01,3.434803599057248847e-03
1.917688136000000043e-01,3.434794926125294204e-03
1.918013613000000006e-01,3.434768907563885525e-03
1.918230566999999942e-01,3.434751562090772575e-03
1.918555952000000064e-01,3.434725544275732574e-03
1.918989712999999986e-01,3.434690854426672001e-03
1.919314968999999982e-01,3.434664837614857715e-03
1.919856940000000123e-01,3.434621477013885538e-03
1.920290406999999866e-01,3.434586789430897277e-03
1.920615442999999978e-01,3.434560774178627152e-03
1.920723776000000105e-01,3.434552102490138776e-03
1.921157048000000089e-01,3.434517416297541790e-03
1.921481936999999973e-01,3.434491402219157739e-03
1.921698498999999949e-01,3.434474059646950000e-03
1.922564505000000090e-01,3.434404691330996632e-03
1.922780946000000046e-01,3.434387349710021908e-03
1.922889157000000071e-01,3.434378678952782534e-03
1.923754625999999912e-01,3.434309314611664384e-03
1.924511593000000076e-01,3.434248623258821711e-03
1.925052100999999904e-01,3.434205273633376878e-03
1.925160184999999968e-01,3.434196603849075814e-03
1.925808558000000059e-01,3.434144586045918043e-03
1.926024634000000069e-01,3.434127247168974450e-03
1.926348702000000024e-01,3.434101239201353770e-03
1.927644430999999881e-01,3.433997211268806967e-03
1.928076146999999907e-01,3.433962536780310344e-03
1.928399870999999988e-01,3.433936531430798952e-03
1.928615656000000067e-01,3.433919194705341380e-03
1.928939289000000112e-01,3.433893189987392066e-03
1.929370715000000014e-01,3.433858517649150677e-03
1.929694221999999904e-01,3.433832513919292482e-03
1.930341071999999991e-01,3.433780507578971034e-03
1.930664415999999994e-01,3.433754505082178138e-03
1.931203202000000008e-01,3.433711168416426519e-03
1.931957250000000126e-01,3.433650499055651735e-03
1.932388002000000049e-01,3.433615831862407188e-03
1.932926308000000037e-01,3.433572498803137002e-03
1.933141587999999966e-01,3.433555165956994702e-03
1.933787285000000133e-01,3.433503168375822475e-03
1.934110052999999940e-01,3.433477170232238779e-03
1.934432766999999997e-01,3.433451172490833373e-03
1.934540325999999921e-01,3.433442506698436772e-03
1.934862968000000127e-01,3.433416509454308065e-03
1.935293073000000086e-01,3.433381847166764363e-03
1.935400585000000007e-01,3.433373181690846376e-03
1.935830571000000111e-01,3.433338520332468707e-03
1.936367920000000020e-01,3.433295194615138511e-03
1.936690256999999971e-01,3.433269199728641689e-03
1.937979070999999998e-01,3.433165224295397101e-03
1.938086434000000080e-01,3.433156560017273581e-03
1.938301141000000061e-01,3.433139231444051840e-03
1.938408484999999959e-01,3.433130567320917623e-03
1.938730483999999976e-01,3.433104575028394015e-03
1.938945119000000106e-01,3.433087247070791808e-03
1.939588884000000013e-01,3.433035264246355779e-03
1.939696156999999865e-01,3.433026600632203742e-03
1.940554130999999904e-01,3.432957293135861006e-03
1.940661351000000090e-01,3.432948629872526001e-03
1.941840380000000033e-01,3.432853337358797614e-03
1.942268940999999915e-01,3.432818686871934571e-03
1.943232856000000064e-01,3.432740726006322431e-03
1.943446994999999955e-01,3.432723401819612677e-03
1.943554054999999947e-01,3.432714739849448537e-03
1.943982237999999918e-01,3.432680092283409232e-03
1.944838319999999954e-01,3.432610799400952553e-03
1.944945304000000041e-01,3.432602137973338793e-03
1.945159254000000115e-01,3.432584815307899127e-03
1.945800963000000050e-01,3.432532848298804323e-03
1.946442459999999930e-01,3.432480882966417336e-03
1.946656244999999952e-01,3.432463561581001067e-03
1.946976878999999994e-01,3.432437579776024487e-03
1.947404309000000111e-01,3.432402938055502395e-03
1.947831644999999945e-01,3.432368297034828035e-03
1.948365683999999931e-01,3.432324996854651394e-03
1.948579257999999981e-01,3.432307677076360149e-03
1.948686037000000038e-01,3.432299017251529832e-03
1.949540053000000106e-01,3.432229740361881359e-03
1.949966921000000075e-01,3.432195102939022621e-03
1.950287011000000070e-01,3.432169125422712252e-03
1.950927033000000033e-01,3.432117171585790435e-03
1.951673459999999916e-01,3.432056560760742697e-03
1.952099861999999908e-01,3.432021927043707801e-03
1.952419602000000087e-01,3.431995952263704273e-03
1.952526169999999894e-01,3.431987294060715506e-03
1.952632733000000120e-01,3.431978635913899688e-03
1.953378507999999902e-01,3.431918030273398753e-03
1.953698038999999997e-01,3.431892057064121846e-03
1.953804537000000119e-01,3.431883399408461321e-03
1.954336943999999965e-01,3.431840111942965118e-03
1.954656318000000115e-01,3.431814140006777484e-03
1.955401321000000137e-01,3.431753540362832665e-03
1.955507726999999862e-01,3.431744883463091773e-03
1.955933293000000073e-01,3.431710256276977213e-03
1.956039669000000092e-01,3.431701599629997674e-03
1.956358766000000082e-01,3.431675629823345303e-03
1.957634629999999987e-01,3.431571754812446935e-03
1.958378500000000078e-01,3.431511164156301336e-03
1.958484744000000000e-01,3.431502508502464431e-03
1.958803442000000006e-01,3.431476541853139325e-03
1.958909662999999968e-01,3.431467886427452818e-03
1.959228292000000093e-01,3.431441920285495297e-03
1.959334490000000095e-01,3.431433265043703790e-03
1.960077715000000109e-01,3.431372679443424941e-03
1.960502288000000037e-01,3.431338060071086916e-03
1.961032876000000091e-01,3.431294786905341766e-03
1.961138976000000034e-01,3.431286132378423299e-03
1.961457242999999906e-01,3.431260169133093594e-03
1.961775457999999916e-01,3.431234206324811856e-03
1.961987571999999902e-01,3.431216898003936356e-03
1.962199664000000010e-01,3.431199589913298559e-03
1.962623777999999986e-01,3.431164974134773282e-03
1.962729793000000111e-01,3.431156320300269257e-03
1.963577700999999953e-01,3.431087091426767832e-03
1.963683663999999940e-01,3.431078437987007505e-03
1.964531160000000110e-01,3.431009212406262773e-03
1.964848876999999994e-01,3.430983253548853650e-03
1.965166543000000099e-01,3.430957295069847566e-03
1.965272419999999909e-01,3.430948642373532476e-03
1.966225058000000137e-01,3.430870769833179335e-03
1.966542501000000109e-01,3.430844813128586333e-03
1.966965679000000078e-01,3.430810204923773546e-03
1.967071458999999911e-01,3.430801552895833967e-03
1.967811761999999909e-01,3.430740990531784031e-03
1.968763171000000034e-01,3.430663127862687047e-03
1.968974531999999888e-01,3.430645825517009313e-03
1.969397187999999965e-01,3.430611221412102705e-03
1.969925378999999865e-01,3.430567967321190414e-03
1.970664609999999983e-01,3.430507413482084683e-03
1.970770192000000087e-01,3.430498763108956375e-03
1.971192461999999868e-01,3.430464162157778781e-03
1.971614641999999973e-01,3.430429561827219760e-03
1.971931218000000097e-01,3.430403612104583003e-03
1.972142239999999935e-01,3.430386312479001554e-03
1.972458730999999965e-01,3.430360363491553183e-03
1.973618762999999887e-01,3.430265220443158569e-03
1.974040424000000071e-01,3.430230624345039468e-03
1.974145824999999910e-01,3.430221975431376955e-03
1.974672747000000006e-01,3.430178731531830644e-03
1.975304867000000075e-01,3.430126840349543779e-03
1.975410200999999921e-01,3.430118191986692832e-03
1.975515529000000103e-01,3.430109543712295001e-03
1.976252668000000046e-01,3.430049006710728012e-03
1.976357951000000113e-01,3.430040358782536318e-03
1.976673767000000081e-01,3.430014415120357686e-03
1.977410474999999890e-01,3.429953881666546103e-03
1.977515696000000101e-01,3.429945234166125508e-03
1.978777918000000080e-01,3.429841468220707745e-03
1.978883066999999885e-01,3.429832821366749201e-03
1.979093348000000030e-01,3.429815527788959793e-03
1.979198480000000093e-01,3.429806881068028952e-03
1.979724056000000121e-01,3.429763648058100842e-03
1.980039335000000067e-01,3.429737708783450311e-03
1.980459629000000110e-01,3.429703123771315337e-03
1.980774791000000090e-01,3.429677185452485733e-03
1.981299948999999949e-01,3.429633955912140316e-03
1.981404964000000046e-01,3.429625310127362107e-03
1.981719976000000105e-01,3.429599373054197965e-03
1.982139913000000031e-01,3.429564790958991843e-03
1.982244884000000096e-01,3.429556145506340321e-03
1.982559761999999892e-01,3.429530209531067055e-03
1.982874589999999992e-01,3.429504273926838997e-03
1.983818773999999896e-01,3.429426469678098673e-03
1.983923656000000091e-01,3.429417825046008651e-03
1.984238268000000083e-01,3.429391891227004038e-03
1.984762509000000119e-01,3.429348669138224462e-03
1.985076987999999931e-01,3.429322736381937471e-03
1.985391417000000047e-01,3.429296804128216351e-03
1.985496216000000036e-01,3.429288160124027707e-03
1.985915353999999911e-01,3.429253584469238361e-03
1.987067530000000137e-01,3.429158505380974775e-03
1.987276944999999961e-01,3.429141218846621948e-03
1.988009722999999895e-01,3.429080717405788570e-03
1.988846853000000026e-01,3.429011575709917711e-03
1.988951469999999944e-01,3.429002933191058720e-03
1.989160685999999956e-01,3.428985648287276571e-03
1.989265286000000132e-01,3.428977005949061276e-03
1.989579052999999875e-01,3.428951079059398312e-03
1.990520057000000065e-01,3.428873300920213477e-03
1.990624585000000113e-01,3.428864659096469460e-03
1.990833626000000078e-01,3.428847375656659483e-03
1.991356132000000057e-01,3.428804167863677959e-03
1.991460616000000072e-01,3.428795526463824465e-03
1.991774037000000053e-01,3.428769602435329834e-03
1.992087408999999865e-01,3.428743678835786783e-03
1.992505160999999969e-01,3.428709114702807419e-03
1.992922826000000092e-01,3.428674551273252352e-03
1.993444783999999970e-01,3.428631348015604742e-03
1.993862251999999891e-01,3.428596786223361489e-03
1.993966604999999892e-01,3.428588145856521514e-03
1.994175294999999959e-01,3.428570865304347848e-03
1.995114131000000068e-01,3.428493105141809660e-03
1.995844031000000018e-01,3.428432627512704479e-03
1.996365224999999965e-01,3.428389430643206861e-03
1.996469448000000035e-01,3.428380791413793410e-03
1.997303031999999867e-01,3.428311678989266146e-03
1.998032133000000043e-01,3.428251208066668710e-03
1.998136268000000049e-01,3.428242569534555549e-03
1.998865065000000052e-01,3.428182101186796026e-03
1.998969157000000108e-01,3.428173462996749084e-03
1.999177325000000005e-01,3.428156186858144321e-03
1.999281401000000125e-01,3.428147548798101459e-03
1.999593595999999973e-01,3.428121635029592832e-03
1.999801699000000044e-01,3.428104359357778737e-03
2.000113813000000129e-01,3.428078446263629984e-03
2.000425878000000046e-01,3.428052533535105861e-03
2.000841888999999874e-01,3.428017983860294667e-03
2.000945879000000094e-01,3.428009346551293829e-03
2.001465743999999991e-01,3.427966160713157365e-03
2.001777597999999936e-01,3.427940249825850525e-03
2.002297248000000085e-01,3.427897065811644391e-03
2.002920649000000108e-01,3.427845246469755306e-03
2.003855387000000043e-01,3.427767520518820287e-03
2.003959220000000041e-01,3.427758884560656860e-03
2.004270686999999884e-01,3.427732976919505969e-03
2.004685900000000021e-01,3.427698433934135442e-03
2.005101026999999980e-01,3.427663891668704214e-03
2.005516069000000123e-01,3.427629350208830864e-03
2.005827293000000122e-01,3.427603444605119634e-03
2.006345894000000074e-01,3.427560269377227624e-03
2.006760676999999882e-01,3.427525730085020060e-03
2.007071709000000093e-01,3.427499826041549048e-03
2.007486343000000062e-01,3.427465287962339503e-03
2.007589988000000047e-01,3.427456653591909059e-03
2.008004515000000045e-01,3.427422116454402392e-03
2.008833311999999871e-01,3.427353044294706094e-03
2.008936887999999976e-01,3.427344410517179848e-03
2.009144022999999890e-01,3.427327143028223357e-03
2.009247581999999976e-01,3.427318509341256616e-03
2.009558228999999974e-01,3.427292608634551364e-03
2.011317653999999955e-01,3.427145845307062559e-03
2.011421102000000016e-01,3.427137212587074485e-03
2.011731412999999968e-01,3.427111314725001748e-03
2.012558674999999908e-01,3.427042255670280889e-03
2.012868810000000008e-01,3.427016359244494138e-03
2.013075541000000079e-01,3.426999095193560951e-03
2.013798931000000125e-01,3.426938672443659382e-03
2.014108874999999965e-01,3.426912777709911935e-03
2.014212180000000130e-01,3.426904146140217697e-03
2.014728621999999914e-01,3.426860989357298232e-03
2.015348177000000074e-01,3.426809202622710989e-03
2.015761108999999940e-01,3.426774679035408250e-03
2.016277153999999905e-01,3.426731525619501183e-03
2.016380346999999962e-01,3.426722895091667987e-03
2.016689895000000066e-01,3.426697003697293156e-03
2.017205703000000128e-01,3.426653852281508379e-03
2.017515123999999993e-01,3.426627961995849531e-03
2.018649262999999972e-01,3.426533034422767857e-03
2.019164569999999936e-01,3.426489887294979254e-03
2.019473690999999960e-01,3.426463999591865695e-03
2.019576721000000130e-01,3.426455370476419633e-03
2.019679745000000082e-01,3.426446741329688701e-03
2.019988788000000035e-01,3.426420854288220359e-03
2.020297782000000097e-01,3.426394967618952986e-03
2.020400770000000124e-01,3.426386338898649176e-03
2.020503753000000013e-01,3.426377710138729486e-03
2.021224483999999877e-01,3.426317310255253684e-03
2.021327424999999900e-01,3.426308681791516344e-03
2.022150761000000019e-01,3.426239656438635848e-03
2.022459424999999977e-01,3.426213772684790718e-03
2.022768043000000016e-01,3.426187889234846590e-03
2.022870904999999886e-01,3.426179261578096540e-03
2.023282301000000061e-01,3.426144751268860381e-03
2.023693612999999947e-01,3.426110241594470130e-03
2.024618760000000128e-01,3.426032597600617291e-03
2.025338026999999874e-01,3.425972210327313076e-03
2.025646205999999949e-01,3.425946330765834887e-03
2.026057038000000088e-01,3.425911825295171846e-03
2.026159733000000018e-01,3.425903199056882630e-03
2.026262423000000090e-01,3.425894572858760069e-03
2.026878453000000024e-01,3.425842816506385197e-03
2.026981106000000088e-01,3.425834190637583841e-03
2.027083755000000098e-01,3.425825564816387635e-03
2.027802146999999888e-01,3.425765185137729252e-03
2.027904752999999949e-01,3.425756559714234449e-03
2.028930535000000035e-01,3.425670307344353543e-03
2.029033084000000098e-01,3.425661682367089466e-03
2.029340702000000107e-01,3.425635807626759531e-03
2.029545755000000118e-01,3.425618558043253600e-03
2.029853295000000057e-01,3.425592684114254702e-03
2.030570707000000086e-01,3.425532312968731022e-03
2.031185430000000125e-01,3.425480568039792131e-03
2.032004772000000070e-01,3.425411577444279626e-03
2.032311940000000039e-01,3.425385706647790171e-03
2.032619061000000005e-01,3.425359836301236378e-03
2.032721425000000026e-01,3.425351212920498597e-03
2.033642465000000121e-01,3.425273604780975679e-03
2.033949385000000110e-01,3.425247736127420058e-03
2.034358541000000076e-01,3.425213245364698914e-03
2.034460817000000032e-01,3.425204622756932663e-03
2.034767614000000113e-01,3.425178755262364878e-03
2.035176605000000027e-01,3.425144265876509369e-03
2.036096534000000069e-01,3.425066667458116602e-03
2.036403083999999974e-01,3.425040802145655743e-03
2.036913899999999999e-01,3.424997694183461085e-03
2.037118189999999884e-01,3.424980451271158674e-03
2.037220326999999997e-01,3.424971829897200618e-03
2.038037242999999887e-01,3.424902860559881669e-03
2.038445577000000120e-01,3.424868377035085194e-03
2.038547648000000045e-01,3.424859756254942933e-03
2.039159966999999907e-01,3.424808032507593945e-03
2.039670091000000129e-01,3.424764930630669162e-03
2.039976105000000095e-01,3.424739070042252375e-03
2.040078099000000034e-01,3.424730449937884655e-03
2.040384051999999948e-01,3.424704589933677632e-03
2.040893870999999915e-01,3.424661490776078916e-03
2.041607403000000043e-01,3.424601153843694068e-03
2.041811223999999980e-01,3.424583915085436386e-03
2.042524434999999916e-01,3.424523580987205891e-03
2.042626302999999977e-01,3.424514962059789936e-03
2.043441055999999922e-01,3.424446011852652801e-03
2.043644693999999984e-01,3.424428774780388911e-03
2.043746505000000047e-01,3.424420156271914747e-03
2.044255486000000066e-01,3.424377064541129969e-03
2.044560813000000088e-01,3.424351210105292930e-03
2.044866094999999995e-01,3.424325355998503444e-03
2.044967845000000006e-01,3.424316738109263111e-03
2.045374795999999884e-01,3.424282266751304052e-03
2.045781665999999999e-01,3.424247796252146737e-03
2.046188455000000073e-01,3.424213326387901685e-03
2.046493494000000135e-01,3.424187474492462226e-03
2.047001790999999904e-01,3.424144388839238645e-03
2.048221189999999969e-01,3.424040988007183602e-03
2.048322773000000041e-01,3.424032371511401534e-03
2.048525925999999941e-01,3.424015138757449846e-03
2.048627494999999965e-01,3.424006522484523800e-03
2.048932169999999886e-01,3.423980673832995557e-03
2.049135262000000013e-01,3.423963441619192090e-03
2.049439862000000112e-01,3.423937593645366099e-03
2.050150420000000084e-01,3.423877283263184693e-03
2.051570798000000029e-01,3.423756669150105139e-03
2.051773628000000127e-01,3.423739439318735332e-03
2.052280618000000001e-01,3.423696365433733999e-03
2.052686119000000087e-01,3.423661907159948874e-03
2.053192883000000135e-01,3.423618835298002441e-03
2.053395553000000040e-01,3.423601606871814161e-03
2.053496881000000107e-01,3.423592992776823031e-03
2.054003444999999983e-01,3.423549922710295446e-03
2.054307323000000018e-01,3.423524081209473446e-03
2.054611157000000021e-01,3.423498240207597815e-03
2.054712424000000037e-01,3.423489626554101183e-03
2.055623609999999990e-01,3.423412106152416094e-03
2.056332030999999949e-01,3.423351815063282750e-03
2.056433213999999954e-01,3.423343202301620466e-03
2.057141355999999865e-01,3.423282913741488437e-03
2.057242499999999974e-01,3.423274301217460718e-03
2.057950363000000116e-01,3.423214015204949657e-03
2.058253659000000013e-01,3.423188178985377920e-03
2.058354746999999929e-01,3.423179567026891305e-03
2.059466395000000005e-01,3.423084838234325550e-03
2.059567424000000035e-01,3.423076226852746380e-03
2.059870480999999864e-01,3.423050392840943333e-03
2.060375477999999982e-01,3.423007337022858452e-03
2.060476461999999898e-01,3.422998726004235909e-03
2.060779386000000102e-01,3.422972893141700609e-03
2.061284160000000087e-01,3.422929839362184260e-03
2.061889725999999923e-01,3.422878176291998219e-03
2.061990636000000099e-01,3.422869565973013072e-03
2.062797741000000074e-01,3.422800684762687673e-03
2.062898606999999940e-01,3.422792074871942002e-03
2.063100324000000096e-01,3.422774855065281556e-03
2.063201175000000109e-01,3.422766245251633935e-03
2.064007806000000000e-01,3.422697368408538204e-03
2.064310212000000089e-01,3.422671540346410805e-03
2.064511790999999929e-01,3.422654321873014587e-03
2.064713350000000058e-01,3.422637103499263488e-03
2.065217162999999911e-01,3.422594058518273717e-03
2.065317911000000006e-01,3.422585449689966378e-03
2.065620123999999946e-01,3.422559623327910052e-03
2.065922293999999937e-01,3.422533797490561174e-03
2.066828537000000021e-01,3.422456322156515809e-03
2.067633754000000046e-01,3.422387458268262572e-03
2.068338060999999894e-01,3.422327204794250750e-03
2.068539246999999970e-01,3.422309989900165859e-03
2.068840989999999880e-01,3.422284167903805272e-03
2.069243245999999870e-01,3.422249739263211882e-03
2.070449544000000086e-01,3.422146457544887003e-03
2.070851486999999991e-01,3.422112031691280400e-03
2.070951960999999897e-01,3.422103425353327337e-03
2.071253352999999908e-01,3.422077606610874744e-03
2.071554700000000082e-01,3.422051788261200409e-03
2.071655139999999951e-01,3.422043182260844051e-03
2.072458480999999908e-01,3.421974335726805667e-03
2.072558875999999939e-01,3.421965730116638925e-03
2.072759653000000035e-01,3.421948519007883723e-03
2.073361867000000081e-01,3.421896886815399552e-03
2.073662907999999916e-01,3.421871071330961044e-03
2.074064228999999981e-01,3.421836651236988963e-03
2.074866636999999903e-01,3.421767813396303041e-03
2.076069667000000063e-01,3.421664561956223784e-03
2.076470522999999957e-01,3.421630146256085091e-03
2.077171832999999967e-01,3.421569920465163898e-03
2.077272001000000090e-01,3.421561316973198603e-03
2.077372164000000077e-01,3.421552713556471302e-03
2.077572476000000001e-01,3.421535506804275050e-03
2.077973040999999965e-01,3.421501093749601367e-03
2.078073169999999914e-01,3.421492490687903006e-03
2.078173295000000087e-01,3.421483887541069621e-03
2.078974117000000066e-01,3.421415064410826198e-03
2.079174273999999933e-01,3.421397859151866904e-03
2.079774630000000013e-01,3.421346244234927010e-03
2.080074742999999948e-01,3.421320437402452629e-03
2.080374812999999934e-01,3.421294630945319500e-03
2.080774838999999987e-01,3.421260223006126339e-03
2.080874832999999868e-01,3.421251621130402907e-03
2.081174788000000053e-01,3.421225815820137101e-03
2.081674615999999922e-01,3.421182807769419972e-03
2.082174324000000132e-01,3.421139800804957627e-03
2.082374174000000133e-01,3.421122598413272459e-03
2.082474091000000027e-01,3.421113997226619789e-03
2.082973607999999976e-01,3.421070992190953109e-03
2.083273260000000071e-01,3.421045189688162041e-03
2.083672729000000112e-01,3.421010786929933479e-03
2.083972280999999982e-01,3.420984985343237302e-03
2.084371616000000038e-01,3.420950583881870229e-03
2.084471438000000121e-01,3.420941983648313235e-03
2.084870678000000088e-01,3.420907583054601936e-03
2.085170057999999882e-01,3.420881783089805856e-03
2.085668927999999867e-01,3.420838784147274721e-03
2.086067939000000038e-01,3.420804385738779405e-03
2.086965433000000092e-01,3.420726991886696277e-03
2.087164823999999863e-01,3.420709793857896596e-03
2.087264513000000044e-01,3.420701194821931541e-03
2.087762883000000014e-01,3.420658200498881418e-03
2.088061847999999887e-01,3.420632404527181123e-03
2.088759266000000114e-01,3.420572215369746105e-03
2.088858878000000030e-01,3.420563617074473713e-03
2.089257278999999967e-01,3.420529224403672571e-03
2.089356867999999923e-01,3.420520626393626883e-03
2.089954299000000015e-01,3.420469039003688067e-03
2.090153405000000075e-01,3.420451843631950890e-03
2.090452027999999962e-01,3.420426050820118795e-03
2.090750607999999899e-01,3.420400258487455488e-03
2.091546613999999971e-01,3.420331480751856272e-03
2.091646092999999984e-01,3.420322883685127623e-03
2.092043963999999923e-01,3.420288496113063886e-03
2.092541195000000021e-01,3.420245512634607649e-03
2.092839478000000086e-01,3.420219723121493624e-03
2.093237121000000034e-01,3.420185337706516462e-03
2.093336520000000089e-01,3.420176741420566900e-03
2.093535303999999875e-01,3.420159549040296173e-03
2.094032181999999909e-01,3.420116568925683862e-03
2.094926263999999927e-01,3.420039207616282391e-03
2.095124896999999986e-01,3.420022016742813292e-03
2.095621397999999913e-01,3.419979040157215735e-03
2.096514802999999982e-01,3.419901685359006023e-03
2.096812520000000124e-01,3.419875901189155590e-03
2.097110194000000039e-01,3.419850117390914150e-03
2.097606224999999935e-01,3.419807145426995935e-03
2.097903787000000020e-01,3.419781362795595425e-03
2.098300471000000000e-01,3.419746986499448953e-03
2.098796219999999879e-01,3.419704017208935638e-03
2.099192735000000032e-01,3.419669642539158345e-03
2.099688274000000021e-01,3.419626675264669964e-03
2.099985541000000122e-01,3.419600895421686954e-03
2.100282766000000079e-01,3.419575116050199183e-03
2.100381832000000060e-01,3.419566523029428980e-03
2.101174188000000109e-01,3.419497780255260216e-03
2.101273211999999946e-01,3.419489187563904461e-03
2.101570255000000109e-01,3.419463409940605957e-03
2.102065233000000033e-01,3.419420448059319086e-03
2.102758006999999874e-01,3.419360303266471592e-03
2.103054839999999870e-01,3.419334527636412428e-03
2.103153775000000114e-01,3.419325935871398575e-03
2.103648379999999984e-01,3.419282977576121232e-03
2.104439506999999931e-01,3.419214246660960601e-03
2.104736103000000025e-01,3.419188473289890007e-03
2.105823263999999917e-01,3.419093974421087440e-03
2.105922068999999952e-01,3.419085383883697059e-03
2.106020869000000129e-01,3.419076793456649402e-03
2.106218455999999961e-01,3.419059612592689583e-03
2.106811104999999906e-01,3.419008071112224472e-03
2.107502319000000013e-01,3.418947941544814208e-03
2.107601044999999895e-01,3.418939351749390211e-03
2.107798483999999972e-01,3.418922172348727757e-03
2.108390689000000096e-01,3.418870635217586499e-03
2.108686728999999982e-01,3.418844867295747682e-03
2.109180036999999952e-01,3.418801921590424158e-03
2.109475966000000091e-01,3.418776154719036734e-03
2.110264907999999939e-01,3.418707445023792119e-03
2.110659267999999977e-01,3.418673091247128887e-03
2.110757846999999909e-01,3.418664502910332380e-03
2.110954989999999920e-01,3.418647326358809253e-03
2.111053555000000082e-01,3.418638738260100941e-03
2.112925411999999892e-01,3.418475571101675312e-03
2.113023884999999935e-01,3.418466983792593610e-03
2.113122353000000120e-01,3.418458396517724558e-03
2.113417730999999911e-01,3.418432634993304360e-03
2.113811502999999870e-01,3.418398287024688315e-03
2.115385858000000119e-01,3.418260902208999138e-03
2.115680920000000131e-01,3.418235143735737658e-03
2.116074270999999951e-01,3.418200799892457970e-03
2.116270919000000084e-01,3.418183628253212893e-03
2.116565857000000106e-01,3.418157871080366051e-03
2.116860752999999984e-01,3.418132114287600158e-03
2.116959042999999874e-01,3.418123528776058438e-03
2.117253885000000002e-01,3.418097772574730034e-03
2.117745196999999968e-01,3.418054846437648935e-03
2.117843446000000074e-01,3.418046261375096151e-03
2.118138165000000017e-01,3.418020506317486547e-03
2.118432842999999899e-01,3.417994751756690038e-03
2.118629271999999952e-01,3.417977582173786603e-03
2.118923880999999954e-01,3.417951828283048721e-03
2.120396314999999920e-01,3.417823064696656407e-03
2.120494441000000119e-01,3.417814480807109759e-03
2.120886898999999881e-01,3.417780145686997225e-03
2.121573525999999876e-01,3.417720061107737319e-03
2.121671598000000047e-01,3.417711477749742904e-03
2.121769665000000082e-01,3.417702894417947151e-03
2.121965785000000104e-01,3.417685727997779414e-03
2.122456006000000006e-01,3.417642812644406444e-03
2.122554037000000116e-01,3.417634229727280724e-03
2.122848102000000070e-01,3.417608481135861118e-03
2.123142125999999963e-01,3.417582733069358860e-03
2.123338119000000024e-01,3.417565567860860777e-03
2.123632075000000119e-01,3.417539820323725868e-03
2.124023953999999992e-01,3.417505491066442653e-03
2.124415759999999931e-01,3.417471162417687856e-03
2.125101246999999971e-01,3.417411089145702945e-03
2.125199154999999895e-01,3.417402507374500426e-03
2.125688631000000051e-01,3.417359599391016009e-03
2.125982261999999900e-01,3.417333855178834694e-03
2.126373706999999946e-01,3.417299530183037174e-03
2.127254195999999931e-01,3.417222301518702508e-03
2.127547610999999950e-01,3.417196559444191876e-03
2.127840984999999907e-01,3.417170817785878268e-03
2.128036546000000029e-01,3.417153656864046693e-03
2.128623119999999980e-01,3.417102175329574630e-03
2.128720866999999906e-01,3.417093595137882939e-03
2.128818608999999973e-01,3.417085015138032582e-03
2.129502678000000093e-01,3.417024955959792505e-03
2.129600385000000040e-01,3.417016376273618750e-03
2.129795784000000081e-01,3.416999216953484683e-03
2.130674858000000116e-01,3.416922002419670989e-03
2.131358331000000050e-01,3.416861949278919564e-03
2.131455952999999903e-01,3.416853370330762661e-03
2.132724621000000043e-01,3.416741849408162779e-03
2.133017284000000013e-01,3.416716114871348742e-03
2.133407438000000100e-01,3.416681802822302966e-03
2.134285025000000058e-01,3.416604603172006434e-03
2.134577473000000003e-01,3.416578870780636375e-03
2.134869882000000052e-01,3.416553138824695787e-03
2.134967342000000101e-01,3.416544561597623531e-03
2.135064798999999902e-01,3.416535984371341442e-03
2.135357139999999876e-01,3.416510253132968352e-03
2.135649441999999953e-01,3.416484522217385668e-03
2.135746866999999882e-01,3.416475945348204212e-03
2.136039116000000015e-01,3.416450214959827411e-03
2.136623492999999985e-01,3.416398755463076389e-03
2.136915621000000098e-01,3.416373026325794735e-03
2.137597099000000112e-01,3.416312993219173914e-03
2.137986417999999944e-01,3.416278689504046329e-03
2.138083735999999901e-01,3.416270113755483229e-03
2.138862125000000058e-01,3.416201508933353146e-03
2.139153947999999916e-01,3.416175782873331294e-03
2.139737473999999973e-01,3.416124331963767656e-03
2.140418054000000070e-01,3.416064308026799286e-03
2.140709664000000068e-01,3.416038584151282614e-03
2.141098416999999976e-01,3.416004286167788513e-03
2.141875709999999933e-01,3.415935692517615887e-03
2.141972852000000038e-01,3.415927118515941444e-03
2.142069989000000008e-01,3.415918544599173476e-03
2.142361375000000068e-01,3.415892822994186055e-03
2.142846929999999983e-01,3.415849954544532708e-03
2.143526521999999934e-01,3.415789940578544976e-03
2.143623588999999940e-01,3.415781367309235657e-03
2.143914764000000028e-01,3.415755647808659933e-03
2.144205899000000137e-01,3.415729928769905329e-03
2.144399966999999962e-01,3.415712782945298440e-03
2.145079067000000006e-01,3.415652773976758042e-03
2.145467027999999887e-01,3.415618484226440668e-03
2.145854918000000000e-01,3.415584195040203760e-03
2.146242738999999955e-01,3.415549906609708676e-03
2.146533558000000008e-01,3.415524190867083500e-03
2.146727415999999944e-01,3.415507047212141666e-03
2.147308883999999862e-01,3.415455617237679337e-03
2.148180791000000034e-01,3.415378475438219773e-03
2.148277647000000068e-01,3.415369904298094436e-03
2.148568191000000127e-01,3.415344191342421353e-03
2.148955522000000062e-01,3.415309907934998071e-03
2.149342783000000034e-01,3.415275625245687858e-03
2.149729974000000043e-01,3.415241343309776290e-03
2.149826760999999919e-01,3.415232772991621483e-03
2.150020321999999984e-01,3.415215632288551902e-03
2.150504146999999977e-01,3.415172781519535457e-03
2.150600899000000010e-01,3.415164211509211668e-03
2.150891128999999902e-01,3.415138501735546193e-03
2.151664885000000027e-01,3.415069944330651180e-03
2.152438362000000105e-01,3.415001389794868666e-03
2.152921644000000134e-01,3.414958544651034832e-03
2.153114925999999874e-01,3.414941406882148096e-03
2.153211560999999941e-01,3.414932838030749693e-03
2.153694670000000089e-01,3.414889994754941992e-03
2.153984482999999894e-01,3.414864289206310469e-03
2.154274257000000081e-01,3.414838584126031300e-03
2.154660562000000057e-01,3.414804311362621032e-03
2.155143344999999877e-01,3.414761471298064475e-03
2.155239888999999909e-01,3.414752903505453244e-03
2.155819060999999981e-01,3.414701497209109843e-03
2.155915575000000028e-01,3.414692929687300656e-03
2.156012083999999940e-01,3.414684362162356823e-03
2.156301585000000021e-01,3.414658659921094002e-03
2.156687526999999938e-01,3.414624390923999987e-03
2.157459203000000048e-01,3.414555854940496109e-03
2.157748510999999980e-01,3.414530154740059130e-03
2.158327009000000074e-01,3.414478755452703736e-03
2.158616201000000123e-01,3.414453056395176742e-03
2.159290829000000134e-01,3.414393093598390265e-03
2.160157899000000048e-01,3.414316001707077761e-03
2.160446845000000005e-01,3.414290305324168672e-03
2.160928336000000061e-01,3.414247478771372402e-03
2.161313451999999913e-01,3.414213218278687803e-03
2.162179710999999893e-01,3.414136134914666151e-03
2.162372166000000040e-01,3.414119005755435372e-03
2.162468386999999992e-01,3.414110441271555035e-03
2.162757023999999917e-01,3.414084748009282074e-03
2.162853228000000128e-01,3.414076183666822032e-03
2.163238000999999910e-01,3.414041926825760274e-03
2.163718870000000127e-01,3.413999106747223500e-03
2.163911188000000041e-01,3.413981979035010141e-03
2.164391907999999864e-01,3.413939160573360547e-03
2.164488039999999947e-01,3.413930596938445639e-03
2.164776408000000096e-01,3.413904906594505354e-03
2.165449117000000090e-01,3.413844963717659140e-03
2.165833429000000032e-01,3.413810711801959150e-03
2.165929496000000010e-01,3.413802148825641983e-03
2.166697880000000020e-01,3.413733647308603812e-03
2.166793908999999907e-01,3.413725084764051947e-03
2.167081969999999913e-01,3.413699397624250873e-03
2.167561987000000134e-01,3.413656586485197368e-03
2.168137867000000107e-01,3.413605214648242868e-03
2.168521701999999995e-01,3.413570967638292729e-03
2.168905469000000086e-01,3.413536721353365930e-03
2.169097326999999964e-01,3.413519598419040291e-03
2.169864589999999926e-01,3.413451108768540687e-03
2.170152243000000036e-01,3.413425425867140910e-03
2.170535721999999890e-01,3.413391182514050309e-03
2.170631580999999866e-01,3.413382621835621585e-03
2.171302475999999926e-01,3.413322698187586622e-03
2.171589939999999941e-01,3.413297017296576964e-03
2.171973164000000067e-01,3.413262776756324866e-03
2.172164752000000087e-01,3.413245656754578753e-03
2.172739411000000065e-01,3.413194297711360809e-03
2.172835173000000064e-01,3.413185738094973165e-03
2.173122433999999936e-01,3.413160059280026352e-03
2.173218178999999917e-01,3.413151499843411572e-03
2.173601115999999889e-01,3.413117262288315867e-03
2.173983986999999951e-01,3.413083025537704245e-03
2.174749525000000128e-01,3.413014554019856706e-03
2.175036532999999883e-01,3.412988877965666794e-03
2.175132193000000047e-01,3.412980319378478445e-03
2.175992951000000064e-01,3.412903293944765347e-03
2.176184184000000132e-01,3.412886177749388083e-03
2.176757782000000030e-01,3.412834830082030028e-03
2.177331230000000006e-01,3.412783483984980961e-03
2.177426789999999945e-01,3.412774926452682295e-03
2.178191117999999926e-01,3.412706467807464367e-03
2.178286640000000052e-01,3.412697910672735264e-03
2.178573182000000108e-01,3.412672239610051259e-03
2.179241631999999929e-01,3.412612341896424564e-03
2.179337108000000134e-01,3.412603785265752761e-03
2.179718971000000061e-01,3.412569559207435411e-03
2.180482495000000132e-01,3.412501109227698576e-03
2.180577917000000032e-01,3.412492553185309668e-03
2.180768747999999868e-01,3.412475441243405846e-03
2.181150360000000121e-01,3.412441217880732118e-03
2.181341140999999983e-01,3.412424106393880090e-03
2.181627281999999890e-01,3.412398439573775897e-03
2.182008742999999862e-01,3.412364217803135966e-03
2.182294795999999981e-01,3.412338551953367997e-03
2.182771467000000076e-01,3.412295776452099749e-03
2.182866789000000030e-01,3.412287221429851844e-03
2.183152728999999959e-01,3.412261556784211385e-03
2.183629213000000124e-01,3.412218783232626174e-03
2.183915053000000106e-01,3.412193119626981061e-03
2.184200856000000079e-01,3.412167456407012248e-03
2.184296115999999899e-01,3.412158902146025189e-03
2.184391371000000137e-01,3.412150347918733832e-03
2.185153263000000068e-01,3.412081915455963607e-03
2.185914888999999917e-01,3.412013485781116053e-03
2.186200430999999944e-01,3.411987825412775895e-03
2.186581095000000030e-01,3.411953612179860745e-03
2.186866548999999993e-01,3.411927952791392587e-03
2.186961692999999929e-01,3.411919399744862014e-03
2.187342224000000113e-01,3.411885187968263268e-03
2.187437346999999976e-01,3.411876635181862287e-03
2.188483421999999901e-01,3.411782556968938340e-03
2.188863688999999890e-01,3.411748348028091626e-03
2.189528997000000088e-01,3.411688484138820140e-03
2.189624024000000058e-01,3.411679932333570951e-03
2.190004093000000041e-01,3.411645725591660148e-03
2.190479086000000075e-01,3.411602968145186539e-03
2.191238862000000065e-01,3.411534558490505933e-03
2.191428763999999918e-01,3.411517456568359270e-03
2.191903449000000004e-01,3.411474702473274705e-03
2.192283121999999973e-01,3.411440500062273666e-03
2.192567834999999965e-01,3.411414848561754049e-03
2.192757622000000017e-01,3.411397747907865020e-03
2.193326885999999920e-01,3.411346446885461792e-03
2.193801159999999861e-01,3.411303697235150336e-03
2.194275330999999885e-01,3.411260948741594561e-03
2.195318148000000025e-01,3.411166905883175095e-03
2.195602466000000086e-01,3.411141258771452529e-03
2.195981499999999920e-01,3.411107063275325112e-03
2.196455200999999913e-01,3.411064319993452852e-03
2.196834088000000074e-01,3.411030126084726652e-03
2.197118210000000016e-01,3.411004481083080523e-03
2.197212909000000047e-01,3.410995932890820148e-03
2.197307604000000025e-01,3.410987384612589914e-03
2.198727543000000006e-01,3.410859167237163814e-03
2.198822172999999880e-01,3.410850619804423924e-03
2.199106037999999930e-01,3.410824977591661502e-03
2.199389867000000054e-01,3.410799335844380900e-03
2.199579066000000027e-01,3.410782241606490680e-03
2.199862834000000100e-01,3.410756600560638577e-03
2.200241133999999987e-01,3.410722413108407004e-03
2.200524815999999884e-01,3.410696772996502264e-03
2.201092071000000094e-01,3.410645493846401182e-03
2.201375644000000131e-01,3.410619854959825743e-03
2.201848184000000097e-01,3.410577124298240243e-03
2.202509568999999889e-01,3.410517303291386859e-03
2.203170755999999952e-01,3.410457484468050731e-03
2.203265195999999926e-01,3.410448939041829924e-03
2.203548489000000110e-01,3.410423303247067314e-03
2.204020563000000099e-01,3.410380577724920169e-03
2.204114964999999982e-01,3.410372032704526209e-03
2.204398149000000029e-01,3.410346398093747067e-03
2.204681296999999873e-01,3.410320763811829862e-03
2.204775670999999937e-01,3.410312219152290911e-03
2.205530521000000077e-01,3.410243863552001476e-03
2.206379417999999870e-01,3.410166966811309895e-03
2.206568017999999964e-01,3.410149879136613240e-03
2.206662310999999987e-01,3.410141335395053524e-03
2.207039446000000071e-01,3.410107160740231784e-03
2.207416516000000051e-01,3.410072986783572058e-03
2.207793520999999926e-01,3.410038813644545620e-03
2.207887762999999892e-01,3.410030270416165681e-03
2.208076233000000055e-01,3.410013184234954482e-03
2.208170462999999861e-01,3.410004641121321730e-03
2.208453126000000100e-01,3.409979012308333220e-03
2.208641548999999982e-01,3.409961926597484920e-03
2.209206720000000124e-01,3.409910670614630605e-03
2.209300901000000039e-01,3.409902127998871296e-03
2.210054204999999938e-01,3.409833789510737304e-03
2.210148349999999928e-01,3.409825247450661099e-03
2.210807251999999945e-01,3.409765453846978159e-03
2.211465958000000120e-01,3.409705662438401730e-03
2.211654124000000110e-01,3.409688579664896507e-03
2.212406625999999987e-01,3.409620249989802222e-03
2.212594712000000019e-01,3.409603168103018684e-03
2.212688748999999955e-01,3.409594627153452601e-03
2.213440899999999933e-01,3.409526301516628468e-03
2.213816879000000126e-01,3.409492139743215775e-03
2.214568647000000057e-01,3.409423818333627825e-03
2.214944434999999989e-01,3.409389658637858745e-03
2.215414081000000035e-01,3.409346960112747283e-03
2.216071417000000099e-01,3.409287184096197049e-03
2.216728558999999932e-01,3.409227410261106688e-03
2.216822421000000098e-01,3.409218871288646150e-03
2.216916278000000129e-01,3.409210332368460203e-03
2.217103981000000112e-01,3.409193254718911794e-03
2.217197827000000065e-01,3.409184715897656693e-03
2.217573169000000011e-01,3.409150561237426873e-03
2.217948448000000017e-01,3.409116407312265309e-03
2.218417457999999898e-01,3.409073715950798524e-03
2.218605033999999920e-01,3.409056639673821443e-03
2.219073904999999958e-01,3.409013949929155969e-03
2.219167666999999899e-01,3.409005412035470521e-03
2.219730156999999982e-01,3.408954185961719178e-03
2.220479922999999967e-01,3.408885887059015605e-03
2.220573626000000023e-01,3.408877349880737925e-03
2.221416773999999872e-01,3.408800517344248628e-03
2.221604097000000055e-01,3.408783444007506408e-03
2.221697752000000026e-01,3.408774907383669769e-03
2.222165969999999879e-01,3.408732224882785825e-03
2.223102110999999881e-01,3.408646863215917568e-03
2.223570032999999946e-01,3.408604184128849295e-03
2.223663606000000070e-01,3.408595648473963704e-03
2.223944300000000041e-01,3.408570041630403207e-03
2.224318503999999919e-01,3.408535899882389822e-03
2.224412045999999976e-01,3.408527364491523940e-03
2.225066723999999940e-01,3.408467618436272772e-03
2.225160234000000126e-01,3.408459083357754694e-03
2.225814691999999928e-01,3.408399339789504150e-03
2.225908169999999964e-01,3.408390805208017307e-03
2.226095114999999958e-01,3.408373735993745247e-03
2.226188581000000111e-01,3.408365201519775265e-03
2.226468957000000137e-01,3.408339598368940581e-03
2.226936171999999992e-01,3.408296927239079250e-03
2.227216454000000012e-01,3.408271325090292403e-03
2.227683511999999921e-01,3.408228655733262519e-03
2.228150472000000049e-01,3.408185987516182749e-03
2.228430601999999983e-01,3.408160387158807973e-03
2.228710694999999908e-01,3.408134787111795610e-03
2.229177441000000093e-01,3.408092121313994159e-03
2.229457441000000095e-01,3.408066522367493405e-03
2.229550765999999962e-01,3.408057989535732361e-03
2.230297230000000130e-01,3.407989728080241653e-03
2.230577089999999929e-01,3.407964130645426640e-03
2.231136703000000110e-01,3.407912937312386481e-03
2.231416458000000103e-01,3.407887341146525594e-03
2.231789409000000113e-01,3.407853213536706297e-03
2.232069080999999899e-01,3.407827618392043293e-03
2.232628321000000027e-01,3.407776429251613368e-03
2.232907888000000007e-01,3.407750835297102075e-03
2.233373755999999988e-01,3.407708179469984625e-03
2.233560075999999894e-01,3.407691117545649882e-03
2.234863880000000080e-01,3.407571688563141698e-03
2.235050075999999997e-01,3.407554627996694716e-03
2.235143168000000014e-01,3.407546097758820149e-03
2.235608570000000017e-01,3.407503447348864643e-03
2.235887763999999944e-01,3.407477857603915736e-03
2.236259969999999930e-01,3.407443738605863120e-03
2.236539083000000094e-01,3.407418149873319216e-03
2.237004194999999973e-01,3.407375502822269312e-03
2.238120067999999907e-01,3.407273154322123816e-03
2.238491901999999922e-01,3.407239039682056526e-03
2.239235384999999912e-01,3.407170812387463454e-03
2.239328302999999964e-01,3.407162284158490612e-03
2.239607033999999885e-01,3.407136699755272235e-03
2.240071507999999989e-01,3.407094059999240220e-03
2.240628751000000030e-01,3.407042893852959848e-03
2.241093013000000078e-01,3.407000256523111219e-03
2.241464354000000103e-01,3.406966147488511842e-03
2.241557180000000038e-01,3.406957620443558897e-03
2.241835634000000077e-01,3.406932039282071188e-03
2.242578007999999901e-01,3.406863824737629744e-03
2.243691109000000017e-01,3.406761508306891274e-03
2.243969298000000057e-01,3.406735930256608001e-03
2.244062019999999991e-01,3.406727404391803483e-03
2.244340163000000110e-01,3.406701826788158163e-03
2.244432869000000108e-01,3.406693301016713426e-03
2.244525572000000135e-01,3.406684775335141677e-03
2.244803657999999980e-01,3.406659198449579502e-03
2.245081708999999981e-01,3.406633621907074940e-03
2.245174384999999995e-01,3.406625096458285300e-03
2.245267056999999955e-01,3.406616571140364935e-03
2.245452390000000076e-01,3.406599520549272262e-03
2.246286198999999928e-01,3.406522795042223398e-03
2.246749292999999925e-01,3.406480171318272861e-03
2.246934503000000138e-01,3.406463122132882566e-03
2.247304878999999977e-01,3.406429024397246690e-03
2.247397462999999873e-01,3.406420500034437315e-03
2.248230551000000021e-01,3.406343782885888540e-03
2.248415639000000132e-01,3.406326735233498101e-03
2.248508177999999913e-01,3.406318211443336123e-03
2.249248349999999896e-01,3.406250022461990590e-03
2.249618344000000048e-01,3.406215929122711258e-03
2.249895799999999946e-01,3.406190359662879686e-03
2.250265689000000013e-01,3.406156267462285853e-03
2.250450609999999907e-01,3.406139221685170956e-03
2.251005282000000107e-01,3.406088085317500718e-03
2.251190143000000032e-01,3.406071040336237053e-03
2.251467404999999977e-01,3.406045473053727606e-03
2.251837034999999987e-01,3.406011383902826217e-03
2.251929433000000036e-01,3.406002861692628697e-03
2.252576112999999935e-01,3.405943207857275480e-03
2.252853204999999970e-01,3.405917642526758854e-03
2.252945560999999874e-01,3.405909120931074115e-03
2.253222606999999988e-01,3.405883556136786970e-03
2.253407286000000120e-01,3.405866513186966895e-03
2.253684274999999959e-01,3.405840949132102596e-03
2.254053541999999910e-01,3.405806864288196505e-03
2.254884169999999965e-01,3.405730175987949949e-03
2.255160978000000094e-01,3.405704614139804399e-03
2.255622248999999968e-01,3.405662011707710594e-03
2.256267871000000036e-01,3.405602370258863261e-03
2.256913308000000062e-01,3.405542730992855340e-03
2.257005498000000110e-01,3.405534211253730646e-03
2.257097684000000104e-01,3.405525691662518450e-03
2.257282046000000097e-01,3.405508652458687138e-03
2.257742883999999950e-01,3.405466055102589380e-03
2.257835039999999960e-01,3.405457535812649646e-03
2.258111486000000112e-01,3.405431978140488307e-03
2.258756396000000111e-01,3.405372345115348018e-03
2.259309029000000080e-01,3.405321232730620581e-03
2.259585295000000049e-01,3.405295677297125526e-03
2.260045663999999954e-01,3.405253085503301934e-03
2.260321838999999888e-01,3.405227530998833265e-03
2.260690022000000077e-01,3.405193459075759113e-03
2.261426206000000105e-01,3.405125317146728316e-03
2.261518211999999917e-01,3.405116799584265684e-03
2.262070170999999907e-01,3.405065695257431142e-03
2.262530033000000051e-01,3.405023109538086144e-03
2.262805905999999978e-01,3.404997558655558764e-03
2.263173683999999963e-01,3.404963491405756364e-03
2.264000965999999893e-01,3.404886842751544095e-03
2.264368549000000119e-01,3.404852777890785085e-03
2.264460436000000076e-01,3.404844261796215535e-03
2.264736073999999988e-01,3.404818713649988490e-03
2.265103538000000083e-01,3.404784650087568088e-03
2.265195395000000056e-01,3.404776134393291617e-03
2.265838287999999978e-01,3.404716525293956242e-03
2.266113757999999867e-01,3.404690979217946892e-03
2.266664597999999975e-01,3.404639888283716217e-03
2.266939967000000111e-01,3.404614343309905495e-03
2.267215303000000015e-01,3.404588798801425672e-03
2.267582365999999960e-01,3.404554740190365771e-03
2.267674121999999903e-01,3.404546225635389327e-03
2.268408040000000070e-01,3.404478110647255959e-03
2.268683197999999956e-01,3.404452568238278999e-03
2.268866618000000002e-01,3.404435540287437979e-03
2.269141719999999973e-01,3.404409998585171317e-03
2.269508470999999916e-01,3.404375943561815335e-03
2.270241795000000062e-01,3.404307835802670643e-03
2.270608369000000071e-01,3.404273782971090935e-03
2.270883260000000070e-01,3.404248243821230042e-03
2.270974883000000111e-01,3.404239730871070572e-03
2.271066502000000098e-01,3.404231217926878984e-03
2.271707733999999979e-01,3.404171628689868501e-03
2.271799324000000064e-01,3.404163116161037367e-03
2.272440349000000026e-01,3.404103529356947502e-03
2.272531909000000128e-01,3.404095017210352712e-03
2.272806568000000083e-01,3.404069480815439565e-03
2.273081193000000000e-01,3.404043944881592499e-03
2.273538827999999901e-01,3.404001385879470119e-03
2.273813365000000031e-01,3.403975850968125882e-03
2.274270852999999981e-01,3.403933293626352444e-03
2.274636777000000054e-01,3.403899248555937711e-03
2.274728249000000091e-01,3.403890737427939153e-03
2.274911181000000004e-01,3.403873715257802173e-03
2.275002641999999964e-01,3.403865204226214341e-03
2.275459891000000123e-01,3.403822649952622896e-03
2.276008468000000062e-01,3.403771586113438913e-03
2.276739698999999950e-01,3.403703503424503150e-03
2.276831085999999893e-01,3.403694993397828484e-03
2.276922469999999865e-01,3.403686483272895177e-03
2.277196599000000099e-01,3.403660953333430186e-03
2.277562052000000059e-01,3.403626913962973753e-03
2.277927448000000021e-01,3.403592875289339695e-03
2.278292784000000015e-01,3.403558837413462896e-03
2.279114577999999947e-01,3.403482254579132289e-03
2.279297157999999879e-01,3.403465236680430512e-03
2.279844812000000054e-01,3.403414184113037755e-03
2.280118590000000112e-01,3.403388658352197657e-03
2.280483574999999929e-01,3.403354624736332906e-03
2.280757276000000000e-01,3.403329099934879025e-03
2.281213370999999879e-01,3.403286559509010895e-03
2.281304578999999999e-01,3.403278051556269702e-03
2.282034112999999920e-01,3.403209989494561296e-03
2.282307627999999866e-01,3.403184467097370835e-03
2.282581110000000135e-01,3.403158944895381434e-03
2.283674710999999968e-01,3.403056860386450676e-03
2.284221314999999863e-01,3.403005820578489452e-03
2.284494568000000059e-01,3.402980301273425805e-03
2.284767789000000104e-01,3.402954782361356824e-03
2.284858855000000133e-01,3.402946276064834196e-03
2.284949917000000108e-01,3.402937769928757877e-03
2.285132031000000064e-01,3.402920757741042471e-03
2.285587253999999957e-01,3.402878227963677255e-03
2.285678287000000031e-01,3.402869722008366495e-03
2.285951365999999985e-01,3.402844204869585193e-03
2.286224411999999984e-01,3.402818688077833154e-03
2.286588422999999981e-01,3.402784666319701948e-03
2.287043354999999945e-01,3.402742140124839949e-03
2.287771058999999996e-01,3.402674100452499680e-03
2.288043888000000081e-01,3.402648586244596141e-03
2.288407608999999954e-01,3.402614568065834375e-03
2.288862180000000024e-01,3.402572046163763325e-03
2.289225770999999965e-01,3.402538029647947816e-03
2.289952781000000048e-01,3.402469998409200346e-03
2.290043640999999963e-01,3.402461494720049068e-03
2.290316199000000108e-01,3.402435983937971125e-03
2.290588725000000103e-01,3.402410473566361716e-03
2.290770390999999906e-01,3.402393466777878153e-03
2.291042862999999874e-01,3.402367957012310869e-03
2.291496909999999887e-01,3.402325441603641556e-03
2.292132426000000056e-01,3.402265922012841746e-03
2.292495498999999881e-01,3.402231911748716808e-03
2.292949259000000017e-01,3.402189399911883464e-03
2.293221471999999928e-01,3.402163893298953187e-03
2.293584371999999871e-01,3.402129885155914107e-03
2.293856509999999960e-01,3.402104379594358529e-03
2.293947215000000095e-01,3.402095877797489155e-03
2.294672728999999911e-01,3.402027865021357671e-03
2.295126057999999913e-01,3.401985358547042915e-03
2.295760568999999918e-01,3.401925851343665791e-03
2.296576112000000003e-01,3.401849345227415423e-03
2.296757304000000000e-01,3.401832344377109327e-03
2.297119646000000126e-01,3.401798343096858364e-03
2.297210222000000135e-01,3.401789842852700509e-03
2.297300794999999896e-01,3.401781342767641516e-03
2.297844156999999943e-01,3.401730342850722583e-03
2.297934705000000133e-01,3.401721842911671363e-03
2.298658959999999862e-01,3.401653845804855549e-03
2.299021001999999869e-01,3.401619848306625289e-03
2.299292495999999963e-01,3.401594350668167652e-03
2.299473475000000100e-01,3.401577352480839034e-03
2.299654439000000106e-01,3.401560354422407308e-03
2.300106785999999903e-01,3.401517860173737095e-03
2.300468599999999919e-01,3.401483865420321193e-03
2.300830356999999937e-01,3.401449871548562019e-03
2.300920787999999884e-01,3.401441373153524846e-03
2.301101637999999894e-01,3.401424376436257713e-03
2.301192058000000040e-01,3.401415878240944025e-03
2.302547927999999966e-01,3.401288409907045080e-03
2.302999706999999951e-01,3.401245922638043012e-03
2.303090051999999999e-01,3.401237425293991961e-03
2.303632049000000070e-01,3.401186442378406963e-03
2.303722368999999992e-01,3.401177945356079028e-03
2.304083616000000001e-01,3.401143957809984672e-03
2.304535094000000062e-01,3.401101474375313460e-03
2.305167015000000041e-01,3.401041999382228495e-03
2.305257274999999995e-01,3.401033503072258685e-03
2.305528034999999865e-01,3.401008014590651673e-03
2.305798762000000057e-01,3.400982526524320548e-03
2.305979230000000102e-01,3.400965534711763733e-03
2.306249904999999878e-01,3.400940047246610570e-03
2.306610755000000068e-01,3.400906064597263283e-03
2.306971549000000066e-01,3.400872082687641552e-03
2.307422462000000007e-01,3.400829606361808165e-03
2.307963440999999949e-01,3.400778636098828692e-03
2.308143739999999888e-01,3.400761646321261242e-03
2.308414161000000020e-01,3.400736162138662429e-03
2.308684550000000002e-01,3.400710678211468253e-03
2.308774673000000000e-01,3.400702183729802878e-03
2.309405432999999952e-01,3.400642723269860831e-03
2.309585618999999979e-01,3.400625735015374955e-03
2.309765790999999957e-01,3.400608746875597235e-03
2.309855871000000005e-01,3.400600252833623546e-03
2.310306220999999993e-01,3.400557783554772080e-03
2.310576389000000008e-01,3.400532302571384127e-03
2.310846525999999956e-01,3.400506821804348719e-03
2.310936564000000137e-01,3.400498328473380502e-03
2.311206658000000136e-01,3.400472848293026838e-03
2.311656745000000013e-01,3.400430382287862683e-03
2.311746752000000127e-01,3.400421889258459229e-03
2.312466680999999968e-01,3.400353946310667036e-03
2.312736595999999867e-01,3.400328468389008773e-03
2.313456217000000037e-01,3.400260529325360454e-03
2.314085700999999884e-01,3.400201085108386749e-03
2.314175613999999992e-01,3.400192593189455686e-03
2.314445330000000078e-01,3.400167117764160349e-03
2.314625123000000062e-01,3.400150134461711084e-03
2.315523879999999979e-01,3.400065220461747674e-03
2.315973128000000103e-01,3.400022765071318304e-03
2.316062966999999917e-01,3.400014274119361139e-03
2.316332463000000119e-01,3.399988801560568409e-03
2.316691743000000026e-01,3.399954838797870308e-03
2.316781554000000021e-01,3.399946348095029842e-03
2.317320348999999946e-01,3.399895405543867152e-03
2.317410135999999898e-01,3.399886915283744596e-03
2.318128305000000111e-01,3.399818994672476960e-03
2.318397561999999967e-01,3.399793525108198156e-03
2.318487307000000053e-01,3.399785035395631958e-03
2.319474273999999892e-01,3.399691651013563628e-03
2.319833067000000026e-01,3.399657694446230928e-03
2.320281480999999979e-01,3.399615249676144705e-03
2.320371153000000131e-01,3.399606760961361527e-03
2.320640149000000041e-01,3.399581294741018962e-03
2.320909113999999884e-01,3.399555828964032685e-03
2.321088406000000048e-01,3.399538851979257668e-03
2.321715820999999957e-01,3.399479433853529013e-03
2.322343067000000039e-01,3.399420018077387463e-03
2.322432658999999955e-01,3.399411530217830331e-03
2.322522248999999983e-01,3.399403042431240005e-03
2.322790995000000025e-01,3.399377579482584181e-03
2.323059711000000083e-01,3.399352116836293694e-03
2.323238837999999917e-01,3.399335142041976128e-03
2.323507502000000113e-01,3.399309680001357838e-03
2.324581846999999868e-01,3.399207836248258584e-03
2.325387281000000084e-01,3.399131457578407570e-03
2.325566228000000013e-01,3.399114485090078738e-03
2.325655695999999939e-01,3.399105998864491475e-03
2.325924081000000088e-01,3.399080540449946584e-03
2.326013536000000048e-01,3.399072054332573107e-03
2.326371319999999965e-01,3.399038110706225930e-03
2.326729050000000132e-01,3.399004167675682541e-03
2.326818474000000025e-01,3.398995682062535065e-03
2.326997311000000013e-01,3.398978711014285625e-03
2.327801908000000086e-01,3.398902342997187596e-03
2.328159418000000092e-01,3.398868402843309260e-03
2.328427513999999920e-01,3.398842948232061890e-03
2.328784928000000032e-01,3.398809009328423482e-03
2.328874271999999968e-01,3.398800524654673437e-03
2.329231616999999921e-01,3.398766586623077051e-03
2.329678222000000076e-01,3.398724164979798155e-03
2.329946143000000136e-01,3.398698712640208473e-03
2.330303324000000120e-01,3.398664776731102639e-03
2.330392609999999975e-01,3.398656292852431007e-03
2.331106779999999878e-01,3.398588423549175029e-03
2.331285288000000122e-01,3.398571456600470077e-03
2.331374536999999969e-01,3.398562973195390531e-03
2.332445258999999993e-01,3.398461176044152536e-03
2.332802056000000124e-01,3.398427245151949393e-03
2.333515489000000109e-01,3.398359385240906118e-03
2.333782970000000123e-01,3.398333938495235428e-03
2.334228703000000016e-01,3.398291528325098846e-03
2.334496101999999906e-01,3.398266082690529384e-03
2.335298114999999897e-01,3.398189748059590211e-03
2.335387211000000129e-01,3.398181266701168646e-03
2.335565391999999962e-01,3.398164304015073925e-03
2.335654477999999923e-01,3.398155822738118011e-03
2.336367038999999923e-01,3.398087974259909883e-03
2.336634193000000081e-01,3.398062531793708766e-03
2.336723237999999980e-01,3.398054050988644041e-03
2.336812279000000103e-01,3.398045570278591856e-03
2.336990351000000077e-01,3.398028609085526359e-03
2.337524487000000040e-01,3.397977726415772962e-03
2.338058500999999900e-01,3.397926845307547815e-03
2.338236478000000063e-01,3.397909885272362533e-03
2.338414441999999982e-01,3.397892925495995826e-03
2.338503419000000083e-01,3.397884445612531137e-03
2.339659810999999978e-01,3.397774211540533027e-03
2.340371152000000066e-01,3.397706379031058613e-03
2.340637848999999882e-01,3.397680942501668001e-03
2.340993398000000003e-01,3.397647027818449534e-03
2.341260025000000133e-01,3.397621592152428194e-03
2.341704334999999970e-01,3.397579200463833864e-03
2.342059722000000010e-01,3.397545287774571612e-03
2.342415055000000024e-01,3.397511375924124923e-03
2.342770335000000093e-01,3.397477464781909449e-03
2.343036759000000080e-01,3.397452031827300802e-03
2.343214358000000053e-01,3.397435076685897948e-03
2.344102153000000022e-01,3.397350304033486257e-03
2.344634667999999922e-01,3.397299442605380190e-03
2.344900880999999937e-01,3.397274012428494038e-03
2.345255783000000094e-01,3.397240106176276694e-03
2.345521925000000063e-01,3.397214676955585301e-03
2.345610633000000111e-01,3.397206200699764370e-03
2.345965428000000019e-01,3.397172295795688676e-03
2.346054117999999966e-01,3.397163819736234106e-03
2.346320169999999983e-01,3.397138391757969014e-03
2.346763521999999935e-01,3.397096012546559768e-03
2.347384073000000071e-01,3.397036683603315427e-03
2.348093075000000085e-01,3.396968881585964595e-03
2.348181685000000074e-01,3.396960406574492906e-03
2.348358895000000057e-01,3.396943456698988013e-03
2.348447495000000051e-01,3.396934981730226084e-03
2.348713275000000045e-01,3.396909557297159415e-03
2.349156175000000069e-01,3.396867184091327714e-03
2.349421875000000104e-01,3.396841760668081744e-03
2.350218795000000027e-01,3.396765492832580242e-03
2.350307325000000058e-01,3.396757018933552023e-03
2.351015444000000010e-01,3.396689228595331077e-03
2.351192441000000133e-01,3.396672281405806529e-03
2.351280933999999878e-01,3.396663807971734943e-03
2.351634874000000097e-01,3.396629914433789508e-03
2.352342594000000064e-01,3.396562129390608142e-03
2.352431044000000138e-01,3.396553656571132170e-03
2.353138523999999954e-01,3.396485874821244394e-03
2.353403775000000031e-01,3.396460457228979088e-03
2.353668995000000042e-01,3.396435040201895364e-03
2.353757394999999863e-01,3.396426567971714064e-03
2.354022575999999978e-01,3.396401151458223414e-03
2.354376103999999970e-01,3.396367263416807426e-03
2.354552846999999893e-01,3.396350319559769942e-03
2.354817938000000055e-01,3.396324904287038524e-03
2.355083000000000037e-01,3.396299489408733351e-03
2.355171346999999915e-01,3.396291017799511498e-03
2.355878003999999915e-01,3.396223246917630736e-03
2.356584449999999942e-01,3.396155478918284898e-03
2.356672740000000099e-01,3.396147008177781337e-03
2.357202415999999912e-01,3.396096184189507320e-03
2.357643721000000081e-01,3.396053832206916666e-03
2.358261409000000086e-01,3.395994541078204646e-03
2.358702515999999971e-01,3.395952191725711087e-03
2.359496301000000018e-01,3.395875965526343795e-03
2.359760837000000055e-01,3.395850557596540725e-03
2.360113504999999945e-01,3.395816681061442771e-03
2.360906815000000103e-01,3.395740461296943742e-03
2.361083069999999895e-01,3.395723524029404736e-03
2.361171193000000113e-01,3.395715055358016453e-03
2.361523650000000030e-01,3.395681181592258378e-03
2.361611755999999951e-01,3.395672713313053776e-03
2.362316486999999909e-01,3.395604968162172811e-03
2.362932953999999919e-01,3.395545693493205817e-03
2.363021006999999896e-01,3.395537225854200480e-03
2.363285148000000002e-01,3.395511823312204799e-03
2.363725318000000075e-01,3.395469486386167371e-03
2.363901362999999978e-01,3.395452551977096601e-03
2.363989380000000029e-01,3.395444084771066968e-03
2.364693401999999889e-01,3.395376349276759288e-03
2.365045335000000026e-01,3.395342482419046529e-03
2.365309250000000030e-01,3.395317082918356769e-03
2.365397214999999942e-01,3.395308616455996152e-03
2.365661089999999966e-01,3.395283217310389977e-03
2.365836990999999889e-01,3.395266284862545093e-03
2.366364615000000060e-01,3.395215488436520868e-03
2.366452541000000076e-01,3.395207022624521526e-03
2.366716299000000134e-01,3.395181625073372123e-03
2.367155830000000072e-01,3.395139296815392286e-03
2.367243726999999909e-01,3.395130831216007158e-03
2.367507396000000097e-01,3.395105435021722462e-03
2.367771036999999912e-01,3.395080039182297570e-03
2.367946780999999890e-01,3.395063108726809487e-03
2.368210373000000091e-01,3.395037713522614312e-03
2.368473935000000030e-01,3.395012318645000780e-03
2.368561781999999893e-01,3.395003853825391202e-03
2.369527889999999970e-01,3.394910743340417546e-03
2.370054692999999935e-01,3.394859957932028910e-03
2.370669146999999921e-01,3.394800710410902748e-03
2.371371186000000020e-01,3.394733001592580707e-03
2.371458925999999912e-01,3.394724538185507883e-03
2.371985299000000103e-01,3.394673758670653605e-03
2.372160731000000078e-01,3.394656832481670640e-03
2.372423854000000054e-01,3.394631443637736740e-03
2.373476056000000112e-01,3.394529892094213033e-03
2.373739032999999943e-01,3.394504505084580508e-03
2.374089624999999870e-01,3.394470656523792488e-03
2.374264900999999983e-01,3.394453732444967058e-03
2.374527791000000110e-01,3.394428346742553188e-03
2.374878266000000071e-01,3.394394499771575049e-03
2.375141088000000122e-01,3.394369115000919323e-03
2.375666644999999966e-01,3.394318346524954465e-03
2.375929380000000035e-01,3.394292962881211538e-03
2.376192085999999926e-01,3.394267579721626030e-03
2.376542315999999877e-01,3.394233736012566404e-03
2.376629865000000064e-01,3.394225275155699720e-03
2.376892493999999967e-01,3.394199892974853437e-03
2.376980029999999910e-01,3.394191432489173342e-03
2.377767712999999949e-01,3.394115288772211504e-03
2.378730081000000052e-01,3.394022228955119631e-03
2.378992477999999910e-01,3.393996850038845121e-03
2.379866925000000133e-01,3.393912256236579494e-03
2.380129196000000114e-01,3.393886878896633895e-03
2.380478846000000093e-01,3.393853043197469100e-03
2.380828445000000015e-01,3.393819208211425707e-03
2.381177992000000077e-01,3.393785373841438999e-03
2.381265371000000075e-01,3.393776915339522318e-03
2.381876933000000029e-01,3.393717707291705327e-03
2.381964286000000097e-01,3.393709249091620122e-03
2.382226326999999921e-01,3.393683874981684098e-03
2.382924959999999925e-01,3.393616212654356271e-03
2.383186895000000138e-01,3.393590839948353206e-03
2.383274200000000120e-01,3.393582382491551475e-03
2.383536096999999965e-01,3.393557010496889119e-03
2.383623388999999981e-01,3.393548553081148726e-03
2.384059802999999866e-01,3.393506267350039803e-03
2.384757899000000125e-01,3.393438612453700959e-03
2.385019633000000083e-01,3.393413242549033013e-03
2.385281337000000057e-01,3.393387873068586056e-03
2.385368566000000135e-01,3.393379416533145836e-03
2.386066279000000068e-01,3.393311766994204243e-03
2.386153478999999966e-01,3.393303310870395256e-03
2.386763789000000135e-01,3.393244120079652940e-03
2.386850963000000103e-01,3.393235664403495850e-03
2.387112466999999905e-01,3.393210297752987867e-03
2.387461093999999895e-01,3.393176475920019457e-03
2.387548243000000014e-01,3.393168020766721901e-03
2.387722530999999981e-01,3.393151110197104546e-03
2.388158196000000066e-01,3.393108834762328854e-03
2.388506670999999970e-01,3.393075015245266592e-03
2.388767992999999978e-01,3.393049651042181515e-03
2.388942192000000075e-01,3.393032741797176888e-03
2.389551789999999898e-01,3.392973560661629619e-03
2.389900061000000131e-01,3.392939743972788087e-03
2.390248282000000113e-01,3.392905927884902473e-03
2.390335329000000120e-01,3.392897474025798402e-03
2.390509413999999944e-01,3.392880566303544017e-03
2.390857546000000056e-01,3.392846751470870049e-03
2.391031593000000066e-01,3.392829844445013465e-03
2.391640657000000114e-01,3.392770670759042741e-03
2.392336540999999983e-01,3.392703046413493226e-03
2.392423512999999891e-01,3.392694593588723665e-03
2.392684407000000013e-01,3.392669235178731157e-03
2.393379988000000069e-01,3.392601615090046034e-03
2.393640777999999913e-01,3.392576258242207144e-03
2.393727702000000013e-01,3.392567806120968133e-03
2.393814622999999864e-01,3.392559353960807999e-03
2.394509874999999899e-01,3.392491738294143352e-03
2.394683656999999910e-01,3.392474834928493020e-03
2.394770542999999918e-01,3.392466383272044108e-03
2.395204924999999874e-01,3.392424125541292860e-03
2.395465516999999989e-01,3.392398771630725490e-03
2.395812928999999925e-01,3.392364966737661854e-03
2.396073454000000047e-01,3.392339613537771227e-03
2.396507600999999987e-01,3.392297359273315806e-03
2.397288867000000046e-01,3.392221304202692068e-03
2.397896341999999903e-01,3.392162152760983332e-03
2.398850634999999953e-01,3.392069204674813716e-03
2.398937369999999958e-01,3.392060755144960579e-03
2.399284278999999909e-01,3.392026957434213751e-03
2.399370997999999977e-01,3.392018508075807237e-03
2.399631137000000081e-01,3.391993160378879713e-03
2.399891248999999893e-01,3.391967813008330869e-03
2.399977946000000084e-01,3.391959363971996152e-03
2.400064640000000027e-01,3.391950915038504516e-03
2.400238020000000083e-01,3.391934017140865645e-03
2.400758081999999904e-01,3.391883324740384374e-03
2.401278031999999896e-01,3.391832633959718062e-03
2.401451323999999887e-01,3.391815737319698199e-03
2.401971123999999957e-01,3.391765048556161406e-03
2.402750613000000091e-01,3.391689018382736554e-03
2.403010385999999887e-01,3.391663675715271119e-03
2.403096970999999971e-01,3.391655228278861456e-03
2.403789537999999892e-01,3.391587650392596711e-03
2.404741491999999869e-01,3.391494735296078471e-03
2.404828015000000097e-01,3.391486288691525960e-03
2.404914533999999993e-01,3.391477842103959861e-03
2.405174073999999940e-01,3.391452502914902960e-03
2.405606577999999940e-01,3.391410271531903817e-03
2.406211953000000070e-01,3.391351149627371171e-03
2.406298423000000075e-01,3.391342703855865399e-03
2.406903622999999881e-01,3.391283584290907469e-03
2.406990068000000038e-01,3.391275138760297542e-03
2.407162948999999885e-01,3.391258248084639496e-03
2.407249384000000048e-01,3.391249802680768467e-03
2.407508671999999961e-01,3.391224467000773530e-03
2.407940756999999987e-01,3.391182241633706931e-03
2.408545545000000121e-01,3.391123127892796407e-03
2.408631931000000115e-01,3.391114683219886242e-03
2.408977444000000023e-01,3.391080905141748755e-03
2.409322906999999958e-01,3.391047127748657904e-03
2.409581972000000016e-01,3.391021795131478160e-03
2.409754665999999934e-01,3.391004907042439401e-03
2.410013685000000072e-01,3.390979575042953487e-03
2.410272675000000031e-01,3.390954243541207010e-03
2.410963181000000122e-01,3.390886694696708652e-03
2.411049480000000134e-01,3.390878251232405920e-03
2.411394645999999919e-01,3.390844478136677883e-03
2.411739763000000092e-01,3.390810705567333903e-03
2.411826035000000090e-01,3.390802262620897303e-03
2.412429849000000126e-01,3.390743162764932490e-03
2.412688580000000027e-01,3.390717834979377864e-03
2.413205958999999901e-01,3.390667180447809459e-03
2.413464606999999873e-01,3.390641853752424453e-03
2.413895624999999878e-01,3.390599643539837088e-03
2.414068011000000125e-01,3.390582759698874179e-03
2.414154199000000112e-01,3.390574317916245344e-03
2.414498921999999881e-01,3.390540551099011958e-03
2.414843594999999954e-01,3.390506784955072024e-03
2.415446655000000054e-01,3.390447695771176342e-03
2.415791193000000059e-01,3.390413931633059434e-03
2.415963442999999877e-01,3.390397049642840041e-03
2.416221795999999866e-01,3.390371727168536853e-03
2.416480121000000036e-01,3.390346405248619195e-03
2.416566223000000124e-01,3.390337964528846327e-03
2.416824512000000091e-01,3.390312643066598162e-03
2.417599210999999970e-01,3.390236680840202823e-03
2.418029492000000058e-01,3.390194481144638474e-03
2.418631757999999965e-01,3.390135403320334445e-03
2.419319876999999896e-01,3.390067888614364030e-03
2.419405877999999954e-01,3.390059449451273028e-03
2.419577871999999963e-01,3.390042571370972899e-03
2.420695529000000124e-01,3.389932867519379698e-03
2.421039319999999939e-01,3.389899113953174625e-03
2.421383061999999864e-01,3.389865361091613360e-03
2.421468989999999988e-01,3.389856922975995231e-03
2.421726755999999980e-01,3.389831608973877669e-03
2.421984493000000072e-01,3.389806295273921615e-03
2.423358633000000095e-01,3.389671295839216756e-03
2.423530345000000086e-01,3.389654421702622232e-03
2.423702045999999999e-01,3.389637547757188597e-03
2.424045410000000011e-01,3.389603800425092673e-03
2.424474547999999896e-01,3.389561617150947670e-03
2.424903609000000071e-01,3.389519434996767031e-03
2.425075211999999925e-01,3.389502562501900927e-03
2.425589948999999912e-01,3.389451945849371838e-03
2.426104575999999957e-01,3.389401330744019197e-03
2.426533348999999895e-01,3.389359152851713700e-03
2.426790577000000060e-01,3.389333846507007735e-03
2.426876313000000118e-01,3.389325411145838185e-03
2.427219227999999895e-01,3.389291670195754801e-03
2.427562094999999864e-01,3.389257930053575073e-03
2.427647804999999992e-01,3.389249495105298767e-03
2.427819213999999892e-01,3.389232625336225779e-03
2.427904914000000025e-01,3.389224190543968333e-03
2.428333369000000019e-01,3.389182017133142693e-03
2.428590405999999924e-01,3.389156713689022750e-03
2.428933078999999939e-01,3.389122976305987932e-03
2.429190052000000100e-01,3.389097673645281687e-03
2.429532641000000104e-01,3.389063937367694200e-03
2.429618280999999991e-01,3.389055503537127551e-03
2.429703917000000102e-01,3.389047069686885235e-03
2.430645720999999870e-01,3.388954299796109824e-03
2.431672726999999923e-01,3.388853102159133414e-03
2.431758290999999905e-01,3.388844669379103159e-03
2.432014966000000111e-01,3.388819371169027751e-03
2.432271614000000026e-01,3.388794073257878157e-03
2.432442696999999876e-01,3.388777208297672448e-03
2.432699298999999871e-01,3.388751911062755796e-03
2.433041394000000079e-01,3.388718182050207573e-03
2.433297933000000135e-01,3.388692885686430886e-03
2.434323820000000027e-01,3.388591704535684826e-03
2.434494759999999980e-01,3.388574841712574739e-03
2.435007505000000017e-01,3.388524253930822946e-03
2.435092952000000033e-01,3.388515822828678387e-03
2.435776420999999914e-01,3.388448375277896066e-03
2.435861840999999917e-01,3.388439944550431394e-03
2.436118083000000101e-01,3.388414652649343172e-03
2.436459698000000007e-01,3.388380930657422085e-03
2.437228154999999952e-01,3.388305058668961492e-03
2.437825677000000080e-01,3.388246049605692523e-03
2.437911024999999954e-01,3.388237620040628322e-03
2.438167052000000112e-01,3.388212331199133044e-03
2.438593703999999973e-01,3.388170184065766779e-03
2.438764344000000084e-01,3.388153325574419939e-03
2.438849659000000003e-01,3.388144896253443908e-03
2.439190891000000139e-01,3.388111179940259381e-03
2.439873211999999958e-01,3.388043749287848651e-03
2.440129033000000003e-01,3.388018463525132792e-03
2.440214300000000114e-01,3.388010034971614907e-03
2.440470086000000038e-01,3.387984749679031661e-03
2.440640594000000052e-01,3.387967893188407326e-03
2.441237280999999926e-01,3.387908896278585442e-03
2.441492959000000074e-01,3.387883612755387183e-03
2.442004234000000051e-01,3.387833046531984246e-03
2.442941295999999929e-01,3.387740345876425786e-03
2.443367113999999896e-01,3.387698211097786571e-03
2.444048268000000024e-01,3.387630797509736617e-03
2.444218526999999974e-01,3.387613944638714729e-03
2.444303651999999993e-01,3.387605518319498563e-03
2.444984545999999981e-01,3.387538108578049597e-03
2.445239831999999891e-01,3.387512830662832864e-03
2.445324922000000067e-01,3.387504404821391635e-03
2.445580172000000052e-01,3.387479127395903386e-03
2.445665250000000068e-01,3.387470701671189965e-03
2.446345763999999978e-01,3.387403297676157363e-03
2.446770990000000090e-01,3.387361171626843571e-03
2.447026089999999876e-01,3.387335896367858843e-03
2.447366182000000057e-01,3.387302196789700008e-03
2.447961227999999878e-01,3.387243224225887708e-03
2.448046222999999966e-01,3.387234799854570415e-03
2.448301190000000127e-01,3.387209526631693515e-03
2.448641105000000096e-01,3.387175829701226642e-03
2.448726075999999863e-01,3.387167405594192736e-03
2.449320792999999941e-01,3.387108437847060043e-03
2.449405739999999942e-01,3.387100014105788245e-03
2.449490685000000056e-01,3.387091590364276188e-03
2.450085216000000010e-01,3.387032625364165724e-03
2.450170137000000081e-01,3.387024201940182656e-03
2.451019187000000044e-01,3.386939970630812972e-03
2.451104075999999965e-01,3.386931547639330728e-03
2.451358724999999905e-01,3.386906279211929476e-03
2.452122512999999893e-01,3.386830476277905965e-03
2.452207362999999918e-01,3.386822053856939144e-03
2.452377055999999944e-01,3.386805209225325977e-03
2.452461897999999862e-01,3.386796787115444515e-03
2.452886062999999894e-01,3.386754676650007793e-03
2.453140527000000071e-01,3.386729410960824180e-03
2.453394963999999956e-01,3.386704145822145955e-03
2.453734173000000074e-01,3.386670459188874903e-03
2.454158117999999944e-01,3.386628352200461971e-03
2.454242898000000006e-01,3.386619930869666940e-03
2.454751518000000132e-01,3.386569404118125980e-03
2.454836277999999927e-01,3.386560983197653332e-03
2.454921035000000029e-01,3.386552562123839802e-03
2.455175287999999956e-01,3.386527299644894254e-03
2.455514250999999981e-01,3.386493616774718506e-03
2.456446157999999935e-01,3.386400992778942302e-03
2.456530859000000122e-01,3.386392572627154682e-03
2.456784945000000109e-01,3.386367312542395546e-03
2.456954322000000079e-01,3.386350472751659645e-03
2.457885682000000016e-01,3.386257856928149255e-03
2.458224271999999988e-01,3.386224179770227095e-03
2.458308912000000124e-01,3.386215760517003251e-03
2.458985927000000016e-01,3.386148408608824142e-03
2.459239759000000081e-01,3.386123152342042624e-03
2.459578162000000123e-01,3.386089477885850362e-03
2.460170254999999861e-01,3.386030549504170841e-03
2.460254828000000005e-01,3.386022131219259233e-03
2.460508530000000138e-01,3.385996876863242230e-03
2.460593091000000121e-01,3.385988458998962034e-03
2.461269477999999955e-01,3.385921116377652376e-03
2.461607601999999950e-01,3.385887446307435204e-03
2.461692125000000120e-01,3.385879028727324831e-03
2.462283710000000014e-01,3.385820107973408748e-03
2.463044108999999926e-01,3.385744355610046611e-03
2.463213055000000040e-01,3.385727522299704188e-03
2.463635369000000130e-01,3.385685439680903488e-03
2.463973167999999880e-01,3.385651774445582254e-03
2.464310920999999988e-01,3.385618109712323388e-03
2.464395352000000039e-01,3.385609693772896264e-03
2.464564204999999952e-01,3.385592861838675714e-03
2.464901877000000019e-01,3.385559198404407711e-03
2.465070695000000089e-01,3.385542367039220697e-03
2.465914613999999894e-01,3.385458212411283918e-03
2.466420826999999871e-01,3.385407721818611826e-03
2.466673893999999922e-01,3.385382476994422407e-03
2.466926936000000126e-01,3.385357232688712779e-03
2.467011276999999947e-01,3.385348818050241092e-03
2.467348614000000051e-01,3.385315159686228502e-03
2.467685904999999957e-01,3.385281502032372672e-03
2.468360347999999926e-01,3.385214189064598284e-03
2.468444640000000134e-01,3.385205775117437754e-03
2.468697499999999989e-01,3.385180533446474280e-03
2.469118875999999907e-01,3.385138465040766088e-03
2.469371666999999881e-01,3.385113224547388420e-03
2.469624431999999925e-01,3.385087984430908917e-03
2.469708680999999906e-01,3.385079571150419100e-03
2.469961411000000107e-01,3.385054331421462510e-03
2.470045649000000010e-01,3.385045918239440368e-03
2.470466795000000049e-01,3.385003853485392313e-03
2.470719447999999985e-01,3.384978614986323443e-03
2.471393063000000001e-01,3.384911314438646991e-03
2.471729802000000031e-01,3.384877665119479136e-03
2.472403140999999971e-01,3.384810368786289516e-03
2.472487295999999946e-01,3.384801956927615922e-03
2.472655596999999983e-01,3.384785133258703081e-03
2.473160429000000049e-01,3.384734663634418172e-03
2.473412806999999991e-01,3.384709429380529464e-03
2.473749271000000027e-01,3.384675784362535175e-03
2.474001589000000001e-01,3.384650551099967208e-03
2.474422061000000062e-01,3.384608496414309286e-03
2.474758387999999865e-01,3.384574853374987431e-03
2.475178731000000076e-01,3.384532800743775098e-03
2.475346848999999960e-01,3.384515980001022873e-03
2.476103236999999957e-01,3.384440288493200527e-03
2.476439334999999964e-01,3.384406649179872578e-03
2.476523351999999900e-01,3.384398239281076123e-03
2.476775387000000050e-01,3.384373010436929081e-03
2.477195389000000081e-01,3.384330962863474779e-03
2.477699295999999940e-01,3.384280507377337120e-03
2.477783271000000009e-01,3.384272098240308918e-03
2.478371014000000094e-01,3.384213235723638590e-03
2.478454965999999926e-01,3.384204826996383732e-03
2.478538915000000065e-01,3.384196418369888985e-03
2.478790744999999907e-01,3.384171192400117160e-03
2.479881714000000126e-01,3.384061884902703470e-03
2.480468959999999889e-01,3.384003030015991439e-03
2.480552839999999870e-01,3.383994622399214176e-03
2.480720593999999890e-01,3.383977807066234841e-03
2.481056066000000004e-01,3.383944177183382390e-03
2.481223785999999987e-01,3.383927362560847345e-03
2.481475343000000000e-01,3.383902140899777786e-03
2.481726874999999888e-01,3.383876919620130985e-03
2.481810714000000084e-01,3.383868512544741403e-03
2.482062211999999934e-01,3.383843291846177527e-03
2.482565132000000008e-01,3.383792851509661876e-03
2.482816552999999871e-01,3.383767631889173129e-03
2.483486886999999865e-01,3.383700381603050276e-03
2.483738215000000082e-01,3.383675163446298213e-03
2.483821985999999926e-01,3.383666757499862766e-03
2.484575793000000088e-01,3.383591105750418434e-03
2.484743275000000085e-01,3.383574294756933575e-03
2.484827011000000085e-01,3.383565889433672383e-03
2.485161928999999881e-01,3.383532268037409835e-03
2.485245651999999916e-01,3.383523862739840331e-03
2.485496802000000116e-01,3.383498647446955398e-03
2.485747927999999995e-01,3.383473432408510163e-03
2.487086833999999913e-01,3.383338958905681912e-03
2.487254145999999999e-01,3.383322150684828569e-03
2.487505094000000139e-01,3.383296938291105883e-03
2.488759453000000121e-01,3.383170882993874647e-03
2.488843054000000055e-01,3.383162479585638451e-03
2.489093842000000001e-01,3.383137269885767850e-03
2.489261020000000102e-01,3.383120463477233900e-03
2.489511765000000099e-01,3.383095254383089272e-03
2.489846052999999948e-01,3.383061642894903253e-03
2.490096739000000059e-01,3.383036434621909064e-03
2.490598036999999987e-01,3.382986019361127871e-03
2.490848647999999999e-01,3.382960812369653278e-03
2.491099233000000079e-01,3.382935605638577158e-03
2.491182755999999943e-01,3.382927203534199026e-03
2.491266276000000113e-01,3.382918801523032790e-03
2.491767337999999943e-01,3.382868389908540597e-03
2.491934336000000139e-01,3.382851586380738757e-03
2.492518742000000009e-01,3.382792775546420837e-03
2.492602217999999870e-01,3.382784374112607871e-03
2.492769159999999873e-01,3.382767571462254319e-03
2.492852627000000099e-01,3.382759170205043575e-03
2.493854013000000036e-01,3.382658358567027391e-03
2.494104296000000109e-01,3.382633156677035836e-03
2.494604787999999962e-01,3.382582753830972334e-03
2.494854995999999936e-01,3.382557553112863248e-03
2.495271954000000125e-01,3.382515552698769131e-03
2.495522095999999912e-01,3.382490353059421258e-03
2.495855579000000046e-01,3.382456753955714532e-03
2.496439065999999929e-01,3.382397957532369027e-03
2.496522411000000052e-01,3.382389558093958602e-03
2.496605752000000122e-01,3.382381158833303557e-03
2.497105742999999878e-01,3.382330764072889826e-03
2.497189065000000041e-01,3.382322364973029769e-03
2.497522325000000043e-01,3.382288769433398293e-03
2.497772241000000004e-01,3.382263573203304202e-03
2.497938838000000050e-01,3.382246775997016855e-03
2.498605114000000127e-01,3.382179588904495830e-03
2.498854920999999951e-01,3.382154394350894884e-03
2.499520953000000101e-01,3.382087211017816702e-03
2.499770668999999890e-01,3.382062017901391222e-03
2.499853901999999906e-01,3.382053620298931026e-03
2.500186806999999956e-01,3.382020030388133321e-03
2.500519668000000251e-01,3.381986441115948910e-03
2.500769284000000092e-01,3.381961249644196543e-03
2.501268441999999759e-01,3.381910867779757031e-03
2.501850668000000222e-01,3.381852091073610754e-03
2.502100151000000161e-01,3.381826901691089952e-03
2.502515901999999848e-01,3.381784920185985227e-03
2.502848453000000029e-01,3.381751335965300399e-03
2.503097837000000103e-01,3.381726148077120273e-03
2.503264078999999920e-01,3.381709356421393805e-03
2.503513421999999933e-01,3.381684169270485034e-03
2.504510544999999921e-01,3.381583424447302897e-03
2.504593620000000187e-01,3.381575029349600386e-03
2.504759763000000139e-01,3.381558239301080907e-03
2.504842830999999825e-01,3.381549844164465513e-03
2.505092016000000088e-01,3.381524659563311854e-03
2.505258126000000085e-01,3.381507870062418555e-03
2.506586610000000048e-01,3.381373559584382755e-03
2.506835621999999875e-01,3.381348377628019732e-03
2.507499534000000030e-01,3.381281227750630725e-03
2.507748455000000098e-01,3.381256047243638707e-03
2.508495071999999881e-01,3.381180507996742451e-03
2.508578014999999772e-01,3.381172115077347388e-03
2.508826829999999952e-01,3.381146936234228836e-03
2.509158544000000268e-01,3.381113365139317047e-03
2.509241466000000087e-01,3.381104972379898183e-03
2.509490214999999802e-01,3.381079794680862290e-03
2.509821841000000053e-01,3.381046224885367237e-03
2.509904741000000272e-01,3.381037832567553459e-03
2.510070533000000048e-01,3.381021048001148308e-03
2.510484962999999792e-01,3.380979087436671721e-03
2.510567840999999856e-01,3.380970695370499532e-03
2.510816458999999834e-01,3.380945519822708533e-03
2.511230765999999948e-01,3.380903561276940063e-03
2.511396470000000214e-01,3.380886777949662636e-03
2.511810682000000239e-01,3.380844820976505564e-03
2.512142002000000152e-01,3.380811256097820960e-03
2.512556090999999991e-01,3.380769300943929113e-03
2.512721708000000276e-01,3.380752519157264376e-03
2.512804511999999768e-01,3.380744128494362049e-03
2.513218492000000026e-01,3.380702175124092931e-03
2.513715176999999912e-01,3.380651832396758434e-03
2.513797949000000087e-01,3.380643442102192978e-03
2.514046247000000234e-01,3.380618271432379342e-03
2.514460022000000183e-01,3.380576321499993014e-03
2.515452805000000236e-01,3.380475645526230533e-03
2.515700939000000136e-01,3.380450477648160295e-03
2.515866348999999946e-01,3.380433699136844300e-03
2.516445196000000051e-01,3.380374976028894651e-03
2.516693233000000252e-01,3.380349809567297689e-03
2.517437196000000266e-01,3.380274312632644551e-03
2.517767776000000013e-01,3.380240759508580661e-03
2.518015681999999922e-01,3.380215595181701449e-03
2.518098312000000005e-01,3.380207207195736786e-03
2.518428804999999771e-01,3.380173655614450521e-03
2.518511421999999889e-01,3.380165267675688551e-03
2.518759254999999864e-01,3.380140104613173387e-03
2.519007064000000073e-01,3.380114941807456277e-03
2.519172256000000165e-01,3.380098166884008132e-03
2.520328298999999772e-01,3.379980746958402994e-03
2.520493404999999965e-01,3.379963973419193059e-03
2.520741042999999904e-01,3.379938813392329051e-03
2.521071189999999906e-01,3.379905267394763338e-03
2.521401293000000154e-01,3.379871721819417609e-03
2.521978870000000095e-01,3.379813019199102118e-03
2.522391344000000091e-01,3.379771089891599103e-03
2.522721273999999902e-01,3.379737547238214658e-03
2.523133626999999879e-01,3.379695620037237967e-03
2.523298548999999835e-01,3.379678849319753958e-03
2.523628360999999876e-01,3.379645308550354235e-03
2.523710806999999723e-01,3.379636923529626569e-03
2.524370280000000077e-01,3.379569844471349855e-03
2.524699952000000192e-01,3.379536306123682651e-03
2.525359166999999738e-01,3.379469231328810670e-03
2.525688709999999726e-01,3.379435694861839586e-03
2.525935838999999739e-01,3.379410543069282912e-03
2.526347666000000047e-01,3.379368624201354882e-03
2.526430023999999830e-01,3.379360240575412112e-03
2.526677079999999909e-01,3.379335090024662008e-03
2.527088786999999726e-01,3.379293173122140115e-03
2.527335779000000060e-01,3.379268023513739942e-03
2.527665063999999795e-01,3.379234491294727614e-03
2.527747378999999905e-01,3.379226108500537912e-03
2.528323505999999776e-01,3.379167429102385763e-03
2.528405798999999732e-01,3.379159046417530045e-03
2.528899500999999828e-01,3.379108751867991069e-03
2.529064046999999760e-01,3.379091987281895859e-03
2.529310846999999751e-01,3.379066840710987386e-03
2.529557621999999895e-01,3.379041694822768928e-03
2.529639873999999788e-01,3.379033312881596102e-03
2.529886617000000060e-01,3.379008167226096870e-03
2.529968859999999764e-01,3.378999785390936900e-03
2.530297801999999985e-01,3.378966258833152568e-03
2.530380031000000196e-01,3.378957877308973873e-03
2.530873348000000078e-01,3.378907588934139741e-03
2.531284373000000087e-01,3.378865683032113501e-03
2.531613144000000037e-01,3.378832159324738314e-03
2.532517045000000078e-01,3.378739972303080891e-03
2.532599201999999883e-01,3.378731591900767817e-03
2.533009947000000039e-01,3.378689690606108149e-03
2.533502751999999747e-01,3.378639410587728001e-03
2.533584877000000235e-01,3.378631030702143514e-03
2.533666998999999920e-01,3.378622650782018080e-03
2.534323881000000167e-01,3.378555613924755317e-03
2.534816430999999870e-01,3.378505338052294454e-03
2.535226816000000216e-01,3.378463442637245819e-03
2.535883293999999788e-01,3.378396412365797415e-03
2.536211468999999830e-01,3.378362898185987163e-03
2.536457571999999883e-01,3.378337763064404552e-03
2.536539601000000199e-01,3.378329384686715002e-03
2.536785672999999908e-01,3.378304250087435512e-03
2.537523744999999886e-01,3.378228848585651881e-03
2.537769720999999978e-01,3.378203715547326447e-03
2.538179629000000270e-01,3.378161827959521440e-03
2.538261601999999839e-01,3.378153450652764730e-03
2.538753388000000166e-01,3.378103187107519070e-03
2.538835342999999911e-01,3.378094810176998294e-03
2.538917294999999963e-01,3.378086433084199775e-03
2.539163137000000070e-01,3.378061302155451612e-03
2.539408953999999774e-01,3.378036171736354797e-03
2.539490888000000002e-01,3.378027795153140406e-03
2.540228173999999894e-01,3.377952406324103308e-03
2.540391986000000157e-01,3.377935653821670728e-03
2.540473887999999958e-01,3.377927277657976658e-03
2.540883359000000175e-01,3.377885397189261691e-03
2.541374638000000186e-01,3.377835142196538871e-03
2.541702103999999851e-01,3.377801639723347800e-03
2.542111376999999783e-01,3.377759762584949758e-03
2.542193224000000029e-01,3.377751387222374408e-03
2.542438747999999915e-01,3.377726261514640404e-03
2.542847903000000076e-01,3.377684386363496473e-03
2.543093363999999745e-01,3.377659261862217543e-03
2.543420608999999999e-01,3.377625762964933404e-03
2.544320314999999888e-01,3.377533644709385975e-03
2.544647401999999836e-01,3.377500148392572829e-03
2.545383193999999905e-01,3.377424784342470711e-03
2.545464935999999789e-01,3.377416410826127296e-03
2.545628410999999924e-01,3.377399663851058872e-03
2.546037052999999828e-01,3.377357796980267907e-03
2.546118773000000113e-01,3.377349423822716048e-03
2.546363918999999809e-01,3.377324304406790264e-03
2.546772442999999941e-01,3.377282439558447046e-03
2.546935834999999870e-01,3.377265693963345510e-03
2.547262585999999773e-01,3.377232203274572065e-03
2.547670966000000203e-01,3.377190340919036457e-03
2.547997623000000100e-01,3.377156851876123543e-03
2.548079280000000169e-01,3.377148479612255248e-03
2.548324236999999770e-01,3.377123363363246280e-03
2.548977342000000035e-01,3.377056388585633097e-03
2.549222212999999737e-01,3.377031273576090991e-03
2.549956684999999945e-01,3.376955931491199773e-03
2.550038278999999797e-01,3.376947560396618368e-03
2.550283049000000024e-01,3.376922447297940524e-03
2.550527793999999848e-01,3.376897334523201906e-03
2.550609370999999959e-01,3.376888963547563117e-03
2.550690944999999821e-01,3.376880592911577113e-03
2.551261890000000032e-01,3.376821998591211359e-03
2.551914242000000166e-01,3.376755036084826481e-03
2.551995774999999966e-01,3.376746666032931846e-03
2.552647940000000171e-01,3.376679706915861404e-03
2.552892458000000087e-01,3.376654597949743306e-03
2.553218447000000224e-01,3.376621119811400173e-03
2.553462911000000113e-01,3.376596011783952224e-03
2.553544394000000217e-01,3.376587642344221121e-03
2.553951769000000205e-01,3.376545796749132276e-03
2.554196163999999936e-01,3.376520689724743073e-03
2.554440533999999818e-01,3.376495583268141875e-03
2.554603435000000200e-01,3.376478845863859456e-03
2.554847767000000269e-01,3.376453739933482287e-03
2.555092075000000018e-01,3.376428634445338174e-03
2.555173506000000261e-01,3.376420266073250440e-03
2.555743448999999723e-01,3.376361688479056350e-03
2.556069074999999802e-01,3.376328216466851009e-03
2.556476047999999834e-01,3.376286377441490433e-03
2.556557434000000240e-01,3.376278009883361842e-03
2.557208436000000251e-01,3.376211069991088502e-03
2.557371159999999866e-01,3.376194335388697614e-03
2.558103292000000195e-01,3.376119032266590349e-03
2.558509941000000065e-01,3.376077198669455784e-03
2.558753899999999804e-01,3.376052098975494947e-03
2.559079141999999751e-01,3.376018633572207012e-03
2.559810785000000144e-01,3.375943338585291921e-03
2.560054620000000170e-01,3.375918240835289966e-03
2.560460958999999925e-01,3.375876412616982559e-03
2.560948480999999943e-01,3.375826219878533957e-03
2.561029725999999784e-01,3.375817854646384619e-03
2.561679591000000089e-01,3.375750933939256938e-03
2.562004460999999789e-01,3.375717474555985087e-03
2.562248086999999730e-01,3.375692380489542666e-03
2.562329289999999982e-01,3.375684015798849531e-03
2.562897643000000003e-01,3.375625465001623297e-03
2.563060005999999724e-01,3.375608736416385765e-03
2.563628196000000137e-01,3.375550188204825587e-03
2.563709356000000161e-01,3.375541824436689622e-03
2.563952820000000021e-01,3.375516733131161962e-03
2.564358541000000269e-01,3.375474915046896163e-03
2.564601942999999995e-01,3.375449824806378563e-03
2.564926444000000250e-01,3.375416371611005429e-03
2.565575320999999853e-01,3.375349467669130996e-03
2.565899697999999840e-01,3.375316016590129611e-03
2.566305112000000221e-01,3.375274203714493347e-03
2.567602005999999881e-01,3.375140410048022878e-03
2.567764072000000009e-01,3.375123686598393430e-03
2.567845100999999741e-01,3.375115324962282923e-03
2.568250208000000256e-01,3.375073517351252685e-03
2.568817250000000052e-01,3.375014988497649585e-03
2.568898245999999830e-01,3.375006627516855158e-03
2.569060228999999751e-01,3.374989905380965625e-03
2.569546120000000267e-01,3.374939740339495849e-03
2.570193830999999984e-01,3.374872855805861188e-03
2.570355732999999865e-01,3.374856135351012379e-03
2.570436680000000029e-01,3.374847775084062300e-03
2.570679506999999919e-01,3.374822694447994747e-03
2.570760443999999811e-01,3.374814334436079810e-03
2.571084167000000087e-01,3.374780894407198445e-03
2.571407848999999746e-01,3.374747455092217373e-03
2.571650583999999795e-01,3.374722376168912564e-03
2.572135984999999736e-01,3.374672219373833770e-03
2.572378651000000183e-01,3.374647141658174924e-03
2.572702170999999760e-01,3.374613705097805928e-03
2.572944784000000262e-01,3.374588628175575339e-03
2.573268231999999989e-01,3.374555192937105531e-03
2.573349086999999757e-01,3.374546834252226731e-03
2.573429939999999916e-01,3.374538475514356033e-03
2.573995841000000229e-01,3.374479966063369165e-03
2.574319157000000136e-01,3.374446533064364047e-03
2.574642433000000064e-01,3.374413100665821317e-03
2.575288861999999734e-01,3.374346238179642098e-03
2.575369653999999842e-01,3.374337880434768316e-03
2.575531231000000032e-01,3.374321165383429612e-03
2.575854354000000068e-01,3.374287735599500702e-03
2.576258201000000136e-01,3.374245949505074501e-03
2.576500479000000121e-01,3.374220878333496036e-03
2.576823481000000138e-01,3.374187450592881429e-03
2.576904225000000159e-01,3.374179093894446625e-03
2.577953667999999809e-01,3.374070459226548562e-03
2.578195786999999961e-01,3.374045390823445650e-03
2.578437882999999875e-01,3.374020322788092406e-03
2.578518576000000118e-01,3.374011966672261879e-03
2.579244705000000026e-01,3.373936765304402438e-03
2.579809330000000234e-01,3.373878277561285447e-03
2.580131916999999775e-01,3.373844857006982282e-03
2.580373831000000173e-01,3.373819791996108142e-03
2.580454463999999892e-01,3.373811437191996145e-03
2.580696348000000029e-01,3.373786372566474345e-03
2.581180048000000227e-01,3.373736244956391985e-03
2.581824839999999899e-01,3.373669410331729679e-03
2.581986012999999969e-01,3.373652702172967761e-03
2.582066595999999992e-01,3.373644348049559087e-03
2.582388901000000070e-01,3.373610932369601207e-03
2.582711166000000169e-01,3.373577517341950528e-03
2.583033390999999734e-01,3.373544102906028772e-03
2.583113940999999802e-01,3.373535749518175812e-03
2.583597188000000267e-01,3.373485629606214238e-03
2.583758251000000117e-01,3.373468923198803121e-03
2.583999825000000139e-01,3.373443864129716408e-03
2.584563410999999866e-01,3.373385394400653207e-03
2.584965898000000095e-01,3.373343631468362410e-03
2.585287841999999725e-01,3.373310221869742220e-03
2.585690214999999959e-01,3.373268461072438922e-03
2.585931609000000075e-01,3.373243404991427708e-03
2.586172981000000037e-01,3.373218349505018986e-03
2.586253432999999768e-01,3.373209997546613732e-03
2.586896960999999773e-01,3.373143184793627770e-03
2.587138241999999977e-01,3.373118130656462248e-03
2.587218664000000001e-01,3.373109779453300951e-03
2.587620736999999838e-01,3.373068023785035473e-03
2.588183534999999869e-01,3.373009567577386295e-03
2.588505079000000264e-01,3.372976165067058732e-03
2.588826583000000126e-01,3.372942763055900451e-03
2.588906952000000206e-01,3.372934412646311827e-03
2.589148047000000008e-01,3.372909361929862272e-03
2.590754766999999736e-01,3.372742366301397822e-03
2.590835076999999931e-01,3.372734016870599597e-03
2.590995689999999740e-01,3.372717318366252968e-03
2.591075991999999828e-01,3.372708969126214911e-03
2.591316884000000043e-01,3.372683921714523733e-03
2.591477467000000146e-01,3.372667223885169284e-03
2.591718322000000074e-01,3.372642177062622725e-03
2.591959153999999765e-01,3.372617130734633251e-03
2.592039427000000229e-01,3.372608782106408312e-03
2.592681518000000129e-01,3.372541994186185367e-03
2.592761767999999800e-01,3.372533645991054093e-03
2.593243217000000267e-01,3.372483557069779099e-03
2.593403679999999878e-01,3.372466861136666494e-03
2.593564133999999854e-01,3.372450165359483845e-03
2.593644355999999984e-01,3.372441817529073845e-03
2.594687028000000062e-01,3.372333299908907532e-03
2.594847402000000081e-01,3.372316605394155148e-03
2.595328464000000168e-01,3.372266523311119764e-03
2.595568961999999980e-01,3.372241482815676109e-03
2.595889591000000163e-01,3.372208096227827592e-03
2.596130036000000030e-01,3.372183056495702165e-03
2.596450596000000055e-01,3.372149671086870602e-03
2.596530729000000037e-01,3.372141324787101234e-03
2.596610860999999937e-01,3.372132978466939757e-03
2.597091596000000169e-01,3.372082902045499698e-03
2.597171710000000244e-01,3.372074556154256407e-03
2.597251821000000072e-01,3.372066210375494321e-03
2.597812532000000063e-01,3.372007790501731130e-03
2.597892623999999984e-01,3.371999444877749313e-03
2.598693404999999901e-01,3.371915991973795709e-03
2.598773468999999725e-01,3.371907647019103168e-03
2.599013647999999788e-01,3.371882611898052717e-03
2.599173754999999919e-01,3.371865922193397098e-03
2.599413897000000251e-01,3.371840888034662378e-03
2.599734050999999990e-01,3.371807509575993483e-03
2.600054166999999916e-01,3.371774131857465610e-03
2.600374241999999780e-01,3.371740754878692348e-03
2.600454254999999826e-01,3.371732410710173451e-03
2.600694278999999831e-01,3.371707378559443604e-03
2.601654151000000192e-01,3.371607253608412038e-03
2.602213912999999934e-01,3.371548850222823822e-03
2.602293869999999787e-01,3.371540507274100890e-03
2.602533723000000077e-01,3.371515478034799087e-03
2.602613670000000212e-01,3.371507134939638606e-03
2.603253152000000181e-01,3.371440392625765087e-03
2.603492917999999934e-01,3.371415364918504704e-03
2.603652748999999988e-01,3.371398680066131723e-03
2.603812570999999854e-01,3.371381995291155165e-03
2.604291977000000036e-01,3.371331942255282894e-03
2.604531647000000172e-01,3.371306916354527977e-03
2.605809512999999744e-01,3.371173451039991258e-03
2.606208717999999869e-01,3.371131745331344687e-03
2.606448211999999875e-01,3.371106722443485259e-03
2.606687683000000200e-01,3.371081699913128053e-03
2.607086753999999784e-01,3.371039996573057303e-03
2.607326166000000223e-01,3.371014975235851144e-03
2.607405965999999853e-01,3.371006634882593288e-03
2.608363368000000126e-01,3.370906553345896350e-03
2.608762182000000096e-01,3.370864854705171547e-03
2.609240679000000007e-01,3.370814817618859958e-03
2.609320419999999752e-01,3.370806478204432712e-03
2.609400157999999803e-01,3.370798138809579653e-03
2.609958258999999781e-01,3.370739764845234222e-03
2.610037977999999925e-01,3.370731425883385923e-03
2.610197408000000108e-01,3.370714748074789529e-03
2.610914724999999770e-01,3.370639699932100487e-03
2.611153787000000115e-01,3.370614684914166256e-03
2.611233468999999974e-01,3.370606346476716191e-03
2.611472502000000140e-01,3.370581331783090683e-03
2.611870841000000221e-01,3.370539641404258786e-03
2.612428413999999810e-01,3.370481276760235647e-03
2.612826608000000106e-01,3.370439588988681425e-03
2.613145118999999905e-01,3.370406239640229371e-03
2.613782023999999815e-01,3.370339542702001367e-03
2.613861626999999799e-01,3.370331205949211959e-03
2.614020824000000132e-01,3.370314532186234439e-03
2.614100419000000008e-01,3.370306195286561658e-03
2.614339189000000063e-01,3.370281185323962050e-03
2.614418774999999751e-01,3.370272848720880145e-03
2.615055370000000101e-01,3.370206157558292091e-03
2.615691810999999922e-01,3.370139468832126194e-03
2.615771355000000020e-01,3.370131132961492245e-03
2.616248568999999802e-01,3.370081118849574744e-03
2.616566664000000153e-01,3.370047776804703174e-03
2.616646181000000237e-01,3.370039441420815286e-03
2.616884718999999970e-01,3.370014435331274236e-03
2.617600204000000153e-01,3.369939419940034750e-03
2.617679689999999892e-01,3.369931085156833029e-03
2.618315492000000133e-01,3.369864407914958514e-03
2.618553878000000057e-01,3.369839404689665367e-03
2.618871693000000000e-01,3.369806067684250495e-03
2.619110028000000145e-01,3.369781065463900004e-03
2.619427775000000014e-01,3.369747729481685321e-03
2.619586634000000136e-01,3.369731061928380334e-03
2.619824904999999982e-01,3.369706060673428177e-03
2.620221973999999898e-01,3.369664393072737633e-03
2.620460186999999941e-01,3.369639392937973620e-03
2.620777770000000118e-01,3.369606060074643861e-03
2.621412820999999838e-01,3.369539396300237806e-03
2.621650924999999743e-01,3.369514398185979951e-03
2.622365108999999972e-01,3.369439405949385333e-03
2.622603126999999978e-01,3.369414409442065151e-03
2.622682460999999909e-01,3.369406077305215751e-03
2.622920450999999820e-01,3.369381081156586077e-03
2.623396364000000203e-01,3.369331089947057330e-03
2.624030781000000201e-01,3.369264437647919493e-03
2.624506494000000134e-01,3.369214450342135261e-03
2.624585770999999790e-01,3.369206119278744891e-03
2.625219899999999829e-01,3.369139471901810758e-03
2.625299155999999967e-01,3.369131141266170672e-03
2.625457659000000055e-01,3.369114479933110490e-03
2.625536908000000169e-01,3.369106149427720381e-03
2.625933113000000207e-01,3.369064497222929670e-03
2.626170808000000134e-01,3.369039506460453758e-03
2.626487699999999759e-01,3.369006185954182952e-03
2.626725344999999989e-01,3.368981196018026956e-03
2.627200568999999986e-01,3.368931217426201965e-03
2.627438148999999834e-01,3.368906228562962030e-03
2.627675707000000083e-01,3.368881240191286784e-03
2.627834068000000078e-01,3.368864581445727997e-03
2.627992418000000274e-01,3.368847922996391023e-03
2.628388253999999757e-01,3.368806277463991684e-03
2.628704879000000050e-01,3.368772961854177381e-03
2.629021465999999974e-01,3.368739646905416323e-03
2.629258881000000048e-01,3.368714660958755693e-03
2.629338015000000084e-01,3.368706332583307640e-03
2.630524734999999947e-01,3.368581410110264157e-03
2.630920189000000020e-01,3.368539771375700549e-03
2.630999272999999805e-01,3.368531443743723319e-03
2.631473724999999764e-01,3.368481479159783892e-03
2.631552791999999807e-01,3.368473151949579955e-03
2.631631857000000241e-01,3.368464824596686339e-03
2.631869036000000217e-01,3.368439843063108889e-03
2.632106195000000204e-01,3.368414861951599636e-03
2.632185242999999786e-01,3.368406535027513183e-03
2.632264288999999757e-01,3.368398208071492206e-03
2.632817541999999955e-01,3.368339920964079012e-03
2.632896569000000020e-01,3.368331594365903733e-03
2.633054615000000043e-01,3.368314941248653528e-03
2.633133635000000083e-01,3.368306614822519449e-03
2.633528696999999918e-01,3.368264983326312891e-03
2.634002693999999978e-01,3.368215026853426525e-03
2.634081684999999839e-01,3.368206700978153018e-03
2.634397626000000159e-01,3.368173397631900410e-03
2.635424171999999898e-01,3.368065166727322434e-03
2.635661011000000054e-01,3.368040191301894127e-03
2.636529236999999859e-01,3.367948618526081430e-03
2.636608152000000094e-01,3.367940293993229323e-03
2.636687065000000163e-01,3.367931969428035032e-03
2.636844884000000278e-01,3.367915320679479470e-03
2.637160493999999855e-01,3.367882023242716339e-03
2.637318284999999873e-01,3.367865374982414745e-03
2.637554952999999758e-01,3.367840402748459999e-03
2.637949352999999775e-01,3.367798783325388033e-03
2.638107096999999790e-01,3.367782135618767672e-03
2.638501415000000239e-01,3.367740517726881475e-03
2.638816826000000004e-01,3.367707224058040516e-03
2.639211038000000009e-01,3.367665607919853067e-03
2.639447536000000261e-01,3.367640638949429693e-03
2.639762835000000196e-01,3.367607347246875677e-03
2.640078095999999763e-01,3.367574056261524434e-03
2.640472119000000228e-01,3.367532443818664449e-03
2.640708505000000095e-01,3.367507476616142872e-03
2.641102433999999999e-01,3.367465865744822661e-03
2.641653836000000255e-01,3.367407612173319194e-03
2.642205122999999878e-01,3.367349360950766621e-03
2.642362612999999971e-01,3.367332717932138009e-03
2.642598829000000205e-01,3.367307754033846152e-03
2.642835024999999893e-01,3.367282790551391364e-03
2.642913752000000116e-01,3.367274469344004595e-03
2.644173067000000210e-01,3.367141337390603447e-03
2.644409121999999890e-01,3.367116376324582033e-03
2.644487803000000192e-01,3.367108056161653186e-03
2.644881169000000143e-01,3.367066455596451346e-03
2.645667725999999997e-01,3.366983257593042858e-03
2.646060916999999901e-01,3.366941660208143394e-03
2.646375427000000058e-01,3.366908382953168362e-03
2.647004336000000069e-01,3.366841830947930447e-03
2.647240138999999992e-01,3.366816874461366505e-03
2.647868842000000167e-01,3.366750325987870763e-03
2.648025995000000132e-01,3.366733689381950622e-03
2.648575954999999871e-01,3.366675462269541185e-03
2.648654511999999905e-01,3.366667144486401413e-03
2.648890166999999796e-01,3.366642190664476814e-03
2.649204341999999990e-01,3.366608919767777666e-03
2.649282880000000118e-01,3.366600602275847225e-03
2.649439948000000267e-01,3.366583967132199661e-03
2.651088608000000124e-01,3.366409308442064319e-03
2.651402521999999817e-01,3.366376042445397808e-03
2.651716398999999780e-01,3.366342777038966623e-03
2.651951781999999924e-01,3.366317828322014458e-03
2.652030239000000011e-01,3.366309512322799256e-03
2.652265594000000060e-01,3.366284564202109281e-03
2.652657807000000090e-01,3.366242984810466007e-03
2.652971534999999936e-01,3.366209722124679712e-03
2.653206806999999778e-01,3.366184775584456397e-03
2.653598880999999965e-01,3.366143198753091068e-03
2.653677287999999801e-01,3.366134883397758383e-03
2.653912498000000064e-01,3.366109938035478227e-03
2.654147686000000173e-01,3.366084992915025463e-03
2.654304466999999890e-01,3.366068363220955321e-03
2.654774753999999959e-01,3.366018474844959495e-03
2.654853126999999757e-01,3.366010160229212286e-03
2.654931497999999945e-01,3.366001845699761498e-03
2.655480028000000159e-01,3.365943645137771476e-03
2.655558379999999885e-01,3.365935330894364013e-03
2.655793423000000208e-01,3.365910388698781664e-03
2.656185114999999874e-01,3.365868818872497312e-03
2.656655068000000064e-01,3.365818936753722356e-03
2.656968324999999798e-01,3.365785682941446928e-03
2.657046632999999769e-01,3.365777369449095367e-03
2.657438140000000226e-01,3.365735803231342457e-03
2.657907871999999894e-01,3.365685925157777415e-03
2.658064431000000116e-01,3.365669299391861082e-03
2.658299251999999835e-01,3.365644361347800307e-03
2.659238329999999983e-01,3.365544612197000820e-03
2.659316570999999962e-01,3.365536300144181779e-03
2.659785971999999998e-01,3.365486428233495104e-03
2.659864196999999764e-01,3.365478116411563855e-03
2.659942419999999919e-01,3.365469804725078947e-03
2.660489917000000148e-01,3.365411623285722090e-03
2.660724523999999924e-01,3.365386688988314043e-03
2.661428221000000094e-01,3.365311888876275272e-03
2.661819084000000002e-01,3.365270334418203699e-03
2.662053574000000089e-01,3.365245402580053277e-03
2.662288043000000104e-01,3.365220470929587791e-03
2.662366194999999935e-01,3.365212160344276289e-03
2.662991326999999964e-01,3.365145678371619670e-03
2.663069457999999723e-01,3.365137368203582457e-03
2.663225712999999772e-01,3.365120748292129305e-03
2.663928749999999734e-01,3.365045960184971131e-03
2.664163053999999975e-01,3.365021031591588010e-03
2.664241151000000252e-01,3.365012722203384026e-03
2.664475426999999841e-01,3.364987794232693775e-03
2.664865842999999956e-01,3.364946248307334065e-03
2.665178134000000254e-01,3.364913012452721338e-03
2.665568447000000174e-01,3.364871468388533435e-03
2.665802607000000157e-01,3.364846542617973453e-03
2.666192828000000237e-01,3.364805000425167506e-03
2.666817062999999877e-01,3.364738535070470500e-03
2.666973099000000125e-01,3.364721919134709520e-03
2.667051113000000195e-01,3.364713611315219011e-03
2.667285142999999970e-01,3.364688688010485183e-03
2.667675146999999858e-01,3.364647149811196124e-03
2.667909122000000077e-01,3.364622227373864367e-03
2.668299035000000208e-01,3.364580690850286528e-03
2.668610925000000078e-01,3.364547462558320056e-03
2.668922778000000218e-01,3.364514234770687139e-03
2.669546374000000277e-01,3.364447781580386359e-03
2.669780185000000250e-01,3.364422862179726643e-03
2.670481496000000066e-01,3.364348106627153799e-03
2.670715224999999915e-01,3.364323188975208538e-03
2.670793129999999849e-01,3.364314883135855003e-03
2.671182622000000118e-01,3.364273354719176864e-03
2.671727815000000117e-01,3.364215216551740776e-03
2.671805690999999872e-01,3.364206911326926043e-03
2.671961435999999912e-01,3.364190300999935889e-03
2.672350756999999910e-01,3.364148775729821489e-03
2.672428614999999841e-01,3.364140470801577250e-03
2.672662174000000057e-01,3.364115556164168092e-03
2.672895712000000201e-01,3.364090642015358113e-03
2.673051392999999942e-01,3.364074032814494929e-03
2.673207065000000049e-01,3.364057423808494533e-03
2.673284898000000132e-01,3.364049119225297636e-03
2.673596206000000142e-01,3.364015901938071252e-03
2.674296514999999763e-01,3.363941165309876531e-03
2.674452115000000019e-01,3.363924557597509739e-03
2.674529910999999816e-01,3.363916253923219472e-03
2.674918859000000038e-01,3.363874735553780415e-03
2.675152199999999980e-01,3.363849825192804632e-03
2.676085362999999773e-01,3.363750187383033122e-03
2.676163112000000122e-01,3.363741884539389604e-03
2.676629556999999826e-01,3.363692068089328170e-03
2.676707291000000044e-01,3.363683765714537040e-03
2.676785020999999931e-01,3.363675463159667735e-03
2.677018199999999792e-01,3.363650555699403740e-03
2.677251359000000219e-01,3.363625648928488931e-03
2.677329073999999975e-01,3.363617346604538642e-03
2.678649882999999954e-01,3.363476215321878175e-03
2.678882899999999734e-01,3.363451311054626441e-03
2.679814763000000211e-01,3.363351697785932869e-03
2.679892403999999950e-01,3.363343397019303693e-03
2.680125312000000148e-01,3.363318495007214595e-03
2.680513447999999799e-01,3.363276992100051096e-03
2.681755104999999917e-01,3.363144190491587117e-03
2.681910271999999873e-01,3.363127590925384190e-03
2.681987852000000117e-01,3.363119291304796175e-03
2.682220578000000244e-01,3.363094392521272062e-03
2.682298148999999743e-01,3.363086092999094476e-03
2.682608410999999804e-01,3.363052895431429580e-03
2.682918636000000134e-01,3.363019698685226939e-03
2.682996187000000199e-01,3.363011399483359972e-03
2.683151281999999749e-01,3.362994801507986509e-03
2.683538979999999796e-01,3.362953307112801892e-03
2.683616513000000037e-01,3.362945008289635902e-03
2.684081662999999729e-01,3.362895216700826848e-03
2.684391718999999954e-01,3.362862023025336294e-03
2.684469226999999791e-01,3.362853724891736763e-03
2.684701737999999893e-01,3.362828830170288847e-03
2.684779237000000096e-01,3.362820532025061898e-03
2.685476631000000003e-01,3.362745850948378051e-03
2.685709055000000123e-01,3.362720957902440994e-03
2.686096383000000087e-01,3.362679470652087544e-03
2.686328754000000263e-01,3.362654578826300335e-03
2.686638550000000070e-01,3.362621390144089444e-03
2.686870874000000242e-01,3.362596498978230944e-03
2.687180606999999832e-01,3.362563311619336942e-03
2.687335459999999898e-01,3.362546718288653928e-03
2.687567724000000102e-01,3.362521828384563462e-03
2.687954785000000180e-01,3.362480346054408809e-03
2.688573966000000204e-01,3.362413976760659194e-03
2.689115632999999894e-01,3.362355905729641058e-03
2.689193005000000136e-01,3.362347610062423661e-03
2.689657191000000003e-01,3.362297837045636565e-03
2.689811901999999977e-01,3.362281246394798178e-03
2.690043951000000155e-01,3.362256360568590275e-03
2.690353319000000076e-01,3.362223180066530818e-03
2.690585321999999779e-01,3.362198295167915119e-03
2.690662651999999877e-01,3.362190000467352863e-03
2.690971949000000030e-01,3.362156821415059060e-03
2.691281211000000062e-01,3.362123643013459600e-03
2.691513132999999725e-01,3.362098759808182513e-03
2.691667736999999727e-01,3.362082171045078453e-03
2.692208782000000133e-01,3.362024112231428059e-03
2.692749717999999848e-01,3.361966055383640468e-03
2.692826984999999729e-01,3.361957761606857061e-03
2.692904251000000082e-01,3.361949467851574249e-03
2.693058775000000127e-01,3.361932880974655841e-03
2.693136033999999901e-01,3.361924587359085923e-03
2.693445046999999870e-01,3.361891413869043735e-03
2.693985734000000076e-01,3.361833361744291475e-03
2.694294649000000264e-01,3.361800189982423748e-03
2.694680743999999795e-01,3.361758726556621571e-03
2.694757956000000121e-01,3.361750433849421821e-03
2.695529957000000199e-01,3.361667510222343582e-03
2.696533227999999838e-01,3.361559716004834490e-03
2.696610387999999747e-01,3.361551424370271945e-03
2.696764698999999932e-01,3.361534841394578799e-03
2.696841851999999817e-01,3.361526549779843710e-03
2.697227582000000234e-01,3.361485093394486149e-03
2.697458992999999805e-01,3.361460219864737670e-03
2.697690385000000024e-01,3.361435346964280080e-03
2.697767510999999896e-01,3.361427055788035814e-03
2.697998876000000101e-01,3.361402183401287960e-03
2.698384441000000189e-01,3.361360729894970287e-03
2.698461547000000071e-01,3.361352439444997061e-03
2.699001228999999835e-01,3.361294406881337998e-03
2.699078317999999976e-01,3.361286116566947289e-03
2.699309570999999797e-01,3.361261246186063659e-03
2.700311436999999759e-01,3.361153479344817282e-03
2.700465537999999777e-01,3.361136900372016772e-03
2.700542584000000246e-01,3.361128610920157030e-03
2.700927786000000275e-01,3.361087164599307724e-03
2.701158880000000262e-01,3.361062297285828063e-03
2.701389954999999787e-01,3.361037430450908303e-03
2.701698023999999920e-01,3.361004275197262883e-03
2.701775035000000269e-01,3.360995986592393153e-03
2.702083060000000092e-01,3.360962832116972440e-03
2.702622018999999987e-01,3.360904813515604335e-03
2.703006923999999866e-01,3.360863373044473308e-03
2.703314808999999763e-01,3.360830221436250827e-03
2.703853521999999843e-01,3.360772207727009356e-03
2.703930472000000140e-01,3.360763919977575141e-03
2.704238252000000231e-01,3.360730770539655226e-03
2.704469063000000117e-01,3.360705908729815210e-03
2.704853704999999886e-01,3.360664473258320739e-03
2.705161380000000171e-01,3.360631325729196428e-03
2.705238293000000183e-01,3.360623038868460182e-03
2.705392112000000182e-01,3.360606465536042798e-03
2.705776623000000214e-01,3.360565032703675091e-03
2.706084193000000138e-01,3.360531887066746815e-03
2.706468604999999750e-01,3.360490456351980775e-03
2.707006691000000131e-01,3.360432454826367977e-03
2.707852037999999850e-01,3.360341313805565930e-03
2.708543489999999943e-01,3.360266747722764121e-03
2.709081163000000014e-01,3.360208754199252475e-03
2.709388356999999914e-01,3.360175616183078487e-03
2.709541940999999898e-01,3.360159047289530080e-03
2.709772301000000216e-01,3.360134194437323744e-03
2.710079416999999768e-01,3.360101057830315943e-03
2.710156189999999854e-01,3.360092773731380902e-03
2.710693544000000177e-01,3.360034786493566478e-03
2.710770299999999966e-01,3.360026502833214201e-03
2.711307532000000187e-01,3.359968518106218587e-03
2.711384271000000235e-01,3.359960234746168194e-03
2.711614473999999775e-01,3.359935384845864036e-03
2.711844657999999963e-01,3.359910535339063250e-03
2.711998103000000104e-01,3.359893969248619380e-03
2.712458385000000027e-01,3.359844272143591368e-03
2.712535091000000120e-01,3.359835989346242335e-03
2.712765196999999961e-01,3.359811141570364246e-03
2.713148663000000127e-01,3.359769729269732573e-03
2.713225349000000231e-01,3.359761446799109166e-03
2.713455396000000186e-01,3.359736600094313103e-03
2.713838764000000014e-01,3.359695189739605754e-03
2.714298734999999740e-01,3.359645498386994947e-03
2.714375388999999972e-01,3.359637216818987197e-03
2.714988543999999893e-01,3.359570964859355698e-03
2.715065179000000217e-01,3.359562683461859121e-03
2.715678179000000081e-01,3.359496434313653628e-03
2.715908018000000035e-01,3.359471591793196637e-03
2.716137836999999999e-01,3.359446749403679176e-03
2.716214439999999897e-01,3.359438468856462950e-03
2.716291040000000101e-01,3.359430188213748895e-03
2.716827179999999897e-01,3.359372225038860169e-03
2.716903762999999805e-01,3.359363944776780440e-03
2.717133498000000036e-01,3.359339104083299953e-03
2.717363213999999805e-01,3.359314263672411125e-03
2.717669471999999975e-01,3.359281144085147445e-03
2.717746031000000118e-01,3.359272864145666435e-03
2.718052246000000061e-01,3.359239745487993794e-03
2.718358425999999883e-01,3.359206627144915424e-03
2.718664572000000224e-01,3.359173509684401041e-03
2.718894157999999783e-01,3.359148672018510019e-03
2.719200244000000155e-01,3.359115555700613320e-03
2.719353273999999820e-01,3.359098997852494242e-03
2.719888810000000157e-01,3.359041046558449047e-03
2.720500723000000010e-01,3.358974819109759868e-03
2.720577202000000194e-01,3.358966540933362461e-03
2.720806626999999756e-01,3.358941706488788748e-03
2.721418333000000245e-01,3.358875482933233216e-03
2.721647688000000120e-01,3.358850649894548363e-03
2.722412062999999827e-01,3.358767875794812455e-03
2.722564912000000059e-01,3.358751321472040925e-03
2.723481826999999966e-01,3.358651999314019379e-03
2.723787396999999832e-01,3.358618893197309364e-03
2.724169310999999816e-01,3.358577511585639046e-03
2.724245686999999805e-01,3.358569235279188110e-03
2.724474802999999890e-01,3.358544407092005270e-03
2.725391075999999968e-01,3.358445097424612048e-03
2.726078077999999905e-01,3.358370619550599904e-03
2.726307041000000098e-01,3.358345794143136661e-03
2.726612293999999825e-01,3.358312694406966406e-03
2.726688601999999739e-01,3.358304419652263784e-03
2.727146403999999857e-01,3.358254771379022476e-03
2.727222697000000196e-01,3.358246496856621011e-03
2.727451564000000217e-01,3.358221673577593651e-03
2.727832964999999943e-01,3.358180302207660912e-03
2.727909237999999736e-01,3.358172028050421774e-03
2.728138046999999955e-01,3.358147205896758105e-03
2.728519352000000064e-01,3.358105836469710021e-03
2.728748108999999866e-01,3.358081015263904463e-03
2.728976847999999844e-01,3.358056194409290637e-03
2.729358035000000182e-01,3.358014827315333739e-03
2.729662947000000006e-01,3.357981734409540026e-03
2.729891609000000274e-01,3.357956915293055372e-03
2.729967824999999793e-01,3.357948642175766045e-03
2.730348874999999897e-01,3.357907277824140682e-03
2.730882253999999953e-01,3.357849369417215558e-03
2.731110814000000109e-01,3.357824552416995532e-03
2.731491703999999743e-01,3.357783191203994946e-03
2.732101016999999854e-01,3.357717015624346948e-03
2.732177171999999876e-01,3.357708743794462266e-03
2.732710194999999898e-01,3.357650842667220942e-03
2.732786333000000178e-01,3.357642571148781573e-03
2.733319236999999791e-01,3.357584672500997427e-03
2.733547592000000193e-01,3.357559859512861469e-03
2.733623707000000236e-01,3.357551588561069958e-03
2.733852037000000235e-01,3.357526775837705278e-03
2.734232544999999903e-01,3.357485422362043240e-03
2.734765167000000052e-01,3.357427529395832361e-03
2.734841248000000058e-01,3.357419258869564615e-03
2.735145547999999760e-01,3.357386178341862076e-03
2.735221617999999966e-01,3.357377908358430939e-03
2.735449815000000062e-01,3.357353098498578204e-03
2.735677993000000252e-01,3.357328288882444143e-03
2.735830101000000236e-01,3.357311749287439796e-03
2.736058246999999999e-01,3.357286940540012751e-03
2.736286373999999855e-01,3.357262132034678510e-03
2.736894619999999945e-01,3.357195977838670162e-03
2.737046659999999854e-01,3.357179439780789976e-03
2.737274705000000141e-01,3.357154632830460991e-03
2.737654736999999838e-01,3.357113288925141735e-03
2.737882730999999792e-01,3.357088483240496489e-03
2.738414643000000037e-01,3.357030604348250694e-03
2.738870486000000160e-01,3.356980995654998412e-03
2.739098379000000083e-01,3.356956191762039757e-03
2.739706000000000086e-01,3.356890050344126398e-03
2.740009760000000072e-01,3.356856980449072266e-03
2.740313487000000103e-01,3.356823911467065116e-03
2.740617180000000097e-01,3.356790843214375181e-03
2.740693097999999939e-01,3.356782576157259484e-03
2.740844927000000153e-01,3.356766042141327497e-03
2.741148561000000261e-01,3.356732975178167676e-03
2.741300366000000155e-01,3.356716441605929815e-03
2.741528057000000018e-01,3.356691642128148585e-03
2.741755727999999892e-01,3.356666842625030418e-03
2.741831614999999944e-01,3.356658576421416018e-03
2.742059262000000053e-01,3.356633777453283968e-03
2.742742087999999745e-01,3.356559383614114711e-03
2.742969659000000227e-01,3.356534586185815159e-03
2.743045512000000241e-01,3.356526320431163241e-03
2.743121363000000090e-01,3.356518054792592947e-03
2.743348903000000227e-01,3.356493258333632587e-03
2.743652259000000093e-01,3.356460196832952193e-03
2.744258871999999960e-01,3.356394075519565819e-03
2.744334689999999854e-01,3.356385810583406744e-03
2.744486318000000091e-01,3.356369280936431776e-03
2.746077907000000207e-01,3.356195728610092584e-03
2.746153673999999767e-01,3.356187464678613789e-03
2.746380963000000230e-01,3.356162673207012045e-03
2.746759735000000036e-01,3.356121354888668903e-03
2.746986973000000165e-01,3.356096564337415159e-03
2.748122882999999850e-01,3.355972617572533078e-03
2.748198593000000245e-01,3.355964354783246527e-03
2.748425711999999965e-01,3.355939566891327774e-03
2.748501414999999781e-01,3.355931304255884741e-03
2.748577114999999904e-01,3.355923041606346646e-03
2.749182640999999760e-01,3.355856942678842915e-03
2.749712367000000102e-01,3.355799108163982133e-03
2.750015022000000253e-01,3.355766060980726155e-03
2.750393293000000239e-01,3.355724752753962061e-03
2.750544588000000124e-01,3.355708229859504475e-03
2.750620230999999971e-01,3.355699968601294839e-03
2.750847150999999879e-01,3.355675184387031922e-03
2.750922786000000175e-01,3.355666923283720515e-03
2.751754640999999890e-01,3.355576052433844464e-03
2.752661831000000059e-01,3.355476926464396985e-03
2.752964162000000048e-01,3.355443885733599366e-03
2.753342027999999830e-01,3.355402585822639481e-03
2.753417595000000051e-01,3.355394326160471719e-03
2.753946507000000210e-01,3.355336508332947346e-03
2.754022057000000134e-01,3.355328248932696374e-03
2.754248696000000107e-01,3.355303470753408061e-03
2.754550853000000132e-01,3.355270433590099629e-03
2.754626385999999760e-01,3.355262174528173946e-03
2.755155066000000152e-01,3.355204361467508788e-03
2.755381611000000119e-01,3.355179585088064170e-03
2.755457123000000230e-01,3.355171326419707344e-03
2.755683642999999794e-01,3.355146550591815886e-03
2.755834647000000026e-01,3.355130033613438860e-03
2.756061136999999883e-01,3.355105258299376832e-03
2.756363095000000096e-01,3.355072225398399340e-03
2.756665019000000272e-01,3.355039193282715118e-03
2.756966909999999937e-01,3.355006161536327504e-03
2.757042377999999738e-01,3.354997903646444752e-03
2.757268768999999731e-01,3.354973130645682883e-03
2.757646045000000101e-01,3.354931842997393044e-03
2.757872385999999842e-01,3.354907070753958102e-03
2.758098708999999760e-01,3.354882299030349530e-03
2.758174145999999771e-01,3.354874041718508299e-03
2.758777565000000154e-01,3.354807986211606752e-03
2.759003812999999972e-01,3.354783215804136784e-03
2.759682446999999761e-01,3.354708907405148932e-03
2.760059394000000110e-01,3.354667626750378571e-03
2.760587031999999774e-01,3.354609835047611503e-03
2.760662401000000266e-01,3.354601579458928780e-03
2.760888495000000109e-01,3.354576812430825478e-03
2.761114570000000046e-01,3.354552045665310737e-03
2.761265277000000129e-01,3.354535534863839919e-03
2.761415975000000023e-01,3.354519024193766599e-03
2.761491321000000276e-01,3.354510768787020373e-03
2.761792685000000191e-01,3.354477748075995486e-03
2.762470632999999842e-01,3.354403453848046977e-03
2.762696579000000208e-01,3.354378689827199576e-03
2.762922506000000111e-01,3.354353926414445179e-03
2.763073113999999775e-01,3.354337417646467527e-03
2.763600177000000158e-01,3.354279637784065519e-03
2.763826031000000127e-01,3.354254875883178576e-03
2.764277681999999792e-01,3.354205352873327640e-03
2.764503480000000124e-01,3.354180592044661569e-03
2.764804516000000101e-01,3.354147578109845183e-03
2.765331248999999825e-01,3.354089805316142966e-03
2.765481725999999751e-01,3.354073299164377683e-03
2.766008329999999904e-01,3.354015529078447841e-03
2.766083550999999807e-01,3.354007276407905674e-03
2.766233987000000227e-01,3.353990771012936058e-03
2.766685245000000126e-01,3.353941256351393278e-03
2.766910846999999785e-01,3.353916499623577942e-03
2.767211620000000205e-01,3.353883490994085878e-03
2.767512361000000198e-01,3.353850483151455276e-03
2.767813069000000237e-01,3.353817476010900224e-03
2.768113743999999765e-01,3.353784469507818319e-03
2.768489543000000053e-01,3.353743212543345512e-03
2.768714997000000233e-01,3.353718458699200041e-03
2.769541507000000125e-01,3.353627698005026258e-03
2.769616631999999856e-01,3.353619447457097374e-03
2.769691754999999977e-01,3.353611196707791380e-03
2.770142449999999923e-01,3.353561693692290804e-03
2.770292664999999821e-01,3.353545192906335314e-03
2.770743263000000067e-01,3.353495692067227918e-03
2.770893445000000010e-01,3.353479191953013736e-03
2.771419021000000038e-01,3.353421443366982977e-03
2.771719304999999967e-01,3.353388444863377154e-03
2.771944497000000118e-01,3.353363696563937003e-03
2.772544919000000108e-01,3.353297703040441276e-03
2.772619962999999799e-01,3.353289454123516318e-03
2.772920117000000073e-01,3.353256458537724489e-03
2.773220238999999920e-01,3.353223463741053165e-03
2.773295264000000260e-01,3.353215214858890330e-03
2.773445308999999970e-01,3.353198717841061275e-03
2.773520327999999813e-01,3.353190469412789271e-03
2.773895393999999959e-01,3.353149227579134070e-03
2.774120408999999898e-01,3.353124482918758229e-03
2.774345406000000014e-01,3.353099738743411506e-03
2.774420401000000092e-01,3.353091490774862907e-03
2.774645372999999804e-01,3.353066747068292244e-03
2.774945308000000277e-01,3.353033755896999129e-03
2.775020287000000141e-01,3.353025508392770519e-03
2.775545080999999858e-01,3.352967776107992209e-03
2.775620044000000064e-01,3.352959528818222693e-03
2.775695004000000021e-01,3.352951281598091915e-03
2.775919873000000093e-01,3.352926539875735693e-03
2.776219670999999778e-01,3.352893551950052523e-03
2.776894095999999923e-01,3.352819331022778571e-03
2.777043946000000152e-01,3.352802838091850039e-03
2.777718171999999930e-01,3.352728621365026404e-03
2.778017775000000134e-01,3.352695637340797480e-03
2.778242456000000193e-01,3.352670899660249813e-03
2.778317345999999910e-01,3.352662654070800736e-03
2.778616884999999814e-01,3.352629671135983359e-03
2.778691763999999731e-01,3.352621425600725742e-03
2.779140999999999972e-01,3.352571953179382148e-03
2.779290728000000099e-01,3.352555462569420386e-03
2.780413439000000153e-01,3.352431789438050855e-03
2.780637926000000260e-01,3.352407055870402011e-03
2.780712751000000149e-01,3.352398811486614373e-03
2.781086846999999973e-01,3.352357590056924148e-03
2.781311280000000052e-01,3.352332857568946813e-03
2.781610496999999960e-01,3.352299881680657293e-03
2.781685295999999918e-01,3.352291637656928860e-03
2.781834887999999895e-01,3.352275150308225114e-03
2.782507952000000118e-01,3.352200957979747670e-03
2.782881805999999902e-01,3.352159741590123032e-03
2.783405118000000233e-01,3.352102040607673073e-03
2.783704108999999760e-01,3.352069069222195306e-03
2.784003067999999970e-01,3.352036098816204429e-03
2.784227266000000034e-01,3.352011371322164215e-03
2.784301994999999752e-01,3.352003128977762599e-03
2.784526169000000051e-01,3.351978402125577877e-03
2.784899752000000173e-01,3.351937191340993542e-03
2.785123877999999831e-01,3.351912465618426054e-03
2.785796147999999861e-01,3.351838290192569406e-03
2.785870834999999990e-01,3.351830048733686444e-03
2.786692255000000062e-01,3.351739394960717190e-03
2.786916237000000018e-01,3.351714672288105823e-03
2.786990893999999885e-01,3.351706431380101214e-03
2.787065548000000059e-01,3.351698190640097635e-03
2.787662712999999792e-01,3.351632265427356532e-03
2.788259750000000037e-01,3.351566343311686638e-03
2.788483606000000115e-01,3.351541623063198239e-03
2.788707443999999813e-01,3.351516903329809088e-03
2.789005866000000000e-01,3.351483944325280885e-03
2.789453439999999840e-01,3.351434506690566598e-03
2.789677199999999746e-01,3.351409788572861596e-03
2.790273805999999857e-01,3.351343875509907311e-03
2.790572061000000104e-01,3.351310920049771751e-03
2.791093930999999917e-01,3.351253249348916299e-03
2.791168474999999871e-01,3.351245010898047747e-03
2.791690233999999937e-01,3.351187342630677565e-03
2.791764762999999760e-01,3.351179104492438277e-03
2.791839288999999891e-01,3.351170866384203632e-03
2.792360922000000079e-01,3.351113200780931559e-03
2.792584449000000135e-01,3.351088487739928203e-03
2.793254922999999779e-01,3.351014350522200490e-03
2.793478379000000067e-01,3.350989638963088133e-03
2.793627338999999932e-01,3.350973164728893432e-03
2.793776291999999772e-01,3.350956690508239549e-03
2.793850764999999958e-01,3.350948453636493247e-03
2.794148638000000240e-01,3.350915506206986368e-03
2.794744289000000159e-01,3.350849613340434793e-03
2.794818735999999859e-01,3.350841376982010515e-03
2.794967624999999956e-01,3.350824904178296114e-03
2.795042066999999797e-01,3.350816668138229589e-03
2.795414245000000242e-01,3.350775487327197107e-03
2.795935210000000115e-01,3.350717835905211821e-03
2.796456078999999817e-01,3.350660186658620948e-03
2.796530481000000234e-01,3.350651951295397987e-03
2.796604880999999931e-01,3.350643715977578378e-03
2.796828069000000250e-01,3.350619010003655883e-03
2.797125624999999838e-01,3.350586069376052661e-03
2.797423149000000109e-01,3.350553129306308754e-03
2.798389884999999966e-01,3.350446079141221768e-03
2.798538583999999885e-01,3.350429610458462246e-03
2.798835957999999957e-01,3.350396673622771989e-03
2.798984633000000111e-01,3.350380205459327961e-03
2.799504935000000083e-01,3.350322568589911894e-03
2.799727891000000080e-01,3.350297867494341896e-03
2.800173751000000211e-01,3.350248466796025559e-03
2.800396654999999790e-01,3.350223766890496682e-03
2.800768121000000166e-01,3.350182601380975993e-03
2.800990977000000215e-01,3.350157902491729661e-03
2.801213814999999885e-01,3.350133204228873760e-03
2.801288090999999869e-01,3.350124971457912708e-03
2.801956481000000276e-01,3.350050878726581766e-03
2.802104991000000100e-01,3.350034414180731376e-03
2.802179242999999764e-01,3.350026182139903726e-03
2.802476231000000095e-01,3.349993253467879826e-03
2.802550473000000042e-01,3.349985021526922374e-03
2.803144337999999847e-01,3.349919166902888459e-03
2.803292785000000009e-01,3.349902703823552479e-03
2.803663867000000254e-01,3.349861546434801038e-03
2.803738077999999856e-01,3.349853315200871772e-03
2.804183299999999934e-01,3.349803928236887249e-03
2.804554264999999935e-01,3.349762773422315827e-03
2.805444380000000071e-01,3.349664006449400069e-03
2.805518543000000142e-01,3.349655776074557043e-03
2.805666863999999872e-01,3.349639315361386486e-03
2.805741022000000084e-01,3.349631085402511935e-03
2.806111780000000167e-01,3.349589934942522745e-03
2.806334212000000106e-01,3.349565245337199869e-03
2.806853150999999991e-01,3.349507637500549143e-03
2.807223762000000122e-01,3.349466490465696430e-03
2.807297879000000274e-01,3.349458261238203415e-03
2.807742536000000233e-01,3.349408886157782903e-03
2.807816638999999781e-01,3.349400657310786303e-03
2.807890740000000274e-01,3.349392428173826337e-03
2.808483475999999923e-01,3.349326598260413991e-03
2.809298284000000256e-01,3.349236086144583881e-03
2.809890722999999757e-01,3.349170262353051448e-03
2.810112855999999937e-01,3.349145579164023584e-03
2.810409005000000238e-01,3.349112668862468892e-03
2.810779147999999950e-01,3.349071531926455913e-03
2.811075227000000010e-01,3.349038622996569625e-03
2.811445282000000212e-01,3.348997488133929369e-03
2.811667292000000207e-01,3.348972807407884882e-03
2.811963277000000261e-01,3.348939900580878530e-03
2.812555154999999973e-01,3.348874089239101733e-03
2.812629131000000116e-01,3.348865862852757908e-03
2.812777076999999903e-01,3.348849410493708999e-03
2.812851047000000104e-01,3.348841184236932104e-03
2.813072945999999797e-01,3.348816506290130165e-03
2.813146907999999891e-01,3.348808280157267604e-03
2.813220868999999902e-01,3.348800054277130834e-03
2.813664590000000132e-01,3.348750699784791909e-03
2.813738537000000095e-01,3.348742474206256765e-03
2.814625747000000233e-01,3.348643769906782530e-03
2.814995335000000098e-01,3.348602645148482382e-03
2.815143157000000174e-01,3.348586195605374530e-03
2.815217065000000241e-01,3.348577970712023066e-03
2.815438777000000004e-01,3.348553296768001439e-03
2.815808257999999897e-01,3.348512174027371176e-03
2.816177691000000261e-01,3.348471052586693246e-03
2.816325451000000202e-01,3.348454604175378838e-03
2.816399327999999924e-01,3.348446379994781015e-03
2.816768682999999940e-01,3.348405260321715184e-03
2.816990273000000156e-01,3.348380588968353014e-03
2.817211846000000075e-01,3.348355917914658253e-03
2.817285700000000115e-01,3.348347694070088511e-03
2.817802621000000118e-01,3.348290130290955836e-03
2.817876458999999945e-01,3.348281906924329733e-03
2.818393271999999894e-01,3.348224345452220554e-03
2.818762367000000046e-01,3.348183231442324742e-03
2.819057607000000076e-01,3.348150340707173669e-03
2.819131411999999948e-01,3.348142118174453428e-03
2.819647994999999741e-01,3.348084561643738764e-03
2.819721785000000036e-01,3.348076339403083072e-03
2.819869359000000131e-01,3.348059895248796988e-03
2.819943142999999930e-01,3.348051673137819248e-03
2.820164484000000082e-01,3.348027007283072964e-03
2.820828401000000096e-01,3.347953011745727521e-03
2.821123426000000101e-01,3.347920125834936977e-03
2.821492163000000053e-01,3.347879019521637564e-03
2.821713382000000103e-01,3.347854356268490771e-03
2.822303213999999838e-01,3.347788589308284008e-03
2.822524370000000227e-01,3.347763927542915432e-03
2.823261429999999739e-01,3.347681723777966734e-03
2.823408817999999987e-01,3.347665283501290688e-03
2.823482509999999945e-01,3.347657063449904595e-03
2.823777257000000263e-01,3.347624183779153786e-03
2.824071973000000235e-01,3.347591304814778474e-03
2.824366658999999946e-01,3.347558426410516749e-03
2.824587652000000171e-01,3.347533768168627858e-03
2.825250530000000260e-01,3.347459795382799665e-03
2.825618729000000107e-01,3.347418700872631641e-03
2.825765995000000252e-01,3.347402263399790450e-03
2.826134126000000024e-01,3.347361170217742331e-03
2.826796641000000054e-01,3.347287205431194197e-03
2.826943846000000149e-01,3.347270769384075827e-03
2.827238232000000018e-01,3.347237897415281712e-03
2.827385412999999792e-01,3.347221461896355849e-03
2.827606171000000002e-01,3.347196808906095517e-03
2.827826911999999915e-01,3.347172155848419494e-03
2.828121205999999943e-01,3.347139286184766700e-03
2.828489029999999849e-01,3.347098199970910230e-03
2.828562589999999988e-01,3.347089982689898779e-03
2.829003904999999874e-01,3.347040680867387555e-03
2.829077449999999883e-01,3.347032464002841576e-03
2.829371614000000257e-01,3.346999597126683410e-03
2.829592216999999854e-01,3.346974947484557782e-03
2.829739276000000081e-01,3.346958514574339440e-03
2.830253923000000116e-01,3.346901000682797351e-03
2.830474457000000110e-01,3.346876352456406873e-03
2.830547964999999833e-01,3.346868136411193777e-03
2.830915473999999765e-01,3.346827056952425550e-03
2.831429906999999857e-01,3.346769547814237421e-03
2.831650349000000011e-01,3.346744901547468211e-03
2.831723825999999944e-01,3.346736686494687814e-03
2.832017714999999769e-01,3.346703825583769235e-03
2.832311573999999887e-01,3.346670965341960388e-03
2.832531947999999966e-01,3.346646320705113069e-03
2.833192967000000007e-01,3.346572389065444707e-03
2.833853832000000073e-01,3.346498460823547558e-03
2.834000669999999777e-01,3.346482032676070632e-03
2.834074086000000214e-01,3.346473818717346071e-03
2.834441138000000082e-01,3.346432749385443769e-03
2.834661345999999749e-01,3.346408108425505488e-03
2.835028321999999990e-01,3.346367041047927909e-03
2.835542007999999892e-01,3.346309548502770983e-03
2.835615384999999877e-01,3.346301335428607075e-03
2.835835501999999786e-01,3.346276696338746671e-03
2.836202326000000218e-01,3.346235632218361351e-03
2.836422397000000206e-01,3.346210994378627252e-03
2.836642451999999981e-01,3.346186356525992014e-03
2.836715799999999787e-01,3.346178144352115330e-03
2.837302513000000137e-01,3.346112446211677895e-03
2.837375844000000202e-01,3.346104234208722647e-03
2.837962420999999846e-01,3.346038539121691264e-03
2.838182356000000239e-01,3.346013904317489927e-03
2.838402273999999781e-01,3.345989269758689513e-03
2.838988639000000203e-01,3.345923579595852862e-03
2.839135211000000103e-01,3.345907157346364198e-03
2.839355055000000183e-01,3.345882524364051855e-03
2.839648155000000229e-01,3.345849681029353703e-03
2.839721425000000243e-01,3.345841470428401101e-03
2.839941222999999848e-01,3.345816838645874688e-03
2.840234261999999843e-01,3.345783996662796741e-03
2.840893488999999827e-01,3.345710104901145066e-03
2.841039962999999946e-01,3.345693684830065330e-03
2.841332887999999945e-01,3.345660845445250133e-03
2.841479338999999826e-01,3.345644426043204670e-03
2.841699001999999918e-01,3.345619797148290282e-03
2.841918648000000269e-01,3.345595168552555846e-03
2.841991859999999925e-01,3.345586959207278496e-03
2.842577484000000099e-01,3.345521285414650853e-03
2.842870250999999793e-01,3.345488449862149462e-03
2.843455693999999978e-01,3.345422779892399598e-03
2.843748370999999997e-01,3.345389946091401664e-03
2.844333633000000194e-01,3.345324280508914488e-03
2.844406783000000272e-01,3.345316072721309097e-03
2.844553075999999847e-01,3.345299656803441424e-03
2.844626219999999983e-01,3.345291448769636272e-03
2.844918775999999982e-01,3.345258617699979967e-03
2.844991909999999846e-01,3.345250409966502719e-03
2.845211302000000275e-01,3.345225787260202623e-03
2.845503797999999751e-01,3.345192957524892145e-03
2.846088699000000055e-01,3.345127299875228204e-03
2.846161803000000212e-01,3.345119092780490452e-03
2.846381104999999856e-01,3.345094472099473509e-03
2.846600389000000231e-01,3.345069851715923043e-03
2.846892743000000170e-01,3.345037025159378410e-03
2.846965826000000255e-01,3.345028818716722346e-03
2.847550427000000162e-01,3.344963167894140707e-03
2.847842682999999764e-01,3.344930343329562128e-03
2.847915742000000083e-01,3.344922137512281249e-03
2.848134909000000214e-01,3.344897519694515174e-03
2.848354057999999966e-01,3.344872902291992026e-03
2.848500147999999954e-01,3.344856491186316665e-03
2.848719270000000248e-01,3.344831874381172000e-03
2.849230488000000228e-01,3.344774436790813165e-03
2.849887633000000031e-01,3.344700591662135448e-03
2.850106647999999798e-01,3.344675977398384962e-03
2.850179648999999760e-01,3.344667772750899680e-03
2.850690605000000266e-01,3.344610341184994784e-03
2.851420383000000114e-01,3.344528299529920656e-03
2.851566315999999879e-01,3.344511891633800311e-03
2.851639280000000110e-01,3.344503687752052763e-03
2.852004070999999974e-01,3.344462669254245641e-03
2.852222923000000132e-01,3.344438058487875058e-03
2.852514700000000070e-01,3.344405245116365086e-03
2.852733512999999776e-01,3.344380635314306467e-03
2.852806446999999745e-01,3.344372432023604361e-03
2.853171089000000049e-01,3.344331416897395378e-03
2.853973135999999799e-01,3.344241187244049226e-03
2.854264733999999915e-01,3.344208377704594153e-03
2.854774958999999890e-01,3.344150962379182149e-03
2.854847840999999997e-01,3.344142760449319001e-03
2.855503692999999954e-01,3.344068944484751213e-03
2.855722277000000142e-01,3.344044339857424331e-03
2.855940844000000034e-01,3.344019735659280613e-03
2.856013695999999880e-01,3.344011534429181497e-03
2.856086546000000115e-01,3.344003332951919847e-03
2.856232241000000172e-01,3.343986930688663036e-03
2.856596445999999845e-01,3.343945925526906494e-03
2.856669280999999949e-01,3.343937724451857829e-03
2.857106253999999734e-01,3.343888519856389862e-03
2.857251895999999847e-01,3.343872118376864204e-03
2.857397532000000018e-01,3.343855717372034349e-03
2.857761588000000130e-01,3.343814715428838208e-03
2.858343980999999978e-01,3.343749114528140470e-03
2.858416771000000245e-01,3.343740914441924953e-03
2.858562346999999892e-01,3.343724515021329578e-03
2.858635132999999828e-01,3.343716315051159255e-03
2.859217346999999854e-01,3.343650718217948316e-03
2.859508411000000194e-01,3.343617920907883487e-03
2.859726687999999961e-01,3.343593323091924915e-03
2.860163193999999964e-01,3.343544128871251721e-03
2.860381422000000118e-01,3.343519532520998309e-03
2.860599632999999975e-01,3.343494936538489795e-03
2.860745097999999875e-01,3.343478539180692703e-03
2.860963281000000191e-01,3.343453943739610034e-03
2.861326882999999932e-01,3.343412951918222666e-03
2.861835849000000098e-01,3.343355565700252812e-03
2.861908550999999745e-01,3.343347367669966506e-03
2.862998857999999869e-01,3.343224403992187468e-03
2.863216869999999914e-01,3.343199812500315116e-03
2.863870805000000019e-01,3.343126040095076648e-03
2.864234037999999760e-01,3.343085056914575897e-03
2.864451955999999799e-01,3.343060467311379392e-03
2.864669857000000097e-01,3.343035878401619514e-03
2.864742486999999893e-01,3.343027682213785615e-03
2.865250845999999796e-01,3.342970309485858178e-03
2.865323461000000016e-01,3.342962113469981778e-03
2.865396074000000071e-01,3.342953917618741912e-03
2.865541295999999849e-01,3.342937525938471412e-03
2.866412468999999796e-01,3.342839179798083767e-03
2.866557639000000268e-01,3.342822789249476605e-03
2.866702802000000161e-01,3.342806398861163097e-03
2.867065676000000174e-01,3.342765423798167712e-03
2.867718733999999881e-01,3.342691671559127817e-03
2.867863836999999805e-01,3.342675282386599160e-03
2.868226564999999950e-01,3.342634310888050256e-03
2.868516712999999996e-01,3.342601534318931714e-03
2.868806832999999945e-01,3.342568758416483016e-03
2.869314471000000144e-01,3.342511402159587582e-03
2.869459494000000110e-01,3.342495015022113342e-03
2.869894519000000255e-01,3.342445854907480189e-03
2.869967017000000231e-01,3.342437661685827410e-03
2.870184498999999723e-01,3.342413082276563408e-03
2.870546932999999967e-01,3.342372117051589479e-03
2.870619414000000202e-01,3.342363924205516042e-03
2.870836847000000080e-01,3.342339346041206267e-03
2.871416587999999770e-01,3.342273805524479356e-03
2.871633960000000152e-01,3.342249228744125899e-03
2.872285978999999934e-01,3.342175500182956865e-03
2.872503285999999934e-01,3.342150924893570046e-03
2.873444759000000071e-01,3.342044435501978408e-03
2.873661978000000006e-01,3.342019862109361222e-03
2.873734379999999811e-01,3.342011671156543302e-03
2.874096367000000263e-01,3.341970716588522558e-03
2.874313535999999947e-01,3.341946144199079045e-03
2.874530690000000055e-01,3.341921572425491857e-03
2.874675449999999910e-01,3.341905191454692427e-03
2.874892575999999922e-01,3.341880619946435531e-03
2.875182051999999877e-01,3.341847859006054008e-03
2.875977960000000166e-01,3.341757769370119584e-03
2.876339663999999963e-01,3.341716821511731255e-03
2.876411998999999775e-01,3.341708632015494285e-03
2.876628994000000050e-01,3.341684063616994632e-03
2.876918294999999959e-01,3.341651306701026725e-03
2.876990615999999723e-01,3.341643117383529156e-03
2.877135251999999865e-01,3.341626739253997311e-03
2.877496810999999877e-01,3.341585794597495222e-03
2.877569117000000065e-01,3.341577605666831013e-03
2.878147501000000164e-01,3.341512096663462866e-03
2.878653492000000091e-01,3.341454778164973643e-03
2.878942589999999857e-01,3.341422026118066619e-03
2.879448440999999859e-01,3.341364711036846468e-03
2.879520697999999879e-01,3.341356523269326494e-03
2.879881957000000048e-01,3.341315585470688940e-03
2.880387643000000275e-01,3.341258274165922332e-03
2.880604338000000153e-01,3.341233712931586473e-03
2.880893239999999800e-01,3.341200965249478769e-03
2.880965461000000172e-01,3.341192778298169175e-03
2.881037679999999823e-01,3.341184591608442438e-03
2.881254327000000171e-01,3.341160031191825301e-03
2.882120750000000120e-01,3.341061794549878353e-03
2.882192941000000230e-01,3.341053608431820195e-03
2.882770397000000151e-01,3.340988120661325146e-03
2.882914743000000168e-01,3.340971749181684877e-03
2.882986913000000206e-01,3.340963563517547041e-03
2.883564210999999822e-01,3.340898079675353252e-03
2.883780667999999991e-01,3.340873523887130572e-03
2.884141392999999831e-01,3.340832598543206494e-03
2.884429940000000081e-01,3.340799858927537801e-03
2.884502072999999833e-01,3.340791674081655151e-03
2.884718459000000235e-01,3.340767120099831251e-03
2.884934828999999867e-01,3.340742566230252199e-03
2.885079066999999831e-01,3.340726197277155574e-03
2.885295410000000005e-01,3.340701644205377151e-03
2.885511736999999965e-01,3.340677091290124561e-03
2.886160620000000065e-01,3.340603435449342098e-03
2.886232709000000063e-01,3.340595251531762889e-03
2.886448965999999783e-01,3.340570700442795950e-03
2.886737282999999876e-01,3.340537966396851192e-03
2.887025570999999791e-01,3.340505232754405716e-03
2.887241768000000097e-01,3.340480682956097763e-03
2.887530005999999760e-01,3.340447950737464311e-03
2.887890262000000208e-01,3.340407036363569806e-03
2.888538610999999978e-01,3.340333392782697444e-03
2.888682669000000036e-01,3.340317027857256198e-03
2.889618869000000201e-01,3.340210661129841118e-03
2.889834871999999999e-01,3.340186115982460811e-03
2.890122851999999964e-01,3.340153389592883781e-03
2.890266830000000065e-01,3.340137026793710013e-03
2.890482784999999777e-01,3.340112482763942653e-03
2.890986616999999814e-01,3.340055214835304688e-03
2.891346443000000210e-01,3.340014310141178888e-03
2.891418401999999999e-01,3.340006129455909065e-03
2.891850123999999966e-01,3.339957045866146553e-03
2.891994016000000167e-01,3.339940684803348585e-03
2.892209841999999753e-01,3.339916143818952039e-03
2.892497585000000093e-01,3.339883423124914534e-03
2.892569515999999785e-01,3.339875243140316002e-03
2.893072984000000236e-01,3.339817983383131569e-03
2.893144900999999880e-01,3.339809803672652306e-03
2.893360641000000122e-01,3.339785264657065857e-03
2.893720171999999979e-01,3.339744367205326869e-03
2.894151549000000267e-01,3.339695291514054813e-03
2.894223439999999981e-01,3.339687112586869552e-03
2.894510981999999788e-01,3.339654396464799852e-03
2.894798496000000054e-01,3.339621680988219890e-03
2.894870370000000026e-01,3.339613502281561785e-03
2.895660865999999944e-01,3.339523538710489903e-03
2.896522979000000220e-01,3.339425402584447582e-03
2.896594811000000047e-01,3.339417224771103979e-03
2.896738468000000233e-01,3.339400869593536249e-03
2.896810293000000036e-01,3.339392691799661882e-03
2.897025759999999894e-01,3.339368159375300828e-03
2.897169396000000008e-01,3.339351804387395185e-03
2.897384835999999853e-01,3.339327272546117626e-03
2.897600260000000039e-01,3.339302740801743455e-03
2.897672064999999852e-01,3.339294563739136131e-03
2.897887467999999966e-01,3.339270032602451640e-03
2.898318225000000026e-01,3.339220971531470673e-03
2.898533580000000054e-01,3.339196441666734006e-03
2.899323077000000026e-01,3.339106501654413427e-03
2.899394839000000168e-01,3.339098325349360279e-03
2.899681868000000273e-01,3.339065621488852137e-03
2.900255842000000195e-01,3.339000215481083885e-03
2.900829702000000121e-01,3.338934812139296784e-03
2.901116590000000217e-01,3.338902111465750187e-03
2.901331737000000244e-01,3.338877586500066039e-03
2.901618575000000089e-01,3.338844886895904040e-03
2.901690279999999955e-01,3.338836712193613519e-03
2.902263856000000253e-01,3.338771315466814923e-03
2.902335544999999906e-01,3.338763141167711869e-03
2.902550602000000257e-01,3.338738618277590966e-03
2.902837320000000165e-01,3.338705921550940130e-03
2.902908994000000242e-01,3.338697747524812295e-03
2.903625645999999838e-01,3.338616009370423687e-03
2.903697302000000091e-01,3.338607835571771442e-03
2.903912257999999857e-01,3.338583315272560231e-03
2.904055553000000067e-01,3.338566968294169081e-03
2.904270481999999820e-01,3.338542448582094979e-03
2.904771922000000117e-01,3.338485236881213406e-03
2.905130040000000191e-01,3.338444372664970804e-03
2.905201658000000076e-01,3.338436200053622720e-03
2.905416503000000095e-01,3.338411682058605671e-03
2.905631330999999817e-01,3.338387164401864903e-03
2.905774541999999738e-01,3.338370819794212341e-03
2.906275722000000172e-01,3.338313614265931827e-03
2.907063115999999892e-01,3.338223724256586099e-03
2.907420951999999947e-01,3.338182866486741167e-03
2.908064946000000206e-01,3.338109325895238441e-03
2.908208036000000107e-01,3.338092983688915015e-03
2.908565732000000237e-01,3.338052129671585308e-03
2.908851855999999847e-01,3.338019447259166564e-03
2.909209472000000019e-01,3.337978594704059561e-03
2.909352505999999727e-01,3.337962254281647695e-03
2.909424020999999971e-01,3.337954084036925170e-03
2.909710060999999848e-01,3.337921403412761733e-03
2.910282055999999784e-01,3.337856044312222017e-03
2.910353547999999790e-01,3.337847874604534318e-03
2.910568011999999927e-01,3.337823365841976683e-03
2.910782459999999849e-01,3.337798857377718628e-03
2.910925416999999848e-01,3.337782518549031914e-03
2.911139838999999840e-01,3.337758010780080518e-03
2.911425710000000167e-01,3.337725334282871503e-03
2.912283156000000095e-01,3.337627308553706151e-03
2.912497478000000140e-01,3.337602803307065241e-03
2.912640350999999850e-01,3.337586466361221801e-03
2.912854646999999964e-01,3.337561961760745002e-03
2.913068926999999864e-01,3.337537457022934050e-03
2.913140350000000267e-01,3.337529289111653991e-03
2.913783079000000220e-01,3.337455778264449870e-03
2.913925889000000269e-01,3.337439442980352691e-03
2.914354275000000105e-01,3.337390438410919088e-03
2.914568444999999786e-01,3.337365936566115583e-03
2.914853980000000067e-01,3.337333268003307100e-03
2.915068113000000016e-01,3.337308767157586356e-03
2.915139487000000251e-01,3.337300600120411773e-03
2.915924488000000148e-01,3.337210767263318160e-03
2.916067192999999835e-01,3.337194434408455746e-03
2.916566603999999896e-01,3.337137271314205914e-03
2.917137255000000207e-01,3.337071944313185420e-03
2.917208578000000108e-01,3.337063778610663278e-03
2.917351220000000134e-01,3.337047447182742328e-03
2.917422539000000259e-01,3.337039281949106401e-03
2.917636483000000114e-01,3.337014785405025864e-03
2.917707794000000132e-01,3.337006620124868123e-03
2.917779104000000068e-01,3.336998454688156791e-03
2.918278221999999755e-01,3.336941298416989422e-03
2.918919819999999943e-01,3.336867814827119711e-03
2.919133655000000216e-01,3.336843321146610100e-03
2.919347474000000275e-01,3.336818827606006805e-03
2.919632542000000219e-01,3.336786170262322909e-03
2.919703804000000069e-01,3.336778006145886630e-03
2.919917580999999984e-01,3.336753513877543844e-03
2.920630059000000056e-01,3.336671875256304320e-03
2.920772534000000142e-01,3.336655547917248901e-03
2.921199916000000174e-01,3.336606567433270717e-03
2.921413583999999952e-01,3.336582077447681344e-03
2.921627236000000072e-01,3.336557588029520020e-03
2.921698449999999836e-01,3.336549425128333430e-03
2.922268098999999952e-01,3.336484122323569914e-03
2.922552882000000185e-01,3.336451471873900024e-03
2.922837636999999766e-01,3.336418822140814477e-03
2.922908820999999824e-01,3.336410659775400269e-03
2.923122363999999807e-01,3.336386173088506414e-03
2.924047536000000114e-01,3.336280068227718242e-03
2.924260995999999890e-01,3.336255583556061756e-03
2.924830145000000270e-01,3.336190292665431548e-03
2.925043547999999771e-01,3.336165809186933048e-03
2.925114677999999802e-01,3.336157648189762900e-03
2.925328059999999786e-01,3.336133165329271347e-03
2.925399183999999875e-01,3.336125004433170092e-03
2.925754776999999751e-01,3.336084200773985989e-03
2.926323636000000006e-01,3.336018916838687925e-03
2.927389948999999936e-01,3.335896517257527262e-03
2.928029549999999759e-01,3.335823081534251486e-03
2.928242718999999883e-01,3.335798603943116065e-03
2.928526920999999783e-01,3.335765967491833694e-03
2.928597967000000080e-01,3.335757808654096334e-03
2.928740054000000259e-01,3.335741490806559163e-03
2.929095240999999850e-01,3.335700696826232603e-03
2.929166274000000181e-01,3.335692538263519604e-03
2.929379360000000099e-01,3.335668062414288548e-03
2.929592431999999969e-01,3.335643587271079104e-03
2.929734469999999980e-01,3.335627270514760195e-03
2.929947515999999919e-01,3.335602795609579965e-03
2.930515560999999991e-01,3.335537531656584172e-03
2.930799541999999924e-01,3.335504900589462366e-03
2.930870533000000111e-01,3.335496743034194363e-03
2.931012510000000071e-01,3.335480427837636454e-03
2.931083495999999844e-01,3.335472270347541578e-03
2.931296442999999918e-01,3.335447798031450448e-03
2.932148077000000241e-01,3.335349912437914326e-03
2.932502852000000160e-01,3.335309128591614630e-03
2.932573801000000202e-01,3.335300971885446063e-03
2.933070401999999799e-01,3.335243876588281451e-03
2.933141337999999876e-01,3.335235720439407546e-03
2.933637841999999774e-01,3.335178627117151018e-03
2.934205172000000084e-01,3.335113380556056079e-03
2.934276081000000147e-01,3.335105224908958312e-03
2.934488795999999899e-01,3.335080758391300530e-03
2.935339504000000210e-01,3.334982895309112662e-03
2.935977372999999946e-01,3.334909501977395031e-03
2.936189966000000151e-01,3.334885038135184786e-03
2.936544252000000133e-01,3.334844266331237015e-03
2.936756803000000193e-01,3.334819803652142381e-03
2.937536025999999967e-01,3.334730110562554931e-03
2.937606853999999990e-01,3.334721956771647712e-03
2.937677679999999847e-01,3.334713803220013505e-03
2.937819327999999786e-01,3.334697495936437064e-03
2.938102603000000146e-01,3.334664882063783330e-03
2.938173418000000203e-01,3.334656728767780576e-03
2.938456658999999971e-01,3.334624115612142264e-03
2.938669072000000271e-01,3.334599656648639266e-03
2.938739872999999725e-01,3.334591503398488723e-03
2.938810672000000124e-01,3.334583350392193463e-03
2.938952264999999953e-01,3.334567044769689344e-03
2.939306218000000137e-01,3.334526280922003524e-03
2.939589349999999768e-01,3.334493670591504640e-03
2.940084765000000044e-01,3.334436604286717971e-03
2.940155532000000016e-01,3.334428452088437824e-03
2.940367822000000131e-01,3.334403995574170519e-03
2.940721605000000127e-01,3.334363236118138406e-03
2.941004600000000080e-01,3.334330629042368040e-03
2.941216829000000144e-01,3.334306174237697609e-03
2.941287569000000102e-01,3.334298022871896947e-03
2.941641240999999796e-01,3.334257265760065623e-03
2.942065590999999869e-01,3.334208358893107470e-03
2.942631297000000146e-01,3.334143151932954414e-03
2.942702001999999983e-01,3.334135001184431249e-03
2.942772705999999738e-01,3.334126850622710914e-03
2.942984806999999758e-01,3.334102398858508100e-03
2.943196893000000203e-01,3.334077947527680844e-03
2.943267585000000075e-01,3.334069797522074257e-03
2.943833060000000112e-01,3.334004596090819287e-03
2.943903735999999771e-01,3.333996446070475791e-03
2.944610409999999789e-01,3.333914948929647855e-03
2.944893030999999883e-01,3.333882350959530786e-03
2.945034331999999977e-01,3.333866052433707115e-03
2.945528830999999959e-01,3.333809008553219842e-03
2.945740734000000249e-01,3.333784561514769370e-03
2.946093872000000169e-01,3.333743818010226519e-03
2.946164493999999801e-01,3.333735669044375453e-03
2.946729411999999826e-01,3.333670481605617748e-03
2.946941229000000217e-01,3.333646036912741098e-03
2.947153029999999840e-01,3.333621592746730759e-03
2.947223627000000179e-01,3.333613444672971216e-03
2.947717758999999771e-01,3.333556409852600315e-03
2.947858924000000269e-01,3.333540114477546220e-03
2.948070660000000065e-01,3.333515671866481289e-03
2.948423518000000132e-01,3.333474935039549593e-03
2.948635212999999866e-01,3.333450493454161601e-03
2.948846891999999942e-01,3.333426052185748788e-03
2.948917448999999746e-01,3.333417905120089533e-03
2.949481840000000021e-01,3.333352730581680152e-03
2.949552381000000167e-01,3.333344583747955593e-03
2.950116649999999785e-01,3.333279412234064782e-03
2.950328224000000055e-01,3.333254973618228045e-03
2.950610297999999854e-01,3.333222389541233305e-03
2.951174364999999966e-01,3.333157222947055135e-03
2.951385861999999971e-01,3.333132786327175617e-03
2.951456357999999724e-01,3.333124640804487407e-03
2.951667834999999740e-01,3.333100204234685018e-03
2.951808812000000226e-01,3.333083913758080191e-03
2.952513593000000158e-01,3.333002463225385407e-03
2.952936380000000249e-01,3.332953594614199502e-03
2.953429556000000122e-01,3.332896583487351440e-03
2.953922649999999872e-01,3.332839574166935118e-03
2.953993085000000129e-01,3.332831430245602241e-03
2.954063518999999749e-01,3.332823286285638807e-03
2.954626926999999736e-01,3.332758136213048988e-03
2.954767762000000131e-01,3.332741848950587088e-03
2.954838176999999844e-01,3.332733705489324561e-03
2.955612631999999795e-01,3.332644129860664380e-03
2.955894202000000082e-01,3.332611557932972472e-03
2.955964589999999781e-01,3.332603415049966572e-03
2.956246126000000030e-01,3.332570844077318867e-03
2.956316506000000177e-01,3.332562701620337634e-03
2.956527635000000265e-01,3.332538273958212359e-03
2.956738749999999749e-01,3.332513846543165049e-03
2.957090573999999750e-01,3.332473135217703646e-03
2.957372003000000027e-01,3.332440566956691979e-03
2.957864438999999734e-01,3.332383574254555326e-03
2.957934779999999986e-01,3.332375432621905581e-03
2.958005120000000154e-01,3.332367291155720335e-03
2.958216128999999750e-01,3.332342866397426748e-03
2.958567777000000176e-01,3.332302159552532304e-03
2.958778745999999793e-01,3.332277735790092725e-03
2.959060014000000072e-01,3.332245171590803370e-03
2.959270948000000123e-01,3.332220748891764027e-03
2.959692769999999751e-01,3.332171904374695015e-03
2.959903658999999965e-01,3.332147482688272312e-03
2.960255105999999858e-01,3.332106780783325624e-03
2.960395673999999810e-01,3.332090500462289023e-03
2.960465955000000093e-01,3.332082360431064868e-03
2.960676789000000197e-01,3.332057940117513165e-03
2.961028144000000251e-01,3.332017240454870910e-03
2.961309199000000114e-01,3.331984681406464747e-03
2.961379458999999770e-01,3.331976541998555794e-03
2.962152203000000261e-01,3.331887008647500207e-03
2.962433151000000153e-01,3.331854452594340890e-03
2.962643844999999776e-01,3.331830035660921299e-03
2.962924746000000220e-01,3.331797480409505203e-03
2.962994966999999980e-01,3.331789341898225808e-03
2.963275835999999996e-01,3.331756787538222957e-03
2.963626883000000101e-01,3.331716095874789202e-03
2.964679776999999961e-01,3.331594026390662447e-03
2.964890311000000223e-01,3.331569613417018939e-03
2.964960484999999979e-01,3.331561476056202082e-03
2.965311333999999799e-01,3.331520789097767738e-03
2.965732296999999962e-01,3.331471966396487919e-03
2.966083053999999941e-01,3.331431281649227093e-03
2.966363629000000057e-01,3.331398734656320759e-03
2.966433768999999776e-01,3.331390598082816391e-03
2.966644178000000243e-01,3.331366188295184234e-03
2.966854573000000106e-01,3.331341779067960134e-03
2.967205197000000183e-01,3.331301097729561043e-03
2.967415552000000067e-01,3.331276689680754549e-03
2.968046525999999963e-01,3.331203467249873370e-03
2.968116626000000258e-01,3.331195331452243592e-03
2.968607280000000181e-01,3.331138383325119457e-03
2.968677366999999956e-01,3.331130248035607099e-03
2.969378142999999914e-01,3.331048897330561934e-03
2.969728468999999760e-01,3.331008223270491390e-03
2.969798530000000159e-01,3.331000088970283157e-03
2.970218856999999879e-01,3.330951281870092335e-03
2.970358953000000191e-01,3.330935013123051402e-03
2.970569083999999860e-01,3.330910610554092387e-03
2.971129361000000024e-01,3.330845538595977959e-03
2.971409460000000169e-01,3.330813003623255952e-03
2.971479481000000034e-01,3.330804869950513680e-03
2.971619516999999822e-01,3.330788602971247476e-03
2.971689532999999828e-01,3.330780469643628873e-03
2.972039586999999927e-01,3.330739802385304996e-03
2.972529593000000081e-01,3.330682870609013007e-03
2.972739570999999859e-01,3.330658471673480451e-03
2.973719270999999886e-01,3.330544615839205972e-03
2.973929164999999930e-01,3.330520219264404818e-03
2.974139043999999843e-01,3.330495822852475116e-03
2.974208999999999881e-01,3.330487690904429185e-03
2.974278954999999836e-01,3.330479558778704635e-03
2.974768591999999989e-01,3.330422636350369517e-03
2.974978412000000016e-01,3.330398241423585589e-03
2.975048349000000147e-01,3.330390110046789302e-03
2.975607782999999951e-01,3.330325059263196646e-03
2.975887460000000151e-01,3.330292535244314036e-03
2.976097200999999748e-01,3.330268142241258646e-03
2.976446736000000204e-01,3.330227488448539268e-03
2.976516638000000214e-01,3.330219357864214972e-03
2.977564972999999782e-01,3.330097403266005836e-03
2.978054070000000220e-01,3.330040494520666861e-03
2.978123933999999862e-01,3.330032364613291947e-03
2.978193796999999976e-01,3.330024235218125798e-03
2.978333517999999791e-01,3.330007975848237132e-03
2.978403376000000047e-01,3.329999846567652071e-03
2.978612938999999904e-01,3.329975458124911913e-03
2.978962178999999821e-01,3.329934811801693248e-03
2.979451047000000186e-01,3.329877908831495488e-03
2.980079473000000201e-01,3.329804750680104026e-03
2.980428540999999765e-01,3.329764108482767722e-03
2.980568156999999774e-01,3.329747852087603689e-03
2.980637962000000085e-01,3.329739724001541841e-03
2.980847368999999802e-01,3.329715339598902837e-03
2.981475499999999834e-01,3.329642188958606853e-03
2.981684848000000221e-01,3.329617806152413480e-03
2.981754627000000046e-01,3.329609678585089463e-03
2.982103499000000046e-01,3.329569041542354297e-03
2.982591850999999905e-01,3.329512151414507851e-03
2.982801120999999944e-01,3.329487770761033888e-03
2.983219616000000185e-01,3.329439010243073760e-03
2.983428840999999831e-01,3.329414630585619903e-03
2.983707784999999890e-01,3.329382124853865182e-03
2.983986703000000018e-01,3.329349620058959583e-03
2.984265595999999743e-01,3.329317115437792612e-03
2.984335315000000155e-01,3.329308989567980517e-03
2.984893008000000236e-01,3.329243983247979523e-03
2.985032415000000161e-01,3.329227732101661553e-03
2.985311209000000021e-01,3.329195230352677542e-03
2.985450595999999956e-01,3.329178979336122526e-03
2.985938401000000075e-01,3.329122103413245312e-03
2.986217111000000202e-01,3.329089603579350048e-03
2.986495794999999842e-01,3.329057104582864787e-03
2.986774453000000107e-01,3.329024606383892623e-03
2.987331690000000206e-01,3.328959611607401267e-03
2.987610270000000123e-01,3.328927115230727058e-03
2.988097721999999901e-01,3.328870248108388268e-03
2.988236980000000265e-01,3.328854000806008052e-03
2.988376231000000049e-01,3.328837753707814331e-03
2.988724329999999929e-01,3.328797136450091770e-03
2.988793945000000063e-01,3.328789013301844835e-03
2.989281203999999970e-01,3.328732151121355926e-03
2.989350806000000138e-01,3.328724028057248718e-03
2.989837973999999732e-01,3.328667168372503437e-03
2.990116320999999799e-01,3.328634677903505052e-03
2.990672934999999977e-01,3.328569698982291290e-03
2.991229447000000041e-01,3.328504722916225071e-03
2.991577214000000207e-01,3.328464114129160711e-03
2.991785853999999745e-01,3.328439749542725940e-03
2.991994480999999872e-01,3.328415385362770706e-03
2.992342158999999890e-01,3.328374778700943833e-03
2.992550746000000039e-01,3.328350415432629588e-03
2.992620272000000026e-01,3.328342294355625570e-03
2.992828840000000268e-01,3.328317931418411924e-03
2.993176421000000031e-01,3.328277327411025520e-03
2.993245932999999970e-01,3.328269206824799060e-03
2.993454456999999902e-01,3.328244845153722781e-03
2.993662966999999786e-01,3.328220483811964673e-03
2.993732466999999842e-01,3.328212363199531312e-03
2.993801964999999732e-01,3.328204243153571468e-03
2.994010450999999851e-01,3.328179882337804502e-03
2.994218921999999838e-01,3.328155521947342294e-03
2.994913720999999862e-01,3.328074323377252369e-03
2.995052662000000088e-01,3.328058084054246260e-03
2.995122130000000271e-01,3.328049964453579958e-03
2.995469445000000230e-01,3.328009367578794054e-03
2.995886170000000015e-01,3.327960652267598473e-03
2.995955618000000209e-01,3.327952533132317713e-03
2.996163954000000129e-01,3.327928176581445609e-03
2.996511148000000069e-01,3.327887582557486484e-03
2.996580582000000215e-01,3.327879463773789504e-03
2.997344250000000265e-01,3.327790161085688366e-03
2.998177120000000140e-01,3.327692745882184725e-03
2.998454691999999921e-01,3.327660275280544533e-03
2.998662854999999960e-01,3.327635922851166807e-03
2.998732238999999855e-01,3.327627805667877567e-03
2.998801621000000139e-01,3.327619688152463808e-03
2.999009758999999775e-01,3.327595336537062572e-03
2.999287253999999847e-01,3.327562867769125275e-03
2.999356624000000249e-01,3.327554751057290941e-03
2.999842166999999726e-01,3.327497932980945112e-03
3.000327631999999967e-01,3.327441116989264189e-03
3.000466321999999963e-01,3.327424884309024278e-03
3.000605004999999936e-01,3.327408651861170959e-03
3.000882351999999975e-01,3.327376187075430179e-03
3.001229000999999785e-01,3.327335607235864297e-03
3.001506291000000104e-01,3.327303144003541501e-03
3.001575609000000089e-01,3.327295028332599366e-03
3.001714240999999728e-01,3.327278797014859412e-03
3.002130098999999941e-01,3.327230104447459393e-03
3.002338005999999893e-01,3.327205758494703423e-03
3.002545898999999796e-01,3.327181412942489900e-03
3.002823067000000012e-01,3.327148952966060488e-03
3.003169491000000080e-01,3.327108379228482880e-03
3.003238771000000251e-01,3.327100264464151469e-03
3.003446602000000021e-01,3.327075920604814253e-03
3.003792954000000237e-01,3.327035348201440659e-03
3.004000746000000110e-01,3.327011005556145332e-03
3.004277779999999787e-01,3.326978548818221304e-03
3.004347035000000110e-01,3.326970434984824043e-03
3.004831772000000067e-01,3.326913637925941157e-03
3.005108729000000034e-01,3.326881183544712264e-03
3.005316430000000150e-01,3.326856842762185556e-03
3.005454889999999990e-01,3.326840616160532931e-03
3.005662566999999785e-01,3.326816276366834600e-03
3.005939448000000125e-01,3.326783823705536328e-03
3.006147090999999882e-01,3.326759484931529273e-03
3.006562335999999891e-01,3.326710808044788283e-03
3.007115906000000227e-01,3.326645907879804357e-03
3.007600195999999837e-01,3.326589122320874805e-03
3.008153575999999996e-01,3.326524227404902608e-03
3.008361066999999944e-01,3.326499892389379529e-03
3.008706852999999959e-01,3.326459335053835297e-03
3.008776006000000169e-01,3.326451223524124791e-03
3.008983453999999891e-01,3.326426889790385418e-03
3.009190887000000036e-01,3.326402556107367625e-03
3.009467443000000131e-01,3.326370112137572166e-03
3.010089602000000086e-01,3.326297115154346756e-03
3.010296959000000050e-01,3.326272783658926289e-03
3.010435188999999734e-01,3.326256563157884132e-03
3.010573413000000031e-01,3.326240342298604664e-03
3.010918946000000207e-01,3.326199791442528437e-03
3.011195342999999913e-01,3.326167351393679444e-03
3.011540804000000238e-01,3.326126802480278404e-03
3.011678977000000201e-01,3.326110583109403388e-03
3.011955304999999750e-01,3.326078145158227126e-03
3.012300679000000092e-01,3.326037598461031169e-03
3.012576948999999837e-01,3.326005161897250314e-03
3.013129413999999784e-01,3.325940290610555471e-03
3.013198464999999882e-01,3.325932181922446485e-03
3.013405608999999985e-01,3.325907855944322273e-03
3.013681778000000255e-01,3.325875421940702268e-03
3.014165012999999727e-01,3.325818663905627439e-03
3.014303065999999753e-01,3.325802448092709303e-03
3.014786201999999915e-01,3.325745692486539642e-03
3.015062244999999752e-01,3.325713261986491635e-03
3.015614254000000272e-01,3.325648402585709186e-03
3.016097180000000266e-01,3.325591652895716361e-03
3.016442079000000165e-01,3.325551118653546565e-03
3.016511055000000163e-01,3.325543011885183191e-03
3.017062798999999851e-01,3.325478159386181971e-03
3.017545493000000079e-01,3.325421415721683052e-03
3.018303855000000202e-01,3.325332251542786020e-03
3.018372787999999973e-01,3.325324145892434580e-03
3.018717427000000009e-01,3.325283618513025143e-03
3.018924191999999840e-01,3.325259302186445252e-03
3.019130943000000178e-01,3.325234986861952662e-03
3.019199857000000042e-01,3.325226881633490741e-03
3.019268768999999741e-01,3.325218776635917913e-03
3.019406587999999836e-01,3.325202566733074291e-03
3.019751110000000183e-01,3.325162042263548993e-03
3.019820008999999916e-01,3.325153937406907269e-03
3.020233373999999804e-01,3.325105309860385255e-03
3.020371149000000144e-01,3.325089100963110091e-03
3.020577801000000062e-01,3.325064787958490961e-03
3.020784437999999850e-01,3.325040475443674908e-03
3.020853313999999901e-01,3.325032371429168573e-03
3.021128802999999974e-01,3.324999955326098100e-03
3.021404266000000116e-01,3.324967539611284762e-03
3.021610847000000266e-01,3.324943228630744454e-03
3.021679703999999855e-01,3.324935125014637314e-03
3.022023965999999784e-01,3.324894607439817743e-03
3.022505866999999902e-01,3.324837884680759831e-03
3.022987691999999837e-01,3.324781163872283975e-03
3.023056518000000192e-01,3.324773061231271407e-03
3.023538253999999981e-01,3.324716342867069067e-03
3.023607067999999898e-01,3.324708240061609917e-03
3.023675879000000122e-01,3.324700137786928446e-03
3.024157517000000128e-01,3.324643421941873758e-03
3.024707866999999939e-01,3.324578606345634634e-03
3.024776652999999760e-01,3.324570504704112053e-03
3.025189340000000171e-01,3.324521895000245343e-03
3.025533202999999838e-01,3.324481387949868201e-03
3.025808265000000108e-01,3.324448983107926910e-03
3.026014545999999861e-01,3.324424680063255578e-03
3.026358315000000077e-01,3.324384175430957628e-03
3.026633302000000247e-01,3.324351772631607260e-03
3.026977001000000222e-01,3.324311269870131817e-03
3.027183200999999935e-01,3.324286968686100598e-03
3.027389388000000237e-01,3.324262667997246630e-03
3.027458113000000006e-01,3.324254568036909621e-03
3.027939150000000246e-01,3.324197868211467653e-03
3.028282700000000105e-01,3.324157369266775904e-03
3.028832300000000033e-01,3.324092573707983743e-03
3.029038373999999867e-01,3.324068275996973874e-03
3.029107061999999906e-01,3.324060176884141658e-03
3.029175748999999862e-01,3.324052077704867363e-03
3.029313117999999916e-01,3.324035879435367335e-03
3.029725187000000264e-01,3.323987286060554186e-03
3.029931200000000047e-01,3.323962989973863486e-03
3.030411843999999966e-01,3.323906300428368550e-03
3.030480501000000215e-01,3.323898202276534541e-03
3.030755113999999972e-01,3.323865809551127589e-03
3.031372902999999730e-01,3.323792927561500157e-03
3.031510171999999836e-01,3.323776732188084108e-03
3.031921941999999870e-01,3.323728146924083762e-03
3.032127806000000092e-01,3.323703854886585467e-03
3.032333656999999794e-01,3.323679562941184943e-03
3.032608102000000083e-01,3.323647174527770594e-03
3.032951123000000027e-01,3.323606689845550258e-03
3.033225513000000206e-01,3.323574302776289430e-03
3.033568464999999992e-01,3.323533820271874772e-03
3.033774216999999829e-01,3.323509530880603465e-03
3.034117107000000035e-01,3.323469049684893255e-03
3.034597086999999971e-01,3.323412378221356992e-03
3.034665650000000214e-01,3.323404282288546126e-03
3.034871328000000035e-01,3.323379995048499329e-03
3.035214093999999974e-01,3.323339517401521174e-03
3.035625361000000022e-01,3.323290945082077279e-03
3.035899509000000163e-01,3.323258564543161726e-03
3.036242158999999941e-01,3.323218089848817801e-03
3.036516250999999889e-01,3.323185711131812492e-03
3.036721802999999831e-01,3.323161427197640367e-03
3.037954827000000080e-01,3.323015731852321710e-03
3.038091799000000037e-01,3.322999544496041228e-03
3.038160282999999851e-01,3.322991450777681641e-03
3.038434201999999917e-01,3.322959076345603346e-03
3.038502677000000096e-01,3.322950982723391240e-03
3.038708096000000136e-01,3.322926702677880210e-03
3.038981964999999952e-01,3.322894329712868400e-03
3.039050428999999776e-01,3.322886236341843387e-03
3.039529630000000204e-01,3.322829585464191684e-03
3.039598081000000063e-01,3.322821492600800970e-03
3.039803425000000003e-01,3.322797214300440404e-03
3.040145635000000013e-01,3.322756751374885114e-03
3.040282508000000106e-01,3.322740566290326939e-03
3.040350942000000223e-01,3.322732474074884933e-03
3.040556235999999912e-01,3.322708197332718914e-03
3.040624664000000088e-01,3.322700105069891635e-03
3.041240446999999847e-01,3.322627277102755978e-03
3.041377270999999771e-01,3.322611093520429736e-03
3.041445680000000040e-01,3.322603001542200757e-03
3.041787704999999731e-01,3.322562543805867349e-03
3.041992902000000276e-01,3.322538269469299619e-03
3.042881926000000070e-01,3.322433085100310116e-03
3.043360524000000011e-01,3.322376450361744574e-03
3.043633975000000214e-01,3.322344088250515914e-03
3.043907401000000013e-01,3.322311727259752521e-03
3.043975754000000089e-01,3.322303636963272900e-03
3.044454180000000232e-01,3.322247006689113200e-03
3.044659196999999762e-01,3.322222737300491602e-03
3.044727532000000014e-01,3.322214647816897765e-03
3.044932531000000275e-01,3.322190378680265135e-03
3.045069188000000260e-01,3.322174199739462170e-03
3.045274163999999728e-01,3.322149931258235826e-03
3.045752386000000200e-01,3.322093306414392912e-03
3.045820697000000132e-01,3.322085217516260874e-03
3.046162231000000276e-01,3.322044772830454705e-03
3.046367132000000200e-01,3.322020506391068148e-03
3.046572020000000158e-01,3.321996240501150915e-03
3.047118321000000241e-01,3.321931532864293244e-03
3.047186600999999828e-01,3.321923444578674719e-03
3.047732792000000246e-01,3.321858740076358719e-03
3.047801058999999868e-01,3.321850652453688189e-03
3.047937587999999809e-01,3.321834476561717243e-03
3.048756635000000048e-01,3.321737426388266662e-03
3.048893120999999762e-01,3.321721251804226911e-03
3.049029601000000089e-01,3.321705077555348311e-03
3.049370774999999867e-01,3.321664642464446874e-03
3.049439005999999841e-01,3.321656555569256920e-03
3.049643686999999881e-01,3.321632295006483795e-03
3.049984793000000138e-01,3.321591861789982298e-03
3.051007880000000116e-01,3.321470568500026546e-03
3.051076073000000277e-01,3.321462482649934628e-03
3.051280645000000180e-01,3.321438225106040053e-03
3.051485203000000035e-01,3.321413968003391042e-03
3.051826102999999901e-01,3.321373540504431870e-03
3.052098795000000031e-01,3.321341199057450001e-03
3.052303297999999776e-01,3.321316943506284324e-03
3.052644105999999802e-01,3.321276518496577446e-03
3.052712262999999759e-01,3.321268433551991233e-03
3.052916724999999998e-01,3.321244179152728782e-03
3.053461889999999901e-01,3.321179502153540596e-03
3.053666301999999888e-01,3.321155249066592551e-03
3.053734436000000163e-01,3.321147164805783591e-03
3.054279455000000199e-01,3.321082491947513048e-03
3.054892485999999852e-01,3.321009738362795151e-03
3.055301103999999990e-01,3.320961237380638895e-03
3.055369202000000062e-01,3.320953154383802803e-03
3.055641578000000136e-01,3.320920821312189040e-03
3.055913929999999890e-01,3.320888489133814320e-03
3.055982013999999913e-01,3.320880406220473504e-03
3.056186256999999795e-01,3.320856157799025217e-03
3.056526632000000077e-01,3.320815744462567078e-03
3.056730838999999755e-01,3.320791496751991125e-03
3.057003092999999727e-01,3.320759167515798926e-03
3.057547529999999902e-01,3.320694510379603500e-03
3.057751669000000061e-01,3.320670264712949002e-03
3.057819712000000023e-01,3.320662183031685127e-03
3.058023832000000275e-01,3.320637937748453089e-03
3.058159905000000234e-01,3.320621774412194256e-03
3.058568086999999824e-01,3.320573285674318243e-03
3.058636111999999962e-01,3.320565204192671167e-03
3.058704134999999935e-01,3.320557123131514122e-03
3.059248269000000020e-01,3.320492474321993983e-03
3.059928299999999934e-01,3.320411667142894856e-03
3.059996294999999811e-01,3.320403586838776774e-03
3.060200269999999723e-01,3.320379345405100827e-03
3.060540198999999739e-01,3.320338944332645002e-03
3.060880089999999942e-01,3.320298543820531748e-03
3.061016034999999857e-01,3.320282384271550698e-03
3.061423836000000120e-01,3.320233905575557809e-03
3.061627715999999944e-01,3.320209667117634753e-03
3.061899536000000088e-01,3.320177349533888055e-03
3.062375160999999957e-01,3.320120795481723650e-03
3.062714847999999934e-01,3.320080400759637708e-03
3.062918641999999858e-01,3.320056164158976825e-03
3.063054498000000181e-01,3.320040007128484232e-03
3.063258268999999867e-01,3.320015771551222163e-03
3.064141122999999856e-01,3.319910754396646416e-03
3.064276924000000069e-01,3.319894598747025801e-03
3.064344822000000246e-01,3.319886520751558386e-03
3.064684290999999949e-01,3.319846131987068405e-03
3.064887954000000136e-01,3.319821899144982137e-03
3.065363115999999999e-01,3.319765357828079796e-03
3.065430989999999856e-01,3.319757280655922984e-03
3.065702471999999790e-01,3.319724972259074924e-03
3.065973929999999958e-01,3.319692664411949459e-03
3.066177507000000246e-01,3.319668434087822556e-03
3.066720314999999975e-01,3.319603821605814596e-03
3.066788159000000125e-01,3.319595745287593196e-03
3.067263026000000004e-01,3.319539211728316126e-03
3.067534345999999856e-01,3.319506907992589816e-03
3.067602172000000182e-01,3.319498831974332462e-03
3.068144727000000072e-01,3.319434226635198902e-03
3.068415969000000132e-01,3.319401924609765089e-03
3.068619383999999783e-01,3.319377698586870300e-03
3.068958379999999764e-01,3.319337323194375671e-03
3.069026174999999745e-01,3.319329247851889389e-03
3.069229549999999973e-01,3.319305023149331235e-03
3.069568477999999878e-01,3.319264649572557357e-03
3.069704039000000217e-01,3.319248500244266053e-03
3.070652797999999795e-01,3.319135460097811380e-03
3.071059319000000176e-01,3.319087016787452583e-03
3.071398046000000104e-01,3.319046648653052687e-03
3.071601264000000109e-01,3.319022427936173508e-03
3.071872199999999831e-01,3.318990134499503076e-03
3.072210837000000083e-01,3.318949768637249626e-03
3.072481719999999861e-01,3.318917476906348835e-03
3.072684866000000015e-01,3.318893258537069634e-03
3.072752578999999873e-01,3.318885185440737570e-03
3.072820290000000121e-01,3.318877112880254648e-03
3.073226524000000071e-01,3.318828677728559700e-03
3.073294225000000046e-01,3.318820604922194471e-03
3.073361923999999856e-01,3.318812532727448937e-03
3.073903461999999975e-01,3.318747955277051836e-03
3.074106514000000123e-01,3.318723739083986272e-03
3.074444905000000006e-01,3.318683380147236395e-03
3.074647922000000033e-01,3.318659165284673380e-03
3.074918589999999785e-01,3.318626879328994903e-03
3.075189233999999772e-01,3.318594594008939924e-03
3.075527505000000272e-01,3.318554238370964929e-03
3.075933382000000105e-01,3.318505812826187673e-03
3.076068663000000036e-01,3.318489671278191007e-03
3.076271572000000010e-01,3.318465459188322392e-03
3.076542097000000142e-01,3.318433177301737067e-03
3.077083076000000084e-01,3.318368615231751320e-03
3.077285918000000065e-01,3.318344405330097158e-03
3.077556354000000050e-01,3.318312125550491355e-03
3.077623959999999936e-01,3.318304055872274907e-03
3.077894366000000215e-01,3.318271777066873329e-03
3.078164748000000173e-01,3.318239498792888240e-03
3.078367518999999830e-01,3.318215290710192257e-03
3.078705441999999848e-01,3.318174944969867236e-03
3.079178470999999750e-01,3.318118461936471388e-03
3.079313607999999980e-01,3.318102324404585517e-03
3.079516304000000093e-01,3.318078118608857457e-03
3.080056760000000060e-01,3.318013570791164199e-03
3.080326952999999923e-01,3.317981298267423575e-03
3.080394497000000231e-01,3.317973230062861659e-03
3.080529582000000044e-01,3.317957094029505387e-03
3.080597122000000021e-01,3.317949025930918595e-03
3.080934799000000224e-01,3.317908686657254115e-03
3.081407486000000140e-01,3.317852213601371874e-03
3.081880100000000122e-01,3.317795742349965039e-03
3.082015120000000108e-01,3.317779608083344395e-03
3.082217637999999926e-01,3.317755406661210705e-03
3.082555137999999917e-01,3.317715072600813109e-03
3.082757620000000087e-01,3.317690872526329708e-03
3.083567416999999922e-01,3.317594075629550898e-03
3.083634889999999906e-01,3.317586009564358392e-03
3.083769833000000182e-01,3.317569877411539938e-03
3.083837301999999836e-01,3.317561811265503247e-03
3.084039700000000273e-01,3.317537613567904126e-03
3.084377000999999896e-01,3.317497285036287956e-03
3.084579363000000130e-01,3.317473087908944483e-03
3.084646815000000042e-01,3.317465022602732530e-03
3.084849159999999979e-01,3.317440826327967482e-03
3.085186372000000010e-01,3.317400499860582042e-03
3.085253809999999874e-01,3.317392434924772149e-03
3.085456114999999833e-01,3.317368239827942454e-03
3.085793260999999954e-01,3.317327915248090980e-03
3.086197788000000219e-01,3.317279527186717258e-03
3.086871881000000095e-01,3.317198883631972649e-03
3.087006681999999724e-01,3.317182755613305983e-03
3.087074080000000165e-01,3.317174691820375717e-03
3.087343658000000213e-01,3.317142435882452015e-03
3.087411049000000074e-01,3.317134372001442465e-03
3.088084877000000228e-01,3.317053736065456344e-03
3.088421735999999918e-01,3.317013419658586260e-03
3.088489104000000096e-01,3.317005356516025075e-03
3.088893276999999937e-01,3.316956978505078858e-03
3.089027990000000057e-01,3.316940852631208685e-03
3.089162697000000235e-01,3.316924726960294653e-03
3.089499438000000153e-01,3.316884413840974054e-03
3.089768804999999952e-01,3.316852164329844779e-03
3.090038147999999985e-01,3.316819915018794605e-03
3.090240140000000135e-01,3.316795728409576566e-03
3.090307467999999780e-01,3.316787666483615987e-03
3.091115286000000184e-01,3.316690925157636440e-03
3.091317208000000094e-01,3.316666740635551384e-03
3.091721010999999852e-01,3.316618372853337524e-03
3.091922892999999783e-01,3.316594189550926570e-03
3.092259333999999860e-01,3.316553884898675031e-03
3.092663015000000071e-01,3.316505520420758545e-03
3.092730289999999771e-01,3.316497459929628518e-03
3.092797562999999861e-01,3.316489399279856295e-03
3.093268437000000204e-01,3.316432976870116282e-03
3.093335698999999939e-01,3.316424916490571476e-03
3.093470218000000105e-01,3.316408796041211103e-03
3.093537474999999981e-01,3.316400736160964816e-03
3.094613394999999878e-01,3.316271780358088887e-03
3.094882317000000049e-01,3.316239543100333274e-03
3.094949543000000136e-01,3.316231483753203074e-03
3.095151214999999900e-01,3.316207306293741507e-03
3.095487304999999800e-01,3.316167011564901887e-03
3.095688940999999916e-01,3.316142835302563451e-03
3.096428162000000039e-01,3.316054191428568880e-03
3.096495355000000171e-01,3.316046132969165637e-03
3.096562547000000221e-01,3.316038074922348158e-03
3.097032847999999783e-01,3.315981668212544288e-03
3.097100027999999949e-01,3.315973610426610572e-03
3.097301559000000259e-01,3.315949437074924323e-03
3.097570248000000026e-01,3.315917206425086482e-03
3.097771747999999992e-01,3.315893033588460884e-03
3.098846197999999830e-01,3.315764119413217286e-03
3.099114752000000084e-01,3.315731892352625967e-03
3.099181886999999858e-01,3.315723835655412077e-03
3.099786036000000133e-01,3.315651327829075273e-03
3.100322958000000240e-01,3.315586878949419464e-03
3.100524279999999910e-01,3.315562711573669975e-03
3.100725588000000088e-01,3.315538544585351893e-03
3.100792687999999742e-01,3.315530488743462061e-03
3.100993980000000261e-01,3.315506322060707712e-03
3.101329435999999884e-01,3.315466045005026601e-03
3.101597775000000112e-01,3.315433823922224726e-03
3.101799014000000132e-01,3.315409658897304403e-03
3.102134383999999856e-01,3.315369384350294948e-03
3.102402652999999844e-01,3.315337165602691514e-03
3.102469716999999849e-01,3.315329110870273138e-03
3.102939122999999744e-01,3.315272729518226828e-03
3.103140274999999781e-01,3.315248566804781302e-03
3.103207323000000128e-01,3.315240512632345107e-03
3.104011783000000246e-01,3.315143865796596305e-03
3.104614991999999907e-01,3.315071384669473521e-03
3.104816034999999808e-01,3.315047224769889118e-03
3.105017065999999826e-01,3.315023065705602692e-03
3.105352088000000177e-01,3.314982800590041915e-03
3.105553082999999992e-01,3.314958642620370773e-03
3.106155992999999893e-01,3.314886169703930990e-03
3.106222974999999775e-01,3.314878117160936170e-03
3.106423915000000036e-01,3.314853960634119544e-03
3.106758785000000023e-01,3.314813700054910529e-03
3.106959690000000163e-01,3.314789544261667262e-03
3.107160581000000255e-01,3.314765389085787793e-03
3.107227542000000065e-01,3.314757337551987870e-03
3.107294501999999792e-01,3.314749285572465495e-03
3.107428416999999943e-01,3.314733182685403092e-03
3.107763178999999876e-01,3.314692925259730971e-03
3.108834174999999811e-01,3.314564108650982187e-03
3.109101866000000269e-01,3.314531906100848333e-03
3.109436447000000214e-01,3.314491653972154346e-03
3.109570269999999970e-01,3.314475553246192668e-03
3.109971703000000143e-01,3.314427252697306654e-03
3.110172399999999726e-01,3.314403102620001526e-03
3.110373084999999982e-01,3.314378953399830640e-03
3.110640644000000066e-01,3.314346754557071038e-03
3.110975060000000236e-01,3.314306506860319277e-03
3.111041938999999923e-01,3.314298457607320336e-03
3.111576918000000247e-01,3.314234064027020768e-03
3.111777512000000190e-01,3.314209917170568478e-03
3.111978092000000085e-01,3.314185770533444649e-03
3.112044950000000254e-01,3.314177721986217521e-03
3.112780285999999785e-01,3.314089188439828942e-03
3.112847126000000131e-01,3.314081140062419099e-03
3.113181305000000121e-01,3.314040899303102340e-03
3.113381794999999785e-01,3.314016755160336097e-03
3.113649096000000172e-01,3.313984563843694244e-03
3.113849556000000129e-01,3.313960420959063957e-03
3.114784865999999930e-01,3.313847758005036750e-03
3.115252414999999941e-01,3.313791429685212717e-03
3.115719894999999795e-01,3.313735103096684346e-03
3.115786671999999924e-01,3.313727056970137627e-03
3.115853447999999970e-01,3.313719010401619362e-03
3.116053765999999836e-01,3.313694871203180618e-03
3.116254070999999737e-01,3.313670732534112259e-03
3.116320837000000066e-01,3.313662686651435135e-03
3.116587885000000058e-01,3.313630502587972676e-03
3.116921663000000176e-01,3.313590273018762484e-03
3.117055163999999934e-01,3.313574181783300338e-03
3.117388891999999800e-01,3.313533953895964404e-03
3.117455632999999726e-01,3.313525908415655089e-03
3.117655849000000035e-01,3.313501772623760923e-03
3.117856050999999740e-01,3.313477636780613484e-03
3.117989512000000074e-01,3.313461546521150134e-03
3.118189693000000262e-01,3.313437411380794253e-03
3.118456580999999783e-01,3.313405231726558684e-03
3.118723447000000260e-01,3.313373053092441567e-03
3.118990288999999860e-01,3.313340874753753496e-03
3.119056995999999748e-01,3.313332830101105905e-03
3.120057430000000021e-01,3.313212168446491405e-03
3.120257477999999751e-01,3.313188037031213062e-03
3.120524190000000253e-01,3.313155862599487852e-03
3.120657537000000037e-01,3.313139775526826019e-03
3.121124205999999957e-01,3.313083472496897164e-03
3.121190868000000007e-01,3.313075429352435076e-03
3.121390842999999804e-01,3.313051300253306609e-03
3.121657458000000052e-01,3.313019128429068108e-03
3.121724108000000220e-01,3.313011085854533373e-03
3.122190617999999751e-01,3.312954787107588207e-03
3.122257257000000119e-01,3.312946744610610356e-03
3.122390529999999886e-01,3.312930659904491249e-03
3.122657059000000235e-01,3.312898490481917119e-03
3.122790315000000261e-01,3.312882406334726349e-03
3.123190048000000218e-01,3.312834153954676876e-03
3.123456508999999937e-01,3.312801986727976870e-03
3.123523120999999736e-01,3.312793945061378188e-03
3.124255754999999968e-01,3.312705488698512637e-03
3.124388942999999919e-01,3.312689406648750869e-03
3.124588714000000045e-01,3.312665283212904745e-03
3.124855054999999826e-01,3.312633119426586833e-03
3.125387669999999951e-01,3.312568793917012103e-03
3.125454240000000161e-01,3.312560753205644540e-03
3.125587376999999778e-01,3.312544672084848010e-03
3.125653943000000212e-01,3.312536631843172440e-03
3.125920193999999763e-01,3.312504470645452701e-03
3.126519174999999873e-01,3.312432110350142789e-03
3.126984970000000197e-01,3.312375832525046512e-03
3.127450694999999725e-01,3.312319556604687455e-03
3.127716792999999940e-01,3.312287399566270826e-03
3.127783313999999981e-01,3.312279360793045618e-03
3.128780957000000251e-01,3.312158779249306517e-03
3.128847455000000055e-01,3.312150740657432337e-03
3.129046940999999915e-01,3.312126625503366856e-03
3.129179925000000195e-01,3.312110549134133185e-03
3.129379389999999983e-01,3.312086434521634929e-03
3.129645323999999951e-01,3.312054282531128307e-03
3.130177123999999811e-01,3.311989980524082493e-03
3.130243591999999908e-01,3.311981942820535919e-03
3.130442989000000176e-01,3.311957830219397058e-03
3.130708832999999913e-01,3.311925681221000034e-03
3.130775290000000211e-01,3.311917643680749486e-03
3.130974652999999885e-01,3.311893532044567039e-03
3.131240451999999785e-01,3.311861384027109736e-03
3.131771979999999900e-01,3.311797089784602067e-03
3.131838415000000042e-01,3.311789053268515345e-03
3.132369842000000126e-01,3.311724762205551977e-03
3.132569103999999771e-01,3.311700653343129918e-03
3.132834767000000076e-01,3.311668509277532722e-03
3.133033999000000014e-01,3.311644401736138586e-03
3.133100407000000143e-01,3.311636365875373581e-03
3.133366025000000055e-01,3.311604222686565478e-03
3.133963583000000108e-01,3.311531903788074264e-03
3.134162743000000195e-01,3.311507798177546185e-03
3.134428270999999877e-01,3.311475657779836598e-03
3.134892890000000043e-01,3.311419413867927250e-03
3.135025625999999788e-01,3.311403344645184876e-03
3.135158356000000146e-01,3.311387275558287397e-03
3.135423800000000094e-01,3.311355137674323965e-03
3.135556513000000156e-01,3.311339069201493009e-03
3.135755572000000213e-01,3.311314966271603627e-03
3.136020964999999827e-01,3.311282830330359618e-03
3.136087309999999739e-01,3.311274796313028873e-03
3.136618017000000203e-01,3.311210525964824406e-03
3.136817009000000267e-01,3.311186425154377666e-03
3.137281275000000091e-01,3.311130191561636148e-03
3.137546538000000051e-01,3.311098059101712839e-03
3.137612851000000092e-01,3.311090025735551317e-03
3.138143299999999747e-01,3.311025763123735637e-03
3.138209599999999821e-01,3.311017730222408882e-03
3.138342195000000112e-01,3.311001665213888796e-03
3.138408490999999856e-01,3.310993632577205817e-03
3.138938804999999999e-01,3.310929373682935939e-03
3.139137650000000113e-01,3.310905277354017195e-03
3.139734109000000273e-01,3.310832990048315997e-03
3.140197943999999963e-01,3.310776769248195608e-03
3.140264199999999728e-01,3.310768737729604793e-03
3.140330454999999965e-01,3.310760706527092305e-03
3.140529212000000014e-01,3.310736612697242221e-03
3.141522807000000084e-01,3.310616149173676616e-03
3.141589034999999752e-01,3.310608118507867622e-03
3.141787711999999844e-01,3.310584026868417743e-03
3.141920156999999936e-01,3.310567966039611957e-03
3.142118812999999955e-01,3.310543875150068292e-03
3.142383668000000019e-01,3.310511754620173129e-03
3.142582294999999859e-01,3.310487664524908603e-03
3.142648500999999928e-01,3.310479634728327909e-03
3.143178100999999836e-01,3.310415396754884301e-03
3.143906154000000175e-01,3.310327073780089738e-03
3.143972332000000147e-01,3.310319044542020181e-03
3.144501707999999840e-01,3.310254813015071820e-03
3.144567873999999930e-01,3.310246784269891846e-03
3.144700201000000250e-01,3.310230726756450970e-03
3.144766363000000009e-01,3.310222698248219478e-03
3.145097150000000230e-01,3.310182555712165142e-03
3.145295605000000272e-01,3.310158470590990765e-03
3.145626335999999745e-01,3.310118329636298207e-03
3.145758618999999756e-01,3.310102273756500204e-03
3.146353822999999883e-01,3.310030023331779481e-03
3.146684443000000164e-01,3.309989885641068021e-03
3.146816680999999782e-01,3.309973831223459329e-03
3.146882798000000259e-01,3.309965803797927306e-03
3.147147252999999978e-01,3.309933695017487718e-03
3.147411685000000015e-01,3.309901586633893882e-03
3.147676094999999896e-01,3.309869479129164734e-03
3.147742193999999993e-01,3.309861452285005334e-03
3.147874386999999774e-01,3.309845398677879399e-03
3.147940482000000095e-01,3.309837372232773620e-03
3.148138758999999842e-01,3.309813292606915251e-03
3.148270935999999964e-01,3.309797239582024965e-03
3.148667433999999821e-01,3.309749081474883548e-03
3.148733511999999846e-01,3.309741055432127797e-03
3.149262087999999959e-01,3.309676847654898207e-03
3.149328154000000102e-01,3.309668821592382220e-03
3.149526342000000256e-01,3.309644744709995968e-03
3.149724519000000056e-01,3.309620667641886317e-03
3.150385016999999732e-01,3.309540414323857913e-03
3.150847283000000054e-01,3.309484239164051534e-03
3.151045376000000120e-01,3.309460164995399901e-03
3.151441524999999966e-01,3.309412017223064845e-03
3.151639580999999746e-01,3.309387944237002829e-03
3.151837624000000115e-01,3.309363871238577438e-03
3.151903636000000231e-01,3.309355846838703263e-03
3.152497678999999775e-01,3.309283630999055193e-03
3.152695669000000200e-01,3.309259559581295522e-03
3.152893646000000105e-01,3.309235488822363010e-03
3.153025623999999860e-01,3.309219441540178080e-03
3.153223580000000248e-01,3.309195371435695154e-03
3.154081248000000226e-01,3.309091070588794040e-03
3.154279138000000149e-01,3.309067002210369646e-03
3.154477015000000106e-01,3.309042934612157951e-03
3.154542972000000112e-01,3.309034911890016816e-03
3.154806783999999920e-01,3.309002821945762011e-03
3.155268401999999917e-01,3.308946665887493258e-03
3.155598088000000079e-01,3.308906556116124418e-03
3.155664020999999764e-01,3.308898534083554947e-03
3.156191435999999850e-01,3.308834360672047430e-03
3.156389193999999954e-01,3.308810296161461811e-03
3.156586939000000092e-01,3.308786231991421491e-03
3.156652851000000259e-01,3.308778210739323627e-03
3.157180101000000016e-01,3.308714041810181979e-03
3.157377796999999986e-01,3.308689979225136382e-03
3.157443692999999940e-01,3.308681958669479686e-03
3.157773151000000111e-01,3.308641854993175837e-03
3.157970809999999795e-01,3.308617793644518402e-03
3.158431965999999869e-01,3.308561651650831180e-03
3.158695452999999986e-01,3.308529571121683090e-03
3.158761320999999844e-01,3.308521551293359085e-03
3.159024780999999948e-01,3.308489471618623889e-03
3.159288218999999898e-01,3.308457392968570335e-03
3.159815028999999886e-01,3.308393237083361808e-03
3.160341750999999810e-01,3.308329084106199913e-03
3.160539249000000050e-01,3.308305027447347012e-03
3.160605079000000095e-01,3.308297008629781325e-03
3.160802560000000039e-01,3.308272952374097676e-03
3.160934208000000245e-01,3.308256915157702961e-03
3.161592362999999795e-01,3.308176731128543036e-03
3.161658171000000239e-01,3.308168712837255155e-03
3.161921389999999832e-01,3.308136640530902773e-03
3.161987191000000252e-01,3.308128622784993738e-03
3.162184585999999742e-01,3.308104569147811858e-03
3.162513551000000200e-01,3.308064480474669049e-03
3.162710912999999735e-01,3.308040427418946529e-03
3.162908262999999942e-01,3.308016375282620946e-03
3.162974043999999818e-01,3.308008357878854024e-03
3.163500240000000074e-01,3.307944220434714481e-03
3.163566007999999985e-01,3.307936203414150577e-03
3.164289370000000212e-01,3.307848019391758116e-03
3.164552368999999921e-01,3.307815953357335324e-03
3.165144038000000104e-01,3.307743807976126684e-03
3.165341235999999947e-01,3.307719760143623591e-03
3.165669872999999912e-01,3.307679681020232829e-03
3.165867038999999883e-01,3.307655634299110255e-03
3.166129906999999855e-01,3.307623572342071293e-03
3.166392753000000226e-01,3.307591510942574625e-03
3.166655577999999971e-01,3.307559450720630803e-03
3.166721281000000054e-01,3.307551435464810199e-03
3.166852681999999808e-01,3.307535405565205453e-03
3.167246853999999834e-01,3.307487316786079587e-03
3.167443922000000023e-01,3.307463272854646065e-03
3.167706659000000258e-01,3.307431214911984909e-03
3.167903698000000268e-01,3.307407171989080151e-03
3.168232068999999873e-01,3.307367100777732372e-03
3.168494740999999726e-01,3.307335044842268576e-03
3.168691731000000122e-01,3.307311003286394005e-03
3.169020020000000160e-01,3.307270934794400482e-03
3.169282627000000185e-01,3.307238880859248928e-03
3.169348275000000159e-01,3.307230867528218512e-03
3.169873413000000029e-01,3.307166761755706529e-03
3.170004683000000045e-01,3.307150735359210610e-03
3.170398462999999833e-01,3.307102658181283478e-03
3.170595334999999904e-01,3.307078620307257570e-03
3.170857811000000193e-01,3.307046570068711971e-03
3.171382697999999833e-01,3.306982472054521317e-03
3.171448303000000135e-01,3.306974459794092842e-03
3.172169866999999810e-01,3.306886329355174844e-03
3.172956840000000223e-01,3.306790192674374275e-03
3.173022412000000014e-01,3.306782181598994820e-03
3.173219120999999920e-01,3.306758148124549004e-03
3.173415816999999861e-01,3.306734115516983975e-03
3.173481380000000018e-01,3.306726104413543199e-03
3.173546942000000093e-01,3.306718093593880199e-03
3.173940282000000113e-01,3.306670029773515086e-03
3.174071384000000107e-01,3.306654008799120303e-03
3.174202481000000242e-01,3.306637987828324639e-03
3.174530200999999829e-01,3.306597936576528667e-03
3.174595740000000221e-01,3.306589926272558624e-03
3.174792350999999790e-01,3.306565896355228781e-03
3.174988951000000115e-01,3.306541866384156772e-03
3.175120009999999882e-01,3.306525846829999615e-03
3.175251063999999790e-01,3.306509827134634233e-03
3.175316588000000051e-01,3.306501817332431654e-03
3.175513154999999865e-01,3.306477788544761112e-03
3.175840738999999857e-01,3.306437741297507931e-03
3.176364803000000236e-01,3.306373667777107520e-03
3.176692299000000164e-01,3.306333623123750790e-03
3.177347189999999988e-01,3.306253536919215568e-03
3.177609108000000182e-01,3.306221503601777714e-03
3.178132880999999799e-01,3.306157438564940546e-03
3.178263809999999912e-01,3.306141422853457398e-03
3.178722021000000009e-01,3.306085369176009481e-03
3.179441934000000192e-01,3.305997288372569069e-03
3.179507371999999998e-01,3.305989280980564399e-03
3.179703680000000032e-01,3.305965259878352897e-03
3.179834543999999763e-01,3.305949245983511638e-03
3.180292529000000035e-01,3.305893199015523531e-03
3.180554205000000190e-01,3.305861173054461602e-03
3.180815860000000272e-01,3.305829147596384045e-03
3.180881269999999983e-01,3.305821141602718720e-03
3.181077492000000118e-01,3.305797122989181849e-03
3.181404502999999884e-01,3.305757093021996235e-03
3.181796872000000054e-01,3.305709058022225470e-03
3.181862261999999775e-01,3.305701052743516884e-03
3.182319954999999756e-01,3.305645014373326165e-03
3.182385334000000232e-01,3.305637009215848295e-03
3.182581463999999971e-01,3.305612993326496885e-03
3.182646838000000034e-01,3.305604988264111786e-03
3.182908320000000235e-01,3.305572967992010010e-03
3.183169780999999809e-01,3.305540948600842882e-03
3.183365863000000018e-01,3.305516934455464927e-03
3.183627285999999779e-01,3.305484915715447940e-03
3.183954035000000071e-01,3.305444893850474370e-03
3.184019381000000037e-01,3.305436889332132814e-03
3.184542097999999988e-01,3.305372856654868133e-03
3.184672763999999989e-01,3.305356849010546941e-03
3.184738094999999825e-01,3.305348844858186936e-03
3.185521962999999790e-01,3.305252802000134549e-03
3.185587276999999884e-01,3.305244798679780448e-03
3.185783208999999894e-01,3.305220788938733993e-03
3.185979130000000104e-01,3.305196779788443281e-03
3.186109737000000219e-01,3.305180773492069450e-03
3.186501526000000140e-01,3.305132756542723555e-03
3.186566820000000244e-01,3.305124753747375708e-03
3.186762691999999730e-01,3.305100745971986925e-03
3.187154401000000248e-01,3.305052731206997458e-03
3.187350237000000086e-01,3.305028724344710300e-03
3.187611334000000074e-01,3.304996716233896993e-03
3.187676604999999941e-01,3.304988714008104400e-03
3.187872408999999907e-01,3.304964707967391387e-03
3.188133463000000223e-01,3.304932700982506858e-03
3.188655505999999917e-01,3.304868688608875518e-03
3.188851249999999915e-01,3.304844684829728440e-03
3.189242702000000262e-01,3.304796677613948928e-03
3.189438410000000057e-01,3.304772674923156951e-03
3.189895016000000028e-01,3.304716669686347252e-03
3.190221122999999936e-01,3.304676667211558453e-03
3.190481983999999827e-01,3.304644665582700310e-03
3.190808030999999767e-01,3.304604665102698225e-03
3.191003642999999945e-01,3.304580664953207184e-03
3.191264441000000174e-01,3.304548665884133457e-03
3.191720785000000116e-01,3.304492668467186572e-03
3.191785972000000249e-01,3.304484668752910581e-03
3.191851157000000216e-01,3.304476669674409443e-03
3.191981523999999903e-01,3.304460670680416535e-03
3.192242241000000091e-01,3.304428673724415545e-03
3.192893942000000207e-01,3.304348684615339166e-03
3.193024266000000222e-01,3.304332687112364070e-03
3.193350053999999827e-01,3.304292694253701309e-03
3.193415206999999922e-01,3.304284695821508699e-03
3.193610660000000268e-01,3.304260700936581183e-03
3.194131807000000212e-01,3.304196715539554387e-03
3.194327216000000247e-01,3.304172721873890710e-03
3.194652869999999867e-01,3.304132733175853352e-03
3.195108729999999730e-01,3.304076750879961916e-03
3.195173848000000261e-01,3.304068753102275702e-03
3.195499415999999981e-01,3.304028767018140061e-03
3.195955155999999908e-01,3.303972788324567589e-03
3.196150453000000113e-01,3.303948798195856761e-03
3.196541010999999766e-01,3.303900818715605533e-03
3.196736271999999768e-01,3.303876829307210005e-03
3.196996602000000132e-01,3.303844844451946528e-03
3.197061681000000211e-01,3.303836847902808828e-03
3.197256909999999785e-01,3.303812859839619798e-03
3.198102767000000068e-01,3.303708914831116061e-03
3.198232878999999751e-01,3.303692924002777503e-03
3.199013439000000236e-01,3.303596982040390203e-03
3.199078477000000253e-01,3.303588986944586050e-03
3.199598733999999833e-01,3.303525029335559887e-03
3.199663759999999968e-01,3.303517034878162163e-03
3.200053889999999734e-01,3.303469068474027947e-03
3.200573988000000036e-01,3.303405115641243686e-03
3.201158997999999922e-01,3.303333171651774269e-03
3.201743900999999837e-01,3.303261231059302378e-03
3.202198752000000037e-01,3.303205279280688449e-03
3.202263725000000227e-01,3.303197286391725777e-03
3.202393667999999805e-01,3.303181300597416836e-03
3.202718501999999856e-01,3.303141337206932839e-03
3.202783464999999774e-01,3.303133344641380736e-03
3.202978344999999893e-01,3.303109367202770614e-03
3.203303120000000059e-01,3.303069405601198518e-03
3.203433021000000047e-01,3.303053420947713124e-03
3.203757749000000210e-01,3.303013460664768093e-03
3.204017507999999959e-01,3.302981493021463905e-03
3.204342177999999763e-01,3.302941534613479131e-03
3.204536962999999794e-01,3.302917560177464143e-03
3.204731737000000025e-01,3.302893585710748453e-03
3.205056333999999896e-01,3.302853629519826584e-03
3.205510715000000066e-01,3.302797692222677294e-03
3.205835233000000062e-01,3.302757738830145850e-03
3.205900132999999763e-01,3.302749748042305838e-03
3.206094823999999788e-01,3.302725776417317002e-03
3.206289502999999930e-01,3.302701805092107465e-03
3.206354393999999997e-01,3.302693814673848555e-03
3.206613942000000050e-01,3.302661853661684882e-03
3.206808589999999848e-01,3.302637883037970630e-03
3.206873470000000115e-01,3.302629893333912554e-03
3.206938348999999744e-01,3.302621902976421876e-03
3.207976229000000234e-01,3.302494068842590919e-03
3.208170793999999826e-01,3.302470100808665727e-03
3.208365347000000090e-01,3.302446133793591771e-03
3.208430196000000012e-01,3.302438144519225134e-03
3.208624733000000062e-01,3.302414177555137737e-03
3.208689576000000043e-01,3.302406188511949892e-03
3.208948936000000085e-01,3.302374233438264660e-03
3.209013773000000125e-01,3.302366244796933747e-03
3.209208275000000055e-01,3.302342279181777734e-03
3.209532419000000192e-01,3.302302336871136904e-03
3.210569461000000180e-01,3.302174528257337781e-03
3.211023061000000123e-01,3.302118615532115449e-03
3.211087856000000018e-01,3.302110627905380930e-03
3.211282232000000070e-01,3.302086665917408105e-03
3.211476596999999766e-01,3.302062704317183708e-03
3.211541383000000027e-01,3.302054717232456599e-03
3.211606167000000123e-01,3.302046730073606058e-03
3.211735732000000065e-01,3.302030756126966230e-03
3.212059621000000198e-01,3.301990822042293917e-03
3.212318707999999856e-01,3.301958875023245504e-03
3.212642539000000186e-01,3.301918942588587084e-03
3.212772061999999984e-01,3.301902969728270562e-03
3.212836821000000231e-01,3.301894983556174102e-03
3.213095845999999756e-01,3.301863038863510867e-03
3.213678575999999731e-01,3.301791165457061347e-03
3.213808056999999940e-01,3.301775193798603316e-03
3.213872796000000198e-01,3.301767207975549265e-03
3.214196469999999750e-01,3.301727280573996722e-03
3.214584835000000029e-01,3.301679368591995973e-03
3.215167294999999870e-01,3.301607503352288475e-03
3.215232006000000031e-01,3.301599518531939722e-03
3.215426131999999937e-01,3.301575564621582297e-03
3.215620247000000043e-01,3.301551610591469538e-03
3.215943743999999938e-01,3.301511688591500255e-03
3.216267208999999960e-01,3.301471767419795946e-03
3.216720006000000076e-01,3.301415879424455385e-03
3.216784685999999893e-01,3.301407895786005828e-03
3.216914041999999752e-01,3.301391928182339022e-03
3.216978717999999793e-01,3.301383944238863496e-03
3.217172738999999893e-01,3.301359993626782653e-03
3.217302079000000092e-01,3.301344026638172464e-03
3.217496080999999730e-01,3.301320075907663350e-03
3.217948703999999882e-01,3.301264193359484608e-03
3.218271967999999927e-01,3.301224278440821787e-03
3.218724481999999942e-01,3.301168399388189779e-03
3.219047668000000195e-01,3.301128486976786548e-03
3.219306192999999983e-01,3.301096557760262781e-03
3.219758562000000213e-01,3.301040683361824470e-03
3.219887799000000217e-01,3.301024719202676205e-03
3.220017030999999808e-01,3.301008755706168890e-03
3.220081644000000187e-01,3.301000774027454659e-03
3.220404693999999735e-01,3.300960865594954573e-03
3.220598507999999915e-01,3.300936921237010695e-03
3.220856908999999990e-01,3.300904995893632222e-03
3.220921506000000156e-01,3.300897014635158656e-03
3.221438233999999734e-01,3.300833166314221922e-03
3.221631985999999781e-01,3.300809223875821128e-03
3.221954879999999743e-01,3.300769320276861294e-03
3.222148601000000001e-01,3.300745378659463488e-03
3.222406877999999808e-01,3.300713457478066104e-03
3.222923368000000233e-01,3.300649616453819098e-03
3.223117031000000132e-01,3.300625676903935421e-03
3.223181582999999906e-01,3.300617696866711085e-03
3.223375230000000147e-01,3.300593757862633430e-03
3.223697949000000063e-01,3.300553859825620766e-03
3.223956101000000074e-01,3.300521941924532132e-03
3.224149701999999840e-01,3.300498004402404022e-03
3.224536867999999723e-01,3.300450130125503166e-03
3.224730433999999923e-01,3.300426193524589550e-03
3.224988503999999812e-01,3.300394278134432050e-03
3.225053017999999772e-01,3.300386299634562592e-03
3.225440076000000156e-01,3.300338428661012818e-03
3.226020574999999835e-01,3.300266624755437105e-03
3.226085068999999805e-01,3.300258646863928232e-03
3.226214051999999888e-01,3.300242690992491196e-03
3.226278542000000082e-01,3.300234713287058304e-03
3.227245731999999756e-01,3.300115049979271756e-03
3.227568063999999848e-01,3.300075163809282949e-03
3.227632527000000029e-01,3.300067186765678721e-03
3.227825906999999828e-01,3.300043256131076751e-03
3.228019274999999744e-01,3.300019325723903101e-03
3.228341530000000126e-01,3.299979442345222277e-03
3.228599310999999972e-01,3.299947536602186853e-03
3.229114811000000085e-01,3.299883726379378504e-03
3.229565805999999872e-01,3.299827895049563514e-03
3.229630229000000075e-01,3.299819919247033370e-03
3.230145564999999941e-01,3.299756114416169291e-03
3.230338794000000013e-01,3.299732188272191773e-03
3.230725219000000203e-01,3.299684337067767138e-03
3.230918414000000238e-01,3.299660412226025283e-03
3.231111596999999835e-01,3.299636487341537673e-03
3.231240378999999940e-01,3.299620538040682390e-03
3.231369157000000270e-01,3.299604588494868540e-03
3.231626696000000076e-01,3.299572690059129378e-03
3.231691078000000217e-01,3.299564715719282074e-03
3.231948591000000093e-01,3.299532818371427902e-03
3.232206085000000062e-01,3.299500921394619805e-03
3.232270454999999765e-01,3.299492947097274961e-03
3.232399190999999949e-01,3.299476999455438955e-03
3.232785369000000242e-01,3.299429155886201941e-03
3.232978441000000092e-01,3.299405234790910284e-03
3.233171501000000059e-01,3.299381313955356606e-03
3.233235851999999855e-01,3.299373340453703833e-03
3.233686271999999806e-01,3.299317526944118943e-03
3.233750612999999885e-01,3.299309553811325194e-03
3.234007962000000069e-01,3.299277661755855174e-03
3.234329620999999988e-01,3.299237796802032777e-03
3.235294403999999790e-01,3.299118209616734316e-03
3.235358711999999914e-01,3.299110237218499248e-03
3.235744536999999865e-01,3.299062405261813866e-03
3.236258899000000189e-01,3.298998631077919557e-03
3.236323187999999851e-01,3.298990659556461005e-03
3.236580332999999809e-01,3.298958773934624125e-03
3.236837457999999779e-01,3.298926888586972434e-03
3.236901736000000196e-01,3.298918917604327667e-03
3.237094562000000231e-01,3.298895003979162958e-03
3.237415913999999728e-01,3.298855149008086095e-03
3.237608708999999974e-01,3.298831237069636390e-03
3.238444024000000088e-01,3.298727620751203907e-03
3.238572514999999985e-01,3.298711680389986717e-03
3.238636757999999727e-01,3.298703710155596273e-03
3.238893720000000087e-01,3.298671830189137469e-03
3.238957956999999888e-01,3.298663860208243901e-03
3.239343352999999870e-01,3.298616041441489437e-03
3.239600257999999955e-01,3.298584163407146993e-03
3.239921360999999944e-01,3.298544316517313703e-03
3.239985577999999755e-01,3.298536347271644083e-03
3.240178221000000192e-01,3.298512439477561953e-03
3.240627676000000235e-01,3.298456657012447009e-03
3.240691877999999915e-01,3.298448688152085494e-03
3.241526398999999836e-01,3.298345097020051551e-03
3.241718949999999877e-01,3.298321192658379159e-03
3.242039843000000254e-01,3.298281352164648701e-03
3.242232364000000033e-01,3.298257448348588042e-03
3.242681533999999810e-01,3.298201674745339634e-03
3.243066486999999776e-01,3.298153870382370192e-03
3.243515542000000029e-01,3.298098100045713209e-03
3.243579688000000072e-01,3.298090133306070659e-03
3.243772117000000010e-01,3.298066232284759241e-03
3.243964535000000149e-01,3.298042331914400639e-03
3.244092807000000245e-01,3.298026398550871468e-03
3.244541718999999769e-01,3.297970633133640896e-03
3.244798213000000264e-01,3.297938767829403182e-03
3.245118801999999913e-01,3.297898937449004770e-03
3.245311139000000011e-01,3.297875039413779123e-03
3.245567571999999901e-01,3.297843176056662693e-03
3.245759884000000151e-01,3.297819279263803065e-03
3.245823984999999801e-01,3.297811313549958451e-03
3.246080377000000183e-01,3.297779451762814906e-03
3.246336749000000022e-01,3.297747590379646390e-03
3.246657185999999862e-01,3.297707764591501639e-03
3.247105744000000072e-01,3.297652010226779801e-03
3.247618306000000232e-01,3.297588293556989215e-03
3.247810494999999742e-01,3.297564400372570391e-03
3.247874555999999968e-01,3.297556436093009458e-03
3.248066730999999985e-01,3.297532543358730993e-03
3.248130786999999797e-01,3.297524579146417917e-03
3.248386997000000109e-01,3.297492723179058262e-03
3.248579140999999781e-01,3.297468831658804337e-03
3.248707230999999807e-01,3.297452904259292640e-03
3.248835315999999973e-01,3.297436976619891671e-03
3.249411635000000187e-01,3.297365305003272223e-03
3.249603718999999891e-01,3.297341415353108318e-03
3.249731768999999937e-01,3.297325489418414038e-03
3.249923833999999734e-01,3.297301600207580997e-03
3.250179901999999954e-01,3.297269748443173998e-03
3.250755982999999905e-01,3.297198084916011605e-03
3.250947987999999733e-01,3.297174197529764619e-03
3.251267970000000229e-01,3.297134386568200369e-03
3.251459944000000268e-01,3.297110500251846255e-03
3.251651906999999952e-01,3.297086614432204188e-03
3.251715891999999997e-01,3.297078652276034996e-03
3.251907839000000022e-01,3.297054767090152032e-03
3.252163752000000185e-01,3.297022920562630178e-03
3.252739480999999877e-01,3.296951268097066037e-03
3.252803444999999849e-01,3.296943306640654370e-03
3.253251155999999922e-01,3.296887579708361257e-03
3.253315109000000094e-01,3.296879618939846813e-03
3.253826692999999826e-01,3.296815933216657411e-03
3.253954575999999932e-01,3.296800012321917696e-03
3.254210328000000096e-01,3.296768171226269108e-03
3.254338196000000072e-01,3.296752250581753280e-03
3.254529989000000123e-01,3.296728370135746343e-03
3.254785694999999812e-01,3.296696529933763973e-03
3.255552694000000136e-01,3.296601014257023211e-03
3.256063926000000164e-01,3.296537339993337729e-03
3.256255617000000102e-01,3.296513462792990609e-03
3.256894505999999856e-01,3.296433875066835054e-03
3.257022269000000025e-01,3.296417958086405187e-03
3.257086149000000264e-01,3.296409999385307727e-03
3.257341653999999975e-01,3.296378165873289912e-03
3.257788741000000043e-01,3.296322458827509374e-03
3.257852606000000151e-01,3.296314500892212097e-03
3.257916469000000093e-01,3.296306542935282385e-03
3.258427329999999955e-01,3.296242880629573178e-03
3.259065792999999989e-01,3.296163306370658835e-03
3.259129633000000248e-01,3.296155349351679361e-03
3.259384978000000044e-01,3.296123520899451806e-03
3.259640303999999933e-01,3.296091693064080209e-03
3.259895608999999750e-01,3.296059866453359636e-03
3.259959432000000268e-01,3.296051909338010202e-03
3.260087074999999945e-01,3.296035996329279606e-03
3.260150895000000215e-01,3.296028039780588437e-03
3.260469972999999744e-01,3.295988257632679209e-03
3.260661404999999902e-01,3.295964388892353835e-03
3.260852826000000260e-01,3.295940520328281137e-03
3.261108037000000071e-01,3.295908696229681283e-03
3.261427022000000231e-01,3.295868917536498143e-03
3.261490814999999932e-01,3.295860961564785543e-03
3.261682187000000122e-01,3.295837094897851541e-03
3.262001116000000089e-01,3.295797317540408514e-03
3.262447564000000022e-01,3.295741630825065830e-03
3.262511337999999816e-01,3.295733675986733079e-03
3.263149001999999799e-01,3.295654127444649310e-03
3.263212762000000100e-01,3.295646173277996284e-03
3.263914035000000102e-01,3.295558674978969500e-03
3.263977779000000190e-01,3.295550721156594465e-03
3.264169006000000040e-01,3.295526858934475639e-03
3.264232745999999796e-01,3.295518904856666043e-03
3.264487691999999885e-01,3.295487089602032980e-03
3.264551425000000173e-01,3.295479135545875335e-03
3.264933799999999997e-01,3.295431414107771219e-03
3.265061248000000194e-01,3.295415507031919811e-03
3.265252410999999744e-01,3.295391646702016970e-03
3.265507276999999875e-01,3.295359833978659444e-03
3.265953246000000143e-01,3.295304163158297404e-03
3.266016950999999779e-01,3.295296210097993332e-03
3.266208058000000247e-01,3.295272351899205220e-03
3.266462849999999807e-01,3.295240541502620583e-03
3.266590238000000035e-01,3.295224636680050070e-03
3.267036059000000270e-01,3.295168970374900020e-03
3.267227106999999742e-01,3.295145114053311692e-03
3.267545493999999828e-01,3.295105354098573809e-03
3.267609168000000230e-01,3.295097402226511516e-03
3.267991184999999854e-01,3.295049692486207247e-03
3.268118513000000114e-01,3.295033788968909465e-03
3.268500470999999852e-01,3.294986080967658541e-03
3.268564125999999792e-01,3.294978129947130369e-03
3.268818734000000226e-01,3.294946325060580002e-03
3.269073323000000197e-01,3.294914521661814789e-03
3.269136966999999783e-01,3.294906570585787176e-03
3.269264250999999732e-01,3.294890668856997103e-03
3.269836969000000093e-01,3.294819113944894365e-03
3.270282346999999756e-01,3.294763461894484498e-03
3.270600437000000249e-01,3.294723711874303265e-03
3.270664051000000128e-01,3.294715762103380546e-03
3.271109316999999961e-01,3.294660113926637258e-03
3.271363727000000110e-01,3.294628315839996484e-03
3.271618117000000270e-01,3.294596518374366765e-03
3.271681712000000242e-01,3.294588569351805489e-03
3.272381169999999950e-01,3.294501129822399385e-03
3.272571905000000170e-01,3.294477283658468324e-03
3.272699056000000217e-01,3.294461386573647056e-03
3.272889773000000058e-01,3.294437541134479994e-03
3.273080478000000015e-01,3.294413696053600550e-03
3.273334735000000273e-01,3.294381902853306312e-03
3.273398296000000207e-01,3.294373954626273610e-03
3.274415106999999936e-01,3.294246789443938846e-03
3.274605723999999829e-01,3.294222947011513775e-03
3.274669259999999915e-01,3.294214999782767161e-03
3.275177508000000071e-01,3.294151422218533510e-03
3.275241032999999802e-01,3.294143475301708392e-03
3.275368080000000126e-01,3.294127581465707173e-03
3.275749191999999810e-01,3.294079900813253522e-03
3.275939730999999910e-01,3.294056060985844046e-03
3.276193766000000118e-01,3.294024275063148471e-03
3.276257271999999943e-01,3.294016328760512608e-03
3.276384278999999733e-01,3.294000436578109221e-03
3.276701777000000093e-01,3.293960705601737919e-03
3.276955752999999860e-01,3.293928921732224187e-03
3.277146222000000275e-01,3.293905084293224494e-03
3.277273195000000028e-01,3.293889192773326313e-03
3.278225336999999739e-01,3.293770011939177195e-03
3.278288803000000140e-01,3.293762066836296905e-03
3.278669575000000003e-01,3.293714397492596667e-03
3.278796489999999952e-01,3.293698507845650800e-03
3.279240650999999951e-01,3.293642895687840574e-03
3.279748189000000202e-01,3.293579341328916124e-03
3.280192222000000157e-01,3.293523733965531605e-03
3.280255650000000189e-01,3.293515789963651248e-03
3.280699612999999903e-01,3.293460184434950175e-03
3.281270334999999982e-01,3.293388694321008198e-03
3.281333741999999942e-01,3.293380751337915760e-03
3.281460554000000251e-01,3.293364864829283721e-03
3.281523956999999880e-01,3.293356921833839185e-03
3.281840957000000114e-01,3.293317207459612456e-03
3.282221316999999750e-01,3.293269551379894577e-03
3.282284705999999885e-01,3.293261609272118886e-03
3.282474866000000269e-01,3.293237781538221366e-03
3.283362133000000127e-01,3.293126592411661779e-03
3.283552229999999739e-01,3.293102766830875282e-03
3.283805676000000062e-01,3.293071000475117621e-03
3.284249159000000029e-01,3.293015410528793516e-03
3.284312509000000269e-01,3.293007469610054541e-03
3.284375857999999870e-01,3.292999528284448318e-03
3.284502551999999853e-01,3.292983646101324980e-03
3.284565896000000151e-01,3.292975704822831678e-03
3.284882603000000012e-01,3.292936000006210090e-03
3.285072612000000114e-01,3.292912177451652166e-03
3.285262610999999944e-01,3.292888355692683098e-03
3.285325941000000194e-01,3.292880415103233670e-03
3.285515924999999893e-01,3.292856593334612166e-03
3.285832539999999913e-01,3.292816891578481675e-03
3.285895858999999808e-01,3.292808951633770416e-03
3.286592292000000137e-01,3.292721611661587888e-03
3.286845502999999891e-01,3.292689852830202411e-03
3.287098694999999737e-01,3.292658094459587244e-03
3.287351868000000232e-01,3.292626336870699191e-03
3.287415157999999948e-01,3.292618397801144216e-03
3.288111268000000198e-01,3.292531068454179408e-03
3.288364362999999790e-01,3.292499313526737071e-03
3.288554170999999915e-01,3.292475497735075380e-03
3.288807230999999942e-01,3.292443743712678179e-03
3.288933754000000209e-01,3.292427867108975014e-03
3.289123528999999824e-01,3.292404052431597769e-03
3.289313294000000276e-01,3.292380238273709923e-03
3.289439796999999999e-01,3.292364362552526510e-03
3.289945761999999996e-01,3.292300859875749337e-03
3.290388417999999815e-01,3.292245297480559784e-03
3.290451649999999728e-01,3.292237360159943043e-03
3.290578109000000251e-01,3.292221485514169790e-03
3.290641336999999833e-01,3.292213548467870510e-03
3.290831014000000221e-01,3.292189736546260667e-03
3.291147118000000149e-01,3.292150051661556307e-03
3.291905642999999881e-01,3.292054812448156915e-03
3.291968845000000088e-01,3.292046875847021506e-03
3.292158445000000211e-01,3.292023066888922610e-03
3.292474421000000095e-01,3.291983386249026748e-03
3.292663993000000122e-01,3.291959578519040516e-03
3.292853553000000266e-01,3.291935770597839619e-03
3.293358993000000123e-01,3.291872285454356707e-03
3.293422167999999761e-01,3.291864350299097703e-03
3.293485340999999789e-01,3.291856414773075817e-03
3.293927521000000191e-01,3.291800867869179407e-03
3.293990685000000029e-01,3.291792932884114991e-03
3.294180168999999991e-01,3.291769127798683039e-03
3.294622255999999916e-01,3.291713584480057166e-03
3.295001140000000106e-01,3.291665976960105738e-03
3.295190566000000265e-01,3.291642173878131950e-03
3.295506250999999942e-01,3.291602502777582397e-03
3.295632517000000039e-01,3.291586634674608432e-03
3.296453126000000178e-01,3.291483495776586447e-03
3.296642468000000048e-01,3.291459695163231718e-03
3.296705580000000024e-01,3.291451762172279642e-03
3.296894906999999764e-01,3.291427962116948592e-03
3.297021119999999916e-01,3.291412095824480799e-03
3.297462825999999958e-01,3.291356564764258853e-03
3.298219897999999928e-01,3.291261373398763051e-03
3.298535293000000035e-01,3.291221711921670044e-03
3.298976795999999934e-01,3.291166187418314258e-03
3.299039863000000072e-01,3.291158255487763949e-03
3.299481297999999896e-01,3.291102733570795864e-03
3.299733521000000058e-01,3.291071007641517641e-03
3.300048770999999825e-01,3.291031351189517389e-03
3.300427032000000094e-01,3.290983764754327502e-03
3.300490072000000219e-01,3.290975833822732018e-03
3.300742217000000034e-01,3.290944110351676655e-03
3.300994342999999942e-01,3.290912387331401765e-03
3.301057371000000185e-01,3.290904456580464287e-03
3.301246448999999861e-01,3.290880665409372935e-03
3.301435516999999820e-01,3.290856873820607875e-03
3.302506693999999743e-01,3.290722064116001402e-03
3.302569693999999889e-01,3.290714134600475869e-03
3.302695688999999768e-01,3.290698275328146887e-03
3.302947666000000115e-01,3.290666557619368032e-03
3.303073646999999946e-01,3.290650699006517164e-03
3.303262610000000099e-01,3.290626911130085496e-03
3.303514543000000137e-01,3.290595194848252442e-03
3.304018353000000019e-01,3.290531763954990599e-03
3.304081322999999903e-01,3.290523835365460024e-03
3.304270228999999781e-01,3.290500049483449044e-03
3.304459122999999776e-01,3.290476264202267347e-03
3.304585045999999804e-01,3.290460407717331510e-03
3.304710965000000056e-01,3.290444551215597480e-03
3.304773923000000058e-01,3.290436622734218240e-03
3.304962787999999874e-01,3.290412838364142369e-03
3.305025741000000017e-01,3.290404910363320997e-03
3.305277540000000069e-01,3.290373198615485686e-03
3.305718141999999804e-01,3.290317704185439195e-03
3.305781080999999899e-01,3.290309776298563135e-03
3.306284545000000019e-01,3.290246357367436567e-03
3.306473323999999936e-01,3.290222575881238294e-03
3.306725012999999769e-01,3.290190867796027440e-03
3.306976682000000167e-01,3.290159160066395867e-03
3.307039596999999942e-01,3.290151233085754964e-03
3.307102510000000106e-01,3.290143306656626021e-03
3.307794477000000066e-01,3.290056115262351717e-03
3.308046064999999869e-01,3.290024410188765666e-03
3.308549183999999754e-01,3.289961002481267462e-03
3.308737834000000100e-01,3.289937225550226656e-03
3.308800714999999837e-01,3.289929299419547346e-03
3.309303719000000199e-01,3.289865895875319999e-03
3.309555193000000006e-01,3.289834195073687833e-03
3.309743786000000076e-01,3.289810419415066262e-03
3.309806646999999824e-01,3.289802494573524586e-03
3.310058082999999818e-01,3.289770795008254561e-03
3.310120939000000262e-01,3.289762869993119974e-03
3.310309498999999822e-01,3.289739095782361934e-03
3.310623742000000092e-01,3.289699472760947239e-03
3.311000794999999775e-01,3.289651926928940928e-03
3.311566294000000132e-01,3.289580610333883541e-03
3.311629120999999842e-01,3.289572686367709786e-03
3.311817595000000058e-01,3.289548915055286096e-03
3.312068878000000161e-01,3.289517220588459873e-03
3.312131696000000236e-01,3.289509297267632741e-03
3.312320141999999801e-01,3.289485526678965609e-03
3.312634193999999810e-01,3.289445910271284346e-03
3.313073818000000226e-01,3.289390448649532565e-03
3.313136616999999839e-01,3.289382525833906782e-03
3.313513383000000201e-01,3.289334989402383901e-03
3.313764537000000177e-01,3.289303299455019307e-03
3.314078453000000035e-01,3.289263687310421420e-03
3.314580657000000263e-01,3.289200310333371350e-03
3.314831730000000198e-01,3.289168623016897487e-03
3.315020021999999789e-01,3.289144857922443512e-03
3.315333818999999793e-01,3.289105250104313195e-03
3.315584835000000008e-01,3.289073564175865744e-03
3.315773085000000009e-01,3.289049800540052703e-03
3.316149552000000056e-01,3.289002274216851554e-03
3.316651440999999756e-01,3.288938907915641471e-03
3.316839630000000261e-01,3.288915146332596975e-03
3.317027808999999938e-01,3.288891384855191068e-03
3.317090533000000008e-01,3.288883464419920313e-03
3.317153254999999912e-01,3.288875543937189692e-03
3.317592280000000171e-01,3.288820102726749441e-03
3.317654992999999886e-01,3.288812182986889862e-03
3.317780416000000177e-01,3.288796342954072773e-03
3.318156655000000232e-01,3.288748824042756098e-03
3.318783625999999765e-01,3.288669629514169232e-03
3.318846315999999796e-01,3.288661710501772015e-03
3.319661186000000264e-01,3.288558763556068219e-03
3.319849203999999943e-01,3.288535007830166619e-03
3.320099879000000254e-01,3.288503333710933365e-03
3.320601170999999963e-01,3.288439987943447308e-03
3.320663828000000040e-01,3.288432069766534550e-03
3.320789136999999780e-01,3.288416233616918080e-03
3.320851788999999998e-01,3.288408315542362681e-03
3.321039740000000240e-01,3.288384561745597619e-03
3.321165034999999932e-01,3.288368726388401098e-03
3.321352967999999795e-01,3.288344973288546882e-03
3.321540890999999940e-01,3.288321220552368335e-03
3.321603529000000110e-01,3.288313302991058198e-03
3.322167222999999892e-01,3.288242047477207310e-03
3.322355099000000034e-01,3.288218296448695756e-03
3.322542964999999904e-01,3.288194545655196300e-03
3.322856052000000004e-01,3.288154961838922041e-03
3.323607337999999745e-01,3.288059964862060335e-03
3.323669938000000101e-01,3.288052048655885386e-03
3.323795133999999929e-01,3.288036216163310599e-03
3.324358454999999934e-01,3.287964973443002412e-03
3.324608789999999869e-01,3.287933311165917513e-03
3.324796528000000251e-01,3.287909564538086735e-03
3.325046830000000231e-01,3.287877903393417612e-03
3.325109401999999936e-01,3.287869988175888460e-03
3.325171974000000197e-01,3.287862072732272798e-03
3.325359681000000234e-01,3.287838327604776165e-03
3.325609939999999987e-01,3.287806667576726859e-03
3.325672501999999975e-01,3.287798752533158814e-03
3.326110401999999855e-01,3.287743349514035424e-03
3.326673331000000178e-01,3.287672120111900190e-03
3.326798414000000093e-01,3.287656291388663110e-03
3.326860952999999843e-01,3.287648377575110720e-03
3.327361227000000254e-01,3.287585065867701471e-03
3.327798905000000085e-01,3.287529670082233596e-03
3.327861424999999929e-01,3.287521756685615922e-03
3.328174011000000210e-01,3.287482190302662075e-03
3.328549076000000273e-01,3.287434711378070269e-03
3.328674087999999864e-01,3.287418885306495932e-03
3.329049096000000207e-01,3.287371408356774480e-03
3.329111592999999814e-01,3.287363495876298967e-03
3.329549039999999960e-01,3.287308107907200606e-03
3.329611527999999931e-01,3.287300195372485061e-03
3.329798984999999822e-01,3.287276458992954755e-03
3.329861467999999936e-01,3.287268546580979136e-03
3.330173866000000205e-01,3.287228986189040265e-03
3.330548704999999887e-01,3.287181514834035343e-03
3.330673641999999934e-01,3.287165691616708227e-03
3.331110883999999772e-01,3.287110310854503802e-03
3.331360710999999863e-01,3.287078665979497813e-03
3.331672969000000206e-01,3.287039110231462693e-03
3.332110079999999752e-01,3.286983733679472910e-03
3.332359831999999744e-01,3.286952091281553599e-03
3.332609565999999912e-01,3.286920449286573256e-03
3.332671996000000081e-01,3.286912538873862106e-03
3.332796854000000253e-01,3.286896717961652458e-03
3.332859281000000173e-01,3.286888807662000176e-03
3.333358653999999865e-01,3.286825526885522354e-03
3.333545900000000062e-01,3.286801797486423038e-03
3.333608311999999851e-01,3.286793887637490079e-03
3.334107573999999796e-01,3.286730610947506855e-03
3.334169975999999869e-01,3.286722701041358812e-03
3.334357176000000145e-01,3.286698973005836716e-03
3.334606760000000114e-01,3.286667336015609495e-03
3.334856325000000177e-01,3.286635700034499109e-03
3.335043487000000084e-01,3.286611973446183516e-03
3.335105870999999778e-01,3.286604064494975594e-03
3.335604907999999980e-01,3.286540795217701271e-03
3.335667283000000038e-01,3.286532886648145524e-03
3.335854399000000026e-01,3.286509161332284729e-03
3.336789821999999739e-01,3.286390540978364680e-03
3.337163917000000035e-01,3.286343095265250279e-03
3.337350949999999816e-01,3.286319372704795631e-03
3.337662646999999816e-01,3.286279836248523576e-03
3.337849650999999973e-01,3.286256115080083470e-03
3.338098972999999914e-01,3.286224486829130310e-03
3.338784515000000064e-01,3.286137513294565878e-03
3.339033766999999764e-01,3.286105887823098561e-03
3.339096078000000078e-01,3.286097981519982888e-03
3.339158387000000228e-01,3.286090075687821653e-03
3.339594517999999734e-01,3.286034732756400872e-03
3.339656818000000249e-01,3.286026827079398943e-03
3.339781413999999837e-01,3.286011015146006985e-03
3.340342038999999930e-01,3.285939864528659472e-03
3.340778016000000017e-01,3.285884527182826673e-03
3.340840293999999822e-01,3.285876622158795477e-03
3.341089393000000185e-01,3.285845001698060007e-03
3.341587536999999775e-01,3.285781762878144541e-03
3.341649798999999921e-01,3.285773858519578858e-03
3.341774321000000048e-01,3.285758049368254878e-03
3.342147858999999777e-01,3.285710622489616123e-03
3.342583599999999766e-01,3.285655293442624105e-03
3.342770328999999929e-01,3.285631581711705943e-03
3.343019284000000035e-01,3.285599966335087628e-03
3.343143754999999828e-01,3.285584159120891190e-03
3.343330453000000202e-01,3.285560447870521355e-03
3.343828261999999829e-01,3.285497221044994011e-03
3.344139354999999814e-01,3.285457705188901938e-03
3.344574837000000023e-01,3.285402385322246967e-03
3.344637044000000059e-01,3.285394482640316242e-03
3.345010261999999956e-01,3.285347066780953257e-03
3.345134658999999733e-01,3.285331261988372678e-03
3.345321245000000276e-01,3.285307555315005682e-03
3.345507820999999993e-01,3.285283848647888895e-03
3.345570010999999733e-01,3.285275946445702453e-03
3.345756572999999956e-01,3.285252240221310082e-03
3.345818757999999837e-01,3.285244337946930087e-03
3.346067487000000118e-01,3.285212730746574824e-03
3.346502717000000016e-01,3.285157419259359789e-03
3.346627059000000237e-01,3.285141615961018405e-03
3.347000055000000085e-01,3.285094208340740181e-03
3.347062216999999729e-01,3.285086307463361624e-03
3.347621621999999908e-01,3.285015198441739240e-03
3.347745921999999985e-01,3.284999397218832731e-03
3.348056650999999828e-01,3.284959893859893277e-03
3.348118793000000037e-01,3.284951993328020896e-03
3.348305214000000252e-01,3.284928292151484755e-03
3.348491623000000028e-01,3.284904591019322841e-03
3.348553758000000213e-01,3.284896691111388427e-03
3.348740152999999942e-01,3.284872990681251322e-03
3.349050789999999944e-01,3.284833490910904399e-03
3.349112913999999774e-01,3.284825590855845051e-03
3.349485633000000018e-01,3.284778192709196607e-03
3.349609863999999937e-01,3.284762393467392880e-03
3.349796200999999862e-01,3.284738695135211266e-03
3.350044634000000077e-01,3.284707098147896052e-03
3.350293048999999912e-01,3.284675501539493017e-03
3.350541445999999923e-01,3.284643905420079040e-03
3.350789824000000028e-01,3.284612309791765279e-03
3.350976095000000043e-01,3.284588613650409744e-03
3.351286525000000127e-01,3.284549121279228736e-03
3.351534847000000039e-01,3.284517527561087950e-03
3.351721078000000076e-01,3.284493833207361053e-03
3.352527954999999782e-01,3.284391160505265982e-03
3.352590013999999785e-01,3.284383262874271923e-03
3.353024398000000184e-01,3.284327980915438365e-03
3.353582809000000275e-01,3.284256906382026445e-03
3.353706887999999831e-01,3.284241112548691964e-03
3.354451264000000155e-01,3.284146352889698306e-03
3.354699352000000134e-01,3.284114767739035844e-03
3.354761372000000241e-01,3.284106871303589352e-03
3.355071451000000149e-01,3.284067390830376632e-03
3.355257483999999901e-01,3.284043703060670390e-03
3.355753524000000265e-01,3.283980537020143343e-03
3.356001516000000073e-01,3.283948955332720559e-03
3.356497446000000218e-01,3.283885793330639305e-03
3.356559431999999732e-01,3.283877898006425013e-03
3.356745382999999916e-01,3.283854213491648084e-03
3.356931323999999828e-01,3.283830528785901953e-03
3.357241202999999841e-01,3.283791055242189175e-03
3.357427116000000211e-01,3.283767371472658559e-03
3.357674984999999834e-01,3.283735793989832081e-03
3.358046753000000217e-01,3.283688428664624081e-03
3.358232621999999723e-01,3.283664746429677123e-03
3.358542380999999799e-01,3.283625277075607769e-03
3.358728221999999763e-01,3.283601595993604436e-03
3.358914053000000011e-01,3.283577915074092218e-03
3.359471485000000146e-01,3.283506875380543932e-03
3.359657274999999776e-01,3.283483195804183866e-03
3.360028824999999886e-01,3.283435838322084407e-03
3.360400332999999851e-01,3.283388481969710167e-03
3.360895613000000060e-01,3.283325342789019524e-03
3.360957518000000088e-01,3.283317450501155050e-03
3.361019422000000034e-01,3.283309558529723220e-03
3.361205125999999765e-01,3.283285881914785494e-03
3.361390819999999779e-01,3.283262206273045419e-03
3.361514610999999930e-01,3.283246421974920799e-03
3.361700288000000203e-01,3.283222746694233925e-03
3.361947840999999770e-01,3.283191180122308536e-03
3.362442894000000071e-01,3.283128048657513957e-03
3.362628520000000010e-01,3.283104375065110710e-03
3.362690393000000166e-01,3.283096484151812929e-03
3.363432780000000233e-01,3.283001793841367009e-03
3.363989463000000013e-01,3.282930780107700102e-03
3.364175003000000053e-01,3.282907109306599201e-03
3.364360532999999820e-01,3.282883438995331301e-03
3.364669727999999860e-01,3.282843989380869899e-03
3.365411677999999851e-01,3.282749314556958342e-03
3.365597140000000098e-01,3.282725646599277385e-03
3.365906221000000142e-01,3.282686200855441591e-03
3.365968033999999776e-01,3.282678312186322611e-03
3.366153465000000233e-01,3.282654645134336011e-03
3.366400690999999945e-01,3.282623089847737895e-03
3.366462494999999944e-01,3.282615201387876439e-03
3.366895088999999897e-01,3.282559981867739889e-03
3.366956883000000178e-01,3.282552093107192308e-03
3.367142260000000054e-01,3.282528428417509202e-03
3.367451199000000006e-01,3.282488987680085794e-03
3.367574765999999942e-01,3.282473211788864385e-03
3.367636548999999868e-01,3.282465323801709873e-03
3.367883665999999998e-01,3.282433772457694996e-03
3.368130764999999749e-01,3.282402221894258412e-03
3.368439612999999944e-01,3.282362784201355368e-03
3.368563144000000231e-01,3.282347009758117620e-03
3.368933711000000053e-01,3.282299686600665886e-03
3.369118978999999792e-01,3.282276025237850642e-03
3.369365986999999785e-01,3.282244478043685933e-03
3.369859949999999826e-01,3.282181384805891045e-03
3.369921690000000081e-01,3.282173498416785917e-03
3.370106903999999792e-01,3.282149838984458994e-03
3.370292107000000259e-01,3.282126180680682882e-03
3.370353839999999934e-01,3.282118294131075500e-03
3.370415570999999999e-01,3.282110408337753776e-03
3.370785934000000150e-01,3.282063091877381565e-03
3.370909378999999984e-01,3.282047320638488159e-03
3.371526537999999795e-01,3.281968464451358574e-03
3.372081885000000057e-01,3.281897497358523055e-03
3.372328675999999859e-01,3.281865957549803901e-03
3.372513757999999751e-01,3.281842302880004589e-03
3.372575448999999836e-01,3.281834418533728474e-03
3.372822203999999990e-01,3.281802879999698441e-03
3.372883890000000218e-01,3.281794995071421733e-03
3.373253982000000151e-01,3.281747688596929266e-03
3.373377336999999754e-01,3.281731920540861391e-03
3.373809044000000146e-01,3.281676731940280384e-03
3.374302356000000169e-01,3.281613661690494128e-03
3.374364014999999828e-01,3.281605777799206491e-03
3.374487330000000007e-01,3.281590011121040748e-03
3.374548984999999890e-01,3.281582127451779067e-03
3.374795595999999787e-01,3.281550594282637689e-03
3.375350403999999860e-01,3.281479645904569753e-03
3.375473682999999836e-01,3.281463880167629840e-03
3.375781858999999940e-01,3.281424466351928228e-03
3.375843491000000141e-01,3.281416583516784478e-03
3.376028380000000162e-01,3.281392936066751618e-03
3.376336504999999932e-01,3.281353524402104080e-03
3.376459748000000261e-01,3.281337759346293365e-03
3.376521366999999940e-01,3.281329877543360824e-03
3.376706219000000231e-01,3.281306231079139657e-03
3.377260712999999859e-01,3.281235293891775467e-03
3.377322318000000045e-01,3.281227412435583791e-03
3.377815116999999812e-01,3.281164360249319567e-03
3.377999897999999779e-01,3.281140716640699138e-03
3.378184669000000029e-01,3.281117072873302506e-03
3.378246256999999919e-01,3.281109192053778632e-03
3.378431014000000121e-01,3.281085548738112666e-03
3.378985225000000203e-01,3.281014622135300807e-03
3.379231511999999937e-01,3.280983099869848405e-03
3.379293080999999921e-01,3.280975219841982937e-03
3.379724033000000016e-01,3.280920058076583143e-03
3.379785592999999810e-01,3.280912177788689130e-03
3.380216481000000162e-01,3.280857018079725955e-03
3.380278031999999766e-01,3.280849138635594069e-03
3.380401130999999837e-01,3.280833379061619693e-03
3.380647313999999848e-01,3.280801860861365556e-03
3.380955018999999839e-01,3.280762463894844414e-03
3.381139628000000008e-01,3.280738826078226280e-03
3.381385758000000075e-01,3.280707309202397521e-03
3.381693396000000074e-01,3.280667915049752248e-03
3.382247071999999743e-01,3.280597006808792359e-03
3.383169665999999909e-01,3.280478834078991070e-03
3.383231163000000041e-01,3.280470956173102675e-03
3.383354154000000058e-01,3.280455200488204860e-03
3.383415647999999942e-01,3.280447322691163858e-03
3.383723101000000177e-01,3.280407935076322737e-03
3.384153488000000154e-01,3.280352793118246259e-03
3.384645291999999750e-01,3.280289776334514070e-03
3.384706761999999869e-01,3.280281899577248538e-03
3.385075560999999955e-01,3.280234639025774931e-03
3.385198484999999979e-01,3.280218885572508229e-03
3.385321405000000228e-01,3.280203132565141354e-03
3.385382862999999909e-01,3.280195256082345939e-03
3.385874488000000238e-01,3.280132246050579056e-03
3.386304601999999830e-01,3.280077114115281193e-03
3.386366042000000243e-01,3.280069238083195126e-03
3.386550355999999873e-01,3.280045610706718798e-03
3.386673226999999953e-01,3.280029859377690381e-03
3.386857524999999924e-01,3.280006232793436678e-03
3.387287513000000194e-01,3.279951105488596724e-03
3.387656030999999790e-01,3.279903854368966878e-03
3.387840274999999735e-01,3.279880230147797730e-03
3.388085919000000112e-01,3.279848730817687321e-03
3.388147327000000097e-01,3.279840856119193345e-03
3.388515751000000242e-01,3.279793609070412192e-03
3.388577152000000203e-01,3.279785734475314241e-03
3.389129704000000132e-01,3.279714866511906045e-03
3.389313867000000036e-01,3.279691244661857991e-03
3.389804921999999832e-01,3.279628254579584987e-03
3.390050423000000035e-01,3.279596760307637669e-03
3.390234536999999770e-01,3.279573140480049071e-03
3.390541370999999859e-01,3.279533774381536166e-03
3.391093602999999956e-01,3.279462917875650401e-03
3.391277659999999972e-01,3.279439299900667546e-03
3.392259130999999983e-01,3.279313342515673222e-03
3.392443124999999782e-01,3.279289727242451925e-03
3.392565781999999919e-01,3.279273983479846690e-03
3.393056366000000157e-01,3.279211010124056299e-03
3.393179001000000139e-01,3.279195267322206845e-03
3.393485568999999868e-01,3.279155910428808041e-03
3.393546879000000072e-01,3.279148039473299154e-03
3.393730803000000185e-01,3.279124426292986168e-03
3.393914718000000108e-01,3.279100813293112614e-03
3.394037321999999746e-01,3.279085071552615121e-03
3.394159921000000080e-01,3.279069329767178749e-03
3.394221218999999845e-01,3.279061459154351040e-03
3.394405106999999755e-01,3.279037847235341616e-03
3.394466400999999744e-01,3.279029976233662196e-03
3.394711563999999737e-01,3.278998494348468393e-03
3.394956709999999989e-01,3.278967012891775574e-03
3.395140557999999920e-01,3.278943402625930301e-03
3.395201837999999861e-01,3.278935532421491193e-03
3.395692041999999744e-01,3.278872573219014305e-03
3.395875850000000251e-01,3.278848963600308492e-03
3.396120911000000131e-01,3.278817485418386319e-03
3.396672236000000122e-01,3.278746661673077791e-03
3.396855991000000130e-01,3.278723054329278370e-03
3.397162227000000145e-01,3.278683709572492895e-03
3.397407196000000185e-01,3.278652234972828042e-03
3.397958312000000092e-01,3.278581418386424928e-03
3.398141996999999859e-01,3.278557813484374566e-03
3.398325672999999991e-01,3.278534209493719296e-03
3.398448117000000268e-01,3.278518473404424833e-03
3.398631776000000104e-01,3.278494869113304181e-03
3.399121485000000109e-01,3.278431927731178825e-03
3.399427516999999899e-01,3.278392590322080479e-03
3.399611122999999790e-01,3.278368988562957876e-03
3.400100690000000259e-01,3.278306052036275391e-03
3.400345448000000048e-01,3.278274584420687917e-03
3.400773730000000161e-01,3.278219517986323724e-03
3.400834909000000073e-01,3.278211651399303046e-03
3.400896086999999901e-01,3.278203785231988306e-03
3.401018438999999782e-01,3.278188052728796178e-03
3.401324300999999939e-01,3.278148721625085901e-03
3.401385470000000133e-01,3.278140855100580321e-03
3.401813620999999954e-01,3.278085793761218239e-03
3.401997098999999802e-01,3.278062196525364548e-03
3.402302871999999812e-01,3.278022868474086710e-03
3.402853195000000164e-01,3.277952080535765332e-03
3.402975476000000277e-01,3.277936350179149090e-03
3.403036615999999737e-01,3.277928485243214365e-03
3.403281161999999749e-01,3.277897025464033328e-03
3.403831326000000268e-01,3.277826243484746865e-03
3.403953572999999788e-01,3.277810514778560416e-03
3.404014694999999979e-01,3.277802650266820224e-03
3.404198052999999891e-01,3.277779056965053964e-03
3.404320287000000000e-01,3.277763328751573651e-03
3.404686961000000234e-01,3.277716144136763252e-03
3.404748069999999904e-01,3.277708280670335334e-03
3.405236897999999734e-01,3.277645370596193094e-03
3.405297997000000243e-01,3.277637506670605556e-03
3.405481285999999996e-01,3.277613916502008801e-03
3.405970010000000103e-01,3.277551010126551582e-03
3.406153263000000209e-01,3.277527421123123050e-03
3.406214344999999866e-01,3.277519557998226623e-03
3.406275425999999995e-01,3.277511695348667847e-03
3.406702964000000167e-01,3.277456656116358932e-03
3.406764036000000107e-01,3.277448793234134707e-03
3.406947247000000067e-01,3.277425205887752203e-03
3.407252575999999977e-01,3.277385893716222402e-03
3.407435759999999925e-01,3.277362307280361556e-03
3.407618934000000155e-01,3.277338720857458660e-03
3.407679989999999881e-01,3.277330858752474253e-03
3.407863151000000146e-01,3.277307272721963205e-03
3.408229443999999941e-01,3.277260102382394819e-03
3.408412576000000027e-01,3.277236517810003854e-03
3.408595697999999841e-01,3.277212933114473110e-03
3.408900879000000272e-01,3.277173626670283786e-03
3.409572182000000229e-01,3.277087155736639872e-03
3.409694222999999913e-01,3.277071434471827329e-03
3.409877276000000124e-01,3.277047852329203689e-03
3.410182341999999922e-01,3.277008549883920607e-03
3.410609390000000074e-01,3.276953528572331287e-03
3.410670391999999773e-01,3.276945668439529714e-03
3.410792394000000116e-01,3.276929948177425504e-03
3.411097377999999791e-01,3.276890648609710396e-03
3.411646281999999863e-01,3.276819912364954245e-03
3.412012168999999928e-01,3.276772756309344423e-03
3.412073145999999779e-01,3.276764897143278222e-03
3.412317045000000104e-01,3.276733460854932330e-03
3.412560926000000050e-01,3.276702025400225152e-03
3.412743824999999731e-01,3.276678448978366520e-03
3.412804789000000172e-01,3.276670590562353116e-03
3.413109594000000024e-01,3.276631297528001269e-03
3.413292464000000082e-01,3.276607722526616185e-03
3.413536274999999787e-01,3.276576289274848661e-03
3.413719122000000161e-01,3.276552714708659293e-03
3.413962903000000160e-01,3.276521282907967139e-03
3.414023844999999890e-01,3.276513424908986463e-03
3.414084787000000176e-01,3.276505566996425374e-03
3.414267603999999734e-01,3.276481993760206862e-03
3.414572277999999850e-01,3.276442705368303766e-03
3.415059701000000003e-01,3.276379846373995031e-03
3.415486138000000116e-01,3.276324847128532416e-03
3.415729793000000236e-01,3.276293419855973339e-03
3.415912521999999729e-01,3.276269849650842361e-03
3.416399753000000095e-01,3.276206997366103591e-03
3.416643342999999833e-01,3.276175572810232067e-03
3.416947805000000171e-01,3.276136292243772390e-03
3.417008693999999958e-01,3.276128436536422141e-03
3.417374007000000269e-01,3.276081301137393365e-03
3.417495769000000183e-01,3.276065590232440060e-03
3.417678404000000225e-01,3.276042023104148212e-03
3.417861028999999995e-01,3.276018456971309216e-03
3.418408847000000139e-01,3.275947759974680382e-03
3.418652293000000175e-01,3.275916340334442296e-03
3.418895721999999915e-01,3.275884920866586718e-03
3.418956577000000219e-01,3.275877066457614107e-03
3.419139133999999913e-01,3.275853502571936336e-03
3.419382528000000088e-01,3.275822084436052616e-03
3.419565062000000100e-01,3.275798521693050643e-03
3.420112606999999860e-01,3.275727834540986209e-03
3.420416760000000167e-01,3.275688565993106240e-03
3.420842530000000048e-01,3.275633590730987581e-03
3.421085803000000203e-01,3.275602177118488133e-03
3.421389870000000055e-01,3.275562911227240023e-03
3.421511488999999795e-01,3.275547205170348340e-03
3.421754713999999864e-01,3.275515793137714470e-03
3.422301908000000004e-01,3.275445119297525076e-03
3.423031363999999854e-01,3.275350892016487808e-03
3.423335258999999908e-01,3.275311632444365476e-03
3.423760665000000203e-01,3.275256670787644875e-03
3.423821432999999970e-01,3.275248819240062208e-03
3.424307537999999873e-01,3.275186008557209871e-03
3.424429053999999972e-01,3.275170306316256639e-03
3.424489809999999856e-01,3.275162455386749875e-03
3.424793575000000256e-01,3.275123200261171805e-03
3.425158057000000089e-01,3.275076095948235063e-03
3.425218800000000008e-01,3.275068244969862440e-03
3.425461761999999966e-01,3.275036842971123727e-03
3.425704707000000182e-01,3.275005441735628648e-03
3.425947635000000102e-01,3.274974040757183593e-03
3.426433439000000081e-01,3.274911241290830340e-03
3.427101305999999958e-01,3.274824895961165466e-03
3.427162014999999839e-01,3.274817046374501640e-03
3.427344135000000014e-01,3.274793498797803643e-03
3.427404840000000119e-01,3.274785649033943886e-03
3.427586946999999773e-01,3.274762102213354172e-03
3.427647647000000020e-01,3.274754253233522639e-03
3.428072517999999902e-01,3.274699310828865090e-03
3.428618702999999823e-01,3.274628673863677446e-03
3.428679385000000246e-01,3.274620825486731276e-03
3.429286145000000063e-01,3.274542344015317612e-03
3.429528819000000062e-01,3.274510952327083953e-03
3.429589485000000271e-01,3.274503104698468434e-03
3.429832138000000197e-01,3.274471714204779671e-03
3.430074772999999744e-01,3.274440324311799193e-03
3.430256737999999861e-01,3.274416781816493968e-03
3.430317391000000105e-01,3.274408934537770006e-03
3.430802575999999937e-01,3.274346157750206154e-03
3.430984503000000241e-01,3.274322617104536391e-03
3.431045142999999964e-01,3.274314770430754740e-03
3.431530225000000156e-01,3.274251996801387683e-03
3.431590855000000162e-01,3.274244150319156367e-03
3.431954615000000208e-01,3.274197072611825798e-03
3.432015238000000190e-01,3.274189226402329442e-03
3.432075860000000089e-01,3.274181380360697505e-03
3.432257718999999763e-01,3.274157842044258301e-03
3.432560795999999859e-01,3.274118612743440095e-03
3.433045664000000108e-01,3.274055847288293020e-03
3.433166870000000093e-01,3.274040156396906039e-03
3.433409270000000180e-01,3.274008775101321794e-03
3.433530463000000199e-01,3.273993084599075357e-03
3.433712245000000163e-01,3.273969549270710783e-03
3.434136366000000162e-01,3.273914634827857981e-03
3.434439276999999846e-01,3.273875411423831077e-03
3.434499856000000073e-01,3.273867566598293640e-03
3.434681587000000258e-01,3.273844033080899277e-03
3.434984449999999856e-01,3.273804811416162509e-03
3.435347851000000174e-01,3.273757746976957688e-03
3.435832325000000020e-01,3.273694996638815916e-03
3.435953433000000223e-01,3.273679309004102946e-03
3.436074537000000095e-01,3.273663621745737367e-03
3.436135087000000143e-01,3.273655778475550397e-03
3.436619450000000242e-01,3.273593031988065397e-03
3.437345867000000110e-01,3.273498917056734056e-03
3.437406395000000003e-01,3.273491073816970232e-03
3.437587972000000214e-01,3.273467546313173042e-03
3.438314183999999774e-01,3.273373438887111544e-03
3.438798241000000089e-01,3.273310703727525667e-03
3.438858743000000051e-01,3.273302862088351296e-03
3.438979743999999727e-01,3.273287178557630211e-03
3.439040242999999997e-01,3.273279336931708694e-03
3.439342722000000019e-01,3.273240129371517582e-03
3.439524197000000116e-01,3.273216605461177521e-03
3.439705663000000024e-01,3.273193081935796452e-03
3.439766148999999773e-01,3.273185240738043286e-03
3.439947601000000188e-01,3.273161717441125298e-03
3.440310476999999811e-01,3.273114672308146799e-03
3.440491901000000130e-01,3.273091150258199220e-03
3.440733785000000267e-01,3.273059788113616073e-03
3.440794253000000191e-01,3.273051947604734609e-03
3.440975651000000024e-01,3.273028426462936454e-03
3.441157040000000222e-01,3.273004905956569243e-03
3.441701147999999821e-01,3.272934345585052241e-03
3.442426492999999810e-01,3.272840270183422894e-03
3.442607804999999743e-01,3.272816752330320877e-03
3.442849539999999764e-01,3.272785395298059320e-03
3.443393381000000031e-01,3.272714845340204872e-03
3.443574642000000186e-01,3.272691329240933009e-03
3.443695478000000088e-01,3.272675651974479676e-03
3.444118368999999902e-01,3.272620783222360621e-03
3.444601609999999869e-01,3.272558078684870315e-03
3.444662010000000274e-01,3.272550240594523409e-03
3.444782806999999725e-01,3.272534564815805357e-03
3.444843203999999881e-01,3.272526727144086690e-03
3.445084782000000234e-01,3.272495376262873554e-03
3.445145173999999977e-01,3.272487538363252121e-03
3.445628271000000242e-01,3.272424838878791858e-03
3.446050923999999793e-01,3.272369978738358821e-03
3.446292417999999858e-01,3.272338631110734489e-03
3.446714989999999923e-01,3.272283774506766843e-03
3.446775353000000042e-01,3.272275937574634953e-03
3.447499629999999926e-01,3.272181902182605406e-03
3.447559978999999997e-01,3.272174066504381952e-03
3.447680674999999972e-01,3.272158394130151530e-03
3.447741020999999795e-01,3.272150558329192920e-03
3.448042736999999969e-01,3.272111379362472715e-03
3.448223753999999919e-01,3.272087872109971825e-03
3.448465095000000091e-01,3.272056530516639482e-03
3.448646089999999886e-01,3.272033024365659376e-03
3.448887400999999797e-01,3.272001683280332130e-03
3.448947727000000185e-01,3.271993848238982476e-03
3.449008050999999853e-01,3.271986013459437289e-03
3.449430290000000121e-01,3.271931168583204312e-03
3.449490606000000237e-01,3.271923333919995319e-03
3.449671547000000005e-01,3.271899830074964047e-03
3.449912787000000147e-01,3.271868491344684382e-03
3.450455513999999835e-01,3.271797982853098721e-03
3.450817285000000179e-01,3.271750978772978383e-03
3.450937867000000159e-01,3.271735311245525454e-03
3.451118731999999745e-01,3.271711809579254393e-03
3.451299588000000251e-01,3.271688309248788062e-03
3.451359870999999857e-01,3.271680475492152497e-03
3.451540713999999843e-01,3.271656974848619753e-03
3.451600992000000145e-01,3.271649141365357526e-03
3.452384521999999900e-01,3.271547311384503769e-03
3.452565310999999859e-01,3.271523812707056306e-03
3.452746090000000101e-01,3.271500314399555537e-03
3.452806347999999859e-01,3.271492482004404248e-03
3.453288373000000244e-01,3.271429822429796318e-03
3.453469114000000117e-01,3.271406325922437183e-03
3.453529359999999993e-01,3.271398494137640108e-03
3.453770330000000000e-01,3.271367165772649799e-03
3.454011283000000265e-01,3.271335838396877312e-03
3.454252219999999762e-01,3.271304511313654663e-03
3.454794265999999725e-01,3.271234028477885015e-03
3.454974928999999806e-01,3.271210534595649956e-03
3.455396439000000264e-01,3.271155717309317829e-03
3.455697486000000040e-01,3.271116563111703662e-03
3.456179106999999751e-01,3.271053919081553379e-03
3.456359697999999980e-01,3.271030428387638155e-03
3.456600470999999786e-01,3.270999107429924894e-03
3.456720851000000261e-01,3.270983447013249210e-03
3.456901412999999756e-01,3.270959957179200416e-03
3.457623568000000036e-01,3.270866001297906972e-03
3.457683740999999977e-01,3.270858171979775224e-03
3.458044755999999942e-01,3.270811196388564469e-03
3.458165086000000166e-01,3.270795538026579838e-03
3.458345573000000117e-01,3.270772050839108446e-03
3.458526049999999796e-01,3.270748564447928906e-03
3.458586207000000079e-01,3.270740735598917561e-03
3.458646362999999724e-01,3.270732906916728935e-03
3.459067425999999834e-01,3.270678106629025441e-03
3.459308010000000100e-01,3.270646792862601411e-03
3.459608717000000055e-01,3.270607651556705752e-03
3.460029662999999922e-01,3.270552855434493127e-03
3.460210053000000174e-01,3.270529371990899339e-03
3.460570803999999945e-01,3.270482406673094842e-03
3.460751165000000018e-01,3.270458924177519627e-03
3.461051747000000178e-01,3.270419787923613177e-03
3.461232082999999848e-01,3.270396306647310476e-03
3.461472516999999915e-01,3.270364998326481809e-03
3.461893235999999874e-01,3.270310211130310514e-03
3.462013432000000113e-01,3.270294557569745561e-03
3.462373994999999871e-01,3.270247599109968231e-03
3.462674434999999939e-01,3.270208467941381966e-03
3.462854686999999876e-01,3.270184989734677659e-03
3.462914769000000059e-01,3.270177164255865833e-03
3.462974850000000160e-01,3.270169337728811784e-03
3.463395385999999965e-01,3.270114557479319398e-03
3.463815872000000073e-01,3.270059778864623477e-03
3.463936000999999765e-01,3.270044128064154062e-03
3.464056126000000235e-01,3.270028477572878723e-03
3.464116186999999791e-01,3.270020652645675135e-03
3.464596637999999840e-01,3.269958052340827745e-03
3.464836837999999974e-01,3.269926753433481659e-03
3.464896886000000120e-01,3.269918928661194948e-03
3.465016978000000081e-01,3.269903279541036805e-03
3.466217667000000002e-01,3.269746795197222330e-03
3.466277690999999828e-01,3.269738971639726908e-03
3.466337713000000043e-01,3.269731147976421160e-03
3.466697825999999760e-01,3.269684206280402614e-03
3.466757842000000034e-01,3.269676382940205593e-03
3.466997891999999970e-01,3.269645089424360555e-03
3.467777941999999891e-01,3.269543389740803187e-03
3.467897933999999904e-01,3.269527744559520745e-03
3.467957928000000023e-01,3.269519922192327954e-03
3.468137904999999965e-01,3.269496454398160799e-03
3.468257885000000096e-01,3.269480809071550597e-03
3.468437846999999907e-01,3.269457342195323645e-03
3.468677781000000238e-01,3.269426052848831837e-03
3.468857720999999894e-01,3.269402586764194336e-03
3.469157600000000174e-01,3.269363476765890179e-03
3.469217572000000138e-01,3.269355655044178886e-03
3.469397484000000254e-01,3.269332189425207084e-03
3.469577387000000179e-01,3.269308724201538865e-03
3.469877203000000243e-01,3.269269617031564292e-03
3.470057080999999766e-01,3.269246153301479541e-03
3.470656605999999922e-01,3.269167942120480928e-03
3.470776497999999988e-01,3.269152300577025938e-03
3.470836442999999938e-01,3.269144479991912839e-03
3.471076210999999856e-01,3.269113197178998963e-03
3.471495766000000094e-01,3.269058453540219737e-03
3.471555698000000079e-01,3.269050633580138782e-03
3.471615630000000063e-01,3.269042812740640194e-03
3.471735489000000174e-01,3.269027172775101821e-03
3.472095042000000187e-01,3.268980252173196710e-03
3.472574388999999928e-01,3.268917694181636309e-03
3.472754127000000079e-01,3.268894235274692577e-03
3.473233381999999980e-01,3.268831680613461677e-03
3.473892250000000237e-01,3.268745671686791240e-03
3.474012031000000000e-01,3.268730034396579841e-03
3.474191695000000135e-01,3.268706578291489910e-03
3.474371348999999998e-01,3.268683123098053544e-03
3.474431230999999731e-01,3.268675304198548261e-03
3.474610873000000266e-01,3.268651849523812429e-03
3.474910256000000031e-01,3.268612758233732044e-03
3.475149743000000013e-01,3.268581486665925878e-03
3.475868106000000179e-01,3.268487673881859210e-03
3.475927963000000065e-01,3.268479856453289280e-03
3.476346932000000112e-01,3.268425135235804042e-03
3.476406779999999808e-01,3.268417318196037251e-03
3.476526475000000227e-01,3.268401684275706182e-03
3.476586320000000230e-01,3.268393867268465022e-03
3.477065046999999742e-01,3.268331332457225132e-03
3.477304386000000247e-01,3.268300066239839159e-03
3.477483880000000194e-01,3.268276616704650101e-03
3.477543708999999983e-01,3.268268800281669446e-03
3.477783013999999895e-01,3.268237535233855726e-03
3.477842837999999825e-01,3.268229719036445501e-03
3.478022304000000231e-01,3.268206270963495193e-03
3.478321393000000095e-01,3.268167191171307290e-03
3.478500833000000014e-01,3.268143743817651832e-03
3.478740073000000099e-01,3.268112480884079185e-03
3.479158703999999935e-01,3.268057772656524692e-03
3.479278303000000183e-01,3.268042142479016081e-03
3.479637077000000134e-01,3.267995252078441989e-03
3.479696869000000192e-01,3.267987436693086615e-03
3.479756660000000168e-01,3.267979621685833305e-03
3.479936027000000154e-01,3.267956177041968571e-03
3.480175167999999819e-01,3.267924918433956234e-03
3.480713175999999853e-01,3.267854588600367389e-03
3.481191336000000192e-01,3.267792075172429311e-03
3.481310865999999726e-01,3.267776447797687400e-03
3.481370629000000161e-01,3.267768633653459886e-03
3.481609672000000044e-01,3.267737378471214597e-03
3.482087708000000115e-01,3.267674870621916066e-03
3.482147458000000029e-01,3.267667056858972532e-03
3.483043584000000137e-01,3.267549861084051953e-03
3.483222780999999935e-01,3.267526423553334530e-03
3.483461696999999857e-01,3.267495173204551864e-03
3.483521423000000006e-01,3.267487360821554835e-03
3.484058915000000090e-01,3.267417050451101954e-03
3.484238060000000026e-01,3.267393614046706658e-03
3.484536615000000115e-01,3.267354554824753940e-03
3.484954549000000013e-01,3.267299873614297641e-03
3.485014249999999758e-01,3.267292062388154304e-03
3.485133648000000028e-01,3.267276439209592688e-03
3.485193346000000081e-01,3.267268627979366246e-03
3.485372433000000214e-01,3.267245193963480045e-03
3.485849952999999779e-01,3.267182705665489569e-03
3.485909638999999949e-01,3.267174894680155341e-03
3.486088688999999796e-01,3.267151462150567637e-03
3.486387085000000052e-01,3.267112409109720460e-03
3.487103133000000188e-01,3.267018685131320172e-03
3.487282121999999984e-01,3.266995255452327229e-03
3.487997984999999801e-01,3.266901538672406600e-03
3.488057634000000240e-01,3.266893729324736335e-03
3.488296217999999893e-01,3.266862492076164689e-03
3.488355861999999918e-01,3.266854682805508340e-03
3.488534785999999888e-01,3.266831254947019213e-03
3.488713701999999750e-01,3.266807827922317987e-03
3.488832974000000142e-01,3.266792209795115007e-03
3.489250393000000172e-01,3.266737548229387261e-03
3.489310019999999901e-01,3.266729739704057455e-03
3.489488895999999785e-01,3.266706313806752582e-03
3.489787001999999916e-01,3.266667272086660936e-03
3.489965852999999951e-01,3.266643847108865756e-03
3.490204306999999950e-01,3.266612614619864019e-03
3.490442744999999736e-01,3.266581383064750665e-03
3.490740768999999744e-01,3.266542343552076427e-03
3.490859970999999895e-01,3.266526728269304736e-03
3.490919571000000166e-01,3.266518920920056732e-03
3.491217555000000194e-01,3.266479883677871846e-03
3.491634688999999958e-01,3.266425233193107503e-03
3.491813444999999905e-01,3.266401811906598316e-03
3.492111352999999752e-01,3.266362777598755002e-03
3.492170930999999867e-01,3.266354970638401644e-03
3.492528380000000099e-01,3.266308130837990934e-03
3.492587951000000190e-01,3.266300324845456717e-03
3.492647521999999727e-01,3.266292517870205987e-03
3.493004921999999790e-01,3.266245680420883351e-03
3.493064484999999775e-01,3.266237874061205318e-03
3.493124047000000232e-01,3.266230068342249569e-03
3.493719612999999780e-01,3.266152008585110952e-03
3.493779162999999799e-01,3.266144203388902847e-03
3.494076903000000178e-01,3.266105175198725803e-03
3.494255534999999857e-01,3.266081759179492380e-03
3.494493696000000038e-01,3.266050537941220158e-03
3.494969969999999759e-01,3.265988097231369274e-03
3.495029499000000262e-01,3.265980292403432121e-03
3.495505700000000049e-01,3.265917855091364161e-03
3.496398401999999961e-01,3.265800791281239443e-03
3.496457907000000143e-01,3.265792987279187223e-03
3.496576914000000258e-01,3.265777379555000800e-03
3.496814918000000216e-01,3.265746164860400431e-03
3.496874415999999819e-01,3.265738360976388338e-03
3.497112399000000260e-01,3.265707146551317594e-03
3.497528830000000144e-01,3.265652523392427887e-03
3.497826250000000137e-01,3.265613507483550518e-03
3.497885730999999998e-01,3.265605704882865602e-03
3.498064168000000196e-01,3.265582295936837916e-03
3.498361542999999796e-01,3.265543282253148029e-03
3.498718358999999833e-01,3.265496466781713219e-03
3.499312971999999911e-01,3.265418444547254443e-03
3.499491337000000257e-01,3.265395039051435626e-03
3.499788589999999755e-01,3.265356029845156369e-03
3.499966930000000254e-01,3.265332625027524225e-03
3.500383020999999761e-01,3.265278014358110551e-03
3.500620765999999939e-01,3.265246809247127936e-03
3.500680199000000270e-01,3.265239008571988680e-03
3.500917922999999821e-01,3.265207804144916893e-03
3.501393322999999946e-01,3.265145397612342903e-03
3.501690415000000001e-01,3.265106395123944672e-03
3.502106301999999838e-01,3.265051792385364072e-03
3.502165709999999765e-01,3.265043992162400439e-03
3.502284522999999927e-01,3.265028392428812216e-03
3.502640940000000258e-01,3.264981592147036399e-03
3.502819134999999862e-01,3.264958193040899768e-03
3.503056714000000182e-01,3.264926994549653596e-03
3.503234887000000186e-01,3.264903596089553574e-03
3.503294276999999735e-01,3.264895796611832785e-03
3.503531823000000101e-01,3.264864599525780717e-03
3.503769353999999780e-01,3.264833402580902613e-03
3.503947491000000136e-01,3.264810005437978127e-03
3.504066243999999775e-01,3.264794407688937413e-03
3.504897404000000272e-01,3.264685227077209276e-03
3.504956765000000196e-01,3.264677428556133840e-03
3.505016125000000038e-01,3.264669630374025539e-03
3.505134842000000028e-01,3.264654033631820065e-03
3.505194199000000177e-01,3.264646235696674371e-03
3.505431616999999944e-01,3.264615043379190656e-03
3.505490969000000234e-01,3.264607245551476820e-03
3.505906403999999865e-01,3.264552660461775974e-03
3.506618464999999851e-01,3.264459091264379671e-03
3.507033767000000135e-01,3.264404511786131967e-03
3.507567654000000035e-01,3.264334341084375399e-03
3.507804911999999886e-01,3.264303155100367528e-03
3.507864223000000115e-01,3.264295358615721277e-03
3.507982843999999933e-01,3.264279765761851637e-03
3.508042152999999996e-01,3.264271969453982816e-03
3.508220073000000161e-01,3.264248581313794386e-03
3.508516587000000131e-01,3.264209600938509145e-03
3.508694482999999975e-01,3.264186213407599835e-03
3.508753780000000155e-01,3.264178417263750420e-03
3.508931664000000117e-01,3.264155030199265752e-03
3.509228118000000118e-01,3.264116052389857275e-03
3.509287406000000109e-01,3.264108256747208069e-03
3.509465263000000057e-01,3.264084870322309442e-03
3.509643110999999815e-01,3.264061484743222084e-03
3.509761671000000138e-01,3.264045894626430803e-03
3.510117328999999842e-01,3.263999124304902376e-03
3.510176601000000174e-01,3.263991329366622892e-03
3.510828535000000139e-01,3.263905588291384895e-03
3.511184084000000261e-01,3.263858822539080808e-03
3.511361846000000120e-01,3.263835440262163618e-03
3.511598846000000274e-01,3.263804264326694571e-03
3.511835830999999741e-01,3.263773088493730767e-03
3.512072800000000106e-01,3.263741914192589376e-03
3.512132040000000011e-01,3.263734120360821910e-03
3.512309753000000256e-01,3.263710739707467549e-03
3.512487456999999758e-01,3.263687359692629339e-03
3.512605920999999909e-01,3.263671773053033586e-03
3.512783609999999834e-01,3.263648393404793187e-03
3.513494276999999943e-01,3.263554878605932040e-03
3.513671921000000031e-01,3.263531501004769426e-03
3.513731133999999923e-01,3.263523707969241770e-03
3.513908766000000128e-01,3.263500331069567068e-03
3.514027183000000276e-01,3.263484745966649652e-03
3.514500809000000170e-01,3.263422408966878789e-03
3.514619205000000246e-01,3.263406825305325762e-03
3.514974370999999764e-01,3.263360074101875116e-03
3.515329501000000190e-01,3.263313324780216934e-03
3.515862128000000197e-01,3.263243203314332690e-03
3.516098825000000261e-01,3.263212038989700067e-03
3.516572171999999830e-01,3.263149713094742454e-03
3.517045455999999737e-01,3.263087389073859954e-03
3.517222921000000002e-01,3.263064018597707991e-03
3.517459526000000225e-01,3.263032857518119358e-03
3.517814404999999867e-01,3.262986118405653176e-03
3.517991831000000236e-01,3.262962749230737241e-03
3.518228385000000125e-01,3.262931590471949712e-03
3.518701445999999899e-01,3.262869275793264801e-03
3.519174441999999847e-01,3.262806962734916567e-03
3.519410916999999861e-01,3.262775807716213668e-03
3.519588263000000272e-01,3.262752441277448883e-03
3.519706488000000077e-01,3.262736864294768155e-03
3.520061139999999811e-01,3.262690133385892557e-03
3.520297554999999856e-01,3.262658980775894405e-03
3.520652148000000259e-01,3.262612252377880984e-03
3.520829430999999898e-01,3.262588888509499775e-03
3.521124883000000261e-01,3.262549949944837206e-03
3.521479391999999820e-01,3.262503225153790074e-03
3.521538472999999891e-01,3.262495437676397533e-03
3.522011089000000039e-01,3.262433140426759109e-03
3.522188304000000159e-01,3.262409779425238729e-03
3.522483640999999888e-01,3.262370845594010291e-03
3.522542705999999746e-01,3.262363058499453006e-03
3.522897072999999768e-01,3.262316339431865775e-03
3.522956130000000075e-01,3.262308552812719434e-03
3.523015186999999826e-01,3.262300766543837181e-03
3.523133297000000108e-01,3.262285193642354073e-03
3.523428556000000045e-01,3.262246262762349969e-03
3.523664745000000265e-01,3.262215118451678754e-03
3.523841876000000095e-01,3.262191761100654945e-03
3.524078037999999746e-01,3.262160618187984369e-03
3.524845453000000073e-01,3.262059407845361095e-03
3.524904477999999952e-01,3.262051622439552344e-03
3.525022525000000018e-01,3.262036052450478264e-03
3.525081547000000204e-01,3.262028267512047820e-03
3.525258607000000266e-01,3.262004912644592483e-03
3.525376641999999894e-01,3.261989342967362704e-03
3.525789733999999953e-01,3.261934850615704363e-03
3.526261780000000123e-01,3.261872575074657894e-03
3.526733761999999994e-01,3.261810302543814190e-03
3.526792756000000084e-01,3.261802518865023707e-03
3.527146695000000221e-01,3.261755816222441928e-03
3.527677537999999724e-01,3.261685765441606644e-03
3.527854468000000132e-01,3.261662415987480381e-03
3.528208300999999825e-01,3.261615717580712125e-03
3.528385204000000219e-01,3.261592369078186639e-03
3.528621061000000170e-01,3.261561237970029593e-03
3.528797944000000020e-01,3.261537890331619310e-03
3.529092728000000068e-01,3.261498978077374128e-03
3.529151682000000179e-01,3.261491195562725345e-03
3.529328538000000015e-01,3.261467849034787453e-03
3.529623277999999753e-01,3.261428938723149804e-03
3.530035872999999769e-01,3.261374465464835989e-03
3.530448420000000254e-01,3.261319994138377025e-03
3.530566282000000000e-01,3.261304431674219833e-03
3.530684138999999888e-01,3.261288868906844253e-03
3.530743067000000068e-01,3.261281087652203627e-03
3.530978766000000268e-01,3.261249962886775006e-03
3.531214449999999783e-01,3.261218838880499977e-03
3.531391202999999979e-01,3.261195495966537523e-03
3.531509032999999853e-01,3.261179934785686692e-03
3.531980314000000010e-01,3.261117690174772810e-03
3.532333733999999947e-01,3.261071008468895225e-03
3.532569327000000259e-01,3.261039887898569203e-03
3.532628223000000012e-01,3.261032107933736681e-03
3.532863796999999861e-01,3.261000988112667219e-03
3.533511543999999782e-01,3.260915411898058711e-03
3.533570423999999877e-01,3.260907632739719949e-03
3.533864810999999828e-01,3.260868736359276172e-03
3.534041431000000122e-01,3.260845398670081385e-03
3.534276909999999883e-01,3.260814282910531707e-03
3.534747822000000039e-01,3.260752053149570690e-03
3.534806682000000144e-01,3.260744274353144685e-03
3.534983254999999880e-01,3.260720939334874145e-03
3.535159818999999981e-01,3.260697603968216052e-03
3.535277524000000060e-01,3.260682047431216063e-03
3.535454073000000030e-01,3.260658712457350540e-03
3.535748302000000232e-01,3.260619822627408657e-03
3.536219018999999797e-01,3.260557600521064598e-03
3.536395520999999764e-01,3.260534267516604183e-03
3.536572015000000180e-01,3.260510935494349404e-03
3.537277900999999947e-01,3.260417609986764921e-03
3.537336717999999824e-01,3.260409832586791748e-03
3.537571978999999867e-01,3.260378725614780041e-03
3.538101256999999777e-01,3.260308736804014024e-03
3.538454065000000148e-01,3.260262079273511249e-03
3.538512863000000119e-01,3.260254303119751711e-03
3.538983211000000240e-01,3.260192095303968141e-03
3.539042001000000104e-01,3.260184320090201912e-03
3.539512278999999983e-01,3.260122114870932491e-03
3.539688617000000259e-01,3.260098788957539392e-03
3.539864945999999790e-01,3.260075463209043903e-03
3.539923721000000079e-01,3.260067688391592600e-03
3.540100037999999727e-01,3.260044362703669752e-03
3.540452646999999731e-01,3.259997713095439190e-03
3.540628939000000086e-01,3.259974389071134803e-03
3.541099006000000271e-01,3.259912192641927810e-03
3.541334016000000084e-01,3.259881095298021274e-03
3.541569010999999767e-01,3.259849999175632850e-03
3.541803989999999791e-01,3.259818902974357443e-03
3.541862732000000125e-01,3.259811129176256542e-03
3.541980214000000071e-01,3.259795581457643546e-03
3.542215164999999999e-01,3.259764486433260056e-03
3.542332635000000063e-01,3.259748939762005006e-03
3.542508832999999857e-01,3.259725618860398032e-03
3.542685022000000017e-01,3.259702298813903915e-03
3.542743749999999747e-01,3.259694525702201001e-03
3.542919927000000024e-01,3.259671205575627711e-03
3.543213535999999997e-01,3.259632340529908245e-03
3.543918099999999738e-01,3.259539067586703694e-03
3.544152923000000177e-01,3.259507977965014121e-03
3.544622523000000025e-01,3.259445800284728814e-03
3.544798606999999824e-01,3.259422484655106513e-03
3.544857298999999906e-01,3.259414712378019829e-03
3.545150747999999963e-01,3.259375853866803337e-03
3.545561535999999792e-01,3.259321452779101892e-03
3.545796250000000094e-01,3.259290367466767709e-03
3.546089620999999803e-01,3.259251511649416313e-03
3.546441633999999898e-01,3.259204885962527654e-03
3.546969589000000256e-01,3.259134949795354248e-03
3.547438815999999773e-01,3.259072787309608577e-03
3.547497465000000183e-01,3.259065017582849465e-03
3.547614760000000200e-01,3.259049477046482152e-03
3.547907980000000183e-01,3.259010627630284668e-03
3.547966622000000014e-01,3.259002857555022212e-03
3.548142539999999956e-01,3.258979548666590415e-03
3.548435717000000267e-01,3.258940700119418270e-03
3.548552980999999940e-01,3.258925161472819246e-03
3.548846124000000213e-01,3.258886314885926262e-03
3.548904749999999830e-01,3.258878545382601702e-03
3.549080620999999769e-01,3.258855238417022841e-03
3.549373720999999815e-01,3.258816393252833826e-03
3.549490954000000253e-01,3.258800855534246810e-03
3.549549569000000071e-01,3.258793086839188030e-03
3.549725408000000137e-01,3.258769780773928485e-03
3.550018455000000239e-01,3.258730938047958801e-03
3.550311476999999938e-01,3.258692096292721725e-03
3.550428679000000032e-01,3.258676560150064200e-03
3.550487278000000191e-01,3.258668791611945854e-03
3.550780262000000076e-01,3.258629951328073041e-03
3.550956040000000091e-01,3.258606647877554819e-03
3.551366155999999830e-01,3.258552273652861719e-03
3.551600487000000084e-01,3.258521204402330899e-03
3.551659066999999781e-01,3.258513436965369044e-03
3.552186245999999770e-01,3.258443532011715254e-03
3.552361955000000182e-01,3.258420231268290262e-03
3.552596219999999971e-01,3.258389164019477677e-03
3.552654784000000010e-01,3.258381397187898754e-03
3.553240368999999732e-01,3.258303732281265727e-03
3.553298921999999971e-01,3.258295965706227686e-03
3.553474576000000273e-01,3.258272667510564175e-03
3.553591674000000089e-01,3.258257134795389774e-03
3.554177104999999837e-01,3.258179475972381670e-03
3.554235641999999862e-01,3.258171710953602224e-03
3.554469784000000021e-01,3.258140648397273454e-03
3.554703909999999967e-01,3.258109586645527214e-03
3.554879494000000029e-01,3.258086290929059804e-03
3.554996545999999924e-01,3.258070760607805101e-03
3.555347676999999762e-01,3.258024170738023969e-03
3.555406194999999880e-01,3.258016405412286504e-03
3.555932819000000022e-01,3.257946522999244886e-03
3.556108342000000033e-01,3.257923230080438885e-03
3.556576363000000240e-01,3.257861116288027301e-03
3.557336765999999928e-01,3.257760186264493148e-03
3.557512219999999781e-01,3.257736895773936589e-03
3.557687666000000082e-01,3.257713605118022718e-03
3.557921580000000250e-01,3.257682552288311897e-03
3.557980056000000224e-01,3.257674789160344610e-03
3.558213950999999931e-01,3.257643736875387701e-03
3.558681694999999978e-01,3.257581634054496252e-03
3.558740159000000070e-01,3.257573871225273067e-03
3.559090920999999907e-01,3.257527296193229744e-03
3.559383195999999971e-01,3.257488484761704526e-03
3.559616998999999837e-01,3.257457435897365139e-03
3.560142998999999975e-01,3.257387579155907303e-03
3.560552055999999799e-01,3.257333248049939373e-03
3.560610489000000101e-01,3.257325486952020958e-03
3.560785781999999955e-01,3.257302202711363868e-03
3.560961067000000257e-01,3.257278919230291881e-03
3.561077918000000175e-01,3.257263396844789494e-03
3.561545286000000199e-01,3.257201309106060993e-03
3.561662118000000210e-01,3.257185788079221354e-03
3.562012592000000089e-01,3.257139224251922628e-03
3.562187815999999785e-01,3.257115942809917473e-03
3.562363031999999929e-01,3.257092662284073563e-03
3.562421434999999970e-01,3.257084902189760333e-03
3.562596639000000232e-01,3.257061621535348693e-03
3.562655037999999941e-01,3.257053861864769428e-03
3.562888626999999864e-01,3.257022821685466238e-03
3.563122199000000045e-01,3.256991782158465045e-03
3.563589299000000099e-01,3.256929705589468784e-03
3.564231460999999768e-01,3.256844354851793407e-03
3.564289833000000018e-01,3.256836595404680353e-03
3.564464944999999885e-01,3.256813319106435182e-03
3.564756780000000180e-01,3.256774525380218971e-03
3.564815143999999769e-01,3.256766766805502256e-03
3.565223665000000208e-01,3.256712457472124133e-03
3.565282021000000245e-01,3.256704698920970600e-03
3.565690489000000185e-01,3.256650391963311891e-03
3.565748838000000198e-01,3.256642634456586791e-03
3.565923878000000213e-01,3.256619360135228156e-03
3.566390610999999877e-01,3.256557298781816764e-03
3.566565620000000103e-01,3.256534026055713741e-03
3.567090594999999809e-01,3.256464210912341992e-03
3.567148921000000139e-01,3.256456453866699886e-03
3.567323893000000079e-01,3.256433183143259656e-03
3.567615492999999804e-01,3.256394398879850285e-03
3.567790442000000062e-01,3.256371128726588508e-03
3.568023693999999857e-01,3.256340102804452814e-03
3.568198623000000125e-01,3.256316833176911129e-03
3.568431847999999906e-01,3.256285808465531322e-03
3.568723357999999957e-01,3.256247028045573984e-03
3.568898252000000104e-01,3.256223760418363623e-03
3.569014844000000242e-01,3.256208248580813938e-03
3.569422883999999740e-01,3.256153958721882610e-03
3.569889158999999812e-01,3.256091915905865927e-03
3.569947439000000222e-01,3.256084161034933019e-03
3.570122273999999929e-01,3.256060895392506958e-03
3.570413646000000218e-01,3.256022120522203672e-03
3.570588457000000160e-01,3.255998856417664615e-03
3.570821525999999801e-01,3.255967837580472229e-03
3.571287618000000275e-01,3.255905801606149858e-03
3.571345875999999975e-01,3.255898047590519758e-03
3.571811899999999818e-01,3.255836015238581030e-03
3.571986643000000239e-01,3.255812753675959171e-03
3.572161377999999998e-01,3.255789492261403767e-03
3.572219621000000123e-01,3.255781738303330924e-03
3.572685529999999887e-01,3.255719710393773988e-03
3.572743764999999905e-01,3.255711957355854422e-03
3.572860231000000164e-01,3.255696450782498332e-03
3.572918462999999933e-01,3.255688697431207475e-03
3.573209606000000149e-01,3.255649931767915211e-03
3.573384280999999940e-01,3.255626672908294803e-03
3.573617168000000066e-01,3.255595662071133611e-03
3.573791822999999868e-01,3.255572403822290690e-03
3.574082894999999760e-01,3.255533640886004981e-03
3.574141107000000095e-01,3.255525888879682098e-03
3.574606766000000269e-01,3.255463871186414782e-03
3.574723172000000004e-01,3.255448366634676374e-03
3.575014168999999797e-01,3.255409607742567983e-03
3.575246948999999952e-01,3.255378600902783873e-03
3.575537903000000073e-01,3.255339842713201193e-03
3.575654278000000019e-01,3.255324340215015860e-03
3.575712463999999868e-01,3.255316588656210000e-03
3.576177918999999816e-01,3.255254579300196748e-03
3.576352448999999822e-01,3.255231326285330708e-03
3.576585141999999995e-01,3.255200323170112393e-03
3.576934153999999921e-01,3.255153819722934709e-03
3.577108647000000197e-01,3.255130568062728977e-03
3.577283130999999727e-01,3.255107316680192625e-03
3.577399448999999954e-01,3.255091816198384374e-03
3.577573918999999991e-01,3.255068566046698947e-03
3.577748380999999922e-01,3.255045316001894604e-03
3.577864684000000017e-01,3.255029816372867740e-03
3.578271715999999936e-01,3.254975567879373529e-03
3.578329859000000113e-01,3.254967818222390119e-03
3.578446142999999746e-01,3.254952319050377022e-03
3.578504283999999758e-01,3.254944569433854303e-03
3.578969375000000119e-01,3.254882575042336839e-03
3.579143768999999975e-01,3.254859327762555949e-03
3.579725020000000257e-01,3.254781839693545592e-03
3.580189952999999758e-01,3.254719851242036163e-03
3.580364287000000201e-01,3.254696606818699520e-03
3.580596719999999955e-01,3.254665614396997590e-03
3.581061540000000099e-01,3.254603630562978578e-03
3.581293926999999933e-01,3.254572640312007690e-03
3.581468206999999793e-01,3.254549397203907162e-03
3.581526299000000191e-01,3.254541650058739594e-03
3.581584389999999951e-01,3.254533902397613657e-03
3.581758655999999763e-01,3.254510660865134273e-03
3.582165245000000220e-01,3.254456430471264726e-03
3.582455636999999915e-01,3.254417696127374394e-03
3.582862145999999859e-01,3.254363468934276526e-03
3.582978283000000097e-01,3.254347976005562710e-03
3.583094417000000087e-01,3.254332483497281246e-03
3.583152481999999917e-01,3.254324736562377775e-03
3.583849190999999768e-01,3.254231783421224818e-03
3.584023347999999998e-01,3.254208545819090633e-03
3.584081398000000251e-01,3.254200799760847019e-03
3.584719887999999743e-01,3.254115599260150749e-03
3.584777927000000197e-01,3.254107854336211157e-03
3.585300235000000169e-01,3.254038148227726430e-03
3.585474321000000075e-01,3.254014913474362510e-03
3.585706422000000115e-01,3.253983934528820003e-03
3.585938508000000025e-01,3.253952956402430402e-03
3.586228593999999936e-01,3.253914234186053907e-03
3.586692684000000186e-01,3.253852281181838883e-03
3.587040711999999743e-01,3.253805817862261661e-03
3.587156713999999913e-01,3.253790330707674247e-03
3.587330709000000062e-01,3.253767099600131819e-03
3.587504696000000104e-01,3.253743869245473690e-03
3.587562690000000165e-01,3.253736125558450050e-03
3.588026606999999979e-01,3.253674179401691222e-03
3.588258543000000245e-01,3.253643207432294505e-03
3.588548442000000227e-01,3.253604493399841167e-03
3.588722369999999828e-01,3.253581265586511298e-03
3.588896289999999878e-01,3.253558037528300924e-03
3.588954261000000256e-01,3.253550295291280595e-03
3.589475961999999964e-01,3.253480614378226245e-03
3.589591885000000260e-01,3.253465129939154578e-03
3.590287343999999936e-01,3.253372228658574748e-03
3.590345293000000160e-01,3.253364487091982542e-03
3.590403240999999745e-01,3.253356745059336492e-03
3.590519133999999779e-01,3.253341262314189339e-03
3.590808851000000246e-01,3.253302555634516278e-03
3.590866790999999725e-01,3.253294814706926379e-03
3.591214414000000188e-01,3.253248368089966744e-03
3.591330280999999736e-01,3.253232885731130366e-03
3.591735785999999875e-01,3.253178700785573467e-03
3.591967482999999794e-01,3.253147738660766737e-03
3.592372915000000000e-01,3.253093556690150878e-03
3.592430831000000269e-01,3.253085815838912230e-03
3.592604570999999858e-01,3.253062596069443077e-03
3.592720393000000123e-01,3.253047115915320541e-03
3.593125741000000040e-01,3.252992937150968062e-03
3.593299447000000146e-01,3.252969718494310141e-03
3.593588939999999843e-01,3.252931021026450251e-03
3.593820516999999826e-01,3.252900063642955031e-03
3.593994188999999895e-01,3.252876846237524096e-03
3.594052079000000233e-01,3.252869106803286513e-03
3.594457275999999868e-01,3.252814934542510791e-03
3.594515158000000099e-01,3.252807195655916302e-03
3.594978178000000080e-01,3.252745287183718241e-03
3.595036051000000121e-01,3.252737548490224496e-03
3.595151795000000039e-01,3.252722071966080222e-03
3.595209664999999832e-01,3.252714333480417191e-03
3.595499003000000027e-01,3.252675642915992156e-03
3.595672595000000138e-01,3.252652428540574094e-03
3.596077610000000258e-01,3.252598263720522624e-03
3.596366878999999739e-01,3.252559575380232961e-03
3.596424730000000181e-01,3.252551837829232868e-03
3.596598276999999899e-01,3.252528625721615337e-03
3.596887503000000263e-01,3.252489939386812596e-03
3.597292382000000233e-01,3.252435780564787854e-03
3.597755044000000013e-01,3.252373886396230096e-03
3.597986353000000026e-01,3.252342940507544754e-03
3.598159824000000118e-01,3.252319731002851176e-03
3.598217646999999908e-01,3.252311994528492029e-03
3.598448926000000214e-01,3.252281049980791736e-03
3.598622375000000151e-01,3.252257841933932879e-03
3.598680189999999834e-01,3.252250105919218207e-03
3.599662896999999973e-01,3.252118600167027643e-03
3.599778491000000247e-01,3.252103129463972207e-03
3.600009670000000050e-01,3.252072188768756651e-03
3.600067463000000134e-01,3.252064453878295881e-03
3.600298623000000031e-01,3.252033513836813904e-03
3.600529767999999797e-01,3.252002574660553449e-03
3.600587552000000247e-01,3.251994840394388867e-03
3.600703116999999787e-01,3.251979370890111052e-03
3.601049791000000000e-01,3.251932963999029386e-03
3.601627506000000256e-01,3.251855622354592017e-03
3.601858566000000206e-01,3.251824686643307264e-03
3.601916327999999945e-01,3.251816952743701895e-03
3.602147370000000071e-01,3.251786017352886922e-03
3.602320641000000268e-01,3.251762817142771038e-03
3.602609407999999847e-01,3.251724149501591769e-03
3.602840405000000135e-01,3.251693216766586396e-03
3.602898151999999743e-01,3.251685483651027900e-03
3.603302354999999846e-01,3.251631352903924452e-03
3.603360094999999985e-01,3.251623619438368147e-03
3.603475570999999933e-01,3.251608154150654496e-03
3.603533307999999824e-01,3.251600421336678544e-03
3.603821978000000259e-01,3.251561758258693282e-03
3.603995167999999860e-01,3.251538560729249055e-03
3.604456970000000093e-01,3.251476702663581506e-03
3.604687849000000055e-01,3.251445774942837708e-03
3.604745565999999957e-01,3.251438042766444190e-03
3.605091851000000180e-01,3.251391652634087141e-03
3.605380396000000265e-01,3.251352994722132243e-03
3.606072810000000017e-01,3.251260219666120971e-03
3.606130504999999764e-01,3.251252488551204748e-03
3.606245893000000202e-01,3.251237026542332272e-03
3.606303585000000256e-01,3.251229295915350828e-03
3.606592033000000086e-01,3.251190641700877487e-03
3.606938140000000015e-01,3.251144258476662899e-03
3.606995821999999796e-01,3.251136528344877787e-03
3.607053501999999967e-01,3.251128798178402109e-03
3.607168860000000143e-01,3.251113337028806258e-03
3.607687925999999989e-01,3.251043766534052713e-03
3.607976263000000072e-01,3.251005116989454970e-03
3.608149254999999944e-01,3.250981928217059214e-03
3.608898788000000080e-01,3.250881446806467862e-03
3.609014086999999815e-01,3.250865988505178238e-03
3.609071735000000114e-01,3.250858259630328220e-03
3.609763441000000128e-01,3.250765513955239557e-03
3.609936347000000101e-01,3.250742328553388964e-03
3.610224504999999806e-01,3.250703687243313225e-03
3.610282134000000198e-01,3.250695958666183823e-03
3.610685509000000071e-01,3.250641863013372865e-03
3.610743130999999884e-01,3.250634134736196668e-03
3.610915989999999853e-01,3.250610951668324571e-03
3.611088840000000189e-01,3.250587768001557409e-03
3.611146454999999977e-01,3.250580040910873089e-03
3.611204069000000239e-01,3.250572313357024540e-03
3.611607341999999998e-01,3.250518221034397800e-03
3.611780159999999906e-01,3.250495039219033350e-03
3.612125769999999791e-01,3.250448677228993336e-03
3.612298561999999769e-01,3.250425496420277643e-03
3.612471347000000277e-01,3.250402316027150088e-03
3.612701712999999981e-01,3.250371409276051581e-03
3.612759301999999839e-01,3.250363682889155850e-03
3.613047234999999802e-01,3.250325050815014612e-03
3.613219984000000107e-01,3.250301871960797114e-03
3.613392724000000222e-01,3.250278693568495712e-03
3.613507879999999783e-01,3.250263241335963997e-03
3.613910894999999845e-01,3.250209160057077832e-03
3.614313866000000153e-01,3.250155080725631706e-03
3.614371430000000163e-01,3.250147355749571833e-03
3.614601674999999847e-01,3.250116453908009646e-03
3.614774349000000053e-01,3.250093278250584371e-03
3.615292321999999947e-01,3.250023753621020944e-03
3.615349869999999743e-01,3.250016028584588358e-03
3.615464963999999726e-01,3.250000578718261965e-03
3.615752681000000135e-01,3.249961956058180102e-03
3.615982837999999755e-01,3.249931058051158672e-03
3.616385577999999823e-01,3.249876988704622147e-03
3.616443107999999795e-01,3.249869264709741822e-03
3.616615695000000019e-01,3.249846092959275505e-03
3.616673221999999743e-01,3.249838368992030192e-03
3.617651040000000040e-01,3.249707068252400809e-03
3.618226103000000138e-01,3.249629837868782574e-03
3.618571098000000208e-01,3.249583501682325789e-03
3.618743582999999764e-01,3.249560333710325728e-03
3.618973549000000234e-01,3.249529444249357052e-03
3.619031039000000227e-01,3.249521721419842274e-03
3.619203502000000183e-01,3.249498555074520172e-03
3.619433440000000002e-01,3.249467666193511187e-03
3.619893270999999801e-01,3.249405891509803829e-03
3.620065693000000251e-01,3.249382726103389532e-03
3.620410512000000192e-01,3.249336397793764746e-03
3.620582909000000238e-01,3.249313233501830919e-03
3.620812758999999992e-01,3.249282348719865956e-03
3.620985137000000131e-01,3.249259185343184812e-03
3.621042595000000253e-01,3.249251464427682385e-03
3.621272415999999827e-01,3.249220580751173860e-03
3.621502221999999827e-01,3.249189697944072312e-03
3.621674567000000011e-01,3.249166536538571331e-03
3.621789458999999933e-01,3.249151095365681967e-03
3.621961791000000153e-01,3.249127934270199056e-03
3.622191552999999842e-01,3.249097053305932854e-03
3.622708465999999738e-01,3.249027572930609457e-03
3.622880754000000203e-01,3.249004413478881557e-03
3.623110458000000089e-01,3.248973535188958740e-03
3.623167882000000173e-01,3.248965815654654855e-03
3.623512406000000130e-01,3.248919499264783448e-03
3.623627240000000249e-01,3.248904061076764681e-03
3.624029129999999932e-01,3.248850026925483286e-03
3.624430974999999777e-01,3.248795995290695848e-03
3.624660580999999882e-01,3.248765121337462460e-03
3.624717981000000200e-01,3.248757402550156090e-03
3.625177142000000075e-01,3.248695655980784244e-03
3.625406700000000093e-01,3.248664783567676954e-03
3.625464087999999974e-01,3.248657065764062012e-03
3.625578859999999959e-01,3.248641629570195050e-03
3.625923154999999842e-01,3.248595322799305470e-03
3.626324790000000076e-01,3.248541300499200798e-03
3.626496906000000187e-01,3.248518148300394686e-03
3.626783747999999807e-01,3.248479562182525655e-03
3.626841113000000005e-01,3.248471845147516811e-03
3.627013204999999796e-01,3.248448693833880241e-03
3.627300005999999910e-01,3.248410110272545188e-03
3.628217616000000145e-01,3.248286646675870373e-03
3.628389642000000026e-01,3.248263498545556766e-03
3.628676335000000086e-01,3.248224919081334552e-03
3.628848338999999812e-01,3.248201771826665987e-03
3.629077665000000064e-01,3.248170909638874084e-03
3.629249650999999965e-01,3.248147763064571005e-03
3.629306977000000267e-01,3.248140047810969214e-03
3.629536274999999867e-01,3.248109186206965537e-03
3.630911755999999824e-01,3.247924031337349939e-03
3.631083654000000216e-01,3.247900888850079222e-03
3.631140951999999866e-01,3.247893174639607857e-03
3.631312838999999903e-01,3.247870032420720546e-03
3.631427427000000208e-01,3.247854604357085315e-03
3.631599300999999724e-01,3.247831462844750876e-03
3.631828454000000095e-01,3.247800607484974556e-03
3.632000309000000260e-01,3.247777466623054301e-03
3.632286715999999971e-01,3.247738899122140904e-03
3.632515825000000032e-01,3.247708046121788872e-03
3.632802191000000236e-01,3.247669480329894252e-03
3.632916731999999982e-01,3.247654053958509961e-03
3.633145801000000064e-01,3.247623202707519870e-03
3.633203065999999759e-01,3.247615489515453917e-03
3.633661154999999754e-01,3.247553789237645535e-03
3.633832922999999937e-01,3.247530651550130029e-03
3.633890177999999915e-01,3.247522939578002723e-03
3.634348179999999928e-01,3.247461242293726846e-03
3.634748883999999736e-01,3.247407259442077528e-03
3.634977837999999739e-01,3.247376412125067315e-03
3.635035074999999893e-01,3.247368700804539442e-03
3.635092309999999882e-01,3.247360989051594447e-03
3.635435703000000074e-01,3.247314721078216511e-03
3.635492933000000204e-01,3.247307009574951133e-03
3.635550161000000169e-01,3.247299298344431991e-03
3.635721840000000205e-01,3.247276165268071259e-03
3.635950733000000157e-01,3.247245321102857577e-03
3.636007954000000097e-01,3.247237610352902374e-03
3.636465689000000223e-01,3.247175924755770372e-03
3.636637325000000032e-01,3.247152793152872485e-03
3.636808952999999733e-01,3.247129661809786735e-03
3.637323787000000253e-01,3.247060270473709365e-03
3.637495383000000082e-01,3.247037140476360505e-03
3.637552579000000175e-01,3.247029430859057000e-03
3.637838548999999810e-01,3.246990881560192846e-03
3.638010119999999792e-01,3.246967753194716574e-03
3.638296053999999780e-01,3.246929205881932991e-03
3.638467604000000244e-01,3.246906078116028327e-03
3.638639144999999964e-01,3.246882950593846240e-03
3.638696323999999760e-01,3.246875241822301094e-03
3.639096548999999903e-01,3.246821278858053397e-03
3.639210890999999837e-01,3.246805861253056029e-03
3.639325230000000078e-01,3.246790444128453464e-03
3.640068342000000179e-01,3.246690234790118763e-03
3.640125498999999820e-01,3.246682526870615579e-03
3.640525566999999740e-01,3.246628571062045842e-03
3.640582715999999830e-01,3.246620863185261958e-03
3.640754158000000240e-01,3.246597740132486920e-03
3.641039876000000119e-01,3.246559202276812044e-03
3.641439844000000092e-01,3.246505250554200007e-03
3.641668377000000234e-01,3.246474421992884274e-03
3.641896895999999773e-01,3.246443593898408215e-03
3.641954023999999790e-01,3.246435887063487541e-03
3.642068276000000049e-01,3.246420473790872716e-03
3.642296769999999739e-01,3.246389646663953854e-03
3.642753715000000003e-01,3.246327994936856667e-03
3.643324815999999799e-01,3.246250933196141459e-03
3.643667433000000178e-01,3.246204698115566587e-03
3.643724533000000099e-01,3.246196992751237357e-03
3.643952923000000066e-01,3.246166170324075138e-03
3.644124206000000088e-01,3.246143053895758895e-03
3.644238390000000272e-01,3.246127642790727456e-03
3.644638007000000068e-01,3.246073706722942247e-03
3.644866339999999760e-01,3.246042886796022663e-03
3.645551251999999964e-01,3.245950430830514110e-03
3.645722459999999887e-01,3.245927317601580899e-03
3.646007788999999777e-01,3.245888796473736949e-03
3.646064851999999967e-01,3.245881092078488871e-03
3.646407212000000175e-01,3.245834868014127548e-03
3.646521325000000036e-01,3.245819460944965838e-03
3.646692487000000038e-01,3.245796349715782386e-03
3.647548178999999724e-01,3.245680798407771239e-03
3.647605218000000149e-01,3.245673095960935946e-03
3.648061497999999792e-01,3.245611472068562868e-03
3.648289616000000013e-01,3.245580661789931962e-03
3.648346644000000083e-01,3.245572959108058986e-03
3.648802830999999802e-01,3.245511339829022963e-03
3.648973885999999833e-01,3.245488233106166680e-03
3.649144933999999840e-01,3.245465127152836332e-03
3.649258960999999801e-01,3.245449722853057436e-03
3.649429994999999760e-01,3.245426617386092377e-03
3.649601021000000167e-01,3.245403512475971818e-03
3.649658028000000165e-01,3.245395810090864926e-03
3.649886046999999967e-01,3.245365003794962230e-03
3.650114051000000193e-01,3.245334198003817228e-03
3.650285045000000173e-01,3.245311094276946782e-03
3.650797979000000026e-01,3.245241784331265138e-03
3.651196877999999812e-01,3.245187879417829862e-03
3.651424799999999915e-01,3.245157077022228689e-03
3.651481778999999817e-01,3.245149376985953862e-03
3.651538756000000108e-01,3.245141676423661439e-03
3.651709683000000095e-01,3.245118575168786258e-03
3.651994544000000120e-01,3.245080074277956195e-03
3.652393312000000170e-01,3.245026174850376179e-03
3.652450275999999940e-01,3.245018474728217361e-03
3.652848993999999738e-01,3.244964577072308263e-03
3.652905949999999957e-01,3.244956877978584595e-03
3.653019860000000230e-01,3.244941478793773610e-03
3.653076813000000200e-01,3.244933779591802764e-03
3.653532409999999953e-01,3.244872186034742072e-03
3.653703244000000017e-01,3.244849088581466551e-03
3.653931009999999979e-01,3.244818293467190227e-03
3.654215698000000123e-01,3.244779799419653457e-03
3.654272632000000187e-01,3.244772101212395603e-03
3.655069628000000015e-01,3.244664324943492655e-03
3.655126549000000113e-01,3.244656627236582828e-03
3.655581889999999778e-01,3.244595044585349159e-03
3.655638803999999853e-01,3.244587346972355960e-03
3.655809539000000052e-01,3.244564253863670665e-03
3.656094080999999774e-01,3.244525767468180860e-03
3.656264794999999901e-01,3.244502675394123677e-03
3.656492400999999948e-01,3.244471886557302905e-03
3.656663097000000251e-01,3.244448795776155078e-03
3.657004463999999899e-01,3.244402615016632203e-03
3.657175135999999882e-01,3.244379525238890501e-03
3.657345799999999758e-01,3.244356434946843622e-03
3.657459571000000187e-01,3.244341042627642713e-03
3.657630222000000098e-01,3.244317953237518901e-03
3.658085251000000038e-01,3.244256384427126032e-03
3.658312744000000172e-01,3.244225600678999916e-03
3.658369615000000019e-01,3.244217905021362300e-03
3.658710822999999834e-01,3.244171731185227937e-03
3.658824552000000119e-01,3.244156339911765177e-03
3.658995138999999730e-01,3.244133253492766881e-03
3.659393143999999931e-01,3.244079386867121644e-03
3.659677406999999882e-01,3.244040911935703285e-03
3.659904801000000152e-01,3.244010132530092665e-03
3.660132180999999818e-01,3.243979354037046774e-03
3.660189024000000124e-01,3.243971659356512972e-03
3.660586899000000116e-01,3.243917798461135558e-03
3.660643734999999843e-01,3.243910103869951291e-03
3.661098389999999925e-01,3.243848551492403091e-03
3.661212044000000110e-01,3.243833163831784296e-03
3.661268870000000120e-01,3.243825470104709160e-03
3.661552987999999731e-01,3.243787000919521983e-03
3.661950714000000162e-01,3.243733146594901529e-03
3.662177967999999950e-01,3.243702373783046832e-03
3.662405207000000162e-01,3.243671601133403960e-03
3.662632431000000244e-01,3.243640829389499245e-03
3.663086838999999872e-01,3.243579286950194849e-03
3.663768345000000259e-01,3.243486978488575607e-03
3.663825130999999735e-01,3.243479286183664941e-03
3.663938701000000187e-01,3.243463902408471114e-03
3.663995485000000052e-01,3.243456210135521860e-03
3.664165831000000262e-01,3.243433134550543443e-03
3.664279390999999886e-01,3.243417751029598062e-03
3.664449723000000048e-01,3.243394675474514134e-03
3.664620048000000185e-01,3.243371601222520221e-03
3.664847136000000116e-01,3.243340834679552843e-03
3.665187740999999999e-01,3.243294687376217008e-03
3.665528314000000010e-01,3.243248541097978714e-03
3.665641830999999962e-01,3.243233159105499055e-03
3.666039114999999904e-01,3.243179324365049691e-03
3.666266114000000242e-01,3.243148561908501017e-03
3.666549843999999947e-01,3.243110110212887431e-03
3.666663330000000109e-01,3.243094729453100539e-03
3.666720070999999748e-01,3.243087039926223318e-03
3.667173972000000171e-01,3.243025519580352775e-03
3.667344170999999875e-01,3.243002450340732624e-03
3.667400901999999796e-01,3.242994760641200978e-03
3.667571089000000173e-01,3.242971691769098910e-03
3.667797993999999950e-01,3.242940933869383011e-03
3.667911441000000217e-01,3.242925555171480203e-03
3.668308478999999789e-01,3.242871730710453117e-03
3.668535338000000201e-01,3.242840974613646170e-03
3.668762183000000010e-01,3.242810219675613687e-03
3.669215831000000039e-01,3.242748711057563682e-03
3.669385935000000210e-01,3.242725645253789323e-03
3.669612727000000074e-01,3.242694892671597624e-03
3.669896197999999998e-01,3.242656452248457444e-03
3.670122959000000074e-01,3.242625700211340580e-03
3.670293021000000100e-01,3.242602637176374841e-03
3.670576439000000080e-01,3.242564199226354461e-03
3.670633120999999832e-01,3.242556511626444073e-03
3.670803158000000010e-01,3.242533449407605881e-03
3.671086537000000094e-01,3.242495012586930816e-03
3.671256553999999728e-01,3.242471951793803302e-03
3.671426562999999810e-01,3.242448890744812316e-03
3.671483231000000069e-01,3.242441203609862030e-03
3.671879881999999817e-01,3.242387396105655441e-03
3.671936543000000053e-01,3.242379709935367532e-03
3.671993203000000205e-01,3.242372023016561189e-03
3.672106520999999790e-01,3.242356650296414431e-03
3.672163178000000250e-01,3.242348963365579515e-03
3.672389798999999844e-01,3.242318218134563040e-03
3.672616405999999944e-01,3.242287473388370117e-03
3.672786351999999810e-01,3.242264415194869281e-03
3.672899645000000102e-01,3.242249043121188477e-03
3.673012935000000145e-01,3.242233670966935839e-03
3.673296142999999958e-01,3.242195242045467236e-03
3.673522694999999949e-01,3.242164499865094265e-03
3.673805863999999866e-01,3.242126072316332298e-03
3.673919124999999730e-01,3.242110702033360568e-03
3.674202263999999940e-01,3.242072276453350152e-03
3.674655239999999878e-01,3.242010796999339386e-03
3.675051549000000195e-01,3.241957004399452329e-03
3.675164772000000246e-01,3.241941635148187870e-03
3.675504420999999855e-01,3.241895530057206307e-03
3.675730836000000168e-01,3.241864793556505780e-03
3.676070431999999832e-01,3.241818689704811969e-03
3.676466588000000257e-01,3.241764904438871296e-03
3.676523178000000169e-01,3.241757220673261407e-03
3.676692944000000129e-01,3.241734170257009901e-03
3.676919284999999871e-01,3.241703436871679316e-03
3.676975868999999841e-01,3.241695753930378364e-03
3.677371926999999929e-01,3.241641972685740079e-03
3.677428502999999793e-01,3.241634289475234330e-03
3.677541652999999910e-01,3.241618923852279330e-03
3.677881082000000190e-01,3.241572827580306224e-03
3.678277043000000024e-01,3.241519050419006207e-03
3.678503288000000149e-01,3.241488321351682078e-03
3.678729518000000143e-01,3.241457593571083450e-03
3.678955734000000088e-01,3.241426865812163226e-03
3.679238484999999836e-01,3.241388457080524466e-03
3.679408124999999918e-01,3.241365412029052328e-03
3.679634299999999802e-01,3.241334685969774702e-03
3.680030072000000096e-01,3.241280917936861967e-03
3.680143142000000256e-01,3.241265555075812689e-03
3.680312741000000276e-01,3.241242512149780999e-03
3.680482331000000107e-01,3.241219469610158964e-03
3.680538859999999968e-01,3.241211788709498672e-03
3.680595387000000218e-01,3.241204108438424606e-03
3.680991055999999761e-01,3.241150344333007353e-03
3.681443197000000001e-01,3.241088901988642239e-03
3.681499710999999730e-01,3.241081221567259588e-03
3.681669247000000089e-01,3.241058180938599827e-03
3.681838774999999786e-01,3.241035141694719943e-03
3.682064800000000027e-01,3.241004422309616984e-03
3.682290811999999747e-01,3.240973703859420258e-03
3.682968763000000201e-01,3.240881551332450324e-03
3.683025253000000165e-01,3.240873872030947036e-03
3.683307692000000189e-01,3.240835477021656186e-03
3.683477144999999786e-01,3.240812440678810316e-03
3.683703068999999997e-01,3.240781726082369012e-03
3.684154876999999884e-01,3.240720298123512307e-03
3.684380761000000115e-01,3.240689585290808597e-03
3.684606630000000216e-01,3.240658872869664562e-03
3.685058326999999800e-01,3.240597450143261216e-03
3.685114784999999893e-01,3.240589772016448482e-03
3.685679319999999870e-01,3.240512997460646711e-03
3.685735768999999773e-01,3.240505320379938152e-03
3.686017999999999795e-01,3.240466934500156951e-03
3.686187328000000152e-01,3.240443903477503284e-03
3.686356647999999847e-01,3.240420873021714315e-03
3.686413087000000033e-01,3.240413196079398525e-03
3.686920993000000202e-01,3.240344106907868879e-03
3.687259558000000048e-01,3.240298048574543222e-03
3.687372407000000241e-01,3.240282696082954009e-03
3.687541672999999909e-01,3.240259668071280696e-03
3.688218657999999817e-01,3.240167558606226773e-03
3.688444292999999985e-01,3.240136856299677230e-03
3.688726316000000005e-01,3.240098480358838927e-03
3.688895520000000094e-01,3.240075454477273336e-03
3.689290297999999746e-01,3.240021729756805378e-03
3.689572257000000022e-01,3.239983356213040500e-03
3.689797808999999984e-01,3.239952658253048359e-03
3.689966962999999822e-01,3.239929634563723081e-03
3.690079728999999809e-01,3.239914286072905804e-03
3.690192491000000019e-01,3.239898937814183685e-03
3.690699876999999907e-01,3.239829870695624166e-03
3.690981728000000128e-01,3.239791502297936863e-03
3.691094462000000243e-01,3.239776154968064623e-03
3.691150827999999939e-01,3.239768481267347663e-03
3.691319920999999726e-01,3.239745460815738037e-03
3.691601723999999862e-01,3.239707093782012194e-03
3.692277965999999911e-01,3.239615017939002656e-03
3.692334313000000257e-01,3.239607345177765094e-03
3.692503352000000016e-01,3.239584326717812740e-03
3.692672382000000142e-01,3.239561308534251709e-03
3.692785064999999922e-01,3.239545963913565210e-03
3.692954083000000165e-01,3.239522946982849663e-03
3.693123092999999746e-01,3.239499929758116702e-03
3.693179428000000208e-01,3.239492257666432961e-03
3.693686404000000034e-01,3.239423209514097866e-03
3.693855380000000133e-01,3.239400194132987815e-03
3.694305945999999952e-01,3.239338821897448130e-03
3.694474893999999954e-01,3.239315807348067296e-03
3.694531208999999872e-01,3.239308135874696681e-03
3.694756457000000216e-01,3.239277451254635697e-03
3.695037998999999851e-01,3.239239096220897663e-03
3.695488420999999968e-01,3.239177729761609850e-03
3.695882495000000212e-01,3.239124036721595726e-03
3.696332814000000133e-01,3.239062675182530996e-03
3.696389099999999872e-01,3.239055005235458133e-03
3.696501669000000212e-01,3.239039664784538163e-03
3.696726798000000147e-01,3.239008985643507168e-03
3.696783077999999945e-01,3.239001316142374465e-03
3.696839357000000215e-01,3.238993646581520437e-03
3.697008189000000056e-01,3.238970637195599973e-03
3.697177013999999873e-01,3.238947628704680597e-03
3.697289558999999892e-01,3.238932289836985497e-03
3.697908497999999877e-01,3.238847928868430950e-03
3.698189800000000194e-01,3.238809584030563106e-03
3.698358569999999901e-01,3.238786578278645030e-03
3.698808587999999897e-01,3.238725230006517762e-03
3.699089821000000056e-01,3.238686889101622356e-03
3.699202308000000272e-01,3.238671552835643841e-03
3.699258550000000256e-01,3.238663884322701570e-03
3.699877160000000220e-01,3.238579537757065550e-03
3.700326991999999815e-01,3.238518197988421356e-03
3.700383218000000141e-01,3.238510531009464264e-03
3.700439441999999746e-01,3.238502863362479039e-03
3.700608109999999895e-01,3.238479862365526481e-03
3.700776769999999938e-01,3.238456861064238374e-03
3.701057853999999980e-01,3.238418526245783347e-03
3.701732367000000190e-01,3.238326527096944355e-03
3.701788570999999806e-01,3.238318860577660795e-03
3.701900975999999899e-01,3.238303527803987249e-03
3.701957177999999904e-01,3.238295861456175467e-03
3.702406757000000215e-01,3.238234533556824581e-03
3.702800095000000069e-01,3.238180872896663596e-03
3.703137208000000236e-01,3.238134879730551145e-03
3.703305753000000200e-01,3.238111883886009203e-03
3.703586644999999899e-01,3.238073557566014792e-03
3.703923686999999743e-01,3.238027567274031227e-03
3.703979856999999876e-01,3.238019902552910848e-03
3.704373027999999790e-01,3.237966250006929763e-03
3.704429191999999982e-01,3.237958584991607221e-03
3.704597678000000061e-01,3.237935591687326684e-03
3.704878470999999895e-01,3.237897269941854023e-03
3.704934628000000063e-01,3.237889606189940563e-03
3.705327696999999865e-01,3.237835957075121951e-03
3.705496141999999882e-01,3.237812965755213282e-03
3.705776867999999724e-01,3.237774647298381249e-03
3.705833009999999761e-01,3.237766983636490830e-03
3.706282120000000124e-01,3.237705676127949211e-03
3.706450521999999914e-01,3.237682686286137701e-03
3.706675045999999751e-01,3.237652034225887033e-03
3.707124054000000002e-01,3.237590731271041376e-03
3.707180176000000049e-01,3.237583068836431387e-03
3.707348536999999777e-01,3.237560080458580340e-03
3.707516891000000037e-01,3.237537093319682244e-03
3.707797462999999905e-01,3.237498781280665275e-03
3.708470750000000260e-01,3.237406837099431837e-03
3.708526851999999763e-01,3.237399175762520603e-03
3.708695151999999995e-01,3.237376190900056756e-03
3.708863445000000203e-01,3.237353205558342589e-03
3.708919540999999764e-01,3.237345544082094028e-03
3.708975635999999798e-01,3.237337882643567030e-03
3.709312187000000094e-01,3.237291914805233515e-03
3.709368276000000186e-01,3.237284253825784171e-03
3.709816958000000109e-01,3.237222965598696590e-03
3.709985199999999983e-01,3.237199983506117758e-03
3.710489879000000157e-01,3.237131037991406758e-03
3.710882359000000075e-01,3.237077416205574008e-03
3.710938423999999847e-01,3.237069756110216075e-03
3.711555087000000253e-01,3.236985496777831928e-03
3.711667195999999724e-01,3.236970177395873637e-03
3.711835353999999865e-01,3.236947198765074279e-03
3.712059551999999929e-01,3.236916561224904496e-03
3.712563949000000085e-01,3.236847629251850874e-03
3.712676027999999850e-01,3.236832311109811341e-03
3.712732066000000164e-01,3.236824652088046012e-03
3.712900176000000219e-01,3.236801675925126721e-03
3.712956210000000201e-01,3.236794017174088843e-03
3.713012244000000184e-01,3.236786358237594280e-03
3.713180341000000273e-01,3.236763382373606009e-03
3.713404457999999742e-01,3.236732748011659968e-03
3.713572537000000007e-01,3.236709773177938280e-03
3.713908672999999827e-01,3.236663823828335711e-03
3.714076728999999855e-01,3.236640850277579078e-03
3.714356805999999844e-01,3.236602560476684477e-03
3.714692869999999814e-01,3.236556614595518383e-03
3.714748877999999865e-01,3.236548957398734626e-03
3.715196908999999770e-01,3.236487697946710106e-03
3.715364906999999994e-01,3.236464726558271540e-03
3.715420904999999774e-01,3.236457070083981463e-03
3.715700880000000206e-01,3.236418785100377525e-03
3.715868855000000193e-01,3.236395814479661650e-03
3.716036823000000155e-01,3.236372844666373250e-03
3.716092810000000135e-01,3.236365187959937273e-03
3.716260767999999826e-01,3.236342218630029136e-03
3.716484699000000003e-01,3.236311592786539869e-03
3.716764593999999922e-01,3.236273311482733284e-03
3.717044467999999768e-01,3.236235031396859137e-03
3.717212382999999787e-01,3.236212063650973844e-03
3.717492223000000151e-01,3.236173784893789027e-03
3.717939923999999952e-01,3.236112540926080593e-03
3.718275664999999841e-01,3.236066610181670931e-03
3.718387570999999725e-01,3.236051299609132414e-03
3.719226763999999852e-01,3.235936478605586173e-03
3.719450516999999734e-01,3.235905861094478999e-03
3.720065767999999884e-01,3.235821666078013328e-03
3.720569079000000112e-01,3.235752782752675336e-03
3.720624998000000017e-01,3.235745129406174519e-03
3.720736834000000215e-01,3.235729822577390006e-03
3.721016408999999747e-01,3.235691555244925299e-03
3.721407780000000054e-01,3.235637983785704351e-03
3.721519591999999932e-01,3.235622677619662269e-03
3.721631401000000117e-01,3.235607372230490941e-03
3.721910909000000212e-01,3.235569108347332613e-03
3.721966809000000209e-01,3.235561456080864994e-03
3.722134501000000095e-01,3.235538498642512740e-03
3.722302185999999957e-01,3.235515541187979852e-03
3.722413970999999822e-01,3.235500236437735804e-03
3.722525752999999993e-01,3.235484932092185829e-03
3.722581643000000273e-01,3.235477280108279077e-03
3.722805194000000095e-01,3.235446671525723811e-03
3.723028731999999952e-01,3.235416063799866505e-03
3.723308135000000241e-01,3.235377804667266630e-03
3.723419890999999926e-01,3.235362501496472261e-03
3.723475767000000158e-01,3.235354850065851658e-03
3.723643390999999969e-01,3.235331895779477648e-03
3.723755136999999937e-01,3.235316592922030283e-03
3.724146219000000202e-01,3.235263034453079653e-03
3.724313812999999751e-01,3.235240080957208289e-03
3.724593119999999868e-01,3.235201826812469234e-03
3.724984114000000068e-01,3.235148271959599996e-03
3.725095818999999975e-01,3.235132970815748042e-03
3.725263370999999935e-01,3.235110020339387101e-03
3.725486760999999758e-01,3.235079418628352983e-03
3.725542606000000201e-01,3.235071768690762472e-03
3.725933500999999981e-01,3.235018218738393812e-03
3.726156850999999826e-01,3.234987619596389318e-03
3.726826819999999874e-01,3.234895825722919078e-03
3.726994294000000041e-01,3.234872877904859667e-03
3.727050116999999774e-01,3.234865228596156290e-03
3.727329218000000055e-01,3.234826984010553703e-03
3.727496668999999985e-01,3.234804036915310196e-03
3.728557017999999945e-01,3.234658716551735112e-03
3.728612816999999913e-01,3.234651068241061519e-03
3.728668615999999880e-01,3.234643420401333257e-03
3.728780210000000039e-01,3.234628124656437759e-03
3.728836005999999759e-01,3.234620476979470794e-03
3.729003390000000251e-01,3.234597532775583279e-03
3.729449707999999974e-01,3.234536352373081330e-03
3.729672848000000207e-01,3.234505762415063306e-03
3.730007531999999792e-01,3.234459879178073951e-03
3.730174862000000258e-01,3.234436938121100155e-03
3.730565271999999877e-01,3.234383409806597040e-03
3.730621041000000138e-01,3.234375763412381324e-03
3.730788344000000034e-01,3.234352823925400796e-03
3.731290208999999969e-01,3.234284006018512108e-03
3.731345966999999875e-01,3.234276359800723408e-03
3.731513237999999899e-01,3.234253421550801078e-03
3.731792005999999828e-01,3.234215191677882253e-03
3.731959255999999781e-01,3.234192254103314661e-03
3.732349479000000025e-01,3.234138735019282535e-03
3.732683922999999737e-01,3.234092862192525751e-03
3.732851133999999793e-01,3.234069927020571857e-03
3.733074069000000272e-01,3.234039346957696699e-03
3.733129801000000247e-01,3.234031701711642410e-03
3.733296991999999759e-01,3.234008767329786538e-03
3.733575626999999786e-01,3.233970543570275670e-03
3.733965679999999843e-01,3.233917031539646110e-03
3.734132833000000096e-01,3.233894098241970726e-03
3.734467117999999974e-01,3.233848233721742151e-03
3.734634247999999990e-01,3.233825301324949001e-03
3.734857078000000108e-01,3.233794725980233299e-03
3.735024190999999827e-01,3.233771794984083639e-03
3.735079894000000178e-01,3.233764151403549503e-03
3.735302696999999728e-01,3.233733577217594822e-03
3.735525486999999867e-01,3.233703003754857200e-03
3.735803954999999954e-01,3.233664787676756528e-03
3.735971026000000084e-01,3.233641858032445648e-03
3.736193776000000244e-01,3.233611286349368213e-03
3.736583555999999917e-01,3.233557787018513478e-03
3.736639234999999948e-01,3.233550144677351228e-03
3.736806268999999792e-01,3.233527217440686913e-03
3.737140313999999797e-01,3.233481363184443746e-03
3.737307324999999958e-01,3.233458436645479574e-03
3.737474329000000095e-01,3.233435510202068309e-03
3.737529995000000160e-01,3.233427868207113930e-03
3.737585661000000226e-01,3.233420226623723130e-03
3.737975296000000114e-01,3.233366734309836565e-03
3.738197925999999782e-01,3.233336167465792384e-03
3.738643146999999778e-01,3.233275037483652331e-03
3.739088314999999829e-01,3.233213908824604521e-03
3.739310879000000143e-01,3.233183345156620883e-03
3.739366518000000195e-01,3.233175704980129420e-03
3.739700334000000126e-01,3.233129861677595546e-03
3.739811599000000264e-01,3.233114580524396389e-03
3.739978491000000016e-01,3.233091659256582488e-03
3.740201001999999830e-01,3.233061098363207517e-03
3.740367876999999841e-01,3.233038178365927641e-03
3.740645985000000118e-01,3.232999978785190340e-03
3.740868455999999953e-01,3.232969419635997859e-03
3.741090913999999823e-01,3.232938861796259226e-03
3.741313358999999727e-01,3.232908303410989958e-03
3.741480184000000042e-01,3.232885385787336117e-03
3.741535790000000139e-01,3.232877746841797493e-03
3.742036213000000111e-01,3.232808995187558005e-03
3.742203005999999998e-01,3.232786078760041971e-03
3.742480977000000042e-01,3.232747885850900237e-03
3.742647749999999940e-01,3.232724970108689314e-03
3.742870101999999921e-01,3.232694416336218471e-03
3.743370347000000153e-01,3.232625672999589906e-03
3.743703805999999967e-01,3.232579846340363425e-03
3.743981666000000263e-01,3.232541658059806967e-03
3.744592884999999871e-01,3.232457647714087005e-03
3.744815121999999774e-01,3.232427099301592947e-03
3.745315106000000061e-01,3.232358368028963487e-03
3.745537299999999736e-01,3.232327821601708225e-03
3.745592846999999947e-01,3.232320185805242618e-03
3.745703937000000039e-01,3.232304912373641127e-03
3.745981648999999747e-01,3.232266730937033688e-03
3.746037187999999851e-01,3.232259095438832965e-03
3.746481476999999893e-01,3.232198007435951956e-03
3.746592541000000054e-01,3.232182735396983871e-03
3.746814659000000103e-01,3.232152192742439919e-03
3.747314377000000030e-01,3.232083474175340230e-03
3.747536451999999851e-01,3.232052933809531018e-03
3.747980564000000236e-01,3.231991853953134364e-03
3.748202600000000162e-01,3.231961314829186801e-03
3.748646632000000034e-01,3.231900239251224525e-03
3.748868627999999981e-01,3.231869701981640412e-03
3.749146105000000229e-01,3.231831531786450058e-03
3.749534539000000111e-01,3.231778094336489830e-03
3.749590025999999798e-01,3.231770460516488787e-03
3.750033893999999979e-01,3.231709392004037448e-03
3.750200330999999832e-01,3.231686492153780944e-03
3.750366760000000133e-01,3.231663592594643131e-03
3.750477709000000215e-01,3.231648325913629577e-03
3.750644126000000078e-01,3.231625427143376347e-03
3.750810535999999917e-01,3.231602528057362679e-03
3.750866004000000253e-01,3.231594895658369913e-03
3.751087868999999908e-01,3.231564364594101142e-03
3.751365181999999909e-01,3.231526201503245703e-03
3.751808839999999923e-01,3.231465142812941799e-03
3.751975197999999900e-01,3.231442246906650242e-03
3.752141548999999854e-01,3.231419350313537425e-03
3.752695998000000199e-01,3.231343032933633921e-03
3.752806879000000206e-01,3.231327770308298469e-03
3.753084064000000164e-01,3.231289613002903249e-03
3.753139498999999990e-01,3.231281981850417720e-03
3.753305798000000082e-01,3.231259088114460387e-03
3.753472090000000150e-01,3.231236195244246729e-03
3.753527519000000034e-01,3.231228564224998372e-03
3.753693800999999830e-01,3.231205671025562821e-03
3.753970920999999961e-01,3.231167517009567603e-03
3.754358855000000106e-01,3.231114103102423508e-03
3.754469685999999862e-01,3.231098842436614348e-03
3.754580513999999924e-01,3.231083581777721963e-03
3.754857569000000228e-01,3.231045430867852779e-03
3.755300813999999932e-01,3.230984391633021698e-03
3.755356215999999803e-01,3.230976761612142697e-03
3.755467016999999852e-01,3.230961502360602845e-03
3.755522417000000113e-01,3.230953872642112600e-03
3.755799402000000176e-01,3.230915724590338253e-03
3.756187147000000226e-01,3.230862319595784009e-03
3.756353311000000250e-01,3.230839432546880365e-03
3.756851760000000096e-01,3.230770772203600105e-03
3.757017894999999941e-01,3.230747886249415394e-03
3.757073270999999881e-01,3.230740257873198663e-03
3.757460885000000195e-01,3.230686858171578912e-03
3.757571624000000110e-01,3.230671602022460159e-03
3.757959187000000090e-01,3.230618205754459682e-03
3.758125272000000239e-01,3.230595321546550405e-03
3.758180633000000048e-01,3.230587693816316941e-03
3.758623486000000069e-01,3.230526672346419048e-03
3.758789542000000039e-01,3.230503790083373312e-03
3.759010939999999912e-01,3.230473281094636481e-03
3.759287667999999805e-01,3.230435144858135720e-03
3.759343010999999790e-01,3.230427517802694510e-03
3.759509035999999971e-01,3.230404637407666233e-03
3.759951732999999852e-01,3.230343623486516425e-03
3.760173061000000039e-01,3.230313117575639176e-03
3.760671003000000123e-01,3.230244481105354511e-03
3.760781648000000033e-01,3.230229228707638591e-03
3.760836969999999946e-01,3.230221602629266067e-03
3.761279510000000159e-01,3.230160596085052994e-03
3.761445448999999885e-01,3.230137719168391184e-03
3.761500761000000082e-01,3.230130093705177192e-03
3.761556071000000112e-01,3.230122468066134230e-03
3.761666690000000091e-01,3.230107216806129763e-03
3.762440931000000099e-01,3.230000465033596498e-03
3.762606819000000047e-01,3.229977590243517452e-03
3.762772698999999887e-01,3.229954716679468534e-03
3.762827991000000094e-01,3.229947091782202871e-03
3.763270296999999820e-01,3.229886096130673255e-03
3.763491431000000054e-01,3.229855598827333432e-03
3.763767829999999925e-01,3.229817478263730546e-03
3.764320566000000090e-01,3.229741241156229483e-03
3.764596903999999911e-01,3.229703123546937005e-03
3.764652169000000104e-01,3.229695499635632655e-03
3.764817959999999797e-01,3.229672629538183140e-03
3.764983742999999938e-01,3.229649760144828394e-03
3.765039002000000190e-01,3.229642137193307078e-03
3.765094260999999887e-01,3.229634514356300931e-03
3.765481049000000136e-01,3.229581153420907954e-03
3.765923043000000137e-01,3.229520172729967963e-03
3.765978288999999868e-01,3.229512549609918261e-03
3.766088778000000192e-01,3.229497305082512214e-03
3.766144021000000230e-01,3.229489682669811190e-03
3.766309746000000014e-01,3.229466815492491091e-03
3.767027801999999759e-01,3.229367729666692433e-03
3.767303940999999767e-01,3.229329621953674727e-03
3.767635281999999752e-01,3.229283893492872030e-03
3.767745721999999908e-01,3.229268650784856108e-03
3.767911375999999923e-01,3.229245786949780025e-03
3.768077023999999997e-01,3.229222923782848736e-03
3.768132237999999856e-01,3.229215302618291660e-03
3.768573921000000215e-01,3.229154335957318961e-03
3.768629128000000050e-01,3.229146715700598191e-03
3.769015553000000240e-01,3.229093371804000936e-03
3.769070753000000051e-01,3.229085751584501261e-03
3.769236349000000263e-01,3.229062890877521484e-03
3.769457132999999849e-01,3.229032410278917346e-03
3.769622711999999765e-01,3.229009550558063681e-03
3.769898661000000151e-01,3.228971450740803807e-03
3.769953847999999996e-01,3.228963831248981165e-03
3.770119405999999840e-01,3.228940972395775467e-03
3.770505678000000138e-01,3.228887635767042474e-03
3.770560855999999794e-01,3.228880016559232229e-03
3.771002254999999970e-01,3.228819062803266020e-03
3.771388437000000038e-01,3.228765731136045564e-03
3.771609094000000217e-01,3.228735256581220184e-03
3.771719418000000212e-01,3.228720019249834393e-03
3.772050370000000208e-01,3.228674308512497620e-03
3.772601892999999929e-01,3.228598127703807222e-03
3.772767334000000083e-01,3.228575274277086741e-03
3.772932768000000214e-01,3.228552421145828698e-03
3.773208475000000006e-01,3.228514333488449132e-03
3.773429025999999742e-01,3.228483863888285434e-03
3.773484161999999809e-01,3.228476246533008940e-03
3.773870088999999872e-01,3.228422925959569759e-03
3.773925218999999998e-01,3.228415309052867169e-03
3.774090601999999794e-01,3.228392458349779639e-03
3.774366223999999770e-01,3.228354374605025504e-03
3.774752062000000241e-01,3.228301058262598132e-03
3.774972522000000219e-01,3.228270592945039520e-03
3.775192969999999759e-01,3.228240128033031068e-03
3.775248079999999895e-01,3.228232511890661086e-03
3.775413404999999889e-01,3.228209663558668629e-03
3.775578722999999859e-01,3.228186816414054059e-03
3.775854236999999780e-01,3.228148737606561028e-03
3.776515388000000195e-01,3.228057352182099778e-03
3.776570477999999786e-01,3.228049737049570444e-03
3.776901005000000144e-01,3.228004046341269827e-03
3.776956090999999960e-01,3.227996431055678034e-03
3.777011175000000165e-01,3.227988816545728380e-03
3.777176422999999894e-01,3.227965972060454873e-03
3.777396741999999863e-01,3.227935513349673453e-03
3.777561972999999851e-01,3.227912669382156791e-03
3.777837341999999987e-01,3.227874597865460632e-03
3.778057623000000143e-01,3.227844140229979650e-03
3.778332956000000076e-01,3.227806070332653494e-03
3.778443082999999869e-01,3.227790842315128583e-03
3.778663328999999904e-01,3.227760386754686527e-03
3.778718388000000261e-01,3.227752773227846733e-03
3.779213886000000189e-01,3.227684251180698398e-03
3.779323988000000134e-01,3.227669024530070100e-03
3.779379037000000219e-01,3.227661411575912399e-03
3.779654273999999980e-01,3.227623345853165761e-03
3.779984531000000203e-01,3.227577668195278759e-03
3.780039572000000181e-01,3.227570055348436689e-03
3.780204687000000008e-01,3.227547217122872514e-03
3.780424829999999847e-01,3.227516766577962718e-03
3.780479863000000273e-01,3.227509154356131543e-03
3.780534896000000145e-01,3.227501542015584132e-03
3.780699989999999899e-01,3.227478704873199510e-03
3.780975131000000045e-01,3.227440643218542921e-03
3.781360294000000177e-01,3.227387359474978394e-03
3.781800431999999823e-01,3.227326465723575136e-03
3.781965469999999940e-01,3.227303630581249486e-03
3.782020481999999739e-01,3.227296018989788198e-03
3.782185511000000222e-01,3.227273185142268824e-03
3.782295526000000185e-01,3.227257962256425451e-03
3.782460543000000230e-01,3.227235128720941197e-03
3.782680554000000250e-01,3.227204684914204789e-03
3.782845553999999999e-01,3.227181852240564551e-03
3.782900552999999833e-01,3.227174241547707805e-03
3.783175532999999979e-01,3.227136187558214426e-03
3.784495159999999858e-01,3.226953543197147705e-03
3.784605108999999912e-01,3.226938323722144085e-03
3.784660081999999814e-01,3.226930714530648441e-03
3.784879964999999791e-01,3.226900275929113319e-03
3.785099835999999884e-01,3.226869838145953514e-03
3.785264730999999827e-01,3.226847011010653896e-03
3.785374656000000115e-01,3.226831792030915129e-03
3.785484579000000238e-01,3.226816573946489700e-03
3.785814328000000062e-01,3.226770920778530144e-03
3.785979191000000132e-01,3.226748094144445047e-03
3.786144048000000262e-01,3.226725267958091645e-03
3.786253948000000147e-01,3.226710051163713278e-03
3.786638574000000257e-01,3.226656792600943267e-03
3.787078098000000170e-01,3.226595927566362765e-03
3.787297841000000220e-01,3.226565496252014990e-03
3.787956994000000188e-01,3.226474205414438072e-03
3.788121764999999863e-01,3.226451383233515640e-03
3.788451284000000086e-01,3.226405740597704588e-03
3.788616032000000078e-01,3.226382920088370371e-03
3.788835685999999980e-01,3.226352492367011784e-03
3.789055328000000000e-01,3.226322065995301455e-03
3.789714175000000185e-01,3.226230789901089920e-03
3.789769072999999988e-01,3.226223183851146398e-03
3.789878869000000150e-01,3.226207971569965572e-03
3.790208234999999926e-01,3.226162335529651239e-03
3.790372906999999736e-01,3.226139518688271417e-03
3.790757115000000232e-01,3.226086279857949286e-03
3.791031524999999847e-01,3.226048252945885181e-03
3.791251038999999823e-01,3.226017832520103063e-03
3.791690028999999962e-01,3.225956993580523288e-03
3.791909505000000125e-01,3.225926574261932332e-03
3.792512997999999969e-01,3.225842925448100130e-03
3.792732426000000046e-01,3.225812509322870548e-03
3.792842135000000225e-01,3.225797301158867241e-03
3.793171243999999831e-01,3.225751678170489609e-03
3.793280941000000128e-01,3.225736470854687152e-03
3.793664854000000086e-01,3.225683245777786600e-03
3.793719696000000252e-01,3.225675642793433395e-03
3.793884215000000171e-01,3.225652832048642952e-03
3.794158400000000042e-01,3.225614816695381807e-03
3.794268068000000160e-01,3.225599610957397521e-03
3.794322900000000054e-01,3.225592007567915261e-03
3.794487394000000124e-01,3.225569198933719937e-03
3.794761535000000241e-01,3.225531185119854139e-03
3.794980833000000109e-01,3.225500774668362512e-03
3.795035654999999730e-01,3.225493172207865439e-03
3.795145298000000000e-01,3.225477967558530723e-03
3.795200118000000011e-01,3.225470364936907763e-03
3.795638651000000086e-01,3.225409547538576373e-03
3.795803087999999881e-01,3.225386741330542317e-03
3.795857899000000257e-01,3.225379139430390851e-03
3.796241551000000269e-01,3.225325927333104643e-03
3.796351158999999864e-01,3.225310723616613140e-03
3.796679963999999852e-01,3.225265115301348927e-03
3.796789559000000036e-01,3.225249912799522511e-03
3.796953946000000135e-01,3.225227109041130941e-03
3.797173117000000042e-01,3.225196704458435214e-03
3.797775774000000104e-01,3.225113096071873051e-03
3.798104454999999824e-01,3.225067493630257628e-03
3.798268785000000203e-01,3.225044692078742666e-03
3.798487879999999928e-01,3.225014291357325858e-03
3.798652194000000093e-01,3.224991491570339090e-03
3.798706962999999770e-01,3.224983892063772520e-03
3.798980799000000186e-01,3.224945892112042987e-03
3.799418896000000267e-01,3.224885095551252492e-03
3.799583168999999816e-01,3.224862297613548603e-03
3.799747434999999895e-01,3.224839500062755271e-03
3.799802188999999997e-01,3.224831900525373940e-03
3.800185442999999830e-01,3.224778707315047004e-03
3.800404427999999890e-01,3.224748311540746697e-03
3.800459172000000274e-01,3.224740713247556314e-03
3.800732882000000257e-01,3.224702719777011294e-03
3.800897098000000085e-01,3.224679924551253959e-03
3.801116042000000084e-01,3.224649531026244249e-03
3.801280242000000253e-01,3.224626736566614960e-03
3.801553892000000268e-01,3.224588745556939123e-03
3.802155854000000001e-01,3.224505170586216066e-03
3.802210572999999982e-01,3.224497572683532754e-03
3.802429441999999882e-01,3.224467183118214994e-03
3.802921848999999965e-01,3.224398808768356387e-03
3.803031264999999772e-01,3.224383614749785736e-03
3.803085970999999788e-01,3.224376017269713589e-03
3.803523595000000146e-01,3.224315243302660738e-03
3.803687689999999955e-01,3.224292453515644006e-03
3.803906474000000038e-01,3.224262067604378567e-03
3.804234624999999759e-01,3.224216490438922781e-03
3.804398689999999861e-01,3.224193702216938007e-03
3.804617432999999882e-01,3.224163318707281428e-03
3.804672116000000215e-01,3.224155722997327621e-03
3.805000202000000109e-01,3.224110148906134034e-03
3.805109556999999865e-01,3.224094957243844786e-03
3.805492276999999923e-01,3.224041789956819982e-03
3.805546947999999818e-01,3.224034194364739769e-03
3.805710956999999728e-01,3.224011408886909725e-03
3.805984287999999993e-01,3.223973434013971233e-03
3.806312260999999975e-01,3.223927864846356118e-03
3.806366919999999987e-01,3.223920270484847538e-03
3.806530893000000249e-01,3.223897486734439086e-03
3.806585549000000013e-01,3.223889892122859709e-03
3.807022769999999778e-01,3.223829137272963500e-03
3.807296008000000120e-01,3.223791166399170207e-03
3.807678507999999740e-01,3.223738009317432540e-03
3.808060969000000018e-01,3.223684853893427852e-03
3.808115603000000182e-01,3.223677260454403583e-03
3.808170236999999791e-01,3.223669667370960331e-03
3.808279500999999789e-01,3.223654481070776807e-03
3.808498021000000233e-01,3.223624107238334119e-03
3.808607276000000041e-01,3.223608921352801981e-03
3.809044265000000040e-01,3.223548177504371136e-03
3.809645043000000064e-01,3.223464659394571167e-03
3.809808874999999762e-01,3.223441882125042783e-03
3.810081912000000126e-01,3.223403921333571620e-03
3.810245725999999999e-01,3.223381145427826888e-03
3.810518732000000020e-01,3.223343185567524496e-03
3.810737122999999782e-01,3.223312818544802130e-03
3.810791719000000133e-01,3.223305226904196914e-03
3.810900908000000031e-01,3.223290044152839120e-03
3.810955502000000217e-01,3.223282452702395592e-03
3.811610563000000229e-01,3.223191357589623093e-03
3.811992629000000021e-01,3.223138221296600360e-03
3.812483802000000144e-01,3.223069906037964120e-03
3.812702079999999993e-01,3.223039544728999346e-03
3.813356841000000164e-01,3.222948463903650956e-03
3.813411399000000146e-01,3.222940873785230462e-03
3.813520512999999945e-01,3.222925694500087829e-03
3.813575068999999762e-01,3.222918104525606016e-03
3.813738731999999909e-01,3.222895335830772406e-03
3.813847837000000074e-01,3.222880157359217252e-03
3.814011488999999866e-01,3.222857388995794322e-03
3.814229679999999734e-01,3.222827031452563367e-03
3.814393314999999784e-01,3.222804263774410420e-03
3.814666024000000211e-01,3.222766319000924806e-03
3.814720563999999814e-01,3.222758730137671723e-03
3.814884177999999793e-01,3.222735963922539019e-03
3.815047784999999747e-01,3.222713197044022905e-03
3.815156853000000181e-01,3.222698020630165080e-03
3.815320448000000253e-01,3.222675254693160591e-03
3.815484035999999746e-01,3.222652489343262854e-03
3.815538564000000021e-01,3.222644901112097036e-03
3.816029280000000079e-01,3.222576608158538285e-03
3.816138318999999779e-01,3.222561431963759122e-03
3.816410903999999937e-01,3.222523493008644033e-03
3.816628958000000127e-01,3.222493142283641351e-03
3.816846998999999796e-01,3.222462792366268241e-03
3.816901508000000165e-01,3.222455204857804269e-03
3.817010522000000017e-01,3.222440030556884306e-03
3.817283045000000041e-01,3.222402094175454840e-03
3.817337546999999831e-01,3.222394507540007804e-03
3.818154986000000251e-01,3.222280705370618361e-03
3.818372939999999938e-01,3.222250359731144466e-03
3.818754329999999864e-01,3.222197255597281616e-03
3.818972250000000068e-01,3.222166911738517416e-03
3.819081206000000117e-01,3.222151740133158242e-03
3.819244633000000166e-01,3.222128982348276393e-03
3.819625936000000110e-01,3.222075883378750817e-03
3.819898272000000206e-01,3.222037956202226418e-03
3.819952736000000182e-01,3.222030371246562431e-03
3.820116125999999945e-01,3.222007615782631739e-03
3.820279509000000240e-01,3.221984860158520151e-03
3.820333968999999885e-01,3.221977274739025801e-03
3.820715163000000247e-01,3.221924181057240523e-03
3.820769615999999869e-01,3.221916596564409433e-03
3.820824067999999962e-01,3.221909011319434770e-03
3.821205214000000239e-01,3.221855920134731894e-03
3.821259659999999836e-01,3.221848335486300879e-03
3.822021825999999955e-01,3.221742158294386808e-03
3.822511708999999924e-01,3.221673905099536970e-03
3.822566136000000170e-01,3.221666321612747484e-03
3.822729415000000186e-01,3.221643571031262802e-03
3.823001529000000231e-01,3.221605654980986763e-03
3.823164788999999786e-01,3.221582905934830803e-03
3.823382457000000234e-01,3.221552573657801306e-03
3.823763347999999951e-01,3.221499494306897127e-03
3.823817756999999817e-01,3.221491911765300784e-03
3.823872166000000239e-01,3.221484329922579860e-03
3.824035389000000063e-01,3.221461581954211499e-03
3.824307411000000267e-01,3.221423670123707995e-03
3.824470614000000102e-01,3.221400923940249093e-03
3.824633810999999994e-01,3.221378177454268295e-03
3.824688209000000061e-01,3.221370595026146720e-03
3.825177750000000043e-01,3.221302359272051885e-03
3.825340917000000229e-01,3.221279614265917714e-03
3.825612845999999956e-01,3.221241707174315322e-03
3.825721611999999827e-01,3.221226544809864534e-03
3.825775994000000235e-01,3.221218963025635450e-03
3.825939134999999935e-01,3.221196219664302328e-03
3.825993514000000095e-01,3.221188638523499962e-03
3.826482889000000220e-01,3.221120410264914549e-03
3.826917836000000017e-01,3.221059765921518124e-03
3.827080928000000104e-01,3.221037023962026753e-03
3.827298373999999948e-01,3.221006703385312017e-03
3.827461449999999821e-01,3.220983962646987043e-03
3.827733228999999904e-01,3.220946063134190289e-03
3.828222380999999896e-01,3.220877845447710133e-03
3.828385417999999873e-01,3.220855107555879032e-03
3.828602789000000173e-01,3.220824789866580298e-03
3.829417822999999776e-01,3.220711104733429628e-03
3.829906759999999744e-01,3.220642898078847523e-03
3.830124046000000226e-01,3.220612584952852082e-03
3.830341319000000189e-01,3.220582271676451780e-03
3.830395635000000132e-01,3.220574694061051606e-03
3.830558579000000186e-01,3.220551960027905579e-03
3.830993064000000059e-01,3.220491337594295640e-03
3.831155983000000265e-01,3.220468605540991250e-03
3.831590398999999980e-01,3.220407986172694505e-03
3.831644698000000182e-01,3.220400408834629778e-03
3.831807588999999736e-01,3.220377677862745064e-03
3.831861885000000245e-01,3.220370100589469223e-03
3.832133350999999966e-01,3.220332215968215329e-03
3.832296221000000003e-01,3.220309485723215747e-03
3.832567655999999934e-01,3.220271602442849324e-03
3.832676225000000159e-01,3.220256449616795084e-03
3.833436120000000003e-01,3.220150383186618469e-03
3.833544663999999824e-01,3.220135231241641558e-03
3.833598934999999930e-01,3.220127655245107450e-03
3.834033075000000124e-01,3.220067049924738457e-03
3.834304386999999870e-01,3.220029172837189126e-03
3.834412906999999926e-01,3.220014022233166906e-03
3.834467166000000149e-01,3.220006446850016708e-03
3.834738447000000106e-01,3.219968571576464680e-03
3.835063960000000272e-01,3.219923122243051154e-03
3.835118209000000222e-01,3.219915547067922490e-03
3.835280952999999826e-01,3.219892823326383005e-03
3.835552177000000063e-01,3.219854950526351497e-03
3.835931858000000139e-01,3.219801929714126432e-03
3.835986095999999734e-01,3.219794355272000835e-03
3.836040332000000275e-01,3.219786781624128357e-03
3.836365734000000138e-01,3.219741337059631430e-03
3.836419965000000265e-01,3.219733763863346504e-03
3.836853785000000072e-01,3.219673173686529288e-03
3.836908010000000258e-01,3.219665599773108809e-03
3.837016455000000215e-01,3.219650453226932229e-03
3.837070677000000152e-01,3.219642880107540656e-03
3.837341774999999955e-01,3.219605012993265267e-03
3.837721278999999819e-01,3.219552001954157413e-03
3.837883912000000231e-01,3.219529282389283886e-03
3.838154952000000231e-01,3.219491418777848009e-03
3.838371770999999821e-01,3.219461128689053622e-03
3.838534376000000137e-01,3.219438411741853967e-03
3.838642776000000256e-01,3.219423266579298469e-03
3.839455677999999983e-01,3.219309685996320138e-03
3.839509865999999882e-01,3.219302113855844298e-03
3.839618237999999906e-01,3.219286970756364639e-03
3.840105876000000085e-01,3.219218827900141491e-03
3.840485107000000120e-01,3.219165829724737228e-03
3.840755963999999967e-01,3.219127974417363650e-03
3.840810132999999960e-01,3.219120403633337919e-03
3.840972635000000079e-01,3.219097691792413476e-03
3.841135131000000258e-01,3.219074979735358534e-03
3.841243456999999806e-01,3.219059838192236348e-03
3.841351780999999743e-01,3.219044697258325195e-03
3.841405941000000102e-01,3.219037126858274867e-03
3.841622576000000011e-01,3.219006845704463875e-03
3.842109959000000186e-01,3.218938714498381214e-03
3.842218258000000275e-01,3.218923574636242940e-03
3.842272406999999723e-01,3.218916004949778920e-03
3.842543137000000164e-01,3.218878156493376087e-03
3.842867989000000040e-01,3.218832740040179340e-03
3.843301081000000119e-01,3.218772185665744016e-03
3.843409346000000171e-01,3.218757047943754477e-03
3.843842377999999727e-01,3.218696496321178224e-03
3.844004751999999803e-01,3.218673790295337872e-03
3.844221239999999762e-01,3.218643516698612480e-03
3.844275360000000141e-01,3.218635948324568251e-03
3.844654180000000032e-01,3.218582970386273286e-03
3.844708293999999915e-01,3.218575402067772300e-03
3.844870631999999788e-01,3.218552697755176946e-03
3.845032963000000192e-01,3.218529994013439623e-03
3.845303499000000125e-01,3.218492154536852813e-03
3.845465811000000067e-01,3.218469452135168992e-03
3.845519914000000150e-01,3.218461884684055332e-03
3.845682216999999903e-01,3.218439181915029503e-03
3.845952706999999915e-01,3.218401345264956890e-03
3.846439542000000267e-01,3.218333241437707371e-03
3.846601807000000206e-01,3.218310541177718358e-03
3.847250796000000195e-01,3.218219742310826983e-03
3.847304873999999875e-01,3.218212175477912825e-03
3.847413027000000096e-01,3.218197042700151472e-03
3.847467102000000083e-01,3.218189476502066309e-03
3.847737466999999745e-01,3.218151645837114515e-03
3.848548446999999761e-01,3.218038159860286788e-03
3.848602506000000090e-01,3.218030594962183015e-03
3.848764680000000271e-01,3.218007898401469263e-03
3.848926845999999791e-01,3.217985203060119530e-03
3.849197108999999895e-01,3.217947377636713648e-03
3.849845660999999808e-01,3.217856600085012772e-03
3.850007782000000045e-01,3.217833906730768398e-03
3.850223931999999794e-01,3.217803649314505791e-03
3.850710226999999874e-01,3.217735572303248408e-03
3.851142437000000252e-01,3.217675061790145619e-03
3.851358523999999783e-01,3.217644807433122072e-03
3.851520581000000276e-01,3.217622116775021354e-03
3.851574598999999988e-01,3.217614553618236475e-03
3.851790661000000227e-01,3.217584300582124190e-03
3.851952699999999785e-01,3.217561611047862341e-03
3.852006712000000110e-01,3.217554047747842646e-03
3.852492780999999811e-01,3.217485982017264344e-03
3.852600788000000165e-01,3.217470857033029232e-03
3.852654790999999745e-01,3.217463294175762576e-03
3.852924790999999738e-01,3.217425481400005248e-03
3.853086782999999849e-01,3.217402794807273664e-03
3.853518725999999783e-01,3.217342297348190546e-03
3.853734679999999968e-01,3.217312049463711288e-03
3.854220532000000032e-01,3.217243994883308821e-03
3.854598374000000049e-01,3.217191064960547246e-03
3.855192050999999842e-01,3.217107893020033221e-03
3.855461874000000178e-01,3.217070090129582876e-03
3.855515836000000252e-01,3.217062529152617256e-03
3.855677718000000143e-01,3.217039847478430845e-03
3.855893550999999753e-01,3.217009605264017132e-03
3.855947506999999885e-01,3.217002045397675258e-03
3.856055418000000068e-01,3.216986924592702985e-03
3.856325179999999797e-01,3.216949124312393909e-03
3.856702815999999978e-01,3.216896205035593443e-03
3.856810705000000006e-01,3.216881085499668103e-03
3.857134354999999792e-01,3.216835727684895768e-03
3.857188294000000184e-01,3.216828168419557082e-03
3.857404041999999977e-01,3.216797930558616247e-03
3.857673710000000256e-01,3.216760134626486974e-03
3.857781572000000270e-01,3.216745016501201902e-03
3.858105139999999933e-01,3.216699662819925629e-03
3.858644359999999773e-01,3.216624076427573864e-03
3.858913941000000070e-01,3.216586284874037999e-03
3.858967855000000058e-01,3.216578726593611551e-03
3.859129593000000247e-01,3.216556051835810573e-03
3.859291323999999856e-01,3.216533378217459674e-03
3.859345231999999903e-01,3.216525820029845703e-03
3.859560859999999760e-01,3.216495588111671546e-03
3.859776475000000207e-01,3.216465357297398648e-03
3.859830376999999757e-01,3.216457800107686959e-03
3.860207669999999869e-01,3.216404897554488596e-03
3.860261566000000033e-01,3.216397340311625847e-03
3.860584926000000250e-01,3.216351996656125357e-03
3.860692707000000223e-01,3.216336882946941450e-03
3.860854371999999923e-01,3.216314212387925021e-03
3.861069914999999964e-01,3.216283984637151663e-03
3.861231565000000088e-01,3.216261314674585207e-03
3.861716472999999761e-01,3.216193306177750691e-03
3.861985840000000114e-01,3.216155525734281685e-03
3.862309056000000074e-01,3.216110189039081153e-03
3.862847688000000113e-01,3.216034632197716046e-03
3.863224686000000241e-01,3.215981744544755411e-03
3.863440096999999906e-01,3.215951524171535483e-03
3.863655496000000245e-01,3.215921303711223762e-03
3.863709343999999768e-01,3.215913748561761987e-03
3.863817037999999759e-01,3.215898639027875341e-03
3.864086258000000162e-01,3.215860865446895644e-03
3.864301620999999742e-01,3.215830646827576560e-03
3.864570808000000190e-01,3.215792874862369050e-03
3.864678476999999779e-01,3.215777766624401939e-03
3.864947637999999741e-01,3.215739995717102531e-03
3.865162952999999790e-01,3.215709779607690225e-03
3.865432079000000187e-01,3.215672010538739734e-03
3.865593547000000241e-01,3.215649349408335276e-03
3.865755007000000187e-01,3.215626688487083391e-03
3.865862642999999821e-01,3.215611581572255361e-03
3.866024091999999968e-01,3.215588922334790267e-03
3.866185535000000173e-01,3.215566262135525089e-03
3.866239347000000048e-01,3.215558708743086660e-03
3.866723626999999941e-01,3.215490732036278484e-03
3.866885039999999885e-01,3.215468073971425745e-03
3.867476831000000170e-01,3.215384995821759205e-03
3.867584419000000273e-01,3.215369892152217593e-03
3.867960956000000006e-01,3.215317026943589375e-03
3.868014744000000116e-01,3.215309475154051050e-03
3.868122317000000088e-01,3.215294371139669396e-03
3.868176103000000032e-01,3.215286819288225295e-03
3.868445019999999790e-01,3.215249060542671022e-03
3.868606360999999882e-01,3.215226406381651268e-03
3.868767696000000034e-01,3.215203751756228693e-03
3.868821472000000261e-01,3.215196200907942652e-03
3.868982798000000223e-01,3.215173546858898865e-03
3.869251658999999788e-01,3.215135791251441146e-03
3.869305429000000074e-01,3.215128239556666861e-03
3.869628032999999911e-01,3.215082934070121346e-03
3.869896849000000194e-01,3.215045180793046908e-03
3.870111889000000249e-01,3.215014978981335213e-03
3.870488179000000084e-01,3.214962126212072072e-03
3.870703186000000184e-01,3.214931925528385567e-03
3.870971926999999813e-01,3.214894175617691655e-03
3.871025672999999778e-01,3.214886626231999549e-03
3.871186906999999899e-01,3.214863976808950662e-03
3.871401875000000103e-01,3.214833778319793438e-03
3.871563093000000011e-01,3.214811129867723057e-03
3.871885508999999836e-01,3.214765833356633771e-03
3.872476535000000109e-01,3.214682794133835904e-03
3.872637708000000178e-01,3.214660148233107907e-03
3.872906314999999822e-01,3.214622405223096710e-03
3.873282333999999993e-01,3.214569566407259223e-03
3.873604607000000200e-01,3.214524277916139608e-03
3.873765733000000266e-01,3.214501633443019209e-03
3.873980557999999741e-01,3.214471442195916597e-03
3.874410172000000152e-01,3.214411061687604161e-03
3.874463870000000032e-01,3.214403513788158077e-03
3.874893429999999861e-01,3.214343136004234498e-03
3.875322942000000159e-01,3.214282759846556932e-03
3.875698726999999844e-01,3.214229932501156024e-03
3.875752406999999899e-01,3.214222385923237897e-03
3.875859765999999929e-01,3.214207293148952337e-03
3.875913443999999819e-01,3.214199747021278652e-03
3.876074474000000269e-01,3.214177108145991647e-03
3.876342843000000205e-01,3.214139377057478094e-03
3.876503855999999804e-01,3.214116738088608830e-03
3.876718529000000024e-01,3.214086555104019721e-03
3.876772195000000032e-01,3.214079009119584322e-03
3.876986853000000122e-01,3.214048826078548179e-03
3.877040515999999881e-01,3.214041279889543780e-03
3.877201498999999774e-01,3.214018643425447814e-03
3.877362475999999725e-01,3.213996007373402016e-03
3.877469789999999916e-01,3.213980916131247215e-03
3.877791715000000194e-01,3.213935645330705769e-03
3.877845367000000154e-01,3.213928099883722831e-03
3.878274552000000042e-01,3.213867740251436563e-03
3.878489126999999925e-01,3.213837561863675148e-03
3.878757328999999920e-01,3.213799838465473090e-03
3.879079147000000227e-01,3.213754573023851983e-03
3.879132779999999725e-01,3.213747028967971989e-03
3.879186412999999778e-01,3.213739484942810479e-03
3.879293677000000273e-01,3.213724396768134241e-03
3.879615450000000187e-01,3.213679132474036616e-03
3.879776327000000191e-01,3.213656501138040852e-03
3.880044440000000039e-01,3.213618782675643163e-03
3.880205299000000219e-01,3.213596152570429368e-03
3.880419767000000131e-01,3.213565979101982908e-03
3.880634223000000160e-01,3.213535805917675046e-03
3.880848666999999752e-01,3.213505633948916113e-03
3.880902276000000040e-01,3.213498091431224966e-03
3.881009492999999977e-01,3.213483005578240178e-03
3.881223916000000052e-01,3.213452833996011896e-03
3.881491928999999952e-01,3.213415120875777985e-03
3.881706326000000096e-01,3.213384950811623997e-03
3.882135085000000263e-01,3.213324612867367574e-03
3.882349446000000204e-01,3.213294445149280504e-03
3.882778132999999965e-01,3.213234110870879894e-03
3.883421075999999861e-01,3.213143613422092103e-03
3.883474648999999945e-01,3.213136072821944772e-03
3.883581795000000114e-01,3.213120990610992839e-03
3.883903213000000076e-01,3.213075744651087019e-03
3.884278166999999837e-01,3.213022959501851943e-03
3.884438849999999888e-01,3.213000337871433233e-03
3.884706640999999738e-01,3.212962635971958018e-03
3.884760197000000082e-01,3.212955095831240490e-03
3.884920861000000225e-01,3.212932475576096673e-03
3.885349263999999803e-01,3.212872155468009423e-03
3.886205930000000142e-01,3.212751521982709895e-03
3.886366533000000234e-01,3.212728904982733048e-03
3.886420066999999867e-01,3.212721365856339995e-03
3.886473598999999890e-01,3.212713826827468758e-03
3.886794778000000061e-01,3.212668592528329040e-03
3.886848305000000225e-01,3.212661054105311713e-03
3.886901830999999752e-01,3.212653515025104805e-03
3.887008881999999832e-01,3.212638437858365750e-03
3.887276496000000026e-01,3.212600744570464663e-03
3.887865181999999864e-01,3.212517823462361904e-03
3.887918693999999897e-01,3.212510285464206979e-03
3.888132737000000172e-01,3.212480133416930044e-03
3.888614288999999724e-01,3.212412294324592903e-03
3.888774792999999952e-01,3.212389681719174557e-03
3.889042286000000126e-01,3.212351994666703178e-03
3.889416743999999926e-01,3.212299234480807224e-03
3.889577215000000199e-01,3.212276624131022058e-03
3.889791167000000160e-01,3.212246476637059013e-03
3.889844653000000263e-01,3.212238939642724379e-03
3.889898137999999728e-01,3.212231402698968209e-03
3.890219033999999798e-01,3.212186184081077325e-03
3.890272513999999959e-01,3.212178647401351707e-03
3.890325993000000038e-01,3.212171110790779539e-03
3.890486427000000025e-01,3.212148502108423155e-03
3.891341960999999960e-01,3.212027926943223245e-03
3.891502352999999803e-01,3.212005319486246901e-03
3.891769657999999965e-01,3.211967642619606867e-03
3.891983487999999825e-01,3.211937500996098985e-03
3.892197306999999884e-01,3.211907360555416209e-03
3.892624909999999883e-01,3.211847081288477998e-03
3.892785248000000253e-01,3.211824476852703867e-03
3.893212785999999870e-01,3.211764201088606469e-03
3.893693710999999724e-01,3.211696393695350621e-03
3.893747142999999800e-01,3.211688859589890456e-03
3.893854004999999785e-01,3.211673791101384880e-03
3.894121148999999948e-01,3.211636122124308847e-03
3.894334850000000237e-01,3.211605987653695128e-03
3.894601960999999890e-01,3.211568320434866723e-03
3.894708800000000193e-01,3.211553253398879374e-03
3.894975883999999833e-01,3.211515587726531361e-03
3.895029299000000167e-01,3.211508053959493628e-03
3.895189539000000201e-01,3.211485455711498085e-03
3.895456590999999968e-01,3.211447790745526869e-03
3.895563405999999951e-01,3.211432724908968531e-03
3.895616813000000178e-01,3.211425192513511166e-03
3.895830431999999788e-01,3.211395062126644242e-03
3.896257636000000080e-01,3.211334803611388955e-03
3.896311033000000035e-01,3.211327270938693721e-03
3.896471220000000124e-01,3.211304674566501944e-03
3.896631401000000272e-01,3.211282078588218163e-03
3.896738183999999827e-01,3.211267014638841209e-03
3.896898354000000175e-01,3.211244418624501201e-03
3.897058516999999944e-01,3.211221823941701973e-03
3.897111903000000099e-01,3.211214292641423676e-03
3.897272057000000234e-01,3.211191697465157202e-03
3.897538965999999827e-01,3.211154040386065504e-03
3.897592346000000041e-01,3.211146509415598038e-03
3.897965983000000190e-01,3.211093790782831078e-03
3.898019356999999907e-01,3.211086259925289340e-03
3.898179473000000228e-01,3.211063666929797958e-03
3.898446320000000243e-01,3.211026012473263379e-03
3.898819875000000268e-01,3.210973299128592334e-03
3.898873237000000103e-01,3.210965768435254750e-03
3.898979959000000162e-01,3.210950707995679620e-03
3.899300108000000042e-01,3.210905526203803196e-03
3.899460171999999947e-01,3.210882936651454286e-03
3.899673580999999944e-01,3.210852816570421240e-03
3.899833630000000273e-01,3.210830226740538692e-03
3.900153707999999830e-01,3.210785049395818019e-03
3.900473760000000012e-01,3.210739872939807893e-03
3.900580437999999761e-01,3.210724814933723671e-03
3.900953789000000116e-01,3.210672110943940585e-03
3.901433758000000251e-01,3.210604351434302381e-03
3.901593735000000174e-01,3.210581766295989015e-03
3.901753705000000072e-01,3.210559181052318519e-03
3.902660078999999893e-01,3.210431203301185050e-03
3.902713387999999783e-01,3.210423676210940550e-03
3.902873312999999844e-01,3.210401092895411729e-03
3.903246443999999760e-01,3.210348399964356794e-03
3.903726131999999960e-01,3.210280656061275870e-03
3.903939307000000025e-01,3.210250548077651835e-03
3.903992599000000174e-01,3.210243021364370120e-03
3.904099180999999752e-01,3.210227967218054739e-03
3.904152470999999736e-01,3.210220441213035899e-03
3.904418909999999854e-01,3.210182807380992150e-03
3.904578764000000146e-01,3.210160228133033828e-03
3.904738611999999942e-01,3.210137649280595060e-03
3.904951731999999898e-01,3.210107544087053427e-03
3.905164841000000053e-01,3.210077439616705001e-03
3.905271390999999759e-01,3.210062388052447018e-03
3.905431209999999931e-01,3.210039810224971351e-03
3.905644293000000156e-01,3.210009706962876040e-03
3.905697562000000067e-01,3.210002181663812893e-03
3.905857363999999943e-01,3.209979604628363827e-03
3.906070422999999847e-01,3.209949503234897465e-03
3.906656276000000094e-01,3.209866726380782801e-03
3.906709530999999958e-01,3.209859201701165121e-03
3.906975795000000029e-01,3.209821577443569378e-03
3.907295288000000033e-01,3.209776429101429424e-03
3.907508269000000145e-01,3.209746331079075914e-03
3.907774478000000107e-01,3.209708709859405117e-03
3.908253609999999822e-01,3.209640994385805184e-03
3.908413307999999975e-01,3.209618422524493711e-03
3.908572999000000103e-01,3.209595851464742879e-03
3.908626228000000036e-01,3.209588328238793115e-03
3.909052033000000037e-01,3.209528139938139756e-03
3.909211697000000152e-01,3.209505570815163016e-03
3.909264917999999978e-01,3.209498047451013036e-03
3.909531008000000085e-01,3.209460432161938097e-03
3.909690652999999738e-01,3.209437863487274185e-03
3.909903503000000113e-01,3.209407772550910021e-03
3.909956714000000222e-01,3.209400249677378438e-03
3.910329169000000271e-01,3.209347592060634441e-03
3.910541985000000054e-01,3.209317502465246219e-03
3.910701589000000200e-01,3.209294936204567118e-03
3.910914383999999910e-01,3.209264848052280177e-03
3.911180362000000188e-01,3.209227238048632715e-03
3.911659075999999735e-01,3.209159543854695276e-03
3.911765448999999784e-01,3.209144500897782599e-03
3.911978186999999774e-01,3.209114416029296840e-03
3.912244092000000117e-01,3.209076809434753541e-03
3.912616328999999893e-01,3.209024163331789924e-03
3.912882191000000009e-01,3.208986559463389288e-03
3.912935362000000139e-01,3.208979038895548499e-03
3.913360698000000193e-01,3.208918875900886817e-03
3.913520187000000261e-01,3.208896315246532148e-03
3.913732829000000080e-01,3.208866234707540184e-03
3.913785987000000244e-01,3.208858714933556996e-03
3.914211230999999902e-01,3.208798556273099751e-03
3.914370684999999850e-01,3.208775997143649417e-03
3.914636428000000112e-01,3.208738400132056870e-03
3.914795864999999764e-01,3.208715841999099355e-03
3.915008437999999980e-01,3.208685764692932423e-03
3.915167860000000055e-01,3.208663207615500799e-03
3.915220998999999757e-01,3.208655688860370583e-03
3.915486684000000217e-01,3.208618094468221327e-03
3.915646085999999748e-01,3.208595538218614492e-03
3.916071127999999901e-01,3.208535390026402440e-03
3.916283630999999876e-01,3.208505316967985663e-03
3.916655485000000159e-01,3.208452690619842656e-03
3.916708603999999871e-01,3.208445172196024674e-03
3.916761722000000057e-01,3.208437654239667397e-03
3.916867956000000262e-01,3.208422618812795113e-03
3.917133529999999864e-01,3.208385030059252626e-03
3.917345976000000118e-01,3.208354960028550213e-03
3.917505302000000023e-01,3.208332407433736860e-03
3.917558409999999935e-01,3.208324890329597185e-03
3.917717727999999733e-01,3.208302338561407323e-03
3.917983244000000087e-01,3.208264752769606366e-03
3.918354935999999733e-01,3.208212133866372197e-03
3.918567314999999995e-01,3.208182067398450063e-03
3.918620407999999777e-01,3.208174550251861271e-03
3.918832772999999992e-01,3.208144484726396187e-03
3.919257468999999827e-01,3.208084354676471722e-03
3.919310552999999975e-01,3.208076837876366189e-03
3.919735196999999949e-01,3.208016710802515971e-03
3.920053649999999945e-01,3.207971616621698146e-03
3.920106722999999738e-01,3.207964100807212619e-03
3.920743541999999748e-01,3.207873916521752997e-03
3.920902730999999974e-01,3.207851371771639794e-03
3.920955791999999884e-01,3.207843856545919848e-03
3.921008852999999794e-01,3.207836341562610161e-03
3.921433313000000087e-01,3.207776223342399986e-03
3.921857726999999905e-01,3.207716107138618503e-03
3.921963822999999794e-01,3.207701079412474728e-03
3.922016870000000210e-01,3.207693564816631142e-03
3.922176007000000020e-01,3.207671022365042156e-03
3.922282094999999802e-01,3.207655994008162467e-03
3.922441220999999811e-01,3.207633451906581265e-03
3.922812491000000068e-01,3.207580855539010102e-03
3.923077661000000105e-01,3.207543287776794781e-03
3.923130692999999836e-01,3.207535774470098803e-03
3.923448870999999838e-01,3.207490694399710816e-03
3.923554924000000055e-01,3.207475667990212186e-03
3.923713998000000203e-01,3.207453129071812566e-03
3.923873066999999937e-01,3.207430589836546189e-03
3.924297217000000115e-01,3.207370488229321307e-03
3.924403247000000095e-01,3.207355462597462781e-03
3.924562287000000205e-01,3.207332925163413565e-03
3.924774330999999949e-01,3.207302876057959665e-03
3.924986362999999812e-01,3.207272826506750787e-03
3.925145379000000156e-01,3.207250290445442468e-03
3.925198383999999874e-01,3.207242778654161887e-03
3.925251386999999981e-01,3.207235266415050298e-03
3.925357392000000112e-01,3.207220242443007286e-03
3.925622389999999795e-01,3.207182683938947405e-03
3.925675388000000043e-01,3.207175172462353903e-03
3.926099343000000186e-01,3.207115079774092679e-03
3.926470267000000125e-01,3.207062501324654639e-03
3.926894135999999813e-01,3.207002414477333994e-03
3.927053075999999976e-01,3.206979881818112880e-03
3.927106054000000235e-01,3.206972371544469878e-03
3.927264985000000208e-01,3.206949838994984335e-03
3.928218433999999815e-01,3.206814655747582642e-03
3.928377318999999868e-01,3.206792126195705771e-03
3.928589156999999776e-01,3.206762087827129837e-03
3.928642115000000046e-01,3.206754577887497432e-03
3.928800982999999802e-01,3.206732049504538822e-03
3.928959845000000173e-01,3.206709521407279627e-03
3.929012798000000029e-01,3.206702011573215553e-03
3.929065749999999801e-01,3.206694502155518073e-03
3.929436392999999805e-01,3.206641938416684295e-03
3.929489339000000192e-01,3.206634429932416798e-03
3.929595229999999773e-01,3.206619411943288905e-03
3.930071700000000168e-01,3.206551833089995619e-03
3.930230511000000204e-01,3.206529307460283425e-03
3.930442249000000166e-01,3.206499274288749941e-03
3.931342006999999916e-01,3.206371637896173344e-03
3.931977005999999775e-01,3.206281548672856342e-03
3.932029918000000124e-01,3.206274041028373250e-03
3.932188649000000202e-01,3.206251519923822551e-03
3.932347374999999867e-01,3.206228998670158491e-03
3.932400281000000275e-01,3.206221491887280024e-03
3.932453188000000210e-01,3.206213984669945265e-03
3.932611901999999993e-01,3.206191464499355374e-03
3.932982211000000117e-01,3.206138917380725942e-03
3.933299591000000150e-01,3.206093879246725478e-03
3.933458271999999978e-01,3.206071360334565579e-03
3.933722725000000087e-01,3.206033829924975591e-03
3.933828501000000144e-01,3.206018818484837347e-03
3.933881388000000090e-01,3.206011312494766105e-03
3.934040045000000152e-01,3.205988794167368046e-03
3.934092928999999850e-01,3.205981288802712756e-03
3.934304458999999810e-01,3.205951266359780439e-03
3.934515976999999887e-01,3.205921243613457563e-03
3.934991851999999901e-01,3.205853696560487503e-03
3.935361936999999810e-01,3.205801161472871842e-03
3.935520533999999904e-01,3.205778647244197314e-03
3.935784849000000252e-01,3.205741123897829295e-03
3.936260569999999737e-01,3.205673583835181618e-03
3.936683384999999924e-01,3.205613551947201437e-03
3.937053311000000000e-01,3.205561025021882570e-03
3.937106155000000274e-01,3.205553521441930741e-03
3.937264682000000127e-01,3.205531011081376013e-03
3.937423201999999955e-01,3.205508500564329278e-03
3.937528879000000148e-01,3.205493493675529940e-03
3.937845891999999792e-01,3.205448474140132602e-03
3.937898725999999794e-01,3.205440970991278206e-03
3.938110051000000000e-01,3.205410958590947188e-03
3.938321364999999852e-01,3.205380947798598147e-03
3.938374190999999747e-01,3.205373445247049809e-03
3.938532666999999821e-01,3.205350936253687031e-03
3.938691136999999953e-01,3.205328428903282158e-03
3.938955237999999803e-01,3.205290916880204968e-03
3.939166506999999817e-01,3.205260907313312729e-03
3.939641819999999961e-01,3.205193389684251725e-03
3.939747437000000185e-01,3.205178385926319914e-03
3.940011467999999795e-01,3.205140877471996091e-03
3.940222680000000088e-01,3.205110871392591061e-03
3.940433879999999944e-01,3.205080866367200111e-03
3.940856247999999784e-01,3.205020857011444714e-03
3.940909040000000196e-01,3.205013356097526946e-03
3.941067414000000158e-01,3.204990852904558186e-03
3.941225782000000177e-01,3.204968350440164614e-03
3.941331357000000257e-01,3.204953349186603646e-03
3.941436929000000089e-01,3.204938347667249214e-03
3.941489713999999922e-01,3.204930847190967918e-03
3.941700846000000258e-01,3.204900845546994077e-03
3.941911967999999766e-01,3.204870843886683911e-03
3.942281402999999740e-01,3.204818343547803389e-03
3.942334176000000245e-01,3.204810843147940999e-03
3.942756339999999859e-01,3.204750844356336285e-03
3.942967405000000203e-01,3.204720846412559710e-03
3.943125695999999958e-01,3.204698347651933465e-03
3.943389500999999742e-01,3.204660851530822651e-03
3.943442259000000116e-01,3.204653352145403998e-03
3.943758796999999872e-01,3.204608357533232903e-03
3.943811550999999915e-01,3.204600858195663128e-03
3.944022560000000066e-01,3.204570863250999230e-03
3.944180808000000149e-01,3.204548366638326241e-03
3.944233556999999779e-01,3.204540868296879355e-03
3.944655516999999723e-01,3.204480880986165098e-03
3.944813739999999957e-01,3.204458386057272394e-03
3.944866479999999953e-01,3.204450887304160014e-03
3.945130168000000048e-01,3.204413397347919031e-03
3.945288372999999904e-01,3.204390903108913710e-03
3.945499302000000097e-01,3.204360911488918044e-03
3.945710219999999935e-01,3.204330921228102508e-03
3.945973851999999837e-01,3.204293433803058130e-03
3.946395625999999934e-01,3.204233455408332914e-03
3.947133621999999731e-01,3.204128499834031901e-03
3.947186330999999937e-01,3.204121003198670808e-03
3.947239039000000060e-01,3.204113506604386666e-03
3.947397159000000100e-01,3.204091017236348690e-03
3.947976878000000189e-01,3.204008559128105303e-03
3.948082271999999726e-01,3.203993567170745731e-03
3.948187663000000125e-01,3.203978575401605390e-03
3.948661889999999786e-01,3.203911114387029621e-03
3.948925323999999959e-01,3.203873637274954906e-03
3.949241423000000029e-01,3.203828665509386459e-03
3.949294103000000056e-01,3.203821170164718613e-03
3.949504818999999833e-01,3.203791190455120529e-03
3.949715522999999728e-01,3.203761211522422690e-03
3.949926215999999823e-01,3.203731232050454833e-03
3.950189566000000263e-01,3.203693759468735809e-03
3.950347567999999976e-01,3.203671276318790714e-03
3.950505563000000220e-01,3.203648793177600769e-03
3.950558227000000033e-01,3.203641299481436305e-03
3.950716214000000170e-01,3.203618816631303903e-03
3.950926853000000238e-01,3.203588841190456969e-03
3.951032168999999983e-01,3.203573853116385619e-03
3.951190137000000213e-01,3.203551371817201822e-03
3.951453402999999809e-01,3.203513903505059678e-03
3.951821945999999808e-01,3.203461449129453575e-03
3.952243095999999900e-01,3.203401504298525933e-03
3.952295735999999948e-01,3.203394011524187887e-03
3.952401014999999962e-01,3.203379025497681779e-03
3.952611564999999882e-01,3.203349054592938110e-03
3.952716835999999789e-01,3.203334068382251206e-03
3.952874737000000027e-01,3.203311590813934153e-03
3.953085261000000017e-01,3.203281621335686558e-03
3.953243147000000124e-01,3.203259143645014254e-03
3.953506276000000041e-01,3.203221682591511545e-03
3.953979865000000204e-01,3.203154255445195969e-03
3.954137715000000108e-01,3.203131780714177455e-03
3.954348172000000106e-01,3.203101813741069184e-03
3.954716444999999969e-01,3.203049374169903308e-03
3.954769053000000145e-01,3.203041882787843481e-03
3.954821660000000239e-01,3.203034391479417028e-03
3.954926872000000260e-01,3.203019408926854709e-03
3.954979477000000188e-01,3.203011918459238751e-03
3.955189888999999792e-01,3.202981954678859548e-03
3.955242489999999944e-01,3.202974463059455722e-03
3.955663275999999895e-01,3.202914537051706773e-03
3.956084017000000008e-01,3.202854613805078150e-03
3.956241783000000178e-01,3.202832143105903071e-03
3.956662462000000158e-01,3.202772223005925789e-03
3.957083096999999827e-01,3.202712304420754583e-03
3.957293397000000157e-01,3.202682346447492754e-03
3.957451115000000241e-01,3.202659878348629568e-03
3.957503687000000214e-01,3.202652389593486654e-03
3.957661396000000109e-01,3.202629921470099682e-03
3.957924232000000209e-01,3.202592475989544420e-03
3.958081924999999890e-01,3.202570009416970311e-03
3.958134487000000146e-01,3.202562520647053625e-03
3.958292172000000275e-01,3.202540054276651563e-03
3.958554966000000230e-01,3.202502610819842922e-03
3.958765188000000212e-01,3.202472656834988354e-03
3.959027949999999740e-01,3.202435214734355301e-03
3.959343242000000207e-01,3.202390286427546015e-03
3.959395788000000249e-01,3.202382798303879310e-03
3.959816132000000266e-01,3.202322895580038582e-03
3.959973748999999765e-01,3.202300432658769860e-03
3.960026287000000256e-01,3.202292945296763855e-03
3.960288966000000133e-01,3.202255508192018620e-03
3.960446563999999725e-01,3.202233045917947472e-03
3.960814269999999859e-01,3.202180636534838944e-03
3.961076895999999792e-01,3.202143202232787117e-03
3.961129420000000234e-01,3.202135715616215208e-03
3.961444544000000123e-01,3.202090795221915111e-03
3.961549580000000015e-01,3.202075822386229835e-03
3.961707127999999911e-01,3.202053363804594367e-03
3.962337260000000083e-01,3.201963529849708324e-03
3.962494777000000190e-01,3.201941072522055884e-03
3.962547281000000088e-01,3.201933586591666422e-03
3.962704790000000088e-01,3.201911129603307680e-03
3.962809793000000025e-01,3.201896157811981447e-03
3.963177279000000275e-01,3.201843760106491427e-03
3.963229775000000066e-01,3.201836275185952155e-03
3.963334762999999872e-01,3.201821304500654386e-03
3.963807176999999959e-01,3.201753939240674710e-03
3.964174570999999814e-01,3.201701546377851756e-03
3.964384495000000119e-01,3.201671607821636456e-03
3.964856783999999856e-01,3.201604249285542117e-03
3.964909256999999965e-01,3.201596765433160994e-03
3.965014201000000016e-01,3.201581797015359311e-03
3.965066671999999959e-01,3.201574313325942448e-03
3.965643806999999965e-01,3.201491991086062062e-03
3.966168401999999871e-01,3.201417157451036388e-03
3.966325767000000169e-01,3.201394708231873089e-03
3.966535578000000006e-01,3.201364775668896680e-03
3.966745376999999961e-01,3.201334844133069558e-03
3.966955165000000116e-01,3.201304913471272450e-03
3.967374707999999917e-01,3.201245053745464808e-03
3.967427148000000070e-01,3.201237570927268575e-03
3.967532025000000129e-01,3.201222606569654409e-03
3.967741772000000222e-01,3.201192678595351192e-03
3.967846641000000174e-01,3.201177713732550421e-03
3.968003938999999924e-01,3.201155268028639880e-03
3.968370944999999872e-01,3.201102895902765109e-03
3.968423370999999977e-01,3.201095414072826096e-03
3.968685493999999925e-01,3.201058006443160790e-03
3.968842759000000275e-01,3.201035561822478809e-03
3.969262103000000264e-01,3.200975713375344475e-03
3.969419344999999821e-01,3.200953270323752837e-03
3.969471757999999961e-01,3.200945788990111271e-03
3.969891034999999957e-01,3.200885942826419903e-03
3.969943441000000073e-01,3.200878462746252224e-03
3.970048252000000222e-01,3.200863501501755894e-03
3.970100656000000172e-01,3.200856020853537834e-03
3.970519867000000258e-01,3.200796179118602005e-03
3.970677059000000120e-01,3.200773739116393162e-03
3.970729456000000046e-01,3.200766258468508603e-03
3.970781850999999807e-01,3.200758778628799185e-03
3.970886639999999801e-01,3.200743819379457331e-03
3.971148600000000140e-01,3.200706419527097734e-03
3.971724850999999723e-01,3.200624145253382243e-03
3.972405767000000143e-01,3.200526917624024921e-03
3.972615255999999984e-01,3.200497003097789884e-03
3.972877101999999772e-01,3.200459610091818761e-03
3.973662535999999967e-01,3.200347437314375772e-03
3.973714891999999832e-01,3.200339959419330402e-03
3.973871957999999815e-01,3.200317525733722013e-03
3.974029017999999858e-01,3.200295092738919545e-03
3.974081369999999946e-01,3.200287615354280562e-03
3.974290771000000277e-01,3.200257704305734582e-03
3.974447814000000023e-01,3.200235272482400851e-03
3.974971246999999819e-01,3.200160500518465286e-03
3.975389944000000120e-01,3.200100686071089690e-03
3.975913253000000203e-01,3.200025920190419093e-03
3.976174881999999799e-01,3.199988538944949397e-03
3.976227205000000264e-01,3.199981063469718810e-03
3.976384171999999828e-01,3.199958635536299511e-03
3.976645770000000191e-01,3.199921255866861654e-03
3.977482767000000141e-01,3.199801646818391763e-03
3.977587378999999923e-01,3.199786696872559261e-03
3.977639684000000009e-01,3.199779221387007502e-03
3.977796594999999935e-01,3.199756796482774047e-03
3.977848896999999773e-01,3.199749321408484892e-03
3.977901199000000165e-01,3.199741846970635423e-03
3.978058099999999819e-01,3.199719422012975521e-03
3.978214994000000004e-01,3.199696997450617898e-03
3.978267290999999983e-01,3.199689522828636206e-03
3.978319586999999879e-01,3.199682048676829628e-03
3.978424177000000062e-01,3.199667099360777207e-03
3.978685640999999884e-01,3.199629726717029277e-03
3.979051660999999851e-01,3.199577406886870441e-03
3.979156232000000126e-01,3.199562458584887491e-03
3.979313083000000084e-01,3.199540036634310452e-03
3.979731322999999765e-01,3.199480246861920001e-03
3.980149519000000247e-01,3.199420458550461185e-03
3.980410869000000074e-01,3.199383092613121253e-03
3.980567670999999863e-01,3.199360672797006960e-03
3.980776730000000208e-01,3.199330781106857809e-03
3.980933517999999949e-01,3.199308362285027598e-03
3.981142557999999831e-01,3.199278470975528386e-03
3.981194815999999914e-01,3.199270999243350542e-03
3.981247073999999997e-01,3.199263526149305047e-03
3.981560605000000197e-01,3.199218690973362061e-03
3.982030857000000146e-01,3.199151441666651073e-03
3.982083102999999791e-01,3.199143969764377086e-03
3.982448811000000033e-01,3.199091666852047801e-03
3.982605531999999782e-01,3.199069251444777457e-03
3.982814485000000237e-01,3.199039365578744236e-03
3.982918957000000093e-01,3.199024422992465238e-03
3.983075660000000018e-01,3.199002008707088271e-03
3.983441276999999947e-01,3.198949710318769492e-03
3.983754635000000266e-01,3.198904884669673699e-03
3.984067969999999792e-01,3.198860060612709715e-03
3.984172409000000248e-01,3.198845120356862571e-03
3.984329063000000004e-01,3.198822708916729176e-03
3.984537925000000147e-01,3.198792827440452308e-03
3.984903407000000009e-01,3.198740536301726816e-03
3.985007823999999754e-01,3.198725596766446508e-03
3.985164445000000111e-01,3.198703186835529042e-03
3.985373262999999944e-01,3.198673308375511292e-03
3.985738669000000178e-01,3.198621021161910348e-03
3.985790866999999738e-01,3.198613551343620822e-03
3.986260618999999950e-01,3.198546328528700366e-03
3.986417191000000138e-01,3.198523921640785816e-03
3.986678129999999820e-01,3.198486578017916034e-03
3.986782501000000201e-01,3.198471640609705513e-03
3.986834685000000267e-01,3.198464171655702060e-03
3.987043416000000118e-01,3.198434297470321378e-03
3.987513019999999742e-01,3.198367082829605725e-03
3.987617368999999967e-01,3.198352146751195623e-03
3.987826058999999757e-01,3.198322274380089366e-03
3.987930399999999875e-01,3.198307338734104627e-03
3.988086906000000154e-01,3.198284935636350104e-03
3.988243405999999935e-01,3.198262531944175667e-03
3.988712869000000105e-01,3.198195324819499454e-03
3.988921501000000092e-01,3.198165456059907496e-03
3.989182276000000082e-01,3.198128120364107305e-03
3.989338733000000192e-01,3.198105720095069642e-03
3.989599481000000170e-01,3.198068386055280283e-03
3.990120925999999790e-01,3.197993721075063044e-03
3.990173067000000184e-01,3.197986255305164480e-03
3.990433760000000052e-01,3.197948923763188275e-03
3.990798702999999725e-01,3.197896662637330842e-03
3.991007226000000130e-01,3.197866798838339825e-03
3.991215738000000179e-01,3.197836937238350639e-03
3.991267864999999970e-01,3.197829471217262381e-03
3.991580609000000002e-01,3.197784678459273094e-03
3.991841211000000111e-01,3.197747352628086803e-03
3.992622913000000162e-01,3.197635380888835550e-03
3.992675021000000046e-01,3.197627916196910634e-03
3.992831340999999923e-01,3.197605523241428115e-03
3.992935550999999750e-01,3.197590594561828311e-03
3.993091860999999909e-01,3.197568201450248001e-03
3.993300263999999822e-01,3.197538344867722690e-03
3.993352364000000154e-01,3.197530880946765266e-03
3.993717038999999858e-01,3.197478633393224280e-03
3.993769133000000249e-01,3.197471169587140678e-03
3.993925409999999898e-01,3.197448778804511203e-03
3.994185859000000116e-01,3.197411460962572630e-03
3.994498374000000074e-01,3.197366680653105590e-03
3.994550458000000193e-01,3.197359217685030470e-03
3.994758784999999923e-01,3.197329365829653953e-03
3.995175408000000150e-01,3.197269661851994196e-03
3.995435775000000245e-01,3.197232348792263239e-03
3.995591987000000067e-01,3.197209961508477340e-03
3.995800259999999771e-01,3.197180111858662944e-03
3.995956458000000100e-01,3.197157725120346097e-03
3.996164711999999897e-01,3.197127876565142215e-03
3.996216773999999861e-01,3.197120414367680703e-03
3.996633244000000196e-01,3.197060720121392471e-03
3.996685300000000218e-01,3.197053258535046717e-03
3.996841462999999872e-01,3.197030873243031281e-03
3.997049670999999749e-01,3.197001027322041427e-03
3.997622187000000049e-01,3.196918954432872561e-03
3.997674230000000106e-01,3.196911493119240950e-03
3.997830354999999947e-01,3.196889110343657889e-03
3.998246657000000259e-01,3.196829425178221180e-03
3.998298692000000210e-01,3.196821964534626945e-03
3.998454792000000202e-01,3.196799582783668714e-03
3.998714944999999799e-01,3.196762281059192107e-03
3.998766973999999808e-01,3.196754820389254362e-03
3.999079131000000120e-01,3.196710060783603587e-03
3.999495303999999751e-01,3.196650381769004529e-03
3.999547321999999960e-01,3.196642922180281763e-03
3.999963445999999978e-01,3.196583245468185511e-03
4.000015458000000246e-01,3.196575786586005209e-03
4.000119481000000143e-01,3.196560868531052400e-03
4.000171491000000246e-01,3.196553408842615560e-03
4.000379526000000241e-01,3.196523572059677566e-03
4.000587549999999881e-01,3.196493736014241645e-03
4.000743560999999726e-01,3.196471360089569048e-03
4.000795563000000277e-01,3.196463901028689242e-03
4.000847564000000189e-01,3.196456442667253844e-03
4.001263553000000139e-01,3.196396773928261107e-03
4.001419536999999971e-01,3.196374398382466429e-03
4.001575514999999861e-01,3.196352023683302675e-03
4.001783476999999922e-01,3.196322191009013432e-03
4.002459278000000120e-01,3.196225239291314649e-03
4.002511257999999961e-01,3.196217781397833052e-03
4.002667194000000261e-01,3.196195409454563770e-03
4.002823122999999983e-01,3.196173036787141545e-03
4.002927072999999947e-01,3.196158122388625001e-03
4.003082993000000034e-01,3.196135750808559977e-03
4.003446782000000259e-01,3.196083552161220129e-03
4.004174260000000207e-01,3.195979158934045446e-03
4.004485996000000103e-01,3.195934421597972780e-03
4.004537950000000013e-01,3.195926965293566843e-03
4.004589902999999840e-01,3.195919508514162826e-03
4.004953553999999749e-01,3.195867317298401768e-03
4.005005502000000273e-01,3.195859861318954640e-03
4.005421057999999923e-01,3.195800216496197214e-03
4.005576880999999756e-01,3.195777849840301336e-03
4.005732697000000120e-01,3.195755484090844877e-03
4.005784634999999816e-01,3.195748028502714937e-03
4.005992378000000076e-01,3.195718207990599306e-03
4.006200109999999981e-01,3.195688388195867726e-03
4.006407832000000169e-01,3.195658568306075902e-03
4.006667467999999732e-01,3.195621294837862943e-03
4.006823241999999952e-01,3.195598931248730921e-03
4.007030932000000267e-01,3.195569113639450381e-03
4.007446277999999751e-01,3.195509480151373111e-03
4.007602022000000264e-01,3.195487117556344327e-03
4.007653935000000112e-01,3.195479664349670963e-03
4.007809670999999963e-01,3.195457302370235692e-03
4.007861581000000117e-01,3.195449849074126492e-03
4.007913491000000272e-01,3.195442394828245779e-03
4.008276841000000257e-01,3.195390219457730410e-03
4.008432552999999787e-01,3.195367859883183927e-03
4.008692058000000169e-01,3.195330593116416790e-03
4.008743956999999969e-01,3.195323140244365080e-03
4.009262912000000068e-01,3.195248610304788836e-03
4.009314802999999761e-01,3.195241157063121763e-03
4.009729913000000256e-01,3.195181537001295490e-03
4.009937451000000208e-01,3.195151727507660258e-03
4.009989333999999794e-01,3.195144274521723518e-03
4.010093097999999912e-01,3.195129370070572388e-03
4.010404374000000050e-01,3.195084657991100353e-03
4.010560002999999929e-01,3.195062301940812879e-03
4.010923113000000040e-01,3.195010140189534758e-03
4.011234324999999878e-01,3.194965430858238975e-03
4.011389920999999803e-01,3.194943076959883346e-03
4.011545511999999869e-01,3.194920724132777144e-03
4.011597373999999938e-01,3.194913272559345065e-03
4.011649236000000007e-01,3.194905821010128859e-03
4.011804816000000273e-01,3.194883467861253136e-03
4.012478929000000138e-01,3.194786608729282933e-03
4.012582627999999874e-01,3.194771707610667005e-03
4.012634476999999977e-01,3.194764257737391436e-03
4.013049242999999766e-01,3.194704655582480696e-03
4.013256610000000002e-01,3.194674855433863279e-03
4.013412128000000134e-01,3.194652505849980909e-03
4.013671312000000047e-01,3.194615257246967693e-03
4.013723147000000102e-01,3.194607807097876295e-03
4.014034141000000222e-01,3.194563110105733215e-03
4.014293284000000073e-01,3.194525863745782505e-03
4.014500587000000009e-01,3.194496066686178509e-03
4.014863341000000085e-01,3.194443924135265209e-03
4.014915159999999927e-01,3.194436475369158250e-03
4.015070613999999760e-01,3.194414129537147089e-03
4.015381504000000157e-01,3.194369438494043447e-03
4.015536940000000166e-01,3.194347093120266864e-03
4.015795985999999762e-01,3.194309852324534946e-03
4.015899600000000236e-01,3.194294955733014731e-03
4.016210425999999778e-01,3.194250267599294327e-03
4.016365828999999832e-01,3.194227924327676469e-03
4.016624822000000039e-01,3.194190686119454618e-03
4.016987383999999772e-01,3.194138554196150354e-03
4.017401701000000158e-01,3.194078976770083154e-03
4.017557057999999737e-01,3.194056635613149592e-03
4.017764193000000206e-01,3.194026848694909038e-03
4.018178428999999996e-01,3.193967275797403825e-03
4.018385530999999955e-01,3.193937490106893429e-03
4.018644393999999953e-01,3.193900259546321885e-03
4.018696165000000264e-01,3.193892813025356932e-03
4.018851472000000147e-01,3.193870475183443070e-03
4.019006774000000171e-01,3.193848137526449429e-03
4.019110304999999883e-01,3.193833245652911296e-03
4.019265597000000190e-01,3.193810908260511124e-03
4.019472642999999956e-01,3.193781125762105294e-03
4.019886703000000172e-01,3.193721562185411131e-03
4.019938458000000270e-01,3.193714117735401131e-03
4.020352469999999845e-01,3.193654556213149087e-03
4.020507714000000066e-01,3.193632222029246619e-03
4.020714696000000088e-01,3.193602443338146388e-03
4.021128628000000260e-01,3.193542887301382711e-03
4.021180367000000144e-01,3.193535443111703530e-03
4.021335577999999855e-01,3.193513110152956889e-03
4.021594251000000231e-01,3.193475889519327426e-03
4.021956365000000089e-01,3.193423782197714507e-03
4.022421891999999888e-01,3.193356789386638580e-03
4.022525335000000091e-01,3.193341901810174861e-03
4.022732213999999917e-01,3.193312128628810094e-03
4.022783931999999729e-01,3.193304685809110997e-03
4.022835649000000013e-01,3.193297242709179900e-03
4.023197651000000041e-01,3.193245141357150315e-03
4.023249362999999912e-01,3.193237698393114853e-03
4.023352785000000043e-01,3.193222812913867198e-03
4.023663035000000221e-01,3.193178156568817014e-03
4.023818149999999760e-01,3.193155829217286888e-03
4.024076663999999748e-01,3.193118616992269339e-03
4.024231764000000267e-01,3.193096290231766006e-03
4.024438553999999946e-01,3.193066521723851667e-03
4.024645333999999908e-01,3.193036754316017859e-03
4.024903793999999868e-01,3.192999545536201467e-03
4.025007172999999772e-01,3.192984662519057250e-03
4.025058861999999960e-01,3.192977220049090983e-03
4.025317295999999989e-01,3.192940013204474854e-03
4.025627393999999803e-01,3.192895365475566325e-03
4.025679074999999885e-01,3.192887924121650452e-03
4.026040820999999825e-01,3.192835837120600040e-03
4.026092495999999965e-01,3.192828396629542129e-03
4.026144171000000105e-01,3.192820955100326812e-03
4.026505875999999984e-01,3.192768870214649380e-03
4.026712550000000057e-01,3.192739108410920425e-03
4.026970877000000115e-01,3.192701906824372150e-03
4.027332506999999895e-01,3.192649825779713801e-03
4.027384165999999821e-01,3.192642386741588716e-03
4.027487482000000063e-01,3.192627506373846465e-03
4.027539138999999824e-01,3.192620066496682906e-03
4.027797412999999938e-01,3.192582868170232117e-03
4.028107320000000047e-01,3.192538231167284073e-03
4.028158969000000256e-01,3.192530791088997975e-03
4.028313911999999997e-01,3.192508472966799557e-03
4.028623779000000127e-01,3.192463838275575241e-03
4.028778704000000044e-01,3.192441521309314582e-03
4.029191807999999986e-01,3.192382010862530178e-03
4.029346710999999748e-01,3.192359695311142512e-03
4.030224381999999994e-01,3.192233244621344498e-03
4.030276003000000107e-01,3.192225807213028115e-03
4.030585720000000038e-01,3.192181180416436229e-03
4.030637336999999820e-01,3.192173743335671634e-03
4.030688954000000157e-01,3.192166305035933765e-03
4.031050250000000057e-01,3.192114243016218929e-03
4.031256690999999726e-01,3.192084493963595268e-03
4.031411515000000167e-01,3.192062182169402244e-03
4.031875950000000097e-01,3.191995250398492728e-03
4.032288735999999818e-01,3.191935757571149820e-03
4.032443519999999726e-01,3.191913448129035831e-03
4.032649889000000099e-01,3.191883703308591447e-03
4.032753070000000273e-01,3.191868831108103394e-03
4.032907835999999802e-01,3.191846522775132998e-03
4.033114181999999937e-01,3.191816778675233331e-03
4.033268933999999972e-01,3.191794471390771437e-03
4.033526841000000251e-01,3.191757292955855248e-03
4.033578420999999747e-01,3.191749857882422887e-03
4.033733154999999959e-01,3.191727550646021507e-03
4.033991033000000059e-01,3.191690373969448356e-03
4.034300464000000197e-01,3.191645763275591935e-03
4.034352033999999976e-01,3.191638328091455593e-03
4.034403603000000227e-01,3.191630893688280051e-03
4.034919256000000232e-01,3.191556545678219097e-03
4.034970816999999821e-01,3.191549111057956790e-03
4.035383287000000041e-01,3.191489636378896239e-03
4.035795714000000034e-01,3.191430162509052964e-03
4.036001912000000136e-01,3.191400427509161804e-03
4.036053459999999760e-01,3.191392993205081040e-03
4.036465819000000232e-01,3.191333524034922417e-03
4.036620443000000225e-01,3.191311224522172616e-03
4.036826599000000182e-01,3.191281490882361040e-03
4.037187346000000177e-01,3.191229459446397448e-03
4.037290411000000190e-01,3.191214593365261816e-03
4.037857220000000136e-01,3.191132833894111051e-03
4.038063311999999794e-01,3.191103103806441996e-03
4.038217874999999735e-01,3.191080806819083116e-03
4.038526982000000265e-01,3.191036214145604854e-03
4.038836066000000002e-01,3.190991622625263206e-03
4.038939088999999871e-01,3.190976758800480664e-03
4.039042109000000047e-01,3.190961896065087119e-03
4.039093617999999775e-01,3.190954463958803854e-03
4.039248140999999737e-01,3.190932169191356728e-03
4.039299646999999771e-01,3.190924738162375773e-03
4.039505666000000050e-01,3.190895012570928255e-03
4.039711675000000057e-01,3.190865286658791950e-03
4.039763175000000150e-01,3.190857855351461603e-03
4.039866174000000254e-01,3.190842993573220817e-03
4.040329637000000251e-01,3.190776115896885607e-03
4.040484113000000210e-01,3.190753822812200050e-03
4.040535604000000114e-01,3.190746392219360669e-03
4.040690071999999966e-01,3.190724101322710889e-03
4.040896019999999922e-01,3.190694379420413486e-03
4.040947504999999884e-01,3.190686948774439091e-03
4.041359365000000148e-01,3.190627507411208236e-03
4.041410844000000169e-01,3.190620077770865183e-03
4.041565277999999983e-01,3.190597788129329471e-03
4.041771182000000184e-01,3.190568068873419084e-03
4.042182957000000076e-01,3.190508632248558515e-03
4.042234425999999825e-01,3.190501202674216052e-03
4.042337362000000267e-01,3.190486344476391612e-03
4.042543227000000017e-01,3.190456626481448250e-03
4.042646154999999797e-01,3.190441768756571445e-03
4.043212212999999777e-01,3.190360050780540954e-03
4.043418032000000162e-01,3.190330336005964707e-03
4.043469485999999780e-01,3.190322907613115950e-03
4.043623841000000274e-01,3.190300622777333690e-03
4.043881087999999790e-01,3.190263480237587584e-03
4.044035428000000154e-01,3.190241196007613262e-03
4.044189763000000104e-01,3.190218912138047258e-03
4.044652730000000140e-01,3.190152061585297977e-03
4.044807040999999770e-01,3.190129778991638437e-03
4.044858476000000036e-01,3.190122351366226575e-03
4.045064212000000214e-01,3.190092641463607333e-03
4.045115644000000232e-01,3.190085213766608203e-03
4.045269937000000038e-01,3.190062932021345971e-03
4.045424224999999985e-01,3.190040649893476597e-03
4.045629931999999984e-01,3.190010942179105635e-03
4.045938472000000230e-01,3.189966380791001404e-03
4.046092734000000246e-01,3.189944100321293486e-03
4.046452655000000176e-01,3.189892115586454632e-03
4.046504069999999897e-01,3.189884688913974514e-03
4.046915363999999959e-01,3.189825279059396983e-03
4.047172400999999864e-01,3.189788148600017966e-03
4.047275210999999873e-01,3.189773297303546279e-03
4.047326615999999877e-01,3.189765871724613722e-03
4.047737826000000205e-01,3.189706467026624456e-03
4.047943414999999878e-01,3.189676764788892168e-03
4.048354563000000073e-01,3.189617363439710678e-03
4.048817054000000137e-01,3.189550539766852939e-03
4.048971205999999934e-01,3.189528265634257280e-03
4.049125351999999789e-01,3.189505991854595449e-03
4.049176731999999945e-01,3.189498566804156374e-03
4.049587754999999789e-01,3.189439172773489168e-03
4.050050104999999845e-01,3.189372356663679707e-03
4.050563764999999816e-01,3.189298119950521003e-03
4.050615128000000231e-01,3.189290696790311654e-03
4.050871930000000121e-01,3.189253580326455260e-03
4.051026004000000125e-01,3.189231310045335163e-03
4.051180072000000187e-01,3.189209040991614324e-03
4.051282781000000166e-01,3.189194194736996290e-03
4.052001667999999834e-01,3.189090276968842286e-03
4.052104355999999741e-01,3.189075432418517209e-03
4.052207040999999954e-01,3.189060587614902555e-03
4.052258382999999742e-01,3.189053165045962861e-03
4.052412403999999801e-01,3.189030898785500268e-03
4.052463742999999896e-01,3.189023476353214717e-03
4.052669092999999778e-01,3.188993788225089141e-03
4.053285079000000235e-01,3.188904726869858357e-03
4.053490386999999973e-01,3.188875041293814591e-03
4.053644361000000029e-01,3.188852776745177125e-03
4.053849650999999943e-01,3.188823092154517876e-03
4.053900972000000213e-01,3.188815671238451766e-03
4.054054930000000057e-01,3.188793408173858090e-03
4.054516771000000186e-01,3.188726620590158923e-03
4.054568083000000267e-01,3.188719200217669282e-03
4.054722016000000262e-01,3.188696937984193333e-03
4.055337690999999967e-01,3.188607894169238205e-03
4.055491594999999783e-01,3.188585634363380692e-03
4.055696791000000245e-01,3.188555955477416406e-03
4.055953272000000220e-01,3.188518855985555869e-03
4.056209735999999899e-01,3.188481758550244707e-03
4.056363606999999760e-01,3.188459499848643203e-03
4.056620046000000146e-01,3.188422404049623404e-03
4.056979032999999957e-01,3.188370470739719173e-03
4.057030314000000248e-01,3.188363051905110466e-03
4.057594365000000147e-01,3.188281446367277183e-03
4.057748183000000064e-01,3.188259191422085793e-03
4.057799454000000083e-01,3.188251772944822749e-03
4.057953264999999976e-01,3.188229518357260216e-03
4.058004533999999830e-01,3.188222099777164066e-03
4.058414662000000006e-01,3.188162755680265352e-03
4.058568449000000133e-01,3.188140501725794055e-03
4.058670971000000183e-01,3.188125666184832979e-03
4.058978520000000034e-01,3.188081160425443924e-03
4.059029775999999923e-01,3.188073743431271874e-03
4.059439799999999821e-01,3.188014405471264502e-03
4.059491050999999850e-01,3.188006988327568396e-03
4.059593549000000134e-01,3.187992154108559417e-03
4.059644796999999916e-01,3.187984736579256833e-03
4.059901027999999745e-01,3.187947651931754244e-03
4.060259724999999986e-01,3.187895735397866786e-03
4.060669625000000171e-01,3.187836403468712314e-03
4.060720859999999988e-01,3.187828987816542295e-03
4.061028253999999782e-01,3.187784490464912104e-03
4.061284398000000184e-01,3.187747411044511685e-03
4.061489301000000274e-01,3.187717748046537541e-03
4.061694194000000091e-01,3.187688085229419162e-03
4.061950295999999794e-01,3.187651007882849868e-03
4.062257597000000220e-01,3.187606515855727438e-03
4.062513663999999802e-01,3.187569440797270986e-03
4.062718504999999758e-01,3.187539781345031294e-03
4.063128156999999963e-01,3.187480463782619861e-03
4.063537768000000105e-01,3.187421148266269232e-03
4.063588966000000191e-01,3.187413734979569445e-03
4.063742557999999727e-01,3.187391491873514063e-03
4.063896142999999794e-01,3.187369250345463336e-03
4.063998529999999776e-01,3.187354422119566613e-03
4.064510427999999953e-01,3.187280284593059423e-03
4.064561614000000156e-01,3.187272871111599196e-03
4.064817534999999871e-01,3.187235804323455563e-03
4.064971079999999959e-01,3.187213564563012164e-03
4.065124619000000106e-01,3.187191324594052400e-03
4.065329328999999770e-01,3.187161672165279153e-03
4.065636374000000108e-01,3.187117195809604803e-03
4.066045731999999857e-01,3.187057894474743924e-03
4.066199231000000025e-01,3.187035657721514793e-03
4.066813167000000173e-01,3.186946711700416445e-03
4.067017792000000020e-01,3.186917064609574683e-03
4.067171253999999903e-01,3.186894829510105581e-03
4.067631604999999984e-01,3.186828125337813535e-03
4.067682751999999735e-01,3.186820713941946725e-03
4.067785044000000183e-01,3.186805891429978031e-03
4.068040761999999755e-01,3.186768835926989934e-03
4.068091904000000203e-01,3.186761425295295269e-03
4.068501015000000054e-01,3.186702137983932464e-03
4.068603285999999875e-01,3.186687317149793086e-03
4.068807821000000047e-01,3.186657674684923239e-03
4.068858953000000223e-01,3.186650264357416239e-03
4.069063474999999874e-01,3.186620623178659101e-03
4.069267986999999809e-01,3.186590981565564935e-03
4.069319113000000043e-01,3.186583571294053507e-03
4.069421363999999874e-01,3.186568751460595872e-03
4.069472487999999943e-01,3.186561341620777320e-03
4.070239277000000100e-01,3.186450195016614795e-03
4.070494841000000252e-01,3.186413148494595445e-03
4.070699280999999781e-01,3.186383511771934823e-03
4.070954815999999754e-01,3.186346466837229521e-03
4.071108129000000075e-01,3.186324240077109595e-03
4.071312537999999814e-01,3.186294604766779729e-03
4.071363639000000201e-01,3.186287195312724647e-03
4.071721325000000058e-01,3.186235335806674070e-03
4.071925703000000007e-01,3.186205702555371198e-03
4.072078980000000126e-01,3.186183477756170113e-03
4.072181161999999799e-01,3.186168661762177248e-03
4.072538775999999805e-01,3.186116806537623702e-03
4.072692030000000241e-01,3.186094582647814536e-03
4.073151756999999762e-01,3.186027914753429384e-03
4.073407137999999761e-01,3.185990878494564076e-03
4.073560359000000242e-01,3.185968656318796579e-03
4.073713574999999754e-01,3.185946435640810582e-03
4.074122121000000041e-01,3.185887180403819581e-03
4.074173186000000224e-01,3.185879774150520566e-03
4.074224250999999852e-01,3.185872367399827758e-03
4.074326379000000053e-01,3.185857553827932138e-03
4.074632745999999806e-01,3.185813115933816813e-03
4.074785920999999811e-01,3.185790896197548006e-03
4.075857984999999850e-01,3.185635373415306084e-03
4.075960070999999907e-01,3.185620562499044857e-03
4.076011113999999935e-01,3.185613157696015867e-03
4.076215276999999859e-01,3.185583536229015262e-03
4.076419430000000066e-01,3.185553915948967103e-03
4.076623571999999918e-01,3.185524296329218016e-03
4.076776671999999824e-01,3.185502081504210277e-03
4.076980796999999934e-01,3.185472462571335359e-03
4.077082854999999895e-01,3.185457653281669257e-03
4.077440039999999932e-01,3.185405822155442344e-03
4.077848212999999888e-01,3.185346588289003807e-03
4.077899231000000069e-01,3.185339184339030724e-03
4.078052283999999972e-01,3.185316972583293518e-03
4.078205329999999851e-01,3.185294761017633432e-03
4.078256344999999783e-01,3.185287357031457971e-03
4.078715444000000079e-01,3.185220724636519084e-03
4.079123488999999991e-01,3.185161498463363623e-03
4.079225494000000007e-01,3.185146692436736232e-03
4.079276494999999891e-01,3.185139288953631881e-03
4.079531492999999842e-01,3.185102274241406479e-03
4.079837468999999994e-01,3.185057858218372055e-03
4.079888462999999854e-01,3.185050455791430674e-03
4.080041441000000213e-01,3.185028247993412168e-03
4.080296391000000078e-01,3.184991236541748726e-03
4.080347378999999997e-01,3.184983833607040338e-03
4.080500338999999976e-01,3.184961627038764703e-03
4.080653294000000098e-01,3.184939421248843012e-03
4.081112123999999786e-01,3.184872803750355384e-03
4.081570902000000167e-01,3.184806189957536341e-03
4.081672846000000132e-01,3.184791387679436481e-03
4.081723816999999754e-01,3.184783986148238648e-03
4.081978660999999731e-01,3.184746980380386699e-03
4.082131560999999742e-01,3.184724776725259519e-03
4.082335417999999883e-01,3.184695173091120837e-03
4.082386379999999870e-01,3.184687772192219303e-03
4.082743100999999819e-01,3.184635967079909973e-03
4.082794057999999948e-01,3.184628567201502891e-03
4.083099789999999896e-01,3.184584165008913070e-03
4.083354549000000056e-01,3.184547163262322744e-03
4.083507397000000205e-01,3.184524963283612373e-03
4.083762129999999879e-01,3.184487963594511643e-03
4.083965905999999979e-01,3.184458364986200371e-03
4.084016847999999977e-01,3.184450964544288318e-03
4.084169670999999724e-01,3.184428766178032475e-03
4.084577171000000062e-01,3.184369570609307462e-03
4.084780906000000100e-01,3.184339974537158009e-03
4.084933700000000223e-01,3.184317777117799241e-03
4.085137416999999882e-01,3.184288181988254290e-03
4.085188344999999832e-01,3.184280782633438361e-03
4.085595743000000057e-01,3.184221593624046720e-03
4.086003100999999749e-01,3.184162406476476539e-03
4.086410417999999933e-01,3.184103221244112200e-03
4.086461329000000142e-01,3.184095823936421328e-03
4.086766787000000178e-01,3.184051437062460251e-03
4.087021317000000264e-01,3.184014449202117545e-03
4.087174028000000181e-01,3.183992256968828666e-03
4.087377633000000010e-01,3.183962667326503768e-03
4.087632124999999728e-01,3.183925681769532966e-03
4.087683021999999888e-01,3.183918284426918207e-03
4.087835707999999957e-01,3.183896093437240445e-03
4.088242841999999988e-01,3.183836919550505837e-03
4.088395506999999984e-01,3.183814729396201512e-03
4.088446393999999873e-01,3.183807333823266642e-03
4.088853467999999936e-01,3.183748163070365504e-03
4.088904348999999883e-01,3.183740766816278451e-03
4.089006110000000249e-01,3.183725974321495542e-03
4.089464002000000042e-01,3.183659410390577565e-03
4.089616621000000118e-01,3.183637223572550676e-03
4.089667492999999876e-01,3.183629827868536197e-03
4.089820104999999928e-01,3.183607641806442384e-03
4.090125311999999735e-01,3.183563269290141332e-03
4.090532217999999776e-01,3.183504107867756588e-03
4.090633938000000080e-01,3.183489317602546977e-03
4.090684797999999955e-01,3.183481923116196922e-03
4.091091647999999803e-01,3.183422765064116214e-03
4.091295059000000234e-01,3.183393187045343697e-03
4.091345909999999919e-01,3.183385793187710339e-03
4.091447610000000235e-01,3.183371004284353632e-03
4.091498458999999754e-01,3.183363609412195438e-03
4.091752694999999940e-01,3.183326638886380209e-03
4.091905229000000199e-01,3.183304456644163970e-03
4.092108597999999930e-01,3.183274880160282590e-03
4.092261119000000225e-01,3.183252699238840137e-03
4.092718646999999876e-01,3.183186157172094959e-03
4.092871144999999933e-01,3.183163976886995913e-03
4.092972806999999880e-01,3.183149189662966890e-03
4.093328605000000064e-01,3.183097438126984095e-03
4.093379429999999819e-01,3.183090044917965145e-03
4.093786012999999779e-01,3.183030902579921714e-03
4.093887653000000126e-01,3.183016117171641630e-03
4.093938471999999940e-01,3.183008725306090119e-03
4.094548248000000057e-01,3.182920017216449727e-03
4.094751486000000051e-01,3.182890448921078981e-03
4.095005520000000176e-01,3.182853489097709192e-03
4.095564339000000165e-01,3.182772181199400915e-03
4.096173873000000243e-01,3.182683486975443430e-03
4.096224662999999877e-01,3.182676096157129302e-03
4.096326242000000173e-01,3.182661314600745452e-03
4.096377030999999724e-01,3.182653923665742547e-03
4.096529392000000103e-01,3.182631750874089470e-03
4.096580177999999961e-01,3.182624361006807998e-03
4.096630963999999819e-01,3.182616970097145066e-03
4.096783316000000008e-01,3.182594798068882208e-03
4.096935662999999783e-01,3.182572626350295680e-03
4.097138783000000006e-01,3.182543065382323171e-03
4.097392668000000016e-01,3.182506114708011629e-03
4.097443444000000157e-01,3.182498723961305152e-03
4.097595766000000084e-01,3.182476554265366731e-03
4.097748082000000069e-01,3.182454384755780980e-03
4.097849622999999997e-01,3.182439604981622972e-03
4.098001929999999793e-01,3.182417435553754840e-03
4.098154231999999730e-01,3.182395267179251568e-03
4.098204997000000072e-01,3.182387878193895271e-03
4.098763380000000067e-01,3.182306595263807627e-03
4.099067920000000198e-01,3.182262260925890641e-03
4.099423188999999912e-01,3.182210539962991407e-03
4.100184374999999992e-01,3.182099714166400362e-03
4.100235116000000013e-01,3.182092326724879003e-03
4.100285855999999951e-01,3.182084938680748969e-03
4.100438071999999989e-01,3.182062774285754261e-03
4.100641018000000249e-01,3.182033222799138424e-03
4.100691753999999856e-01,3.182025835139733628e-03
4.101046881000000033e-01,3.181974122085160298e-03
4.101503429000000200e-01,3.181907635990621590e-03
4.101655599999999846e-01,3.181885475078450719e-03
4.101858486000000137e-01,3.181855926402033571e-03
4.102061363000000238e-01,3.181826379986527498e-03
4.102264228999999984e-01,3.181796833131053919e-03
4.102314944000000074e-01,3.181789446179562018e-03
4.102467085000000013e-01,3.181767286714629311e-03
4.102720641000000001e-01,3.181730354783359176e-03
4.103024887000000231e-01,3.181686037436764602e-03
4.103430513999999918e-01,3.181626950438945760e-03
4.103481214999999960e-01,3.181619564512179737e-03
4.103531914999999919e-01,3.181612178747647221e-03
4.104089571999999797e-01,3.181530937914803236e-03
4.104343027999999838e-01,3.181494012436602518e-03
4.104444406000000156e-01,3.181479241966068353e-03
4.104748524999999870e-01,3.181434932216226866e-03
4.104900576000000134e-01,3.181412777524288658e-03
4.105153980999999841e-01,3.181375854989459181e-03
4.105255339000000170e-01,3.181361085880222376e-03
4.105306016999999974e-01,3.181353701779208575e-03
4.105508722999999804e-01,3.181324163698028354e-03
4.106268780999999812e-01,3.181213403408059571e-03
4.106370111000000045e-01,3.181198636650555724e-03
4.106522101999999785e-01,3.181176485206029837e-03
4.106674087000000140e-01,3.181154334509061783e-03
4.106724747000000120e-01,3.181146951771089172e-03
4.106876724999999895e-01,3.181124801514951216e-03
4.107180664000000259e-01,3.181080501681717194e-03
4.107535230000000093e-01,3.181028821155714413e-03
4.107889766000000220e-01,3.180977142115871785e-03
4.108396193000000141e-01,3.180903318113579865e-03
4.108497470999999956e-01,3.180888553403783507e-03
4.108801289999999828e-01,3.180844261480211127e-03
4.108953189999999811e-01,3.180822116205467807e-03
4.109105086000000018e-01,3.180799970985689635e-03
4.109155715999999736e-01,3.180792588959170490e-03
4.109307603999999836e-01,3.180770443783902286e-03
4.109560737999999880e-01,3.180733536395126924e-03
4.109763234000000098e-01,3.180704011055414306e-03
4.110016338999999963e-01,3.180667105475779022e-03
4.110168195000000191e-01,3.180644962927017469e-03
4.110775562999999799e-01,3.180556393222543684e-03
4.110977999000000049e-01,3.180526871568391603e-03
4.111129820000000157e-01,3.180504730256784960e-03
4.111180425000000027e-01,3.180497349975790113e-03
4.111382840999999733e-01,3.180467829944585902e-03
4.111585247000000276e-01,3.180438309864743514e-03
4.111635846999999733e-01,3.180430930267734522e-03
4.112192405999999800e-01,3.180349752555903728e-03
4.112546539999999973e-01,3.180298096968145125e-03
4.112748889000000241e-01,3.180268581064725833e-03
4.113001810999999952e-01,3.180231685049153632e-03
4.113204136999999982e-01,3.180202170167174651e-03
4.113254717000000005e-01,3.180194791363406999e-03
4.113406453999999823e-01,3.180172655240252454e-03
4.113659335000000028e-01,3.180135762054718106e-03
4.114013342999999767e-01,3.180084113987697008e-03
4.114165052000000045e-01,3.180061980237468104e-03
4.114367320999999800e-01,3.180032467532109986e-03
4.114417886000000246e-01,3.180025089457304364e-03
4.114468452000000220e-01,3.180017711708858340e-03
4.114872949999999752e-01,3.179958690069492090e-03
4.115024627000000157e-01,3.179936557245784199e-03
4.115226853999999768e-01,3.179907047197532387e-03
4.115681828000000153e-01,3.179840653294876279e-03
4.115782926000000064e-01,3.179825899377427406e-03
4.115833474999999742e-01,3.179818522085462590e-03
4.116086206999999830e-01,3.179781638139751992e-03
4.116389465999999997e-01,3.179737378459199931e-03
4.116591625000000088e-01,3.179707872929491645e-03
4.116642164000000048e-01,3.179700496603782549e-03
4.116844311000000256e-01,3.179670991569003881e-03
4.116894845999999886e-01,3.179663615202806340e-03
4.117299106999999792e-01,3.179604607115190523e-03
4.117652801999999723e-01,3.179552977254653488e-03
4.118259065000000052e-01,3.179464472617061273e-03
4.118511649000000108e-01,3.179427597578693421e-03
4.118814727999999814e-01,3.179383347662420589e-03
4.119016769000000133e-01,3.179353849490675933e-03
4.119269306000000186e-01,3.179316976352165522e-03
4.119319812000000192e-01,3.179309601686689576e-03
4.119471324999999795e-01,3.179287478745484487e-03
4.119622832000000012e-01,3.179265356847881668e-03
4.119723833999999751e-01,3.179250608045894235e-03
4.120077321000000237e-01,3.179198989645410593e-03
4.120481268000000252e-01,3.179140000910401533e-03
4.120632738000000184e-01,3.179117880286533738e-03
4.120683226999999893e-01,3.179110506450615568e-03
4.120834689999999800e-01,3.179088386823231919e-03
4.121087116000000106e-01,3.179051520673302229e-03
4.121289045000000040e-01,3.179022028168140227e-03
4.121440485999999792e-01,3.178999909004105121e-03
4.121743350000000028e-01,3.178955672452525756e-03
4.121894774000000039e-01,3.178933555069229835e-03
4.122096662999999994e-01,3.178904064404445944e-03
4.122147133999999880e-01,3.178896692480988415e-03
4.122298542999999760e-01,3.178874575259914292e-03
4.122449946999999781e-01,3.178852458578640579e-03
4.122500412999999808e-01,3.178845086858866908e-03
4.122550878999999835e-01,3.178837714790797627e-03
4.122904123000000198e-01,3.178786110742307536e-03
4.123105964000000068e-01,3.178756624021238791e-03
4.123509615000000017e-01,3.178697651077038062e-03
4.123660974000000201e-01,3.178675536885486753e-03
4.123862777000000257e-01,3.178646052365873605e-03
4.124316798000000062e-01,3.178579712919836400e-03
4.124569010999999952e-01,3.178542859227925701e-03
4.124720331000000240e-01,3.178520747871425162e-03
4.125325555000000088e-01,3.178432304399996227e-03
4.125375987000000078e-01,3.178424933733879285e-03
4.125476846999999725e-01,3.178410193748005923e-03
4.125678562000000271e-01,3.178380714691077767e-03
4.125728988999999847e-01,3.178373344193605871e-03
4.125779414999999894e-01,3.178365974029665787e-03
4.126081960999999909e-01,3.178321756449517619e-03
4.126182804999999898e-01,3.178307017057551125e-03
4.126283646000000194e-01,3.178292278451832868e-03
4.126737401000000194e-01,3.178225955413574444e-03
4.126989464999999968e-01,3.178189110272097110e-03
4.127140696000000109e-01,3.178167003496434884e-03
4.127543953000000210e-01,3.178108054731972661e-03
4.127896770000000215e-01,3.178056475773865033e-03
4.127947169999999777e-01,3.178049107484909059e-03
4.128199160000000090e-01,3.178012266564647983e-03
4.128501527999999809e-01,3.177968059420805281e-03
4.128551920999999902e-01,3.177960691902712714e-03
4.128904652000000008e-01,3.177909118182809054e-03
4.128955039000000160e-01,3.177901750094733625e-03
4.129005425999999757e-01,3.177894382862675709e-03
4.129156583999999963e-01,3.177872281111656511e-03
4.129307736000000228e-01,3.177850178320353568e-03
4.129358117999999966e-01,3.177842811444284762e-03
4.130164158999999890e-01,3.177724940310169398e-03
4.130315272999999787e-01,3.177702840679144485e-03
4.130516752000000236e-01,3.177673375262518758e-03
4.131121126999999782e-01,3.177584980768219033e-03
4.131372924000000224e-01,3.177548152179861685e-03
4.131423281000000114e-01,3.177540786467678274e-03
4.131725412999999736e-01,3.177496592849952430e-03
4.131826118999999964e-01,3.177481861433739674e-03
4.131977173999999975e-01,3.177459765416963417e-03
4.132178570000000217e-01,3.177430303840174993e-03
4.132631677999999975e-01,3.177364018860942552e-03
4.132782702999999724e-01,3.177341924718648201e-03
4.132984060000000071e-01,3.177312465676312460e-03
4.133034398000000054e-01,3.177305101205936486e-03
4.133185408000000227e-01,3.177283007874621892e-03
4.133386746000000112e-01,3.177253549685362440e-03
4.133437079000000236e-01,3.177246185708428559e-03
4.133537742999999764e-01,3.177231457313384189e-03
4.133839720999999967e-01,3.177187272483917527e-03
4.134393290000000221e-01,3.177106271371388756e-03
4.134594569000000219e-01,3.177076816701931809e-03
4.134997098000000038e-01,3.177017910583788355e-03
4.135148035999999805e-01,3.176995820660685841e-03
4.135198347999999857e-01,3.176988457911684646e-03
4.135449896999999764e-01,3.176951642736745244e-03
4.135802038999999986e-01,3.176900104113460337e-03
4.136204450000000032e-01,3.176841205000167576e-03
4.136254749000000119e-01,3.176833842171294508e-03
4.136405642000000049e-01,3.176811755979872757e-03
4.136556527999999955e-01,3.176789669614266121e-03
4.136657116999999939e-01,3.176774945462834156e-03
4.136958867000000151e-01,3.176730774262492233e-03
4.137059444999999780e-01,3.176716050902398617e-03
4.137562300000000026e-01,3.176642435639801063e-03
4.137612582999999900e-01,3.176635074492367705e-03
4.138014817999999817e-01,3.176576184820005620e-03
4.138366741999999765e-01,3.176524659547473508e-03
4.138417013999999838e-01,3.176517298129158742e-03
4.138618097999999801e-01,3.176487856066593455e-03
4.138819172000000046e-01,3.176458413936881359e-03
4.139422334000000259e-01,3.176370091083521776e-03
4.139824394000000130e-01,3.176311212533784213e-03
4.139874648999999907e-01,3.176303852376192310e-03
4.140025408999999934e-01,3.176281773508689808e-03
4.140427409999999919e-01,3.176222898488802269e-03
4.140628396000000100e-01,3.176193462329724750e-03
4.140779129000000114e-01,3.176171385235986109e-03
4.141030338000000199e-01,3.176134589917871225e-03
4.141080577999999845e-01,3.176127231373848843e-03
4.141231295000000201e-01,3.176105155581984609e-03
4.141482477000000273e-01,3.176068362379510287e-03
4.141582945000000238e-01,3.176053644940651961e-03
4.141633178999999942e-01,3.176046286281706318e-03
4.141783875000000226e-01,3.176024211456260436e-03
4.141834106000000237e-01,3.176016853328576459e-03
4.142035023999999788e-01,3.175987420911307018e-03
4.142235932000000176e-01,3.175957988275695740e-03
4.142286157000000246e-01,3.175950630569190480e-03
4.142386605999999749e-01,3.175935914476429867e-03
4.142687938999999875e-01,3.175891768391515477e-03
4.142838596999999790e-01,3.175869695354008315e-03
4.142989248999999763e-01,3.175847622540562375e-03
4.143190111000000231e-01,3.175818193349434077e-03
4.143441173999999894e-01,3.175781407253268351e-03
4.143491384999999916e-01,3.175774050916817769e-03
4.144043664000000016e-01,3.175693124250885454e-03
4.144244474000000067e-01,3.175663698655684531e-03
4.144294674999999817e-01,3.175656342099754999e-03
4.144646066000000073e-01,3.175604847228628673e-03
4.144696261999999964e-01,3.175597491453927956e-03
4.144796652000000137e-01,3.175582778807403261e-03
4.144997425999999985e-01,3.175553354629418509e-03
4.145097810000000216e-01,3.175538642610067040e-03
4.145398945000000057e-01,3.175494507727592234e-03
4.145449131999999759e-01,3.175487151557287394e-03
4.145649873999999735e-01,3.175457729765782978e-03
4.146051330000000146e-01,3.175398887104568472e-03
4.146603267999999787e-01,3.175317981463289529e-03
4.147054799000000069e-01,3.175251788870619898e-03
4.147104965999999782e-01,3.175244434844782821e-03
4.147205298000000151e-01,3.175229726153778933e-03
4.147255463000000253e-01,3.175222372000650450e-03
4.147656762999999969e-01,3.175163537370016050e-03
4.147857399000000056e-01,3.175134121575178339e-03
4.147907556000000051e-01,3.175126767820177134e-03
4.148007868999999959e-01,3.175112059563153354e-03
4.148258639999999886e-01,3.175075291710530156e-03
4.148459246999999794e-01,3.175045877275953742e-03
4.148709991000000263e-01,3.175009110476129884e-03
4.148860429999999822e-01,3.174987050145057152e-03
4.149061007000000023e-01,3.174957637849615093e-03
4.149261575000000035e-01,3.174928225200113804e-03
4.149512270999999863e-01,3.174891461592301706e-03
4.149612544999999875e-01,3.174876756178693533e-03
4.149662680999999798e-01,3.174869403508425759e-03
4.149913351999999778e-01,3.174832640243349050e-03
4.150063748000000219e-01,3.174810583693566703e-03
4.150865765999999790e-01,3.174692950448330508e-03
4.151116364999999919e-01,3.174656191957316020e-03
4.151266717000000050e-01,3.174634137796221878e-03
4.151868070999999993e-01,3.174545922292698781e-03
4.152018396000000111e-01,3.174523869250598426e-03
4.152068502999999855e-01,3.174516518595615292e-03
4.152319029000000050e-01,3.174479764758802742e-03
4.152669740000000109e-01,3.174428309994195216e-03
4.152820036000000048e-01,3.174406258762284879e-03
4.153070516999999851e-01,3.174369506896083069e-03
4.153120611000000184e-01,3.174362157208215213e-03
4.153270890999999909e-01,3.174340106432674627e-03
4.153871954000000200e-01,3.174251909043307972e-03
4.154222533999999967e-01,3.174200462003861668e-03
4.154322695000000065e-01,3.174185763704391334e-03
4.154422852999999916e-01,3.174171064911861413e-03
4.154623161000000064e-01,3.174141668744356447e-03
4.154873532999999730e-01,3.174104923762171432e-03
4.155023749000000266e-01,3.174082877513606429e-03
4.155123890999999903e-01,3.174068179847957215e-03
4.155474364999999781e-01,3.174016739552572818e-03
4.155524429999999936e-01,3.174009391877387082e-03
4.155824810000000036e-01,3.173965300913283386e-03
4.155924932000000238e-01,3.173950605327963571e-03
4.156025051000000192e-01,3.173935909234859402e-03
4.156225282000000076e-01,3.173906516627061653e-03
4.156275339000000124e-01,3.173899169326197152e-03
4.156675767999999938e-01,3.173840387516184761e-03
4.156725819000000044e-01,3.173833039310174076e-03
4.157126204000000103e-01,3.173774260060049750e-03
4.157276339000000043e-01,3.173752219051001033e-03
4.157476509999999958e-01,3.173722830134654508e-03
4.157826786000000108e-01,3.173671401378162782e-03
4.157926859000000142e-01,3.173656707972557708e-03
4.158076964999999903e-01,3.173634668014769632e-03
4.158227064999999723e-01,3.173612629166691970e-03
4.158477220999999835e-01,3.173575896986266173e-03
4.158727360999999734e-01,3.173539165544506883e-03
4.159127552999999922e-01,3.173480398081700207e-03
4.159427673000000159e-01,3.173436323790441039e-03
4.159527707999999824e-01,3.173421632157359933e-03
4.159877811000000092e-01,3.173370214494083529e-03
4.160027846000000085e-01,3.173348179077382578e-03
4.160077857000000212e-01,3.173340833615807214e-03
4.160277893000000060e-01,3.173311453105670445e-03
4.160477920000000274e-01,3.173282073522222524e-03
4.160627933000000112e-01,3.173260039195721117e-03
4.160877943999999884e-01,3.173223315992005755e-03
4.161077941999999918e-01,3.173193938464850903e-03
4.161427914999999977e-01,3.173142527866996097e-03
4.161477908999999809e-01,3.173135184214548234e-03
4.161527902000000112e-01,3.173127839811583101e-03
4.161627885999999998e-01,3.173113151432945152e-03
4.161677878000000219e-01,3.173105807285368611e-03
4.161877836999999802e-01,3.173076431774079532e-03
4.161927825000000247e-01,3.173069088221310615e-03
4.162227741999999786e-01,3.173025026118241141e-03
4.162327710000000014e-01,3.173010337896344131e-03
4.162677578000000267e-01,3.172958935144459293e-03
4.162877488999999764e-01,3.172929561879686122e-03
4.163127365000000024e-01,3.172892846603878655e-03
4.163227311000000097e-01,3.172878160933229486e-03
4.163876901999999935e-01,3.172782706325650171e-03
4.164076755000000185e-01,3.172753336470415277e-03
4.164226638999999897e-01,3.172731309668528916e-03
4.164626303000000251e-01,3.172672574097194775e-03
4.164676259000000269e-01,3.172665232554222701e-03
4.164826120999999826e-01,3.172643206502056071e-03
4.165275675999999816e-01,3.172577132890404619e-03
4.165475462000000073e-01,3.172547767791497001e-03
4.165525407999999818e-01,3.172540425588937091e-03
4.165825066000000132e-01,3.172496379706835328e-03
4.166324448000000014e-01,3.172422970443849240e-03
4.166424317999999904e-01,3.172408290278515893e-03
4.166474251000000240e-01,3.172400949118912069e-03
4.166873700000000014e-01,3.172342225929600853e-03
4.167073410000000089e-01,3.172312864687402024e-03
4.167223185999999746e-01,3.172290845160039962e-03
4.167273109999999892e-01,3.172283504731369681e-03
4.167472801000000060e-01,3.172254145947016844e-03
4.167522721999999957e-01,3.172246805907954180e-03
4.167822237000000096e-01,3.172202767461660897e-03
4.167922070000000256e-01,3.172188088594833991e-03
4.168620836999999968e-01,3.172085338852492775e-03
4.168670743999999817e-01,3.172077999304601451e-03
4.168820462999999754e-01,3.172055983358152299e-03
4.168870367999999993e-01,3.172048644231981358e-03
4.169119884999999970e-01,3.172011950748921619e-03
4.169269587000000166e-01,3.171989934484435204e-03
4.169469182000000163e-01,3.171960580867201271e-03
4.169618871999999921e-01,3.171938565862467575e-03
4.169868344000000060e-01,3.171901875036121660e-03
4.169918235999999778e-01,3.171894536622312747e-03
4.170217579000000119e-01,3.171850508862982063e-03
4.170317355000000004e-01,3.171835833422765281e-03
4.170467015000000055e-01,3.171813819852875149e-03
4.170666552000000249e-01,3.171784469386831028e-03
4.170866080999999781e-01,3.171755120258061382e-03
4.171065599000000068e-01,3.171725770631540590e-03
4.171115476999999738e-01,3.171718433508449644e-03
4.171215232000000106e-01,3.171703759822474145e-03
4.171265108000000166e-01,3.171696421737118642e-03
4.171664098000000265e-01,3.171637726214895665e-03
4.172013183000000125e-01,3.171586370181567801e-03
4.172312375000000184e-01,3.171542351392561167e-03
4.172661404999999935e-01,3.171490998019566628e-03
4.172711264000000253e-01,3.171483661168310753e-03
4.172860837999999850e-01,3.171461653331009937e-03
4.173060261000000049e-01,3.171432310259283613e-03
4.173508928999999923e-01,3.171366289035796281e-03
4.173658473999999896e-01,3.171344282722103527e-03
4.173808014000000011e-01,3.171322276324957997e-03
4.173907703999999996e-01,3.171307605921473965e-03
4.174057234999999921e-01,3.171285600803476230e-03
4.174206759999999905e-01,3.171263596382689013e-03
4.174256600999999844e-01,3.171256260676333285e-03
4.174406118999999804e-01,3.171234256245725365e-03
4.174854641999999894e-01,3.171168244255273376e-03
4.175253288999999923e-01,3.171109569630592775e-03
4.175402771000000235e-01,3.171087566270155284e-03
4.175452598000000126e-01,3.171080232785446033e-03
4.175851186999999798e-01,3.171021561053603745e-03
4.176000648000000037e-01,3.170999560118012602e-03
4.176249738000000211e-01,3.170962891413702227e-03
4.176698063000000016e-01,3.170896891661423821e-03
4.177395361999999834e-01,3.170794230999070783e-03
4.177494965999999921e-01,3.170779565440600030e-03
4.177594567999999842e-01,3.170764900284461958e-03
4.177644368999999802e-01,3.170757567129691042e-03
4.177843564000000010e-01,3.170728237827626778e-03
4.178241925000000245e-01,3.170669580048508882e-03
4.178391300000000030e-01,3.170647583858231689e-03
4.178441091000000274e-01,3.170640252256240379e-03
4.178590460000000117e-01,3.170618256705174526e-03
4.178690036000000108e-01,3.170603592998280824e-03
4.179038533000000166e-01,3.170552271519109372e-03
4.179436780999999934e-01,3.170493620946376271e-03
4.179635890000000242e-01,3.170464295691021589e-03
4.179785215999999859e-01,3.170442302677393010e-03
4.180183391999999776e-01,3.170383656670997235e-03
4.180233161999999947e-01,3.170376326466854775e-03
4.180282929999999952e-01,3.170368995544864225e-03
4.180631295000000192e-01,3.170317682075697325e-03
4.180681058999999866e-01,3.170310352017152375e-03
4.180780585000000160e-01,3.170295690908785102e-03
4.181079149999999967e-01,3.170251710184448374e-03
4.181228424000000277e-01,3.170229720680977237e-03
4.181377693000000173e-01,3.170207731163206342e-03
4.181427448000000213e-01,3.170200400587734179e-03
4.181825467999999990e-01,3.170141763836060826e-03
4.181875218000000172e-01,3.170134435021856444e-03
4.182024463999999830e-01,3.170112446421700057e-03
4.182273195000000277e-01,3.170075800532319316e-03
4.182621394000000103e-01,3.170024496830209371e-03
4.182969563999999751e-01,3.169973195214594031e-03
4.183069036000000018e-01,3.169958537836576121e-03
4.183168505000000037e-01,3.169943880201065399e-03
4.183417167999999853e-01,3.169907239114931434e-03
4.183466899000000128e-01,3.169899910114776405e-03
4.183616088000000066e-01,3.169877926072747765e-03
4.183964175000000063e-01,3.169826628694881031e-03
4.184212790999999876e-01,3.169789989171868227e-03
4.184262512999999961e-01,3.169782662063907498e-03
4.184660263000000158e-01,3.169724041144190117e-03
4.184958550000000277e-01,3.169680076918500022e-03
4.185008263000000173e-01,3.169672750535648068e-03
4.185555061999999826e-01,3.169592153122088515e-03
4.185604767000000170e-01,3.169584826522179721e-03
4.185853285999999729e-01,3.169548193128556880e-03
4.186002389999999851e-01,3.169526213233648387e-03
4.186350278000000036e-01,3.169474929105819006e-03
4.186549058999999851e-01,3.169445624021043507e-03
4.186598752999999840e-01,3.169438298140530175e-03
4.186648445999999746e-01,3.169430971478739457e-03
4.186797521000000244e-01,3.169408994095037051e-03
4.186946591999999856e-01,3.169387016221998643e-03
4.187393770999999765e-01,3.169321085896090271e-03
4.187443455000000037e-01,3.169313760240518533e-03
4.187791222999999730e-01,3.169262483317814537e-03
4.187840902000000143e-01,3.169255158254426219e-03
4.187940258000000249e-01,3.169240507313075047e-03
4.187989936000000024e-01,3.169233182696147740e-03
4.188387331000000269e-01,3.169174583176133115e-03
4.188784689999999755e-01,3.169115986742015046e-03
4.188983354999999964e-01,3.169086689546991766e-03
4.189033019000000246e-01,3.169079364809543678e-03
4.189182009999999901e-01,3.169057392296253071e-03
4.189430316000000154e-01,3.169020770936835027e-03
4.189579292999999760e-01,3.168998799109191706e-03
4.189728263999999980e-01,3.168976828100036457e-03
4.190125494999999978e-01,3.168918239409833706e-03
4.190175146999999822e-01,3.168910915485074076e-03
4.190224797000000057e-01,3.168903591961195598e-03
4.190373746000000121e-01,3.168881621369219227e-03
4.190572335000000148e-01,3.168852328569703777e-03
4.190621981000000051e-01,3.168845005949431481e-03
4.190969486000000188e-01,3.168793744835786408e-03
4.191118408000000239e-01,3.168771775534451243e-03
4.191565141999999966e-01,3.168705872863462458e-03
4.191962199000000000e-01,3.168647293998015733e-03
4.192160712999999927e-01,3.168618005503129852e-03
4.192359218000000221e-01,3.168588717041093562e-03
4.192557713999999769e-01,3.168559430144517707e-03
4.192607335999999907e-01,3.168552108156265455e-03
4.192905057999999907e-01,3.168508179193839456e-03
4.193004294000000076e-01,3.168493535805895402e-03
4.193351602000000011e-01,3.168442286762602426e-03
4.193500439000000246e-01,3.168420323518043001e-03
4.194095735999999741e-01,3.168332472615563705e-03
4.194542151999999802e-01,3.168266589323585902e-03
4.194591751000000257e-01,3.168259268456298950e-03
4.194938926999999818e-01,3.168208026988942379e-03
4.194988521999999942e-01,3.168200707527928962e-03
4.195087707999999860e-01,3.168186067427004003e-03
4.195137300999999819e-01,3.168178747257977945e-03
4.195385253999999731e-01,3.168142149000635708e-03
4.195682779000000084e-01,3.168098231267073902e-03
4.195732365000000019e-01,3.168090911349760990e-03
4.196178607000000116e-01,3.168025038310347610e-03
4.196476076000000277e-01,3.167981123436947564e-03
4.196723950999999841e-01,3.167944529462685729e-03
4.197318789999999744e-01,3.167856707457414409e-03
4.197368356000000245e-01,3.167849388254540422e-03
4.197467485999999970e-01,3.167834752305756334e-03
4.197517050999999833e-01,3.167827433832773321e-03
4.197715302000000204e-01,3.167798161682823261e-03
4.197913543999999830e-01,3.167768890429976773e-03
4.198111776999999822e-01,3.167739618166371101e-03
4.198161334000000133e-01,3.167732300529525237e-03
4.198260446000000035e-01,3.167717665163895333e-03
4.198706420000000161e-01,3.167651808214424266e-03
4.199102800999999774e-01,3.167593270466612446e-03
4.199251433999999783e-01,3.167571319694040873e-03
4.199499145000000211e-01,3.167534735699962384e-03
4.199697303000000104e-01,3.167505469104223061e-03
4.199746840999999953e-01,3.167498153186359792e-03
4.199845915000000041e-01,3.167483519072664209e-03
4.200291721000000145e-01,3.167417672765310537e-03
4.200440312000000009e-01,3.167395724366130812e-03
4.200489841000000224e-01,3.167388408147894536e-03
4.200638426000000147e-01,3.167366460758158208e-03
4.200886053999999814e-01,3.167329881431265627e-03
4.200935578000000170e-01,3.167322565649997954e-03
4.201678368000000274e-01,3.167212833860792894e-03
4.201727882999999886e-01,3.167205519195864013e-03
4.202074469000000034e-01,3.167154313878275951e-03
4.202123978999999787e-01,3.167146999377303158e-03
4.202222997999999765e-01,3.167132369888428500e-03
4.202272505999999908e-01,3.167125055133464002e-03
4.202421027000000087e-01,3.167103110564268350e-03
4.202520037999999958e-01,3.167088480797471909e-03
4.202668551000000030e-01,3.167066537752261188e-03
4.203015059999999914e-01,3.167015338100756614e-03
4.203064557999999784e-01,3.167008023194087078e-03
4.203262548000000209e-01,3.166978767457720619e-03
4.203460528999999890e-01,3.166949511742511280e-03
4.203707991000000255e-01,3.166912942285090692e-03
4.204004927000000169e-01,3.166869061237324780e-03
4.204054414000000239e-01,3.166861746823288089e-03
4.204648215999999827e-01,3.166773988371831324e-03
4.204846131000000153e-01,3.166744736627577494e-03
4.205390350000000055e-01,3.166664297097164169e-03
4.205637698999999952e-01,3.166627735243803324e-03
4.205687167000000115e-01,3.166620422574870260e-03
4.205835567999999802e-01,3.166598486692437289e-03
4.205983963000000103e-01,3.166576550017512377e-03
4.206082890000000241e-01,3.166561925777181940e-03
4.206181815000000213e-01,3.166547302383479392e-03
4.206231276999999880e-01,3.166539990280765708e-03
4.206429118000000189e-01,3.166510742267313570e-03
4.206874225000000189e-01,3.166444938501612391e-03
4.207022583999999732e-01,3.166423004335613273e-03
4.207170937999999971e-01,3.166401071130245035e-03
4.207269837000000012e-01,3.166386448374497453e-03
4.208060948999999829e-01,3.166269475534647885e-03
4.208209265999999782e-01,3.166247544073739258e-03
4.208407013000000085e-01,3.166218301459687665e-03
4.208456448999999822e-01,3.166210991342976490e-03
4.208604751999999727e-01,3.166189060921939177e-03
4.208753049000000246e-01,3.166167131064481863e-03
4.208802481000000206e-01,3.166159820639748417e-03
4.209197910999999959e-01,3.166101342174685446e-03
4.209247336999999978e-01,3.166094032238084971e-03
4.209346187999999933e-01,3.166079412742986085e-03
4.209790986999999984e-01,3.166013627048173008e-03
4.210186324999999896e-01,3.165955153811321129e-03
4.210383979000000276e-01,3.165925918409780073e-03
4.210581624999999995e-01,3.165896683177534584e-03
4.210828669000000191e-01,3.165860140102844632e-03
4.211520314000000154e-01,3.165757823235082914e-03
4.211619112000000165e-01,3.165743207921776960e-03
4.211717906999999927e-01,3.165728591243042837e-03
4.211915489999999984e-01,3.165699360571460393e-03
4.212014277999999723e-01,3.165684744353775004e-03
4.212310628000000001e-01,3.165640899282865569e-03
4.212360016999999734e-01,3.165633592083735067e-03
4.212755114000000245e-01,3.165575133611878405e-03
4.212804498000000120e-01,3.165567826221238768e-03
4.212952648000000133e-01,3.165545905235649538e-03
4.213347688999999896e-01,3.165487450372539424e-03
4.213495818999999920e-01,3.165465529497806397e-03
4.214137659000000147e-01,3.165370547038477700e-03
4.214384494000000259e-01,3.165334016007540895e-03
4.214532589000000162e-01,3.165312098663027388e-03
4.214730039999999844e-01,3.165282875408962065e-03
4.214878121999999783e-01,3.165260958707857928e-03
4.215075555999999724e-01,3.165231736169658774e-03
4.215124914000000222e-01,3.165224430417683168e-03
4.215174270000000001e-01,3.165217124956999292e-03
4.215322336999999808e-01,3.165195209831443441e-03
4.215470398000000229e-01,3.165173293438641733e-03
4.215519750999999760e-01,3.165165988406041641e-03
4.215717154999999994e-01,3.165136767718288932e-03
4.215914551000000121e-01,3.165107548121842088e-03
4.216358657000000010e-01,3.165041805557015139e-03
4.216506682000000228e-01,3.165019892353305216e-03
4.216654700999999950e-01,3.164997978857191172e-03
4.216753377999999941e-01,3.164983370397600731e-03
4.217098729000000046e-01,3.164932241713686902e-03
4.217246727999999778e-01,3.164910329695518661e-03
4.217937320999999851e-01,3.164808078750849882e-03
4.218233255000000126e-01,3.164764258397353893e-03
4.218282575000000256e-01,3.164756954834439719e-03
4.218825059999999905e-01,3.164676622609880266e-03
4.218874374000000094e-01,3.164669319348721241e-03
4.219071621000000105e-01,3.164640109099500949e-03
4.219120932000000046e-01,3.164632806512816289e-03
4.219515394999999724e-01,3.164574387379553207e-03
4.219860520000000004e-01,3.164523272249727352e-03
4.219909821000000227e-01,3.164515969658325545e-03
4.220057722000000178e-01,3.164494064955707380e-03
4.220304210999999972e-01,3.164457555793658353e-03
4.220402802000000064e-01,3.164442952102343963e-03
4.220649270999999869e-01,3.164406444617892233e-03
4.221191451999999900e-01,3.164326130454434439e-03
4.221240736999999910e-01,3.164318829032175540e-03
4.221388590999999857e-01,3.164296926410754135e-03
4.221635001999999859e-01,3.164260422874347854e-03
4.221782841999999758e-01,3.164238519890796852e-03
4.221979954000000257e-01,3.164209318739693785e-03
4.222226331000000221e-01,3.164172816652112506e-03
4.222620503999999775e-01,3.164114415431757994e-03
4.222669773000000126e-01,3.164107114957941374e-03
4.222817575999999740e-01,3.164085215612431629e-03
4.223014640000000153e-01,3.164056015464015211e-03
4.223063904000000091e-01,3.164048716640702544e-03
4.223408739000000245e-01,3.163997619057713935e-03
4.223457998999999852e-01,3.163990320052619161e-03
4.223852056999999882e-01,3.163931925321019495e-03
4.223999818999999989e-01,3.163910028294934784e-03
4.224196827000000209e-01,3.163880832174361529e-03
4.224393826000000240e-01,3.163851637045813313e-03
4.224640062000000196e-01,3.163815143894411087e-03
4.225034010000000007e-01,3.163756756556844289e-03
4.225181731000000052e-01,3.163734862024752438e-03
4.225378684000000162e-01,3.163705669457663513e-03
4.225723330000000222e-01,3.163654584404419507e-03
4.225772562999999815e-01,3.163647286437462191e-03
4.225920257999999929e-01,3.163625393410588165e-03
4.226117175999999920e-01,3.163596202864747426e-03
4.226363311999999928e-01,3.163559715760089035e-03
4.226560209999999929e-01,3.163530526265564448e-03
4.226609432999999805e-01,3.163523229760513682e-03
4.226707876999999947e-01,3.163508634995334298e-03
4.226953977999999834e-01,3.163472150010851035e-03
4.227396923999999778e-01,3.163406479809196831e-03
4.227495350000000096e-01,3.163391886978410197e-03
4.227544563000000255e-01,3.163384590479086621e-03
4.227741406000000146e-01,3.163355404405492240e-03
4.228135063999999832e-01,3.163297035051946399e-03
4.228184268999999884e-01,3.163289739229702309e-03
4.228331880000000265e-01,3.163267851722105593e-03
4.228577886000000063e-01,3.163231372652751394e-03
4.228725482999999841e-01,3.163209486058725546e-03
4.229315819999999726e-01,3.163121940875872513e-03
4.229365010999999730e-01,3.163114646262658262e-03
4.229512581000000049e-01,3.163092760467683777e-03
4.229709332000000099e-01,3.163063580763729454e-03
4.230151989000000001e-01,3.162997928360570133e-03
4.230496246000000071e-01,3.162946866471384906e-03
4.230643775999999856e-01,3.162924984606759523e-03
4.230692951999999729e-01,3.162917690241726955e-03
4.230938820999999850e-01,3.162881219463682236e-03
4.231233844999999771e-01,3.162837455498614461e-03
4.231283014000000176e-01,3.162830162202894500e-03
4.231725505999999748e-01,3.162764520086438092e-03
4.231872993999999943e-01,3.162742639203986253e-03
4.232020476000000198e-01,3.162720759810880820e-03
4.232118793999999906e-01,3.162706173563004618e-03
4.232266268000000053e-01,3.162684294380777809e-03
4.232413736000000259e-01,3.162662415531220655e-03
4.232462891000000060e-01,3.162655122884249978e-03
4.232905260000000003e-01,3.162589488142208017e-03
4.233003558000000277e-01,3.162574902801940438e-03
4.233052706000000054e-01,3.162567610136187042e-03
4.233298437999999941e-01,3.162531148150678033e-03
4.233445871000000027e-01,3.162509271180274396e-03
4.233593298000000171e-01,3.162487394923215941e-03
4.233691580000000232e-01,3.162472811592564360e-03
4.233789860000000127e-01,3.162458226725295592e-03
4.234084685000000237e-01,3.162414475942987389e-03
4.234379489999999802e-01,3.162370726276690983e-03
4.234625144999999979e-01,3.162334269042787766e-03
4.235018164000000085e-01,3.162275939234298391e-03
4.235214659000000048e-01,3.162246775902631275e-03
4.235362025000000141e-01,3.162224903204100424e-03
4.235558504999999974e-01,3.162195740640824301e-03
4.235656741000000114e-01,3.162181159577086374e-03
4.235804090999999993e-01,3.162159287429153719e-03
4.236147888999999833e-01,3.162108254776056001e-03
4.236589873000000117e-01,3.162042644064398059e-03
4.236737191000000124e-01,3.162020775090690610e-03
4.236786296000000229e-01,3.162013485461344277e-03
4.236835400000000251e-01,3.162006195839251691e-03
4.237130013000000028e-01,3.161962457002579809e-03
4.237179113999999802e-01,3.161955167943391546e-03
4.237620990000000032e-01,3.161889563714271635e-03
4.237719179000000169e-01,3.161874985814264270e-03
4.238160999000000206e-01,3.161809385473628945e-03
4.238357348999999830e-01,3.161780230302143994e-03
4.238553689999999818e-01,3.161751076822063005e-03
4.238750021000000090e-01,3.161721922911914142e-03
4.238799102999999957e-01,3.161714634489777055e-03
4.238946344000000255e-01,3.161692769675446876e-03
4.239338961999999933e-01,3.161634464653418145e-03
4.239927820000000125e-01,3.161547012985088927e-03
4.239976887999999944e-01,3.161539724819588133e-03
4.240124088000000180e-01,3.161517863232537074e-03
4.240320347000000045e-01,3.161488714058066207e-03
4.240369410000000006e-01,3.161481426772066311e-03
4.240663778000000050e-01,3.161437704455317011e-03
4.240761895999999864e-01,3.161423129962253210e-03
4.240860012000000068e-01,3.161408556805263888e-03
4.241154346000000075e-01,3.161364836009493678e-03
4.241546759000000000e-01,3.161306545294625004e-03
4.241644856999999824e-01,3.161291971768885947e-03
4.241693905000000209e-01,3.161284685572026548e-03
4.242086267999999882e-01,3.161226397412156188e-03
4.242282435999999990e-01,3.161197254557948644e-03
4.242331476999999795e-01,3.161189968275763401e-03
4.242870885999999730e-01,3.161109827361893460e-03
4.243017986000000019e-01,3.161087971586201608e-03
4.243067018000000190e-01,3.161080686103226890e-03
4.243214110999999900e-01,3.161058830677299526e-03
4.243410227000000146e-01,3.161029690124588214e-03
4.243459253999999903e-01,3.161022405654739711e-03
4.243655358999999794e-01,3.160993266227969754e-03
4.243802430999999986e-01,3.160971411964559087e-03
4.244243617999999829e-01,3.160905851250363045e-03
4.244292635999999952e-01,3.160898566796224631e-03
4.244635746000000043e-01,3.160847577494010126e-03
4.244684758999999752e-01,3.160840293563413426e-03
4.244782784000000198e-01,3.160825725503512221e-03
4.244978828000000037e-01,3.160796590131262438e-03
4.245419892000000250e-01,3.160731037360579865e-03
4.245566903999999919e-01,3.160709186179398982e-03
4.245615905999999828e-01,3.160701903318246728e-03
4.245811910999999772e-01,3.160672770293744376e-03
4.245860911000000071e-01,3.160665486853712729e-03
4.246007907000000081e-01,3.160643637241934006e-03
4.246154898000000233e-01,3.160621788720594655e-03
4.246399872000000131e-01,3.160585373981354609e-03
4.246546849000000234e-01,3.160563525960530685e-03
4.246987750999999811e-01,3.160497982698782116e-03
4.247036737000000062e-01,3.160490699751028129e-03
4.247134707999999925e-01,3.160476135386619621e-03
4.247379625000000103e-01,3.160439724359790162e-03
4.247428607000000023e-01,3.160432442556075031e-03
4.247918392999999737e-01,3.160359624441011223e-03
4.248212237999999807e-01,3.160315934322249689e-03
4.248603999000000186e-01,3.160257684282837508e-03
4.248701933999999847e-01,3.160243121338558205e-03
4.248946760000000267e-01,3.160206716301341631e-03
4.249387412999999780e-01,3.160141189130759223e-03
4.249534287000000243e-01,3.160119347856905469e-03
4.249779066000000105e-01,3.160082944741641510e-03
4.249925925999999965e-01,3.160061104200547963e-03
4.250072782000000049e-01,3.160039264320734908e-03
4.250268581000000157e-01,3.160010143539443341e-03
4.250562263000000063e-01,3.159966464077989309e-03
4.250904866999999920e-01,3.159915506668851525e-03
4.250953807999999778e-01,3.159908227371102749e-03
4.251100628000000214e-01,3.159886388670316622e-03
4.251247443000000237e-01,3.159864550416774300e-03
4.251296379999999764e-01,3.159857271680741996e-03
4.251687856999999959e-01,3.159799038460263648e-03
4.251834650999999909e-01,3.159777201806514974e-03
4.251883582000000050e-01,3.159769922962845680e-03
4.252470702000000213e-01,3.159682579915814183e-03
4.252617470000000233e-01,3.159660744853328221e-03
4.252862070999999800e-01,3.159624353941798379e-03
4.253057741999999863e-01,3.159595241590134034e-03
4.253302318000000137e-01,3.159558852765064971e-03
4.253644701000000028e-01,3.159507908819398844e-03
4.254035961000000032e-01,3.159449689535895767e-03
4.254084866000000242e-01,3.159442411976610531e-03
4.254378285000000037e-01,3.159398749361938714e-03
4.254622785000000129e-01,3.159362364664079510e-03
4.254867271000000173e-01,3.159325980555260840e-03
4.254965061000000048e-01,3.159311427816626893e-03
4.255209528000000185e-01,3.159275045284278948e-03
4.255258418999999792e-01,3.159267768515943483e-03
4.255405091000000195e-01,3.159245939469681498e-03
4.255551757000000102e-01,3.159224111521002909e-03
4.255796190000000201e-01,3.159187731218228261e-03
4.255942842000000059e-01,3.159165903031222952e-03
4.256382770000000093e-01,3.159100421649140705e-03
4.256578279000000076e-01,3.159071319471832510e-03
4.256822652999999734e-01,3.159034943751337296e-03
4.257115882999999990e-01,3.158991292936846104e-03
4.257164753000000079e-01,3.158984017527036777e-03
4.257311357999999935e-01,3.158962192182258790e-03
4.257506824999999773e-01,3.158933093667530383e-03
4.257751144999999959e-01,3.158896720095336671e-03
4.257995451000000098e-01,3.158860348055339204e-03
4.258142027999999857e-01,3.158838524310283308e-03
4.258337455999999799e-01,3.158809427779124459e-03
4.258386311999999840e-01,3.158802154470018424e-03
4.258874838000000218e-01,3.158729414994388991e-03
4.259070232000000122e-01,3.158700320501846813e-03
4.259314463000000162e-01,3.158663951871498645e-03
4.259460994000000000e-01,3.158642132284387137e-03
4.259900558999999975e-01,3.158576673376391718e-03
4.259949397000000193e-01,3.158569400812334671e-03
4.260095906999999960e-01,3.158547582487598350e-03
4.260340078000000030e-01,3.158511218033885782e-03
4.260486574999999831e-01,3.158489400152275032e-03
4.260681895000000274e-01,3.158460310495311407e-03
4.261072510000000202e-01,3.158402132611282456e-03
4.261121333999999816e-01,3.158394859758272520e-03
4.261218981000000072e-01,3.158380315496387390e-03
4.261463087999999844e-01,3.158343956003283569e-03
4.261511908000000237e-01,3.158336684079689899e-03
4.261853630999999920e-01,3.158285782248363566e-03
4.261902445999999900e-01,3.158278510670683298e-03
4.262244137999999793e-01,3.158227610320253967e-03
4.262439377999999723e-01,3.158198526283022452e-03
4.262585802000000146e-01,3.158176713059515899e-03
4.262781026999999945e-01,3.158147628042489580e-03
4.262829831000000125e-01,3.158140357611737351e-03
4.263415443999999943e-01,3.158053110371782969e-03
4.263464242000000182e-01,3.158045839941967491e-03
4.263610630999999929e-01,3.158024028309549310e-03
4.263854601000000022e-01,3.157987677273089728e-03
4.264000976999999803e-01,3.157965866746736006e-03
4.264196136000000248e-01,3.157936787544280300e-03
4.264586429000000178e-01,3.157878629347862700e-03
4.264635212999999814e-01,3.157871359980186747e-03
4.264781561000000054e-01,3.157849551368116427e-03
4.265171799999999958e-01,3.157791397223610411e-03
4.265318129999999819e-01,3.157769589437366478e-03
4.265366905999999902e-01,3.157762320452692749e-03
4.265805862000000004e-01,3.157696900418829108e-03
4.265903401999999733e-01,3.157682363181775215e-03
4.265952170999999793e-01,3.157675093993570284e-03
4.266537355000000198e-01,3.157587873675300402e-03
4.266683638000000056e-01,3.157566069882282792e-03
4.266732397999999926e-01,3.157558801782831080e-03
4.266927433000000103e-01,3.157529729377547140e-03
4.267366228000000206e-01,3.157464320374038947e-03
4.267512482999999968e-01,3.157442517088280502e-03
4.268097452999999875e-01,3.157355309543747983e-03
4.268292425999999917e-01,3.157326242801172193e-03
4.268438648999999807e-01,3.157304441243562621e-03
4.268536128000000041e-01,3.157289907832563653e-03
4.268682342999999824e-01,3.157268108527961324e-03
4.268877288999999853e-01,3.157239042456731759e-03
4.269023491999999753e-01,3.157217242101351476e-03
4.269267152999999815e-01,3.157180911266979726e-03
4.269315884000000061e-01,3.157173645624311489e-03
4.269462071999999830e-01,3.157151846857953088e-03
4.269608254999999741e-01,3.157130048416449414e-03
4.269705708000000044e-01,3.157115516944522179e-03
4.269803159000000181e-01,3.157100985010302414e-03
4.269998052999999794e-01,3.157071921668029666e-03
4.270241658000000218e-01,3.157035594263626031e-03
4.270436532999999923e-01,3.157006532850113387e-03
4.270485250000000121e-01,3.156999267184911091e-03
4.270582681999999797e-01,3.156984736989654899e-03
4.270631397999999912e-01,3.156977471656257500e-03
4.271167231999999925e-01,3.156897556489541169e-03
4.271362063999999958e-01,3.156868497602908705e-03
4.271605592000000118e-01,3.156832174208731683e-03
4.271654295000000268e-01,3.156824910237675079e-03
4.271800404000000162e-01,3.156803116481709821e-03
4.271946507000000115e-01,3.156781323773344503e-03
4.272043905999999835e-01,3.156766794998377111e-03
4.272433480999999755e-01,3.156708682777535288e-03
4.272774330999999925e-01,3.156657836972487190e-03
4.272823021000000110e-01,3.156650573694963491e-03
4.272969088999999943e-01,3.156628782605302042e-03
4.273115152999999999e-01,3.156606992188489089e-03
4.273212525000000261e-01,3.156592465425829119e-03
4.273553312000000215e-01,3.156541623641802383e-03
4.273699355999999727e-01,3.156519834104533264e-03
4.273748036000000194e-01,3.156512570804263004e-03
4.274380824999999828e-01,3.156418155859094538e-03
4.274721518999999859e-01,3.156367319709337763e-03
4.275062185999999875e-01,3.156316484797781503e-03
4.275159513999999827e-01,3.156301960397767635e-03
4.275694780000000028e-01,3.156222081299668147e-03
4.275840750000000079e-01,3.156200296859215659e-03
4.275889406000000226e-01,3.156193036088360011e-03
4.275938060999999735e-01,3.156185775169993019e-03
4.276035369000000252e-01,3.156171252062906721e-03
4.276716466000000105e-01,3.156069597721916295e-03
4.276862401000000036e-01,3.156047815808829277e-03
4.277056973999999734e-01,3.156018773490785329e-03
4.277251537999999798e-01,3.155989731099809268e-03
4.277446093000000227e-01,3.155960690174557451e-03
4.277494729999999912e-01,3.155953429729722697e-03
4.277592002999999754e-01,3.155938908979290768e-03
4.277640638999999911e-01,3.155931649233347045e-03
4.278175593999999915e-01,3.155851789754288324e-03
4.278613236000000097e-01,3.155786454160062256e-03
4.278661859999999817e-01,3.155779194615177755e-03
4.278807728999999838e-01,3.155757416549795445e-03
4.279002212999999943e-01,3.155728380353594979e-03
4.279050831999999804e-01,3.155721120879494569e-03
4.279196687999999860e-01,3.155699344045265024e-03
4.279342537999999974e-01,3.155677566578804667e-03
4.279780060000000219e-01,3.155612239121712362e-03
4.279828670999999973e-01,3.155604980132760765e-03
4.279974500000000015e-01,3.155583204736691141e-03
4.280217538000000155e-01,3.155546913007187173e-03
4.280363354000000231e-01,3.155525138214225391e-03
4.280703571000000207e-01,3.155474332897434137e-03
4.280946567000000202e-01,3.155438043789439949e-03
4.280995164999999991e-01,3.155430786603660113e-03
4.281286738000000258e-01,3.155387241192071906e-03
4.281383925000000201e-01,3.155372725743642304e-03
4.281529700999999744e-01,3.155350954113560636e-03
4.281724062000000219e-01,3.155321924609282794e-03
4.282064171000000141e-01,3.155271125581683798e-03
4.282549995000000109e-01,3.155198559266741976e-03
4.282890039000000204e-01,3.155147763978431805e-03
4.283278627000000061e-01,3.155089714674538977e-03
4.283327197999999836e-01,3.155082458600889928e-03
4.283618612999999797e-01,3.155038923371510529e-03
4.283715746999999796e-01,3.155024411779155675e-03
4.283812879000000184e-01,3.155009900671548913e-03
4.283861444000000018e-01,3.155002645815877405e-03
4.284007134999999744e-01,3.154980878991364441e-03
4.284055697999999968e-01,3.154973623122551106e-03
4.284249943999999810e-01,3.154944601700065878e-03
4.284589852999999837e-01,3.154893815940588726e-03
4.284638409000000037e-01,3.154886560343754445e-03
4.284881181999999900e-01,3.154850286188369286e-03
4.285026839000000143e-01,3.154828521408257428e-03
4.285221040000000148e-01,3.154799502181594283e-03
4.285560871999999910e-01,3.154748722108984774e-03
4.285657962000000154e-01,3.154734212918089160e-03
4.285803592999999911e-01,3.154712450239208817e-03
4.285997758999999796e-01,3.154683433770355278e-03
4.286046299999999865e-01,3.154676179259301768e-03
4.286191917000000129e-01,3.154654418162955876e-03
4.286919929999999934e-01,3.154545614264781320e-03
4.286968460000000203e-01,3.154538360349754076e-03
4.287114046000000123e-01,3.154516600836981734e-03
4.287696341000000189e-01,3.154429564378031983e-03
4.287744862000000268e-01,3.154422312373457871e-03
4.287938941000000170e-01,3.154393300869588485e-03
4.287987459000000001e-01,3.154386047940663067e-03
4.288133009999999801e-01,3.154364290270348769e-03
4.288278556999999824e-01,3.154342533665961765e-03
4.288521123999999851e-01,3.154306271951469974e-03
4.288666656999999827e-01,3.154284515757078359e-03
4.288715167000000106e-01,3.154277263334263285e-03
4.289151733000000077e-01,3.154211996853924574e-03
4.289491253000000115e-01,3.154161235365287533e-03
4.289539754000000205e-01,3.154153984489933837e-03
4.289685252000000060e-01,3.154132230437568362e-03
4.289879242999999898e-01,3.154103224764256801e-03
4.290024731000000036e-01,3.154081470934740408e-03
4.290315690000000015e-01,3.154037965719326715e-03
4.290800579999999864e-01,3.153965458910790338e-03
4.290849064999999740e-01,3.153958207975660673e-03
4.291043004000000272e-01,3.153929205518371179e-03
4.291430853000000045e-01,3.153871204960148611e-03
4.291479331999999980e-01,3.153863953801707126e-03
4.291576288000000239e-01,3.153849454192855003e-03
4.291867142999999940e-01,3.153805955225890550e-03
4.292012563000000003e-01,3.153784206696763192e-03
4.292206447999999952e-01,3.153755207273691973e-03
4.292351857000000215e-01,3.153733458946131243e-03
4.292594193000000002e-01,3.153697212534786656e-03
4.292788052000000021e-01,3.153668216310817011e-03
4.292933440999999739e-01,3.153646469681145072e-03
4.293175744000000127e-01,3.153610225196338841e-03
4.293321119999999880e-01,3.153588479087614336e-03
4.293757216999999904e-01,3.153523241515571087e-03
4.293805669999999908e-01,3.153515993865339817e-03
4.294193270000000173e-01,3.153458007292199005e-03
4.294483947000000135e-01,3.153414519894119292e-03
4.294726162999999985e-01,3.153378281077829498e-03
4.294919925999999832e-01,3.153349290766150909e-03
4.295694890999999793e-01,3.153233335023720215e-03
4.296082320999999871e-01,3.153175360253330020e-03
4.296227597999999759e-01,3.153153620757422147e-03
4.296276023000000222e-01,3.153146374355349571e-03
4.296421293000000086e-01,3.153124634186701622e-03
4.296518138000000042e-01,3.153110141438145251e-03
4.296857076000000220e-01,3.153059417478523262e-03
4.296905493000000020e-01,3.153052171763896881e-03
4.297002327000000177e-01,3.153037680071086278e-03
4.297292813999999961e-01,3.152994204019371818e-03
4.297438049999999787e-01,3.152972466850724291e-03
4.297680099999999781e-01,3.152936238400017889e-03
4.297776915000000031e-01,3.152921748088497334e-03
4.297825323000000197e-01,3.152914503131138031e-03
4.298212559999999849e-01,3.152856540148668302e-03
4.298454566000000088e-01,3.152820314892896669e-03
4.298551365000000124e-01,3.152805825147293219e-03
4.298841747000000102e-01,3.152762356623391334e-03
4.299180502000000126e-01,3.152711644244896461e-03
4.299325674999999736e-01,3.152689911644889972e-03
4.299519230000000136e-01,3.152660935287052504e-03
4.299567617999999758e-01,3.152653690548097489e-03
4.299616004999999852e-01,3.152646446478417006e-03
4.299906314999999979e-01,3.152602981990877511e-03
4.299954698999999825e-01,3.152595738454348675e-03
4.300003081000000060e-01,3.152588494421884515e-03
4.300148226000000129e-01,3.152566762890825908e-03
4.300728756000000153e-01,3.152479841715452678e-03
4.300873875999999818e-01,3.152458110934271227e-03
4.300922247999999781e-01,3.152450867977134828e-03
4.301067362000000061e-01,3.152429138517200743e-03
4.301164101000000128e-01,3.152414653310530758e-03
4.301309206999999746e-01,3.152392924736764114e-03
4.301502672999999999e-01,3.152363953162569746e-03
4.301647766999999734e-01,3.152342224519205129e-03
4.301696131000000145e-01,3.152334981815912117e-03
4.301937941000000265e-01,3.152298769541736750e-03
4.302663288999999947e-01,3.152190137931359503e-03
4.303050091000000243e-01,3.152132203844317925e-03
4.303195133000000117e-01,3.152110478896426489e-03
4.303243479000000149e-01,3.152103237636911734e-03
4.303871930000000012e-01,3.152009101153300467e-03
4.304210289000000023e-01,3.151958415893382076e-03
4.304258624000000255e-01,3.151951175106668807e-03
4.304403625000000067e-01,3.151929452543264509e-03
4.304645281999999740e-01,3.151893249855172371e-03
4.304741941999999932e-01,3.151878769377776651e-03
4.304790271000000224e-01,3.151871528807274545e-03
4.304983580000000254e-01,3.151842568261105891e-03
4.305176882000000260e-01,3.151813607716778647e-03
4.305418496000000261e-01,3.151777407932303092e-03
4.305563458000000177e-01,3.151755687403463586e-03
4.305708415000000233e-01,3.151733969079451980e-03
4.305805051000000105e-01,3.151719489013093782e-03
4.305950000000000055e-01,3.151697771017092364e-03
4.306094944000000146e-01,3.151676052624663264e-03
4.306288194999999819e-01,3.151647094856341574e-03
4.306578055999999988e-01,3.151603660467371549e-03
4.306722979000000007e-01,3.151581943369427801e-03
4.307109416000000079e-01,3.151524033373574903e-03
4.307254321000000274e-01,3.151502317959285673e-03
4.307302621999999914e-01,3.151495078806698397e-03
4.307350922000000026e-01,3.151487840386460199e-03
4.307833892999999859e-01,3.151415457221579900e-03
4.308123649999999749e-01,3.151372029404219018e-03
4.308413387000000205e-01,3.151328602290465013e-03
4.308654820000000218e-01,3.151292415000306237e-03
4.308847955999999813e-01,3.151263464284898789e-03
4.309041083999999855e-01,3.151234516161272731e-03
4.309185924000000223e-01,3.151212804164758678e-03
4.309282481000000220e-01,3.151198330085646770e-03
4.309427312999999926e-01,3.151176618941226287e-03
4.309620415000000038e-01,3.151147671728753760e-03
4.310006592999999775e-01,3.151089778183002559e-03
4.310054863000000180e-01,3.151082541586805712e-03
4.310151400000000188e-01,3.151068067850892798e-03
4.310199668999999956e-01,3.151060832192327868e-03
4.310344469999999872e-01,3.151039123246696279e-03
4.310392735999999947e-01,3.151031886193147828e-03
4.310778843999999999e-01,3.150973997899751168e-03
4.311164918000000013e-01,3.150916111339762196e-03
4.311502703999999797e-01,3.150865462021248172e-03
4.311695712999999985e-01,3.150836520876820583e-03
4.311888712999999984e-01,3.150807579756043347e-03
4.312371175999999973e-01,3.150735230024596153e-03
4.312467662000000201e-01,3.150720760503730386e-03
4.312757106999999812e-01,3.150677353180195324e-03
4.312901822999999912e-01,3.150655648723602216e-03
4.313094768999999884e-01,3.150626711889509268e-03
4.313239473000000102e-01,3.150605009730033518e-03
4.313480634999999896e-01,3.150568838287409832e-03
4.313673554999999937e-01,3.150539903155307863e-03
4.313866466999999871e-01,3.150510967619357498e-03
4.314059370000000171e-01,3.150482033281126575e-03
4.314252264999999809e-01,3.150453099726295038e-03
4.314686245000000087e-01,3.150387999955654456e-03
4.314782679999999981e-01,3.150373533639195481e-03
4.314830895999999805e-01,3.150366300097659760e-03
4.315071970000000090e-01,3.150330136299983683e-03
4.315216606999999760e-01,3.150308437659021538e-03
4.315361240000000209e-01,3.150286740005466164e-03
4.315409450000000091e-01,3.150279506898668626e-03
4.315602284000000233e-01,3.150250577208385094e-03
4.315795109000000185e-01,3.150221647277700980e-03
4.315843314000000208e-01,3.150214415091399326e-03
4.316228934999999933e-01,3.150156558297098099e-03
4.316373533999999790e-01,3.150134862562611795e-03
4.316518127999999788e-01,3.150113166859037830e-03
4.316566325000000259e-01,3.150105935671807227e-03
4.316951881000000157e-01,3.150048082217734267e-03
4.317000073000000215e-01,3.150040850344235348e-03
4.317096456000000249e-01,3.150026387674067976e-03
4.317144646000000141e-01,3.150019156123105325e-03
4.317385590000000217e-01,3.149982999914506619e-03
4.317530151000000260e-01,3.149961306955302923e-03
4.318108343000000016e-01,3.149874537490497412e-03
4.318156522000000108e-01,3.149867306733404940e-03
4.318301056000000138e-01,3.149845614494559912e-03
4.318445585999999836e-01,3.149823923772355865e-03
4.318541935999999914e-01,3.149809463006176743e-03
4.319071823999999782e-01,3.149729932181590582e-03
4.319312660999999887e-01,3.149693782756503562e-03
4.319457156000000020e-01,3.149672094098614813e-03
4.319842454000000220e-01,3.149614257699680404e-03
4.320179561999999973e-01,3.149563652521846641e-03
4.320612946999999870e-01,3.149498592343155570e-03
4.320757398999999777e-01,3.149476906781558273e-03
4.320805549000000245e-01,3.149469677537379293e-03
4.320853698000000076e-01,3.149462448522786194e-03
4.321238870999999926e-01,3.149404621636996832e-03
4.321575870000000097e-01,3.149354023299591899e-03
4.321624009999999738e-01,3.149346796261642909e-03
4.321720290000000131e-01,3.149332340180147419e-03
4.322009115000000068e-01,3.149288972553402916e-03
4.322153521000000054e-01,3.149267289260767547e-03
4.322490447999999819e-01,3.149216696385673774e-03
4.322779221999999977e-01,3.149173333017331496e-03
4.322923600999999949e-01,3.149151650644372354e-03
4.323164224000000111e-01,3.149115515679928520e-03
4.323308590000000118e-01,3.149093834876182454e-03
4.323501072000000001e-01,3.149064928327230655e-03
4.323934124000000101e-01,3.148999889791434959e-03
4.324222802000000088e-01,3.148956532152355665e-03
4.324270913000000105e-01,3.148949305726702914e-03
4.324319023000000040e-01,3.148942079490210481e-03
4.324463351999999761e-01,3.148920402142609942e-03
4.324607675000000095e-01,3.148898723890120391e-03
4.324655781999999782e-01,3.148891498178089509e-03
4.324800099000000175e-01,3.148869820924000973e-03
4.325040615999999893e-01,3.148833693112684188e-03
4.325377318999999998e-01,3.148783114506642500e-03
4.325473515000000102e-01,3.148768664466407383e-03
4.325569707999999958e-01,3.148754213364681528e-03
4.325617803999999844e-01,3.148746988226606459e-03
4.325810183000000086e-01,3.148718088250115552e-03
4.326194915000000085e-01,3.148660289459239304e-03
4.326339181000000145e-01,3.148638615330488430e-03
4.326964275999999887e-01,3.148544698540085233e-03
4.327300828999999793e-01,3.148494130045437472e-03
4.327396982000000225e-01,3.148479681697297604e-03
4.327541207999999751e-01,3.148458011081823205e-03
4.327685427999999890e-01,3.148436339929907256e-03
4.327925785999999775e-01,3.148400221652040455e-03
4.328166129000000084e-01,3.148364104901080728e-03
4.328502589000000067e-01,3.148313543471491574e-03
4.328646776999999779e-01,3.148291874873197001e-03
4.328694839000000183e-01,3.148284651368203190e-03
4.328839020999999954e-01,3.148262982681436853e-03
4.329079315000000094e-01,3.148226869521670006e-03
4.329271539999999807e-01,3.148197979316704267e-03
4.329415703000000226e-01,3.148176312766959393e-03
4.329704014999999906e-01,3.148132978649115406e-03
4.329848163000000194e-01,3.148111312553156411e-03
4.330088400000000060e-01,3.148075202478696748e-03
4.330232535999999910e-01,3.148053537596087487e-03
4.330424709999999844e-01,3.148024650309413225e-03
4.330760994000000252e-01,3.147974099166672268e-03
4.331001179999999784e-01,3.147937993420661228e-03
4.331193320000000235e-01,3.147909108761795093e-03
4.331241352999999905e-01,3.147901887382868833e-03
4.331529544000000120e-01,3.147858562827112513e-03
4.331721660000000251e-01,3.147829678918034630e-03
4.331961792999999838e-01,3.147793576700286342e-03
4.332009817999999957e-01,3.147786355184819130e-03
4.332730129999999846e-01,3.147678053275219847e-03
4.332922193000000033e-01,3.147649172761645461e-03
4.333114247000000030e-01,3.147620293781197565e-03
4.333258282999999933e-01,3.147598635526841805e-03
4.333306292999999920e-01,3.147591416154690500e-03
4.333450321999999799e-01,3.147569756996084107e-03
4.333546339000000081e-01,3.147555318677135259e-03
4.333690359999999853e-01,3.147533661035735800e-03
4.333882379999999812e-01,3.147504783857210230e-03
4.334026389999999784e-01,3.147483127305441761e-03
4.334266394999999883e-01,3.147447032478053932e-03
4.334314395000000153e-01,3.147439814412802961e-03
4.334650375999999916e-01,3.147389283266514848e-03
4.334986331999999831e-01,3.147338754202471268e-03
4.335034322999999912e-01,3.147331536378466122e-03
4.335082313999999992e-01,3.147324317609554931e-03
4.335418236999999952e-01,3.147273791260789440e-03
4.335466223000000174e-01,3.147266573022815522e-03
4.335850097999999764e-01,3.147208831027674056e-03
4.335994041999999826e-01,3.147187177407618618e-03
4.336137982000000113e-01,3.147165525597120025e-03
4.336377871000000050e-01,3.147129439185063996e-03
4.336761665000000154e-01,3.147071702166128609e-03
4.336905578999999955e-01,3.147050050930503932e-03
4.337001518999999972e-01,3.147035617049100033e-03
4.337145425000000221e-01,3.147013966619725822e-03
4.337337291999999733e-01,3.146985099980010962e-03
4.337673040000000202e-01,3.146934585343175942e-03
4.338056719000000228e-01,3.146876855238044720e-03
4.338152633999999841e-01,3.146862423655050114e-03
4.338488318000000010e-01,3.146811913201536751e-03
4.338919874000000121e-01,3.146746971851016508e-03
4.339063717000000153e-01,3.146725326251368759e-03
4.339303442999999927e-01,3.146689250404914942e-03
4.339447272999999994e-01,3.146667604572007601e-03
4.339591098000000202e-01,3.146645960591006042e-03
4.340070480000000064e-01,3.146573812160647927e-03
4.340166349999999840e-01,3.146559384121335595e-03
4.340453947999999840e-01,3.146516097434988706e-03
4.340789454000000269e-01,3.146465598409598982e-03
4.340933235000000168e-01,3.146443955433401735e-03
4.341124934000000213e-01,3.146415100202059820e-03
4.341172857999999746e-01,3.146407887110133986e-03
4.341364547000000074e-01,3.146379032088406948e-03
4.341747900999999854e-01,3.146321323773986454e-03
4.341939564000000251e-01,3.146292470850091741e-03
4.342322867000000253e-01,3.146234765789743607e-03
4.342466596999999817e-01,3.146213127580396469e-03
4.342514505000000247e-01,3.146205914802698879e-03
4.342897756999999914e-01,3.146148213687962811e-03
4.343041468000000127e-01,3.146126576308849558e-03
4.343089370000000060e-01,3.146119364169288647e-03
4.343472570999999949e-01,3.146061666514758659e-03
4.343520469000000106e-01,3.146054453602786967e-03
4.343664159000000247e-01,3.146032817578854005e-03
4.343807843999999974e-01,3.146011182705396158e-03
4.344047308999999801e-01,3.145975123900940362e-03
4.344190982000000201e-01,3.145953489264631791e-03
4.344621971000000027e-01,3.145888585699383854e-03
4.344669856000000219e-01,3.145881375594186506e-03
4.345005036999999848e-01,3.145830898128261499e-03
4.345052918000000264e-01,3.145823686491919149e-03
4.345196557000000070e-01,3.145802053901537373e-03
4.345340192000000101e-01,3.145780421146863407e-03
4.345388069000000186e-01,3.145773210980035237e-03
4.345435945000000189e-01,3.145766000875155344e-03
4.345531697000000193e-01,3.145751579179597527e-03
4.345771066999999932e-01,3.145715526573590604e-03
4.345962553000000117e-01,3.145686685518679117e-03
4.346106162999999745e-01,3.145665054013356467e-03
4.346201899000000091e-01,3.145650634986851997e-03
4.346297633999999799e-01,3.145636214297070805e-03
4.346728415000000179e-01,3.145571325579857129e-03
4.347063435999999892e-01,3.145520858166356726e-03
4.347111295000000153e-01,3.145513648392115127e-03
4.347350576999999827e-01,3.145477602966666869e-03
4.347494141000000090e-01,3.145455974993989316e-03
4.347829104000000000e-01,3.145405511993653192e-03
4.348068346999999778e-01,3.145369468197801565e-03
4.348116194000000156e-01,3.145362259073090309e-03
4.348498952000000028e-01,3.145304590626441226e-03
4.348642476999999840e-01,3.145282965302947497e-03
4.348881675999999863e-01,3.145246924492943550e-03
4.349360033999999930e-01,3.145174844704998803e-03
4.349407867000000261e-01,3.145167636904215927e-03
4.349790511000000137e-01,3.145109976827556875e-03
4.349933993999999804e-01,3.145088354015285713e-03
4.349981820000000110e-01,3.145081147195070894e-03
4.350125296999999835e-01,3.145059524997457796e-03
4.350364413999999735e-01,3.145023488641770538e-03
4.350412236000000266e-01,3.145016282761979240e-03
4.350794790999999995e-01,3.144958627385226451e-03
4.351129499999999983e-01,3.144908180651937498e-03
4.351559802000000143e-01,3.144843324212429070e-03
4.351703225999999924e-01,3.144821705478471549e-03
4.351846645999999930e-01,3.144800087214074183e-03
4.351894452000000246e-01,3.144792882090147006e-03
4.352229075999999863e-01,3.144742441381427785e-03
4.352276876999999766e-01,3.144735234992346393e-03
4.352324678000000224e-01,3.144728029756023013e-03
4.352707066000000014e-01,3.144670386244866837e-03
4.352850451999999981e-01,3.144648770422127891e-03
4.353089419000000238e-01,3.144612745373644939e-03
4.353232793999999850e-01,3.144591129231292734e-03
4.353376163000000076e-01,3.144569515587534309e-03
4.353423952000000097e-01,3.144562310426749462e-03
4.353806243000000187e-01,3.144504673348104927e-03
4.353854026999999793e-01,3.144497467981353326e-03
4.353997376000000030e-01,3.144475855094676364e-03
4.354379615999999786e-01,3.144418221346360898e-03
4.354522947999999727e-01,3.144396609499527494e-03
4.354570723999999782e-01,3.144389405695683249e-03
4.354714049000000253e-01,3.144367793710084544e-03
4.355000686000000121e-01,3.144324570465313867e-03
4.355335070999999947e-01,3.144274146393528230e-03
4.355526136999999798e-01,3.144245332530685218e-03
4.355764957000000104e-01,3.144209317284733015e-03
4.356147042999999885e-01,3.144151692796423505e-03
4.356242558999999792e-01,3.144137287581000653e-03
4.356433585000000219e-01,3.144108476773790212e-03
4.356529095000000185e-01,3.144094072033401435e-03
4.356672355999999802e-01,3.144072464063861049e-03
4.356863362999999767e-01,3.144043655233058794e-03
4.357006613000000139e-01,3.144022048527294819e-03
4.357054362000000181e-01,3.144014846490995885e-03
4.357245351999999849e-01,3.143986038113146409e-03
4.357675049999999994e-01,3.143921220863905332e-03
4.358009230000000067e-01,3.143870810493538601e-03
4.358343384000000209e-01,3.143820400719630950e-03
4.358534318000000241e-01,3.143791596202877379e-03
4.358820702999999797e-01,3.143748391519942363e-03
4.359154794999999805e-01,3.143697985849452838e-03
4.359297970000000078e-01,3.143676383920953384e-03
4.359536583999999992e-01,3.143640382797075784e-03
4.359584304999999937e-01,3.143633181455374008e-03
4.359727465000000080e-01,3.143611581731241018e-03
4.360109202999999933e-01,3.143553981031576607e-03
4.360490907999999832e-01,3.143496383334779681e-03
4.360681747999999858e-01,3.143467584324100440e-03
4.360729456999999920e-01,3.143460385125148183e-03
4.360824871999999797e-01,3.143445986100707520e-03
4.361015697999999774e-01,3.143417188932817654e-03
4.361111107000000264e-01,3.143402790972643721e-03
4.361397323000000270e-01,3.143359596372600692e-03
4.361445024000000226e-01,3.143352396875708811e-03
4.361826610999999798e-01,3.143294806496231813e-03
4.361874307999999978e-01,3.143287607720476624e-03
4.362160473000000205e-01,3.143244417789515122e-03
4.362208166000000054e-01,3.143237218386504307e-03
4.362255857999999820e-01,3.143230020414139025e-03
4.362541998999999726e-01,3.143186831027538087e-03
4.362589687000000271e-01,3.143179632683556005e-03
4.363018858000000111e-01,3.143114852032487770e-03
4.363114223999999819e-01,3.143100455913424435e-03
4.363400308000000005e-01,3.143057270086027210e-03
4.363543342999999797e-01,3.143035677852924151e-03
4.363877073999999912e-01,3.142985297262151576e-03
4.363924747999999854e-01,3.142978100431308066e-03
4.364115437000000153e-01,3.142949312356663021e-03
4.364449123999999958e-01,3.142898934239573595e-03
4.364687455999999854e-01,3.142862950909006223e-03
4.364878112000000199e-01,3.142834165181194843e-03
4.365402373999999752e-01,3.142755007281216109e-03
4.365450030999999953e-01,3.142747811158686216e-03
4.365592998999999752e-01,3.142726222938331624e-03
4.365688308999999823e-01,3.142711830488250074e-03
4.365831269000000070e-01,3.142690243872330817e-03
4.366069524999999785e-01,3.142654265798603113e-03
4.366164824000000055e-01,3.142639874973343801e-03
4.366403063000000029e-01,3.142603898276967022e-03
4.366593644000000274e-01,3.142575117520796362e-03
4.367117699999999991e-01,3.142495972467807593e-03
4.367165337999999730e-01,3.142488777726900814e-03
4.367546426000000204e-01,3.142431221002718947e-03
4.367594060000000167e-01,3.142424026390527782e-03
4.367689324999999845e-01,3.142409637545307867e-03
4.367736957000000197e-01,3.142402443182971093e-03
4.368117994999999865e-01,3.142344890428482723e-03
4.368260876000000237e-01,3.142323307464440444e-03
4.368451375999999886e-01,3.142294532515856401e-03
4.368641867999999984e-01,3.142265758004201062e-03
4.368689490000000064e-01,3.142258564087342144e-03
4.368879970999999807e-01,3.142229789974172304e-03
4.369118061999999747e-01,3.142193823099903929e-03
4.369260910000000164e-01,3.142172243389248359e-03
4.369498978999999950e-01,3.142136276918621081e-03
4.369832255000000165e-01,3.142085926901165387e-03
4.369879863000000197e-01,3.142078734413620601e-03
4.370022686000000212e-01,3.142057155922478237e-03
4.370165504999999895e-01,3.142035579182129394e-03
4.370260713999999935e-01,3.142021193769455826e-03
4.370403525000000067e-01,3.141999615942895566e-03
4.370593931999999793e-01,3.141970847092976932e-03
4.370784329999999884e-01,3.141942077896872545e-03
4.370974720999999952e-01,3.141913309917163197e-03
4.371165102999999830e-01,3.141884543042796664e-03
4.371403067999999892e-01,3.141848584182404310e-03
4.371688610000000197e-01,3.141805435289652098e-03
4.371736198999999767e-01,3.141798243600265727e-03
4.372259638000000059e-01,3.141719140790714439e-03
4.372497544000000236e-01,3.141683186187560310e-03
4.372545124000000172e-01,3.141675995318277907e-03
4.372687860000000204e-01,3.141654423640610674e-03
4.372878166999999983e-01,3.141625660460168213e-03
4.373020892000000215e-01,3.141604088893979949e-03
4.373449039000000260e-01,3.141539376696846509e-03
4.373591746000000113e-01,3.141517806581370625e-03
4.373686881000000137e-01,3.141503426333118899e-03
4.373782013999999996e-01,3.141489046853678836e-03
4.374400327999999893e-01,3.141395581136613175e-03
4.374447886999999757e-01,3.141388391291142015e-03
4.374543002999999874e-01,3.141374013112317818e-03
4.374590560000000128e-01,3.141366823039532397e-03
4.374733230000000250e-01,3.141345256585330488e-03
4.374828339999999871e-01,3.141330877639435856e-03
4.375161209000000273e-01,3.141280554464942910e-03
4.375921958999999806e-01,3.141165536586477958e-03
4.376112125000000130e-01,3.141136784864813868e-03
4.376349822000000223e-01,3.141100843900344105e-03
4.376682575999999991e-01,3.141050528738242257e-03
4.376730110000000007e-01,3.141043340887945089e-03
4.376825175999999873e-01,3.141028965909416389e-03
4.377110363999999754e-01,3.140985840755628963e-03
4.377252951000000225e-01,3.140964278231387144e-03
4.377443060000000274e-01,3.140935528404528981e-03
4.377585635999999836e-01,3.140913967609054031e-03
4.377870775000000103e-01,3.140870845135706243e-03
4.378013337000000171e-01,3.140849284608145889e-03
4.378583540000000052e-01,3.140763046678330013e-03
4.378916124000000187e-01,3.140712742472458012e-03
4.379011143000000050e-01,3.140698370880757890e-03
4.379106159999999748e-01,3.140683998258302859e-03
4.379153667999999833e-01,3.140676812410200108e-03
4.379343694000000231e-01,3.140648068577192760e-03
4.379533711999999968e-01,3.140619326065601478e-03
4.379771223000000213e-01,3.140583398630170716e-03
4.379866224000000252e-01,3.140569027336074983e-03
4.380103717000000119e-01,3.140533100467462514e-03
4.380151213999999849e-01,3.140525915046804301e-03
4.380293701999999900e-01,3.140504360070298356e-03
4.380531172000000084e-01,3.140468434227698929e-03
4.380816117999999926e-01,3.140425325959151671e-03
4.380863608000000187e-01,3.140418141500014686e-03
4.381053560000000013e-01,3.140389402536511877e-03
4.381433438999999819e-01,3.140331927518711687e-03
4.381813285999999752e-01,3.140274453800223717e-03
4.382335520999999789e-01,3.140195432038793335e-03
4.382382993999999754e-01,3.140188249533200880e-03
4.382572880000000226e-01,3.140159515393925460e-03
4.382715288999999848e-01,3.140137964633910820e-03
4.382810226000000142e-01,3.140123598240470489e-03
4.383142488999999808e-01,3.140073316209415159e-03
4.383522187000000181e-01,3.140015853108461385e-03
4.383664566000000096e-01,3.139994305076083438e-03
4.383712023999999929e-01,3.139987122966034824e-03
4.384423839000000100e-01,3.139879388142926588e-03
4.384708533000000186e-01,3.139836295720413884e-03
4.384850873000000204e-01,3.139814750094587024e-03
4.384993207999999809e-01,3.139793204494368151e-03
4.385088094999999853e-01,3.139778841853384499e-03
4.385230422999999988e-01,3.139757297200943941e-03
4.385372746000000266e-01,3.139735752888719953e-03
4.385420186000000276e-01,3.139728571121440121e-03
4.385799686999999891e-01,3.139671121856873245e-03
4.385847122000000042e-01,3.139663940958905847e-03
4.385989424999999775e-01,3.139642398674013721e-03
4.386226585999999927e-01,3.139606494479807875e-03
4.386368876999999777e-01,3.139584952333456403e-03
4.386511162999999769e-01,3.139563409961597384e-03
4.386558589999999813e-01,3.139556229767422914e-03
4.386985415999999915e-01,3.139491606244090849e-03
4.387364782000000019e-01,3.139434165300268673e-03
4.387459617999999728e-01,3.139419805878811229e-03
4.387507035000000055e-01,3.139412626873636612e-03
4.387886355999999766e-01,3.139355188818603905e-03
4.388076003999999974e-01,3.139326470801369687e-03
4.388123414999999805e-01,3.139319291857463768e-03
4.388407867999999934e-01,3.139276216169423379e-03
4.388502682000000044e-01,3.139261857937998383e-03
4.388644898999999877e-01,3.139240320934912065e-03
4.388834514000000131e-01,3.139211605637930256e-03
4.389403310000000169e-01,3.139125461368707549e-03
4.389640287000000085e-01,3.139089569914676071e-03
4.389782467000000188e-01,3.139068035788509809e-03
4.389972033000000273e-01,3.139039323069700918e-03
4.390493296999999906e-01,3.138960366668713722e-03
4.390540681999999806e-01,3.138953189543486257e-03
4.390777597000000143e-01,3.138917302250986575e-03
4.391061879000000001e-01,3.138874237620193318e-03
4.391109256999999877e-01,3.138867060987504589e-03
4.391535639999999963e-01,3.138802468626614942e-03
4.391677759000000014e-01,3.138780937171957094e-03
4.391819873000000207e-01,3.138759406989338578e-03
4.392625097999999784e-01,3.138637409738812001e-03
4.392672458999999918e-01,3.138630233440429206e-03
4.392767181000000187e-01,3.138615882154266717e-03
4.393003976000000033e-01,3.138580002428599611e-03
4.393051333999999919e-01,3.138572826439003666e-03
4.393193403000000274e-01,3.138551299645072484e-03
4.393382821999999854e-01,3.138522597055909847e-03
4.393524880999999938e-01,3.138501071336418247e-03
4.393761635000000276e-01,3.138465194652853302e-03
4.393808985000000056e-01,3.138458019749523417e-03
4.394093070000000267e-01,3.138414968633298097e-03
4.394187761000000192e-01,3.138400618195329953e-03
4.394282449999999951e-01,3.138386269427758269e-03
4.394329793999999789e-01,3.138379094058490332e-03
4.394471822000000083e-01,3.138357569324812160e-03
4.394945216000000210e-01,3.138285824413638691e-03
4.395087223999999959e-01,3.138264302451752863e-03
4.395465889999999876e-01,3.138206909033422042e-03
4.396033827999999977e-01,3.138120823446755980e-03
4.396412412999999852e-01,3.138063436478437558e-03
4.396459732999999925e-01,3.138056263237915585e-03
4.396790964999999773e-01,3.138006052029360029e-03
4.396838281000000070e-01,3.137998878627740358e-03
4.397169483999999740e-01,3.137948668911761697e-03
4.397311420000000193e-01,3.137927150565167096e-03
4.397500662000000116e-01,3.137898460822026881e-03
4.397737201999999956e-01,3.137862598344877494e-03
4.397926424999999973e-01,3.137833909975515541e-03
4.398068337000000105e-01,3.137812392900765114e-03
4.398115639999999882e-01,3.137805221251703178e-03
4.398304847000000239e-01,3.137776533499126060e-03
4.398352146999999768e-01,3.137769361937819447e-03
4.398635939000000161e-01,3.137726330692194084e-03
4.398872417999999951e-01,3.137690473504634210e-03
4.399014298999999739e-01,3.137668959079153910e-03
4.399439915999999728e-01,3.137604418344118462e-03
4.399487203999999929e-01,3.137597247897690872e-03
4.399581779000000248e-01,3.137582905565003931e-03
4.399629065999999811e-01,3.137575733987123337e-03
4.400007341000000127e-01,3.137518368616989094e-03
4.400338305000000005e-01,3.137468175151874802e-03
4.400574693000000037e-01,3.137432322955891958e-03
4.400621968999999800e-01,3.137425153353162743e-03
4.400905614000000243e-01,3.137382133274893483e-03
4.401000158000000217e-01,3.137367792741968271e-03
4.401141970999999931e-01,3.137346284004648416e-03
4.401331048000000079e-01,3.137317604119788193e-03
4.401709176999999973e-01,3.137260248129671546e-03
4.402040012999999807e-01,3.137210063066397242e-03
4.402134533000000016e-01,3.137195725213159665e-03
4.402276308999999999e-01,3.137174217662483042e-03
4.402607102000000161e-01,3.137124036419579407e-03
4.402890620000000088e-01,3.137081025373647959e-03
4.403032371999999750e-01,3.137059518801883166e-03
4.403268614999999997e-01,3.137023678315696649e-03
4.403410354000000249e-01,3.137002173103886106e-03
4.403552090000000252e-01,3.136980668938676737e-03
4.403599334000000143e-01,3.136973500506731478e-03
4.404733037999999934e-01,3.136801479316751479e-03
4.404874731000000265e-01,3.136779978301111257e-03
4.405110875000000092e-01,3.136744142845542590e-03
4.405299780999999970e-01,3.136715476443406852e-03
4.405535903000000197e-01,3.136679642736352712e-03
4.405866451000000072e-01,3.136629477775451733e-03
4.406196975000000182e-01,3.136579314847065536e-03
4.406244190999999977e-01,3.136572148163680341e-03
4.406291406000000244e-01,3.136564981700189995e-03
4.406385835000000140e-01,3.136550650209609346e-03
4.406433048000000241e-01,3.136543484259709472e-03
4.406621897999999926e-01,3.136514820983669037e-03
4.406669108999999862e-01,3.136507655749326117e-03
4.406952364999999761e-01,3.136464662034368130e-03
4.407046779000000081e-01,3.136450330262262245e-03
4.407377215000000126e-01,3.136400173732826861e-03
4.407424417999999955e-01,3.136393007522851606e-03
4.407566023999999749e-01,3.136371512344922775e-03
4.407896419999999815e-01,3.136321358515972626e-03
4.407943617999999786e-01,3.136314192858852441e-03
4.408085206999999839e-01,3.136292698925817555e-03
4.408132402000000116e-01,3.136285534039441082e-03
4.408321178999999868e-01,3.136256876189740146e-03
4.408509948000000067e-01,3.136228218093860699e-03
4.408557137999999931e-01,3.136221053999806597e-03
4.408651518999999741e-01,3.136206725512007132e-03
4.408698708000000077e-01,3.136199560956893454e-03
4.408934647000000151e-01,3.136163739615445249e-03
4.409217758000000265e-01,3.136120756286876060e-03
4.409406488000000013e-01,3.136092101121394290e-03
4.409689567999999782e-01,3.136049119597865160e-03
4.409831101000000197e-01,3.136027628773930057e-03
4.410019805000000015e-01,3.135998976361553756e-03
4.410066979999999748e-01,3.135991812970725327e-03
4.410397188999999885e-01,3.135941670548388245e-03
4.410444359999999842e-01,3.135934507419807071e-03
4.410821706999999980e-01,3.135877205219128171e-03
4.410916039000000177e-01,3.135862880551021099e-03
4.410963204000000193e-01,3.135855717865365568e-03
4.411529146000000012e-01,3.135769768554423284e-03
4.411717776999999896e-01,3.135741120526440006e-03
4.411906400000000228e-01,3.135712472796728986e-03
4.412330772999999984e-01,3.135648017071515203e-03
4.412613665999999824e-01,3.135605048719442619e-03
4.412660813000000015e-01,3.135597887235084397e-03
4.412990827000000116e-01,3.135547758850441066e-03
4.413037969999999977e-01,3.135540597997325731e-03
4.413179395999999866e-01,3.135519115070146360e-03
4.413603645999999991e-01,3.135454667474816496e-03
4.413792188999999810e-01,3.135426025704678588e-03
4.413839323000000037e-01,3.135418864845205059e-03
4.413933590999999934e-01,3.135404543997411843e-03
4.414169250000000155e-01,3.135368742692848116e-03
4.414216380000000051e-01,3.135361582006259730e-03
4.414357768000000126e-01,3.135340101408563753e-03
4.414593405000000192e-01,3.135304302127648636e-03
4.414687655999999794e-01,3.135289981628439429e-03
4.415347358000000222e-01,3.135189747892866158e-03
4.415441593000000164e-01,3.135175429288285503e-03
4.415488710000000094e-01,3.135168269941048056e-03
4.415630057000000108e-01,3.135146791976962423e-03
4.415865626000000099e-01,3.135110997156508386e-03
4.416006961000000230e-01,3.135089520593133897e-03
4.416195400999999854e-01,3.135060884734060596e-03
4.416619361999999938e-01,3.134996457663654940e-03
4.416760672999999748e-01,3.134974983375287023e-03
4.416807775000000102e-01,3.134967825558325916e-03
4.416996181000000243e-01,3.134939192251248122e-03
4.417137480000000171e-01,3.134917717924243143e-03
4.417184579000000277e-01,3.134910559845641067e-03
4.417231676999999745e-01,3.134903401790010199e-03
4.417749724000000211e-01,3.134824666988774572e-03
4.418126446999999790e-01,3.134767407008684243e-03
4.418267710000000070e-01,3.134745935759485503e-03
4.418456052999999994e-01,3.134717306141152765e-03
4.418503138000000052e-01,3.134710149106451332e-03
4.418738554000000152e-01,3.134674364850116319e-03
4.418879796999999887e-01,3.134652894437634993e-03
4.419115191999999914e-01,3.134617111039846721e-03
4.419256423999999850e-01,3.134595640985803934e-03
4.419821304000000062e-01,3.134509766600246990e-03
4.419868373999999989e-01,3.134502609766107346e-03
4.419962512000000232e-01,3.134488298379104355e-03
4.420150783999999833e-01,3.134459675460161791e-03
4.420244916000000135e-01,3.134445363400923962e-03
4.420386110999999785e-01,3.134423895990940626e-03
4.420621426999999937e-01,3.134388118559999596e-03
4.420950846999999739e-01,3.134338031593191572e-03
4.421468458000000212e-01,3.134259325758085787e-03
4.421703714999999923e-01,3.134223552175068039e-03
4.422080100999999930e-01,3.134166315135827018e-03
4.422127148000000174e-01,3.134159160985844524e-03
4.422268282999999855e-01,3.134137698419109386e-03
4.422785739000000271e-01,3.134059003317917792e-03
4.422832777999999854e-01,3.134051849934105845e-03
4.423162032999999882e-01,3.134001774259817259e-03
4.423209068000000244e-01,3.133994620952253347e-03
4.423256101999999967e-01,3.133987466137383437e-03
4.423397201000000001e-01,3.133966006826399437e-03
4.424337745999999960e-01,3.133822944372472667e-03
4.424525831000000187e-01,3.133794334269861866e-03
4.424666889000000158e-01,3.133772876147876418e-03
4.424760925999999817e-01,3.133758571725871449e-03
4.425043022999999853e-01,3.133715658111572207e-03
4.425090038000000225e-01,3.133708505006794869e-03
4.425231077999999818e-01,3.133687049115055790e-03
4.425466136000000272e-01,3.133651289133314831e-03
4.425513146000000231e-01,3.133644137804818437e-03
4.425654172999999858e-01,3.133622681650731923e-03
4.425889208000000075e-01,3.133586923869123401e-03
4.426218236000000195e-01,3.133536862966610197e-03
4.426594238000000070e-01,3.133479654400429457e-03
4.426641236000000146e-01,3.133472502612785586e-03
4.426735231000000215e-01,3.133458201007333598e-03
4.426782227000000125e-01,3.133451050407170396e-03
4.426970209000000156e-01,3.133422446919231080e-03
4.427017202999999901e-01,3.133415296194662619e-03
4.427346146999999732e-01,3.133365241148501276e-03
4.427393137000000256e-01,3.133358089949639901e-03
4.427487115000000029e-01,3.133343789965723283e-03
4.427769039000000184e-01,3.133300888528652017e-03
4.428144909999999768e-01,3.133243687742718643e-03
4.428285853000000216e-01,3.133222237726790687e-03
4.428473769999999865e-01,3.133193638053739880e-03
4.428661678999999962e-01,3.133165040744803620e-03
4.428849581000000035e-01,3.133136441697720841e-03
4.428896554999999791e-01,3.133129293350148548e-03
4.428990501000000246e-01,3.133114994422822076e-03
4.429413237000000003e-01,3.133050651315928345e-03
4.429601106000000121e-01,3.133022056843489181e-03
4.429742003000000095e-01,3.133000609262076054e-03
4.429976821000000120e-01,3.132964866115755306e-03
4.430023782999999993e-01,3.132957718328494793e-03
4.430164667000000001e-01,3.132936272483618795e-03
4.430399461999999788e-01,3.132900530751207401e-03
4.430681201000000180e-01,3.132857641275708493e-03
4.430775109999999795e-01,3.132843345359750519e-03
4.431103774999999856e-01,3.132793310702093430e-03
4.431150724999999846e-01,3.132786163564251370e-03
4.431291573000000206e-01,3.132764720683182957e-03
4.431667143999999947e-01,3.132707540067865195e-03
4.431995743000000099e-01,3.132657509849623954e-03
4.432042683999999899e-01,3.132650362583746725e-03
4.432230442000000270e-01,3.132621774540913541e-03
4.432277379999999822e-01,3.132614627915896073e-03
4.432652867999999913e-01,3.132557454430971375e-03
4.432793668000000187e-01,3.132536013904436631e-03
4.432981394000000130e-01,3.132507428585760718e-03
4.433309894999999945e-01,3.132457405500718457e-03
4.433356822000000252e-01,3.132450259247807848e-03
4.433497599999999816e-01,3.132428821029387307e-03
4.433544524999999958e-01,3.132421674066679894e-03
4.433685296000000053e-01,3.132400237197695975e-03
4.433732219000000030e-01,3.132393091182635037e-03
4.434060664999999735e-01,3.132343071823946203e-03
4.434107583999999935e-01,3.132335926018297179e-03
4.434248337000000206e-01,3.132314489265414833e-03
4.434529830999999755e-01,3.132271618116761608e-03
4.434905128000000141e-01,3.132214456247201829e-03
4.434998948000000163e-01,3.132200166546315716e-03
4.435045857000000091e-01,3.132193021468577913e-03
4.435233486999999863e-01,3.132164442686068574e-03
4.435608724999999808e-01,3.132107286975785443e-03
4.435749431000000076e-01,3.132085852916920848e-03
4.435796331999999897e-01,3.132078709197868346e-03
4.436030829000000009e-01,3.132042987914534279e-03
4.436171521999999756e-01,3.132021555976627607e-03
4.436359105000000080e-01,3.131992979862959110e-03
4.436687355999999749e-01,3.131942973786785555e-03
4.436734247999999936e-01,3.131935830169200064e-03
4.436921806999999940e-01,3.131907255637988823e-03
4.437062471000000063e-01,3.131885825514973271e-03
4.437156245000000165e-01,3.131871539899658014e-03
4.437296902000000265e-01,3.131850110105626698e-03
4.437906362999999854e-01,3.131757251039466762e-03
4.438000119000000132e-01,3.131742966364445789e-03
4.438187625000000192e-01,3.131714395326154910e-03
4.438281374999999973e-01,3.131700110621268938e-03
4.438609484000000105e-01,3.131650114153419935e-03
4.438796964000000234e-01,3.131621545817578432e-03
4.438984436000000255e-01,3.131592976881138364e-03
4.439031303000000039e-01,3.131585835677426228e-03
4.439312492999999971e-01,3.131542984597343940e-03
4.439546804999999763e-01,3.131507276521994058e-03
4.440155957999999958e-01,3.131414440466692532e-03
4.440296518999999886e-01,3.131393017305156116e-03
4.440483928000000247e-01,3.131364453287825440e-03
4.440671328999999945e-01,3.131335889458027912e-03
4.440811874999999742e-01,3.131314468275329596e-03
4.440905568999999886e-01,3.131300187521620683e-03
4.440999261999999947e-01,3.131285906045156147e-03
4.441280327000000083e-01,3.131243063907764631e-03
4.441795567999999861e-01,3.131164523499973488e-03
4.441982914000000005e-01,3.131135963711636702e-03
4.442685389000000096e-01,3.131028871530974669e-03
4.442779043999999788e-01,3.131014593429264168e-03
4.442919523000000148e-01,3.130993176331316619e-03
4.443059998000000177e-01,3.130971759600884117e-03
4.443106821000000206e-01,3.130964620571954470e-03
4.443247289999999738e-01,3.130943204218787895e-03
4.443528212999999782e-01,3.130900372033145872e-03
4.443855935000000090e-01,3.130850402776481998e-03
4.443902750000000013e-01,3.130843264122715793e-03
4.444183631999999995e-01,3.130800435037188988e-03
4.444277255999999898e-01,3.130786158471426939e-03
4.444604922000000014e-01,3.130736193648518077e-03
4.444792148999999748e-01,3.130707643111875754e-03
4.445026172000000053e-01,3.130671954269795797e-03
4.445166580000000089e-01,3.130650542822486625e-03
4.445353783000000059e-01,3.130621993490124901e-03
4.445728165999999759e-01,3.130564897175723213e-03
4.445915346000000046e-01,3.130536349135485015e-03
4.446055725999999986e-01,3.130514938017207784e-03
4.446149309999999910e-01,3.130500665021824103e-03
4.446476838000000265e-01,3.130450709203604596e-03
4.446851126999999959e-01,3.130393619921349041e-03
4.446897911000000092e-01,3.130386483192685275e-03
4.446991477000000192e-01,3.130372211048241139e-03
4.447038259000000160e-01,3.130365075247958442e-03
4.447178602999999897e-01,3.130343667628476215e-03
4.447225383999999782e-01,3.130336530903313121e-03
4.447272164000000139e-01,3.130329395540641744e-03
4.447412499999999769e-01,3.130307988916361268e-03
4.447739935999999727e-01,3.130258039070413483e-03
4.447973802999999893e-01,3.130222361914495981e-03
4.448020575000000143e-01,3.130215227124721802e-03
4.448160889000000173e-01,3.130193821285854293e-03
4.448488268999999939e-01,3.130143876339545363e-03
4.448675331999999982e-01,3.130115336315505547e-03
4.449096196999999808e-01,3.130051124560882889e-03
4.449283235000000003e-01,3.130022587614953757e-03
4.449517021000000128e-01,3.129986916126683595e-03
4.449657287000000072e-01,3.129965513646110198e-03
4.449984557000000174e-01,3.129915576392215248e-03
4.450171558000000083e-01,3.129887040298521064e-03
4.450265055000000025e-01,3.129872773327797755e-03
4.450639024999999971e-01,3.129815705220522805e-03
4.450779255999999795e-01,3.129794305713137510e-03
4.450966223000000221e-01,3.129765773061716268e-03
4.451012964000000127e-01,3.129758640122552033e-03
4.451340133999999726e-01,3.129708709326402879e-03
4.451386870999999856e-01,3.129701576526886051e-03
4.451480342999999951e-01,3.129687311191940626e-03
4.451667281000000198e-01,3.129658781064523394e-03
4.451760746000000268e-01,3.129644515278617520e-03
4.451900941999999972e-01,3.129623117717095400e-03
4.452041132999999817e-01,3.129601720424058167e-03
4.452228046999999744e-01,3.129573191663861508e-03
4.452648574999999997e-01,3.129509003891980425e-03
4.452788743000000160e-01,3.129487608732923250e-03
4.452882184999999993e-01,3.129473344876196415e-03
4.453022345000000048e-01,3.129451949750344016e-03
4.453209217999999914e-01,3.129423424290816123e-03
4.453582940999999962e-01,3.129366373616731482e-03
4.453629653999999771e-01,3.129359241818695670e-03
4.453723077999999780e-01,3.129344980413787530e-03
4.453769790000000062e-01,3.129337849041105048e-03
4.453956632000000138e-01,3.129309325673265956e-03
4.454003341000000171e-01,3.129302193712284099e-03
4.454283586000000184e-01,3.129259409981639470e-03
4.454330291999999969e-01,3.129252278777844027e-03
4.454890723000000108e-01,3.129166714610919116e-03
4.455217607999999996e-01,3.129116803625660737e-03
4.455264304000000064e-01,3.129109673662345235e-03
4.455824617999999959e-01,3.129024116548278188e-03
4.455871307000000003e-01,3.129016988211771617e-03
4.456011373000000053e-01,3.128995599014965535e-03
4.456151434999999772e-01,3.128974211346705406e-03
4.456711636999999837e-01,3.128888663017112808e-03
4.456945032999999889e-01,3.128853018066135409e-03
4.456991711000000134e-01,3.128845889622470199e-03
4.457131742000000063e-01,3.128824503524048079e-03
4.457271768000000134e-01,3.128803118654700528e-03
4.457318443000000130e-01,3.128795990224992035e-03
4.457365115999999960e-01,3.128788862405870643e-03
4.457505135000000007e-01,3.128767477333972008e-03
4.457691819999999860e-01,3.128738964068322401e-03
4.458205163999999776e-01,3.128660556360835995e-03
4.458251829000000055e-01,3.128653428844391324e-03
4.458485145000000149e-01,3.128617790803397362e-03
4.458765108000000144e-01,3.128575025575041409e-03
4.458811766999999926e-01,3.128567899014268912e-03
4.458951740000000052e-01,3.128546517091674445e-03
4.458998397000000224e-01,3.128539389119438553e-03
4.459231673999999868e-01,3.128503753798164439e-03
4.459744840000000043e-01,3.128425359437919748e-03
4.459931431999999973e-01,3.128396852977983686e-03
4.460304590999999985e-01,3.128339841902433565e-03
4.460444517000000109e-01,3.128318464600124155e-03
4.460491159000000150e-01,3.128311338014718151e-03
4.460724356999999918e-01,3.128275708647105212e-03
4.460864271000000159e-01,3.128254330507623023e-03
4.461004179999999986e-01,3.128232952643903320e-03
4.461050815000000003e-01,3.128225827495229126e-03
4.461097450000000020e-01,3.128218701765153684e-03
4.461470511999999777e-01,3.128161697951813928e-03
4.461610402000000253e-01,3.128140321989144722e-03
4.462123295000000045e-01,3.128061947289587606e-03
4.462356407999999997e-01,3.128026322353618088e-03
4.462542890000000262e-01,3.127997824326630809e-03
4.462589509000000065e-01,3.127990699465674380e-03
4.462682747000000227e-01,3.127976450941027768e-03
4.463102290000000028e-01,3.127912332512065678e-03
4.463288739999999866e-01,3.127883836408401879e-03
4.463428573000000066e-01,3.127862463389659894e-03
4.463661619000000025e-01,3.127826845439268290e-03
4.463708225999999946e-01,3.127819720812454428e-03
4.463848046000000180e-01,3.127798350181137770e-03
4.463987862000000084e-01,3.127776979557424838e-03
4.464034465999999757e-01,3.127769855794539696e-03
4.464081069999999984e-01,3.127762732571762443e-03
4.464826662999999973e-01,3.127648762834460330e-03
4.465106227999999788e-01,3.127606026172661917e-03
4.465199413000000006e-01,3.127591780193568049e-03
4.465339186000000238e-01,3.127570412477780754e-03
4.465525543000000153e-01,3.127541922961698129e-03
4.465665306000000112e-01,3.127520557075331564e-03
4.465944819000000066e-01,3.127477823709137392e-03
4.466084569000000060e-01,3.127456457625556619e-03
4.466596948000000067e-01,3.127378118195715904e-03
4.466969550000000067e-01,3.127321147540879868e-03
4.467062695999999833e-01,3.127306904590655256e-03
4.467388689999999829e-01,3.127257056624322459e-03
4.467435258999999936e-01,3.127249936567847496e-03
4.467574961999999927e-01,3.127228573298735433e-03
4.467761225999999919e-01,3.127200090507440203e-03
4.467807791000000250e-01,3.127192969585504759e-03
4.468133731000000219e-01,3.127143126340661220e-03
4.468319971999999973e-01,3.127114643897083070e-03
4.468552761999999845e-01,3.127079043919923744e-03
4.468692430999999798e-01,3.127057683587414899e-03
4.469064857999999751e-01,3.127000724745355315e-03
4.469297608999999727e-01,3.126965126130401475e-03
4.469437253999999915e-01,3.126943767170021170e-03
4.469576894999999772e-01,3.126922409121189045e-03
4.469669985999999984e-01,3.126908170433270219e-03
4.469949248000000264e-01,3.126865455343354975e-03
4.469995789999999802e-01,3.126858335768836067e-03
4.470135413999999918e-01,3.126836979044780602e-03
4.470368109000000256e-01,3.126801385029289067e-03
4.470554257000000087e-01,3.126772910113692627e-03
4.470740396999999811e-01,3.126744436022379104e-03
4.470926528999999983e-01,3.126715962383608965e-03
4.471066122999999837e-01,3.126694607031258767e-03
4.471159183999999787e-01,3.126680370938054315e-03
4.471484879000000023e-01,3.126630543719397665e-03
4.471531404999999904e-01,3.126623426532828837e-03
4.471624456000000136e-01,3.126609190061675411e-03
4.471670980999999934e-01,3.126602072778872799e-03
4.471903595999999759e-01,3.126566483482637066e-03
4.472043159999999906e-01,3.126545131812135097e-03
4.472229238000000051e-01,3.126516661357369234e-03
4.472368790999999844e-01,3.126495308892900376e-03
4.472415308000000089e-01,3.126488192507372206e-03
4.472601371000000103e-01,3.126459723869091673e-03
4.472647885000000101e-01,3.126452606852975907e-03
4.472926960999999979e-01,3.126409904327255140e-03
4.473019983000000033e-01,3.126395670759711358e-03
4.473764085999999973e-01,3.126281806173720514e-03
4.473857090000000203e-01,3.126267573792223652e-03
4.474089592000000115e-01,3.126231993176591464e-03
4.474275584999999889e-01,3.126203529430904206e-03
4.474461570000000110e-01,3.126175066181527840e-03
4.474833516999999761e-01,3.126118141518060504e-03
4.474880008000000076e-01,3.126111025071219834e-03
4.475251920000000161e-01,3.126054103447787735e-03
4.475577318000000249e-01,3.126004297508506048e-03
4.475949173000000059e-01,3.125947379584390409e-03
4.476088610000000245e-01,3.125926035305561217e-03
4.476135088000000040e-01,3.125918921546681079e-03
4.476367472000000181e-01,3.125883348728408437e-03
4.476506895999999847e-01,3.125862007148517540e-03
4.476692788000000145e-01,3.125833549730217247e-03
4.476832203000000177e-01,3.125812207861073354e-03
4.477111018000000109e-01,3.125769524167114257e-03
4.477436281000000129e-01,3.125719728930255025e-03
4.477482744999999875e-01,3.125712615224467399e-03
4.477854440999999852e-01,3.125655708774938233e-03
4.478179649999999845e-01,3.125605916622522726e-03
4.478226106000000040e-01,3.125598802885949830e-03
4.478319016999999791e-01,3.125584577699373409e-03
4.478365471999999903e-01,3.125577464990004443e-03
4.478504835000000073e-01,3.125556126211368867e-03
4.479062240000000195e-01,3.125470775226834533e-03
4.479294470999999889e-01,3.125435214440316391e-03
4.479340915999999728e-01,3.125428101876084365e-03
4.479480248000000109e-01,3.125406765150830126e-03
4.479712457999999731e-01,3.125371205804182775e-03
4.479851778000000229e-01,3.125349870235917104e-03
4.479991093999999840e-01,3.125328534861690228e-03
4.480455448999999812e-01,3.125257420892723226e-03
4.480594746000000073e-01,3.125236086955075071e-03
4.480826897999999892e-01,3.125200531253862369e-03
4.480966183999999797e-01,3.125179198257140804e-03
4.481105464999999843e-01,3.125157865567121385e-03
4.481523283000000135e-01,3.125093869235174085e-03
4.481569704999999737e-01,3.125086758982333155e-03
4.481941061999999976e-01,3.125029875796621510e-03
4.482033896000000017e-01,3.125015655184538652e-03
4.482265973999999820e-01,3.124980105310642010e-03
4.482451626999999772e-01,3.124951665767291067e-03
4.482776501999999885e-01,3.124901897075111918e-03
4.482962134999999848e-01,3.124873460044572115e-03
4.483379779000000176e-01,3.124809476054095977e-03
4.483518985000000123e-01,3.124788149027175020e-03
4.483750986000000216e-01,3.124752603427139157e-03
4.483797385000000135e-01,3.124745494858175657e-03
4.484168557000000055e-01,3.124688625520182558e-03
4.484307739000000237e-01,3.124667299616291222e-03
4.484864423000000100e-01,3.124582001061241253e-03
4.484910810000000136e-01,3.124574891851753227e-03
4.485003583000000127e-01,3.124560676359009349e-03
4.485049967999999998e-01,3.124553569072433673e-03
4.485606560000000020e-01,3.124468275449481837e-03
4.485977582999999824e-01,3.124411417109778256e-03
4.486023957999999978e-01,3.124404309582713094e-03
4.486163081999999802e-01,3.124382988556852897e-03
4.486534059000000241e-01,3.124326132425771490e-03
4.487090465999999944e-01,3.124240853404787726e-03
4.487136830999999826e-01,3.124233746596243293e-03
4.487229556999999813e-01,3.124219533749904212e-03
4.487507727000000224e-01,3.124176897570072730e-03
4.487646805000000128e-01,3.124155579471882792e-03
4.487785879000000255e-01,3.124134261065971991e-03
4.487832234999999947e-01,3.124127155351958274e-03
4.487878592000000277e-01,3.124120050155637218e-03
4.487971304000000217e-01,3.124105838625963662e-03
4.488203074000000070e-01,3.124070310276257437e-03
4.488388481999999735e-01,3.124041887327845893e-03
4.488527533000000180e-01,3.124020571570990546e-03
4.488712926999999797e-01,3.123992150399591133e-03
4.488759273999999855e-01,3.123985044514005459e-03
4.488898313999999945e-01,3.123963730273318379e-03
4.488944658999999837e-01,3.123956624538475838e-03
4.489130036000000268e-01,3.123928204513728209e-03
4.489361747000000236e-01,3.123892680917965750e-03
4.489454427999999830e-01,3.123878472005197152e-03
4.489500767999999864e-01,3.123871366535336223e-03
4.489732458999999842e-01,3.123835843754688667e-03
4.489871469000000226e-01,3.123814530754640689e-03
4.490010473000000113e-01,3.123793218047729321e-03
4.490056807000000205e-01,3.123786114346646658e-03
4.490195806999999761e-01,3.123764800900919597e-03
4.490381131999999775e-01,3.123736385249348702e-03
4.490473791999999853e-01,3.123722177677339205e-03
4.490751760000000203e-01,3.123679554619339469e-03
4.491168680000000024e-01,3.123615621747944087e-03
4.491215002000000234e-01,3.123608519187220933e-03
4.491539243000000070e-01,3.123558797105944421e-03
4.491724512999999974e-01,3.123530384376740302e-03
4.491956089999999957e-01,3.123494869756358178e-03
4.492280276999999766e-01,3.123445150482029049e-03
4.492419208000000275e-01,3.123423843399660612e-03
4.492465516999999964e-01,3.123416740623647433e-03
4.492650749000000054e-01,3.123388331573522057e-03
4.493345300000000098e-01,3.123281800815652393e-03
4.493391599000000070e-01,3.123274699920562149e-03
4.493715683000000238e-01,3.123224987543370829e-03
4.493761978999999962e-01,3.123217886331094637e-03
4.493947158000000108e-01,3.123189481312638356e-03
4.494132328000000065e-01,3.123161076351694231e-03
4.494317490999999998e-01,3.123132670528553940e-03
4.494456358999999734e-01,3.123111368686811145e-03
4.494641508000000174e-01,3.123082964904700092e-03
4.495289471999999731e-01,3.122983555890831812e-03
4.495613419000000222e-01,3.122933855135272534e-03
4.496168703000000266e-01,3.122848655916782810e-03
4.496307513000000200e-01,3.122827356794537386e-03
4.496400051000000175e-01,3.122813158602243209e-03
4.496538854000000085e-01,3.122791860098885538e-03
4.496677652000000136e-01,3.122770562266807305e-03
4.496723918000000153e-01,3.122763462639539713e-03
4.496862710999999790e-01,3.122742165488349118e-03
4.497279063999999882e-01,3.122678273815254583e-03
4.497510353999999988e-01,3.122642779891647482e-03
4.497649122999999860e-01,3.122621483999199997e-03
4.497834141000000008e-01,3.122593089723030117e-03
4.497880395000000142e-01,3.122585991190574266e-03
4.498204155000000148e-01,3.122536303072436913e-03
4.498250404999999952e-01,3.122529205142127867e-03
4.498342901999999865e-01,3.122515008134813322e-03
4.498620383999999972e-01,3.122472420662661223e-03
4.498759118999999806e-01,3.122451127501023240e-03
4.499082816000000151e-01,3.122401443530943652e-03
4.499314013999999862e-01,3.122365956561862048e-03
4.499637671000000227e-01,3.122316276680220815e-03
4.499730140000000045e-01,3.122302081402221312e-03
4.499868839999999759e-01,3.122280790555221827e-03
4.500053767000000149e-01,3.122252403172953196e-03
4.500377371000000015e-01,3.122202726249201539e-03
4.500423598000000136e-01,3.122195629257764737e-03
4.500469825000000257e-01,3.122188532701975546e-03
4.500608502999999816e-01,3.122167244124699967e-03
4.500747176000000072e-01,3.122145954938499151e-03
4.500793398999999861e-01,3.122138859201852024e-03
4.500839622000000206e-01,3.122131762149492600e-03
4.501163168999999797e-01,3.122082090308603893e-03
4.501209388999999894e-01,3.122074993698243772e-03
4.501579124999999793e-01,3.122018226722388535e-03
4.501856407000000004e-01,3.121975653018883683e-03
4.502226089999999958e-01,3.121918891393348893e-03
4.502457126000000143e-01,3.121883415024913084e-03
4.502688150999999972e-01,3.121847940436718160e-03
4.502780558000000211e-01,3.121833751487715879e-03
4.502826759999999928e-01,3.121826656170898721e-03
4.503196362999999924e-01,3.121769899648517508e-03
4.503519742000000048e-01,3.121720238585903775e-03
4.503704519000000239e-01,3.121691861361615937e-03
4.503750711999999767e-01,3.121684768108847364e-03
4.503796903999999768e-01,3.121677674170931539e-03
4.503935479000000242e-01,3.121656391976487723e-03
4.504120239000000137e-01,3.121628015889971620e-03
4.504304990999999925e-01,3.121599641100190371e-03
4.504489736000000244e-01,3.121571267846413519e-03
4.504905383999999735e-01,3.121507426751738042e-03
4.504997745000000053e-01,3.121493240397591080e-03
4.505274817000000098e-01,3.121450682229705460e-03
4.505413347000000179e-01,3.121429402860864677e-03
4.505551871999999847e-01,3.121408124595329708e-03
4.505736564999999749e-01,3.121379754764718687e-03
4.506290600999999785e-01,3.121294645561364500e-03
4.506382934000000007e-01,3.121280461523940741e-03
4.506659920000000152e-01,3.121237909091252594e-03
4.506706082999999974e-01,3.121230817163513950e-03
4.507075367999999749e-01,3.121174083246961838e-03
4.507213842000000192e-01,3.121152808890612345e-03
4.507259999000000072e-01,3.121145717619130434e-03
4.507490777000000004e-01,3.121110260725925949e-03
4.507859998000000035e-01,3.121053530295944678e-03
4.507952298999999829e-01,3.121039348962098732e-03
4.508183042000000196e-01,3.121003894643215645e-03
4.508229188999999804e-01,3.120996804559756505e-03
4.508367627000000044e-01,3.120975531804834769e-03
4.508598348999999783e-01,3.120940079050758559e-03
4.508736776000000224e-01,3.120918808130724968e-03
4.508921340000000000e-01,3.120890447085677803e-03
4.509105895000000142e-01,3.120862086094059688e-03
4.509290443000000259e-01,3.120833725544772206e-03
4.509336579000000067e-01,3.120826635701482929e-03
4.509474983999999798e-01,3.120805365556159061e-03
4.509613384000000225e-01,3.120784096111036375e-03
4.509844042000000219e-01,3.120748648859768444e-03
4.510166943000000206e-01,3.120699022968524000e-03
4.510397573000000104e-01,3.120663576281826595e-03
4.510443697000000030e-01,3.120656487098923994e-03
4.510582067999999722e-01,3.120635219887401765e-03
4.511089390999999948e-01,3.120557242706511504e-03
4.511135507999999850e-01,3.120550154190880696e-03
4.511504430000000121e-01,3.120493446433824595e-03
4.511550543999999774e-01,3.120486357812255959e-03
4.511919432000000008e-01,3.120429653539676454e-03
4.512242184999999961e-01,3.120380038120475815e-03
4.512380500000000016e-01,3.120358774282341527e-03
4.512426603999999952e-01,3.120351686832862226e-03
4.512657118000000245e-01,3.120316249452850018e-03
4.512795420999999862e-01,3.120294986747301942e-03
4.513025916000000248e-01,3.120259549850980078e-03
4.513348589999999771e-01,3.120209940655329327e-03
4.513671240000000084e-01,3.120160332706151552e-03
4.513763422000000025e-01,3.120146160138827403e-03
4.513855601999999800e-01,3.120131985859384526e-03
4.514039954999999882e-01,3.120103640688853472e-03
4.514086043000000159e-01,3.120096554034127324e-03
4.514270387000000051e-01,3.120068207690208494e-03
4.514408639999999973e-01,3.120046950296929706e-03
4.514823374999999972e-01,3.119983175485654871e-03
4.515007689000000157e-01,3.119954831562690972e-03
4.515330221000000144e-01,3.119905232528412831e-03
4.515376294999999818e-01,3.119898147194473479e-03
4.515514514000000257e-01,3.119876891138180768e-03
4.515744870999999772e-01,3.119841464761494414e-03
4.515929147000000143e-01,3.119813123790777902e-03
4.515975214999999876e-01,3.119806039471831327e-03
4.516067349999999814e-01,3.119791869493396350e-03
4.516343742000000216e-01,3.119749359857322112e-03
4.516666179000000114e-01,3.119699768060485955e-03
4.517034649000000179e-01,3.119643092771299392e-03
4.517080706000000112e-01,3.119636009398826185e-03
4.517218873000000134e-01,3.119614757257414914e-03
4.517357035999999826e-01,3.119593504647920172e-03
4.517403090000000065e-01,3.119586419914413718e-03
4.517587298999999890e-01,3.119558084825911192e-03
4.517817548999999988e-01,3.119522666338241101e-03
4.518139879999999997e-01,3.119473082029409084e-03
4.518462188999999851e-01,3.119423497897897898e-03
4.518554271999999927e-01,3.119409332981108902e-03
4.518692395000000195e-01,3.119388082445178571e-03
4.519014662999999987e-01,3.119338503631859019e-03
4.519244841000000235e-01,3.119303089639235190e-03
4.519428974999999959e-01,3.119274759351087657e-03
4.519659132000000135e-01,3.119239347912152859e-03
4.519935304000000098e-01,3.119196854246040086e-03
4.519981331999999852e-01,3.119189772575737835e-03
4.520487598999999856e-01,3.119111871592413193e-03
4.520533621000000224e-01,3.119104790043820009e-03
4.520763721000000124e-01,3.119069382780878530e-03
4.520901775999999761e-01,3.119048139149251716e-03
4.521085841999999966e-01,3.119019812776029858e-03
4.521131857999999837e-01,3.119012731535069933e-03
4.521223886999999886e-01,3.118998570420368054e-03
4.521453952000000220e-01,3.118963164677182251e-03
4.521499963999999760e-01,3.118956083735529346e-03
4.522006061000000132e-01,3.118878196059936790e-03
4.522190083000000027e-01,3.118849873715883857e-03
4.522696103000000134e-01,3.118771991939658667e-03
4.522742102000000264e-01,3.118764911638505569e-03
4.522880095999999850e-01,3.118743671854880099e-03
4.523110076999999896e-01,3.118708272618084341e-03
4.523294053999999953e-01,3.118679954279048212e-03
4.523661983999999747e-01,3.118623318003986046e-03
4.523983898999999753e-01,3.118573764061875319e-03
4.524029884999999918e-01,3.118566684826889774e-03
4.524075869999999999e-01,3.118559606574724825e-03
4.524397754999999743e-01,3.118510053908534439e-03
4.524765595999999945e-01,3.118453424143281024e-03
4.524811574000000003e-01,3.118446346330499847e-03
4.524903529000000035e-01,3.118432189224706191e-03
4.524949504999999927e-01,3.118425111095117237e-03
4.525317300999999737e-01,3.118368485331088520e-03
4.525455217000000085e-01,3.118347251044946162e-03
4.526190695999999791e-01,3.118234007470207722e-03
4.526420508999999814e-01,3.118198620802791528e-03
4.526604350999999804e-01,3.118170312962669638e-03
4.526972012000000101e-01,3.118113696068748261e-03
4.527017968000000003e-01,3.118106619376013848e-03
4.527155831999999935e-01,3.118085388679920321e-03
4.527339644000000218e-01,3.118057083118586700e-03
4.527523447999999839e-01,3.118028776265630887e-03
4.527845087999999851e-01,3.117979241992354864e-03
4.528258592000000138e-01,3.117915558110996403e-03
4.528488299000000272e-01,3.117880179130478636e-03
4.528580179000000205e-01,3.117866027652576796e-03
4.528626118999999894e-01,3.117858951702782815e-03
4.528763933000000130e-01,3.117837725534716112e-03
4.528993615999999944e-01,3.117802348427067827e-03
4.529177353000000128e-01,3.117774045878992685e-03
4.529223285999999793e-01,3.117766971432556038e-03
4.529315151000000150e-01,3.117752821049869696e-03
4.529590734999999757e-01,3.117710370674307754e-03
4.529728519999999814e-01,3.117689146700440301e-03
4.530050004000000241e-01,3.117639622824399433e-03
4.530233698000000198e-01,3.117611325559451092e-03
4.530463305999999912e-01,3.117575953865793677e-03
4.530692901999999744e-01,3.117540582796500103e-03
4.530830653999999846e-01,3.117519361453081027e-03
4.531060230999999772e-01,3.117483991497059254e-03
4.531519351000000140e-01,3.117413254718037329e-03
4.531565261000000122e-01,3.117406180711414666e-03
4.531794800999999762e-01,3.117370813908115334e-03
4.532070234000000197e-01,3.117328375552571619e-03
4.532116138000000238e-01,3.117321302800239464e-03
4.532299747999999906e-01,3.117293010513172945e-03
4.532483352000000187e-01,3.117264718621606898e-03
4.532529250999999815e-01,3.117257646315461667e-03
4.532666946999999724e-01,3.117236428253870092e-03
4.533171798000000252e-01,3.117158632143514699e-03
4.533584815000000212e-01,3.117094982986185880e-03
4.533630704000000122e-01,3.117087909955666095e-03
4.533722479000000249e-01,3.117073766643019186e-03
4.533997794999999886e-01,3.117031335988171888e-03
4.534135447000000041e-01,3.117010121689574136e-03
4.534273093999999782e-01,3.116988906762044147e-03
4.534318976000000223e-01,3.116981835544931859e-03
4.534364857000000026e-01,3.116974764138336594e-03
4.534686010999999795e-01,3.116925266230886719e-03
4.534731888999999905e-01,3.116918194213188272e-03
4.534869517999999822e-01,3.116896981423843312e-03
4.535007142999999963e-01,3.116875769100608574e-03
4.535098891000000076e-01,3.116861626359115466e-03
4.535190637000000025e-01,3.116847485904487933e-03
4.535236509000000193e-01,3.116840414628274051e-03
4.535419992999999983e-01,3.116812132091440271e-03
4.535786940000000045e-01,3.116755567973338199e-03
4.536337303999999904e-01,3.116670727239123726e-03
4.536520743999999938e-01,3.116642447724376867e-03
4.536658318999999828e-01,3.116621238347487555e-03
4.536887600999999770e-01,3.116585890399471877e-03
4.536933456000000198e-01,3.116578821710579844e-03
4.537208576999999798e-01,3.116536404274045276e-03
4.537300280000000074e-01,3.116522266486941931e-03
4.537437831000000199e-01,3.116501058644257239e-03
4.537575379000000075e-01,3.116479852034550243e-03
4.537621226999999924e-01,3.116472782437964151e-03
4.537667074000000245e-01,3.116465714578015370e-03
4.537987995000000163e-01,3.116416233039762292e-03
4.538033839000000236e-01,3.116409163967004143e-03
4.538125525999999743e-01,3.116395026575366576e-03
4.538400573999999965e-01,3.116352615013513391e-03
4.538721443000000022e-01,3.116303137752460869e-03
4.538858950999999919e-01,3.116281933132252283e-03
4.538904785999999802e-01,3.116274866369250687e-03
4.539271450999999846e-01,3.116218322989845399e-03
4.539821392999999761e-01,3.116133511861469540e-03
4.540187983000000260e-01,3.116076975017300580e-03
4.540325446999999848e-01,3.116055774088494212e-03
4.540737813999999872e-01,3.115992173477158574e-03
4.540966889999999978e-01,3.115956839601661654e-03
4.541058517000000072e-01,3.115942707443176540e-03
4.541287576999999964e-01,3.115907375769173381e-03
4.541333388000000082e-01,3.115900309774421399e-03
4.541608241999999795e-01,3.115857913260338535e-03
4.541699855999999924e-01,3.115843781255208181e-03
4.541791468999999970e-01,3.115829649741052709e-03
4.541837275000000229e-01,3.115822583868548424e-03
4.541974688000000038e-01,3.115801386348893056e-03
4.542432705000000182e-01,3.115730730026152525e-03
4.542570101000000249e-01,3.115709535137867973e-03
4.542799084999999959e-01,3.115674208906638216e-03
4.542936469000000144e-01,3.115653012966209615e-03
4.543119642999999819e-01,3.115624753516042528e-03
4.543257017999999814e-01,3.115603559247986237e-03
4.543440177999999996e-01,3.115575300863866141e-03
4.543531755999999922e-01,3.115561171265118171e-03
4.543669117999999951e-01,3.115539977193471609e-03
4.543852261999999920e-01,3.115511719914796241e-03
4.543898047000000107e-01,3.115504655499648761e-03
4.544218527000000174e-01,3.115455206913562286e-03
4.544584763000000249e-01,3.115398695152211961e-03
4.544722093999999935e-01,3.115377503666036732e-03
4.544767869999999932e-01,3.115370439969714425e-03
4.544905195000000231e-01,3.115349249930652892e-03
4.544996742999999895e-01,3.115335123436440215e-03
4.545134061000000170e-01,3.115313932754500137e-03
4.545454454999999783e-01,3.115264489582424481e-03
4.545500223000000228e-01,3.115257426036772883e-03
4.545866356000000108e-01,3.115200922767787355e-03
4.546003647999999897e-01,3.115179734800794468e-03
4.546232458999999726e-01,3.115144420881680882e-03
4.546415498999999971e-01,3.115116171174157986e-03
4.546781557999999834e-01,3.115059673712005772e-03
4.546827312999999759e-01,3.115052611817418441e-03
4.546918822000000082e-01,3.115038487710058198e-03
4.547147586999999991e-01,3.115003176914871511e-03
4.547193339000000223e-01,3.114996115253050677e-03
4.547467839000000067e-01,3.114953745519647051e-03
4.547513586999999968e-01,3.114946682605605234e-03
4.547879557000000239e-01,3.114890191789639225e-03
4.547925301999999892e-01,3.114883130242573385e-03
4.548382718000000269e-01,3.114812518937068453e-03
4.548794353999999762e-01,3.114748971832160835e-03
4.548977291999999895e-01,3.114720730161162077e-03
4.549023025000000220e-01,3.114713668997013025e-03
4.549114490000000233e-01,3.114699547505703821e-03
4.549160221999999920e-01,3.114692488249078389e-03
4.549297413999999762e-01,3.114671306317887568e-03
4.549388873999999916e-01,3.114657186554349068e-03
4.549526058999999734e-01,3.114636006323460039e-03
4.549663240999999858e-01,3.114614825062130520e-03
4.549708967000000159e-01,3.114607765585621947e-03
4.549846142999999787e-01,3.114586585106912057e-03
4.550120483000000271e-01,3.114544227900967101e-03
4.550257647000000016e-01,3.114523047623191966e-03
4.550623395999999765e-01,3.114466573051652767e-03
4.550760544999999935e-01,3.114445395861096914e-03
4.550806259999999881e-01,3.114438336284228951e-03
4.551217677000000128e-01,3.114374805712567026e-03
4.551720469000000158e-01,3.114297159263161498e-03
4.551857583999999735e-01,3.114275984804033143e-03
4.551903287999999881e-01,3.114268926080604027e-03
4.552268905999999893e-01,3.114212460233728615e-03
4.552314606000000263e-01,3.114205402573254344e-03
4.552680190000000238e-01,3.114148939285568338e-03
4.552817276000000191e-01,3.114127766257552589e-03
4.553319892000000091e-01,3.114050133235317895e-03
4.553365581000000106e-01,3.114043076484333990e-03
4.553502647000000070e-01,3.114021905425767584e-03
4.553548335000000002e-01,3.114014848110277772e-03
4.553685395000000025e-01,3.113993676611703527e-03
4.553731080999999792e-01,3.113986618918141141e-03
4.553776766000000031e-01,3.113979562380628837e-03
4.554233595000000134e-01,3.113908995265385164e-03
4.554507670999999869e-01,3.113866655959938133e-03
4.554644702000000267e-01,3.113845486286707584e-03
4.554873079000000269e-01,3.113810205763215336e-03
4.554964425999999955e-01,3.113796093627373487e-03
4.555192786999999743e-01,3.113760813748762089e-03
4.555558140000000034e-01,3.113704367597901895e-03
4.555695140000000087e-01,3.113683200537744299e-03
4.555740805999999865e-01,3.113676144599826588e-03
4.555969127999999757e-01,3.113640867828212054e-03
4.556425736999999976e-01,3.113570317094630033e-03
4.556654023999999747e-01,3.113535042554395511e-03
4.556699679999999808e-01,3.113527988110933401e-03
4.557019259999999794e-01,3.113478605153105396e-03
4.557064912000000079e-01,3.113471550105662445e-03
4.557201866999999740e-01,3.113450387095833497e-03
4.557749643999999822e-01,3.113365737266251838e-03
4.557795289000000083e-01,3.113358682483016379e-03
4.557932222000000144e-01,3.113337521163229635e-03
4.558069149999999792e-01,3.113316358851860640e-03
4.558160433999999817e-01,3.113302252075824273e-03
4.558434272999999926e-01,3.113259929888465005e-03
4.558479911000000162e-01,3.113252876730429521e-03
4.558890635000000247e-01,3.113189397190878425e-03
4.559255691999999915e-01,3.113132974095482019e-03
4.559392581000000222e-01,3.113111814565626759e-03
4.559529465000000115e-01,3.113090656720419146e-03
4.560076962999999872e-01,3.113006026641856449e-03
4.560305067000000045e-01,3.112970765575972035e-03
4.560350686999999903e-01,3.112963713463010301e-03
4.560670010999999802e-01,3.112914350571978610e-03
4.560715625999999800e-01,3.112907299302446369e-03
4.560806856999999881e-01,3.112893195340049515e-03
4.561034924999999851e-01,3.112857937352992224e-03
4.561217370999999798e-01,3.112829731229506316e-03
4.561354201000000219e-01,3.112808576963038004e-03
4.561582242000000176e-01,3.112773320942470619e-03
4.561947082999999736e-01,3.112716913532687178e-03
4.562175093999999986e-01,3.112681659105992829e-03
4.562266294999999805e-01,3.112667557436580787e-03
4.562311895000000228e-01,3.112660507271612469e-03
4.562448692000000139e-01,3.112639355152624701e-03
4.562539888000000099e-01,3.112625253690605356e-03
4.562676677999999986e-01,3.112604103391310856e-03
4.562859058000000023e-01,3.112575901539969651e-03
4.563406155999999991e-01,3.112491302136358249e-03
4.563770851999999767e-01,3.112434905826529964e-03
4.563907604999999923e-01,3.112413756018067666e-03
4.564363419999999949e-01,3.112343264887731161e-03
4.564454577000000013e-01,3.112329166855658247e-03
4.564500154999999726e-01,3.112322117540082967e-03
4.564728037999999932e-01,3.112286872790092068e-03
4.564864762999999992e-01,3.112265727019760276e-03
4.565001483000000193e-01,3.112244580367676348e-03
4.565047056000000048e-01,3.112237532299174693e-03
4.565411620000000004e-01,3.112181144036075490e-03
4.565457189000000082e-01,3.112174096254111989e-03
4.565593891999999987e-01,3.112152950956754722e-03
4.565821720000000083e-01,3.112117710689323979e-03
4.565958412000000188e-01,3.112096566908212607e-03
4.566550696000000187e-01,3.112004948166570244e-03
4.566869586000000258e-01,3.111955615994799890e-03
4.567051798999999801e-01,3.111927428064528711e-03
4.567188454000000175e-01,3.111906286562366071e-03
4.567234004999999875e-01,3.111899240556072459e-03
4.567279555000000046e-01,3.111892192775654598e-03
4.567598394999999867e-01,3.111842865911602484e-03
4.568008297999999745e-01,3.111779446951852546e-03
4.568281546999999887e-01,3.111737169504428992e-03
4.568327086999999787e-01,3.111730123131348051e-03
4.568509242000000081e-01,3.111701938189248215e-03
4.568827994999999920e-01,3.111652618297752748e-03
4.569101194999999893e-01,3.111610343862794472e-03
4.569374378000000125e-01,3.111568071903372899e-03
4.569419907000000225e-01,3.111561026573995709e-03
4.569556491000000276e-01,3.111539889978466762e-03
4.569738596999999847e-01,3.111511709852235984e-03
4.569784123000000253e-01,3.111504664491727880e-03
4.570102786999999944e-01,3.111455350698926446e-03
4.570193830000000013e-01,3.111441260731228221e-03
4.570512466000000162e-01,3.111391948357165177e-03
4.570557983999999907e-01,3.111384903427542436e-03
4.570922108000000095e-01,3.111328549145265295e-03
4.571013134999999949e-01,3.111314461389605782e-03
4.571058646999999753e-01,3.111307416806984982e-03
4.571195183000000273e-01,3.111286283718006120e-03
4.571422732000000044e-01,3.111251064362306491e-03
4.571604764000000154e-01,3.111222890025582173e-03
4.571741281999999740e-01,3.111201758938648108e-03
4.571786788000000157e-01,3.111194715125754472e-03
4.572014307999999749e-01,3.111159497936306396e-03
4.572287317000000018e-01,3.111117238474721356e-03
4.572378316999999859e-01,3.111103152168333535e-03
4.572514811999999762e-01,3.111082022794450612e-03
4.572696800000000117e-01,3.111053851052374749e-03
4.573015261999999748e-01,3.111004552217782465e-03
4.573060754000000117e-01,3.110997509248794504e-03
4.573106247000000013e-01,3.110990466855376082e-03
4.573242720999999844e-01,3.110969338657020283e-03
4.573424680000000020e-01,3.110941169704807378e-03
4.573470168000000058e-01,3.110934126538915726e-03
4.573606631000000089e-01,3.110913000202296386e-03
4.573788576000000217e-01,3.110884832125505178e-03
4.573925030000000058e-01,3.110863706643813512e-03
4.574334366000000207e-01,3.110800329532991976e-03
4.574880090999999815e-01,3.110715832209175712e-03
4.575243871999999934e-01,3.110659503308445262e-03
4.575289342000000148e-01,3.110652462303806990e-03
4.575380282000000021e-01,3.110638381179763740e-03
4.575925881999999834e-01,3.110553892395255624e-03
4.575971346000000106e-01,3.110546852330811456e-03
4.576335040000000243e-01,3.110490528901413160e-03
4.576516876000000233e-01,3.110462369669787005e-03
4.576653247999999952e-01,3.110441249826314397e-03
4.576744159999999728e-01,3.110427169899361317e-03
4.576880526000000060e-01,3.110406050185362831e-03
4.577062339999999896e-01,3.110377891425893278e-03
4.577107792999999814e-01,3.110370851363179062e-03
4.577471396000000192e-01,3.110314536142710397e-03
4.577562291999999755e-01,3.110300456894956635e-03
4.577607739999999814e-01,3.110293417893317258e-03
4.577834970999999920e-01,3.110258222801286828e-03
4.578289398000000010e-01,3.110187834543348424e-03
4.578334837999999962e-01,3.110180795114317852e-03
4.578516595000000078e-01,3.110152641035290096e-03
4.578562032999999865e-01,3.110145601488182535e-03
4.579061821000000032e-01,3.110068179996868659e-03
4.579606983000000242e-01,3.109983725726466960e-03
4.579743263000000120e-01,3.109962612206277829e-03
4.579788689000000024e-01,3.109955574799645565e-03
4.579924962999999960e-01,3.109934462025064437e-03
4.580015810999999992e-01,3.109920387490084683e-03
4.580333764000000252e-01,3.109871125884334370e-03
4.580379184000000214e-01,3.109864088956615022e-03
4.580470021999999974e-01,3.109850014939690918e-03
4.580697110999999988e-01,3.109814829608542261e-03
4.581015016000000162e-01,3.109765572849051193e-03
4.581378308999999871e-01,3.109709279794471443e-03
4.581423719000000117e-01,3.109702243946811315e-03
4.581832384999999785e-01,3.109638917310810283e-03
4.581923195000000004e-01,3.109624845186051856e-03
4.581968598999999753e-01,3.109617809178764642e-03
4.582195613000000223e-01,3.109582630546450181e-03
4.582331816999999918e-01,3.109561523101728002e-03
4.582513415000000201e-01,3.109533380108585928e-03
4.582831193999999941e-01,3.109484131454846173e-03
4.582876589000000056e-01,3.109477096274015483e-03
4.582921984000000171e-01,3.109470061000060501e-03
4.583602850999999867e-01,3.109364536279006757e-03
4.583965938999999823e-01,3.109308258806692520e-03
4.584102090000000129e-01,3.109287156245043020e-03
4.584374379000000221e-01,3.109244949732127301e-03
4.584510517000000007e-01,3.109223847972078774e-03
4.584692028999999835e-01,3.109195712644758237e-03
4.584828157999999987e-01,3.109174610403251087e-03
4.585100403999999852e-01,3.109132408443329634e-03
4.585735581000000005e-01,3.109033940229478672e-03
4.585780948000000024e-01,3.109026907172244419e-03
4.586279949000000022e-01,3.108949544154810795e-03
4.586325310000000099e-01,3.108942512423565341e-03
4.586506750000000077e-01,3.108914381269670298e-03
4.586688183000000030e-01,3.108886251065286124e-03
4.586914963000000012e-01,3.108851089507712589e-03
4.587005672000000200e-01,3.108837024206346274e-03
4.587232437000000052e-01,3.108801864180516655e-03
4.587277788999999939e-01,3.108794832331943179e-03
4.587549888999999936e-01,3.108752640788622467e-03
4.587731280999999828e-01,3.108724513723595123e-03
4.587776627999999857e-01,3.108717482413038326e-03
4.588320752999999752e-01,3.108633104825681524e-03
4.588366093999999840e-01,3.108626072998174963e-03
4.588728805000000244e-01,3.108569824868930367e-03
4.588864813999999903e-01,3.108548732429966110e-03
4.589046153999999933e-01,3.108520609124081936e-03
4.589182152999999875e-01,3.108499516697232120e-03
4.589408810999999755e-01,3.108464365575196436e-03
4.589454141000000043e-01,3.108457334313838132e-03
4.589771438999999953e-01,3.108408122570684076e-03
4.589816765999999992e-01,3.108401092645225478e-03
4.589952742999999780e-01,3.108380002884919731e-03
4.590088715999999791e-01,3.108358911886017518e-03
4.590179361999999763e-01,3.108344852509614415e-03
4.590496609999999977e-01,3.108295644673323473e-03
4.590541929999999993e-01,3.108288614309608674e-03
4.590904469000000043e-01,3.108232379017394128e-03
4.591040412999999876e-01,3.108211291548279489e-03
4.591357602000000204e-01,3.108162087842932832e-03
4.591402913000000030e-01,3.108155059204047513e-03
4.591584152000000030e-01,3.108126943176939445e-03
4.591991913999999841e-01,3.108063685741080558e-03
4.592671435999999829e-01,3.107958262238185235e-03
4.592716734000000245e-01,3.107951233742287534e-03
4.592988512000000245e-01,3.107909066777223353e-03
4.593079100999999942e-01,3.107895011286403077e-03
4.593350857999999870e-01,3.107852846048711482e-03
4.593396149000000261e-01,3.107845818222146859e-03
4.593441440000000098e-01,3.107838791388417392e-03
4.593803750000000075e-01,3.107782572624625574e-03
4.593939609000000091e-01,3.107761490712401820e-03
4.594075463999999775e-01,3.107740409873221629e-03
4.594256597999999969e-01,3.107712301805164081e-03
4.594301880000000171e-01,3.107705275568831745e-03
4.594437724000000056e-01,3.107684195512851015e-03
4.594845231999999946e-01,3.107620956646925479e-03
4.595026335999999878e-01,3.107592851096940487e-03
4.595252705000000271e-01,3.107557721534171761e-03
4.595524333000000072e-01,3.107515565472891966e-03
4.595569601999999754e-01,3.107508539758260368e-03
4.595705408999999908e-01,3.107487461193183392e-03
4.595977010000000251e-01,3.107445307668549837e-03
4.596293858000000121e-01,3.107396130820031573e-03
4.596339120999999861e-01,3.107389105007818311e-03
4.596474904999999778e-01,3.107368029568056012e-03
4.596655943999999883e-01,3.107339929336971722e-03
4.597153763999999865e-01,3.107262655128895101e-03
4.597199017999999970e-01,3.107255630249613522e-03
4.597425279999999836e-01,3.107220508431690360e-03
4.597742027999999759e-01,3.107171338500558464e-03
4.597877770000000086e-01,3.107150264967829725e-03
4.597923017000000168e-01,3.107143241504971981e-03
4.598149242999999831e-01,3.107108121197740130e-03
4.598284973999999803e-01,3.107087049376209848e-03
4.598420699999999917e-01,3.107065978231673617e-03
4.598511182000000197e-01,3.107051931760132155e-03
4.598646901999999814e-01,3.107030861089238750e-03
4.598782618000000211e-01,3.107009789953089039e-03
4.599144506999999771e-01,3.106953603314651681e-03
4.599189740999999887e-01,3.106946580292158696e-03
4.599370673000000020e-01,3.106918487994182135e-03
4.599732516000000215e-01,3.106862304917324194e-03
4.599913427000000277e-01,3.106834214699536953e-03
4.599958652999999731e-01,3.106827191699913261e-03
4.600049104999999749e-01,3.106813147480238461e-03
4.600275227000000244e-01,3.106778034074605260e-03
4.600456116000000151e-01,3.106749945459682562e-03
4.600682218000000101e-01,3.106714835156520766e-03
4.600772656000000072e-01,3.106700790892334262e-03
4.600998741999999808e-01,3.106665681979467897e-03
4.601179603000000173e-01,3.106637595395706896e-03
4.601360456999999959e-01,3.106609508579396238e-03
4.601496091999999760e-01,3.106588444799115046e-03
4.601541303000000194e-01,3.106581422764917878e-03
4.601676934000000219e-01,3.106560359216825086e-03
4.601902976000000201e-01,3.106525252101653960e-03
4.602038594999999788e-01,3.106504189026118926e-03
4.602219415000000091e-01,3.106476105781971232e-03
4.602445430000000060e-01,3.106441001887184569e-03
4.602490631999999748e-01,3.106433981256466730e-03
4.602626235000000232e-01,3.106412919027926912e-03
4.602807031000000215e-01,3.106384836740287963e-03
4.602852230000000211e-01,3.106377817639892434e-03
4.603168604000000275e-01,3.106328674586580386e-03
4.603530148000000155e-01,3.106272513971477991e-03
4.603710910000000101e-01,3.106244435650662872e-03
4.603936852000000135e-01,3.106209336487871821e-03
4.604072410999999754e-01,3.106188277537374771e-03
4.604433884999999949e-01,3.106132123736883317e-03
4.604659790999999780e-01,3.106097027654550029e-03
4.604795329999999964e-01,3.106075971198247500e-03
4.604930863999999735e-01,3.106054914118974979e-03
4.605156745999999801e-01,3.106019820029560542e-03
4.605337444000000002e-01,3.105991745119607728e-03
4.605834325000000007e-01,3.105914543446722069e-03
4.606014996000000195e-01,3.105886470681697587e-03
4.606105328999999804e-01,3.105872435336134302e-03
4.606240824999999761e-01,3.105851381417439484e-03
4.606421479999999735e-01,3.105823309388998105e-03
4.606466643000000083e-01,3.105816292566507871e-03
4.606782769000000166e-01,3.105767169732192006e-03
4.606963403000000068e-01,3.105739099479916648e-03
4.607098874000000177e-01,3.105718047763736042e-03
4.607189185000000187e-01,3.105704013168855259e-03
4.607279495000000114e-01,3.105689978899010047e-03
4.607505262000000101e-01,3.105654894050624993e-03
4.607685866999999824e-01,3.105626826161847053e-03
4.607866466000000161e-01,3.105598759576761077e-03
4.608001910000000256e-01,3.105577709906634336e-03
4.608904769000000123e-01,3.105437385812543759e-03
4.608995045000000013e-01,3.105423353575459660e-03
4.609356131999999828e-01,3.105367228369421834e-03
4.609491532000000169e-01,3.105346180806130632e-03
4.609717191000000103e-01,3.105311105406690676e-03
4.610078221000000198e-01,3.105254982817517908e-03
4.610168473999999850e-01,3.105240954238788244e-03
4.610213599999999912e-01,3.105233939004338473e-03
4.610348974999999849e-01,3.105212894101967366e-03
4.610439223000000197e-01,3.105198864558006335e-03
4.610574592000000194e-01,3.105177820316573547e-03
4.610890436000000259e-01,3.105128718885046078e-03
4.611116026000000034e-01,3.105093647043636728e-03
4.611161142999999907e-01,3.105086632899315378e-03
4.611296489999999748e-01,3.105065590420654810e-03
4.611431833999999896e-01,3.105044548699358031e-03
4.611657397000000214e-01,3.105009479347240007e-03
4.611792730000000007e-01,3.104988438044695067e-03
4.612243810000000166e-01,3.104918301149055260e-03
4.612334021000000228e-01,3.104904275261711338e-03
4.612379126000000218e-01,3.104897261735389564e-03
4.612604643000000060e-01,3.104862195315577847e-03
4.612739947999999757e-01,3.104841156834970469e-03
4.612920347999999726e-01,3.104813105092938362e-03
4.613055643999999789e-01,3.104792065949921187e-03
4.613281128000000231e-01,3.104757002428553542e-03
4.613686971000000026e-01,3.104693890824781512e-03
4.613777153999999991e-01,3.104679865591819521e-03
4.613822244999999933e-01,3.104672854066307854e-03
4.614363297999999891e-01,3.104588708451861117e-03
4.614543635000000199e-01,3.104560662181412266e-03
4.614678883000000176e-01,3.104539627960256187e-03
4.614769046000000152e-01,3.104525603506590094e-03
4.615084602999999785e-01,3.104476524353761910e-03
4.615445214000000185e-01,3.104420434485390904e-03
4.615625508000000266e-01,3.104392392186097055e-03
4.615760724999999898e-01,3.104371359145139276e-03
4.615805795999999850e-01,3.104364348906421631e-03
4.615850866999999802e-01,3.104357336734401510e-03
4.616121282000000270e-01,3.104315273372929614e-03
4.616166349999999974e-01,3.104308263501300708e-03
4.616211417000000150e-01,3.104301252780903696e-03
4.616526876000000001e-01,3.104252180438968074e-03
4.616571939999999930e-01,3.104245169750361171e-03
4.616662066000000175e-01,3.104231150383102069e-03
4.617067611999999821e-01,3.104168060195289323e-03
4.617202785999999781e-01,3.104147030703535443e-03
4.617383011999999787e-01,3.104118992661244764e-03
4.617428067000000080e-01,3.104111982823776032e-03
4.617608284999999979e-01,3.104083945415737986e-03
4.617653338000000107e-01,3.104076936663586420e-03
4.617788494999999771e-01,3.104055908356264867e-03
4.618013747999999974e-01,3.104020862391848774e-03
4.618329083000000113e-01,3.103971798914030057e-03
4.618644397000000179e-01,3.103922737922028448e-03
4.618689440000000035e-01,3.103915729949144591e-03
4.618734482999999891e-01,3.103908721437827721e-03
4.619004729000000253e-01,3.103866670518274414e-03
4.619365033999999759e-01,3.103810604598288784e-03
4.619545174999999948e-01,3.103782572033499370e-03
4.620175616000000152e-01,3.103684464430694640e-03
4.620310698999999799e-01,3.103663442690891318e-03
4.620445778000000225e-01,3.103642420142543358e-03
4.620670901000000219e-01,3.103607385052406173e-03
4.620850992000000157e-01,3.103579356284708740e-03
4.620896012999999858e-01,3.103572349707221269e-03
4.620986054999999815e-01,3.103558336029943639e-03
4.621391221999999743e-01,3.103495275103851109e-03
4.621526268999999743e-01,3.103474254806227062e-03
4.621571284000000057e-01,3.103467249678220317e-03
4.621706326999999725e-01,3.103446230626759166e-03
4.622111429999999910e-01,3.103383174781373325e-03
4.622246456999999920e-01,3.103362156455434246e-03
4.622336471999999863e-01,3.103348144035814656e-03
4.622471491999999849e-01,3.103327126491340748e-03
4.622651513000000101e-01,3.103299103880337393e-03
4.622696517000000060e-01,3.103292099408381383e-03
4.623011532999999895e-01,3.103243059686974867e-03
4.623056533000000079e-01,3.103236054344048461e-03
4.623146532999999891e-01,3.103222044417831057e-03
4.623191531999999992e-01,3.103215039341433636e-03
4.623326527000000130e-01,3.103194024040131522e-03
4.624136414000000195e-01,3.103067936314449302e-03
4.624766228000000146e-01,3.102969877100449688e-03
4.624811212000000116e-01,3.102962873520309812e-03
4.625171063999999888e-01,3.102906842292382002e-03
4.625216042999999999e-01,3.102899838112323574e-03
4.625306001000000222e-01,3.102885830373221677e-03
4.625350979000000251e-01,3.102878826897534706e-03
4.625530888000000118e-01,3.102850812990168555e-03
4.625710788999999878e-01,3.102822799480304313e-03
4.625890683000000170e-01,3.102794786109473821e-03
4.625935655999999785e-01,3.102787782749400532e-03
4.626295420000000047e-01,3.102731758536200497e-03
4.626430324999999955e-01,3.102710750837969333e-03
4.626655156000000213e-01,3.102675736544329051e-03
4.626745085999999785e-01,3.102661730636671871e-03
4.626790049999999765e-01,3.102654728576314559e-03
4.626969902999999995e-01,3.102626718569768613e-03
4.627149748000000118e-01,3.102598709646845008e-03
4.627509417999999819e-01,3.102542692326107701e-03
4.627734197999999743e-01,3.102507683532524426e-03
4.628003917999999883e-01,3.102465673093011012e-03
4.628048869999999981e-01,3.102458670313374030e-03
4.628183724000000110e-01,3.102437666325701202e-03
4.628408469999999997e-01,3.102402658747522874e-03
4.628453417999999764e-01,3.102395657531061696e-03
4.628723096999999842e-01,3.102353649957572540e-03
4.628947817999999881e-01,3.102318645820201747e-03
4.629082644999999996e-01,3.102297642730873252e-03
4.629172528000000120e-01,3.102283641344672632e-03
4.629487103000000103e-01,3.102234636757141527e-03
4.630026325000000109e-01,3.102150633815928694e-03
4.630206050999999823e-01,3.102122632126671012e-03
4.630385771000000150e-01,3.102094633068354368e-03
4.630565483999999898e-01,3.102066634849649958e-03
4.630610411000000148e-01,3.102059634440205126e-03
4.630745189000000095e-01,3.102038635485494626e-03
4.630879963999999793e-01,3.102017637304297758e-03
4.630969811999999797e-01,3.102003638011508520e-03
4.631284265000000233e-01,3.101954642977252687e-03
4.631688529999999915e-01,3.101891652133753098e-03
4.631778362000000260e-01,3.101877654203819869e-03
4.631958020999999981e-01,3.101849659124687828e-03
4.632002934000000183e-01,3.101842660134676577e-03
4.632182584000000269e-01,3.101814666066877481e-03
4.632496955000000027e-01,3.101765677448178101e-03
4.632721491999999830e-01,3.101730686385177453e-03
4.632766398000000008e-01,3.101723688558527710e-03
4.632901113999999820e-01,3.101702693428133074e-03
4.633125632000000271e-01,3.101667705404239587e-03
4.633215435999999965e-01,3.101653709714059012e-03
4.633395039000000049e-01,3.101625717809434937e-03
4.633439938999999730e-01,3.101618721704322169e-03
4.633619533000000179e-01,3.101590730396955580e-03
4.633844015999999955e-01,3.101555744152580899e-03
4.633978699999999895e-01,3.101534752506628165e-03
4.634203165999999929e-01,3.101499767069019597e-03
4.634337840000000153e-01,3.101478776054936420e-03
4.634472510000000045e-01,3.101457785541089380e-03
4.634652063999999960e-01,3.101429798818288591e-03
4.635056035999999824e-01,3.101366830499400085e-03
4.635235567000000056e-01,3.101338844271105642e-03
4.635415091999999793e-01,3.101310860108067585e-03
4.635594610000000060e-01,3.101282875742235583e-03
4.635953623999999884e-01,3.101226909682098642e-03
4.635998499000000272e-01,3.101219914176822027e-03
4.636088246999999773e-01,3.101205923050444780e-03
4.636626701000000073e-01,3.101121977797904362e-03
4.636671569999999964e-01,3.101114982831457579e-03
4.636806171999999782e-01,3.101093997695866106e-03
4.636851039000000063e-01,3.101087002586822450e-03
4.637030501000000138e-01,3.101059023528651877e-03
4.637434265000000000e-01,3.100996070523477210e-03
4.637568845000000217e-01,3.100975086762035662e-03
4.638107127000000163e-01,3.100891155593000006e-03
4.638151980999999924e-01,3.100884161867755243e-03
4.638286540000000069e-01,3.100863179077531159e-03
4.638779892000000071e-01,3.100786247033729751e-03
4.638824738999999808e-01,3.100779254450380593e-03
4.638869586000000100e-01,3.100772260513853015e-03
4.639183503000000042e-01,3.100723306228655822e-03
4.639362874999999886e-01,3.100695334184958019e-03
4.639497398999999911e-01,3.100674354470538303e-03
4.640080293000000133e-01,3.100583447337980532e-03
4.640304463000000101e-01,3.100548485502703858e-03
4.640394127999999951e-01,3.100534500236413332e-03
4.640438960000000113e-01,3.100527508617562187e-03
4.640573452999999793e-01,3.100506532138511476e-03
4.640663112999999784e-01,3.100492547681819866e-03
4.640797600000000078e-01,3.100471570604848570e-03
4.641111386999999810e-01,3.100422627412571797e-03
4.641335507000000082e-01,3.100387668363716823e-03
4.641649258000000167e-01,3.100338727997650236e-03
4.641738897000000086e-01,3.100324743909615120e-03
4.641873351999999953e-01,3.100303770963296675e-03
4.642007804000000126e-01,3.100282797509762867e-03
4.642052620000000074e-01,3.100275805874456135e-03
4.642590381999999738e-01,3.100191914258442795e-03
4.642948854999999764e-01,3.100135989948344609e-03
4.643262496000000183e-01,3.100087056920054242e-03
4.643486513000000260e-01,3.100052106628630681e-03
4.643531315000000159e-01,3.100045117043065835e-03
4.643889715999999779e-01,3.099989197484099863e-03
4.644024109000000067e-01,3.099968228275136028e-03
4.644203293999999982e-01,3.099940269840123584e-03
4.644516850000000030e-01,3.099891344553625666e-03
4.644606433999999839e-01,3.099877365054639310e-03
4.644696016000000038e-01,3.099863387058658572e-03
4.644740806000000055e-01,3.099856398505975406e-03
4.644875175000000023e-01,3.099835430404629909e-03
4.644964751999999808e-01,3.099821453034961542e-03
4.645099113999999751e-01,3.099800487151611363e-03
4.645278257000000077e-01,3.099772531303647983e-03
4.645412609999999831e-01,3.099751565220991521e-03
4.645681304000000011e-01,3.099709634590341184e-03
4.645815644999999883e-01,3.099688668468778777e-03
4.645949983000000061e-01,3.099667703838297501e-03
4.646039538999999774e-01,3.099653727444260602e-03
4.646308196999999751e-01,3.099611799806191708e-03
4.646352971000000109e-01,3.099604811692153756e-03
4.646532065999999794e-01,3.099576860139188327e-03
4.646755925000000120e-01,3.099541921901793114e-03
4.646845466000000258e-01,3.099527945847512650e-03
4.646890235000000202e-01,3.099520958429481318e-03
4.647785536999999856e-01,3.099381215423993759e-03
4.647830298000000249e-01,3.099374227991247635e-03
4.647964576999999986e-01,3.099353268748454484e-03
4.648143610000000092e-01,3.099325322453217336e-03
4.648188367000000154e-01,3.099318334751976784e-03
4.648501655000000232e-01,3.099269431019034248e-03
4.648546407999999963e-01,3.099262444213934931e-03
4.648904421999999759e-01,3.099206555394850085e-03
4.648993920999999752e-01,3.099192582829411215e-03
4.649038670000000262e-01,3.099185596276822149e-03
4.649396646000000244e-01,3.099129710378490353e-03
4.649978297999999843e-01,3.099038900287102386e-03
4.650336201999999974e-01,3.098983019765111455e-03
4.650470408999999861e-01,3.098962064751845189e-03
4.650604610999999888e-01,3.098941110834192974e-03
4.650649345000000268e-01,3.098934126475034242e-03
4.650962466999999934e-01,3.098885234734334408e-03
4.651007196999999982e-01,3.098878249447413469e-03
4.651141383999999879e-01,3.098857296978574111e-03
4.651186111999999762e-01,3.098850312284922529e-03
4.651365021000000155e-01,3.098822375240784400e-03
4.651409746999999872e-01,3.098815391572883916e-03
4.651678094999999735e-01,3.098773486889804928e-03
4.651722817999999759e-01,3.098766502567169932e-03
4.651856985000000222e-01,3.098745550542813133e-03
4.652080586999999823e-01,3.098710633499468774e-03
4.652259462000000179e-01,3.098682698972577473e-03
4.652572475000000263e-01,3.098633814791036233e-03
4.652617190000000180e-01,3.098626831536985694e-03
4.652796042999999826e-01,3.098598898954422337e-03
4.653153729999999766e-01,3.098543035858087377e-03
4.653198438999999742e-01,3.098536052002942142e-03
4.653287856000000167e-01,3.098522086414692931e-03
4.653332562999999977e-01,3.098515104563143337e-03
4.653466682999999882e-01,3.098494156020990646e-03
4.653556094999999893e-01,3.098480190363636123e-03
4.653824319000000043e-01,3.098438297325887235e-03
4.654226624999999729e-01,3.098375457299404508e-03
4.654271323999999987e-01,3.098368475679129548e-03
4.654584202000000004e-01,3.098319601745408696e-03
4.654762980000000105e-01,3.098291675685865311e-03
4.655299272999999793e-01,3.098207897356960831e-03
4.655343961999999780e-01,3.098200916114517752e-03
4.655433337000000060e-01,3.098186954485396705e-03
4.655701452000000073e-01,3.098145068553449875e-03
4.655835504999999985e-01,3.098124125998584239e-03
4.656148278000000196e-01,3.098075260873584501e-03
4.656371673999999961e-01,3.098040358398755807e-03
4.656416352000000147e-01,3.098033377345496900e-03
4.656684410999999968e-01,3.097991496710993109e-03
4.657086470999999839e-01,3.097928676198740457e-03
4.657399159999999760e-01,3.097879818216214831e-03
4.657488495000000062e-01,3.097865858067789992e-03
4.657577829999999808e-01,3.097851899309554333e-03
4.657622496000000112e-01,3.097844919015836293e-03
4.658158459999999779e-01,3.097761167997492310e-03
4.658203120000000141e-01,3.097754189747730421e-03
4.658292440999999839e-01,3.097740231388115568e-03
4.658515733999999964e-01,3.097705337375464447e-03
4.658560392000000161e-01,3.097698358245680374e-03
4.659051594999999990e-01,3.097621593170328015e-03
4.659185551000000203e-01,3.097600657474391169e-03
4.659230201999999821e-01,3.097593679471026800e-03
4.659587394999999965e-01,3.097537853886204832e-03
4.659721334999999964e-01,3.097516920782656530e-03
4.659765980999999724e-01,3.097509942249170208e-03
4.659989204000000163e-01,3.097475053826585691e-03
4.660123131999999724e-01,3.097454120129890763e-03
4.660435616999999975e-01,3.097405278546349738e-03
4.660614170999999861e-01,3.097377369198861270e-03
4.660658807999999986e-01,3.097370392509444983e-03
4.660837353000000238e-01,3.097342483289751425e-03
4.661015890999999911e-01,3.097314576091610497e-03
4.661729976000000275e-01,3.097202948368277860e-03
4.661774602000000045e-01,3.097195971910206465e-03
4.661908479999999910e-01,3.097175043104326720e-03
4.662042352999999917e-01,3.097154115100128179e-03
4.662131600000000153e-01,3.097140161671906727e-03
4.662265467000000219e-01,3.097119233820420231e-03
4.662399329999999953e-01,3.097098306232201441e-03
4.662577808000000212e-01,3.097070402631717408e-03
4.662800897000000111e-01,3.097035523517923175e-03
4.662979360000000240e-01,3.097007621835897156e-03
4.663202429000000149e-01,3.096972745159695586e-03
4.663514706999999926e-01,3.096923918623724088e-03
4.663871572000000132e-01,3.096868119798970673e-03
4.664049994000000199e-01,3.096840219730289528e-03
4.664228409000000242e-01,3.096812321674072797e-03
4.664273011999999774e-01,3.096805347090314173e-03
4.664406817000000260e-01,3.096784423861932093e-03
4.664585218999999783e-01,3.096756526571652155e-03
4.664719015000000080e-01,3.096735603921632086e-03
4.665120381999999788e-01,3.096672838459650634e-03
4.665343349000000139e-01,3.096637969467805687e-03
4.665432532000000077e-01,3.096624022281460609e-03
4.665477123999999809e-01,3.096617047854530527e-03
4.665655483999999742e-01,3.096589154455830790e-03
4.665833837999999734e-01,3.096561260453713129e-03
4.666012185000000256e-01,3.096533366721611249e-03
4.666056769999999965e-01,3.096526394273228702e-03
4.666413440000000135e-01,3.096470609786984834e-03
4.666859239000000215e-01,3.096400882010516293e-03
4.667082122999999805e-01,3.096366019778147571e-03
4.667394141999999801e-01,3.096317213139059259e-03
4.667483285999999842e-01,3.096303268793401068e-03
4.667617000000000016e-01,3.096282353137851974e-03
4.667795278999999908e-01,3.096254464933725307e-03
4.667839846999999875e-01,3.096247493190759821e-03
4.668151816000000176e-01,3.096198692082561491e-03
4.668196380999999895e-01,3.096191720309086556e-03
4.668285509999999805e-01,3.096177777715885052e-03
4.668552886999999818e-01,3.096135948169959941e-03
4.668686570000000202e-01,3.096115034870171832e-03
4.668820249000000255e-01,3.096094122204724394e-03
4.668864808000000033e-01,3.096087150269767087e-03
4.669043038999999840e-01,3.096059266960067731e-03
4.669221263000000177e-01,3.096031382300939994e-03
4.670335011000000258e-01,3.095857123530338772e-03
4.670424099000000107e-01,3.095843183309810072e-03
4.670602271000000028e-01,3.095815304372842927e-03
4.670646811999999981e-01,3.095808334476582522e-03
4.670824975999999795e-01,3.095780455532670412e-03
4.670958593000000270e-01,3.095759547018869882e-03
4.671003132000000058e-01,3.095752578051363946e-03
4.671136744000000118e-01,3.095731669140087093e-03
4.671359424000000038e-01,3.095696823429020493e-03
4.671403957999999967e-01,3.095689854111073093e-03
4.671537559999999756e-01,3.095668946496273489e-03
4.671760220000000241e-01,3.095634101614603336e-03
4.671893811000000230e-01,3.095613194766449593e-03
4.672071925999999875e-01,3.095585320775805747e-03
4.672472661000000027e-01,3.095522603806898868e-03
4.672561708999999897e-01,3.095508666901405047e-03
4.672828841000000177e-01,3.095466858067903032e-03
4.672962401999999904e-01,3.095445953365960883e-03
4.673095958999999855e-01,3.095425049702882174e-03
4.673274028000000135e-01,3.095397177611482111e-03
4.673452090999999919e-01,3.095369306595477463e-03
4.673496605999999942e-01,3.095362339238120174e-03
4.673541119999999882e-01,3.095355372175020558e-03
4.673808195999999970e-01,3.095313567169102192e-03
4.673897218999999992e-01,3.095299632305312416e-03
4.674030747999999846e-01,3.095278730657107218e-03
4.674208782000000006e-01,3.095250862550941173e-03
4.674253290000000005e-01,3.095243894627128147e-03
4.674564829999999782e-01,3.095195127375454606e-03
4.674742843999999953e-01,3.095167259987885184e-03
4.674876350000000125e-01,3.095146360094505437e-03
4.674965350999999991e-01,3.095132427952394447e-03
4.675276843999999765e-01,3.095083661759996402e-03
4.675454830999999922e-01,3.095055797588794257e-03
4.675677303999999923e-01,3.095020967314962915e-03
4.675810783000000082e-01,3.095000070503284295e-03
4.675944258999999992e-01,3.094979171925422989e-03
4.676300173999999865e-01,3.094923446601518646e-03
4.676344661999999874e-01,3.094916482418272937e-03
4.676656062999999808e-01,3.094867724283965546e-03
4.676700547000000041e-01,3.094860759663732586e-03
4.676745030000000192e-01,3.094853794491188824e-03
4.676833997000000021e-01,3.094839863271328824e-03
4.676878479000000088e-01,3.094832898793863172e-03
4.677412235000000251e-01,3.094749320225527889e-03
4.677768038999999822e-01,3.094693604061032020e-03
4.677812512999999783e-01,3.094686638783953822e-03
4.678168286000000120e-01,3.094630925749045688e-03
4.678301693999999955e-01,3.094610033676189684e-03
4.678835288000000037e-01,3.094526468696706667e-03
4.678879751000000198e-01,3.094519504507354732e-03
4.679146523000000113e-01,3.094477722833373877e-03
4.679235442999999939e-01,3.094463797605292131e-03
4.679368821000000067e-01,3.094442906887151946e-03
4.679546652000000084e-01,3.094415054484432690e-03
4.679946745999999935e-01,3.094352388201738416e-03
4.680080104000000074e-01,3.094331500566611243e-03
4.680257908000000078e-01,3.094303649629161299e-03
4.680302357000000191e-01,3.094296686673962769e-03
4.680435705000000057e-01,3.094275799885438764e-03
4.680569048000000065e-01,3.094254913386565442e-03
4.680657940999999878e-01,3.094240988314930600e-03
4.681013498000000106e-01,3.094185291193772384e-03
4.681102382999999811e-01,3.094171367929862953e-03
4.681369027999999766e-01,3.094129597125304647e-03
4.681680094999999819e-01,3.094080865763178950e-03
4.681813403000000262e-01,3.094059982205427366e-03
4.682213304000000242e-01,3.093997330892935688e-03
4.682346595999999916e-01,3.093976447262763302e-03
4.682746452000000059e-01,3.093913801053452522e-03
4.683146273000000082e-01,3.093851155527371256e-03
4.683235116999999725e-01,3.093837235195537848e-03
4.683279538999999825e-01,3.093830273954114706e-03
4.683457220999999726e-01,3.093802434581493285e-03
4.683501641000000215e-01,3.093795473946179923e-03
4.683812566000000177e-01,3.093746753213376735e-03
4.683856981999999780e-01,3.093739793977115689e-03
4.683945813000000014e-01,3.093725873721405849e-03
4.684212295999999887e-01,3.093684116395158459e-03
4.684345531999999923e-01,3.093663237402379407e-03
4.684656400000000165e-01,3.093614522177554841e-03
4.684700808000000216e-01,3.093607563142163498e-03
4.685056058000000023e-01,3.093551890525038199e-03
4.685278076000000125e-01,3.093517096886288977e-03
4.685366879999999790e-01,3.093503179176249410e-03
4.685411281999999900e-01,3.093496220774661406e-03
4.685766478000000235e-01,3.093440552053398039e-03
4.685899668999999879e-01,3.093419676867050286e-03
4.685944066000000130e-01,3.093412718164358522e-03
4.686254827999999928e-01,3.093364010697915566e-03
4.686299220999999848e-01,3.093357053323531492e-03
4.686698738999999780e-01,3.093294432847833435e-03
4.687408908999999846e-01,3.093183114081110227e-03
4.687763953999999900e-01,3.093127457251364579e-03
4.687897088999999906e-01,3.093106586052341619e-03
4.688030220000000137e-01,3.093085716111337955e-03
4.688074595999999761e-01,3.093078759093559251e-03
4.688252097000000229e-01,3.093050932818860316e-03
4.688429590000000036e-01,3.093023107747217264e-03
4.688473962999999967e-01,3.093016150599441853e-03
4.688828926999999980e-01,3.092960501789521893e-03
4.688962031000000197e-01,3.092939632284595185e-03
4.689095132000000166e-01,3.092918765391820726e-03
4.689139498000000073e-01,3.092911809564237967e-03
4.689494411999999834e-01,3.092856162929976532e-03
4.689627497000000145e-01,3.092835296595364096e-03
4.689671859000000276e-01,3.092828340922688241e-03
4.690026731999999976e-01,3.092772698727910309e-03
4.690204157999999790e-01,3.092744877904500967e-03
4.690337224000000194e-01,3.092724012665342553e-03
4.690558991000000066e-01,3.092689237804514390e-03
4.690603344000000008e-01,3.092682283024979998e-03
4.690869448000000164e-01,3.092640555358791305e-03
4.690958145999999940e-01,3.092626646472670764e-03
4.691046843000000188e-01,3.092612737985884000e-03
4.691268577000000106e-01,3.092577965939406585e-03
4.691445955999999917e-01,3.092550148365281332e-03
4.691623328999999787e-01,3.092522332218019913e-03
4.691667672000000011e-01,3.092515379115483905e-03
4.691756355000000211e-01,3.092501477825076919e-03
4.691800696000000270e-01,3.092494539744449107e-03
4.691933716000000198e-01,3.092473666566255414e-03
4.692155407999999972e-01,3.092438898001631693e-03
4.692465759000000181e-01,3.092390235292704573e-03
4.692864751999999973e-01,3.092327636873374534e-03
4.693042070999999815e-01,3.092299821637589739e-03
4.693352364000000221e-01,3.092251162760234397e-03
4.693396689000000066e-01,3.092244198925174579e-03
4.693441014999999994e-01,3.092237245554170164e-03
4.693751280999999831e-01,3.092188578352167427e-03
4.693928567000000274e-01,3.092160780354763060e-03
4.694283117999999977e-01,3.092105150804635647e-03
4.694593329000000259e-01,3.092056511315219042e-03
4.694859207000000034e-01,3.092014778306150999e-03
4.694992141000000063e-01,3.091993924186688895e-03
4.695213688000000052e-01,3.091959166975159854e-03
4.695346611999999809e-01,3.091938335771426526e-03
4.695523837000000200e-01,3.091910508331258828e-03
4.695878267999999967e-01,3.091854899824886260e-03
4.695922570000000129e-01,3.091847949023146525e-03
4.696011172999999816e-01,3.091834047792567548e-03
4.696188372999999805e-01,3.091806251034503843e-03
4.696276971000000189e-01,3.091792344694539296e-03
4.696409864000000156e-01,3.091771492870661053e-03
4.696542753999999875e-01,3.091750642589183567e-03
4.696719933999999874e-01,3.091722840915339839e-03
4.696941399999999822e-01,3.091688091083377807e-03
4.696985692000000268e-01,3.091681140510529630e-03
4.697118565000000245e-01,3.091660302061829957e-03
4.697251434999999975e-01,3.091639441292251198e-03
4.697340012999999814e-01,3.091625542009113561e-03
4.697650020999999954e-01,3.091576893531071575e-03
4.698137136000000158e-01,3.091500463322947347e-03
4.698181417000000248e-01,3.091493502491821001e-03
4.698402814000000038e-01,3.091458757721735669e-03
4.698668476999999788e-01,3.091417064818857263e-03
4.698712751999999937e-01,3.091410115541483664e-03
4.699066941999999747e-01,3.091354527267491971e-03
4.699111214000000203e-01,3.091347579186695498e-03
4.699244027999999740e-01,3.091326757058184514e-03
4.699421106000000181e-01,3.091298941792215097e-03
4.699598178000000126e-01,3.091271147965195254e-03
4.700129352999999899e-01,3.091187774067556161e-03
4.700173615000000082e-01,3.091180826920258626e-03
4.700262136999999729e-01,3.091166931918913792e-03
4.700306397999999830e-01,3.091159984916085762e-03
4.700439177999999885e-01,3.091139165160265365e-03
4.700660468000000258e-01,3.091104406130561807e-03
4.701191523000000094e-01,3.091021041156545839e-03
4.701235775000000006e-01,3.091014094412835624e-03
4.701368528000000047e-01,3.090993254799254825e-03
4.701589775000000193e-01,3.090958520405394979e-03
4.701722519000000045e-01,3.090937685152389883e-03
4.701855258000000037e-01,3.090916842329442284e-03
4.701899504000000007e-01,3.090909896656620671e-03
4.702209211000000222e-01,3.090861272005178233e-03
4.702297696000000138e-01,3.090847379851649132e-03
4.702386177999999806e-01,3.090833488640926628e-03
4.702607376999999866e-01,3.090798759243517085e-03
4.702651615999999812e-01,3.090791812874339305e-03
4.702784328999999874e-01,3.090770976800354640e-03
4.703005509000000028e-01,3.090736248316978269e-03
4.703093978999999814e-01,3.090722369040275076e-03
4.703315143999999837e-01,3.090687631595685422e-03
4.703713216000000030e-01,3.090625125356221987e-03
4.703845899999999913e-01,3.090604290960021101e-03
4.704022804999999918e-01,3.090576510980247524e-03
4.704509259999999915e-01,3.090500121096532472e-03
4.704553479999999954e-01,3.090493200557384215e-03
4.704686140000000072e-01,3.090472345072004315e-03
4.704774576999999902e-01,3.090458455773809673e-03
4.704907231000000079e-01,3.090437624447575811e-03
4.705084096000000105e-01,3.090409848664261820e-03
4.705437806000000167e-01,3.090354298052013209e-03
4.705482018000000100e-01,3.090347354199691945e-03
4.705791489999999744e-01,3.090298749937008330e-03
4.706100941999999954e-01,3.090250169945879966e-03
4.706145147999999945e-01,3.090243203915839839e-03
4.706189352999999853e-01,3.090236261228383654e-03
4.706498778000000049e-01,3.090187659191880650e-03
4.706631383000000057e-01,3.090166830745724041e-03
4.707161764000000193e-01,3.090083520326532274e-03
4.707338544999999930e-01,3.090055751502164723e-03
4.707382739000000038e-01,3.090048809610287852e-03
4.707736276999999747e-01,3.089993278480209892e-03
4.707868846000000107e-01,3.089972447286361886e-03
4.707957224000000052e-01,3.089958563093082432e-03
4.708089787999999998e-01,3.089937738084701929e-03
4.708575822000000133e-01,3.089861382703138881e-03
4.708620004999999886e-01,3.089854441313780609e-03
4.708664187000000112e-01,3.089847500709586806e-03
4.708796729999999986e-01,3.089826676674509338e-03
4.708929270000000167e-01,3.089805852530892825e-03
4.709017628000000122e-01,3.089791971181035483e-03
4.709150161999999806e-01,3.089771148440738704e-03
4.709459393000000049e-01,3.089722566877607397e-03
4.709856944999999961e-01,3.089660098639938814e-03
4.709989454999999881e-01,3.089639278567763402e-03
4.710166129999999729e-01,3.089611517340454250e-03
4.710740274999999921e-01,3.089521299411884196e-03
4.710784438000000240e-01,3.089514359536837604e-03
4.711137719999999862e-01,3.089458842509423993e-03
4.711270194000000133e-01,3.089438037160715817e-03
4.711579285999999978e-01,3.089389450894092573e-03
4.711800052999999822e-01,3.089354757113768699e-03
4.711976659000000067e-01,3.089327000829820806e-03
4.712153258999999816e-01,3.089299384965224406e-03
4.712197408000000087e-01,3.089292446373419123e-03
4.712329852000000097e-01,3.089271526711731726e-03
4.712550583999999820e-01,3.089236869275444573e-03
4.712859591999999931e-01,3.089188371473443676e-03
4.712903734000000178e-01,3.089181295024656920e-03
4.712992018000000116e-01,3.089167419036393560e-03
4.713036158999999725e-01,3.089160480433481275e-03
4.713168578999999969e-01,3.089139690291980121e-03
4.713256858000000049e-01,3.089125930113032891e-03
4.713742358999999937e-01,3.089049547153389832e-03
4.713918892999999777e-01,3.089021728239025461e-03
4.713963024999999751e-01,3.089014792183107476e-03
4.714227811000000212e-01,3.088973168539768579e-03
4.714316069000000220e-01,3.088959363439179855e-03
4.714977954999999832e-01,3.088855289556230281e-03
4.715022078000000172e-01,3.088848306288339684e-03
4.715110322000000131e-01,3.088834434858085242e-03
4.715154442999999751e-01,3.088827520794857912e-03
4.715375043000000210e-01,3.088792816978581067e-03
4.715507398000000072e-01,3.088772008289545744e-03
4.715683864999999919e-01,3.088744264240103361e-03
4.715727981000000235e-01,3.088737466402335843e-03
4.716080892999999774e-01,3.088681841704288538e-03
4.716213228000000202e-01,3.088661035060362523e-03
4.716345558999999743e-01,3.088640227809926007e-03
4.716433777999999855e-01,3.088626357287855249e-03
4.716566103000000010e-01,3.088605620523491007e-03
4.716742530999999961e-01,3.088577810550795222e-03
4.716918952999999970e-01,3.088550069768403097e-03
4.717139470000000223e-01,3.088515395172198360e-03
4.717227674000000204e-01,3.088501536875147644e-03
4.717271774999999834e-01,3.088494590872439306e-03
4.717492275999999873e-01,3.088459986687910191e-03
4.717800959999999821e-01,3.088411375885680328e-03
4.718153716999999858e-01,3.088355901832626031e-03
4.718506446999999882e-01,3.088300464985796381e-03
4.718682801999999898e-01,3.088272695618001547e-03
4.718815063999999837e-01,3.088251894007153220e-03
4.719344075999999943e-01,3.088168693059317911e-03
4.719388158000000222e-01,3.088161767709601477e-03
4.719608558999999759e-01,3.088127129489204922e-03
4.720049331999999764e-01,3.088057766803717265e-03
4.720093407000000019e-01,3.088050834400184533e-03
4.720269703000000150e-01,3.088023103398874602e-03
4.720313776000000239e-01,3.088016170721590362e-03
4.720445992999999785e-01,3.087995373023819361e-03
4.720666345000000264e-01,3.087960712911533897e-03
4.720798552000000092e-01,3.087940054114978079e-03
4.721327341000000066e-01,3.087856732197193435e-03
4.721503591000000277e-01,3.087829005998873975e-03
4.721635773999999786e-01,3.087808223345801968e-03
4.721679833999999909e-01,3.087801279359603853e-03
4.721988243999999946e-01,3.087752761228386347e-03
4.722076357000000169e-01,3.087738967643971922e-03
4.722164468999999754e-01,3.087725035416045028e-03
4.722384741000000274e-01,3.087690381073550025e-03
4.722560952000000034e-01,3.087662658384905754e-03
4.722781206000000176e-01,3.087628004453480367e-03
4.722869304000000268e-01,3.087614142517642896e-03
4.723045497000000204e-01,3.087586421165957381e-03
4.723089543999999806e-01,3.087579489802651581e-03
4.723441904999999830e-01,3.087524186729383602e-03
4.723618076000000165e-01,3.087496328287354670e-03
4.723838281000000139e-01,3.087461678280567674e-03
4.723970397999999737e-01,3.087440912234020850e-03
4.724146550000000166e-01,3.087413170097397328e-03
4.724454798000000122e-01,3.087364664098676218e-03
4.724542865999999952e-01,3.087350805000409204e-03
4.724674964000000199e-01,3.087330017731359892e-03
4.724895118999999921e-01,3.087295395152686063e-03
4.725027206999999896e-01,3.087274584564418667e-03
4.725203318999999791e-01,3.087246870205570884e-03
4.725555523000000147e-01,3.087191440587199517e-03
4.725599547000000067e-01,3.087184512539095128e-03
4.725687592999999742e-01,3.087170654717050731e-03
4.725863679999999789e-01,3.087142941152102183e-03
4.726083779999999956e-01,3.087108300218054709e-03
4.726259851999999873e-01,3.087080587791860183e-03
4.726391902000000034e-01,3.087059826970682541e-03
4.726435917999999847e-01,3.087052944875473288e-03
4.726611976999999798e-01,3.087025164566274422e-03
4.726788029999999807e-01,3.086997453707291967e-03
4.727008086999999747e-01,3.086962816901754527e-03
4.727272141000000150e-01,3.086921252285748998e-03
4.727624190999999976e-01,3.086865835543349187e-03
4.727800206000000172e-01,3.086838127254713012e-03
4.727844209000000020e-01,3.086831200945281198e-03
4.728064216000000264e-01,3.086796705404097271e-03
4.728372209999999742e-01,3.086748081193401664e-03
4.728724178000000000e-01,3.086692671134581758e-03
4.728768172000000214e-01,3.086685744927387173e-03
4.728900152000000134e-01,3.086664978326661684e-03
4.729208091000000058e-01,3.086616485967419443e-03
4.729428035000000086e-01,3.086581856436901132e-03
4.729779923999999913e-01,3.086526522082061203e-03
4.729823907999999855e-01,3.086519526992257800e-03
4.729911875999999737e-01,3.086505676250030170e-03
4.729955859000000151e-01,3.086498751384688863e-03
4.730307709000000083e-01,3.086443351083100872e-03
4.730439645999999776e-01,3.086422576411925259e-03
4.730483623999999776e-01,3.086415650371561632e-03
4.730615556000000166e-01,3.086394876994748206e-03
4.730879409000000035e-01,3.086353328205047788e-03
4.731011330000000070e-01,3.086332554844579794e-03
4.731143246999999774e-01,3.086311781676439291e-03
4.731231189999999809e-01,3.086297933279218229e-03
4.731495009000000196e-01,3.086256395835144072e-03
4.731582945000000207e-01,3.086242678610362240e-03
4.731934674000000118e-01,3.086187149400388980e-03
4.732066565999999974e-01,3.086166378488128421e-03
4.732550137000000046e-01,3.086090378048337527e-03
4.732594095000000056e-01,3.086083455207577243e-03
4.732725969000000088e-01,3.086063002383467122e-03
4.732769926000000016e-01,3.086055603465552577e-03
4.732945748999999869e-01,3.086028031046861037e-03
4.733253425000000236e-01,3.085979689080087674e-03
4.733341327999999737e-01,3.085965605660167827e-03
4.733473181000000252e-01,3.085944907339582995e-03
4.733648978000000174e-01,3.085917623407690574e-03
4.734000554000000194e-01,3.085861769423498078e-03
4.734132388000000247e-01,3.085841240497595988e-03
4.734176332000000209e-01,3.085834104175112520e-03
4.734308160999999848e-01,3.085813314468266282e-03
4.734703626000000276e-01,3.085751256285602841e-03
4.734747564999999825e-01,3.085744097391901041e-03
4.734835439999999784e-01,3.085730254311462584e-03
4.735055122999999866e-01,3.085695646725922659e-03
4.735099058000000194e-01,3.085688725320423140e-03
4.735230861999999985e-01,3.085667961348005379e-03
4.735362660999999918e-01,3.085647672531778053e-03
4.735450526000000160e-01,3.085633389590965343e-03
4.735714109999999977e-01,3.085591829333982072e-03
4.735758038999999808e-01,3.085584908858779191e-03
4.735933750999999914e-01,3.085557224882008905e-03
4.736109457000000078e-01,3.085529779636816527e-03
4.736153383000000217e-01,3.085522621629114334e-03
4.736241232999999773e-01,3.085508781153624251e-03
4.736636537000000202e-01,3.085446496905227404e-03
4.736768297000000238e-01,3.085425736995362021e-03
4.736943972000000058e-01,3.085398181240914684e-03
4.737207473000000224e-01,3.085356537817885315e-03
4.737514871999999877e-01,3.085308168758851225e-03
4.737558783999999967e-01,3.085301179781533339e-03
4.737866159999999938e-01,3.085252981552751971e-03
4.737910068999999780e-01,3.085245824645510646e-03
4.738261328000000216e-01,3.085190472075966667e-03
4.738612561000000167e-01,3.085135122065684951e-03
4.738875968999999855e-01,3.085094084339057904e-03
4.738919869000000062e-01,3.085086691101979368e-03
4.739314949000000277e-01,3.085024425872654429e-03
4.739666103999999880e-01,3.084969219425822903e-03
4.739797780000000182e-01,3.084948339448267355e-03
4.739929453000000237e-01,3.084927574297311424e-03
4.739973343000000172e-01,3.084921131358217723e-03
4.740324449000000162e-01,3.084865315690214858e-03
4.740675529000000221e-01,3.084809977600841413e-03
4.740851059999999784e-01,3.084782308567539898e-03
4.741070463000000013e-01,3.084747724373793250e-03
4.741158221999999811e-01,3.084734009160566837e-03
4.741377612000000075e-01,3.084699307041605457e-03
4.741553116000000179e-01,3.084671640828669410e-03
4.741772486999999980e-01,3.084637057798468585e-03
4.741904104999999925e-01,3.084616447601541862e-03
4.742079590000000122e-01,3.084588644990364156e-03
4.742255067999999740e-01,3.084560980949869590e-03
4.742430539999999972e-01,3.084533791527230458e-03
4.742562139000000010e-01,3.084512569654701206e-03
4.742737599999999887e-01,3.084484917935022448e-03
4.743658660999999777e-01,3.084339685589808627e-03
4.743790225999999777e-01,3.084319099131450741e-03
4.744009493999999938e-01,3.084284367570683597e-03
4.744141049999999749e-01,3.084263623223364691e-03
4.744228750999999744e-01,3.084249863367080798e-03
4.744667235999999733e-01,3.084180651285281950e-03
4.744711081999999913e-01,3.084173737563862365e-03
4.744930307999999930e-01,3.084139166654275514e-03
4.745237205999999763e-01,3.084091006607285208e-03
4.745587922000000236e-01,3.084035460034729656e-03
4.745631759999999755e-01,3.084028548017076106e-03
4.745763270999999728e-01,3.084007812575735152e-03
4.745982447000000048e-01,3.083973240726540100e-03
4.746113947999999749e-01,3.083952500628301882e-03
4.746639916000000015e-01,3.083869581157695685e-03
4.746683743999999816e-01,3.083862634116989101e-03
4.746771398999999891e-01,3.083849283134426980e-03
4.746815226000000165e-01,3.083841895626059353e-03
4.747034353999999845e-01,3.083807333356844774e-03
4.747297294000000223e-01,3.083765859913887956e-03
4.747341116000000083e-01,3.083758947328516225e-03
4.747735495000000028e-01,3.083696739636938421e-03
4.747998397000000037e-01,3.083655269421691370e-03
4.748217470000000162e-01,3.083620710477782099e-03
4.748348908999999729e-01,3.083599976684102319e-03
4.748392720999999872e-01,3.083593302375961000e-03
4.748743205000000023e-01,3.083537776189196594e-03
4.748874629000000014e-01,3.083517053492922794e-03
4.749137467999999807e-01,3.083475645957040913e-03
4.749268880999999998e-01,3.083454844533643768e-03
4.749575498999999978e-01,3.083406470979597677e-03
4.749794500000000252e-01,3.083371917857469831e-03
4.749838297999999792e-01,3.083365008538630977e-03
4.750101083000000113e-01,3.083324021193039211e-03
4.750144879000000042e-01,3.083316636936320968e-03
4.750495232999999984e-01,3.083261357506584567e-03
4.750889350999999983e-01,3.083199170256049285e-03
4.751152077999999945e-01,3.083157714619598738e-03
4.751677487000000033e-01,3.083074805106821373e-03
4.751721268999999914e-01,3.083068034199747207e-03
4.751896391000000053e-01,3.083040497834894835e-03
4.752071507000000250e-01,3.083012649338634503e-03
4.752202838999999845e-01,3.082991901261820152e-03
4.752421719000000100e-01,3.082957358203204396e-03
4.752903218000000263e-01,3.082881369000041883e-03
4.752946988000000261e-01,3.082874883854661973e-03
4.752990758000000260e-01,3.082867870275760730e-03
4.753078296000000091e-01,3.082853736836957317e-03
4.753122065000000007e-01,3.082848098376076828e-03
4.753340902000000034e-01,3.082812925154042229e-03
4.753472200000000147e-01,3.082791567600270261e-03
4.753603492999999847e-01,3.082770844826400979e-03
4.753647256999999904e-01,3.082764572171125574e-03
4.753778545999999827e-01,3.082743689946779164e-03
4.754041112999999874e-01,3.082702407107225633e-03
4.754172390999999998e-01,3.082681051468891091e-03
4.754391179999999939e-01,3.082646585580386348e-03
4.754522447999999790e-01,3.082626007752459468e-03
4.754697466999999733e-01,3.082598169783211123e-03
4.754872479999999735e-01,3.082570542847981165e-03
4.755091236000000277e-01,3.082536645809520314e-03
4.755222485000000221e-01,3.082515291632102229e-03
4.755353730999999917e-01,3.082494596645210527e-03
4.755441226000000077e-01,3.082480761716053369e-03
4.755747444999999796e-01,3.082432855620509306e-03
4.756097385999999982e-01,3.082377174498221722e-03
4.756491038999999810e-01,3.082315659322610365e-03
4.756797191000000091e-01,3.082266689980339529e-03
4.757147055000000013e-01,3.082211484312603542e-03
4.757278247999999765e-01,3.082190735164884107e-03
4.757321977999999785e-01,3.082184464940346171e-03
4.757540620999999859e-01,3.082149308233585964e-03
4.757802980999999987e-01,3.082108039732482131e-03
4.757846706000000148e-01,3.082100978064768442e-03
4.758196492999999805e-01,3.082045744133858969e-03
4.758240214000000190e-01,3.082039474481315308e-03
4.758371376000000152e-01,3.082018129080968307e-03
4.758721123999999914e-01,3.081962921881792848e-03
4.759245697999999747e-01,3.081880691901794922e-03
4.759289409999999942e-01,3.081873154658262056e-03
4.759420543999999809e-01,3.081852445112904376e-03
4.759551672999999816e-01,3.081831736525233317e-03
4.759770214999999860e-01,3.081797222435376810e-03
4.759945039999999850e-01,3.081770084811185587e-03
4.759988746000000104e-01,3.081762800043151562e-03
4.760076155999999892e-01,3.081748902523017298e-03
4.760338375000000011e-01,3.081708121967507551e-03
4.760687979000000070e-01,3.081652270864368957e-03
4.760775375999999892e-01,3.081638466002898855e-03
4.760819072999999957e-01,3.081631564645466708e-03
4.761168641999999895e-01,3.081576348430080728e-03
4.761387108999999840e-01,3.081541839937085737e-03
4.761474493000000252e-01,3.081528037999761802e-03
4.761518183999999820e-01,3.081521452744286765e-03
4.761736635000000106e-01,3.081486628888813022e-03
4.761867700999999897e-01,3.081465924812727512e-03
4.762042450000000260e-01,3.081438320344551379e-03
4.762173506999999861e-01,3.081417741196263577e-03
4.762348244999999869e-01,3.081390013484503702e-03
4.762435610999999902e-01,3.081376211981858102e-03
4.762741381000000218e-01,3.081327906901320992e-03
4.762785060999999986e-01,3.081321640006281191e-03
4.762916098000000154e-01,3.081300442721701671e-03
4.763090808000000065e-01,3.081272703489545614e-03
4.763134485000000140e-01,3.081265803012915409e-03
4.763571228999999851e-01,3.081196802574140414e-03
4.763745914999999997e-01,3.081169202245921755e-03
4.763964264000000171e-01,3.081134703245007930e-03
4.764138936000000268e-01,3.081107739055031613e-03
4.764269935000000067e-01,3.081086406786370888e-03
4.764488259999999920e-01,3.081052146914212923e-03
4.764531924000000029e-01,3.081045011804157182e-03
4.764662913000000111e-01,3.081024314302338411e-03
4.764881220000000139e-01,3.080989818123571616e-03
4.765186832000000150e-01,3.080941526117265006e-03
4.765536080000000174e-01,3.080886337842496728e-03
4.765579734000000012e-01,3.080880072528775770e-03
4.765667041000000159e-01,3.080865642360541400e-03
4.765710693999999914e-01,3.080858766938679352e-03
4.765885302000000268e-01,3.080831151349580025e-03
4.765928952999999857e-01,3.080824390458104019e-03
4.766190851000000062e-01,3.080782863760811799e-03
4.766278146999999854e-01,3.080769068995369876e-03
4.766365441000000036e-01,3.080755272196397058e-03
4.766583670000000272e-01,3.080720783269094449e-03
4.766889173000000146e-01,3.080672974291731939e-03
4.767063738000000273e-01,3.080644910954963810e-03
4.767107378000000062e-01,3.080638647819089731e-03
4.767281935000000082e-01,3.080610425569921436e-03
4.767805566000000161e-01,3.080527662168816311e-03
4.767936465000000013e-01,3.080506971676535456e-03
4.768329141000000049e-01,3.080444902966389051e-03
4.768721783000000047e-01,3.080383259308904983e-03
4.769027149999999771e-01,3.080334702937069340e-03
4.769070771999999736e-01,3.080327669691085464e-03
4.769332497000000060e-01,3.080286318100284183e-03
4.769376115999999777e-01,3.080279478475732996e-03
4.769419735000000049e-01,3.080272503666648103e-03
4.769725056999999935e-01,3.080224235624232695e-03
4.769768672999999959e-01,3.080217340212612533e-03
4.769855902999999842e-01,3.080203550868135503e-03
4.770248421000000127e-01,3.080141494617435333e-03
4.770379252999999986e-01,3.080120810738999366e-03
4.770422861999999986e-01,3.080114548612147580e-03
4.770553688999999986e-01,3.080093230387019251e-03
4.771164167999999983e-01,3.079996708301180504e-03
4.771294974999999994e-01,3.079976025992750815e-03
4.771469379000000122e-01,3.079948449666098081e-03
4.771818165999999750e-01,3.079893299354661933e-03
4.771861762999999867e-01,3.079886405081894239e-03
4.771948954999999937e-01,3.079873090852141247e-03
4.772123334999999744e-01,3.079845043187708509e-03
4.772210521999999955e-01,3.079831607368820490e-03
4.772341299999999786e-01,3.079810575727867390e-03
4.772559255000000111e-01,3.079776109379341736e-03
4.772864376000000020e-01,3.079727858936770653e-03
4.773038721999999789e-01,3.079700298566202029e-03
4.773343812999999991e-01,3.079653028676640394e-03
4.773387394999999978e-01,3.079646631144965837e-03
4.773518140999999937e-01,3.079625458407899211e-03
4.773736042999999762e-01,3.079591491516419158e-03
4.773953934999999871e-01,3.079555545472766661e-03
4.774041089000000126e-01,3.079544732072995571e-03
4.774084665000000172e-01,3.079536134931955271e-03
4.774302541000000066e-01,3.079500409429774144e-03
4.774433262000000178e-01,3.079481218835636910e-03
4.774607550000000145e-01,3.079452402973496903e-03
4.774738263000000149e-01,3.079431491435025148e-03
4.774912539999999761e-01,3.079406897087457514e-03
4.774956108999999782e-01,3.079397034788097093e-03
4.774999677000000275e-01,3.079390143232431550e-03
4.775130377999999842e-01,3.079369469620812927e-03
4.775261076000000271e-01,3.079348796101416107e-03
4.775304642000000044e-01,3.079341904546452693e-03
4.775478899000000221e-01,3.079315117404683201e-03
4.776045190000000051e-01,3.079226026514289040e-03
4.776132304999999856e-01,3.079212464667817686e-03
4.776175863000000077e-01,3.079204088879888140e-03
4.776524307000000191e-01,3.079148966218348688e-03
4.776698518999999976e-01,3.079121406263145722e-03
4.776829174000000178e-01,3.079100758867071158e-03
4.776872724999999820e-01,3.079096816371073523e-03
4.777046925000000277e-01,3.079066286186236262e-03
4.777090473999999753e-01,3.079059396897321742e-03
4.777351758999999753e-01,3.079018531658391129e-03
4.777438850999999875e-01,3.079004279851825510e-03
4.777700116999999969e-01,3.078965913353199409e-03
4.778091990000000178e-01,3.078901573345790756e-03
4.778266145000000242e-01,3.078873384614791604e-03
4.778483829999999877e-01,3.078838941242873113e-03
4.778614435999999910e-01,3.078821244849714537e-03
4.778788572000000068e-01,3.078790720336614661e-03
4.778832104999999886e-01,3.078783969909313755e-03
4.778919169999999994e-01,3.078770055284029295e-03
4.779310943000000256e-01,3.078708061419754578e-03
4.779528579999999804e-01,3.078673621132840561e-03
4.779615633000000030e-01,3.078660835408543982e-03
4.780007347999999934e-01,3.078597856537486094e-03
4.780181432999999758e-01,3.078570542687770681e-03
4.780224954000000248e-01,3.078564683968612863e-03
4.780311992999999871e-01,3.078549643917662983e-03
4.780355512000000195e-01,3.078542756564522486e-03
4.780486067999999977e-01,3.078522095278148421e-03
4.780703652000000137e-01,3.078488157771024861e-03
4.780834197000000119e-01,3.078466998152885620e-03
4.781225813000000158e-01,3.078405017402505422e-03
4.781269323999999821e-01,3.078398130033771496e-03
4.781399854000000227e-01,3.078377471469179432e-03
4.781530379999999747e-01,3.078356811079203774e-03
4.781747916999999903e-01,3.078322379503849009e-03
4.781878433999999789e-01,3.078304689701858582e-03
4.782269963999999929e-01,3.078239781052255833e-03
4.782313464999999875e-01,3.078232860473150822e-03
4.782443967000000185e-01,3.078212836074926181e-03
4.782791954000000234e-01,3.078157118972367316e-03
4.782965938000000028e-01,3.078129576896375050e-03
4.783096421999999959e-01,3.078109157617616321e-03
4.783139915999999880e-01,3.078103520617662698e-03
4.784009708999999999e-01,3.077964337981736222e-03
4.784357582000000053e-01,3.077909263922328203e-03
4.784401065000000175e-01,3.077902379384231477e-03
4.784488028000000170e-01,3.077890094492703385e-03
4.784661950999999913e-01,3.077861096835098845e-03
4.784705430000000259e-01,3.077854190249606093e-03
4.784748909000000050e-01,3.077848570608981722e-03
4.784879344999999895e-01,3.077826653939003294e-03
4.785183680000000273e-01,3.077778467067061006e-03
4.785792292000000114e-01,3.077682133849107132e-03
4.785922698000000253e-01,3.077662191747178571e-03
4.786096569000000134e-01,3.077634390244110563e-03
4.786444289999999824e-01,3.077578854692501319e-03
4.786487752999999956e-01,3.077571972825154500e-03
4.786574679000000221e-01,3.077558207065740625e-03
4.786618141000000271e-01,3.077551324601013587e-03
4.787096200000000024e-01,3.077475617802053962e-03
4.787139657000000215e-01,3.077470000124609643e-03
4.787270027000000150e-01,3.077448089861439459e-03
4.787443847999999780e-01,3.077422044535982337e-03
4.787530756999999748e-01,3.077406797753594932e-03
4.787834923000000020e-01,3.077358624454209785e-03
4.788008724000000216e-01,3.077331098311749790e-03
4.788225965999999834e-01,3.077296690648633534e-03
4.788703863000000061e-01,3.077221020896360806e-03
4.788834190999999851e-01,3.077200354546475933e-03
4.788921073999999889e-01,3.077186593373536054e-03
4.789051395000000211e-01,3.077168917422061847e-03
4.789181712999999729e-01,3.077145427024475122e-03
4.789355464999999756e-01,3.077117786887064495e-03
4.789398901999999958e-01,3.077110974700439372e-03
4.789572645999999878e-01,3.077083384529782570e-03
4.789616080999999914e-01,3.077076819839692865e-03
4.789746383999999857e-01,3.077055862814809598e-03
4.790224129999999803e-01,3.076980182107601994e-03
4.790267558999999897e-01,3.076973302833465110e-03
4.790745252999999981e-01,3.076900592472226696e-03
4.791005792999999957e-01,3.076856349722410094e-03
4.791353158000000168e-01,3.076801317150480893e-03
4.791439994999999730e-01,3.076787559230152735e-03
4.791960986000000089e-01,3.076705013531229414e-03
4.792047811999999851e-01,3.076691257054363794e-03
4.792178048999999884e-01,3.076671253704667090e-03
4.792351691999999774e-01,3.076643344319622726e-03
4.792525328999999723e-01,3.076618560963390904e-03
4.792698959000000203e-01,3.076588082820852065e-03
4.792829177999999857e-01,3.076567460826841200e-03
4.792872584000000269e-01,3.076560571656323292e-03
4.793089604999999920e-01,3.076526251040130524e-03
4.793219812999999774e-01,3.076505550154578356e-03
4.793393418999999933e-01,3.076478040069675988e-03
4.793740610000000180e-01,3.076425157034577001e-03
4.793784007999999930e-01,3.076419348282740263e-03
4.793914196999999877e-01,3.076401921789588545e-03
4.794087777000000106e-01,3.076368004803094452e-03
4.794131171000000080e-01,3.076367536623209834e-03
4.794391526999999820e-01,3.076321348277778495e-03
4.794434919000000184e-01,3.076316194331869553e-03
4.794782034999999776e-01,3.076257977582271420e-03
4.794825422999999809e-01,3.076252059698790856e-03
4.795302663000000076e-01,3.076178666258057564e-03
4.795606336000000081e-01,3.076127566838683311e-03
4.795866611999999862e-01,3.076089280314876512e-03
4.796343747999999851e-01,3.076011928639074949e-03
4.796517240000000015e-01,3.075986150048954336e-03
4.796864205999999964e-01,3.075928083271274333e-03
4.797037679999999749e-01,3.075900458573052262e-03
4.797211147000000064e-01,3.075872948213514112e-03
4.797254511999999860e-01,3.075872480924463775e-03
4.797514699000000049e-01,3.075824826231849871e-03
4.797558062000000234e-01,3.075819215392077040e-03
4.797688149000000069e-01,3.075797329247608250e-03
4.797904953000000083e-01,3.075762958349894782e-03
4.798078387999999972e-01,3.075737598041466004e-03
4.798381885999999930e-01,3.075688827431459754e-03
4.798425241000000008e-01,3.075680471952500859e-03
4.798555304000000077e-01,3.075659851354983158e-03
4.798598658000000072e-01,3.075652977817763725e-03
4.798945472999999740e-01,3.075598226280998847e-03
4.798988822999999959e-01,3.075597523250956245e-03
4.799075521999999761e-01,3.075577371080136149e-03
4.799335610000000085e-01,3.075536132082272011e-03
4.799465648999999834e-01,3.075515513823580491e-03
4.799595683999999807e-01,3.075494894794668713e-03
4.799769058999999727e-01,3.075467403740063648e-03
4.799942427000000178e-01,3.075439913821282224e-03
4.799985768000000208e-01,3.075436243618757948e-03
4.800029109000000238e-01,3.075426168395168063e-03
4.800159129000000080e-01,3.075405551764004083e-03
4.800289145000000146e-01,3.075384933861017179e-03
4.800375821000000265e-01,3.075372452186075304e-03
4.800505830999999834e-01,3.075353535909871022e-03
4.800722506999999806e-01,3.075316281862325828e-03
4.801025837999999824e-01,3.075268109833412689e-03
4.801069169000000136e-01,3.075267643100846899e-03
4.801329148999999852e-01,3.075220016350224597e-03
4.801415806000000064e-01,3.075206266366361726e-03
4.802109003999999737e-01,3.075096326843788832e-03
4.802238966999999858e-01,3.075078916466055575e-03
4.802368926999999732e-01,3.075055574069655243e-03
4.802715470000000209e-01,3.075001125386899164e-03
4.803105301000000216e-01,3.074938305337493287e-03
4.803278549000000175e-01,3.074911140229649124e-03
4.803451790000000110e-01,3.074883344522324775e-03
4.803495099999999796e-01,3.074878609161453558e-03
4.803754948000000247e-01,3.074835256915558861e-03
4.803798255000000239e-01,3.074828386323711239e-03
4.804144694999999965e-01,3.074773431024590414e-03
4.804187998000000182e-01,3.074766562332610642e-03
4.804317905000000111e-01,3.074745953122447108e-03
4.804534408999999728e-01,3.074711607540677859e-03
4.804664307000000023e-01,3.074691069277020808e-03
4.804837498999999790e-01,3.074666726172179017e-03
4.805010684000000087e-01,3.074637530459321290e-03
4.805313743999999887e-01,3.074587970089867964e-03
4.805573494000000001e-01,3.074546760221592324e-03
4.805703364000000199e-01,3.074526177633792826e-03
4.805833230000000067e-01,3.074505549863054341e-03
4.805876518000000153e-01,3.074498800284094363e-03
4.806006380000000244e-01,3.074478077827507740e-03
4.806266091999999990e-01,3.074440702504253452e-03
4.806742196000000078e-01,3.074361327823463535e-03
4.806915312000000218e-01,3.074333857677338279e-03
4.806958591000000114e-01,3.074326991034552221e-03
4.807391350999999924e-01,3.074259800373930519e-03
4.807434624999999961e-01,3.074251452778314908e-03
4.807650989000000208e-01,3.074217119286562581e-03
4.807780803000000214e-01,3.074199719243077538e-03
4.807953882000000068e-01,3.074169053146909910e-03
4.808126954999999980e-01,3.074141586706494438e-03
4.808343287999999882e-01,3.074107255591517537e-03
4.808473082999999981e-01,3.074086657922662277e-03
4.808689400000000225e-01,3.074052395893917336e-03
4.808992228000000257e-01,3.074004266753512481e-03
4.809295035999999746e-01,3.073956208078487250e-03
4.809338293000000042e-01,3.073949972539247785e-03
4.809381549999999783e-01,3.073948875379682762e-03
4.809468061000000128e-01,3.073928981163660378e-03
4.809511316000000258e-01,3.073921879798914569e-03
4.809641080000000013e-01,3.073901284186698456e-03
4.809857343999999757e-01,3.073868438812064376e-03
4.810073598999999867e-01,3.073832633536084571e-03
4.810160097999999773e-01,3.073818927045108944e-03
4.810376339999999917e-01,3.073784580334815338e-03
4.810765549000000085e-01,3.073722799767180953e-03
4.810895278999999802e-01,3.073702206399163157e-03
4.811025004999999743e-01,3.073681614082923817e-03
4.811068245999999826e-01,3.073676029633404683e-03
4.811414162000000050e-01,3.073619837538342156e-03
4.811457399999999884e-01,3.073612974241021929e-03
4.812235612999999912e-01,3.073489430584906701e-03
4.812408531999999850e-01,3.073464936223460012e-03
4.812494989000000167e-01,3.073448881761923351e-03
4.812624671999999881e-01,3.073427661910293606e-03
4.812797576999999771e-01,3.073400278627391128e-03
4.812840802000000195e-01,3.073396546123419431e-03
4.813143368999999727e-01,3.073345779775123274e-03
4.813489134999999752e-01,3.073290409369510302e-03
4.813618792000000091e-01,3.073269822801406002e-03
4.813791660999999777e-01,3.073242373542852367e-03
4.813878093000000247e-01,3.073228649764822573e-03
4.814137380999999882e-01,3.073200514779429477e-03
4.814180593999999869e-01,3.073193652907505076e-03
4.814310231999999745e-01,3.073164376586655280e-03
4.814526286999999960e-01,3.073128982142379201e-03
4.814699123000000247e-01,3.073099881379983897e-03
4.814828747000000075e-01,3.073090728744173189e-03
4.814915161000000166e-01,3.073063970245602620e-03
4.815044777999999970e-01,3.073046345021100082e-03
4.815217596999999961e-01,3.073028977768874331e-03
4.815606414999999974e-01,3.072954194884455065e-03
4.815692815000000016e-01,3.072953507942123921e-03
4.815736013999999954e-01,3.072934873270664370e-03
4.815952004999999869e-01,3.072899310361609272e-03
4.816254374999999754e-01,3.072857804376888467e-03
4.816643110000000116e-01,3.072792744249366968e-03
4.816772681000000000e-01,3.072768967069755466e-03
4.816902249000000191e-01,3.072751763752242307e-03
4.816988624999999913e-01,3.072734805475560958e-03
4.817075000000000107e-01,3.072720949261399225e-03
4.817463669000000004e-01,3.072659214191897012e-03
4.817636399999999930e-01,3.072636120873144944e-03
4.817679582000000127e-01,3.072624917344171907e-03
4.817765943999999800e-01,3.072612678008151531e-03
4.817809124999999915e-01,3.072604340583087821e-03
4.818025022999999907e-01,3.072570045165010783e-03
4.818327264000000221e-01,3.072522033840586423e-03
4.818456789000000184e-01,3.072504716071393360e-03
4.818672657999999998e-01,3.072470362520091525e-03
4.818715831000000005e-01,3.072460307225561779e-03
4.818845346000000252e-01,3.072439733188388634e-03
4.818974858000000250e-01,3.072419157947542910e-03
4.819018028000000009e-01,3.072412299860231757e-03
4.819061197999999768e-01,3.072406071430589056e-03
4.819190703999999825e-01,3.072384868011123534e-03
4.819320206000000106e-01,3.072364316404347772e-03
4.819363373000000172e-01,3.072370465044391499e-03
4.819838182000000248e-01,3.072282001088603130e-03
4.819881343999999901e-01,3.072275143679375001e-03
4.820097148999999970e-01,3.072240855981453640e-03
4.820226628000000013e-01,3.072220285242192352e-03
4.820356102000000198e-01,3.072206226870210187e-03
4.820571886000000195e-01,3.072166166933772667e-03
4.820744505999999818e-01,3.072138470861466870e-03
4.820787659999999919e-01,3.072133273481837765e-03
4.821262329000000069e-01,3.072055788752249897e-03
4.821434923999999844e-01,3.072034807893064042e-03
4.821736951000000215e-01,3.071980301747176487e-03
4.821909529000000250e-01,3.071952877043280204e-03
4.822168385000000224e-01,3.071911742593895316e-03
4.822297806999999992e-01,3.071891175245700968e-03
4.822470366000000119e-01,3.071865012266075754e-03
4.822599779999999781e-01,3.071849698580060312e-03
4.822815462999999747e-01,3.071808909884225346e-03
4.822988002999999968e-01,3.071787878129139584e-03
4.823203669000000193e-01,3.071747212781847369e-03
4.823289933000000085e-01,3.071733503043116813e-03
4.823462454999999927e-01,3.071707561498656074e-03
4.823850608999999956e-01,3.071657415225945847e-03
4.823893734999999960e-01,3.071637538550332260e-03
4.824023110999999808e-01,3.071616982053297727e-03
4.824368097999999772e-01,3.071562140495519202e-03
4.824669940999999906e-01,3.071514397728074448e-03
4.825057997000000154e-01,3.071452479098594254e-03
4.825187342000000212e-01,3.071438429423781376e-03
4.825230456999999862e-01,3.071425065870157876e-03
4.825273569999999901e-01,3.071421405959233204e-03
4.825618468000000272e-01,3.071363522228800699e-03
4.825920233000000059e-01,3.071315414326998301e-03
4.825963340000000157e-01,3.071308876017700244e-03
4.826221977999999857e-01,3.071267445012918797e-03
4.826308188000000277e-01,3.071253738843510162e-03
4.826437499999999825e-01,3.071233919723083319e-03
4.826609909999999837e-01,3.071212280792630280e-03
4.826739212999999751e-01,3.071185214596782332e-03
4.826782313999999907e-01,3.071178361527137583e-03
4.826997809999999944e-01,3.071144100580065588e-03
4.827127103000000141e-01,3.071123544969414469e-03
4.827342584000000048e-01,3.071089285127610695e-03
4.827601147999999731e-01,3.071048175035489842e-03
4.827644240999999781e-01,3.071047709205567029e-03
4.827945879000000162e-01,3.070993362203617086e-03
4.828032058000000237e-01,3.070979659764384775e-03
4.828118235000000147e-01,3.070972465210103884e-03
4.828376757999999769e-01,3.070924849957373196e-03
4.828678350999999758e-01,3.070877128354143355e-03
4.828807599000000117e-01,3.070856363601861573e-03
4.829023004999999924e-01,3.070822088280604576e-03
4.829496864000000222e-01,3.070749686518296859e-03
4.829539938999999893e-01,3.070741141400915378e-03
4.829712239000000240e-01,3.070718989398082618e-03
4.829884532000000008e-01,3.070685082622459736e-03
4.830056818999999835e-01,3.070657751296460881e-03
4.830099889999999729e-01,3.070652961174757077e-03
4.830444441999999783e-01,3.070596035817764642e-03
4.830702840000000164e-01,3.070554939534917826e-03
4.830745905000000118e-01,3.070548089700411362e-03
4.831262655999999933e-01,3.070465900849902140e-03
4.831391835000000134e-01,3.070458366775020813e-03
4.831607124999999781e-01,3.070411111476313744e-03
4.831736294999999792e-01,3.070390564871580165e-03
4.831779351000000111e-01,3.070383716734724402e-03
4.832123783000000228e-01,3.070328929085667114e-03
4.832166835999999743e-01,3.070322081656032959e-03
4.832252939000000191e-01,3.070308384542019212e-03
4.832295991000000179e-01,3.070301536954454964e-03
4.832640386000000010e-01,3.070249086706189692e-03
4.832769529000000008e-01,3.070226679671866649e-03
4.832812575000000055e-01,3.070219361824649135e-03
4.832941713000000195e-01,3.070198818525557340e-03
4.833156934000000238e-01,3.070171085774435309e-03
4.833199977000000036e-01,3.070158991777291718e-03
4.833458227999999912e-01,3.070116650064918466e-03
4.833673426999999800e-01,3.070082436661576708e-03
4.833845579000000114e-01,3.070055025959821018e-03
4.834232897999999889e-01,3.069993405488766723e-03
4.834534125000000127e-01,3.069970774423834512e-03
4.834577156000000042e-01,3.069944990340499075e-03
4.834706246000000096e-01,3.069924417334186657e-03
4.834921388999999792e-01,3.069909156869545137e-03
4.835007443000000071e-01,3.069874505979388376e-03
4.835222572999999802e-01,3.069842263706189841e-03
4.835265597999999776e-01,3.069832284911888989e-03
4.835609781999999912e-01,3.069799621053476667e-03
4.835738844999999952e-01,3.069753791347916601e-03
4.835867904000000217e-01,3.069734239358126379e-03
4.836082995000000051e-01,3.069711674189640020e-03
4.836255060999999911e-01,3.069671648784576788e-03
4.836642187999999898e-01,3.069635332933930670e-03
4.836943264999999936e-01,3.069564585521527417e-03
4.837072291999999774e-01,3.069541596129403502e-03
4.837287329000000136e-01,3.069520018287580278e-03
4.837459352999999851e-01,3.069479997793020908e-03
4.837674372999999917e-01,3.069445776771468400e-03
4.837975386000000211e-01,3.069404248275068876e-03
4.838018385999999782e-01,3.069399454077535554e-03
4.838319376999999921e-01,3.069343119313242864e-03
4.838448368000000110e-01,3.069322589435335806e-03
4.838620349000000154e-01,3.069295226663649317e-03
4.838835317999999885e-01,3.069286282840815068e-03
4.838964295000000027e-01,3.069253471444276064e-03
4.839179249000000183e-01,3.069207283823594846e-03
4.839523153999999994e-01,3.069151512799316462e-03
4.839738082999999746e-01,3.069123620229149713e-03
4.839867036000000122e-01,3.069096772021343879e-03
4.840382811999999757e-01,3.069014666179028725e-03
4.840726631999999752e-01,3.068985209496159772e-03
4.840769608000000113e-01,3.068956906473084383e-03
4.841070427999999981e-01,3.068911697678946421e-03
4.841199345000000154e-01,3.068885143500814459e-03
4.841586076000000127e-01,3.068823102231515391e-03
4.841800913000000040e-01,3.068801535315877904e-03
4.841886845000000217e-01,3.068775216460226194e-03
4.842574248000000026e-01,3.068667240596083170e-03
4.842746083000000201e-01,3.068638405158642581e-03
4.842831998000000082e-01,3.068624724307670529e-03
4.842960868999999779e-01,3.068616840367952014e-03
4.843132689999999907e-01,3.068576844004224959e-03
4.843261551999999970e-01,3.068562822394814080e-03
4.843476314999999865e-01,3.068522125569879324e-03
4.843648119000000252e-01,3.068497966603350637e-03
4.843776967000000266e-01,3.068474248988136387e-03
4.843862863999999768e-01,3.068460706945335889e-03
4.844163491999999849e-01,3.068412695678526033e-03
4.844206436999999865e-01,3.068418490926980331e-03
4.844507043999999873e-01,3.068357984046182936e-03
4.844549986000000197e-01,3.068351144657655190e-03
4.844678810999999974e-01,3.068330942426390588e-03
4.844893511000000208e-01,3.068296435402012058e-03
4.845194073999999906e-01,3.068248565992642927e-03
4.845365817000000241e-01,3.068221212283768137e-03
4.845537552999999997e-01,3.068200313995128603e-03
4.845580486000000131e-01,3.068187021350752327e-03
4.845709282999999812e-01,3.068166507650473517e-03
4.846052726000000255e-01,3.068114752808668091e-03
4.846524918999999820e-01,3.068036591187339214e-03
4.846610767000000264e-01,3.068025041250606929e-03
4.846739536999999931e-01,3.068002405809314333e-03
4.846868302999999822e-01,3.067981893348980301e-03
4.846911224000000074e-01,3.067975056698317177e-03
4.846954144999999770e-01,3.067993480976317563e-03
4.847211663000000059e-01,3.067927197749131113e-03
4.847297499000000065e-01,3.067913523971661869e-03
4.847597913999999730e-01,3.067865668572925236e-03
4.847769571000000166e-01,3.067838321445805119e-03
4.847898310000000044e-01,3.067824307022139728e-03
4.848284507000000243e-01,3.067756287208065098e-03
4.848456139000000276e-01,3.067754200477402268e-03
4.848627765999999895e-01,3.067701736511407352e-03
4.848670672000000015e-01,3.067695078142174646e-03
4.848756482000000090e-01,3.067681098500261820e-03
4.848799387000000127e-01,3.067674256979411110e-03
4.849142610000000131e-01,3.067619573584721548e-03
4.849614501999999772e-01,3.067545859172395202e-03
4.849657399999999785e-01,3.067540736243793906e-03
4.849957668000000055e-01,3.067490175922044700e-03
4.850043455999999975e-01,3.067488663560695265e-03
4.850172133999999802e-01,3.067455532875975732e-03
4.850343699999999925e-01,3.067434688312520221e-03
4.850386590999999914e-01,3.067421360685788825e-03
4.850729702000000088e-01,3.067366685750605795e-03
4.850858362000000090e-01,3.067346183816526545e-03
4.850987018999999845e-01,3.067325682379635522e-03
4.851072787999999858e-01,3.067312014427958384e-03
4.851716010000000079e-01,3.067234756799543886e-03
4.851758889000000186e-01,3.067202675428530156e-03
4.852016150999999833e-01,3.067161675451924099e-03
4.852101902000000022e-01,3.067148008666299459e-03
4.852402020000000094e-01,3.067100178009593298e-03
4.852744988000000093e-01,3.067046143067235497e-03
4.852787856999999927e-01,3.067045051767611046e-03
4.852873595000000151e-01,3.067037999658053272e-03
4.852916462999999903e-01,3.067018185146962346e-03
4.853259395000000254e-01,3.066964999040951677e-03
4.853387988000000264e-01,3.066943029794123692e-03
4.853473715000000133e-01,3.066935709992950083e-03
4.853559440999999919e-01,3.066915701125660487e-03
4.853816608000000032e-01,3.066874709801463948e-03
4.853945185999999912e-01,3.066854225290711802e-03
4.854245188999999905e-01,3.066806392216831108e-03
4.854288044999999774e-01,3.066799561154240523e-03
4.854459466000000112e-01,3.066772704198956253e-03
4.854802288999999771e-01,3.066717585173345164e-03
4.854930841000000274e-01,3.066712798326588080e-03
4.854973691000000202e-01,3.066713820041647859e-03
4.855102238999999820e-01,3.066693326883310027e-03
4.855316478000000213e-01,3.066671791707685935e-03
4.855445017000000196e-01,3.066615122787144133e-03
4.855487862000000265e-01,3.066614780836425958e-03
4.855616395999999835e-01,3.066611357450166157e-03
4.855873454999999894e-01,3.066546818369999226e-03
4.856001978999999746e-01,3.066553066901380343e-03
4.856344691999999741e-01,3.066471686810666800e-03
4.856473204000000266e-01,3.066462974679916038e-03
4.856516040000000145e-01,3.066444367700176931e-03
4.856901551000000206e-01,3.066383527583443729e-03
4.856987215999999941e-01,3.066372186109361363e-03
4.857030048000000044e-01,3.066385965786514161e-03
4.857244202000000066e-01,3.066353498214500432e-03
4.857372689000000188e-01,3.066307778344717124e-03
4.857672480999999931e-01,3.066307078405204525e-03
4.857715307000000093e-01,3.066253146086503258e-03
4.857886605999999774e-01,3.066225830846782113e-03
4.858186366000000200e-01,3.066184516772193624e-03
4.858400467999999806e-01,3.066159632676535452e-03
4.858871461000000003e-01,3.066068776621333567e-03
4.858914276999999893e-01,3.066061949620542924e-03
4.859042720000000259e-01,3.066041699758889974e-03
4.859213973000000020e-01,3.066037713304221000e-03
4.859256785000000134e-01,3.066013633093745208e-03
4.859299597000000248e-01,3.066003680440283416e-03
4.859984534999999828e-01,3.065891259542623346e-03
4.860112951000000181e-01,3.065894323627243925e-03
4.860455375000000133e-01,3.065816162378498088e-03
4.860797774000000238e-01,3.065764492310795765e-03
4.860968964999999864e-01,3.065737485420357792e-03
4.861011761999999847e-01,3.065727415982808391e-03
4.861097354999999731e-01,3.065760850039469208e-03
4.861140150000000104e-01,3.065707564259685398e-03
4.861354123000000138e-01,3.065685416875557796e-03
4.861482502000000205e-01,3.065652328009837481e-03
4.861995983999999882e-01,3.065570417230446907e-03
4.862167132999999919e-01,3.065590196177756313e-03
4.862381060000000033e-01,3.065508988239022507e-03
4.862509412000000086e-01,3.065488512314521428e-03
4.862680542999999744e-01,3.065463331848933791e-03
4.863065563999999785e-01,3.065399786400745206e-03
4.863151121000000021e-01,3.065386136520457938e-03
4.863322228999999997e-01,3.065382375071303185e-03
4.863407779999999736e-01,3.065345256775353286e-03
4.863536104999999776e-01,3.065337322506432594e-03
4.863707199999999786e-01,3.065297651339598389e-03
4.863835517000000275e-01,3.065283427819955053e-03
4.863878287999999772e-01,3.065270120528308401e-03
4.864049369999999817e-01,3.065242823624191558e-03
4.864092139999999787e-01,3.065235999975587065e-03
4.864348749999999888e-01,3.065195055826787363e-03
4.864434283999999886e-01,3.065181408339425363e-03
4.864562581999999913e-01,3.065172709137343153e-03
4.864690876000000164e-01,3.065143407655275629e-03
4.864733640000000192e-01,3.065133641452097001e-03
4.865204019000000102e-01,3.065058585067126102e-03
4.865460570999999845e-01,3.065018272514136773e-03
4.865588840999999776e-01,3.064997176336615742e-03
4.865759863999999935e-01,3.064969884595940622e-03
4.865802618000000246e-01,3.064975666701357914e-03
4.865888125999999758e-01,3.064965104117583702e-03
4.866144641999999854e-01,3.064911660867904696e-03
4.866272893999999960e-01,3.064888013584236588e-03
4.866401143999999901e-01,3.064867546276726310e-03
4.866785871000000041e-01,3.064819109117660530e-03
4.867127824999999963e-01,3.064751571218568213e-03
4.867170567999999919e-01,3.064744750139416617e-03
4.867298793000000012e-01,3.064739969689616716e-03
4.867640711999999814e-01,3.064669713129038794e-03
4.868153544000000110e-01,3.064596259190337322e-03
4.868196277999999877e-01,3.064581037905221312e-03
4.868324475999999956e-01,3.064560574346359128e-03
4.868452670999999787e-01,3.064540346085788645e-03
4.868495401999999861e-01,3.064533427612818779e-03
4.868666321999999824e-01,3.064507478954801769e-03
4.868794508000000021e-01,3.064532593709971831e-03
4.869563553999999850e-01,3.064362783359383599e-03
4.869691716999999809e-01,3.064348680450362447e-03
4.869819875999999992e-01,3.064328342895095841e-03
4.869862595000000183e-01,3.064316297358881964e-03
4.869990750000000035e-01,3.064294607961356130e-03
4.870375192999999991e-01,3.064244969982604042e-03
4.870588759999999739e-01,3.064211711976867931e-03
4.871229403999999819e-01,3.064096830609408604e-03
4.871272110000000044e-01,3.064090011179314201e-03
4.871357523000000023e-01,3.064076374441743449e-03
4.871528341999999956e-01,3.064049100507421509e-03
4.871571046000000016e-01,3.064042282046645482e-03
4.871613750000000076e-01,3.064035463261518665e-03
4.871741857999999925e-01,3.064015008147528019e-03
4.871912663999999893e-01,3.063987735842918503e-03
4.871955365000000260e-01,3.063980917328982308e-03
4.872040765000000273e-01,3.063990796346498235e-03
4.872254259000000087e-01,3.063933191407207379e-03
4.872723911999999880e-01,3.063859666472593200e-03
4.872937375999999987e-01,3.063827347960698319e-03
4.873108139999999810e-01,3.063809434413690587e-03
4.873278898000000248e-01,3.063770039229680650e-03
4.873321587000000177e-01,3.063769108710787375e-03
4.873449650000000188e-01,3.063742302971977742e-03
4.873663081999999869e-01,3.063708354587315295e-03
4.873791136999999773e-01,3.063711278530644941e-03
4.873961870999999890e-01,3.063660501738152929e-03
4.874260642000000088e-01,3.063612785862325147e-03
4.874303321999999827e-01,3.063605969236703110e-03
4.874346002000000122e-01,3.063600405810198470e-03
4.875327529999999854e-01,3.063526943549351941e-03
4.875370200999999959e-01,3.063469393807179662e-03
4.875455541000000004e-01,3.063421939671700893e-03
4.875498211000000026e-01,3.063436269201661507e-03
4.875626216999999762e-01,3.063418184397379354e-03
4.875711553000000031e-01,3.063408481503725016e-03
4.876010217000000257e-01,3.063375616999384002e-03
4.876138210000000028e-01,3.063319370954846379e-03
4.876394184999999770e-01,3.063356554510905660e-03
4.876522167999999824e-01,3.063251563004076427e-03
4.876735466000000074e-01,3.063217490554520205e-03
4.876863439999999938e-01,3.063240787585499048e-03
4.876991410000000027e-01,3.063176604275106869e-03
4.877034066000000001e-01,3.063172965677892542e-03
4.877332649000000186e-01,3.063122091351532829e-03
4.877417955000000194e-01,3.063150731118314488e-03
4.877503259000000035e-01,3.063094834218163445e-03
4.877545911000000234e-01,3.063135022333870246e-03
4.877716514000000059e-01,3.063060765823703759e-03
4.878057700999999802e-01,3.063048522043286277e-03
4.878100348000000142e-01,3.062999443526628895e-03
4.878185641000000183e-01,3.062985971925011666e-03
4.878398864999999862e-01,3.062976923972653837e-03
4.878441508999999954e-01,3.062944935752059342e-03
4.878782646000000001e-01,3.062932694320118308e-03
4.878910565999999838e-01,3.062870339817509290e-03
4.879422213999999869e-01,3.062794712857109906e-03
4.879550116999999965e-01,3.062791299005135359e-03
4.879592750999999784e-01,3.062845508510778861e-03
4.880061696999999921e-01,3.062686058024924503e-03
4.880232212000000236e-01,3.062658809846280535e-03
4.880445346999999767e-01,3.062624750824353981e-03
4.880487973000000035e-01,3.062702448177325593e-03
4.880615849000000117e-01,3.062597504579978730e-03
4.880743720999999868e-01,3.062577069485687090e-03
4.880786343999999888e-01,3.062570258375633958e-03
4.880828966999999907e-01,3.062565034293852646e-03
4.881084696999999917e-01,3.062524058920918120e-03
4.881169937000000014e-01,3.062534123667181966e-03
4.881468266999999805e-01,3.062482404499183332e-03
4.881638731999999870e-01,3.062481016582056185e-03
4.882277925999999879e-01,3.062331877459465064e-03
4.882533580000000262e-01,3.062312139168639046e-03
4.882789220000000041e-01,3.062263096050348195e-03
4.882874430999999960e-01,3.062236537276560346e-03
4.883002243999999825e-01,3.062216107190568904e-03
4.883172655999999945e-01,3.062188985662915846e-03
4.883513461999999805e-01,3.062134392781618638e-03
4.883556061000000059e-01,3.062128834428560868e-03
4.883683856000000101e-01,3.062149395296445004e-03
4.883811647999999894e-01,3.062110212368243482e-03
4.883896840999999989e-01,3.062073109109620002e-03
4.884024626999999841e-01,3.062061068907688619e-03
4.884195003999999840e-01,3.062025446378585473e-03
4.884237597000000153e-01,3.062018705733798342e-03
4.884578328999999997e-01,3.061964168267089850e-03
4.884706097000000025e-01,3.061946916548020491e-03
4.884919037000000075e-01,3.061951934659507598e-03
4.885046796999999996e-01,3.061889276715879307e-03
4.885387472000000120e-01,3.061837747038195171e-03
4.885685544000000213e-01,3.061787156181748799e-03
4.885941019000000218e-01,3.061746311025551406e-03
4.886068752000000126e-01,3.061772845981412458e-03
4.886239057000000274e-01,3.061747353967225402e-03
4.886537076999999951e-01,3.061651009006560991e-03
4.886749937000000044e-01,3.061616996152058921e-03
4.886962787999999946e-01,3.061608090238175824e-03
4.887090493999999841e-01,3.061562518833318633e-03
4.887260762999999786e-01,3.061535293063044529e-03
4.887643848000000069e-01,3.061516256365142893e-03
4.887771536000000139e-01,3.061453616455869862e-03
4.887899220999999961e-01,3.061433198123581032e-03
4.888239697999999800e-01,3.061378984617566749e-03
4.888282255999999992e-01,3.061372362307149698e-03
4.888409926999999766e-01,3.061398473710961847e-03
4.888452483999999876e-01,3.061344722329487154e-03
4.888665260000000234e-01,3.061317038697852246e-03
4.889133335999999996e-01,3.061278050842908185e-03
4.889643913999999758e-01,3.061154313410685817e-03
4.889686458999999985e-01,3.061147373502896753e-03
4.889771548999999884e-01,3.061136407498272864e-03
4.889814094000000111e-01,3.061126958765057748e-03
4.889984269000000050e-01,3.061112311798008800e-03
4.890154436999999965e-01,3.061072523017739546e-03
4.890282060000000208e-01,3.061052110495389618e-03
4.890324600000000022e-01,3.061045306049177406e-03
4.890452217999999851e-01,3.061024894163101931e-03
4.890707444999999876e-01,3.061026276814792554e-03
4.890835052999999988e-01,3.060987124078217141e-03
4.890962657999999852e-01,3.060943246587142629e-03
4.891047726000000151e-01,3.060929639279159117e-03
4.891132792999999812e-01,3.060916031720719698e-03
4.891175325000000074e-01,3.060909228508048967e-03
4.891515573999999922e-01,3.060854800274375852e-03
4.891728216999999823e-01,3.060820784253591876e-03
4.892068426999999775e-01,3.060766360510259153e-03
4.892195999999999767e-01,3.060745951794765097e-03
4.892366092000000055e-01,3.060760940055639277e-03
4.892493656999999940e-01,3.060698344575365788e-03
4.892706257000000170e-01,3.060670661768392399e-03
4.893088916000000177e-01,3.060616292253451852e-03
4.893344003999999803e-01,3.060609208248144582e-03
4.893386518000000240e-01,3.060558833938073226e-03
4.893854141999999796e-01,3.060480667476733144e-03
4.893896650999999820e-01,3.060473865699606805e-03
4.894109191000000081e-01,3.060482049899118043e-03
4.894236711000000128e-01,3.060420188249593325e-03
4.894534242999999951e-01,3.060371847008577523e-03
4.894576746000000034e-01,3.060365045491705675e-03
4.894789257000000116e-01,3.060331041146637215e-03
4.895129254000000207e-01,3.060276771560917815e-03
4.895426732000000003e-01,3.060229032445921631e-03
4.895724191999999975e-01,3.060230268144389226e-03
4.895766684999999785e-01,3.060321142407053992e-03
4.895894161000000078e-01,3.060300740226650548e-03
4.895936652999999805e-01,3.060180248650967022e-03
4.896106613999999801e-01,3.060193484547386270e-03
4.896276569999999939e-01,3.060105594994054490e-03
4.896404033000000267e-01,3.060145883949754765e-03
4.896786402000000149e-01,3.060048061780942016e-03
4.896828885999999770e-01,3.060010976881302573e-03
4.897083779999999997e-01,3.059976762759488659e-03
4.897168741999999853e-01,3.059950245038722035e-03
4.897253702000000097e-01,3.060083135002017712e-03
4.897296180999999859e-01,3.059929849115626196e-03
4.897466095999999935e-01,3.059902652602415445e-03
4.897805907000000181e-01,3.059994742296817238e-03
4.897848382000000167e-01,3.059869581155797314e-03
4.897975803999999878e-01,3.059822318958661368e-03
4.898315580000000002e-01,3.059766706022242627e-03
4.898442989999999830e-01,3.059819523298930744e-03
4.898612864999999927e-01,3.059742776903219118e-03
4.898782734000000083e-01,3.059694836907116914e-03
4.898867666000000232e-01,3.059678310330054326e-03
4.898995060999999929e-01,3.059657917348203825e-03
4.899164917000000119e-01,3.059667341012305489e-03
4.899504611000000120e-01,3.059576347482527610e-03
4.899547070999999976e-01,3.059582108557930800e-03
4.899844280000000274e-01,3.059606299759653602e-03
4.899886737999999964e-01,3.059515173648056936e-03
4.899971651000000206e-01,3.059550394145813933e-03
4.900141472000000276e-01,3.059474392300548344e-03
4.900353740999999763e-01,3.059440408639677294e-03
4.900523549999999950e-01,3.059413222894063426e-03
4.900693352000000114e-01,3.059386172800403203e-03
4.900863148999999863e-01,3.059438523492270193e-03
4.901032940000000226e-01,3.059333779017283424e-03
4.901372504000000019e-01,3.059300738830636034e-03
4.901542277000000003e-01,3.059250116183021440e-03
4.901839365999999809e-01,3.059348960721790679e-03
4.901881806000000230e-01,3.059195751988355496e-03
4.901924245000000013e-01,3.059231111263921183e-03
4.902009123000000135e-01,3.059175366004699120e-03
4.902518357999999798e-01,3.059093824279020182e-03
4.902603226000000203e-01,3.059080234031823914e-03
4.902900251000000265e-01,3.059118421727389115e-03
4.902942680999999858e-01,3.059026187855798471e-03
4.903069970999999749e-01,3.059005491243975243e-03
4.903409394000000088e-01,3.058954065999546553e-03
4.903748793000000106e-01,3.058896782960459238e-03
4.903918483999999967e-01,3.058870073406774574e-03
4.904045747999999927e-01,3.058995603251901240e-03
4.904088168999999886e-01,3.058884576294900251e-03
4.904215429000000070e-01,3.058832469663263619e-03
4.904300267000000213e-01,3.058808462666104747e-03
4.904554771999999896e-01,3.058767701517734090e-03
4.904597189000000079e-01,3.058760908927589221e-03
4.904724435000000216e-01,3.058746982664457825e-03
4.904978918999999826e-01,3.058699768843015521e-03
4.905275799000000103e-01,3.058701004124881901e-03
4.905318209000000262e-01,3.058648591511879591e-03
4.905445437000000020e-01,3.058625047548119667e-03
4.905572662000000084e-01,3.058604668499343912e-03
4.905996719999999867e-01,3.058536744006445582e-03
4.906081527999999747e-01,3.058523159018027102e-03
4.906335941000000145e-01,3.058500656620735236e-03
4.906463141999999888e-01,3.058462030002680101e-03
4.906590341000000022e-01,3.058587991150418448e-03
4.907014310999999740e-01,3.058373737602701654e-03
4.907141494999999742e-01,3.058400211461715940e-03
4.907268676000000052e-01,3.058332987949370727e-03
4.907650197999999797e-01,3.058271866954777925e-03
4.907989303999999997e-01,3.058254430181202559e-03
4.908116462000000069e-01,3.058198631623718425e-03
4.908286002000000203e-01,3.058170004904659824e-03
4.908370770000000105e-01,3.058156423167624448e-03
4.908497918999999987e-01,3.058136052063281131e-03
4.908667445000000074e-01,3.058133178169891806e-03
4.908709826000000054e-01,3.058102100077511425e-03
4.909006481000000033e-01,3.058054569602339842e-03
4.909175989999999823e-01,3.058027409973090253e-03
4.909303118000000188e-01,3.058007272918632745e-03
4.909387868000000266e-01,3.057993459655711666e-03
4.909472617000000261e-01,3.058126170669214425e-03
4.909642109999999837e-01,3.057952721929483274e-03
4.909684482000000183e-01,3.057949097395217235e-03
4.909853967999999735e-01,3.057931318581225046e-03
4.910150553000000029e-01,3.057894666138505704e-03
4.910192921000000044e-01,3.057864471350950873e-03
4.910828395999999874e-01,3.057762626398938689e-03
4.911040202999999993e-01,3.057801816186119740e-03
4.911082562999999901e-01,3.057764007233269247e-03
4.911209642000000097e-01,3.057701530066475864e-03
4.911548501999999927e-01,3.057647223576509445e-03
4.911717923000000208e-01,3.057620071624606028e-03
4.911760278000000257e-01,3.057613283536874792e-03
4.912056747999999917e-01,3.057565836203111464e-03
4.912691981999999791e-01,3.057503739749490440e-03
4.912861364000000175e-01,3.057436807332228595e-03
4.912903708999999952e-01,3.057431483354860254e-03
4.913115425999999841e-01,3.057396708918096520e-03
4.913242452000000093e-01,3.057422541742950590e-03
4.913369475000000097e-01,3.057355363806820055e-03
4.913454154999999934e-01,3.057366868317971942e-03
4.913581171999999997e-01,3.057363531718186849e-03
4.913708185999999811e-01,3.057301071172134274e-03
4.914131541999999797e-01,3.057239534001543295e-03
4.914427868999999838e-01,3.057331915492243583e-03
4.914470200000000122e-01,3.057178919118515043e-03
4.914766507000000173e-01,3.057131884776957253e-03
4.915105122000000271e-01,3.057077134888148886e-03
4.915274420999999894e-01,3.057049992968848690e-03
4.915486036000000225e-01,3.057016067661608161e-03
4.915570678999999776e-01,3.057002497399298902e-03
4.915782282000000225e-01,3.056968571358923900e-03
4.916120825999999999e-01,3.056996119032755633e-03
4.916163143000000235e-01,3.057072335292054625e-03
4.916247774999999987e-01,3.056967041157597140e-03
4.916290090000000057e-01,3.057009890995122155e-03
4.916417034000000186e-01,3.056890201849748762e-03
4.916501661000000079e-01,3.056914599444729083e-03
4.916797846000000027e-01,3.056870330470106301e-03
4.917136321000000199e-01,3.056764004722466350e-03
4.917178629000000245e-01,3.056867411096857948e-03
4.917305550000000136e-01,3.056724335436743299e-03
4.917517076999999848e-01,3.056690417419072325e-03
4.917643989000000104e-01,3.056792784276221239e-03
4.917770898000000113e-01,3.056651178914623207e-03
4.917855502999999850e-01,3.056636284810770616e-03
4.918151606000000231e-01,3.056734816601962453e-03
4.918193905000000088e-01,3.056704593768055055e-03
4.918278501000000191e-01,3.056568318162564829e-03
4.918320798999999965e-01,3.056562157906660051e-03
4.918532283000000005e-01,3.056527619868096377e-03
4.918659168999999776e-01,3.056510432936226495e-03
4.918828345999999851e-01,3.056562529727733114e-03
4.918955224000000070e-01,3.056459793300094971e-03
4.919166681000000096e-01,3.056425880722786134e-03
4.919208970999999764e-01,3.056419098750240079e-03
4.919547280000000078e-01,3.056487533314786089e-03
4.919674139999999918e-01,3.056367887104188222e-03
4.919843280999999791e-01,3.056317367790353096e-03
4.920139264000000234e-01,3.056416013318445906e-03
4.920308389999999976e-01,3.056243002055526476e-03
4.920350669999999926e-01,3.056358668663939227e-03
4.920688899999999810e-01,3.056181737124268136e-03
4.920815731000000026e-01,3.056161393563414010e-03
4.920858007000000200e-01,3.056154613350901047e-03
4.920900281999999737e-01,3.056160360648792988e-03
4.920984833000000003e-01,3.056147155076534890e-03
4.921196201999999964e-01,3.056100365337946923e-03
4.921238474999999890e-01,3.056338922269054553e-03
4.921576643999999723e-01,3.056081402940438816e-03
4.921872522999999888e-01,3.055991877262923418e-03
4.922041589000000217e-01,3.055964755254967496e-03
4.922210649000000049e-01,3.056002867769171995e-03
4.922337439999999731e-01,3.055917295065223131e-03
4.922379702999999940e-01,3.055910537773082799e-03
4.922717793999999980e-01,3.055859200533835810e-03
4.923013605000000070e-01,3.055855587031031106e-03
4.923182630999999865e-01,3.055781702531145706e-03
4.923267142000000152e-01,3.055831044798284612e-03
4.923393905999999820e-01,3.055747806749045756e-03
4.923562919999999732e-01,3.055720690225517417e-03
4.923605172000000141e-01,3.055715157016268557e-03
4.923731927000000175e-01,3.055693642216696006e-03
4.924281161999999878e-01,3.055605451427365407e-03
4.924365654999999786e-01,3.055664919781356150e-03
4.924407900000000171e-01,3.055749792575631393e-03
4.924745851999999813e-01,3.055543413521713807e-03
4.925252735999999798e-01,3.055455994883016571e-03
4.925421684999999883e-01,3.055422444875622364e-03
4.925632864000000222e-01,3.055633775362289872e-03
4.925759566999999839e-01,3.055368225374827888e-03
4.925886266999999763e-01,3.055347892826063873e-03
4.925928500000000265e-01,3.055341581058601888e-03
4.926224116999999847e-01,3.055293676279525160e-03
4.926266347000000101e-01,3.055286898664002961e-03
4.926308576000000272e-01,3.055280122148689662e-03
4.926435262000000148e-01,3.055275374674928327e-03
4.926604171000000254e-01,3.055378697543228560e-03
4.926941972000000169e-01,3.055423654421261792e-03
4.927068640999999749e-01,3.055158142791577700e-03
4.927321969999999829e-01,3.055201558596640742e-03
4.927744156000000153e-01,3.055052646897881124e-03
4.927786371999999804e-01,3.055042949012095038e-03
4.927955234999999989e-01,3.055019004250733843e-03
4.928124092000000234e-01,3.054988743951812281e-03
4.928292942999999982e-01,3.054961642323135353e-03
4.928335154999999856e-01,3.055016152652896642e-03
4.928419578000000079e-01,3.054941315356022365e-03
4.928588419000000109e-01,3.054914237048318194e-03
4.928672836999999918e-01,3.054909009473312075e-03
4.928926083999999874e-01,3.054933002129531488e-03
4.928968289999999808e-01,3.054853861379541215e-03
4.929305929000000197e-01,3.054799040781001809e-03
4.929601344000000274e-01,3.054755910134013003e-03
4.929685744999999786e-01,3.054738205416794236e-03
4.929812344000000235e-01,3.054840299319943903e-03
4.929938938999999798e-01,3.054744155562995941e-03
4.929981137000000180e-01,3.054690650226976958e-03
4.930318706999999856e-01,3.054720503946955264e-03
4.930360900999999907e-01,3.054629685023080472e-03
4.931331275999999986e-01,3.054619830844968950e-03
4.931373461999999930e-01,3.054712183220695352e-03
4.931500017000000069e-01,3.054446802177882871e-03
4.931626570000000043e-01,3.054426715417105174e-03
4.931837483000000022e-01,3.054392618644147586e-03
4.932006206999999809e-01,3.054365528863674500e-03
4.932638870000000120e-01,3.054263943437011443e-03
4.932681045000000264e-01,3.054269682828860376e-03
4.932723218999999770e-01,3.054252502951343255e-03
4.932849739999999872e-01,3.054233002855624539e-03
4.933018430000000176e-01,3.054448012420164262e-03
4.933060600999999989e-01,3.054196222739854680e-03
4.933144943000000171e-01,3.054182679189966325e-03
4.933397959999999971e-01,3.054184058039272759e-03
4.933524463000000249e-01,3.054145091397828405e-03
4.933650962999999723e-01,3.054101420825362876e-03
4.933819624999999931e-01,3.054110809944430172e-03
4.934030444999999987e-01,3.054046913234530029e-03
4.934409896999999989e-01,3.053980163614340802e-03
4.934494215999999933e-01,3.053966000124573067e-03
4.934747163000000048e-01,3.054047861524061564e-03
4.934873631999999732e-01,3.053905072703589230e-03
4.935168714000000012e-01,3.053857672393450046e-03
4.935379475000000182e-01,3.053823822401217653e-03
4.935421627000000089e-01,3.053817052403005883e-03
4.935716674999999776e-01,3.053769730739671045e-03
4.935758823999999989e-01,3.053762893421820696e-03
4.935885266999999743e-01,3.053742584205214501e-03
4.936095998000000207e-01,3.053708735582214961e-03
4.936391005999999915e-01,3.053734277482596151e-03
4.936517433000000010e-01,3.054039201004092423e-03
4.936559575000000200e-01,3.053725156599752452e-03
4.936685996999999881e-01,3.054012117065981954e-03
4.936770276999999929e-01,3.053612934796500877e-03
4.936896693999999752e-01,3.053978262863354942e-03
4.937191655000000012e-01,3.053643945090613824e-03
4.937402329999999728e-01,3.053499129415644317e-03
4.937570863999999893e-01,3.053674033791973271e-03
4.937781522999999950e-01,3.053437981586578070e-03
4.938034302000000042e-01,3.053531042540830621e-03
4.938076430000000183e-01,3.053390605031589943e-03
4.938455572000000071e-01,3.053452128540521879e-03
4.938539820999999774e-01,3.053329018906383429e-03
4.938581945000000140e-01,3.053707458038107999e-03
4.938918927000000014e-01,3.053255250703853455e-03
4.939045288999999728e-01,3.053380760998243657e-03
4.939129528000000269e-01,3.053221414505144678e-03
4.939213766000000172e-01,3.053605919425111601e-03
4.939424356000000071e-01,3.053174045034724293e-03
4.939719164999999967e-01,3.053126677242206516e-03
4.939803393000000153e-01,3.053155122448786458e-03
4.939887620000000257e-01,3.053099609830811374e-03
4.939929733000000267e-01,3.053192656435341559e-03
4.940435058000000046e-01,3.053256462517628649e-03
4.940603487999999932e-01,3.052984581951607903e-03
4.940729806999999973e-01,3.053362256115997337e-03
4.940814017999999863e-01,3.052950752140861767e-03
4.940940330999999963e-01,3.052966292486241229e-03
4.941235051000000267e-01,3.052883117032396520e-03
4.941487653000000146e-01,3.052842501581461750e-03
4.941613948999999950e-01,3.053021171721868442e-03
4.941782338999999857e-01,3.052940912042571755e-03
4.941824436000000209e-01,3.052788446711242505e-03
4.941950723999999906e-01,3.052768084410560981e-03
4.942497933000000176e-01,3.052805673900595932e-03
4.942582113999999804e-01,3.052865557027668441e-03
4.943129252999999834e-01,3.052627064964704220e-03
4.943255508000000131e-01,3.052558614494013754e-03
4.943297591999999963e-01,3.052552590924656473e-03
4.943634251999999840e-01,3.052895350606558891e-03
4.943970887999999952e-01,3.052443398013443554e-03
4.944475799999999976e-01,3.052362237922935997e-03
4.944517874000000091e-01,3.052355475393145941e-03
4.944602020000000153e-01,3.052414809764426341e-03
4.944644093000000185e-01,3.052579886859532569e-03
4.944770309000000030e-01,3.052426008657364333e-03
4.944812379999999896e-01,3.052308133597976970e-03
4.945106867999999878e-01,3.052260794137844676e-03
4.945148936000000051e-01,3.052254031796202728e-03
4.945191004000000223e-01,3.052259763923282146e-03
4.945485470000000050e-01,3.052199931879580677e-03
4.945527534999999975e-01,3.052194412077986144e-03
4.945990227000000017e-01,3.052516524676565993e-03
4.946116408999999825e-01,3.052098499894811794e-03
4.946536990000000023e-01,3.052114777081806323e-03
4.946621102000000048e-01,3.052017359356903794e-03
4.946873428999999933e-01,3.052099111066046075e-03
4.947293945999999831e-01,3.052008599555915483e-03
4.947504191000000051e-01,3.051900704181989381e-03
4.947672379999999981e-01,3.051848342446447301e-03
4.947798519000000117e-01,3.051840896575948141e-03
4.948008742000000182e-01,3.051794314025210817e-03
4.948176913999999815e-01,3.051767205728975457e-03
4.948513241999999979e-01,3.051713123132475738e-03
4.948639358999999960e-01,3.051695758617680929e-03
4.948681396999999871e-01,3.051908210519016593e-03
4.948891583000000205e-01,3.051652283871375375e-03
4.949185829000000147e-01,3.051666226673968845e-03
4.949311927999999750e-01,3.051584687967305934e-03
4.949522088000000153e-01,3.051563380200311530e-03
4.949564117999999957e-01,3.051544131260308830e-03
4.950026432999999892e-01,3.051511712403516194e-03
4.950152512000000060e-01,3.051648282483686303e-03
4.950194537000000006e-01,3.051442746045732700e-03
4.950488705000000156e-01,3.051541061879560566e-03
4.950530726999999853e-01,3.051388676523417512e-03
4.950572750000000188e-01,3.051381918035273380e-03
4.950698814000000225e-01,3.051361642442235525e-03
4.950908914000000105e-01,3.051327851626631574e-03
4.951034970000000035e-01,3.051307576051891582e-03
4.951203040000000111e-01,3.051281785954994101e-03
4.951539161999999883e-01,3.051226480897142618e-03
4.951581174999999946e-01,3.051341979184647377e-03
4.951707214000000135e-01,3.051331945472841086e-03
4.952001292000000054e-01,3.051152146843595560e-03
4.952211336999999824e-01,3.051118360066770469e-03
4.952547391000000077e-01,3.051070723767350217e-03
4.952589396000000033e-01,3.051063845693295466e-03
4.952673404999999862e-01,3.051090645895304047e-03
4.952841418999999745e-01,3.051017004777161357e-03
4.953345425999999829e-01,3.051333339285317980e-03
4.953555413999999879e-01,3.050974932545626357e-03
4.953597410999999728e-01,3.050937302618854981e-03
4.953723398000000055e-01,3.050875119549548414e-03
4.953891376999999818e-01,3.050848095519810045e-03
4.953933369999999892e-01,3.050853822145579118e-03
4.954059349000000112e-01,3.050903524287495137e-03
4.954185325000000084e-01,3.050800815364714761e-03
4.954269306999999900e-01,3.050787360262156162e-03
4.954605221000000226e-01,3.050733247981186717e-03
4.954731183000000150e-01,3.050712982442960446e-03
4.954941111999999759e-01,3.050679206205441762e-03
4.955067065000000048e-01,3.050857608434974846e-03
4.955193015000000090e-01,3.050639138640644926e-03
4.955234997999999891e-01,3.050631920268833622e-03
4.955360944000000156e-01,3.050611655651179997e-03
4.955738761999999853e-01,3.050550862722881812e-03
4.956074576000000231e-01,3.050496826746239374e-03
4.956536282999999821e-01,3.050422531439110282e-03
4.956620225000000213e-01,3.050531211088656526e-03
4.956704165999999967e-01,3.050468278390048617e-03
4.956746135999999803e-01,3.050412057631707741e-03
4.956872043000000172e-01,3.050765757520514185e-03
4.956914011999999925e-01,3.050987555079069311e-03
4.956955980000000150e-01,3.050564008387309043e-03
4.957081882000000106e-01,3.050960528828349731e-03
4.957249745999999790e-01,3.050349615535838822e-03
4.957291711999999850e-01,3.050613855751250873e-03
4.957375641000000277e-01,3.050293874470653369e-03
4.957585458000000056e-01,3.050566572205573503e-03
4.957753306000000082e-01,3.050232974817692656e-03
4.957963107000000202e-01,3.050818649386000548e-03
4.958088983000000227e-01,3.050172655589365647e-03
4.958424638000000217e-01,3.050281298342806795e-03
4.958592457000000064e-01,3.050091624391726257e-03
4.958760269999999970e-01,3.050461788444014475e-03
4.958970028999999946e-01,3.050343686560198515e-03
4.959263675999999732e-01,3.050105741379988654e-03
4.959557305999999777e-01,3.049939238710715032e-03
4.959599251999999847e-01,3.050555196310463912e-03
4.959934804000000197e-01,3.050021036861479129e-03
4.960312273999999966e-01,3.050127587261291379e-03
4.960605841999999877e-01,3.049767612063952141e-03
4.960647778000000230e-01,3.049760794453653355e-03
4.960731650999999909e-01,3.049945835449713837e-03
4.960773587000000262e-01,3.049740563935310345e-03
4.960899391999999963e-01,3.049766860281054488e-03
4.960983259999999784e-01,3.049790548277281788e-03
4.961109060000000182e-01,3.050312051905169734e-03
4.961234856999999776e-01,3.049666284858050698e-03
4.961276788000000271e-01,3.049659766271994345e-03
4.961654155999999927e-01,3.049598782637907759e-03
4.961779937999999945e-01,3.049578532725558816e-03
4.961905717999999799e-01,3.049558282172250799e-03
4.961989568999999878e-01,3.049762203451853153e-03
4.962241115000000091e-01,3.049504284464783950e-03
4.962283037999999924e-01,3.049510361257216917e-03
4.962660328999999870e-01,3.049436789252904338e-03
4.962744166999999984e-01,3.049423291178436288e-03
4.962786086000000041e-01,3.049516100494060068e-03
4.962953756999999855e-01,3.050014931518101567e-03
4.962995673999999746e-01,3.049398412198167999e-03
4.963121422999999810e-01,3.049362549112587771e-03
4.963247169000000181e-01,3.049390775282723783e-03
4.963289082999999824e-01,3.049335553290853911e-03
4.963414823999999781e-01,3.049315306411249597e-03
4.963624386000000110e-01,3.049281564009148886e-03
4.963917757999999902e-01,3.049234324297655195e-03
4.964001574999999944e-01,3.049533483736199205e-03
4.964127299000000160e-01,3.049200582662685202e-03
4.964462545000000171e-01,3.049146597824336450e-03
4.964630159999999792e-01,3.049119606166079879e-03
4.964797769000000027e-01,3.049256553737161347e-03
4.964923472000000171e-01,3.049270822204259296e-03
4.965132970000000201e-01,3.049151083306112821e-03
4.965426252999999845e-01,3.048991403282845514e-03
4.965677624000000012e-01,3.048950920113349151e-03
4.966012765999999745e-01,3.048896944673749974e-03
4.966305996000000000e-01,3.048849718991994591e-03
4.966347884999999795e-01,3.049155546797578577e-03
4.966641096000000144e-01,3.048941111957343460e-03
4.966682981000000163e-01,3.048789000328828210e-03
4.966766751999999729e-01,3.048775508571150566e-03
4.967018054999999821e-01,3.048735166133340491e-03
4.967143701999999772e-01,3.048913194684458542e-03
4.967269346000000030e-01,3.048700965450779326e-03
4.967436866000000117e-01,3.048667734658664329e-03
4.967646258000000259e-01,3.048796341264320506e-03
4.967688135000000171e-01,3.048749136239328750e-03
4.968316253000000238e-01,3.048529064308041006e-03
4.968693086000000037e-01,3.048486448242797905e-03
4.968818690999999843e-01,3.048444982590067884e-03
4.968944291999999874e-01,3.048424748274865346e-03
4.969028024000000099e-01,3.049036221396906211e-03
4.969153620000000271e-01,3.048391025704914447e-03
4.969279213000000195e-01,3.048370793012611206e-03
4.969446665999999735e-01,3.048565429312890835e-03
4.969823412000000107e-01,3.048283120290294374e-03
4.970116418000000147e-01,3.048308567514245240e-03
4.970283842000000063e-01,3.048208938606942336e-03
4.970325696999999820e-01,3.048202195046259382e-03
4.970493114000000268e-01,3.048800081341730608e-03
4.970660525000000218e-01,3.048392241350662141e-03
4.970786079999999774e-01,3.048129473091115444e-03
4.971288267999999788e-01,3.048047103698286846e-03
4.971330113999999911e-01,3.048040360440288851e-03
4.971832246999999816e-01,3.048091648079907182e-03
4.972041454000000194e-01,3.048081926381814369e-03
4.972334327999999859e-01,3.047891356036034043e-03
4.972376165999999875e-01,3.047896716446827671e-03
4.972669021000000189e-01,3.047852492963127116e-03
4.973045523999999884e-01,3.047763934706136917e-03
4.973171019000000026e-01,3.047743710335473494e-03
4.973338339999999747e-01,3.047716745309957207e-03
4.973505655000000081e-01,3.047689848148590983e-03
4.973672965000000001e-01,3.047855404672896243e-03
4.973714792000000218e-01,3.047697775123538524e-03
4.973840268999999981e-01,3.047682357131140541e-03
4.973965744000000133e-01,3.047615630554473699e-03
4.974174860999999725e-01,3.047581939060803671e-03
4.974300327000000244e-01,3.047958190976149742e-03
4.974676706000000226e-01,3.047502281629978996e-03
4.974802159999999751e-01,3.047480822577644868e-03
4.975053057000000112e-01,3.047440382311104000e-03
4.975178500999999920e-01,3.047420163197002256e-03
4.975387566999999733e-01,3.047698723035328818e-03
4.975680244999999835e-01,3.047339288121270803e-03
4.976056519000000011e-01,3.047278633452812392e-03
4.976181937999999971e-01,3.047258416196627680e-03
4.976349158000000217e-01,3.047231460156733969e-03
4.976516371999999966e-01,3.047205957983805009e-03
4.976725382000000142e-01,3.047254424908287049e-03
4.976850783999999805e-01,3.047363994357315219e-03
4.977059778999999851e-01,3.047116903706765557e-03
4.977185172999999963e-01,3.047421335013929602e-03
4.977310562999999743e-01,3.047491288529968843e-03
4.977352359000000170e-01,3.047546763203114357e-03
4.977477745000000176e-01,3.047291233050650541e-03
4.977686713999999735e-01,3.047492841131198716e-03
4.977979256999999769e-01,3.047922655402732304e-03
4.978021047000000254e-01,3.046961929106418478e-03
4.978188204999999811e-01,3.046934978628933373e-03
4.978313569999999744e-01,3.046938006348288118e-03
4.978355358000000064e-01,3.047861977302780169e-03
4.978814998000000158e-01,3.047310868933032421e-03
4.978856781000000065e-01,3.046827181988157832e-03
4.979065692999999904e-01,3.047417758062752943e-03
4.979191036000000237e-01,3.046779567881198556e-03
4.979358153999999814e-01,3.046984800714402745e-03
4.979483490000000123e-01,3.047122385709320150e-03
4.979859476999999868e-01,3.046665502735446639e-03
4.979984800000000211e-01,3.046963373189542825e-03
4.980068347000000117e-01,3.046753757650915665e-03
4.980694902000000202e-01,3.047484482553054416e-03
4.980736669999999977e-01,3.046524667316070564e-03
4.980861971000000166e-01,3.046587416773709200e-03
4.980987268000000023e-01,3.046483646907717068e-03
4.981029033000000106e-01,3.046669213992679159e-03
4.981196091000000270e-01,3.046449959629094623e-03
4.981363141999999855e-01,3.046423018555676886e-03
4.981404904000000244e-01,3.046416282967789532e-03
4.981488426999999830e-01,3.046879620044737075e-03
4.981989534999999858e-01,3.046321995186353302e-03
4.982073047999999726e-01,3.046316822078934741e-03
4.982156560000000067e-01,3.046295057112705269e-03
4.982198314999999877e-01,3.046486389703479281e-03
4.982323578999999780e-01,3.046271023390687525e-03
4.982365333000000063e-01,3.046579224663825084e-03
4.982699352000000137e-01,3.046213909534793707e-03
4.982741103000000171e-01,3.046200777576320382e-03
4.982866353000000026e-01,3.046227031936212231e-03
4.983075095999999760e-01,3.046770885563282721e-03
4.983325577000000117e-01,3.046583211438676740e-03
4.983367322000000210e-01,3.046221592973788125e-03
4.983659530999999809e-01,3.046052635546993119e-03
4.983868242000000226e-01,3.046018968331279907e-03
4.984369109999999825e-01,3.046414825147692254e-03
4.984744729000000207e-01,3.045880716736935803e-03
4.984828196000000156e-01,3.046009183591358391e-03
4.984995126000000276e-01,3.046035189120036794e-03
4.985078587999999811e-01,3.045865486688290394e-03
4.985203779999999862e-01,3.046011466281184181e-03
4.985328968000000138e-01,3.045783326515289890e-03
4.985370697000000018e-01,3.045776594233160980e-03
4.985495880999999962e-01,3.046232990073242421e-03
4.985537608000000231e-01,3.045749665415908945e-03
4.986080031999999829e-01,3.045662152944745606e-03
4.986205199000000032e-01,3.045641958674345177e-03
4.986372082000000150e-01,3.045615495476710656e-03
4.986705833000000254e-01,3.046037778872622351e-03
4.986747550000000251e-01,3.045798007604467571e-03
4.986872699000000075e-01,3.045534878387118165e-03
4.987039561000000121e-01,3.045519773578936155e-03
4.987373265999999750e-01,3.045453490853554466e-03
4.987414977999999888e-01,3.046070437389622899e-03
4.987498399999999998e-01,3.045456516520472865e-03
4.987873782999999728e-01,3.045570679688310023e-03
4.987998904000000011e-01,3.045835390177400580e-03
4.988207432999999802e-01,3.045321789078604680e-03
4.988707866000000046e-01,3.045383137471408420e-03
4.988749565999999747e-01,3.045231400898954898e-03
4.988999761999999838e-01,3.045191023881631525e-03
4.989375031000000127e-01,3.045475883408966817e-03
4.989500115000000124e-01,3.045110274902151134e-03
4.989708581000000254e-01,3.045700146883873263e-03
4.989750272999999847e-01,3.045069901614552189e-03
4.989875347000000128e-01,3.045049715988075445e-03
4.990042108000000143e-01,3.045022801684070784e-03
4.990083797000000043e-01,3.045016073278212273e-03
4.990208863000000217e-01,3.045117617987789377e-03
4.990333926000000142e-01,3.044975702526717468e-03
4.990375612999999877e-01,3.044972111029738745e-03
4.990750778999999970e-01,3.044908421374828075e-03
4.990834145999999971e-01,3.045232056778135292e-03
4.991084237000000257e-01,3.044854598567456935e-03
4.991501026999999868e-01,3.044787322580009767e-03
4.991542703999999886e-01,3.044780595237065336e-03
4.991709409000000264e-01,3.044753686365123460e-03
4.992084474999999855e-01,3.044855194777203004e-03
4.992209490999999777e-01,3.044696166251477810e-03
4.992376174000000000e-01,3.045122278994161040e-03
4.992667854999999766e-01,3.044743911273373963e-03
4.992709523000000149e-01,3.044592241938775916e-03
4.992834522999999858e-01,3.044572293016123681e-03
4.993001185000000008e-01,3.044545157576400343e-03
4.993084513000000113e-01,3.044532322697247797e-03
4.993376152999999817e-01,3.044497404160664313e-03
4.993417815000000259e-01,3.044478030237099918e-03
4.993709434999999974e-01,3.044430814906079995e-03
4.993751094000000168e-01,3.044505794058688028e-03
4.993876067999999946e-01,3.044601720791453078e-03
4.994001039000000031e-01,3.045336010949488761e-03
4.994167661999999730e-01,3.044358284241195731e-03
4.994542543000000112e-01,3.044919485222238788e-03
4.994834098000000000e-01,3.044249243143545836e-03
4.994875746999999921e-01,3.044242507490968041e-03
4.995333867000000261e-01,3.044168535790902404e-03
4.995667018000000126e-01,3.044114741232847345e-03
4.995708661000000106e-01,3.044584063401672286e-03
4.995750303000000003e-01,3.044101292674740791e-03
4.995875227000000085e-01,3.044081120347877194e-03
4.996083425999999772e-01,3.044050634740300219e-03
4.996374890999999985e-01,3.044000433945479641e-03
4.996707973000000247e-01,3.044019083999158128e-03
4.996999402000000257e-01,3.044120513042901117e-03
4.997082663999999896e-01,3.044041885887977927e-03
4.997207553999999941e-01,3.043890811957078012e-03
4.997374070000000224e-01,3.044082339279289163e-03
4.997498953999999771e-01,3.044294855817152295e-03
4.997707086000000021e-01,3.044255997869138933e-03
4.997748711000000177e-01,3.045190681201772210e-03
4.997873585000000007e-01,3.045170493552787436e-03
4.998081702000000126e-01,3.044430818785666751e-03
4.998206566999999767e-01,3.043788034912885913e-03
4.998373050000000095e-01,3.045089745811210055e-03
4.998747615999999949e-01,3.044087885624522944e-03
4.998830848999999965e-01,3.043616565385688644e-03
4.999038925000000022e-01,3.043570181902352338e-03
4.999080538999999823e-01,3.043563460207169679e-03
4.999205380000000254e-01,3.044249236243205727e-03
4.999330217999999881e-01,3.043523131649932944e-03
4.999371830000000072e-01,3.043754759155826387e-03
4.999496662999999841e-01,3.043496246052313208e-03
4.999704711999999884e-01,3.043774048148140815e-03
4.999746319999999744e-01,3.044867713066983211e-03
4.999871144999999961e-01,3.043435755560906959e-03
