q,I
2.039995199999999811e-03,2.645681193758483638e-03
2.884988900000000096e-03,2.645676300591064643e-03
4.079990399999999622e-03,2.645666514303521722e-03
4.561568000000000220e-03,2.645661621183399963e-03
5.769977800000000191e-03,2.645646941917617449e-03
6.119985599999999866e-03,2.645642048860552455e-03
6.451031299999999968e-03,2.645637155819253496e-03
7.355307299999999833e-03,2.645622476789939812e-03
8.159980799999999243e-03,2.645607797902506560e-03
8.411115699999999196e-03,2.645602904971557263e-03
8.654966599999999385e-03,2.645598012056370966e-03
9.123135799999999504e-03,2.645588226273289535e-03
1.019997589999999989e-02,2.645563762091459464e-03
1.040197520000000000e-02,2.645558869302382359e-03
1.098571020000000016e-02,2.645544191029736841e-03
1.153995529999999985e-02,2.645529512898956576e-03
1.189511369999999950e-02,2.645519727557258186e-03
1.223997100000000053e-02,2.645509942278606152e-03
1.240880609999999926e-02,2.645505049662922464e-03
1.290206219999999980e-02,2.645490371910454164e-03
1.306234239999999949e-02,2.645485479357822470e-03
1.368470339999999959e-02,2.645465909304917443e-03
1.427996599999999984e-02,2.645446339504216923e-03
1.442494390000000071e-02,2.645441447093439206e-03
1.471061409999999993e-02,2.645431662319183610e-03
1.485138870000000076e-02,2.645426769955695756e-03
1.553614000000000037e-02,2.645402308374687154e-03
1.593287120000000043e-02,2.645387631615216204e-03
1.631996089999999955e-02,2.645372954997595762e-03
1.644696630000000090e-02,2.645368062823235701e-03
1.682223050000000025e-02,2.645353386394744353e-03
1.730993239999999850e-02,2.645333818044077068e-03
1.742972569999999902e-02,2.645328925995806251e-03
1.754870130000000042e-02,2.645324033963297565e-03
1.824627070000000087e-02,2.645294682099216376e-03
1.835995569999999966e-02,2.645289790177029164e-03
1.847294110000000100e-02,2.645284898270601048e-03
1.880782519999999944e-02,2.645270222645869970e-03
1.924527490000000132e-02,2.645250655366866276e-03
1.935309240000000069e-02,2.645245763586514393e-03
2.009162109999999835e-02,2.645211521565292000e-03
2.019492059999999922e-02,2.645206629911011579e-03
2.039995039999999843e-02,2.645196846649723252e-03
2.050169640000000168e-02,2.645191955042716647e-03
2.080394890000000080e-02,2.645177280316240564e-03
2.100303430000000082e-02,2.645167497244055744e-03
2.129817330000000064e-02,2.645152822753955683e-03
2.168544450000000137e-02,2.645133256987767904e-03
2.197141860000000058e-02,2.645118582828569816e-03
2.206591980000000008e-02,2.645113691473693993e-03
2.243994499999999934e-02,2.645094126211740455e-03
2.253248119999999924e-02,2.645089234935641027e-03
2.280783739999999934e-02,2.645074561201898183e-03
2.307990860000000075e-02,2.645059887609956407e-03
2.325952140000000015e-02,2.645050105294109288e-03
2.379022509999999951e-02,2.645020758724741551e-03
2.387752890000000017e-02,2.645015867684987788e-03
2.447993949999999891e-02,2.644981630847909309e-03
2.456479220000000116e-02,2.644976739934203156e-03
2.464935279999999965e-02,2.644971849036252196e-03
2.481760959999999849e-02,2.644962067287611514e-03
2.490131170000000130e-02,2.644957176436924830e-03
2.523334379999999863e-02,2.644937613191747795e-03
2.556106320000000112e-02,2.644918050198638657e-03
2.580412149999999905e-02,2.644903378119231770e-03
2.596489630000000173e-02,2.644893596811724763e-03
2.612468180000000056e-02,2.644883815567248501e-03
2.651993379999999928e-02,2.644859362731735979e-03
2.659827940000000085e-02,2.644854472211894889e-03
2.683194360000000153e-02,2.644839800746885856e-03
2.721692649999999866e-02,2.644815348620285431e-03
2.736940339999999888e-02,2.644805567879912004e-03
2.744532419999999931e-02,2.644800677533355911e-03
2.774693010000000085e-02,2.644781116304661776e-03
2.834051430000000121e-02,2.644741994603398271e-03
2.841384049999999897e-02,2.644737104461634524e-03
2.855992799999999832e-02,2.644727324225347453e-03
2.863269220000000045e-02,2.644722434130824997e-03
2.884988380000000005e-02,2.644707763941782711e-03
2.899377430000000047e-02,2.644697983894507207e-03
2.920828110000000047e-02,2.644683313941752906e-03
2.942122390000000143e-02,2.644668644130742860e-03
2.970277299999999829e-02,2.644649084603248670e-03
3.012016249999999867e-02,2.644619745784531316e-03
3.032670299999999999e-02,2.644605076587790322e-03
3.059992200000000162e-02,2.644585517879328475e-03
3.066784640000000048e-02,2.644580628241587766e-03
3.087072290000000135e-02,2.644565959422855595e-03
3.107227489999999856e-02,2.644551290745881123e-03
3.113916889999999993e-02,2.644546401218374285e-03
3.120591959999999970e-02,2.644541511706634349e-03
3.166923519999999964e-02,2.644507285565397218e-03
3.173487090000000344e-02,2.644502396179630298e-03
3.186573689999999681e-02,2.644492617455377649e-03
3.193096869999999948e-02,2.644487728116865898e-03
3.225514909999999819e-02,2.644463281660551328e-03
3.263991580000000226e-02,2.644433946432676007e-03
3.270360349999999749e-02,2.644429057283150669e-03
3.289392669999999935e-02,2.644414389929052034e-03
3.295712349999999763e-02,2.644409500842511036e-03
3.320870809999999784e-02,2.644389944653825243e-03
3.345840099999999873e-02,2.644370388717092422e-03
3.364445469999999966e-02,2.644355721929909225e-03
3.376792089999999802e-02,2.644345944150499304e-03
3.395227840000000080e-02,2.644331277599488734e-03
3.419654240000000178e-02,2.644311722418602253e-03
3.461985769999999935e-02,2.644277501458270740e-03
3.467990950000000155e-02,2.644272612812638337e-03
3.473985749999999872e-02,2.644267724182748983e-03
3.485944419999999905e-02,2.644257946970202458e-03
3.491908400000000301e-02,2.644253058387555262e-03
3.509739530000000052e-02,2.644238392734060694e-03
3.521576790000000012e-02,2.644228615710465455e-03
3.562697489999999689e-02,2.644194396623822212e-03
3.568533189999999883e-02,2.644189508245838992e-03
3.609118929999999975e-02,2.644155290040886303e-03
3.614879690000000201e-02,2.644150401788867861e-03
3.632107169999999885e-02,2.644135737127284273e-03
3.649253310000000194e-02,2.644121072607380322e-03
3.671990299999999818e-02,2.644101520134604921e-03
3.677652580000000115e-02,2.644096632055756551e-03
3.694587359999999820e-02,2.644081967913702695e-03
3.722640800000000250e-02,2.644057527991793520e-03
3.744932249999999990e-02,2.644037976337632826e-03
3.750484409999999685e-02,2.644033088463449734e-03
3.761564139999999667e-02,2.644023312762300553e-03
3.794609239999999911e-02,2.643993986036679688e-03
3.811024350000000172e-02,2.643979322886407576e-03
3.832801789999999709e-02,2.643959772239716163e-03
3.849054019999999937e-02,2.643945109419995176e-03
3.870617500000000238e-02,2.643925559214070544e-03
3.875989619999999775e-02,2.643920671701933782e-03
3.881354310000000030e-02,2.643915784205543972e-03
3.897404079999999826e-02,2.643901121810820262e-03
3.918701509999999999e-02,2.643881572171538717e-03
3.924007809999999902e-02,2.643876684801085494e-03
3.939883820000000120e-02,2.643862022784120806e-03
3.960952859999999909e-02,2.643842473648543544e-03
4.007953250000000078e-02,2.643798489014227270e-03
4.018323120000000248e-02,2.643788714824160582e-03
4.023498040000000192e-02,2.643783827752748533e-03
4.038983000000000156e-02,2.643769166632916907e-03
4.049273419999999818e-02,2.643759392631745125e-03
4.064660190000000256e-02,2.643744731748012399e-03
4.079988930000000291e-02,2.643730071005905100e-03
4.085085730000000137e-02,2.643725184123360203e-03
4.100338109999999980e-02,2.643710523570110514e-03
4.105409649999999799e-02,2.643705636750502685e-03
4.125633449999999841e-02,2.643686089629466735e-03
4.130673929999999910e-02,2.643681202888542494e-03
4.160788569999999964e-02,2.643651882773517380e-03
4.185718599999999762e-02,2.643627449777074916e-03
4.200605599999999995e-02,2.643612790168064271e-03
4.205556230000000173e-02,2.643607903663214645e-03
4.244953370000000004e-02,2.643568812190791838e-03
4.259633349999999985e-02,2.643554153148275528e-03
4.283988209999999713e-02,2.643529721725472719e-03
4.288842589999999899e-02,2.643524835488120055e-03
4.303372860000000133e-02,2.643510176870458341e-03
4.322670569999999962e-02,2.643490632267187466e-03
4.327481560000000227e-02,2.643485746155724118e-03
4.337087509999999757e-02,2.643475973979948074e-03
4.361009829999999698e-02,2.643451543815938248e-03
4.365778569999999997e-02,2.643446657830330389e-03
4.380053619999999676e-02,2.643431999967929980e-03
4.394282299999999891e-02,2.643417342247140686e-03
4.403742540000000344e-02,2.643407570511939302e-03
4.413182499999999953e-02,2.643397798839649832e-03
4.455414840000000015e-02,2.643353827093281646e-03
4.474056810000000273e-02,2.643334284503933221e-03
4.478705179999999814e-02,2.643329398895935631e-03
4.487987470000000256e-02,2.643319627727138809e-03
4.492621420000000171e-02,2.643314742166311820e-03
4.506494700000000103e-02,2.643300085578313002e-03
4.515719859999999669e-02,2.643290314598260166e-03
4.529522390000000065e-02,2.643275658246219302e-03
4.561565869999999884e-02,2.643241460642054182e-03
4.584316940000000146e-02,2.643217034253859087e-03
4.602436819999999873e-02,2.643197493426472765e-03
4.615980060000000190e-02,2.643182837971093119e-03
4.624986849999999927e-02,2.643173067746163243e-03
4.651902589999999671e-02,2.643143757448909725e-03
4.656373419999999819e-02,2.643138872454417043e-03
4.660839960000000282e-02,2.643133987475658735e-03
4.691986699999999705e-02,2.643099793064787768e-03
4.696419369999999677e-02,2.643094908211847654e-03
4.709692359999999994e-02,2.643080253747474764e-03
4.731731260000000133e-02,2.643055829954727397e-03
4.744905459999999853e-02,2.643041175867794339e-03
4.758043189999999756e-02,2.643026521922445075e-03
4.762414379999999753e-02,2.643021637305460747e-03
4.775503939999999753e-02,2.643006983548852867e-03
4.779859160000000246e-02,2.643002098994753999e-03
4.801576009999999894e-02,2.642977676460290908e-03
4.814559110000000280e-02,2.642963023128329456e-03
4.836120139999999790e-02,2.642938601222948655e-03
4.849010740000000291e-02,2.642923948268449154e-03
4.866145090000000006e-02,2.642904411215935175e-03
4.895985910000000274e-02,2.642870221979549180e-03
4.900234049999999814e-02,2.642865337865823745e-03
4.904478510000000180e-02,2.642860453767804929e-03
4.912956429999999763e-02,2.642850685618985604e-03
4.929868529999999888e-02,2.642831149510046270e-03
4.934087499999999932e-02,2.642826265522138160e-03
4.938302859999999656e-02,2.642821381549916721e-03
4.963519859999999950e-02,2.642792078047011706e-03
4.967710250000000050e-02,2.642787194184886661e-03
4.980260260000000244e-02,2.642772542692863134e-03
5.001106959999999935e-02,2.642748123854045828e-03
5.017721960000000314e-02,2.642728589065990001e-03
5.038413659999999711e-02,2.642704170934732574e-03
5.046666589999999897e-02,2.642694403792323048e-03
5.050787989999999672e-02,2.642689520244646557e-03
5.067240099999999886e-02,2.642669986211369781e-03
5.099985089999999749e-02,2.642630918899517654e-03
5.104063439999999979e-02,2.642626035556299574e-03
5.112210379999999887e-02,2.642616268916965928e-03
5.116278989999999832e-02,2.642611385620925388e-03
5.136573690000000025e-02,2.642586969376460766e-03
5.148712109999999814e-02,2.642572319818404115e-03
5.160821980000000059e-02,2.642557670401897863e-03
5.164852290000000040e-02,2.642552787294501562e-03
5.192976900000000062e-02,2.642518605982870170e-03
5.200984570000000140e-02,2.642508840035355522e-03
5.212973010000000046e-02,2.642494191231953022e-03
5.224933949999999855e-02,2.642479542570055819e-03
5.228914839999999897e-02,2.642474659714198759e-03
5.244808220000000271e-02,2.642455128447984605e-03
5.264607470000000344e-02,2.642430714718873794e-03
5.292201970000000311e-02,2.642396536158388501e-03
5.296132299999999765e-02,2.642391653569773399e-03
5.303984240000000211e-02,2.642381888439707723e-03
5.307905849999999814e-02,2.642377005898259319e-03
5.319653330000000124e-02,2.642362358368155126e-03
5.339175040000000011e-02,2.642337946132425688e-03
5.354741159999999722e-02,2.642318416626761573e-03
5.366386120000000287e-02,2.642303769662592700e-03
5.385738429999999827e-02,2.642279358369917924e-03
5.389600549999999657e-02,2.642274476158534488e-03
5.401170360000000226e-02,2.642259829618772218e-03
5.420398480000000047e-02,2.642235419033408823e-03
5.431902689999999756e-02,2.642220772870806662e-03
5.443382580000000193e-02,2.642206126849697655e-03
5.473877910000000263e-02,2.642167071484812814e-03
5.481475239999999971e-02,2.642157307800760153e-03
5.489062050000000081e-02,2.642147544179578207e-03
5.492851530000000121e-02,2.642142662392599206e-03
5.507983360000000272e-02,2.642123135401718177e-03
5.511759819999999949e-02,2.642118253693237148e-03
5.523073729999999903e-02,2.642103608662251489e-03
5.541878909999999742e-02,2.642079200591519825e-03
5.549383139999999881e-02,2.642069437473204292e-03
5.568099469999999995e-02,2.642045029952523518e-03
5.571835189999999743e-02,2.642040148495515810e-03
5.601631270000000107e-02,2.642001097405267604e-03
5.612764020000000215e-02,2.641986453505711530e-03
5.627573429999999793e-02,2.641966928526257551e-03
5.642343970000000125e-02,2.641947403798280362e-03
5.657075939999999664e-02,2.641927879321677615e-03
5.668099790000000193e-02,2.641913236129204805e-03
5.671769649999999774e-02,2.641908355096478367e-03
5.682764989999999905e-02,2.641893712092581274e-03
5.690083420000000003e-02,2.641883950168559102e-03
5.711982439999999800e-02,2.641854664773535602e-03
5.715624119999999919e-02,2.641849783929329371e-03
5.726535270000000094e-02,2.641835141491103919e-03
5.744674450000000071e-02,2.641810737741531571e-03
5.748295419999999850e-02,2.641805857038728288e-03
5.759144669999999994e-02,2.641791215024691733e-03
5.769973510000000333e-02,2.641776573152026901e-03
5.773578619999999995e-02,2.641771692559223301e-03
5.777181470000000013e-02,2.641766811982118515e-03
5.798751569999999883e-02,2.641737528849511830e-03
5.802338790000000079e-02,2.641732648382450529e-03
5.805923799999999912e-02,2.641727767931045540e-03
5.834524540000000231e-02,2.641688724885348470e-03
5.841652840000000069e-02,2.641678964281054046e-03
5.845213739999999963e-02,2.641674084002455271e-03
5.873623160000000093e-02,2.641635042339241304e-03
5.884241330000000020e-02,2.641620401974696056e-03
5.887776470000000151e-02,2.641615521884667361e-03
5.915981499999999754e-02,2.641576481729444176e-03
5.919497680000000012e-02,2.641571601780782000e-03
5.930033710000000291e-02,2.641556962028857383e-03
5.940551060000000272e-02,2.641542322418381685e-03
5.947552290000000103e-02,2.641532562756565995e-03
5.958038699999999854e-02,2.641517923381603294e-03
5.971991950000000299e-02,2.641498404435037479e-03
5.999801099999999693e-02,2.641459367295669654e-03
6.003268190000000254e-02,2.641454487723983707e-03
6.024028800000000294e-02,2.641425210623351422e-03
6.027481950000000005e-02,2.641420331161570614e-03
6.041274809999999662e-02,2.641400813471485830e-03
6.055036250000000314e-02,2.641381296032604617e-03
6.058471719999999894e-02,2.641376416712130915e-03
6.065336839999999757e-02,2.641366658118400948e-03
6.085885719999999804e-02,2.641337382714025947e-03
6.113176780000000032e-02,2.641298349720978995e-03
6.119980530000000002e-02,2.641288591629763292e-03
6.123379560000000166e-02,2.641283712607701926e-03
6.133565380000000067e-02,2.641269075635806120e-03
6.136956899999999882e-02,2.641264196676553020e-03
6.150504259999999696e-02,2.641244680996667968e-03
6.167396609999999807e-02,2.641220286750027915e-03
6.174140610000000001e-02,2.641210529161393695e-03
6.194328550000000044e-02,2.641181256772119016e-03
6.204397889999999777e-02,2.641166620789463584e-03
6.214450920000000322e-02,2.641151984948174672e-03
6.217798310000000050e-02,2.641147106365751649e-03
6.227829700000000329e-02,2.641132470712873222e-03
6.241179809999999883e-02,2.641112956728911519e-03
6.244512879999999933e-02,2.641108078272095486e-03
6.257827400000000317e-02,2.641088564602162535e-03
6.284371810000000114e-02,2.641049538015830585e-03
6.297602060000000168e-02,2.641030025099495339e-03
6.300905280000000663e-02,2.641025146909645009e-03
6.323979509999999582e-02,2.640991000020462883e-03
6.327268960000000109e-02,2.640986121956209569e-03
6.333842739999999416e-02,2.640976365874855326e-03
6.337127069999999585e-02,2.640971487857703224e-03
6.346969869999999347e-02,2.640956853900465820e-03
6.353523260000000505e-02,2.640947098007536808e-03
6.373143000000000558e-02,2.640917830705359105e-03
6.376407089999999722e-02,2.640912952876712898e-03
6.386189339999999437e-02,2.640898319484616310e-03
6.389446769999999887e-02,2.640893441718724158e-03
6.402459889999999321e-02,2.640873930811896923e-03
6.405709029999999415e-02,2.640869053124427716e-03
6.441341509999999604e-02,2.640815399598576800e-03
6.451025289999999524e-02,2.640800767148360467e-03
6.479989830000000561e-02,2.640756870645585321e-03
6.483200120000000288e-02,2.640751993334893716e-03
6.492821479999999479e-02,2.640737361496875175e-03
6.505627819999999784e-02,2.640717852599337376e-03
6.508825470000000057e-02,2.640712975414218067e-03
6.518409000000000009e-02,2.640698343952997944e-03
6.527978469999999589e-02,2.640683712633072784e-03
6.531165170000000075e-02,2.640678835557742389e-03
6.540715969999999491e-02,2.640664204426139677e-03
6.556603060000000538e-02,2.640639819520660715e-03
6.569285060000000509e-02,2.640620311878685410e-03
6.578780519999999354e-02,2.640605681312109022e-03
6.585103220000000646e-02,2.640595927679518628e-03
6.591419860000000130e-02,2.640586174109686626e-03
6.607185029999999848e-02,2.640561790459824369e-03
6.619770129999999475e-02,2.640542283822296457e-03
6.635467940000000509e-02,2.640517900878588085e-03
6.641736669999999398e-02,2.640508147810999295e-03
6.644868819999999454e-02,2.640503271300752904e-03
6.660507479999999703e-02,2.640478888984752054e-03
6.669873070000000015e-02,2.640464259783515365e-03
6.682340109999999889e-02,2.640444754401541708e-03
6.691675140000000188e-02,2.640430125529750257e-03
6.710306259999999912e-02,2.640400868210087369e-03
6.728885780000000427e-02,2.640371611455242639e-03
6.731977379999999622e-02,2.640366735384374382e-03
6.735067570000000114e-02,2.640361859329146393e-03
6.744329620000000247e-02,2.640347231257744211e-03
6.753578970000000126e-02,2.640332603327445737e-03
6.756659280000000545e-02,2.640327727382091230e-03
6.759738179999999486e-02,2.640322851452507960e-03
6.781251330000000188e-02,2.640288720384089804e-03
6.790450389999999614e-02,2.640274093018677576e-03
6.793513980000000230e-02,2.640269217261599112e-03
6.808811230000000325e-02,2.640244838711687265e-03
6.817973099999999342e-02,2.640230211769821651e-03
6.839303080000000423e-02,2.640196082788305761e-03
6.842344790000000343e-02,2.640191207282248289e-03
6.854498139999999629e-02,2.640171705414893783e-03
6.857533120000000593e-02,2.640166829987356401e-03
6.881764710000000396e-02,2.640127827131399322e-03
6.902897569999999483e-02,2.640093700455928109e-03
6.923965930000000601e-02,2.640059574549154936e-03
6.926970470000000379e-02,2.640054699482495982e-03
6.929973700000000014e-02,2.640049824431287342e-03
6.935976259999999949e-02,2.640040074376218907e-03
6.938975599999999688e-02,2.640035199372225104e-03
6.947965829999999676e-02,2.640020574454196751e-03
6.962923760000000462e-02,2.639996199904631399e-03
6.971883119999999767e-02,2.639981575363137354e-03
6.977849630000000636e-02,2.639971825747198120e-03
6.983811040000000026e-02,2.639962076194091439e-03
7.010574679999999337e-02,2.639918203981294308e-03
7.019473210000000407e-02,2.639903580192558361e-03
7.025399309999999509e-02,2.639893831078637260e-03
7.034279089999999346e-02,2.639879207525313697e-03
7.043147669999999527e-02,2.639864584113181881e-03
7.046101389999999409e-02,2.639859709673789828e-03
7.069686679999999390e-02,2.639820714723498021e-03
7.072629310000000391e-02,2.639815840425318097e-03
7.081449859999999763e-02,2.639801217624838069e-03
7.096126429999999319e-02,2.639776846604400228e-03
7.104917809999999889e-02,2.639762224180192563e-03
7.116622760000000658e-02,2.639742727834320634e-03
7.125388859999999547e-02,2.639728105739615454e-03
7.137060239999999667e-02,2.639708609832760403e-03
7.139975099999999741e-02,2.639703735895278930e-03
7.142888779999999327e-02,2.639698861973579971e-03
7.151622679999999899e-02,2.639684240302236223e-03
7.163251310000000316e-02,2.639664744959912233e-03
7.166155520000000445e-02,2.639659871163614266e-03
7.174861100000000380e-02,2.639645249868605766e-03
7.186452140000000599e-02,2.639625755028159829e-03
7.209578290000000222e-02,2.639586766099915899e-03
7.212463850000000454e-02,2.639581892554480631e-03
7.218231499999999690e-02,2.639572145510518317e-03
7.229752999999999874e-02,2.639552651611033664e-03
7.235506869999999702e-02,2.639542904755246347e-03
7.244129109999999927e-02,2.639528284589324255e-03
7.264207849999999855e-02,2.639494171417376862e-03
7.281374140000000661e-02,2.639464932167430271e-03
7.289942130000000298e-02,2.639450312754037728e-03
7.298500049999999406e-02,2.639435693481693816e-03
7.304199769999999980e-02,2.639425947378548805e-03
7.312741009999999819e-02,2.639411328341493678e-03
7.324113840000000264e-02,2.639391836511608292e-03
7.343973900000000388e-02,2.639357726412756063e-03
7.346806670000000095e-02,2.639352853604199235e-03
7.355298439999999327e-02,2.639338235272545991e-03
7.358126850000000496e-02,2.639333362526598368e-03
7.369429630000000342e-02,2.639313871700045815e-03
7.372252619999999923e-02,2.639308999032633895e-03
7.389167900000000178e-02,2.639279763357085459e-03
7.391983359999999836e-02,2.639274890799253852e-03
7.394797729999999514e-02,2.639270018257217337e-03
7.414468470000000477e-02,2.639235910901873653e-03
7.417274320000000198e-02,2.639231038485111494e-03
7.425685499999999661e-02,2.639216421329275072e-03
7.445274629999999727e-02,2.639182315180924228e-03
7.470385179999999847e-02,2.639138465547119158e-03
7.481518369999999585e-02,2.639118977228666237e-03
7.484299079999999493e-02,2.639114105188225447e-03
7.489857399999999554e-02,2.639104361154262501e-03
7.500961690000000626e-02,2.639084873274602679e-03
7.506507669999999688e-02,2.639075129428728860e-03
7.523121089999999789e-02,2.639045898267567986e-03
7.525886430000000571e-02,2.639041026462177891e-03
7.547972660000000500e-02,2.639002052583704853e-03
7.550728900000000521e-02,2.638997180919378568e-03
7.558991580000000432e-02,2.638982566020615581e-03
7.569994450000000485e-02,2.638963079708155253e-03
7.572742679999999726e-02,2.638958208169243404e-03
7.580981359999999780e-02,2.638943593646455275e-03
7.589211099999999821e-02,2.638928979264694094e-03
7.591952370000000505e-02,2.638924107835591108e-03
7.616579349999999526e-02,2.638880265677832297e-03
7.622041209999999567e-02,2.638870523148489997e-03
7.638403350000000369e-02,2.638841295936421479e-03
7.646571289999999632e-02,2.638826682542055359e-03
7.657448329999999581e-02,2.638807198235461858e-03
7.665595969999999815e-02,2.638792585170152399e-03
7.668309930000000163e-02,2.638787714179687254e-03
7.679156169999999670e-02,2.638768230374590601e-03
7.681865340000000597e-02,2.638763359462599142e-03
7.689987119999999732e-02,2.638748746820248660e-03
7.698100330000000324e-02,2.638734134318915150e-03
7.711603370000000290e-02,2.638709780463454647e-03
7.722388809999999881e-02,2.638690297661325235e-03
7.741227159999999885e-02,2.638656203360457021e-03
7.751971380000000078e-02,2.638636721247614343e-03
7.754655109999999962e-02,2.638631850758448721e-03
7.762700729999999494e-02,2.638617239385374156e-03
7.768059839999999494e-02,2.638607498548126672e-03
7.776091590000000497e-02,2.638592887410049891e-03
7.789459440000000290e-02,2.638568535826223225e-03
7.794800159999999700e-02,2.638558795302541320e-03
7.808135970000000536e-02,2.638534444267184344e-03
7.810800410000000304e-02,2.638529574107077117e-03
7.818788249999999995e-02,2.638514963721038959e-03
7.837394890000000391e-02,2.638480873368011063e-03
7.848007460000000490e-02,2.638461393511179736e-03
7.850658350000000452e-02,2.638456523586022156e-03
7.871833409999999531e-02,2.638417564749250942e-03
7.874476290000000100e-02,2.638412694965195336e-03
7.879759379999999591e-02,2.638402955443990179e-03
7.882399599999999340e-02,2.638398085706951651e-03
7.921897310000000636e-02,2.638325041529822942e-03
7.935019529999999544e-02,2.638300694253959116e-03
7.937641369999999530e-02,2.638295824845792066e-03
7.945501689999999451e-02,2.638281216715136854e-03
7.955970049999999683e-02,2.638261739427115709e-03
7.958584990000000525e-02,2.638256870144319293e-03
7.966424649999999386e-02,2.638242262389538760e-03
7.979473639999999646e-02,2.638217916444976757e-03
7.997706450000000022e-02,2.638183832780335251e-03
8.000307750000000551e-02,2.638178963748075839e-03
8.015897800000000573e-02,2.638149749883206534e-03
8.021087740000000521e-02,2.638140012053530239e-03
8.028866380000000691e-02,2.638125405426334710e-03
8.036637480000000111e-02,2.638110798940212099e-03
8.039226180000000332e-02,2.638105930142739704e-03
8.046987279999999465e-02,2.638091323844560937e-03
8.049572650000000329e-02,2.638086455109972701e-03
8.070225790000000454e-02,2.638047505795614728e-03
8.077957099999999446e-02,2.638032900060957846e-03
8.083107209999999820e-02,2.638023162983076444e-03
8.090826210000000296e-02,2.638008557483386123e-03
8.098537860000000477e-02,2.637993952124691524e-03
8.121628870000000000e-02,2.637950136894383433e-03
8.124190489999999487e-02,2.637945268613630517e-03
8.129311300000000018e-02,2.637935532099424957e-03
8.144654410000000400e-02,2.637906322932158203e-03
8.152315139999999349e-02,2.637891718559850791e-03
8.159968680000000141e-02,2.637877114328593311e-03
8.162518259999999859e-02,2.637872246282943565e-03
8.165067049999999438e-02,2.637867378252766251e-03
8.170162240000000686e-02,2.637857642239510234e-03
8.182886339999999314e-02,2.637833302480254404e-03
8.193051390000000156e-02,2.637813830954563107e-03
8.200666909999999865e-02,2.637799227474845517e-03
8.205739989999999429e-02,2.637789491899670061e-03
8.210809939999999529e-02,2.637779756387419964e-03
8.213343739999999504e-02,2.637774888654850509e-03
8.223471150000000174e-02,2.637755417880660938e-03
8.233586090000000191e-02,2.637735947356886941e-03
8.251257400000000519e-02,2.637701874543430837e-03
8.253778790000000642e-02,2.637697007061015880e-03
8.261338329999999563e-02,2.637682404708462623e-03
8.266374179999999572e-02,2.637672669885053871e-03
8.283975550000000077e-02,2.637638598495823956e-03
8.304045720000000075e-02,2.637599660704528868e-03
8.306551080000000586e-02,2.637594793551083835e-03
8.321567409999999776e-02,2.637565590959107305e-03
8.324067490000000569e-02,2.637560723915047863e-03
8.326566829999999808e-02,2.637555856886763996e-03
8.334060340000000455e-02,2.637541255896008133e-03
8.363967260000000625e-02,2.637482853341467821e-03
8.366454680000000310e-02,2.637477986563597793e-03
8.371427300000000571e-02,2.637468253054733435e-03
8.373912499999999759e-02,2.637463386324023166e-03
8.386327459999999567e-02,2.637439052904452623e-03
8.393767620000000540e-02,2.637424453040467312e-03
8.401201190000000263e-02,2.637409853317350655e-03
8.403677589999999920e-02,2.637404986774507035e-03
8.411102400000000645e-02,2.637390387239062304e-03
8.425932399999999656e-02,2.637361188591210749e-03
8.433337620000000423e-02,2.637346589478255753e-03
8.445665230000000412e-02,2.637322257936678630e-03
8.453053160000000010e-02,2.637307659199720176e-03
8.462893709999999570e-02,2.637288194435954101e-03
8.484993209999999730e-02,2.637244399632851077e-03
8.489896399999999343e-02,2.637234667626378246e-03
8.492346929999999849e-02,2.637229801646776353e-03
8.502141990000000593e-02,2.637210337884397186e-03
8.511925789999999492e-02,2.637190874372411040e-03
8.519256259999999359e-02,2.637176276902962122e-03
8.521698349999999589e-02,2.637171411110960598e-03
8.524139740000000187e-02,2.637166545334721206e-03
8.541209930000000228e-02,2.637132485338736145e-03
8.543645739999999877e-02,2.637127619687655751e-03
8.563107309999999639e-02,2.637088695042302897e-03
8.567965800000000576e-02,2.637078964037446391e-03
8.570394000000000623e-02,2.637074098558260180e-03
8.577674509999999586e-02,2.637059502215217954e-03
8.580099970000000520e-02,2.637054636798724649e-03
8.589794970000000363e-02,2.637035175289679286e-03
8.599479040000000685e-02,2.637015714030647041e-03
8.606734940000000667e-02,2.637001118250772817e-03
8.609152209999999805e-02,2.636996253022031236e-03
8.628466029999999620e-02,2.636957331755996909e-03
8.645330230000000671e-02,2.636923276469287352e-03
8.654952159999999839e-02,2.636903816649665330e-03
8.657355969999999679e-02,2.636898951733703065e-03
8.659759109999999593e-02,2.636894086833612653e-03
8.666964550000000322e-02,2.636879492227024724e-03
8.674163999999999486e-02,2.636864897761097282e-03
8.678960310000000122e-02,2.636855168195526098e-03
8.686149819999999799e-02,2.636840573964538761e-03
8.698119120000000204e-02,2.636816250558449148e-03
8.714848529999999482e-02,2.636782198447471404e-03
8.722008450000000301e-02,2.636767604920296076e-03
8.731545890000000365e-02,2.636748147102652932e-03
8.760095880000000335e-02,2.636689775152039131e-03
8.762470840000000094e-02,2.636684910924553919e-03
8.771964279999999725e-02,2.636665454170850943e-03
8.774336039999999781e-02,2.636660590021371476e-03
8.781447459999999761e-02,2.636645997667136365e-03
8.788553120000000551e-02,2.636631405453598170e-03
8.793287040000000165e-02,2.636621677389630082e-03
8.800383150000000432e-02,2.636607085410410528e-03
8.807473540000000656e-02,2.636592493572554024e-03
8.809835729999999920e-02,2.636587629657656875e-03
8.826353389999999632e-02,2.636553582692031591e-03
8.828710539999999607e-02,2.636548718902358059e-03
8.831067049999999363e-02,2.636543855128646151e-03
8.838132819999999779e-02,2.636529263900287343e-03
8.849896570000000129e-02,2.636504945499232311e-03
8.856947319999999846e-02,2.636490354646349628e-03
8.866339600000000543e-02,2.636470900394704674e-03
8.887435929999999706e-02,2.636427129243285993e-03
8.894456929999999817e-02,2.636412539140803920e-03
8.906146280000000470e-02,2.636388222616457312e-03
8.910817729999999381e-02,2.636378496116166363e-03
8.922485650000000490e-02,2.636354180138973224e-03
8.941122649999999616e-02,2.636315275388184665e-03
8.943449539999999420e-02,2.636310412364619229e-03
8.948101510000000536e-02,2.636300686364674139e-03
8.957398210000000471e-02,2.636281234552278942e-03
8.962042940000000679e-02,2.636271508739937257e-03
8.969005530000000170e-02,2.636256920138699625e-03
8.975962719999999728e-02,2.636242331678197940e-03
8.978280580000000399e-02,2.636237468889149772e-03
8.985230589999999851e-02,2.636222880616048529e-03
8.996801999999999577e-02,2.636198567140365240e-03
9.006048429999999327e-02,2.636179116641322682e-03
9.012977020000000061e-02,2.636164528931153953e-03
9.017593120000000351e-02,2.636154803868806084e-03
9.031427279999999780e-02,2.636125629058288112e-03
9.033730919999999331e-02,2.636120766644586399e-03
9.036033960000000587e-02,2.636115904246303775e-03
9.054437240000000331e-02,2.636077005624302798e-03
9.059032220000000357e-02,2.636067281125048338e-03
9.061328829999999723e-02,2.636062418898748368e-03
9.088842950000000642e-02,2.636004073404181990e-03
9.097995829999999673e-02,2.635984625406082027e-03
9.107139520000000210e-02,2.635965177658341693e-03
9.109424000000000687e-02,2.635960315760165103e-03
9.116274030000000306e-02,2.635945730160192072e-03
9.123118909999999859e-02,2.635931144701144507e-03
9.134515649999999654e-02,2.635906835914847684e-03
9.143622810000000267e-02,2.635887389167075687e-03
9.161809969999999692e-02,2.635848496422308739e-03
9.164080830000000122e-02,2.635843634899452149e-03
9.168620859999999928e-02,2.635833911900603826e-03
9.179961109999999758e-02,2.635809604677311936e-03
9.182227469999999780e-02,2.635804743279750086e-03
9.189023229999999931e-02,2.635790159180217886e-03
9.200338330000000509e-02,2.635765852660167281e-03
9.204860469999999462e-02,2.635756130161446241e-03
9.216156120000000562e-02,2.635731824188265477e-03
9.218413590000000546e-02,2.635726963040431817e-03
9.225182690000000019e-02,2.635712379690987976e-03
9.231946820000000442e-02,2.635697796482007731e-03
9.236453490000000321e-02,2.635688074421104442e-03
9.243209369999999536e-02,2.635673491446726031e-03
9.249960320000000236e-02,2.635658908612737491e-03
9.252209549999999838e-02,2.635654047699759802e-03
9.261200969999999755e-02,2.635634604202703908e-03
9.272427989999999787e-02,2.635610300182519503e-03
9.279157679999999742e-02,2.635595717958189553e-03
9.290363000000000093e-02,2.635571414563663960e-03
9.303791570000000122e-02,2.635542251005381243e-03
9.306027779999999361e-02,2.635537390467031400e-03
9.312733189999999883e-02,2.635522808945724160e-03
9.321666239999999715e-02,2.635503367136219407e-03
9.323898160000000657e-02,2.635498506723038970e-03
9.341734349999999965e-02,2.635459623978427240e-03
9.343961480000000097e-02,2.635454763705646214e-03
9.359536559999999394e-02,2.635420742234245717e-03
9.361759449999999816e-02,2.635415882086570780e-03
9.377304960000000522e-02,2.635381861489375938e-03
9.383959440000000374e-02,2.635367281468395904e-03
9.386176549999999952e-02,2.635362421492263869e-03
9.392824739999999784e-02,2.635347841658300036e-03
9.397254260000000026e-02,2.635338121847010003e-03
9.403894620000000093e-02,2.635323542247454149e-03
9.412741149999999390e-02,2.635304102999815479e-03
9.419370589999999377e-02,2.635289523728453695e-03
9.430409309999999989e-02,2.635265225254522416e-03
9.432615499999999487e-02,2.635260365606878052e-03
9.439230989999999877e-02,2.635245786757248361e-03
9.450246499999999383e-02,2.635221488986323746e-03
9.463448200000000587e-02,2.635192332177209093e-03
9.465646689999999974e-02,2.635187472763238486e-03
9.483216279999999443e-02,2.635148598017342594e-03
9.489796490000000639e-02,2.635134020245140981e-03
9.491988880000000461e-02,2.635129161019115953e-03
9.500753380000000192e-02,2.635109724270866868e-03
9.509509800000000290e-02,2.635090287772219337e-03
9.516071830000000231e-02,2.635075710562358262e-03
9.520444000000000129e-02,2.635065992500444047e-03
9.524814160000000252e-02,2.635056274501306004e-03
9.537912649999999437e-02,2.635027120877977188e-03
9.550993169999999477e-02,2.634997967817325881e-03
9.555349359999999737e-02,2.634988250255329047e-03
9.559703569999999928e-02,2.634978532755426640e-03
9.561879930000000138e-02,2.634973674029290371e-03
9.579273010000000088e-02,2.634934804780483808e-03
9.587957719999999628e-02,2.634915370531224887e-03
9.590127669999999604e-02,2.634910512007604139e-03
9.596634569999999698e-02,2.634895936531498999e-03
9.603137069999999331e-02,2.634881361195621965e-03
9.607469620000000377e-02,2.634871644383223431e-03
9.613964780000000543e-02,2.634857069281449499e-03
9.622618180000000465e-02,2.634837636031207853e-03
9.629103129999999622e-02,2.634823061257294055e-03
9.642059930000000667e-02,2.634793912131904586e-03
9.648531809999999487e-02,2.634779337779723316e-03
9.665768969999999349e-02,2.634740473527623795e-03
9.672224980000000694e-02,2.634725899690671443e-03
9.674376029999999516e-02,2.634721041776233105e-03
9.676526600000000256e-02,2.634716183877543454e-03
9.691567219999999705e-02,2.634682179023102502e-03
9.693713980000000230e-02,2.634677321249649911e-03
9.698006060000000095e-02,2.634667605748563981e-03
9.717296979999999473e-02,2.634623886766913371e-03
9.725858440000000049e-02,2.634604456514887550e-03
9.732274600000000164e-02,2.634589883989112494e-03
9.742958790000000313e-02,2.634565596759145308e-03
9.751497720000000535e-02,2.634546167255906370e-03
9.762160879999999541e-02,2.634521880728352573e-03
9.768553189999999720e-02,2.634507308998902762e-03
9.777069770000000604e-02,2.634487880245179724e-03
9.791955950000000297e-02,2.634453880527204243e-03
9.794080700000000472e-02,2.634449023486792017e-03
9.796204990000000057e-02,2.634444166462051717e-03
9.800452190000000230e-02,2.634434452460190142e-03
9.802575099999999431e-02,2.634429595482378015e-03
9.808941070000000428e-02,2.634415024642634048e-03
9.811062140000000042e-02,2.634410167727611538e-03
9.813182759999999893e-02,2.634405310827574436e-03
9.825896829999999915e-02,2.634376169757339601e-03
9.844937149999999360e-02,2.634332459205406853e-03
9.847050470000000277e-02,2.634327602555385471e-03
9.853387700000000582e-02,2.634313032699091804e-03
9.859720869999999415e-02,2.634298462983417424e-03
9.868158759999999530e-02,2.634279036914312106e-03
9.870267110000000010e-02,2.634274180436081692e-03
9.876589439999999831e-02,2.634259611094517776e-03
9.887117689999999626e-02,2.634235329171606167e-03
9.895532220000000101e-02,2.634215903914138065e-03
9.903939609999999616e-02,2.634196478905860388e-03
9.914438809999999436e-02,2.634172197996994397e-03
9.927023199999999992e-02,2.634143061421897764e-03
9.935403930000000217e-02,2.634123637350101015e-03
9.945869920000000031e-02,2.634099357611572288e-03
9.947961800000000576e-02,2.634094501710793589e-03
9.954234789999999444e-02,2.634079934101508490e-03
9.960503830000000391e-02,2.634065366633029162e-03
9.962592630000000060e-02,2.634060510841557123e-03
9.964681000000000233e-02,2.634055655065570094e-03
9.970943470000000197e-02,2.634041087830924117e-03
9.979287320000000683e-02,2.634021665069940805e-03
9.995954120000000165e-02,2.633982820297715161e-03
9.998035519999999565e-02,2.633977964771344864e-03
1.000219702000000044e-01,2.633968253765320375e-03
1.000427710999999970e-01,2.633963398285553859e-03
1.001467112000000020e-01,2.633939121121710823e-03
1.002920464000000011e-01,2.633905133747879712e-03
1.003542684999999962e-01,2.633890567964096603e-03
1.003750006000000000e-01,2.633885712733971107e-03
1.004578862999999933e-01,2.633866291970485881e-03
1.004785970000000028e-01,2.633861436818798075e-03
1.006441294999999986e-01,2.633822596164786447e-03
1.007061340000000027e-01,2.633808031177155978e-03
1.007681004000000047e-01,2.633793466329445269e-03
1.007887474000000033e-01,2.633788611411360097e-03
1.009331579999999950e-01,2.633754627423047848e-03
1.009743802999999995e-01,2.633744917852314047e-03
1.010155856999999935e-01,2.633735208343669035e-03
1.011391013000000061e-01,2.633706080193295128e-03
1.012830123999999971e-01,2.633672098061207688e-03
1.013035545000000037e-01,2.633667243533240141e-03
1.013446261000000015e-01,2.633657534523913164e-03
1.014472322999999954e-01,2.633633262274574262e-03
1.014677410999999946e-01,2.633628407871107819e-03
1.015292426999999942e-01,2.633613844755412683e-03
1.016316624999999974e-01,2.633589573207504447e-03
1.018566236999999958e-01,2.633536177174611043e-03
1.019587146000000000e-01,2.633511906874733133e-03
1.019995224000000006e-01,2.633502198863830156e-03
1.020199202000000027e-01,2.633497344882061979e-03
1.020810889999999999e-01,2.633482783029543039e-03
1.021829558000000027e-01,2.633458513587071722e-03
1.022440270999999956e-01,2.633443952108575209e-03
1.023253987999999948e-01,2.633424537022851630e-03
1.024270225000000062e-01,2.633400268515775737e-03
1.024473352000000032e-01,2.633395414861561083e-03
1.025082489999999957e-01,2.633380853991479364e-03
1.025894110999999997e-01,2.633361439716581584e-03
1.026705091000000014e-01,2.633342025690787926e-03
1.027312905999999970e-01,2.633327465335799384e-03
1.029134196000000001e-01,2.633283785111215341e-03
1.029740576000000019e-01,2.633269225316936264e-03
1.029942623999999946e-01,2.633264372083960175e-03
1.030952267999999949e-01,2.633240106149952776e-03
1.031557580000000002e-01,2.633225546776941321e-03
1.032162536999999963e-01,2.633210987544343587e-03
1.032364110999999945e-01,2.633206134497654248e-03
1.032968595999999989e-01,2.633191575452529382e-03
1.034176504999999996e-01,2.633162457782052806e-03
1.035784859999999974e-01,2.633123635094515406e-03
1.036387349999999957e-01,2.633109076844270327e-03
1.038593488000000009e-01,2.633055697792702123e-03
1.038793813000000038e-01,2.633050845245598400e-03
1.038994099999999976e-01,2.633045992713297506e-03
1.039594729999999967e-01,2.633031435211670608e-03
1.040195012999999974e-01,2.633016877849648184e-03
1.040395030000000054e-01,2.633012025426952757e-03
1.040595009000000043e-01,2.633007173020100126e-03
1.041194715000000048e-01,2.632992615891810006e-03
1.041993786000000033e-01,2.632973206606012504e-03
1.042193458000000017e-01,2.632968354323565133e-03
1.042592687999999990e-01,2.632958649805249018e-03
1.043590092999999996e-01,2.632934388783151908e-03
1.044387331999999946e-01,2.632914980245592250e-03
1.044984860999999959e-01,2.632900424005582898e-03
1.045383024999999994e-01,2.632890719924467840e-03
1.045781035999999997e-01,2.632881015904914648e-03
1.046775404000000048e-01,2.632856756129108803e-03
1.047570218000000025e-01,2.632837348589767579e-03
1.048562888999999970e-01,2.632813089515036783e-03
1.048959693999999970e-01,2.632803385994985940e-03
1.049158040000000014e-01,2.632798534257769097e-03
1.050149209999999972e-01,2.632774275807242981e-03
1.051535277999999934e-01,2.632740314630983326e-03
1.052919521000000025e-01,2.632706354217939984e-03
1.053117120999999962e-01,2.632701502792953417e-03
1.053907153000000069e-01,2.632682097248092296e-03
1.055485441999999968e-01,2.632643286906160771e-03
1.056470674999999970e-01,2.632619030949721189e-03
1.057848460000000018e-01,2.632585073263761163e-03
1.058045140000000023e-01,2.632580222228439026e-03
1.058438389999999951e-01,2.632570520203992605e-03
1.058634960999999958e-01,2.632565669215263405e-03
1.059224453000000010e-01,2.632551116342519721e-03
1.060206211000000037e-01,2.632526861865738550e-03
1.060794830000000022e-01,2.632512309366838183e-03
1.060990963999999953e-01,2.632507458564920921e-03
1.061579148000000028e-01,2.632492906253278749e-03
1.062558730999999951e-01,2.632468652711601569e-03
1.063928632000000069e-01,2.632434698407395187e-03
1.064319707999999975e-01,2.632424997318109135e-03
1.064906052999999991e-01,2.632410445800491532e-03
1.065687344999999980e-01,2.632391043995914968e-03
1.067443161000000001e-01,2.632347390845687137e-03
1.067832950000000003e-01,2.632337690317294865e-03
1.068027790999999949e-01,2.632332840076241024e-03
1.068806801000000001e-01,2.632313439268681166e-03
1.069001465000000012e-01,2.632308589105217603e-03
1.069585242999999963e-01,2.632294038709723661e-03
1.070363119999999946e-01,2.632274638401102367e-03
1.070557500000000051e-01,2.632269788362151617e-03
1.070946155999999982e-01,2.632260088332258590e-03
1.072111278000000001e-01,2.632230988616310070e-03
1.073275134000000047e-01,2.632201889461259665e-03
1.073662806000000025e-01,2.632192189867072363e-03
1.075018556999999958e-01,2.632158241779281385e-03
1.076565896000000050e-01,2.632119444899892573e-03
1.077145573999999939e-01,2.632104896326668830e-03
1.077338731000000022e-01,2.632100046833824643e-03
1.077917994999999934e-01,2.632085498447608862e-03
1.078882741999999950e-01,2.632061251449531111e-03
1.079653919999999934e-01,2.632041854131017978e-03
1.080231942000000056e-01,2.632027306306085421e-03
1.081194624000000049e-01,2.632003060241865262e-03
1.081387057999999984e-01,2.631998211075901959e-03
1.081964153999999956e-01,2.631983663671184914e-03
1.082733136999999984e-01,2.631964267349284296e-03
1.082925297000000009e-01,2.631959418308606191e-03
1.084077544000000004e-01,2.631930324386708674e-03
1.084269466000000043e-01,2.631925475454295962e-03
1.084461354000000044e-01,2.631920626537520482e-03
1.085803620999999941e-01,2.631886684555397992e-03
1.085995238000000002e-01,2.631881835763340022e-03
1.086378370999999954e-01,2.631872138225158694e-03
1.086569886000000040e-01,2.631867289479510215e-03
1.087526959000000015e-01,2.631843045985826288e-03
1.088100798000000008e-01,2.631828500076339398e-03
1.088674334999999993e-01,2.631813954307113141e-03
1.089629559000000053e-01,2.631789711668943224e-03
1.090393136000000068e-01,2.631770317839727050e-03
1.090583945999999971e-01,2.631765469421402676e-03
1.091156177999999949e-01,2.631750924259032131e-03
1.092109230999999958e-01,2.631726682633340076e-03
1.093442109999999967e-01,2.631692745012192275e-03
1.094773366000000026e-01,2.631658808153477559e-03
1.095723272999999942e-01,2.631634568007376260e-03
1.096292821999999972e-01,2.631620024106248994e-03
1.096672357000000042e-01,2.631610328250646655e-03
1.097810174999999944e-01,2.631581241055822463e-03
1.097999696000000053e-01,2.631576393244632658e-03
1.098568065000000010e-01,2.631561849904656344e-03
1.099703920999999945e-01,2.631532763643992020e-03
1.100271409999999950e-01,2.631518220724795003e-03
1.101594412999999939e-01,2.631484287789957570e-03
1.101783283000000030e-01,2.631479440290055653e-03
1.102349700999999960e-01,2.631464897883462918e-03
1.103293085000000007e-01,2.631440660851248371e-03
1.104047211000000056e-01,2.631421271505560763e-03
1.104235662999999978e-01,2.631416424208209929e-03
1.104612467999999958e-01,2.631406729660203982e-03
1.105742115999999997e-01,2.631377646388351546e-03
1.106306506999999995e-01,2.631363104963401964e-03
1.108373482000000049e-01,2.631309787602263434e-03
1.108561197000000054e-01,2.631304940662654215e-03
1.109311741999999962e-01,2.631285553059939560e-03
1.109874317999999943e-01,2.631271012521952356e-03
1.110249209999999986e-01,2.631261318907813975e-03
1.110811310999999940e-01,2.631246778603023046e-03
1.111560337000000037e-01,2.631227391747600376e-03
1.113056877000000028e-01,2.631188618784851066e-03
1.113243802999999976e-01,2.631183772235048523e-03
1.113617560000000062e-01,2.631174079180881049e-03
1.114364699999999958e-01,2.631154693259605670e-03
1.114738081999999963e-01,2.631145000392111355e-03
1.115297920000000026e-01,2.631130461207920566e-03
1.116043934999999959e-01,2.631111075847429245e-03
1.116789450999999961e-01,2.631091690735958347e-03
1.117534470000000058e-01,2.631072305872776684e-03
1.118278993000000054e-01,2.631052921258816239e-03
1.120323877999999940e-01,2.630999614854628334e-03
1.121994194000000000e-01,2.630956001924287385e-03
1.122179632000000066e-01,2.630951156121262482e-03
1.122550414000000052e-01,2.630941464561210169e-03
1.122735759000000055e-01,2.630936618804629885e-03
1.123476835000000035e-01,2.630917235933264656e-03
1.123662027999999952e-01,2.630912390254988922e-03
1.124217421999999938e-01,2.630897853311781141e-03
1.124957521999999932e-01,2.630878470938878728e-03
1.125142469999999978e-01,2.630873625383873312e-03
1.125512277000000061e-01,2.630863934321545257e-03
1.126436261999999994e-01,2.630839706938819383e-03
1.126620968000000000e-01,2.630834861509195877e-03
1.128466364999999999e-01,2.630786408066063987e-03
1.128650739000000014e-01,2.630781562807835063e-03
1.129387933000000066e-01,2.630762181928155297e-03
1.131044863999999955e-01,2.630718575859620611e-03
1.131412740999999944e-01,2.630708885793223324e-03
1.131596634999999934e-01,2.630704040783271493e-03
1.133066709999999977e-01,2.630665281265208086e-03
1.133617497000000002e-01,2.630650746702127216e-03
1.133801033000000069e-01,2.630645901879642614e-03
1.134351462999999977e-01,2.630631367502770865e-03
1.135451522999999935e-01,2.630602299171294189e-03
1.136550518000000037e-01,2.630573231399140066e-03
1.136916614000000048e-01,2.630563542266596035e-03
1.137465535999999944e-01,2.630549008683182467e-03
1.138014194000000062e-01,2.630534475241079907e-03
1.138379818999999959e-01,2.630524786356413115e-03
1.139658583000000003e-01,2.630490875752274169e-03
1.140388660999999970e-01,2.630471498606825644e-03
1.141300601999999942e-01,2.630447277524442830e-03
1.141847416999999948e-01,2.630432745061651954e-03
1.142393970000000064e-01,2.630418212739539345e-03
1.142576096000000041e-01,2.630413368663040048e-03
1.143122300999999952e-01,2.630398836526484305e-03
1.143304311000000045e-01,2.630393992512374338e-03
1.144032063000000043e-01,2.630374616610557745e-03
1.144213927999999936e-01,2.630369772674433573e-03
1.145304515000000051e-01,2.630340709382146883e-03
1.146938450999999970e-01,2.630297115492833369e-03
1.148388887000000025e-01,2.630258366427269939e-03
1.148570062999999947e-01,2.630253522863577453e-03
1.148932327999999947e-01,2.630243835784141539e-03
1.149656517000000044e-01,2.630224461810542515e-03
1.149837492999999933e-01,2.630219618356226079e-03
1.150561112000000052e-01,2.630200244693796548e-03
1.151284276999999939e-01,2.630180871281089568e-03
1.151826351999999942e-01,2.630166341384279540e-03
1.152909738000000017e-01,2.630137282011095739e-03
1.153992105999999962e-01,2.630108223197137780e-03
1.154352669999999942e-01,2.630098537049656900e-03
1.154713121999999953e-01,2.630088850965229316e-03
1.154893305000000009e-01,2.630084007946398728e-03
1.155433686999999959e-01,2.630069478982293135e-03
1.155613758999999990e-01,2.630064636026101244e-03
1.157053318999999997e-01,2.630025892931706251e-03
1.157233138000000050e-01,2.630021050113909731e-03
1.157772427999999992e-01,2.630006521757365882e-03
1.158670687000000060e-01,2.629982308139041085e-03
1.159209308000000022e-01,2.629967780154771929e-03
1.159747678999999976e-01,2.629953252310238652e-03
1.159927079999999999e-01,2.629948409726821489e-03
1.160465118000000018e-01,2.629933882069743732e-03
1.161182114000000043e-01,2.629914512076877986e-03
1.161540446000000060e-01,2.629904827173418485e-03
1.162793738999999965e-01,2.629870930503373436e-03
1.162972671000000041e-01,2.629866088183586536e-03
1.163509300000000052e-01,2.629851561319159880e-03
1.164224420999999954e-01,2.629832192383524826e-03
1.164403133000000007e-01,2.629827350188677915e-03
1.165653348000000034e-01,2.629793455258488521e-03
1.166902222999999933e-01,2.629759561089884366e-03
1.167258798999999958e-01,2.629749877182712553e-03
1.167793458999999978e-01,2.629735351436589263e-03
1.168327873999999988e-01,2.629720825831036255e-03
1.168505957999999983e-01,2.629715983993260921e-03
1.169040048000000026e-01,2.629701458574022419e-03
1.169218023000000023e-01,2.629696616798908333e-03
1.170640854000000036e-01,2.629657883155797279e-03
1.171529245999999996e-01,2.629633675134458899e-03
1.172061957999999959e-01,2.629619150507642080e-03
1.172771863999999969e-01,2.629599784556829918e-03
1.174190388000000002e-01,2.629561053401304957e-03
1.174367582999999993e-01,2.629556212076463936e-03
1.174721893000000017e-01,2.629546529473835836e-03
1.175607201000000018e-01,2.629522323238957324e-03
1.176845512999999954e-01,2.629488435163761066e-03
1.177022308000000017e-01,2.629483594072558241e-03
1.177199077000000010e-01,2.629478752996902875e-03
1.177552535000000039e-01,2.629469070891887576e-03
1.178612272999999960e-01,2.629440024948902568e-03
1.179141783999999998e-01,2.629425502186982875e-03
1.180552655000000062e-01,2.629386775507368875e-03
1.181961841000000041e-01,2.629348049821284786e-03
1.182665804000000015e-01,2.629328687351514468e-03
1.182841728999999981e-01,2.629323846772131396e-03
1.183193502000000064e-01,2.629314165661728476e-03
1.183369348999999959e-01,2.629309325129941012e-03
1.183896732999999979e-01,2.629294803627570641e-03
1.184248192000000033e-01,2.629285122702712009e-03
1.184775183999999953e-01,2.629270601433490208e-03
1.186003924000000043e-01,2.629236719013849401e-03
1.186880815999999950e-01,2.629212517751947347e-03
1.187056117000000049e-01,2.629207677546513411e-03
1.187581862999999988e-01,2.629193157022851907e-03
1.188107377000000020e-01,2.629178636638364666e-03
1.188282496999999993e-01,2.629173796541113724e-03
1.188457591000000035e-01,2.629168956459147864e-03
1.189507612999999991e-01,2.629139916297266750e-03
1.191604881999999976e-01,2.629081837649601284e-03
1.191779488000000026e-01,2.629076997864369415e-03
1.192652134000000003e-01,2.629052799165875181e-03
1.193872765999999946e-01,2.629018921640214560e-03
1.194395511999999937e-01,2.629004402934346368e-03
1.195266247000000004e-01,2.628980205400315191e-03
1.195440318000000057e-01,2.628975365940152721e-03
1.196831975000000048e-01,2.628936650818933154e-03
1.197353428999999997e-01,2.628922132905079853e-03
1.198048347999999957e-01,2.628902775902982724e-03
1.199436978999999931e-01,2.628864062645689271e-03
1.199957301000000032e-01,2.628849545430906980e-03
1.200130692000000027e-01,2.628844706390028908e-03
1.200650713000000064e-01,2.628830189361993069e-03
1.200997268999999951e-01,2.628820511420033087e-03
1.201516915000000046e-01,2.628805994623505202e-03
1.202382493999999968e-01,2.628781800275275474e-03
1.203593257999999999e-01,2.628747928839064545e-03
1.203766123999999993e-01,2.628743090124493163e-03
1.204284575999999968e-01,2.628728574073604940e-03
1.204802804999999949e-01,2.628714058162688518e-03
1.205148166999999992e-01,2.628704380966921141e-03
1.205493428999999950e-01,2.628694703832749890e-03
1.206356155000000013e-01,2.628670511270073638e-03
1.207045890999999954e-01,2.628651157498363821e-03
1.207735233000000047e-01,2.628631803976014432e-03
1.207907507000000047e-01,2.628626965634903428e-03
1.208251981000000030e-01,2.628617288997679713e-03
1.208424181999999958e-01,2.628612450702095225e-03
1.209800902000000011e-01,2.628573744899798028e-03
1.211004249000000033e-01,2.628539878136614688e-03
1.211691339000000034e-01,2.628520526042437983e-03
1.211863051000000024e-01,2.628515688057904160e-03
1.212034738000000028e-01,2.628510850089217470e-03
1.212549653999999977e-01,2.628496336275376599e-03
1.213064352000000068e-01,2.628481822600237713e-03
1.213407361999999934e-01,2.628472146895107376e-03
1.213921696000000022e-01,2.628457633453362089e-03
1.214607136000000059e-01,2.628438282415484963e-03
1.214778435000000018e-01,2.628433444694006343e-03
1.216147962999999943e-01,2.628394743487847286e-03
1.216661138000000031e-01,2.628380230790985754e-03
1.217174097000000010e-01,2.628365718234713586e-03
1.217515948999999958e-01,2.628356043274730682e-03
1.219394424999999949e-01,2.628302832104137659e-03
1.220076789999999939e-01,2.628283483053102648e-03
1.220247321999999995e-01,2.628278645828551179e-03
1.220758774000000046e-01,2.628264134251024307e-03
1.222121599000000058e-01,2.628225437390542280e-03
1.222632267000000050e-01,2.628210926324129129e-03
1.222802442999999933e-01,2.628206089333017231e-03
1.223993007000000049e-01,2.628172230830289145e-03
1.224162993000000033e-01,2.628167393963851822e-03
1.224332954999999973e-01,2.628162557112646673e-03
1.224672809999999973e-01,2.628152883456221726e-03
1.225522032999999955e-01,2.628128699587952647e-03
1.225691807000000022e-01,2.628123862860312718e-03
1.226200987999999936e-01,2.628109352771059760e-03
1.226709956999999934e-01,2.628094842823584017e-03
1.226879567000000032e-01,2.628090006203793148e-03
1.227388254999999956e-01,2.628075496442140984e-03
1.228235601000000066e-01,2.628051313814972010e-03
1.228405000000000052e-01,2.628046477335603971e-03
1.230097705999999985e-01,2.627998113401908403e-03
1.230266849000000023e-01,2.627993277092579693e-03
1.231619152999999939e-01,2.627954587186777120e-03
1.232294748999999967e-01,2.627935242606713444e-03
1.232463589999999998e-01,2.627930406499997401e-03
1.232969973999999969e-01,2.627915898273814905e-03
1.233476151000000021e-01,2.627901390187217367e-03
1.234824939999999982e-01,2.627862702640927986e-03
1.234993434999999973e-01,2.627857866766578586e-03
1.236340570000000055e-01,2.627819180336197786e-03
1.237013586999999998e-01,2.627799837494606758e-03
1.237686238000000050e-01,2.627780494900458855e-03
1.238862498000000006e-01,2.627746645957485232e-03
1.239198366999999940e-01,2.627736974970233761e-03
1.240373193999999984e-01,2.627703127004786792e-03
1.240540935000000039e-01,2.627698291643113665e-03
1.240876350000000017e-01,2.627688620967182608e-03
1.241044023999999940e-01,2.627683785652229053e-03
1.241882051999999986e-01,2.627659609310085964e-03
1.242384596999999979e-01,2.627645103690796468e-03
1.242886938999999968e-01,2.627630598211617118e-03
1.243556412999999999e-01,2.627611257788923637e-03
1.244392748999999937e-01,2.627587082611668179e-03
1.244559949000000054e-01,2.627582247622641844e-03
1.245061412999999978e-01,2.627567742747656705e-03
1.245562676000000063e-01,2.627553238012387063e-03
1.245896739000000031e-01,2.627543568267213647e-03
1.246397665999999932e-01,2.627529063765233954e-03
1.247065254999999984e-01,2.627509724646785814e-03
1.248232677000000040e-01,2.627475881785999029e-03
1.248566024999999968e-01,2.627466212536957828e-03
1.248899284999999970e-01,2.627456543348557355e-03
1.249898531000000063e-01,2.627427536159944454e-03
1.250397853999999920e-01,2.627413032774932392e-03
1.251063309000000068e-01,2.627393695145257332e-03
1.251562167999999975e-01,2.627379192086145600e-03
1.252393156999999924e-01,2.627355020631011711e-03
1.252559289000000076e-01,2.627350186386005673e-03
1.253887550999999989e-01,2.627311512988089303e-03
1.255048625999999889e-01,2.627277674579052685e-03
1.255711616000000086e-01,2.627258338685954219e-03
1.256374255999999912e-01,2.627239003041922580e-03
1.256871006999999985e-01,2.627224501471966435e-03
1.257036547000000004e-01,2.627219667645567386e-03
1.257863919999999969e-01,2.627195498750669374e-03
1.258360081999999880e-01,2.627180997598615488e-03
1.259021328999999911e-01,2.627161662946316586e-03
1.259517035000000118e-01,2.627147162120677375e-03
1.260177674000000081e-01,2.627127827903017344e-03
1.261002985999999937e-01,2.627103660481028367e-03
1.261662846999999921e-01,2.627084326821184715e-03
1.261827758000000077e-01,2.627079493444691837e-03
1.262981534000000017e-01,2.627045660246834797e-03
1.264463413999999952e-01,2.627002161538204063e-03
1.264792483999999939e-01,2.626992495329189426e-03
1.264956988000000004e-01,2.626987662247140271e-03
1.265450368999999908e-01,2.626973163096322800e-03
1.266272243999999880e-01,2.626948998154814488e-03
1.266765113999999970e-01,2.626934499375489784e-03
1.267421974000000062e-01,2.626915167886891521e-03
1.268242572000000123e-01,2.626891003875504640e-03
1.268406628000000036e-01,2.626886171119279922e-03
1.268898668000000007e-01,2.626871672945265291e-03
1.269390516999999996e-01,2.626857174909664680e-03
1.269718310999999877e-01,2.626847509631025611e-03
1.270209843000000005e-01,2.626833011828841151e-03
1.270701184999999955e-01,2.626818514166514434e-03
1.270864922999999924e-01,2.626813681643487726e-03
1.272174071999999934e-01,2.626775022016027486e-03
1.272337621000000085e-01,2.626770189631894448e-03
1.272828141000000024e-01,2.626755692574293203e-03
1.273481874999999874e-01,2.626736363379685458e-03
1.273645256000000003e-01,2.626731531120149368e-03
1.274625101000000094e-01,2.626702537887414587e-03
1.275277914000000068e-01,2.626683209377255433e-03
1.276745521000000050e-01,2.626639721132853142e-03
1.277234348000000075e-01,2.626625225329748403e-03
1.277560128999999933e-01,2.626615561538939592e-03
1.277885826999999863e-01,2.626605897810764707e-03
1.278048645000000039e-01,2.626601065969419273e-03
1.278699709999999989e-01,2.626581738759359470e-03
1.280488429999999955e-01,2.626528590212431381e-03
1.281138253999999921e-01,2.626509263933128786e-03
1.281463043000000135e-01,2.626499600886880205e-03
1.283896338999999942e-01,2.626427130011807498e-03
1.284544438999999927e-01,2.626407805034344182e-03
1.285192213000000139e-01,2.626388480305719142e-03
1.285354105000000025e-01,2.626383649161331390e-03
1.285839659999999940e-01,2.626369155823306007e-03
1.286486780999999968e-01,2.626349831589691250e-03
1.286648511000000050e-01,2.626345000570289457e-03
1.287780048000000122e-01,2.626311183866166313e-03
1.287941615000000040e-01,2.626306352970091216e-03
1.288264688999999907e-01,2.626296691226170238e-03
1.288426195000000052e-01,2.626291860376328124e-03
1.289233422999999934e-01,2.626267706363549087e-03
1.290201430000000038e-01,2.626238722057681364e-03
1.290362693999999866e-01,2.626233891393889210e-03
1.291007547999999949e-01,2.626214568896706198e-03
1.291813162999999876e-01,2.626190416122875775e-03
1.292296290999999930e-01,2.626175924644798786e-03
1.293101103000000029e-01,2.626151772490864424e-03
1.293583749999999977e-01,2.626137281382896326e-03
1.295512538999999963e-01,2.626079318352181335e-03
1.295673142000000055e-01,2.626074488199447391e-03
1.295994287999999994e-01,2.626064827942321041e-03
1.296636341000000081e-01,2.626045507613994703e-03
1.296796805000000052e-01,2.626040677570512342e-03
1.297438461000000043e-01,2.626021357551174950e-03
1.298079799999999895e-01,2.626002037779845335e-03
1.298240085000000044e-01,2.625997207876396792e-03
1.298560595999999900e-01,2.625987548113781992e-03
1.299361528000000099e-01,2.625963398981731155e-03
1.299521654999999942e-01,2.625958569200789218e-03
1.301121842999999889e-01,2.625910272251846898e-03
1.301281753000000097e-01,2.625905442643492599e-03
1.301761367000000003e-01,2.625890953906277400e-03
1.301921198999999862e-01,2.625886124358415511e-03
1.303358805000000009e-01,2.625842659126345277e-03
1.303678057000000057e-01,2.625833000356524866e-03
1.304635345999999863e-01,2.625804024417854269e-03
1.305113727999999973e-01,2.625789536657316143e-03
1.305591932999999871e-01,2.625775049037397304e-03
1.305751296999999866e-01,2.625770219860884633e-03
1.306229268999999915e-01,2.625755732425820530e-03
1.307025501999999895e-01,2.625731587010619872e-03
1.307184690000000038e-01,2.625726757973900760e-03
1.308139412999999862e-01,2.625697784080610522e-03
1.308298465000000133e-01,2.625692955152215350e-03
1.308457499000000024e-01,2.625688126238505480e-03
1.309570191999999966e-01,2.625654324284548702e-03
1.309729071000000078e-01,2.625649495494531988e-03
1.310840685000000116e-01,2.625615694407732251e-03
1.311316801999999893e-01,2.625601208460301948e-03
1.311475470000000032e-01,2.625596379841559688e-03
1.312268518999999967e-01,2.625572236982052967e-03
1.312744117999999904e-01,2.625557751450754203e-03
1.313377983000000027e-01,2.625538437628298361e-03
1.313853181000000092e-01,2.625523952423139320e-03
1.314011542000000088e-01,2.625519124052657239e-03
1.314644795999999893e-01,2.625499810724552050e-03
1.315277744999999998e-01,2.625480497645503713e-03
1.315752256000000120e-01,2.625466012998431669e-03
1.316068501999999862e-01,2.625456356644373292e-03
1.316542729000000078e-01,2.625441872229048595e-03
1.317016785000000023e-01,2.625427387953919479e-03
1.318280101000000037e-01,2.625388763899894496e-03
1.318437929999999869e-01,2.625383935963531735e-03
1.318595740999999877e-01,2.625379108040610913e-03
1.319069059000000099e-01,2.625364624368854184e-03
1.321118145000000077e-01,2.625301863402766840e-03
1.321433106999999885e-01,2.625292208101782324e-03
1.322220182999999938e-01,2.625268070118237651e-03
1.322849506999999869e-01,2.625248760012170550e-03
1.323635740999999921e-01,2.625224622726514238e-03
1.323950104000000128e-01,2.625214967920385615e-03
1.324735684999999996e-01,2.625190831178243756e-03
1.325991646999999940e-01,2.625152213193013111e-03
1.326148558999999949e-01,2.625147386015599243e-03
1.326619182000000063e-01,2.625132904573264456e-03
1.327089637999999960e-01,2.625118423268472424e-03
1.327403182999999931e-01,2.625108769144773608e-03
1.328343374000000021e-01,2.625079807142432099e-03
1.328500008000000066e-01,2.625074980197233520e-03
1.328969798999999896e-01,2.625060499450967803e-03
1.329908881999999903e-01,2.625031538377080656e-03
1.330378174999999885e-01,2.625017058048714162e-03
1.331159962000000030e-01,2.624992924479822159e-03
1.331628814999999966e-01,2.624978444524000542e-03
1.332097502000000044e-01,2.624963964705601550e-03
1.332253693999999877e-01,2.624959138131679765e-03
1.333502575000000134e-01,2.624920526090674701e-03
1.333658601999999915e-01,2.624915699656470147e-03
1.333970603000000088e-01,2.624906046831221394e-03
1.334906168999999976e-01,2.624877088728856580e-03
1.335373705000000022e-01,2.624862609887537983e-03
1.335996832999999939e-01,2.624843304982741286e-03
1.336463988000000103e-01,2.624828826465080891e-03
1.336619671000000009e-01,2.624824000324169071e-03
1.337242217999999871e-01,2.624804695913222560e-03
1.338330979000000032e-01,2.624770913789654849e-03
1.338641891000000028e-01,2.624761261895475119e-03
1.340971431999999908e-01,2.624688874649369445e-03
1.341126591000000035e-01,2.624684048956622568e-03
1.341591960000000083e-01,2.624669571971872690e-03
1.342057167000000051e-01,2.624655095126655294e-03
1.342212201000000105e-01,2.624650269541750104e-03
1.342367215999999974e-01,2.624645443973276648e-03
1.343451823000000045e-01,2.624611665424480926e-03
1.343606696000000100e-01,2.624606839979986856e-03
1.344845033000000023e-01,2.624568236978067678e-03
1.345309115999999972e-01,2.624553761106085230e-03
1.345773037999999922e-01,2.624539285376000560e-03
1.346391352999999902e-01,2.624519984617746347e-03
1.346545888000000024e-01,2.624515159466794811e-03
1.347009383999999976e-01,2.624500684105772995e-03
1.347163848000000053e-01,2.624495859016015998e-03
1.347781523999999898e-01,2.624476558814882107e-03
1.348398918000000002e-01,2.624457258861227771e-03
1.348861778000000067e-01,2.624442784058478133e-03
1.349016029000000005e-01,2.624437959154225525e-03
1.350249404999999958e-01,2.624399360483746068e-03
1.350711631000000024e-01,2.624384886237061607e-03
1.350865670999999990e-01,2.624380061519237563e-03
1.351327686000000083e-01,2.624365587458430456e-03
1.351943459999999930e-01,2.624346288928862663e-03
1.352251241999999909e-01,2.624336639755343870e-03
1.352712784000000001e-01,2.624322166112432516e-03
1.353942793000000033e-01,2.624283570412255014e-03
1.354557378000000034e-01,2.624264272932272119e-03
1.354710980999999925e-01,2.624259448602312729e-03
1.355939177000000107e-01,2.624220854509394258e-03
1.356246051999999980e-01,2.624211206142222207e-03
1.356399463000000083e-01,2.624206381981805582e-03
1.357166260999999874e-01,2.624182261407645607e-03
1.358085847000000124e-01,2.624153317231320802e-03
1.358698557999999945e-01,2.624134021422554891e-03
1.358851692999999972e-01,2.624129197510109614e-03
1.359464059000000113e-01,2.624109902010746814e-03
1.359617106999999880e-01,2.624105078174481485e-03
1.360840875000000061e-01,2.624066488042608915e-03
1.361299504000000049e-01,2.624052016998255216e-03
1.361757979000000063e-01,2.624037546094049392e-03
1.361910769999999937e-01,2.624032722489534879e-03
1.363590336999999930e-01,2.623979663863579368e-03
1.363742921999999969e-01,2.623974840445568446e-03
1.364505592999999961e-01,2.623950723584604454e-03
1.364962990999999959e-01,2.623936253655113297e-03
1.365572616000000072e-01,2.623916960630187818e-03
1.366791052000000117e-01,2.623878375323579135e-03
1.366943280000000038e-01,2.623873552228833499e-03
1.367399861999999966e-01,2.623859083041116605e-03
1.367856292000000085e-01,2.623844613991011421e-03
1.368160494000000005e-01,2.623834968035574679e-03
1.368464628999999932e-01,2.623825322141457809e-03
1.369224669999999922e-01,2.623801207677247619e-03
1.370439857999999900e-01,2.623762625338034362e-03
1.370591680999999895e-01,2.623757802617110359e-03
1.370895276000000107e-01,2.623748157216487624e-03
1.371047048000000046e-01,2.623743334539981650e-03
1.371502263999999915e-01,2.623728866604510025e-03
1.372260621999999985e-01,2.623704753687242531e-03
1.374078974000000064e-01,2.623646884261047942e-03
1.374230395000000104e-01,2.623642061910696870e-03
1.375289872999999885e-01,2.623608305880843154e-03
1.375441161000000023e-01,2.623603483652376354e-03
1.375894923000000047e-01,2.623589017062496771e-03
1.376348535999999956e-01,2.623574550610704645e-03
1.376499707000000128e-01,2.623569728490236525e-03
1.377708478000000125e-01,2.623531152088400160e-03
1.377859499999999904e-01,2.623526330107918587e-03
1.379067079000000084e-01,2.623487754819825869e-03
1.379519649000000014e-01,2.623473289340998941e-03
1.380575068000000072e-01,2.623439537099961274e-03
1.380725775999999960e-01,2.623434715413923424e-03
1.381479070999999947e-01,2.623410607210944785e-03
1.381930851000000016e-01,2.623396142474473686e-03
1.382683489000000043e-01,2.623372034889872358e-03
1.383134874999999986e-01,2.623357570523654567e-03
1.384788700000000039e-01,2.623304535707788373e-03
1.385089183000000057e-01,2.623294893215876670e-03
1.385389600999999971e-01,2.623285250785568467e-03
1.385990242000000039e-01,2.623265966107328311e-03
1.386290464000000111e-01,2.623256323862045714e-03
1.386740676999999866e-01,2.623241860610088082e-03
1.387190742999999948e-01,2.623227397497081368e-03
1.387340732000000021e-01,2.623222576490277531e-03
1.387490705999999963e-01,2.623217755497664599e-03
1.387790603999999872e-01,2.623208113562668087e-03
1.388540065999999962e-01,2.623184008992375613e-03
1.389139343999999943e-01,2.623164725612437201e-03
1.389588633000000129e-01,2.623150263241398605e-03
1.390337125999999979e-01,2.623126159598133250e-03
1.390935630000000034e-01,2.623106876962168731e-03
1.392131866000000107e-01,2.623068312428623438e-03
1.392281324000000098e-01,2.623063491932463211e-03
1.392580190000000107e-01,2.623053850985228221e-03
1.393476405000000085e-01,2.623024928513777859e-03
1.394372043000000061e-01,2.622996006598160654e-03
1.394521260000000096e-01,2.622991186333847521e-03
1.395565333999999880e-01,2.622957444909234867e-03
1.395863497000000009e-01,2.622947804641458103e-03
1.396310622999999973e-01,2.622933344356514259e-03
1.396757604999999958e-01,2.622918884210661845e-03
1.396906566999999988e-01,2.622914064191253069e-03
1.397502257999999886e-01,2.622894784273699983e-03
1.398246513999999996e-01,2.622870684725418094e-03
1.399287808000000133e-01,2.622836946005712051e-03
1.399436501000000110e-01,2.622832126249722770e-03
1.399882484999999954e-01,2.622817667076843360e-03
1.400625477000000119e-01,2.622793568764922312e-03
1.401071081999999968e-01,2.622779109961410199e-03
1.401665002999999965e-01,2.622759831774821877e-03
1.402110277999999988e-01,2.622745373297581326e-03
1.402852089999999941e-01,2.622721276141152212e-03
1.403445257000000002e-01,2.622701998695983836e-03
1.403889966999999905e-01,2.622687540773826608e-03
1.405075174000000038e-01,2.622648986995570770e-03
1.405223254999999893e-01,2.622644167843034974e-03
1.406407338000000007e-01,2.622605615176117587e-03
1.406555278999999936e-01,2.622600796162673220e-03
1.406851112999999986e-01,2.622591158181050361e-03
1.407590425999999950e-01,2.622567063499180867e-03
1.407738242000000084e-01,2.622562244608905337e-03
1.408181597000000007e-01,2.622547788029686456e-03
1.408624812000000004e-01,2.622533331591327121e-03
1.408920210999999867e-01,2.622523694041695944e-03
1.409215548999999956e-01,2.622514056554521751e-03
1.409953622000000018e-01,2.622489963107238042e-03
1.410101189999999893e-01,2.622485144464456377e-03
1.411281181000000051e-01,2.622446595875645332e-03
1.411723423000000033e-01,2.622432140407385866e-03
1.412312863999999890e-01,2.622412866670521120e-03
1.412902058999999932e-01,2.622393593178822240e-03
1.413491007999999882e-01,2.622374319933732951e-03
1.413638207000000035e-01,2.622369501659885770e-03
1.413932558999999867e-01,2.622359865161170891e-03
1.414079712000000100e-01,2.622355046935794052e-03
1.414521079000000126e-01,2.622340592349384301e-03
1.414815248000000081e-01,2.622330956036621370e-03
1.415256386000000033e-01,2.622316501683080031e-03
1.415844356000000026e-01,2.622297229425342435e-03
1.416285173000000064e-01,2.622282775396072955e-03
1.417019563999999954e-01,2.622258685655161261e-03
1.418340509000000083e-01,2.622215325092479635e-03
1.419220455000000103e-01,2.622186418747699584e-03
1.419513649999999960e-01,2.622176783423228134e-03
1.420539353999999976e-01,2.622143060270314737e-03
1.420685821999999876e-01,2.622138242738951321e-03
1.420978713999999921e-01,2.622128607721493400e-03
1.422295982000000014e-01,2.622085250913967248e-03
1.423319681000000114e-01,2.622051529814148959e-03
1.423465864000000025e-01,2.622046712576294250e-03
1.424196550999999866e-01,2.622022626616866796e-03
1.424634784000000098e-01,2.622008175227506007e-03
1.425072881999999985e-01,2.621993723977389303e-03
1.425364872999999866e-01,2.621984089887950762e-03
1.425802747000000092e-01,2.621969638867330601e-03
1.426386369000000043e-01,2.621950371058317381e-03
1.427407133999999966e-01,2.621916652984425389e-03
1.427990101000000123e-01,2.621897385854292297e-03
1.428135805000000091e-01,2.621892569110505482e-03
1.428572830000000016e-01,2.621878118972196907e-03
1.428718475000000099e-01,2.621873302288570736e-03
1.429300907000000120e-01,2.621854035715036248e-03
1.429883100999999879e-01,2.621834769385670595e-03
1.430319592000000029e-01,2.621820319803281913e-03
1.431628265000000066e-01,2.621776971883788433e-03
1.432354788000000101e-01,2.621752890247503517e-03
1.432645294999999874e-01,2.621743257701186075e-03
1.432790526000000120e-01,2.621738441450382519e-03
1.433226130999999959e-01,2.621723992794190890e-03
1.433371303000000041e-01,2.621719176604478656e-03
1.433951844999999947e-01,2.621699912004252838e-03
1.434677192000000101e-01,2.621675831602965703e-03
1.434967228000000039e-01,2.621666199551474664e-03
1.435112223999999992e-01,2.621661383548769958e-03
1.435836984999999955e-01,2.621637303763142256e-03
1.436271665999999947e-01,2.621622856078482510e-03
1.436851036000000026e-01,2.621603592711884475e-03
1.437285409999999874e-01,2.621589145351618019e-03
1.438009075999999997e-01,2.621565066723716142e-03
1.438587745999999890e-01,2.621545804100870389e-03
1.439744389000000013e-01,2.621507279593970289e-03
1.440322361999999967e-01,2.621488017709856528e-03
1.440466819000000009e-01,2.621483202278677722e-03
1.441477613000000102e-01,2.621449494683893763e-03
1.441910593999999879e-01,2.621435048803984810e-03
1.442487698999999901e-01,2.621415787846714286e-03
1.442776165000000110e-01,2.621406157459555113e-03
1.443641216999999866e-01,2.621377266671220084e-03
1.443785341999999916e-01,2.621372451595024682e-03
1.444361698000000138e-01,2.621353191438922751e-03
1.444937823999999926e-01,2.621333931531706803e-03
1.445081820000000128e-01,2.621329116592726292e-03
1.445513720000000113e-01,2.621314671871203227e-03
1.445945492000000054e-01,2.621300227286632676e-03
1.447096254000000137e-01,2.621261709073501901e-03
1.448389767999999911e-01,2.621218377266905028e-03
1.448533421000000043e-01,2.621213562698693472e-03
1.448820682999999998e-01,2.621203933607296407e-03
1.448964292000000098e-01,2.621199119085324773e-03
1.449682127999999959e-01,2.621175046707063024e-03
1.450686501000000017e-01,2.621141346025362452e-03
1.450829925999999881e-01,2.621136531703009784e-03
1.451833503999999941e-01,2.621102831885669445e-03
1.451976815999999892e-01,2.621098017687846938e-03
1.452406666000000124e-01,2.621083575185917305e-03
1.452836389999999922e-01,2.621069132821946760e-03
1.453552312999999985e-01,2.621045062528256243e-03
1.454124797000000135e-01,2.621025806566884379e-03
1.454697057000000071e-01,2.621006550855800588e-03
1.455412064000000116e-01,2.620982481562152567e-03
1.456269609999999992e-01,2.620953598919640096e-03
1.456555347000000056e-01,2.620943971493325166e-03
1.456983846000000082e-01,2.620929530472236157e-03
1.457554983000000082e-01,2.620910275994925865e-03
1.457983189000000013e-01,2.620895835298425302e-03
1.458696586000000073e-01,2.620871767776887951e-03
1.458839222999999963e-01,2.620866954320601617e-03
1.459694756000000093e-01,2.620838073897705997e-03
1.459837296000000006e-01,2.620833260547441625e-03
1.459979821999999872e-01,2.620828447214854952e-03
1.460407317000000094e-01,2.620814007303235230e-03
1.460834685999999882e-01,2.620799567530727753e-03
1.462542916000000026e-01,2.620741809832540219e-03
1.462685177999999975e-01,2.620736996791463418e-03
1.464391248999999950e-01,2.620679241498480392e-03
1.464817456999999989e-01,2.620664803022594146e-03
1.465527527000000108e-01,2.620640739202481379e-03
1.465669498999999931e-01,2.620635926485250129e-03
1.466095335000000000e-01,2.620621488424783752e-03
1.468789426999999870e-01,2.620530050601484629e-03
1.468931083999999998e-01,2.620525238237385833e-03
1.469072727999999883e-01,2.620520425889417797e-03
1.469355974999999870e-01,2.620510801242277761e-03
1.469497577999999971e-01,2.620505988940475053e-03
1.470063852999999865e-01,2.620486739890149578e-03
1.470205387000000086e-01,2.620481927664015075e-03
1.470629908999999957e-01,2.620467491084442664e-03
1.471054309000000004e-01,2.620453054643505017e-03
1.471337174000000025e-01,2.620443430426059022e-03
1.471619985000000019e-01,2.620433806269396437e-03
1.472326774000000116e-01,2.620409746153170693e-03
1.472468090999999868e-01,2.620404934174182677e-03
1.472891960999999916e-01,2.620390498333334452e-03
1.473598140000000056e-01,2.620366438909151920e-03
1.473880516999999946e-01,2.620356815246929327e-03
1.474445108999999920e-01,2.620337568108360628e-03
1.475714650000000128e-01,2.620294262947099433e-03
1.475855641999999912e-01,2.620289451336926204e-03
1.476278540000000028e-01,2.620275016608998066e-03
1.476983098999999910e-01,2.620250959031635105e-03
1.477405673999999947e-01,2.620236524671920673e-03
1.477828127999999963e-01,2.620222090451886175e-03
1.477968919000000048e-01,2.620217279074207092e-03
1.478391212000000066e-01,2.620202845036755275e-03
1.478954080999999865e-01,2.620183599871007789e-03
1.479657366999999890e-01,2.620159543760640624e-03
1.480219755000000137e-01,2.620140299148661974e-03
1.480360319000000036e-01,2.620135488034979181e-03
1.481343890000000052e-01,2.620101810664945876e-03
1.481484346999999979e-01,2.620096999672661200e-03
1.482467172999999971e-01,2.620063323166864095e-03
1.482888185000000025e-01,2.620048890611951630e-03
1.483449347999999945e-01,2.620029647416190818e-03
1.483729850000000128e-01,2.620020025912979476e-03
1.484711190000000125e-01,2.619986351133455141e-03
1.485131564999999931e-01,2.619971919314948404e-03
1.485831927000000052e-01,2.619947866594099940e-03
1.486391978999999919e-01,2.619928624693508394e-03
1.487091747000000019e-01,2.619904572666981700e-03
1.487511448999999930e-01,2.619890141634943943e-03
1.488070868999999963e-01,2.619870900475280116e-03
1.489049347999999995e-01,2.619837229040861224e-03
1.489189077999999999e-01,2.619832418895743937e-03
1.489328795000000039e-01,2.619827608768273124e-03
1.489747867000000003e-01,2.619813178477373421e-03
1.490306446999999923e-01,2.619793938302640915e-03
1.490446059999999961e-01,2.619789128297795970e-03
1.490864818000000036e-01,2.619774698375750520e-03
1.491422980000000065e-01,2.619755458694608425e-03
1.492538676999999869e-01,2.619716980073386395e-03
1.492678081000000101e-01,2.619712170315817608e-03
1.494071399999999938e-01,2.619664073576688859e-03
1.494210660999999996e-01,2.619659263988868402e-03
1.496019868000000030e-01,2.619596740735940545e-03
1.496298013000000038e-01,2.619587122003804239e-03
1.496437066000000093e-01,2.619582312660474407e-03
1.496854149000000078e-01,2.619567884726566476e-03
1.497132139000000028e-01,2.619558266180020863e-03
1.497549028000000060e-01,2.619543838475171457e-03
1.497965800999999930e-01,2.619529410909975532e-03
1.498104698999999929e-01,2.619524601754296377e-03
1.499354206000000078e-01,2.619481320027425460e-03
1.500186632999999936e-01,2.619452466236657767e-03
1.500325325999999904e-01,2.619447657326959365e-03
1.500464005999999906e-01,2.619442848430116131e-03
1.500879968999999925e-01,2.619428421834468865e-03
1.501295816999999866e-01,2.619413995377576059e-03
1.501434407999999998e-01,2.619409186589883361e-03
1.502681146000000023e-01,2.619365908191123235e-03
1.503096496000000115e-01,2.619351482337787997e-03
1.504203534000000120e-01,2.619313014066419754e-03
1.504618463000000073e-01,2.619298588718573396e-03
1.504756747999999866e-01,2.619293780301180843e-03
1.505171525000000010e-01,2.619279355136951929e-03
1.505309757999999942e-01,2.619274546780737001e-03
1.505862565999999958e-01,2.619255313507090534e-03
1.506000735999999951e-01,2.619250505228645862e-03
1.507105640999999996e-01,2.619212039543641467e-03
1.508071769000000062e-01,2.619178382880002227e-03
1.509175157000000045e-01,2.619139919045731808e-03
1.509588719999999940e-01,2.619125495361145691e-03
1.509726549000000029e-01,2.619120687497910552e-03
1.510139960999999920e-01,2.619106263996981345e-03
1.510415505999999908e-01,2.619096648408148365e-03
1.510828728999999981e-01,2.619082225139130436e-03
1.511517183999999958e-01,2.619058186665593202e-03
1.511792477999999995e-01,2.619048571386020652e-03
1.512618058999999904e-01,2.619019725910922726e-03
1.513030680999999933e-01,2.619005303381720991e-03
1.513718133999999993e-01,2.618981266137701547e-03
1.513993026999999880e-01,2.618971651351030289e-03
1.514542664999999899e-01,2.618952421957929880e-03
1.514680043999999948e-01,2.618947614646904929e-03
1.515229432000000098e-01,2.618928385561436478e-03
1.515778621999999964e-01,2.618909156723796695e-03
1.516190383000000086e-01,2.618894735257038930e-03
1.516327611999999936e-01,2.618889928132353637e-03
1.517836311999999910e-01,2.618837050772450641e-03
1.517973393000000004e-01,2.618832243832058468e-03
1.518384559000000023e-01,2.618817823105455602e-03
1.519069588999999998e-01,2.618793788866260411e-03
1.520164995000000130e-01,2.618755334881935504e-03
1.520301864999999975e-01,2.618750528205866616e-03
1.520712402000000130e-01,2.618736108262910336e-03
1.522353442000000112e-01,2.618678429872780752e-03
1.522490115000000033e-01,2.618673623441101009e-03
1.522900061999999943e-01,2.618659204235602132e-03
1.523309898000000107e-01,2.618644785171807612e-03
1.523583061999999877e-01,2.618635172537032204e-03
1.523992714000000082e-01,2.618620753701724185e-03
1.524402256999999872e-01,2.618606335006482509e-03
1.524538746999999916e-01,2.618601528804765082e-03
1.525766605999999970e-01,2.618558273683584039e-03
1.526175671999999983e-01,2.618543855587901394e-03
1.526857206999999994e-01,2.618519825735198241e-03
1.527674646000000136e-01,2.618490990418582010e-03
1.528899987000000016e-01,2.618447738485081555e-03
1.529036075000000106e-01,2.618442932791870993e-03
1.529308215000000082e-01,2.618433321450649390e-03
1.529988354000000050e-01,2.618409293367819114e-03
1.530124344999999886e-01,2.618404487797296870e-03
1.530532246999999901e-01,2.618390071179139359e-03
1.531211842000000101e-01,2.618366043789228763e-03
1.531483596000000058e-01,2.618356432937646739e-03
1.532162769000000035e-01,2.618332406088665857e-03
1.532705890999999931e-01,2.618313184882837055e-03
1.533113106000000003e-01,2.618298769140224407e-03
1.533384523000000110e-01,2.618289158722500627e-03
1.533655891000000049e-01,2.618279548365999142e-03
1.533791557999999999e-01,2.618274743212605903e-03
1.534334102999999894e-01,2.618255522744295655e-03
1.534876456000000000e-01,2.618236302526275212e-03
1.535554128999999934e-01,2.618212277597192598e-03
1.535825114000000102e-01,2.618202667732581930e-03
1.535960588999999987e-01,2.618197862823393087e-03
1.536366940999999986e-01,2.618183448191182573e-03
1.536637782999999979e-01,2.618173838512316120e-03
1.537991277000000101e-01,2.618125791038021337e-03
1.538667576999999953e-01,2.618101767879825112e-03
1.538802801999999970e-01,2.618096963292350279e-03
1.539208404000000086e-01,2.618082549626471380e-03
1.539613898999999952e-01,2.618068136100162695e-03
1.540289487000000013e-01,2.618044113865738813e-03
1.540964779000000007e-01,2.618020092014100315e-03
1.541909690000000110e-01,2.617986462066016623e-03
1.542044630999999943e-01,2.617981657848875762e-03
1.542314475000000074e-01,2.617972049460989218e-03
1.542449379999999981e-01,2.617967245292254948e-03
1.543123727000000056e-01,2.617943224670439984e-03
1.543528192999999993e-01,2.617928812482020300e-03
1.544067316999999939e-01,2.617909596446264635e-03
1.544471535999999978e-01,2.617895184582474163e-03
1.544606252999999874e-01,2.617890380655988822e-03
1.545144999999999991e-01,2.617871165112003844e-03
1.545683559999999901e-01,2.617851949816218330e-03
1.546356496000000080e-01,2.617827931040228942e-03
1.546760118000000128e-01,2.617813519958159512e-03
1.548239160999999864e-01,2.617760680514573737e-03
1.548910987000000072e-01,2.617736663199228455e-03
1.549448237999999922e-01,2.617717449625937918e-03
1.549582522000000073e-01,2.617712646269818814e-03
1.550387978999999972e-01,2.617683826462263632e-03
1.550522180999999999e-01,2.617679023213255463e-03
1.550924717999999924e-01,2.617664613562308180e-03
1.551595380999999940e-01,2.617640597785332590e-03
1.552533822999999924e-01,2.617606976345504630e-03
1.552801845000000014e-01,2.617597370357364287e-03
1.553605633000000041e-01,2.617568552761693861e-03
1.553739557000000104e-01,2.617563749884681094e-03
1.554810536000000021e-01,2.617525327407431348e-03
1.555211962999999975e-01,2.617510919235105978e-03
1.555345749000000000e-01,2.617506116540102568e-03
1.556014505999999964e-01,2.617482103298489956e-03
1.556415623000000081e-01,2.617467695541673793e-03
1.556950283999999907e-01,2.617448485410133613e-03
1.557885499999999979e-01,2.617414868271779761e-03
1.558152600999999915e-01,2.617405263513990308e-03
1.558553166999999962e-01,2.617390856494046514e-03
1.558953630000000090e-01,2.617376449611246922e-03
1.560154403000000023e-01,2.617333229791996528e-03
1.560287764999999938e-01,2.617328427667041033e-03
1.561220982000000035e-01,2.617294813222790367e-03
1.561354252999999914e-01,2.617290011218962806e-03
1.561620760999999913e-01,2.617280407260258544e-03
1.561753998000000032e-01,2.617275605304401724e-03
1.562153639999999954e-01,2.617261199526768438e-03
1.562819484000000092e-01,2.617237190207586783e-03
1.563751188999999986e-01,2.617203577808512212e-03
1.563884245000000117e-01,2.617198776096310749e-03
1.564416352999999926e-01,2.617179569411352564e-03
1.564549352000000060e-01,2.617174767776126419e-03
1.566542979999999974e-01,2.617102745123110839e-03
1.567472471999999950e-01,2.617069135731170306e-03
1.567605212000000026e-01,2.617064334452556471e-03
1.567737939999999941e-01,2.617059533187419702e-03
1.568666723999999901e-01,2.617025924768076172e-03
1.568799361999999864e-01,2.617021123627413185e-03
1.569197210000000120e-01,2.617006720294252475e-03
1.569594957999999874e-01,2.616992317100610369e-03
1.570125131000000007e-01,2.616973113056587398e-03
1.570787596000000064e-01,2.616949108350149523e-03
1.570920054999999926e-01,2.616944307452908139e-03
1.571317365999999882e-01,2.616929904858680649e-03
1.571979329000000036e-01,2.616905900843103771e-03
1.572376372000000022e-01,2.616891498614710380e-03
1.572905608000000066e-01,2.616872295863157880e-03
1.573434665000000010e-01,2.616853093357489855e-03
1.573963545000000019e-01,2.616833891093991397e-03
1.574095736999999995e-01,2.616829090569987911e-03
1.574360087999999991e-01,2.616819489560466647e-03
1.574888657000000081e-01,2.616800287730580103e-03
1.575549119000000109e-01,2.616776285788541614e-03
1.575945263000000096e-01,2.616761884807630376e-03
1.576473301000000105e-01,2.616742683715862598e-03
1.577265025000000043e-01,2.616713882537639434e-03
1.577660738999999979e-01,2.616699482152535020e-03
1.578320039999999980e-01,2.616675481825269083e-03
1.578715488999999916e-01,2.616661081811216816e-03
1.579242600000000107e-01,2.616641882010051646e-03
1.579374350999999954e-01,2.616637082096073211e-03
1.580296294999999906e-01,2.616603483142163761e-03
1.580427957999999966e-01,2.616598683352981333e-03
1.580822879000000070e-01,2.616584284077926904e-03
1.581480862999999903e-01,2.616560285592327111e-03
1.583453172000000020e-01,2.616488292439610001e-03
1.583978706999999986e-01,2.616469094851265470e-03
1.584372742999999861e-01,2.616454696818288662e-03
1.585029253000000138e-01,2.616430700405629212e-03
1.586734907000000028e-01,2.616368311534031637e-03
1.586997152000000078e-01,2.616358713475184800e-03
1.587128258999999930e-01,2.616353914468449830e-03
1.587521514000000133e-01,2.616339517544216762e-03
1.587652576999999954e-01,2.616334718599592699e-03
1.587783628999999974e-01,2.616329919670381653e-03
1.588700692999999997e-01,2.616296327598314521e-03
1.588831659000000118e-01,2.616291528792512137e-03
1.589093558999999933e-01,2.616281931224139715e-03
1.589748119000000126e-01,2.616257937580006559e-03
1.589878999000000070e-01,2.616253138893976857e-03
1.590925649000000108e-01,2.616214749979950058e-03
1.591187202999999883e-01,2.616205152907421019e-03
1.591317965000000056e-01,2.616200354392673576e-03
1.591710184000000028e-01,2.616185958943327127e-03
1.591840902999999974e-01,2.616181160487610589e-03
1.592363669000000093e-01,2.616161966832236327e-03
1.593016885000000105e-01,2.616137975104638243e-03
1.593278096999999893e-01,2.616128378520243478e-03
1.593408685999999908e-01,2.616123580251626408e-03
1.594453019000000027e-01,2.616085194656015897e-03
1.594974929000000097e-01,2.616066002225277045e-03
1.595887860999999908e-01,2.616032416064674373e-03
1.596018237000000062e-01,2.616027618101408100e-03
1.596148602000000138e-01,2.616022820154933516e-03
1.596539634999999957e-01,2.616008426410649807e-03
1.597191142999999924e-01,2.615984437139394145e-03
1.597581921000000016e-01,2.615970043763778206e-03
1.598102808999999902e-01,2.615950852807490557e-03
1.599144076000000025e-01,2.615912471631771583e-03
1.599534375999999980e-01,2.615898078945313576e-03
1.600054629000000062e-01,2.615878888911368858e-03
1.600314690999999900e-01,2.615869293986862465e-03
1.601224578000000065e-01,2.615835712230132892e-03
1.601744281999999964e-01,2.615816522995690133e-03
1.602393673999999990e-01,2.615792536795685189e-03
1.602783183000000000e-01,2.615778145258800241e-03
1.603172596999999922e-01,2.615763753864228103e-03
1.603432153999999887e-01,2.615754159673527521e-03
1.604210574000000111e-01,2.615725377480795488e-03
1.604340273000000039e-01,2.615720580499876664e-03
1.605766279999999990e-01,2.615667814744375604e-03
1.605895854000000122e-01,2.615663017949837205e-03
1.606414046000000095e-01,2.615643830924210041e-03
1.606932071000000128e-01,2.615624644144924453e-03
1.607320479999999885e-01,2.615610254221051745e-03
1.607838212999999905e-01,2.615591067869684708e-03
1.608485145000000116e-01,2.615567085279910803e-03
1.608614499999999892e-01,2.615562288807835815e-03
1.609002502999999917e-01,2.615547899479749548e-03
1.609390411999999937e-01,2.615533510293512921e-03
1.609907479999999891e-01,2.615514324928420314e-03
1.610036719999999866e-01,2.615509528623246541e-03
1.611586801999999874e-01,2.615451974179547334e-03
1.611715907999999864e-01,2.615447178075489161e-03
1.612103165000000060e-01,2.615432789853659474e-03
1.612748385999999978e-01,2.615408809794100321e-03
1.613135394000000111e-01,2.615394421942497487e-03
1.613651261000000059e-01,2.615375238356434928e-03
1.614038053999999889e-01,2.615360850825696089e-03
1.614811359999999973e-01,2.615332076181267184e-03
1.615197874000000033e-01,2.615317689064735208e-03
1.615584295999999975e-01,2.615303302086513168e-03
1.615713082999999939e-01,2.615298506459186496e-03
1.615841859000000102e-01,2.615293710845224568e-03
1.616228127000000070e-01,2.615279324102199807e-03
1.616614302999999919e-01,2.615264937491431230e-03
1.616871702000000077e-01,2.615255346494978032e-03
1.617900888999999898e-01,2.615216983126873816e-03
1.618158083000000025e-01,2.615207392436352113e-03
1.619314953000000057e-01,2.615164235097808959e-03
1.619700393000000072e-01,2.615149849591550529e-03
1.619828852000000097e-01,2.615145054456057862e-03
1.620342587999999973e-01,2.615125874061752058e-03
1.621369571999999870e-01,2.615087514005424042e-03
1.622011106000000036e-01,2.615063539469390103e-03
1.622908828999999886e-01,2.615029975764753337e-03
1.623934189000000028e-01,2.614991618162680435e-03
1.624062313999999896e-01,2.614986823531002640e-03
1.624318533000000120e-01,2.614977234316799570e-03
1.624446626999999921e-01,2.614972439731392921e-03
1.624830848999999910e-01,2.614958056067049567e-03
1.625854998000000051e-01,2.614919700309569720e-03
1.625982971000000110e-01,2.614914905907808704e-03
1.626110933999999897e-01,2.614910111522766520e-03
1.627006394000000133e-01,2.614876551251915128e-03
1.627134276999999962e-01,2.614871756991798621e-03
1.628156977000000116e-01,2.614833403439147975e-03
1.628540323000000067e-01,2.614819021112411730e-03
1.628923579999999871e-01,2.614804638920865953e-03
1.629562139999999881e-01,2.614780668908833847e-03
1.630072808999999956e-01,2.614761493177898428e-03
1.630455704999999866e-01,2.614747111538685137e-03
1.630583317000000032e-01,2.614742317689169003e-03
1.631603855000000047e-01,2.614703967451660789e-03
1.631986391999999952e-01,2.614689586367156555e-03
1.632113883999999904e-01,2.614684792704225977e-03
1.632496301999999955e-01,2.614670411802985737e-03
1.633006053000000124e-01,2.614651237480977979e-03
1.633133465000000117e-01,2.614646443937655284e-03
1.633260867999999921e-01,2.614641650411520662e-03
1.633643016999999920e-01,2.614627269924058375e-03
1.634025077000000048e-01,2.614612889575300674e-03
1.634279734000000095e-01,2.614603302749831781e-03
1.634661645000000108e-01,2.614588922629355015e-03
1.635170720000000133e-01,2.614569749351332469e-03
1.636315560999999918e-01,2.614526610370770682e-03
1.636569861999999931e-01,2.614517024103230926e-03
1.636696997000000042e-01,2.614512230989428799e-03
1.637332525999999899e-01,2.614488265654653972e-03
1.637713725000000120e-01,2.614473886639673977e-03
1.638221851999999978e-01,2.614454714835624284e-03
1.638602844000000003e-01,2.614440336140477425e-03
1.639364561999999970e-01,2.614411579167287558e-03
1.640125926999999872e-01,2.614382822746917200e-03
1.640379637000000113e-01,2.614373237394730740e-03
1.640760126999999957e-01,2.614358859480204675e-03
1.641140530000000097e-01,2.614344481706741552e-03
1.641267311000000062e-01,2.614339689146388639e-03
1.642154506999999874e-01,2.614306141652341167e-03
1.642281210000000047e-01,2.614301349216844976e-03
1.642661260000000123e-01,2.614286971994235487e-03
1.642787924000000122e-01,2.614282179615940501e-03
1.644307130000000061e-01,2.614224672292803087e-03
1.644433667000000099e-01,2.614219880113572390e-03
1.644686711999999995e-01,2.614210295806664811e-03
1.645319154999999867e-01,2.614186335304328687e-03
1.645445614000000112e-01,2.614181543246986601e-03
1.646456939000000008e-01,2.614143207362065648e-03
1.646709672999999985e-01,2.614133623543418543e-03
1.647341338999999960e-01,2.614109664270325255e-03
1.647846497000000077e-01,2.614090497122854937e-03
1.648351500999999941e-01,2.614071330220805057e-03
1.648477727999999864e-01,2.614066538535477022e-03
1.650243888000000048e-01,2.613999456532149421e-03
1.650748157999999965e-01,2.613980290792953642e-03
1.651378279000000060e-01,2.613956333969784298e-03
1.651504273999999939e-01,2.613951542651624365e-03
1.652260043999999872e-01,2.613922795059338538e-03
1.652385972000000036e-01,2.613918003850356896e-03
1.652511891000000011e-01,2.613913212652581135e-03
1.652889589000000048e-01,2.613898839155410006e-03
1.653267200000000103e-01,2.613884465796916141e-03
1.653393052000000085e-01,2.613879674708676458e-03
1.653518894000000072e-01,2.613874883633377378e-03
1.654399518000000124e-01,2.613841346548576722e-03
1.654902521999999931e-01,2.613822182832980980e-03
1.655531061999999942e-01,2.613798228539439619e-03
1.656787426000000119e-01,2.613750321096180648e-03
1.656913010000000130e-01,2.613745530438423437e-03
1.657540787000000015e-01,2.613721577367830902e-03
1.657917338999999879e-01,2.613707205708053725e-03
1.658544735999999964e-01,2.613683253252065911e-03
1.658921060999999919e-01,2.613668881960897090e-03
1.659422694000000087e-01,2.613649720454786114e-03
1.660425504999999968e-01,2.613611398179822940e-03
1.660550813999999986e-01,2.613606607962213214e-03
1.660801403000000120e-01,2.613597027578074862e-03
1.661302469000000004e-01,2.613577866992129739e-03
1.661928588000000095e-01,2.613553916602002862e-03
1.662429313000000075e-01,2.613534756569265826e-03
1.662554471000000089e-01,2.613529966600731166e-03
1.663430311999999911e-01,2.613496437234005820e-03
1.663930586000000045e-01,2.613477277933269182e-03
1.664305691999999892e-01,2.613462908623075641e-03
1.664555715999999908e-01,2.613453329156108142e-03
1.664805702999999915e-01,2.613443749750558095e-03
1.664930682000000106e-01,2.613438960073617440e-03
1.665305562999999933e-01,2.613424591124370415e-03
1.666429701000000096e-01,2.613381485112563091e-03
1.666804245000000073e-01,2.613367116720139750e-03
1.667553079999999910e-01,2.613338380345837930e-03
1.668426296999999947e-01,2.613304855271272528e-03
1.669423700000000066e-01,2.613266541816258899e-03
1.669548332999999940e-01,2.613261752704193648e-03
1.669922178000000090e-01,2.613247385459221798e-03
1.670420506999999999e-01,2.613228229346870480e-03
1.670918687999999874e-01,2.613209073478974659e-03
1.671416719999999911e-01,2.613189917855528264e-03
1.671541205000000030e-01,2.613185128987474421e-03
1.672536749999999905e-01,2.613146818598028991e-03
1.672785544000000013e-01,2.613137241156872001e-03
1.672909925999999936e-01,2.613132452456545102e-03
1.673283020000000121e-01,2.613118086451735739e-03
1.673531702999999926e-01,2.613108509190617892e-03
1.673904657999999990e-01,2.613094143417632204e-03
1.674277529000000042e-01,2.613079777775571301e-03
1.674401801000000023e-01,2.613074989262586297e-03
1.674774562999999938e-01,2.613060623809089836e-03
1.675519836000000096e-01,2.613031893312454425e-03
1.675892347999999865e-01,2.613017528274713501e-03
1.676885310000000018e-01,2.612979222173845810e-03
1.677257518999999975e-01,2.612964857639130892e-03
1.677381571000000071e-01,2.612960069492617065e-03
1.678497620000000135e-01,2.612916976851644563e-03
1.678745530000000097e-01,2.612907400876633354e-03
1.678869471999999974e-01,2.612902612913948607e-03
1.679489041999999988e-01,2.612878673321110141e-03
1.679860673999999943e-01,2.612864309752638368e-03
1.680232224000000052e-01,2.612849946319455077e-03
1.680479877999999927e-01,2.612840370775409461e-03
1.680727495999999876e-01,2.612830795293588377e-03
1.681346381000000112e-01,2.612806856848006246e-03
1.682212436999999949e-01,2.612773343674173847e-03
1.682830775999999973e-01,2.612749406151849713e-03
1.683819645999999892e-01,2.612711106911231804e-03
1.684313863999999938e-01,2.612691957659063913e-03
1.685178394999999885e-01,2.612658447056577862e-03
1.685425322000000115e-01,2.612648872732197675e-03
1.685795646000000092e-01,2.612634511368853042e-03
1.686289283999999888e-01,2.612615363093766848e-03
1.686659417999999966e-01,2.612601002049940932e-03
1.687276127000000014e-01,2.612577067285156655e-03
1.687769332000000067e-01,2.612557919745263618e-03
1.688262392999999861e-01,2.612538772449838221e-03
1.688385635999999912e-01,2.612533985667148811e-03
1.689124902999999955e-01,2.612505265275911256e-03
1.689248083000000067e-01,2.612500478597673884e-03
1.690233197999999881e-01,2.612462185726755880e-03
1.690356296999999952e-01,2.612457399187980301e-03
1.690602468999999886e-01,2.612447826153991952e-03
1.690725540999999943e-01,2.612443039656266869e-03
1.691709795999999932e-01,2.612404748253736777e-03
1.692570549000000091e-01,2.612371244082220198e-03
1.692693477999999974e-01,2.612366457831357975e-03
1.693185104999999913e-01,2.612347312989573168e-03
1.693307990000000041e-01,2.612342526814223891e-03
1.693676590000000037e-01,2.612328168389797898e-03
1.694290743999999904e-01,2.612304237984776605e-03
1.695150186999999919e-01,2.612270736058068532e-03
1.696254544999999947e-01,2.612227663259255196e-03
1.696622505000000003e-01,2.612213305932812452e-03
1.696990385000000101e-01,2.612198948745511878e-03
1.697112993999999875e-01,2.612194163046021103e-03
1.697235594000000014e-01,2.612189377364808242e-03
1.697603340999999932e-01,2.612175020406118636e-03
1.697971007999999893e-01,2.612160663584009446e-03
1.698093545999999898e-01,2.612155878009103909e-03
1.698461106999999970e-01,2.612141521373246341e-03
1.699195991000000128e-01,2.612112808516345655e-03
1.700420092000000105e-01,2.612064954971351008e-03
1.700542452999999898e-01,2.612060169704300775e-03
1.701031812000000087e-01,2.612041028776669258e-03
1.701521028999999907e-01,2.612021888091255444e-03
1.702010106000000078e-01,2.612002747657288931e-03
1.702132353999999959e-01,2.611997962582518051e-03
1.702376821999999901e-01,2.611988392486207147e-03
1.703110016000000115e-01,2.611959682566535480e-03
1.703842895000000079e-01,2.611930973196920341e-03
1.703965010999999863e-01,2.611926188352944878e-03
1.704331305000000019e-01,2.611911833920976291e-03
1.704819576000000114e-01,2.611892694891696908e-03
1.705429717999999983e-01,2.611868771448417996e-03
1.706039642000000134e-01,2.611844848386265204e-03
1.706405491000000108e-01,2.611830494734004512e-03
1.706893168999999988e-01,2.611811356744954231e-03
1.707015065999999970e-01,2.611806572287397963e-03
1.707989933999999876e-01,2.611768297164118822e-03
1.708233563000000066e-01,2.611758728533609790e-03
1.708355364999999959e-01,2.611753944246654035e-03
1.708720719000000055e-01,2.611739591462483665e-03
1.708964245000000048e-01,2.611730023019931055e-03
1.709816312000000116e-01,2.611696533947300593e-03
1.710789583000000003e-01,2.611658261639794240e-03
1.710911203000000103e-01,2.611653477667538140e-03
1.712248452000000032e-01,2.611600855013430228e-03
1.712612974999999926e-01,2.611586503701802866e-03
1.713584657999999983e-01,2.611548234208877980e-03
1.713706078999999993e-01,2.611543450590922237e-03
1.713827491999999897e-01,2.611538666987859962e-03
1.714070292000000051e-01,2.611529099826644367e-03
1.714677142000000098e-01,2.611505182196079047e-03
1.714798486000000122e-01,2.611500398713954320e-03
1.715162467999999940e-01,2.611486048365806254e-03
1.715526370999999883e-01,2.611471698156029274e-03
1.716011457000000129e-01,2.611452564753913123e-03
1.716617619999999955e-01,2.611428648346629262e-03
1.716738827000000023e-01,2.611423865111475815e-03
1.717102396999999891e-01,2.611409515496277041e-03
1.717708175999999864e-01,2.611385599776434169e-03
1.717950427000000113e-01,2.611376033598628108e-03
1.718071539999999897e-01,2.611371250527053448e-03
1.719524231000000014e-01,2.611313854913036286e-03
1.719887211999999999e-01,2.611299506353189064e-03
1.720008188999999910e-01,2.611294723528691502e-03
1.720612944000000089e-01,2.611270809648015036e-03
1.721338370999999923e-01,2.611242113490070370e-03
1.721459244999999916e-01,2.611237330847966404e-03
1.721821818000000004e-01,2.611222983024028780e-03
1.722425937000000018e-01,2.611199070287459258e-03
1.723392086999999961e-01,2.611160810703408441e-03
1.723874958000000124e-01,2.611141681275074098e-03
1.724357695000000024e-01,2.611122552095738927e-03
1.724478358000000044e-01,2.611117769837247807e-03
1.725443358000000038e-01,2.611079512331846309e-03
1.725684523999999886e-01,2.611069948110842157e-03
1.725805093999999984e-01,2.611065166018332415e-03
1.726407819000000121e-01,2.611041255802720295e-03
1.726769353000000007e-01,2.611026909858648725e-03
1.727733073000000119e-01,2.610988654676703324e-03
1.728214731999999920e-01,2.610969527454712596e-03
1.728335125999999888e-01,2.610964745684893513e-03
1.729057311999999957e-01,2.610936055399103173e-03
1.729297972999999933e-01,2.610926492092977436e-03
1.730140025999999942e-01,2.610893020998860618e-03
1.730981668000000084e-01,2.610859550659539331e-03
1.731222062999999978e-01,2.610849987840532186e-03
1.731462423000000028e-01,2.610840425083574799e-03
1.731943045000000070e-01,2.610821299755912081e-03
1.732063179999999980e-01,2.610816518460976586e-03
1.732543633999999999e-01,2.610797393440868197e-03
1.733144016000000009e-01,2.610773487501518147e-03
1.733384109999999978e-01,2.610763925236173153e-03
1.733984199999999976e-01,2.610740019836496877e-03
1.734104193000000071e-01,2.610735238804874191e-03
1.734464122999999913e-01,2.610720895793945499e-03
1.734823977999999933e-01,2.610706552915514553e-03
1.735063840000000135e-01,2.610696991081346788e-03
1.735423570000000082e-01,2.610682648435406952e-03
1.735783226000000012e-01,2.610668305927229312e-03
1.735903095000000118e-01,2.610663525124457852e-03
1.736981541000000018e-01,2.610620498565673249e-03
1.737221104999999988e-01,2.610610937278683239e-03
1.737340874999999951e-01,2.610606156656255367e-03
1.738298734000000012e-01,2.610567912232452607e-03
1.738777465999999938e-01,2.610548790386913332e-03
1.739614929999999948e-01,2.610515327745352877e-03
1.739854131000000137e-01,2.610505767133436145e-03
1.740691075999999948e-01,2.610472305455623868e-03
1.741647092999999979e-01,2.610434064455477866e-03
1.741766557999999965e-01,2.610429284397950984e-03
1.742602584999999871e-01,2.610395824430304136e-03
1.742721985000000029e-01,2.610391044495669836e-03
1.742960759999999942e-01,2.610381484674803489e-03
1.743080134999999975e-01,2.610376704784662678e-03
1.743676888000000036e-01,2.610352805575413045e-03
1.744034841999999863e-01,2.610338466230668897e-03
1.744392723000000034e-01,2.610324127026622965e-03
1.745465922999999975e-01,2.610281110228025378e-03
1.745942689999999964e-01,2.610261992052242443e-03
1.746300178999999897e-01,2.610247653577437398e-03
1.746538464999999873e-01,2.610238094674797050e-03
1.746895831999999982e-01,2.610223756427552597e-03
1.748324572000000132e-01,2.610166404828867179e-03
1.748443581000000135e-01,2.610161625630896213e-03
1.748800558999999977e-01,2.610147288118884815e-03
1.749395360999999871e-01,2.610123392570655888e-03
1.750227742999999891e-01,2.610089939448593903e-03
1.750346623000000046e-01,2.610085160491188317e-03
1.751178553999999943e-01,2.610051708228566022e-03
1.751653764999999974e-01,2.610032592981410913e-03
1.752010089000000104e-01,2.610018256706590854e-03
1.752485075000000114e-01,2.609999141890667184e-03
1.752603801000000017e-01,2.609994363221258221e-03
1.753553322999999997e-01,2.609956134442704880e-03
1.754027891000000117e-01,2.609937020418698957e-03
1.754146513000000018e-01,2.609932241955040776e-03
1.754383733000000056e-01,2.609922685066004121e-03
1.754502330999999915e-01,2.609917906642740711e-03
1.754858076999999961e-01,2.609903571468048453e-03
1.755095200000000022e-01,2.609894014761756677e-03
1.755450826000000131e-01,2.609879679816511089e-03
1.756280337999999996e-01,2.609846232146697566e-03
1.756872607999999947e-01,2.609822341412948617e-03
1.756991036999999978e-01,2.609817563311272581e-03
1.757346278999999956e-01,2.609803229100507178e-03
1.757701449000000082e-01,2.609788895023785592e-03
1.758648217999999874e-01,2.609750671499495422e-03
1.758766529000000134e-01,2.609745893622437887e-03
1.759830964000000109e-01,2.609702893460488522e-03
1.760067416999999967e-01,2.609693338036361658e-03
1.760185632000000056e-01,2.609688560350602923e-03
1.760776588000000087e-01,2.609664672134212691e-03
1.761131066000000134e-01,2.609650339388710528e-03
1.761485473000000135e-01,2.609636006781527844e-03
1.761603593000000134e-01,2.609631229273158028e-03
1.761957903999999964e-01,2.609616896848632617e-03
1.762075992000000091e-01,2.609612119404480530e-03
1.762548265999999975e-01,2.609593009777734073e-03
1.762666314000000123e-01,2.609588232409705555e-03
1.763610418000000069e-01,2.609550014011281695e-03
1.763964326999999943e-01,2.609535682368930957e-03
1.764436094000000066e-01,2.609516573719608372e-03
1.765261384000000044e-01,2.609483134168024462e-03
1.765379252000000010e-01,2.609478357152878163e-03
1.765732805999999933e-01,2.609464026190336499e-03
1.766204101000000137e-01,2.609444918462524611e-03
1.766321905000000081e-01,2.609440141566530830e-03
1.766793043000000063e-01,2.609421034135521022e-03
1.767617233000000065e-01,2.609387596727625984e-03
1.768323376000000002e-01,2.609358936684830384e-03
1.768676341000000041e-01,2.609344606871955886e-03
1.769264459999999872e-01,2.609320724149928866e-03
1.769969946000000127e-01,2.609292065388848017e-03
1.770087499000000120e-01,2.609287288981919622e-03
1.771027646999999983e-01,2.609249078279100333e-03
1.771145130000000012e-01,2.609244302008383292e-03
1.771380073000000110e-01,2.609234749517505125e-03
1.771497532999999902e-01,2.609229973291868777e-03
1.772436933000000048e-01,2.609191764057670285e-03
1.773258498999999988e-01,2.609158331773413306e-03
1.773845098999999870e-01,2.609134452028258073e-03
1.774314240000000042e-01,2.609115348509703260e-03
1.774783255999999865e-01,2.609096245232303199e-03
1.774900490999999914e-01,2.609091469452543693e-03
1.775252149000000057e-01,2.609077142204055400e-03
1.775720916999999899e-01,2.609058039410579871e-03
1.775838090000000091e-01,2.609053263757334616e-03
1.776658084000000137e-01,2.609019834570721307e-03
1.776775194999999918e-01,2.609015059035212167e-03
1.777126481000000091e-01,2.609000732511939768e-03
1.777477698999999911e-01,2.608986406133670735e-03
1.777711804999999867e-01,2.608976855291521030e-03
1.778881874999999890e-01,2.608929101978952041e-03
1.778998838999999998e-01,2.608924326734165210e-03
1.779583546999999877e-01,2.608900450728359084e-03
1.780518680000000020e-01,2.608862249915837143e-03
1.780869227999999915e-01,2.608847924862300102e-03
1.781219708000000013e-01,2.608833599944035062e-03
1.781336518999999952e-01,2.608828825001232362e-03
1.782153982000000136e-01,2.608795400838433750e-03
1.782270732000000024e-01,2.608790626017898264e-03
1.783321136999999890e-01,2.608747653325022790e-03
1.784137691000000081e-01,2.608714230975449529e-03
1.784254311000000037e-01,2.608709456418120166e-03
1.784487527999999990e-01,2.608699907345021513e-03
1.786119197000000103e-01,2.608633065529243015e-03
1.786468646000000104e-01,2.608618742673002137e-03
1.786934471999999940e-01,2.608599645741837246e-03
1.787400177000000034e-01,2.608580549053256953e-03
1.787865760000000026e-01,2.608561452615691147e-03
1.788214868000000124e-01,2.608547130442204470e-03
1.788331221999999998e-01,2.608542356417302942e-03
1.788680239000000061e-01,2.608528034426671732e-03
1.788912879000000011e-01,2.608518486513794303e-03
1.789261782999999884e-01,2.608504164753836646e-03
1.789610618999999958e-01,2.608489843131758280e-03
1.790772912999999966e-01,2.608442105382829512e-03
1.791121454000000057e-01,2.608427784358291392e-03
1.791469927999999878e-01,2.608413463467703849e-03
1.791586071000000058e-01,2.608408689872296436e-03
1.792050565999999956e-01,2.608389595624692817e-03
1.792398859000000066e-01,2.608375275100719998e-03
1.793559346999999971e-01,2.608327541012974999e-03
1.793791354000000005e-01,2.608317994380210305e-03
1.794487197000000089e-01,2.608289354841520497e-03
1.794835016999999922e-01,2.608275035277076142e-03
1.795182768999999956e-01,2.608260715856026632e-03
1.795298671999999984e-01,2.608255942742009753e-03
1.795646334000000066e-01,2.608241623500587390e-03
1.796225623000000104e-01,2.608217758402473982e-03
1.796341458000000058e-01,2.608212985426831658e-03
1.796688918999999884e-01,2.608198666596311509e-03
1.797036312999999996e-01,2.608184347900772363e-03
1.797267871000000072e-01,2.608174802180282265e-03
1.797615153000000077e-01,2.608160483716684321e-03
1.798078092000000017e-01,2.608141392644046201e-03
1.799119267000000022e-01,2.608098438618620691e-03
1.799350557000000128e-01,2.608088893449644723e-03
1.799928654000000072e-01,2.608065030788650398e-03
1.800044251000000040e-01,2.608060258301657993e-03
1.800390997000000104e-01,2.608045940936315216e-03
1.800853221000000004e-01,2.608026851328946408e-03
1.800968759000000086e-01,2.608022078964175681e-03
1.801199812000000011e-01,2.608012534280851162e-03
1.801777314999999935e-01,2.607988672838626714e-03
1.802585508000000003e-01,2.607955267465393058e-03
1.803162567000000105e-01,2.607931406935558132e-03
1.803508714000000013e-01,2.607917090801964866e-03
1.803624081000000101e-01,2.607912318787891908e-03
1.804546756000000030e-01,2.607874143231087623e-03
1.805007915999999879e-01,2.607855055813762535e-03
1.805584201000000055e-01,2.607831196889094129e-03
1.805929883000000069e-01,2.607816881718189560e-03
1.806275499999999978e-01,2.607802566684750550e-03
1.806390690000000132e-01,2.607797795035118708e-03
1.806736218999999977e-01,2.607783480185107191e-03
1.807196819999999926e-01,2.607764393926849736e-03
1.807427077000000049e-01,2.607754850891233229e-03
1.807772407000000081e-01,2.607740536448124521e-03
1.808232744999999919e-01,2.607721450743463298e-03
1.808347811000000083e-01,2.607716679357210184e-03
1.809153068000000086e-01,2.607683280061323487e-03
1.810072923999999917e-01,2.607645110350328282e-03
1.810532676999999924e-01,2.607626025863074744e-03
1.810877415000000101e-01,2.607611712660012297e-03
1.811796394999999893e-01,2.607573544780476121e-03
1.812255711000000102e-01,2.607554461205066967e-03
1.812370520999999901e-01,2.607549690353514610e-03
1.812829690999999965e-01,2.607530607081540684e-03
1.813288744999999869e-01,2.607511524058693866e-03
1.814665209000000112e-01,2.607454276446685790e-03
1.815582272000000053e-01,2.607416112589953407e-03
1.815696871999999962e-01,2.607411342177000727e-03
1.816040630000000100e-01,2.607397031027835262e-03
1.816498871999999987e-01,2.607377949706767353e-03
1.816613414000000093e-01,2.607373179417767171e-03
1.816956999000000073e-01,2.607358868632819911e-03
1.817415009999999997e-01,2.607339787806286103e-03
1.817529494000000023e-01,2.607335017630490939e-03
1.817758442000000085e-01,2.607325477339739097e-03
1.818445113000000113e-01,2.607296856825053449e-03
1.818788350999999970e-01,2.607282546773127471e-03
1.819360270000000002e-01,2.607258696991273609e-03
1.819588987999999907e-01,2.607249157184373441e-03
1.819703336000000060e-01,2.607244387305598064e-03
1.821074950999999886e-01,2.607187149933977086e-03
1.821189206000000116e-01,2.607182380249701073e-03
1.821417693999999865e-01,2.607172840932663830e-03
1.821874582999999936e-01,2.607153762474695435e-03
1.822102985000000064e-01,2.607144223341410078e-03
1.822902165999999990e-01,2.607110836846585240e-03
1.823244565000000095e-01,2.607096528573678035e-03
1.823815087000000001e-01,2.607072681762998261e-03
1.824613518000000045e-01,2.607039296870553979e-03
1.824841577000000103e-01,2.607029758468138413e-03
1.825183612000000066e-01,2.607015450971796218e-03
1.825639559999999995e-01,2.606996374530121206e-03
1.825753528999999875e-01,2.606991605455856800e-03
1.826551111999999977e-01,2.606958222373641568e-03
1.826892827000000108e-01,2.606943915565104655e-03
1.827006717999999919e-01,2.606939146662797750e-03
1.827576066000000110e-01,2.606915302360747130e-03
1.828372853999999936e-01,2.606881920985354515e-03
1.828714228999999969e-01,2.606867614906506047e-03
1.829396786999999969e-01,2.606839003171052948e-03
1.829737969999999936e-01,2.606824697502436224e-03
1.830647481999999882e-01,2.606786549735244131e-03
1.832010903000000079e-01,2.606729329906004328e-03
1.832124475999999946e-01,2.606724561685311910e-03
1.832351600000000080e-01,2.606715025294251836e-03
1.832465151999999875e-01,2.606710257114659354e-03
1.832805764000000059e-01,2.606695952687559936e-03
1.833373309999999923e-01,2.606672112268964506e-03
1.833713754000000085e-01,2.606657808204921462e-03
1.833827221000000063e-01,2.606653040213164838e-03
1.833940681000000017e-01,2.606648272237135217e-03
1.834734705999999937e-01,2.606614896826839941e-03
1.834848109999999977e-01,2.606610128976118504e-03
1.835188279999999950e-01,2.606595825502855054e-03
1.835755089999999978e-01,2.606571986689100884e-03
1.835981764999999877e-01,2.606562451266995328e-03
1.836095091999999929e-01,2.606557683583895016e-03
1.836435030999999940e-01,2.606543380614144163e-03
1.836548329999999896e-01,2.606538612984338893e-03
1.837001456000000033e-01,2.606519542633321807e-03
1.837567706999999884e-01,2.606495705034701099e-03
1.837794158000000122e-01,2.606486170105369767e-03
1.837907373000000066e-01,2.606481402661360754e-03
1.838812844000000113e-01,2.606443263659285331e-03
1.840057139000000064e-01,2.606390824129170818e-03
1.840283283999999964e-01,2.606381289861107401e-03
1.840961552000000001e-01,2.606352687442589112e-03
1.841074572999999992e-01,2.606347920424317670e-03
1.841187585999999876e-01,2.606343153423971125e-03
1.841526585000000105e-01,2.606328852506957158e-03
1.842881956999999904e-01,2.606271650217884591e-03
1.843220644000000130e-01,2.606257349990099680e-03
1.843672131000000103e-01,2.606238283229039051e-03
1.844687570000000110e-01,2.606195383909693485e-03
1.845025925999999872e-01,2.606181084411004611e-03
1.845138698000000077e-01,2.606176317945600816e-03
1.845589715000000020e-01,2.606157252218802706e-03
1.845702452000000104e-01,2.606152485825386465e-03
1.846378728999999996e-01,2.606123887782438395e-03
1.846604099999999971e-01,2.606114355226873611e-03
1.847280048000000119e-01,2.606085757918619530e-03
1.848293504999999892e-01,2.606042862980864974e-03
1.848406076999999925e-01,2.606038096955412640e-03
1.848631201000000002e-01,2.606028564945907580e-03
1.849643917999999887e-01,2.605985671656705412e-03
1.849981367000000099e-01,2.605971374160501956e-03
1.850206299000000110e-01,2.605961842577327308e-03
1.850431204000000107e-01,2.605952311058510468e-03
1.850993345999999984e-01,2.605928482513206884e-03
1.851442936999999900e-01,2.605909419956884809e-03
1.852004771000000105e-01,2.605885592097159555e-03
1.852229458000000106e-01,2.605876061065987796e-03
1.852341791000000071e-01,2.605871295567933465e-03
1.852791054000000048e-01,2.605852233738529915e-03
1.853801499000000130e-01,2.605809345513770969e-03
1.854474822000000134e-01,2.605780754045719776e-03
1.854699209000000015e-01,2.605771223680530910e-03
1.855035738999999961e-01,2.605756928249035233e-03
1.855484350000000116e-01,2.605737867879725448e-03
1.855820736999999887e-01,2.605723572759248777e-03
1.856381246999999901e-01,2.605699747872875123e-03
1.856493328999999914e-01,2.605694982942279633e-03
1.856829533000000088e-01,2.605680688234142395e-03
1.857389738999999929e-01,2.605656864028828550e-03
1.857725781000000020e-01,2.605642569686240483e-03
1.858061762000000061e-01,2.605628275486212425e-03
1.858173741999999962e-01,2.605623510783625519e-03
1.858285715999999921e-01,2.605618746092661694e-03
1.859181260999999974e-01,2.605580629131090675e-03
1.860076375999999976e-01,2.605542513138132000e-03
1.860411932000000101e-01,2.605528219895737220e-03
1.860747429000000064e-01,2.605513926783505681e-03
1.860859246999999883e-01,2.605509162444460437e-03
1.861194663000000082e-01,2.605494869518445826e-03
1.861306454999999971e-01,2.605490105240479328e-03
1.861753555000000004e-01,2.605471048277874582e-03
1.861865313000000133e-01,2.605466284078791165e-03
1.862200548000000067e-01,2.605451991561236278e-03
1.862535721999999949e-01,2.605437699183436352e-03
1.863540881999999899e-01,2.605394822871300638e-03
1.864322298999999961e-01,2.605361475479132244e-03
1.864433903000000115e-01,2.605356711628046065e-03
1.864545501000000050e-01,2.605351947787006538e-03
1.864768676000000125e-01,2.605342420163882493e-03
1.864880254000000070e-01,2.605337656369291488e-03
1.865326496999999972e-01,2.605318601352696935e-03
1.865438040999999880e-01,2.605313837643110850e-03
1.866218664000000027e-01,2.605280492059837503e-03
1.867110404000000001e-01,2.605242383731460037e-03
1.867556113999999934e-01,2.605223329936651611e-03
1.868335852000000130e-01,2.605189986374989875e-03
1.868447216000000133e-01,2.605185223074657584e-03
1.868781270000000050e-01,2.605170933246101026e-03
1.869894350999999899e-01,2.605123301496060743e-03
1.870228146000000036e-01,2.605109012262027315e-03
1.870784339000000074e-01,2.605085197182810917e-03
1.871896228999999912e-01,2.605037568165197333e-03
1.872340799999999972e-01,2.605018516984838797e-03
1.872451927000000071e-01,2.605013754225385478e-03
1.872896366000000035e-01,2.604994703344950223e-03
1.873340699999999914e-01,2.604975652709709891e-03
1.873451765999999963e-01,2.604970890089420860e-03
1.875227942999999897e-01,2.604894690230269601e-03
1.875449847000000003e-01,2.604885165517440825e-03
1.876115401000000016e-01,2.604856591754973593e-03
1.876448089999999957e-01,2.604842305084809854e-03
1.876780718999999931e-01,2.604828018546711914e-03
1.876891582000000114e-01,2.604823256394093924e-03
1.877224133000000017e-01,2.604808970037116728e-03
1.877334971000000075e-01,2.604804207949479745e-03
1.877778253999999869e-01,2.604785159748906898e-03
1.878221432999999940e-01,2.604766111790549152e-03
1.878553748000000023e-01,2.604751825978537938e-03
1.878775259000000086e-01,2.604742302177687988e-03
1.879107476999999915e-01,2.604728016598688300e-03
1.879439635000000053e-01,2.604713731153687328e-03
1.879550342000000096e-01,2.604708969371650508e-03
1.880435759999999901e-01,2.604670875641627685e-03
1.880767684000000106e-01,2.604656590744385599e-03
1.880878311999999997e-01,2.604651829138844316e-03
1.881431356999999915e-01,2.604628021362055245e-03
1.882205345999999890e-01,2.604594691105365650e-03
1.882536958000000094e-01,2.604580406932253955e-03
1.883089514999999881e-01,2.604556600291186175e-03
1.883200006999999898e-01,2.604551839005061261e-03
1.883862823000000131e-01,2.604523271632127462e-03
1.884083709000000106e-01,2.604513749291011322e-03
1.884856608999999905e-01,2.604480421590615880e-03
1.885298123999999964e-01,2.604461377519619921e-03
1.885739535000000022e-01,2.604442333695732286e-03
1.885849871999999983e-01,2.604437572778552697e-03
1.886070525999999914e-01,2.604428050982856169e-03
1.886511757000000067e-01,2.604409007587033236e-03
1.887834830000000019e-01,2.604351878850870525e-03
1.888496018999999970e-01,2.604323315299455349e-03
1.888826526000000061e-01,2.604309033727891971e-03
1.889267112999999942e-01,2.604289991848767263e-03
1.889377244000000067e-01,2.604285231414272313e-03
1.889707596999999906e-01,2.604270950209081233e-03
1.890037893000000024e-01,2.604256669144564083e-03
1.890147979000000034e-01,2.604251908818602974e-03
1.890258058000000019e-01,2.604247148507092113e-03
1.891028433999999980e-01,2.604213826759727707e-03
1.891138461999999909e-01,2.604209066572085209e-03
1.891468507999999882e-01,2.604194786098431354e-03
1.892348349000000096e-01,2.604156705497113252e-03
1.892678184000000097e-01,2.604142425526661479e-03
1.892788116000000131e-01,2.604137665560645951e-03
1.893117874999999950e-01,2.604123385767767845e-03
1.894106805000000116e-01,2.604080547214182324e-03
1.894985421000000003e-01,2.604042469535361969e-03
1.895424575999999917e-01,2.604023431056961407e-03
1.896302582000000125e-01,2.603985354829202979e-03
1.896412303999999993e-01,2.603980595373095105e-03
1.896631729000000099e-01,2.603971076500113599e-03
1.897180179999999883e-01,2.603947279584187518e-03
1.897289852000000054e-01,2.603942520243147755e-03
1.897618828000000035e-01,2.603928242320441636e-03
1.897947747000000018e-01,2.603913964531834845e-03
1.898166994000000107e-01,2.603904446086103587e-03
1.898386216999999876e-01,2.603894927697237866e-03
1.898934161999999981e-01,2.603871131993127589e-03
1.899372404000000125e-01,2.603852095703241155e-03
1.899920063999999964e-01,2.603828300687215016e-03
1.900139083999999867e-01,2.603818782783818599e-03
1.900248585000000046e-01,2.603814023852224317e-03
1.900686524000000099e-01,2.603794988296004916e-03
1.901124362000000123e-01,2.603775952976814662e-03
1.901562099000000117e-01,2.603756917904851125e-03
1.901890336000000015e-01,2.603742641754179347e-03
1.901999735999999885e-01,2.603737883067318987e-03
1.902546639999999900e-01,2.603714089876637845e-03
1.903202717999999960e-01,2.603685538535296332e-03
1.903312041999999926e-01,2.603680780035533705e-03
1.904077136000000003e-01,2.603647470936279289e-03
1.904186409999999996e-01,2.603642712562104569e-03
1.904295678000000047e-01,2.603637954188818028e-03
1.904951152999999897e-01,2.603609404314090239e-03
1.905169594999999994e-01,2.603599887812294879e-03
1.905497210000000052e-01,2.603585613166693909e-03
1.906043111000000068e-01,2.603561822399232378e-03
1.906807108999999945e-01,2.603528515961250640e-03
1.906916227000000075e-01,2.603523757958468073e-03
1.907243542000000014e-01,2.603509484044037436e-03
1.907570802000000121e-01,2.603495210265460366e-03
1.907788943000000015e-01,2.603485694492777523e-03
1.908116109000000116e-01,2.603471420944623339e-03
1.908552242999999871e-01,2.603452389759560587e-03
1.909424211000000093e-01,2.603414328108472758e-03
1.909533179000000025e-01,2.603409570473062991e-03
1.909860046000000089e-01,2.603395297654396891e-03
1.910186856999999960e-01,2.603381024969834458e-03
1.910404699999999900e-01,2.603371509922993311e-03
1.911058079000000076e-01,2.603342965147445714e-03
1.911928904999999901e-01,2.603304906290676048e-03
1.912364169000000114e-01,2.603285877232693057e-03
1.912908110000000050e-01,2.603262091250643610e-03
1.913016879999999975e-01,2.603257334096037608e-03
1.913778093999999874e-01,2.603224034457642371e-03
1.914756353000000022e-01,2.603181221735277259e-03
1.915625497000000010e-01,2.603143167016410721e-03
1.915842721000000082e-01,2.603133653483206880e-03
1.915951324000000067e-01,2.603128896743594871e-03
1.916385674999999955e-01,2.603109869927860368e-03
1.916819926999999979e-01,2.603090843357103081e-03
1.917254080000000138e-01,2.603071817026825739e-03
1.917579631000000118e-01,2.603057547442564137e-03
1.917688136000000043e-01,2.603052790943763406e-03
1.918013613000000006e-01,2.603038521534116467e-03
1.918230566999999942e-01,2.603029008670951303e-03
1.918555952000000064e-01,2.603014739495728824e-03
1.918989712999999986e-01,2.602995714134010482e-03
1.919314968999999982e-01,2.602981445282451407e-03
1.919856940000000123e-01,2.602957664149507886e-03
1.920290406999999866e-01,2.602938639524710485e-03
1.920615442999999978e-01,2.602924371210752191e-03
1.920723776000000105e-01,2.602919615133326200e-03
1.921157048000000089e-01,2.602900590986861884e-03
1.921481936999999973e-01,2.602886323045740767e-03
1.921698498999999949e-01,2.602876811152097809e-03
1.922564505000000090e-01,2.602838764200881509e-03
1.922780946000000046e-01,2.602829252615111201e-03
1.922889157000000071e-01,2.602824496843329609e-03
1.923754625999999912e-01,2.602786451223608119e-03
1.924511593000000076e-01,2.602753162108830884e-03
1.925052100999999904e-01,2.602729384622068376e-03
1.925160184999999968e-01,2.602724629170725772e-03
1.925808558000000059e-01,2.602696096775185351e-03
1.926024634000000069e-01,2.602686586100908580e-03
1.926348702000000024e-01,2.602672320203904075e-03
1.927644430999999881e-01,2.602615257964031176e-03
1.928076146999999907e-01,2.602596237706274358e-03
1.928399870999999988e-01,2.602581972676454650e-03
1.928615656000000067e-01,2.602572462726587561e-03
1.928939289000000112e-01,2.602558197918719216e-03
1.929370715000000014e-01,2.602539178385253251e-03
1.929694221999999904e-01,2.602524913899431983e-03
1.930341071999999991e-01,2.602496385325364647e-03
1.930664415999999994e-01,2.602482121249468944e-03
1.931203202000000008e-01,2.602458348084159354e-03
1.931957250000000126e-01,2.602425066296171034e-03
1.932388002000000049e-01,2.602406048466484115e-03
1.932926308000000037e-01,2.602382276510780291e-03
1.933141587999999966e-01,2.602372767840997747e-03
1.933787285000000133e-01,2.602344242181105823e-03
1.934110052999999940e-01,2.602329979559442688e-03
1.934432766999999997e-01,2.602315717073457480e-03
1.934540325999999921e-01,2.602310962945045356e-03
1.934862968000000127e-01,2.602296700635748673e-03
1.935293073000000086e-01,2.602277684442903458e-03
1.935400585000000007e-01,2.602272930430733853e-03
1.935830571000000111e-01,2.602253914543274128e-03
1.936367920000000020e-01,2.602230145020537327e-03
1.936690256999999971e-01,2.602215883488568932e-03
1.937979070999999998e-01,2.602158838727492655e-03
1.938086434000000080e-01,2.602154085100928226e-03
1.938301141000000061e-01,2.602144577876616596e-03
1.938408484999999959e-01,2.602139824297449149e-03
1.938730483999999976e-01,2.602125563629942902e-03
1.938945119000000106e-01,2.602116056595057871e-03
1.939588884000000013e-01,2.602087535849795848e-03
1.939696156999999865e-01,2.602082782448606260e-03
1.940554130999999904e-01,2.602044755761322419e-03
1.940661351000000090e-01,2.602040002490282628e-03
1.941840380000000033e-01,2.601987717550611427e-03
1.942268940999999915e-01,2.601968705297095109e-03
1.943232856000000064e-01,2.601925928620891278e-03
1.943446994999999955e-01,2.601916422854227019e-03
1.943554054999999947e-01,2.601911669999523464e-03
1.943982237999999918e-01,2.601892658717309612e-03
1.944838319999999954e-01,2.601854636887640081e-03
1.944945304000000041e-01,2.601849884224793907e-03
1.945159254000000115e-01,2.601840378950317969e-03
1.945800963000000050e-01,2.601811863479447113e-03
1.946442459999999930e-01,2.601783348558530436e-03
1.946656244999999952e-01,2.601773843709181879e-03
1.946976878999999994e-01,2.601759586541548333e-03
1.947404309000000111e-01,2.601740577202272912e-03
1.947831644999999945e-01,2.601721568102511196e-03
1.948365683999999931e-01,2.601697807076759628e-03
1.948579257999999981e-01,2.601688302769862571e-03
1.948686037000000038e-01,2.601683550638791108e-03
1.949540053000000106e-01,2.601645534143232769e-03
1.949966921000000075e-01,2.601626526251749321e-03
1.950287011000000070e-01,2.601612270500242973e-03
1.950927033000000033e-01,2.601583759402969522e-03
1.951673459999999916e-01,2.601550497136668853e-03
1.952099861999999908e-01,2.601531490465130558e-03
1.952419602000000087e-01,2.601517235623869179e-03
1.952526169999999894e-01,2.601512484036730237e-03
1.952632733000000120e-01,2.601507732465969686e-03
1.953378507999999902e-01,2.601474471907090549e-03
1.953698038999999997e-01,2.601460217604310322e-03
1.953804537000000119e-01,2.601455466199206756e-03
1.954336943999999965e-01,2.601431709415474251e-03
1.954656318000000115e-01,2.601417455526784661e-03
1.955401321000000137e-01,2.601384196978097450e-03
1.955507726999999862e-01,2.601379445818612513e-03
1.955933293000000073e-01,2.601360441327695786e-03
1.956039669000000092e-01,2.601355690246652443e-03
1.956358766000000082e-01,2.601341437079765246e-03
1.957634629999999987e-01,2.601284425789212630e-03
1.958378500000000078e-01,2.601251170219111980e-03
1.958484744000000000e-01,2.601246419481001351e-03
1.958803442000000006e-01,2.601232167361897541e-03
1.958909662999999968e-01,2.601227416689412368e-03
1.959228292000000093e-01,2.601213164748033581e-03
1.959334490000000095e-01,2.601208414136386027e-03
1.960077715000000109e-01,2.601175160259622254e-03
1.960502288000000037e-01,2.601156158374473126e-03
1.961032876000000091e-01,2.601132406361960064e-03
1.961138976000000034e-01,2.601127656001626237e-03
1.961457242999999906e-01,2.601113405018431069e-03
1.961775457999999916e-01,2.601099154174598815e-03
1.961987571999999902e-01,2.601089653686749267e-03
1.962199664000000010e-01,2.601080153264815741e-03
1.962623777999999986e-01,2.601061152587241018e-03
1.962729793000000111e-01,2.601056402455410605e-03
1.963577700999999953e-01,2.601018401963743620e-03
1.963683663999999940e-01,2.601013651966688645e-03
1.964531160000000110e-01,2.600975652568074826e-03
1.964848876999999994e-01,2.600961403042029163e-03
1.965166543000000099e-01,2.600947153649053704e-03
1.965272419999999909e-01,2.600942403885907975e-03
1.966225058000000137e-01,2.600899656665012997e-03
1.966542501000000109e-01,2.600885407863053490e-03
1.966965679000000078e-01,2.600866409683210822e-03
1.967071458999999911e-01,2.600861660166329040e-03
1.967811761999999909e-01,2.600828414032997898e-03
1.968763171000000034e-01,2.600785670090360793e-03
1.968974531999999888e-01,2.600776171599750858e-03
1.969397187999999965e-01,2.600757174804930062e-03
1.969925378999999865e-01,2.600733429154055212e-03
1.970664609999999983e-01,2.600700185876972294e-03
1.970770192000000087e-01,2.600695436897300546e-03
1.971192461999999868e-01,2.600676441139387288e-03
1.971614641999999973e-01,2.600657445612360522e-03
1.971931218000000097e-01,2.600643199131379493e-03
1.972142239999999935e-01,2.600633701549018295e-03
1.972458730999999965e-01,2.600619455301026242e-03
1.973618762999999887e-01,2.600567220196557412e-03
1.974040424000000071e-01,2.600548226068721304e-03
1.974145824999999910e-01,2.600543477574321100e-03
1.974672747000000006e-01,2.600519735328246564e-03
1.975304867000000075e-01,2.600491245132484103e-03
1.975410200999999921e-01,2.600486496820483568e-03
1.975515529000000103e-01,2.600481748528253676e-03
1.976252668000000046e-01,2.600448510868555788e-03
1.976357951000000113e-01,2.600443762695618492e-03
1.976673767000000081e-01,2.600429518251475176e-03
1.977410474999999890e-01,2.600396281763411258e-03
1.977515696000000101e-01,2.600391533749257540e-03
1.978777918000000080e-01,2.600334558817072629e-03
1.978883066999999885e-01,2.600329811005905843e-03
1.979093348000000030e-01,2.600320315428321632e-03
1.979198480000000093e-01,2.600315567662216023e-03
1.979724056000000121e-01,2.600291829049454322e-03
1.980039335000000067e-01,2.600277586062063259e-03
1.980459629000000110e-01,2.600258595629797043e-03
1.980774791000000090e-01,2.600244352960638401e-03
1.981299948999999949e-01,2.600220615490468363e-03
1.981404964000000046e-01,2.600215868040469270e-03
1.981719976000000105e-01,2.600201625782293940e-03
1.982139913000000031e-01,2.600182636320225171e-03
1.982244884000000096e-01,2.600177888988027246e-03
1.982559761999999892e-01,2.600163647094083565e-03
1.982874589999999992e-01,2.600149405332339257e-03
1.983818773999999896e-01,2.600106680876835847e-03
1.983923656000000091e-01,2.600101933797065341e-03
1.984238268000000083e-01,2.600087692627409477e-03
1.984762509000000119e-01,2.600063957651110435e-03
1.985076987999999931e-01,2.600049716841901486e-03
1.985391417000000047e-01,2.600035476179111439e-03
1.985496216000000036e-01,2.600030729320697287e-03
1.985915353999999911e-01,2.600011742028261481e-03
1.987067530000000137e-01,2.599959528246755577e-03
1.987276944999999961e-01,2.599950035026861797e-03
1.988009722999999895e-01,2.599916809233980899e-03
1.988846853000000026e-01,2.599878837816696573e-03
1.988951469999999944e-01,2.599874091456493268e-03
1.989160685999999956e-01,2.599864598781138729e-03
1.989265286000000132e-01,2.599859852471123577e-03
1.989579052999999875e-01,2.599845613615950953e-03
1.990520057000000065e-01,2.599802897876366155e-03
1.990624585000000113e-01,2.599798151754908072e-03
1.990833626000000078e-01,2.599788659565263095e-03
1.991356132000000057e-01,2.599764929357338550e-03
1.991460616000000072e-01,2.599760183363550043e-03
1.991774037000000053e-01,2.599745945462188235e-03
1.992087408999999865e-01,2.599731707699298559e-03
1.992505160999999969e-01,2.599712724230661669e-03
1.992922826000000092e-01,2.599693741001787850e-03
1.993444783999999970e-01,2.599670012307123742e-03
1.993862251999999891e-01,2.599651029623509507e-03
1.993966604999999892e-01,2.599646283986925283e-03
1.994175294999999959e-01,2.599636792764109354e-03
1.995114131000000068e-01,2.599594083018941758e-03
1.995844031000000018e-01,2.599560865171018052e-03
1.996365224999999965e-01,2.599537138599041820e-03
1.996469448000000035e-01,2.599532393330997865e-03
1.997303031999999867e-01,2.599494431707001247e-03
1.998032133000000043e-01,2.599461216087779573e-03
1.998136268000000049e-01,2.599456471058684236e-03
1.998865065000000052e-01,2.599423256290607238e-03
1.998969157000000108e-01,2.599418511380343060e-03
1.999177325000000005e-01,2.599409021616651185e-03
1.999281401000000125e-01,2.599404276751144608e-03
1.999593595999999973e-01,2.599390042260484642e-03
1.999801699000000044e-01,2.599380552669974115e-03
2.000113813000000129e-01,2.599366318405651761e-03
2.000425878000000046e-01,2.599352084272870886e-03
2.000841888999999874e-01,2.599333105640447457e-03
2.000945879000000094e-01,2.599328361019830926e-03
2.001465743999999991e-01,2.599304638146266496e-03
2.001777597999999936e-01,2.599290404611406206e-03
2.002297248000000085e-01,2.599266682344193551e-03
2.002920649000000108e-01,2.599238216120420414e-03
2.003855387000000043e-01,2.599195517806104742e-03
2.003959220000000041e-01,2.599190773628068645e-03
2.004270686999999884e-01,2.599176541180559918e-03
2.004685900000000021e-01,2.599157564784905852e-03
2.005101026999999980e-01,2.599138588630704044e-03
2.005516069000000123e-01,2.599119612727306388e-03
2.005827293000000122e-01,2.599105380960148835e-03
2.006345894000000074e-01,2.599081661636977025e-03
2.006760676999999882e-01,2.599062686458650847e-03
2.007071709000000093e-01,2.599048455228365057e-03
2.007486343000000062e-01,2.599029480467560799e-03
2.007589988000000047e-01,2.599024736819070727e-03
2.008004515000000045e-01,2.599005762364597384e-03
2.008833311999999871e-01,2.598967814175108613e-03
2.008936887999999976e-01,2.598963070723689633e-03
2.009144022999999890e-01,2.598953583858576704e-03
2.009247581999999976e-01,2.598948840447531678e-03
2.009558228999999974e-01,2.598934610314228635e-03
2.011317653999999955e-01,2.598853975424112502e-03
2.011421102000000016e-01,2.598849232332407951e-03
2.011731412999999968e-01,2.598835003150767268e-03
2.012558674999999908e-01,2.598797059322812200e-03
2.012868810000000008e-01,2.598782830633782678e-03
2.013075541000000079e-01,2.598773344917472590e-03
2.013798931000000125e-01,2.598740145386752541e-03
2.014108874999999965e-01,2.598725917248731043e-03
2.014212180000000130e-01,2.598721174557443604e-03
2.014728621999999914e-01,2.598697461369392850e-03
2.015348177000000074e-01,2.598669006032910782e-03
2.015761108999999940e-01,2.598650036110710000e-03
2.016277153999999905e-01,2.598626324053397545e-03
2.016380346999999962e-01,2.598621581689393879e-03
2.016689895000000066e-01,2.598607354679195475e-03
2.017205703000000128e-01,2.598583643298194891e-03
2.017515123999999993e-01,2.598569416653190040e-03
2.018649262999999972e-01,2.598517253451022597e-03
2.019164569999999936e-01,2.598493543504717691e-03
2.019473690999999960e-01,2.598479317721613235e-03
2.019576721000000130e-01,2.598474575827236944e-03
2.019679745000000082e-01,2.598469833939616967e-03
2.019988788000000035e-01,2.598455608381439793e-03
2.020297782000000097e-01,2.598441382955350102e-03
2.020400770000000124e-01,2.598436641185483155e-03
2.020503753000000013e-01,2.598431899421548962e-03
2.021224483999999877e-01,2.598398707515266887e-03
2.021327424999999900e-01,2.598393965865103666e-03
2.022150761000000019e-01,2.598356033286564493e-03
2.022459424999999977e-01,2.598341808819683210e-03
2.022768043000000016e-01,2.598327584477704618e-03
2.022870904999999886e-01,2.598322843068114150e-03
2.023282301000000061e-01,2.598303877566300601e-03
2.023693612999999947e-01,2.598284912296599559e-03
2.024618760000000128e-01,2.598242241337640583e-03
2.025338026999999874e-01,2.598209053656637488e-03
2.025646205999999949e-01,2.598194830593605464e-03
2.026057038000000088e-01,2.598175866718698424e-03
2.026159733000000018e-01,2.598171125789516204e-03
2.026262423000000090e-01,2.598166384874912600e-03
2.026878453000000024e-01,2.598137939692236279e-03
2.026981106000000088e-01,2.598133198884734502e-03
2.027083755000000098e-01,2.598128458092697785e-03
2.027802146999999888e-01,2.598095272949735648e-03
2.027904752999999949e-01,2.598090532282351824e-03
2.028930535000000035e-01,2.598043126372615464e-03
2.029033084000000098e-01,2.598038385865878309e-03
2.029340702000000107e-01,2.598024164427824648e-03
2.029545755000000118e-01,2.598014683546556649e-03
2.029853295000000057e-01,2.598000462349535442e-03
2.030570707000000086e-01,2.597967280060601951e-03
2.031185430000000125e-01,2.597938838688274368e-03
2.032004772000000070e-01,2.597900917716608644e-03
2.032311940000000039e-01,2.597886697593984519e-03
2.032619061000000005e-01,2.597872477611941518e-03
2.032721425000000026e-01,2.597867737645771086e-03
2.033642465000000121e-01,2.597825078657104488e-03
2.033949385000000110e-01,2.597810859256578526e-03
2.034358541000000076e-01,2.597791900282924935e-03
2.034460817000000032e-01,2.597787160573997514e-03
2.034767614000000113e-01,2.597772941544073972e-03
2.035176605000000027e-01,2.597753983046185641e-03
2.036096534000000069e-01,2.597711327315551776e-03
2.036403083999999974e-01,2.597697109011954785e-03
2.036913899999999999e-01,2.597673412140214314e-03
2.037118189999999884e-01,2.597663933492447893e-03
2.037220326999999997e-01,2.597659194192756919e-03
2.038037242999999887e-01,2.597621280342262036e-03
2.038445577000000120e-01,2.597602323785814637e-03
2.038547648000000045e-01,2.597597584683189118e-03
2.039159966999999907e-01,2.597569150382931461e-03
2.039670091000000129e-01,2.597545455548256384e-03
2.039976105000000095e-01,2.597531238828254627e-03
2.040078099000000034e-01,2.597526499951904270e-03
2.040384051999999948e-01,2.597512283417693565e-03
2.040893870999999915e-01,2.597488589490085879e-03
2.041607403000000043e-01,2.597455418624600079e-03
2.041811223999999980e-01,2.597445941365922155e-03
2.042524434999999916e-01,2.597412771450405191e-03
2.042626302999999977e-01,2.597408032956826339e-03
2.043441055999999922e-01,2.597370125506153534e-03
2.043644693999999984e-01,2.597360648797536475e-03
2.043746505000000047e-01,2.597355910461493066e-03
2.044255486000000066e-01,2.597332219022473708e-03
2.044560813000000088e-01,2.597318004346760734e-03
2.044866094999999995e-01,2.597303789798574656e-03
2.044967845000000006e-01,2.597299051652079711e-03
2.045374795999999884e-01,2.597280099189786147e-03
2.045781665999999999e-01,2.597261146983837442e-03
2.046188455000000073e-01,2.597242195009922747e-03
2.046493494000000135e-01,2.597227981191134114e-03
2.047001790999999904e-01,2.597204291788116765e-03
2.048221189999999969e-01,2.597147438774872075e-03
2.048322773000000041e-01,2.597142701116039992e-03
2.048525925999999941e-01,2.597133225854930411e-03
2.048627494999999965e-01,2.597128488250967631e-03
2.048932169999999886e-01,2.597114275518249901e-03
2.049135262000000013e-01,2.597104800438056367e-03
2.049439862000000112e-01,2.597090587931857094e-03
2.050150420000000084e-01,2.597057425943222805e-03
2.051570798000000029e-01,2.596991104186479639e-03
2.051773628000000127e-01,2.596981629894917851e-03
2.052280618000000001e-01,2.596957944419886043e-03
2.052686119000000087e-01,2.596938996313827904e-03
2.053192883000000135e-01,2.596915311517042618e-03
2.053395553000000040e-01,2.596905837704215503e-03
2.053496881000000107e-01,2.596901100825955207e-03
2.054003444999999983e-01,2.596877416631786836e-03
2.054307323000000018e-01,2.596863206296083117e-03
2.054611157000000021e-01,2.596848996106357246e-03
2.054712424000000037e-01,2.596844259398244266e-03
2.055623609999999990e-01,2.596801629753713297e-03
2.056332030999999949e-01,2.596768474211817116e-03
2.056433213999999954e-01,2.596763737773853057e-03
2.057141355999999865e-01,2.596730583077228212e-03
2.057242499999999974e-01,2.596725846746654378e-03
2.057950363000000116e-01,2.596692692897284525e-03
2.058253659000000013e-01,2.596678484327417415e-03
2.058354746999999929e-01,2.596673748170237866e-03
2.059466395000000005e-01,2.596621651413101757e-03
2.059567424000000035e-01,2.596616915440889267e-03
2.059870480999999864e-01,2.596602707599797270e-03
2.060375477999999982e-01,2.596579028162802286e-03
2.060476461999999898e-01,2.596574292321672008e-03
2.060779386000000102e-01,2.596560084880544361e-03
2.061284160000000087e-01,2.596536406123407890e-03
2.061889725999999923e-01,2.596507992110216531e-03
2.061990636000000099e-01,2.596503256497909289e-03
2.062797741000000074e-01,2.596465372112142806e-03
2.062898606999999940e-01,2.596460636638073076e-03
2.063100324000000096e-01,2.596451165717740799e-03
2.063201175000000109e-01,2.596446430282588723e-03
2.064007806000000000e-01,2.596408547349111917e-03
2.064310212000000089e-01,2.596394341499099531e-03
2.064511790999999929e-01,2.596384871008818648e-03
2.064713350000000058e-01,2.596375400570079001e-03
2.065217162999999911e-01,2.596351724755189671e-03
2.065317911000000006e-01,2.596346989641022153e-03
2.065620123999999946e-01,2.596332784372852066e-03
2.065922293999999937e-01,2.596318579253458370e-03
2.066828537000000021e-01,2.596275964681743660e-03
2.067633754000000046e-01,2.596238086089238881e-03
2.068338060999999894e-01,2.596204943119252793e-03
2.068539246999999970e-01,2.596195473832616299e-03
2.068840989999999880e-01,2.596181270016560683e-03
2.069243245999999870e-01,2.596162331812509275e-03
2.070449544000000086e-01,2.596105518634634398e-03
2.070851486999999991e-01,2.596086581385112849e-03
2.070951960999999897e-01,2.596081847111858607e-03
2.071253352999999908e-01,2.596067644382624162e-03
2.071554700000000082e-01,2.596053441787620885e-03
2.071655139999999951e-01,2.596048707622341904e-03
2.072458480999999908e-01,2.596010834825974133e-03
2.072558875999999939e-01,2.596006100794638789e-03
2.072759653000000035e-01,2.595996632774769802e-03
2.073361867000000081e-01,2.595968229082719087e-03
2.073662907999999916e-01,2.595954027440602017e-03
2.074064228999999981e-01,2.595935092120383973e-03
2.074866636999999903e-01,2.595897222223668074e-03
2.076069667000000063e-01,2.595840419178568025e-03
2.076470522999999957e-01,2.595821485313276871e-03
2.077171832999999967e-01,2.595788351623870126e-03
2.077272001000000090e-01,2.595783618301322412e-03
2.077372164000000077e-01,2.595778884997120266e-03
2.077572476000000001e-01,2.595769418428126724e-03
2.077973040999999965e-01,2.595750485461085794e-03
2.078073169999999914e-01,2.595745752266715497e-03
2.078173295000000087e-01,2.595741019073335293e-03
2.078974117000000066e-01,2.595703154114622525e-03
2.079174273999999933e-01,2.595693688033628814e-03
2.079774630000000013e-01,2.595665290128461224e-03
2.080074742999999948e-01,2.595651091381338295e-03
2.080374812999999934e-01,2.595636892766645890e-03
2.080774838999999987e-01,2.595617961495758162e-03
2.080874832999999868e-01,2.595613228715298090e-03
2.081174788000000053e-01,2.595599030469593078e-03
2.081674615999999922e-01,2.595575367017166363e-03
2.082174324000000132e-01,2.595551703937272817e-03
2.082374174000000133e-01,2.595542238819436610e-03
2.082474091000000027e-01,2.595537506276714753e-03
2.082973607999999976e-01,2.595513843813682369e-03
2.083273260000000071e-01,2.595499646514311080e-03
2.083672729000000112e-01,2.595480716987225069e-03
2.083972280999999982e-01,2.595466520001211627e-03
2.084371616000000038e-01,2.595447590900071787e-03
2.084471438000000121e-01,2.595442858664574227e-03
2.084870678000000088e-01,2.595423929861350593e-03
2.085170057999999882e-01,2.595409733418038451e-03
2.085668927999999867e-01,2.595386072991211473e-03
2.086067939000000038e-01,2.595367144914050277e-03
2.086965433000000092e-01,2.595324557614677504e-03
2.087164823999999863e-01,2.595315093948114861e-03
2.087264513000000044e-01,2.595310362127802115e-03
2.087762883000000014e-01,2.595286703271732550e-03
2.088061847999999887e-01,2.595272508147851084e-03
2.088759266000000114e-01,2.595239386705124138e-03
2.088858878000000030e-01,2.595234655128074702e-03
2.089257278999999967e-01,2.595215728977157826e-03
2.089356867999999923e-01,2.595210997482062798e-03
2.089954299000000015e-01,2.595182608797750191e-03
2.090153405000000075e-01,2.595173146030603940e-03
2.090452027999999962e-01,2.595158951982876831e-03
2.090750607999999899e-01,2.595144758078795667e-03
2.091546613999999971e-01,2.595106908313354020e-03
2.091646092999999984e-01,2.595102177154750677e-03
2.092043963999999923e-01,2.595083252697839848e-03
2.092541195000000021e-01,2.595059597462777423e-03
2.092839478000000086e-01,2.595045404506328857e-03
2.093237121000000034e-01,2.595026480772213116e-03
2.093336520000000089e-01,2.595021749871490729e-03
2.093535303999999875e-01,2.595012288121419791e-03
2.094032181999999909e-01,2.594988634015238209e-03
2.094926263999999927e-01,2.594946057579908608e-03
2.095124896999999986e-01,2.594936596319215739e-03
2.095621397999999913e-01,2.594912943410601375e-03
2.096514802999999982e-01,2.594870369148238876e-03
2.096812520000000124e-01,2.594856177993501000e-03
2.097110194000000039e-01,2.594841986970659355e-03
2.097606224999999935e-01,2.594818335581851841e-03
2.097903787000000020e-01,2.594804144930084027e-03
2.098300471000000000e-01,2.594785224262826252e-03
2.098796219999999879e-01,2.594761573774984238e-03
2.099192735000000032e-01,2.594742653650733508e-03
2.099688274000000021e-01,2.594719003839895954e-03
2.099985541000000122e-01,2.594704814132157283e-03
2.100282766000000079e-01,2.594690624567244468e-03
2.100381832000000060e-01,2.594685894743853881e-03
2.101174188000000109e-01,2.594648056673908368e-03
2.101273211999999946e-01,2.594643326977872505e-03
2.101570255000000109e-01,2.594629137999743783e-03
2.102065233000000033e-01,2.594605489995865325e-03
2.102758006999999874e-01,2.594572383417834659e-03
2.103054839999999870e-01,2.594558195114109178e-03
2.103153775000000114e-01,2.594553465712018739e-03
2.103648379999999984e-01,2.594529818911701403e-03
2.104439506999999931e-01,2.594491984816449728e-03
2.104736103000000025e-01,2.594477797277061192e-03
2.105823263999999917e-01,2.594425777462074350e-03
2.105922068999999952e-01,2.594421048478241353e-03
2.106020869000000129e-01,2.594416319516553836e-03
2.106218455999999961e-01,2.594406861622672571e-03
2.106811104999999906e-01,2.594378488305891430e-03
2.107502319000000013e-01,2.594345386800629791e-03
2.107601044999999895e-01,2.594340658070332269e-03
2.107798483999999972e-01,2.594331200661005241e-03
2.108390689000000096e-01,2.594302828793440714e-03
2.108686728999999982e-01,2.594288643066933187e-03
2.109180036999999952e-01,2.594265000483190423e-03
2.109475966000000091e-01,2.594250815114939289e-03
2.110264907999999939e-01,2.594212988127088653e-03
2.110659267999999977e-01,2.594194074993627381e-03
2.110757846999999909e-01,2.594189346747401408e-03
2.110954989999999920e-01,2.594179890298625463e-03
2.111053555000000082e-01,2.594175162108794050e-03
2.112925411999999892e-01,2.594085329163683170e-03
2.113023884999999935e-01,2.594080601263050977e-03
2.113122353000000120e-01,2.594075873376269249e-03
2.113417730999999911e-01,2.594061689809709290e-03
2.113811502999999870e-01,2.594042778609342761e-03
2.115385858000000119e-01,2.593967136202206605e-03
2.115680920000000131e-01,2.593952953668964608e-03
2.116074270999999951e-01,2.593934043852582586e-03
2.116270919000000084e-01,2.593924589036095563e-03
2.116565857000000106e-01,2.593910406918730101e-03
2.116860752999999984e-01,2.593896224934113485e-03
2.116959042999999874e-01,2.593891497635635902e-03
2.117253885000000002e-01,2.593877315837405349e-03
2.117745196999999968e-01,2.593853679804409944e-03
2.117843446000000074e-01,2.593848952646267154e-03
2.118138165000000017e-01,2.593834771246893330e-03
2.118432842999999899e-01,2.593820589993057601e-03
2.118629271999999952e-01,2.593811135888140704e-03
2.118923880999999954e-01,2.593796954859598717e-03
2.120396314999999920e-01,2.593726051727511788e-03
2.120494441000000119e-01,2.593721324971380322e-03
2.120886898999999881e-01,2.593702418096091849e-03
2.121573525999999876e-01,2.593669331660286310e-03
2.121671598000000047e-01,2.593664605083976712e-03
2.121769665000000082e-01,2.593659878520637643e-03
2.121965785000000104e-01,2.593650425450913944e-03
2.122456006000000006e-01,2.593626793030294996e-03
2.122554037000000116e-01,2.593622066593399920e-03
2.122848102000000070e-01,2.593607887361003630e-03
2.123142125999999963e-01,2.593593708277175999e-03
2.123338119000000024e-01,2.593584255623797210e-03
2.123632075000000119e-01,2.593570076749958288e-03
2.124023953999999992e-01,2.593551171813410650e-03
2.124415759999999931e-01,2.593532267105579363e-03
2.125101246999999971e-01,2.593499184460883612e-03
2.125199154999999895e-01,2.593494458422942409e-03
2.125688631000000051e-01,2.593470828480934527e-03
2.125982261999999900e-01,2.593456650700506124e-03
2.126373706999999946e-01,2.593437747203035642e-03
2.127254195999999931e-01,2.593395215208532494e-03
2.127547610999999950e-01,2.593381038148419391e-03
2.127840984999999907e-01,2.593366861224992524e-03
2.128036546000000029e-01,2.593357410013559690e-03
2.128623119999999980e-01,2.593329056756981180e-03
2.128720866999999906e-01,2.593324331256763923e-03
2.128818608999999973e-01,2.593319605787563955e-03
2.129502678000000093e-01,2.593286527876917293e-03
2.129600385000000040e-01,2.593281802523195265e-03
2.129795784000000081e-01,2.593272351851763635e-03
2.130674858000000116e-01,2.593229824595164133e-03
2.131358331000000050e-01,2.593196748692687143e-03
2.131455952999999903e-01,2.593192023612282942e-03
2.132724621000000043e-01,2.593130599078751364e-03
2.133017284000000013e-01,2.593116424545679338e-03
2.133407438000000100e-01,2.593097525382950189e-03
2.134285025000000058e-01,2.593055003128845633e-03
2.134577473000000003e-01,2.593040829316742030e-03
2.134869882000000052e-01,2.593026655643540773e-03
2.134967342000000101e-01,2.593021931116021566e-03
2.135064798999999902e-01,2.593017206598861694e-03
2.135357139999999876e-01,2.593003033156014367e-03
2.135649441999999953e-01,2.592988859839781904e-03
2.135746866999999882e-01,2.592984135432519800e-03
2.136039116000000015e-01,2.592969962295574912e-03
2.136623492999999985e-01,2.592941616435150403e-03
2.136915621000000098e-01,2.592927443708513153e-03
2.137597099000000112e-01,2.592894374536981825e-03
2.137986417999999944e-01,2.592875478190833412e-03
2.138083735999999901e-01,2.592870754149257523e-03
2.138862125000000058e-01,2.592832962309500524e-03
2.139153947999999916e-01,2.592818790618619390e-03
2.139737473999999973e-01,2.592790447642757696e-03
2.140418054000000070e-01,2.592757381530940309e-03
2.140709664000000068e-01,2.592743210565216089e-03
2.141098416999999976e-01,2.592724316142816163e-03
2.141875709999999933e-01,2.592686528037546276e-03
2.141972852000000038e-01,2.592681804592371353e-03
2.142069989000000008e-01,2.592677081166551174e-03
2.142361375000000068e-01,2.592662910965929778e-03
2.142846929999999983e-01,2.592639294265049708e-03
2.143526521999999934e-01,2.592606231513112838e-03
2.143623588999999940e-01,2.592601508320254745e-03
2.143914764000000028e-01,2.592587338836101034e-03
2.144205899000000137e-01,2.592573169493574917e-03
2.144399966999999962e-01,2.592563723337887836e-03
2.145079067000000006e-01,2.592530662267154319e-03
2.145467027999999887e-01,2.592511770568690053e-03
2.145854918000000000e-01,2.592492879093971289e-03
2.146242738999999955e-01,2.592473987864072314e-03
2.146533558000000008e-01,2.592459819611377114e-03
2.146727415999999944e-01,2.592450374179264012e-03
2.147308883999999862e-01,2.592422038234293378e-03
2.148180791000000034e-01,2.592379535346408387e-03
2.148277647000000068e-01,2.592374812872604885e-03
2.148568191000000127e-01,2.592360645562929219e-03
2.148955522000000062e-01,2.592341756016884689e-03
2.149342783000000034e-01,2.592322866711428524e-03
2.149729974000000043e-01,2.592303977650406606e-03
2.149826760999999919e-01,2.592299255428607684e-03
2.150020321999999984e-01,2.592289811008154088e-03
2.150504146999999977e-01,2.592266200242239645e-03
2.150600899000000010e-01,2.592261478135138037e-03
2.150891128999999902e-01,2.592247311902759910e-03
2.151664885000000027e-01,2.592209535946612010e-03
2.152438362000000105e-01,2.592171760952398634e-03
2.152921644000000134e-01,2.592148152067788331e-03
2.153114925999999874e-01,2.592138708616379891e-03
2.153211560999999941e-01,2.592133986909532766e-03
2.153694670000000089e-01,2.592110378634370285e-03
2.153984482999999894e-01,2.592096213836394668e-03
2.154274257000000081e-01,2.592082049180773930e-03
2.154660562000000057e-01,2.592063163189117520e-03
2.155143344999999877e-01,2.592039556024675930e-03
2.155239888999999909e-01,2.592034834646275709e-03
2.155819060999999981e-01,2.592006506638795151e-03
2.155915575000000028e-01,2.592001785360936034e-03
2.156012083999999940e-01,2.591997064092813920e-03
2.156301585000000021e-01,2.591982900385668854e-03
2.156687526999999938e-01,2.591964015656634396e-03
2.157459203000000048e-01,2.591926246904517270e-03
2.157748510999999980e-01,2.591912083876381136e-03
2.158327009000000074e-01,2.591883758215186070e-03
2.158616201000000123e-01,2.591869595585505944e-03
2.159290829000000134e-01,2.591836549986480109e-03
2.160157899000000048e-01,2.591794063859566635e-03
2.160446845000000005e-01,2.591779902099491679e-03
2.160928336000000061e-01,2.591756299450848414e-03
2.161313451999999913e-01,2.591737417596222566e-03
2.162179710999999893e-01,2.591694934315694546e-03
2.162372166000000040e-01,2.591685493750276164e-03
2.162468386999999992e-01,2.591680773493212474e-03
2.162757023999999917e-01,2.591666612803471877e-03
2.162853228000000128e-01,2.591661892602394220e-03
2.163238000999999910e-01,2.591643011957130410e-03
2.163718870000000127e-01,2.591619411484676495e-03
2.163911188000000041e-01,2.591609971401505601e-03
2.164391907999999864e-01,2.591586371460298608e-03
2.164488039999999947e-01,2.591581651508795183e-03
2.164776408000000096e-01,2.591567491776105864e-03
2.165449117000000090e-01,2.591534452891918350e-03
2.165833429000000032e-01,2.591515573878805552e-03
2.165929496000000010e-01,2.591510854151114415e-03
2.166697880000000020e-01,2.591473096944876126e-03
2.166793908999999907e-01,2.591468377355545666e-03
2.167081969999999913e-01,2.591454218702230351e-03
2.167561987000000134e-01,2.591430621232429683e-03
2.168137867000000107e-01,2.591402304770057743e-03
2.168521701999999995e-01,2.591383427427340104e-03
2.168905469000000086e-01,2.591364550325886938e-03
2.169097326999999964e-01,2.591355111858671678e-03
2.169864589999999926e-01,2.591317358622977334e-03
2.170152243000000036e-01,2.591303201405045949e-03
2.170535721999999890e-01,2.591284325312665383e-03
2.170631580999999866e-01,2.591279606332337355e-03
2.171302475999999926e-01,2.591246573873963281e-03
2.171589939999999941e-01,2.591232417331560973e-03
2.171973164000000067e-01,2.591213542154062726e-03
2.172164752000000087e-01,2.591204104655518356e-03
2.172739411000000065e-01,2.591175792507740671e-03
2.172835173000000064e-01,2.591171073876402144e-03
2.173122433999999936e-01,2.591156918046921744e-03
2.173218178999999917e-01,2.591152199475722610e-03
2.173601115999999889e-01,2.591133325313039765e-03
2.173983986999999951e-01,2.591114451400409503e-03
2.174749525000000128e-01,2.591076704277786580e-03
2.175036532999999883e-01,2.591062549357537204e-03
2.175132193000000047e-01,2.591057831081617930e-03
2.175992951000000064e-01,2.591015367256904040e-03
2.176184184000000132e-01,2.591005931024794543e-03
2.176757782000000030e-01,2.590977622671865842e-03
2.177331230000000006e-01,2.590949314855142769e-03
2.177426789999999945e-01,2.590944596937578333e-03
2.178191117999999926e-01,2.590906854137754907e-03
2.178286640000000052e-01,2.590902136354736058e-03
2.178573182000000108e-01,2.590887983103845344e-03
2.179241631999999929e-01,2.590854959362555183e-03
2.179337108000000134e-01,2.590850241745993460e-03
2.179718971000000061e-01,2.590831371431805488e-03
2.180482495000000132e-01,2.590793631522791615e-03
2.180577917000000032e-01,2.590788914102160403e-03
2.180768747999999868e-01,2.590779479306840830e-03
2.181150360000000121e-01,2.590760609894646183e-03
2.181341140999999983e-01,2.590751175270548153e-03
2.181627281999999890e-01,2.590737023455221780e-03
2.182008742999999862e-01,2.590718154581385119e-03
2.182294795999999981e-01,2.590704003084651555e-03
2.182771467000000076e-01,2.590680417559163180e-03
2.182866789000000030e-01,2.590675700492984981e-03
2.183152728999999959e-01,2.590661549401119829e-03
2.183629213000000124e-01,2.590637964544265006e-03
2.183915053000000106e-01,2.590623813808990913e-03
2.184200856000000079e-01,2.590609663207005166e-03
2.184296115999999899e-01,2.590604946375898044e-03
2.184391371000000137e-01,2.590600229558522559e-03
2.185153263000000068e-01,2.590562495532196686e-03
2.185914888999999917e-01,2.590524762458345457e-03
2.186200430999999944e-01,2.590510612805752184e-03
2.186581095000000030e-01,2.590491746808590984e-03
2.186866548999999993e-01,2.590477597475558062e-03
2.186961692999999929e-01,2.590472881060605897e-03
2.187342224000000113e-01,2.590454015546455463e-03
2.187437346999999976e-01,2.590449299210514748e-03
2.188483421999999901e-01,2.590397420449117288e-03
2.188863688999999890e-01,2.590378555892701613e-03
2.189528997000000088e-01,2.590345543500651142e-03
2.189624024000000058e-01,2.590340827504639901e-03
2.190004093000000041e-01,2.590321963674358657e-03
2.190479086000000075e-01,2.590298384221382567e-03
2.191238862000000065e-01,2.590260657869968182e-03
2.191428763999999918e-01,2.590251226436965544e-03
2.191903449000000004e-01,2.590227648109362252e-03
2.192283121999999973e-01,2.590208785723902268e-03
2.192567834999999965e-01,2.590194639074814859e-03
2.192757622000000017e-01,2.590185208063794115e-03
2.193326885999999920e-01,2.590156915376391148e-03
2.193801159999999861e-01,2.590133338546529024e-03
2.194275330999999885e-01,2.590109762096038347e-03
2.195318148000000025e-01,2.590057895213877630e-03
2.195602466000000086e-01,2.590043750015801841e-03
2.195981499999999920e-01,2.590024889964770080e-03
2.196455200999999913e-01,2.590001315247644591e-03
2.196834088000000074e-01,2.589982455734390551e-03
2.197118210000000016e-01,2.589968311252646704e-03
2.197212909000000047e-01,2.589963596461102111e-03
2.197307604000000025e-01,2.589958881670279597e-03
2.198727543000000006e-01,2.589888161765503596e-03
2.198822172999999880e-01,2.589883447229007589e-03
2.199106037999999930e-01,2.589869303689505686e-03
2.199389867000000054e-01,2.589855160291999574e-03
2.199579066000000027e-01,2.589845731439369917e-03
2.199862834000000100e-01,2.589831588270296962e-03
2.200241133999999987e-01,2.589812730919694491e-03
2.200524815999999884e-01,2.589798588065112157e-03
2.201092071000000094e-01,2.589770302746517011e-03
2.201375644000000131e-01,2.589756160299083385e-03
2.201848184000000097e-01,2.589732589844844814e-03
2.202509568999999889e-01,2.589699591843545520e-03
2.203170755999999952e-01,2.589666594576666998e-03
2.203265195999999926e-01,2.589661880735052643e-03
2.203548489000000110e-01,2.589647739323578095e-03
2.204020563000000099e-01,2.589624170594472582e-03
2.204114964999999982e-01,2.589619456888122423e-03
2.204398149000000029e-01,2.589605315879210841e-03
2.204681296999999873e-01,2.589591174997314844e-03
2.204775670999999937e-01,2.589586461401247996e-03
2.205530521000000077e-01,2.589548753180378419e-03
2.206379417999999870e-01,2.589506332567437664e-03
2.206568017999999964e-01,2.589496905929429722e-03
2.206662310999999987e-01,2.589492192635987119e-03
2.207039446000000071e-01,2.589473339597684731e-03
2.207416516000000051e-01,2.589454486797483548e-03
2.207793520999999926e-01,2.589435634248449941e-03
2.207887762999999892e-01,2.589430921142707454e-03
2.208076233000000055e-01,2.589421494991528839e-03
2.208170462999999861e-01,2.589416781928676522e-03
2.208453126000000100e-01,2.589402642858283730e-03
2.208641548999999982e-01,2.589393216879996330e-03
2.209206720000000124e-01,2.589364939313423299e-03
2.209300901000000039e-01,2.589360226426291097e-03
2.210054204999999938e-01,2.589322523959971135e-03
2.210148349999999928e-01,2.589317811224634610e-03
2.210807251999999945e-01,2.589284822449643402e-03
2.211465958000000120e-01,2.589251834410200102e-03
2.211654124000000110e-01,2.589242409400269174e-03
2.212406625999999987e-01,2.589204709919964726e-03
2.212594712000000019e-01,2.589195285209226760e-03
2.212688748999999955e-01,2.589190572868342501e-03
2.213440899999999933e-01,2.589152874719503374e-03
2.213816879000000126e-01,2.589134026001960881e-03
2.214568647000000057e-01,2.589096329286043243e-03
2.214944434999999989e-01,2.589077481281047959e-03
2.215414081000000035e-01,2.589053921622054728e-03
2.216071417000000099e-01,2.589020938733806003e-03
2.216728558999999932e-01,2.588987956579590771e-03
2.216822421000000098e-01,2.588983244899810496e-03
2.216916278000000129e-01,2.588978533235765898e-03
2.217103981000000112e-01,2.588969109958962501e-03
2.217197827000000065e-01,2.588964398336144907e-03
2.217573169000000011e-01,2.588945552014110252e-03
2.217948448000000017e-01,2.588926705934262943e-03
2.218417457999999898e-01,2.588903148676244530e-03
2.218605033999999920e-01,2.588893725873041025e-03
2.219073904999999958e-01,2.588870169145646334e-03
2.219167666999999899e-01,2.588865457836498837e-03
2.219730156999999982e-01,2.588837190334945804e-03
2.220479922999999967e-01,2.588799501175628043e-03
2.220573626000000023e-01,2.588794790096387785e-03
2.221416773999999872e-01,2.588752391064178156e-03
2.221604097000000055e-01,2.588742969229511099e-03
2.221697752000000026e-01,2.588738258332157031e-03
2.222165969999999879e-01,2.588714704064815336e-03
2.223102110999999881e-01,2.588667596653014113e-03
2.223570032999999946e-01,2.588644043517088558e-03
2.223663606000000070e-01,2.588639332938042371e-03
2.223944300000000041e-01,2.588625201274648638e-03
2.224318503999999919e-01,2.588606359276000250e-03
2.224412045999999976e-01,2.588601648806716955e-03
2.225066723999999940e-01,2.588568675988095220e-03
2.225160234000000126e-01,2.588563965633774219e-03
2.225814691999999928e-01,2.588530993653141883e-03
2.225908169999999964e-01,2.588526283434002678e-03
2.226095114999999958e-01,2.588516863020476171e-03
2.226188581000000111e-01,2.588512152843391867e-03
2.226468957000000137e-01,2.588498022402563152e-03
2.226936171999999992e-01,2.588474471956176293e-03
2.227216454000000012e-01,2.588460341867492975e-03
2.227683511999999921e-01,2.588436792019227061e-03
2.228150472000000049e-01,2.588413242548284754e-03
2.228430601999999983e-01,2.588399113049735713e-03
2.228710694999999908e-01,2.588384983675911123e-03
2.229177441000000093e-01,2.588361435025482177e-03
2.229457441000000095e-01,2.588347306014634596e-03
2.229550765999999962e-01,2.588342596380976274e-03
2.230297230000000130e-01,2.588304919806940722e-03
2.230577089999999929e-01,2.588290791325253623e-03
2.231136703000000110e-01,2.588262534802680467e-03
2.231416458000000103e-01,2.588248406732653224e-03
2.231789409000000113e-01,2.588229569514176320e-03
2.232069080999999899e-01,2.588215441767947357e-03
2.232628321000000027e-01,2.588187186674059930e-03
2.232907888000000007e-01,2.588173059330827613e-03
2.233373755999999988e-01,2.588149514044437317e-03
2.233560075999999894e-01,2.588140096045089909e-03
2.234863880000000080e-01,2.588074171671971013e-03
2.235050075999999997e-01,2.588064754144473595e-03
2.235143168000000014e-01,2.588060045400819489e-03
2.235608570000000017e-01,2.588036501919385984e-03
2.235887763999999944e-01,2.588022376006498225e-03
2.236259969999999930e-01,2.588003541669967739e-03
2.236539083000000094e-01,2.587989416080023475e-03
2.237004194999999973e-01,2.587965873723758938e-03
2.238120067999999907e-01,2.587909373582768669e-03
2.238491901999999922e-01,2.587890540692719572e-03
2.239235384999999912e-01,2.587852875614701266e-03
2.239328302999999964e-01,2.587848167545404431e-03
2.239607033999999885e-01,2.587834043429170644e-03
2.240071507999999989e-01,2.587810503537631146e-03
2.240628751000000030e-01,2.587782256172019204e-03
2.241093013000000078e-01,2.587758717101427616e-03
2.241464354000000103e-01,2.587739886117551655e-03
2.241557180000000038e-01,2.587735178420265836e-03
2.241835634000000077e-01,2.587721055385954795e-03
2.242578007999999901e-01,2.587683394611790203e-03
2.243691109000000017e-01,2.587626905251846996e-03
2.243969298000000057e-01,2.587612783254803449e-03
2.244062019999999991e-01,2.587608075959292164e-03
2.244340163000000110e-01,2.587593954132288813e-03
2.244432869000000108e-01,2.587589246887311758e-03
2.244525572000000135e-01,2.587584539662350375e-03
2.244803657999999980e-01,2.587570418065449854e-03
2.245081708999999981e-01,2.587556296596913233e-03
2.245174384999999995e-01,2.587551589468080251e-03
2.245267056999999955e-01,2.587546882363665236e-03
2.245452390000000076e-01,2.587537468190053130e-03
2.246286198999999928e-01,2.587495105144206262e-03
2.246749292999999925e-01,2.587471570642665541e-03
2.246934503000000138e-01,2.587462156945940627e-03
2.247304878999999977e-01,2.587443329743346378e-03
2.247397462999999873e-01,2.587438622975673282e-03
2.248230551000000021e-01,2.587396262752967441e-03
2.248415639000000132e-01,2.587386849547139347e-03
2.248508177999999913e-01,2.587382142963370792e-03
2.249248349999999896e-01,2.587344490803035902e-03
2.249618344000000048e-01,2.587325665091148082e-03
2.249895799999999946e-01,2.587311545972903297e-03
2.250265689000000013e-01,2.587292720668438271e-03
2.250450609999999907e-01,2.587283308112100621e-03
2.251005282000000107e-01,2.587255070790848120e-03
2.251190143000000032e-01,2.587245658483229051e-03
2.251467404999999977e-01,2.587231540118123570e-03
2.251837034999999987e-01,2.587212715833870236e-03
2.251929433000000036e-01,2.587208009796521362e-03
2.252576112999999935e-01,2.587175067996899929e-03
2.252853204999999970e-01,2.587160950299763167e-03
2.252945560999999874e-01,2.587156244440715243e-03
2.253222606999999988e-01,2.587142126923356114e-03
2.253407286000000120e-01,2.587132715322614743e-03
2.253684274999999959e-01,2.587118598037601441e-03
2.254053541999999910e-01,2.587099775193918427e-03
2.254884169999999965e-01,2.587057424670420602e-03
2.255160978000000094e-01,2.587043308111520480e-03
2.255622248999999968e-01,2.587019780786105339e-03
2.256267871000000036e-01,2.586986843168680595e-03
2.256913308000000062e-01,2.586953906284740305e-03
2.257005498000000110e-01,2.586949201073033937e-03
2.257097684000000104e-01,2.586944495887611665e-03
2.257282046000000097e-01,2.586935085544785507e-03
2.257742883999999950e-01,2.586911559935750008e-03
2.257835039999999960e-01,2.586906854864047534e-03
2.258111486000000112e-01,2.586892739731169472e-03
2.258756396000000111e-01,2.586859804943370152e-03
2.259309029000000080e-01,2.586831575697972306e-03
2.259585295000000049e-01,2.586817461294642177e-03
2.260045663999999954e-01,2.586793937556099154e-03
2.260321838999999888e-01,2.586779823496556958e-03
2.260690022000000077e-01,2.586761004974064051e-03
2.261426206000000105e-01,2.586723368623093395e-03
2.261518211999999917e-01,2.586718664144173688e-03
2.262070170999999907e-01,2.586690437597463470e-03
2.262530033000000051e-01,2.586666915886144322e-03
2.262805905999999978e-01,2.586652803040616691e-03
2.263173683999999963e-01,2.586633986119460469e-03
2.264000965999999893e-01,2.586591648928135249e-03
2.264368549000000119e-01,2.586572832793166982e-03
2.264460436000000076e-01,2.586568128797908997e-03
2.264736073999999988e-01,2.586554016887640181e-03
2.265103538000000083e-01,2.586535201217689695e-03
2.265195395000000056e-01,2.586530497346971845e-03
2.265838287999999978e-01,2.586497570617446191e-03
2.266113757999999867e-01,2.586483459387846871e-03
2.266664597999999975e-01,2.586455237334433881e-03
2.266939967000000111e-01,2.586441126497841369e-03
2.267215303000000015e-01,2.586427015803053394e-03
2.267582365999999960e-01,2.586408201764959017e-03
2.267674121999999903e-01,2.586403498291317635e-03
2.268408040000000070e-01,2.586365871024615473e-03
2.268683197999999956e-01,2.586351761043962413e-03
2.268866618000000002e-01,2.586342354475884998e-03
2.269141719999999973e-01,2.586328244723910125e-03
2.269508470999999916e-01,2.586309431925986040e-03
2.270241795000000062e-01,2.586271807064847474e-03
2.270608369000000071e-01,2.586252994991202099e-03
2.270883260000000070e-01,2.586238886093709943e-03
2.270974883000000111e-01,2.586234183158989900e-03
2.271066502000000098e-01,2.586229480234972667e-03
2.271707733999999979e-01,2.586196560199818632e-03
2.271799324000000064e-01,2.586191857402045900e-03
2.272440349000000026e-01,2.586158938198132758e-03
2.272531909000000128e-01,2.586154235522874437e-03
2.272806568000000083e-01,2.586140127562576180e-03
2.273081193000000000e-01,2.586126019743487450e-03
2.273538827999999901e-01,2.586102507010632542e-03
2.273813365000000031e-01,2.586088399545612149e-03
2.274270852999999981e-01,2.586064887398019114e-03
2.274636777000000054e-01,2.586046077949412381e-03
2.274728249000000091e-01,2.586041375627789150e-03
2.274911181000000004e-01,2.586031971024100456e-03
2.275002641999999964e-01,2.586027268743283994e-03
2.275459891000000123e-01,2.586003757587313975e-03
2.276008468000000062e-01,2.585975544674043620e-03
2.276739698999999950e-01,2.585937928287264723e-03
2.276831085999999893e-01,2.585933226318185875e-03
2.276922469999999865e-01,2.585928524348451302e-03
2.277196599000000099e-01,2.585914418547388943e-03
2.277562052000000059e-01,2.585895611013816313e-03
2.277927448000000021e-01,2.585876803718053455e-03
2.278292784000000015e-01,2.585857996670905094e-03
2.279114577999999947e-01,2.585815681666230395e-03
2.279297157999999879e-01,2.585806278498465130e-03
2.279844812000000054e-01,2.585778069360972643e-03
2.280118590000000112e-01,2.585763964985625732e-03
2.280483574999999929e-01,2.585745159373083277e-03
2.280757276000000000e-01,2.585731055314539808e-03
2.281213370999999879e-01,2.585707548851592669e-03
2.281304578999999999e-01,2.585702847603751995e-03
2.282034112999999920e-01,2.585665238154990532e-03
2.282307627999999866e-01,2.585651134874040330e-03
2.282581110000000135e-01,2.585637031705131147e-03
2.283674710999999968e-01,2.585580620407908290e-03
2.284221314999999863e-01,2.585552415571694320e-03
2.284494568000000059e-01,2.585538313355295777e-03
2.284767789000000104e-01,2.585524211272738956e-03
2.284858855000000133e-01,2.585519510599475126e-03
2.284949917000000108e-01,2.585514809953869727e-03
2.285132031000000064e-01,2.585505408702217563e-03
2.285587253999999957e-01,2.585481905825408322e-03
2.285678287000000031e-01,2.585477205280200478e-03
2.285951365999999985e-01,2.585463103785017123e-03
2.286224411999999984e-01,2.585449002418523795e-03
2.286588422999999981e-01,2.585430200806808354e-03
2.287043354999999945e-01,2.585406699128801455e-03
2.287771058999999996e-01,2.585369097213550699e-03
2.288043888000000081e-01,2.585354996734914867e-03
2.288407608999999954e-01,2.585336196321675641e-03
2.288862180000000024e-01,2.585312696121939806e-03
2.289225770999999965e-01,2.585293896253764139e-03
2.289952781000000048e-01,2.585256297197635611e-03
2.290043640999999963e-01,2.585251597384608576e-03
2.290316199000000108e-01,2.585237498037237097e-03
2.290588725000000103e-01,2.585223398825588215e-03
2.290770390999999906e-01,2.585213999415314663e-03
2.291042862999999874e-01,2.585199900421224824e-03
2.291496909999999887e-01,2.585176402394230143e-03
2.292132426000000056e-01,2.585143505796957085e-03
2.292495498999999881e-01,2.585124708065045240e-03
2.292949259000000017e-01,2.585101211235697576e-03
2.293221471999999928e-01,2.585087113312611699e-03
2.293584371999999871e-01,2.585068316296765083e-03
2.293856509999999960e-01,2.585054218700572667e-03
2.293947215000000095e-01,2.585049519528185517e-03
2.294672728999999911e-01,2.585011926687317500e-03
2.295126057999999913e-01,2.584988431654760849e-03
2.295760568999999918e-01,2.584955539236346439e-03
2.296576112000000003e-01,2.584913250054284451e-03
2.296757304000000000e-01,2.584903852624832656e-03
2.297119646000000126e-01,2.584885057932943039e-03
2.297210222000000135e-01,2.584880359293413934e-03
2.297300794999999896e-01,2.584875660681485148e-03
2.297844156999999943e-01,2.584847469286320667e-03
2.297934705000000133e-01,2.584842770760863943e-03
2.298658959999999862e-01,2.584805183183742829e-03
2.299021001999999869e-01,2.584786389752617708e-03
2.299292495999999963e-01,2.584772294838230591e-03
2.299473475000000100e-01,2.584762898305207560e-03
2.299654439000000106e-01,2.584753501826523876e-03
2.300106785999999903e-01,2.584730010904438737e-03
2.300468599999999919e-01,2.584711218418838958e-03
2.300830356999999937e-01,2.584692426191095849e-03
2.300920787999999884e-01,2.584687728167381002e-03
2.301101637999999894e-01,2.584678332158007671e-03
2.301192058000000040e-01,2.584673634186394377e-03
2.302547927999999966e-01,2.584603166324095543e-03
2.302999706999999951e-01,2.584579677778734222e-03
2.303090051999999999e-01,2.584574980111886255e-03
2.303632049000000070e-01,2.584546794448432019e-03
2.303722368999999992e-01,2.584542096887340601e-03
2.304083616000000001e-01,2.584523306803493230e-03
2.304535094000000062e-01,2.584499819534591750e-03
2.305167015000000041e-01,2.584466937980164133e-03
2.305257274999999995e-01,2.584462240668377198e-03
2.305528034999999865e-01,2.584448148842761941e-03
2.305798762000000057e-01,2.584434057153206250e-03
2.305979230000000102e-01,2.584424662769348180e-03
2.306249904999999878e-01,2.584410571296827646e-03
2.306610755000000068e-01,2.584391782877633499e-03
2.306971549000000066e-01,2.584372994700714736e-03
2.307422462000000007e-01,2.584349509822496827e-03
2.307963440999999949e-01,2.584321328446469775e-03
2.308143739999999888e-01,2.584311934769079576e-03
2.308414161000000020e-01,2.584297844381505411e-03
2.308684550000000002e-01,2.584283754112480513e-03
2.308774673000000000e-01,2.584279057393959900e-03
2.309405432999999952e-01,2.584246180745870206e-03
2.309585618999999979e-01,2.584236787557688941e-03
2.309765790999999957e-01,2.584227394422344750e-03
2.309855871000000005e-01,2.584222697872755846e-03
2.310306220999999993e-01,2.584199215378265701e-03
2.310576389000000008e-01,2.584185126066449508e-03
2.310846525999999956e-01,2.584171036868966338e-03
2.310936564000000137e-01,2.584166340518234423e-03
2.311206658000000136e-01,2.584152251505836273e-03
2.311656745000000013e-01,2.584128770125431514e-03
2.311746752000000127e-01,2.584124073898397527e-03
2.312466680999999968e-01,2.584086504585559729e-03
2.312736595999999867e-01,2.584072416334268901e-03
2.313456217000000037e-01,2.584034848333291012e-03
2.314085700999999884e-01,2.584001977131105462e-03
2.314175613999999992e-01,2.583997281297677195e-03
2.314445330000000078e-01,2.583983193893979197e-03
2.314625123000000062e-01,2.583973802376339675e-03
2.315523879999999979e-01,2.583926845667721024e-03
2.315973128000000103e-01,2.583903367867417759e-03
2.316062966999999917e-01,2.583898672351372331e-03
2.316332463000000119e-01,2.583884585896212022e-03
2.316691743000000026e-01,2.583865804168179389e-03
2.316781554000000021e-01,2.583861108759930979e-03
2.317320348999999946e-01,2.583832936704965645e-03
2.317410135999999898e-01,2.583828241415809471e-03
2.318128305000000111e-01,2.583790679625881919e-03
2.318397561999999967e-01,2.583776594193727509e-03
2.318487307000000053e-01,2.583771899085384599e-03
2.319474273999999892e-01,2.583720253827209105e-03
2.319833067000000026e-01,2.583701474187715015e-03
2.320281480999999979e-01,2.583677999967840672e-03
2.320371153000000131e-01,2.583673305180299740e-03
2.320640149000000041e-01,2.583659220869674415e-03
2.320909113999999884e-01,2.583645136698282767e-03
2.321088406000000048e-01,2.583635747322861938e-03
2.321715820999999957e-01,2.583602884970941527e-03
2.322343067000000039e-01,2.583570023369956888e-03
2.322432658999999955e-01,2.583565328907587270e-03
2.322522248999999983e-01,2.583560634463428346e-03
2.322790995000000025e-01,2.583546551236177297e-03
2.323059711000000083e-01,2.583532468132723487e-03
2.323238837999999917e-01,2.583523079480716175e-03
2.323507502000000113e-01,2.583508996594599798e-03
2.324581846999999868e-01,2.583452666439543279e-03
2.325387281000000084e-01,2.583410420228882901e-03
2.325566228000000013e-01,2.583401032353001715e-03
2.325655695999999939e-01,2.583396338432140775e-03
2.325924081000000088e-01,2.583382256758847209e-03
2.326013536000000048e-01,2.583377562890150272e-03
2.326371319999999965e-01,2.583358787608468904e-03
2.326729050000000132e-01,2.583340012553179792e-03
2.326818474000000025e-01,2.583335318830383941e-03
2.326997311000000013e-01,2.583325931434457805e-03
2.327801908000000086e-01,2.583283688837170050e-03
2.328159418000000092e-01,2.583264914741359095e-03
2.328427513999999920e-01,2.583250834330417731e-03
2.328784928000000032e-01,2.583232060653467468e-03
2.328874271999999968e-01,2.583227367264994030e-03
2.329231616999999921e-01,2.583208593884871868e-03
2.329678222000000076e-01,2.583185127484430993e-03
2.329946143000000136e-01,2.583171047835759650e-03
2.330303324000000120e-01,2.583152275171404777e-03
2.330392609999999975e-01,2.583147582041213017e-03
2.331106779999999878e-01,2.583110037551731263e-03
2.331285288000000122e-01,2.583100651571271830e-03
2.331374536999999969e-01,2.583095958603745090e-03
2.332445258999999993e-01,2.583039644185166229e-03
2.332802056000000124e-01,2.583020873197761601e-03
2.333515489000000109e-01,2.582983331911448913e-03
2.333782970000000123e-01,2.582969254174131025e-03
2.334228703000000016e-01,2.582945791597479526e-03
2.334496101999999906e-01,2.582931714223458269e-03
2.335298114999999897e-01,2.582889482893816185e-03
2.335387211000000129e-01,2.582884790603527225e-03
2.335565391999999962e-01,2.582875406056377859e-03
2.335654477999999923e-01,2.582870713805196072e-03
2.336367038999999923e-01,2.582833176348069484e-03
2.336634193000000081e-01,2.582819100045798556e-03
2.336723237999999980e-01,2.582814407967033536e-03
2.336812279000000103e-01,2.582809715908715702e-03
2.336990351000000077e-01,2.582800331847218654e-03
2.337524487000000040e-01,2.582772180003947617e-03
2.338058500999999900e-01,2.582744028694048104e-03
2.338236478000000063e-01,2.582734645041146089e-03
2.338414441999999982e-01,2.582725261456955169e-03
2.338503419000000083e-01,2.582720569680443164e-03
2.339659810999999978e-01,2.582659577985203705e-03
2.340371152000000066e-01,2.582622045900600290e-03
2.340637848999999882e-01,2.582607971607355554e-03
2.340993398000000003e-01,2.582589206099499598e-03
2.341260025000000133e-01,2.582575132112211076e-03
2.341704334999999970e-01,2.582551675787244511e-03
2.342059722000000010e-01,2.582532910980776721e-03
2.342415055000000024e-01,2.582514146427284090e-03
2.342770335000000093e-01,2.582495382112469894e-03
2.343036759000000080e-01,2.582481309025965593e-03
2.343214358000000053e-01,2.582471927036267875e-03
2.344102153000000022e-01,2.582425018026591676e-03
2.344634667999999922e-01,2.582396873340746333e-03
2.344900880999999937e-01,2.582382801192552660e-03
2.345255783000000094e-01,2.582364038540270121e-03
2.345521925000000063e-01,2.582349966708104034e-03
2.345610633000000111e-01,2.582345276134162624e-03
2.345965428000000019e-01,2.582326513951546925e-03
2.346054117999999966e-01,2.582321823449296432e-03
2.346320169999999983e-01,2.582307752024992891e-03
2.346763521999999935e-01,2.582284299934634649e-03
2.347384073000000071e-01,2.582251467644599511e-03
2.348093075000000085e-01,2.582213945903844704e-03
2.348181685000000074e-01,2.582209255757903811e-03
2.348358895000000057e-01,2.582199875512367331e-03
2.348447495000000051e-01,2.582195185401232797e-03
2.348713275000000045e-01,2.582181115180176394e-03
2.349156175000000069e-01,2.582157665105998343e-03
2.349421875000000104e-01,2.582143595237012309e-03
2.350218795000000027e-01,2.582101386440057746e-03
2.350307325000000058e-01,2.582096696657492849e-03
2.351015444000000010e-01,2.582059178852126081e-03
2.351192441000000133e-01,2.582049799544685123e-03
2.351280933999999878e-01,2.582045109923675891e-03
2.351634874000000097e-01,2.582026351561923089e-03
2.352342594000000064e-01,2.581988835543903935e-03
2.352431044000000138e-01,2.581984146121056502e-03
2.353138523999999954e-01,2.581946631188151986e-03
2.353403775000000031e-01,2.581932563316042574e-03
2.353668995000000042e-01,2.581918495596394539e-03
2.353757394999999863e-01,2.581913806388933409e-03
2.354022575999999978e-01,2.581899738846332986e-03
2.354376103999999970e-01,2.581880982334157533e-03
2.354552846999999893e-01,2.581871604156182887e-03
2.354817938000000055e-01,2.581857537021100234e-03
2.355083000000000037e-01,2.581843470019833716e-03
2.355171346999999915e-01,2.581838781041294502e-03
2.355878003999999915e-01,2.581801269793619191e-03
2.356584449999999942e-01,2.581763759505610253e-03
2.356672740000000099e-01,2.581759070793253948e-03
2.357202415999999912e-01,2.581730938780337718e-03
2.357643721000000081e-01,2.581707495859766801e-03
2.358261409000000086e-01,2.581674676373659286e-03
2.358702515999999971e-01,2.581651234344700240e-03
2.359496301000000018e-01,2.581609039614809597e-03
2.359760837000000055e-01,2.581594974973926669e-03
2.360113504999999945e-01,2.581576222337425303e-03
2.360906815000000103e-01,2.581534029760757572e-03
2.361083069999999895e-01,2.581524653793390925e-03
2.361171193000000113e-01,2.581519965820636576e-03
2.361523650000000030e-01,2.581501214131104276e-03
2.361611755999999951e-01,2.581496526251671544e-03
2.362316486999999909e-01,2.581459023696625749e-03
2.362932953999999919e-01,2.581426209745068916e-03
2.363021006999999896e-01,2.581421522096587293e-03
2.363285148000000002e-01,2.581407459252804161e-03
2.363725318000000075e-01,2.581384021451383574e-03
2.363901362999999978e-01,2.581374646440829680e-03
2.363989380000000029e-01,2.581369958950366621e-03
2.364693401999999889e-01,2.581332459625447495e-03
2.365045335000000026e-01,2.581313710301698112e-03
2.365309250000000030e-01,2.581299648484968422e-03
2.365397214999999942e-01,2.581294961236935571e-03
2.365661089999999966e-01,2.581280899579572324e-03
2.365836990999999889e-01,2.581271525226351560e-03
2.366364615000000060e-01,2.581243402508374713e-03
2.366452541000000076e-01,2.581238715452369679e-03
2.366716299000000134e-01,2.581224654331745489e-03
2.367155830000000072e-01,2.581201219440748106e-03
2.367243726999999909e-01,2.581196532498428176e-03
2.367507396000000097e-01,2.581182471797985670e-03
2.367771036999999912e-01,2.581168411227009480e-03
2.367946780999999890e-01,2.581159037574585341e-03
2.368210373000000091e-01,2.581144977223994927e-03
2.368473935000000030e-01,2.581130916999558808e-03
2.368561781999999893e-01,2.581126230293477423e-03
2.369527889999999970e-01,2.581074677467687026e-03
2.370054692999999935e-01,2.581046558490525129e-03
2.370669146999999921e-01,2.581013753707047352e-03
2.371371186000000020e-01,2.580976263417838774e-03
2.371458925999999912e-01,2.580971577198289645e-03
2.371985299000000103e-01,2.580943460193848345e-03
2.372160731000000078e-01,2.580934087974076814e-03
2.372423854000000054e-01,2.580920029767995363e-03
2.373476056000000112e-01,2.580863798268351675e-03
2.373739032999999943e-01,2.580849740715479915e-03
2.374089624999999870e-01,2.580830997538694112e-03
2.374264900999999983e-01,2.580821626032593023e-03
2.374527791000000110e-01,2.580807568894488008e-03
2.374878266000000071e-01,2.580788826253720483e-03
2.375141088000000122e-01,2.580774769428791603e-03
2.375666644999999966e-01,2.580746656166985845e-03
2.375929380000000035e-01,2.580732599736898676e-03
2.376192085999999926e-01,2.580718543450397605e-03
2.376542315999999877e-01,2.580699801930935820e-03
2.376629865000000064e-01,2.580695116583838974e-03
2.376892493999999967e-01,2.580681060645790073e-03
2.376980029999999910e-01,2.580676375379715223e-03
2.377767712999999949e-01,2.580634208508337385e-03
2.378730081000000052e-01,2.580582672844274755e-03
2.378992477999999910e-01,2.580568617987652035e-03
2.379866925000000133e-01,2.580521769401834895e-03
2.380129196000000114e-01,2.580507715109716348e-03
2.380478846000000093e-01,2.580488976277026374e-03
2.380828445000000015e-01,2.580470237683315377e-03
2.381177992000000077e-01,2.580451499317767787e-03
2.381265371000000075e-01,2.580446814761439434e-03
2.381876933000000029e-01,2.580414023309195778e-03
2.381964286000000097e-01,2.580409338866259793e-03
2.382226326999999921e-01,2.580395285651780092e-03
2.382924959999999925e-01,2.580357811070562845e-03
2.383186895000000138e-01,2.580343758341465277e-03
2.383274200000000120e-01,2.580339074130783613e-03
2.383536096999999965e-01,2.580325021600408161e-03
2.383623388999999981e-01,2.580320337434288073e-03
2.384059802999999866e-01,2.580296916902840697e-03
2.384757899000000125e-01,2.580259444824128598e-03
2.385019633000000083e-01,2.580245393035108907e-03
2.385281337000000057e-01,2.580231341382911627e-03
2.385368566000000135e-01,2.580226657514302253e-03
2.386066279000000068e-01,2.580189187228488015e-03
2.386153478999999966e-01,2.580184503495400877e-03
2.386763789000000135e-01,2.580151717873244502e-03
2.386850963000000103e-01,2.580147034269624114e-03
2.387112466999999905e-01,2.580132983560667545e-03
2.387461093999999895e-01,2.580114249462762618e-03
2.387548243000000014e-01,2.580109565997007210e-03
2.387722530999999981e-01,2.580100199066434879e-03
2.388158196000000066e-01,2.580076782024483522e-03
2.388506670999999970e-01,2.580058048662861158e-03
2.388767992999999978e-01,2.580043998794664777e-03
2.388942192000000075e-01,2.580034632290641432e-03
2.389551789999999898e-01,2.580001849976940997e-03
2.389900061000000131e-01,2.579983117568169712e-03
2.390248282000000113e-01,2.579964385385978901e-03
2.390335329000000120e-01,2.579959702383409839e-03
2.390509413999999944e-01,2.579950336407897758e-03
2.390857546000000056e-01,2.579931604644550291e-03
2.391031593000000066e-01,2.579922238866055092e-03
2.391640657000000114e-01,2.579889459056401973e-03
2.392336540999999983e-01,2.579851997318215184e-03
2.392423512999999891e-01,2.579847314670170692e-03
2.392684407000000013e-01,2.579833266792896495e-03
2.393379988000000069e-01,2.579795806485647106e-03
2.393640777999999913e-01,2.579781759111179039e-03
2.393727702000000013e-01,2.579777076690893331e-03
2.393814622999999864e-01,2.579772394276327874e-03
2.394509874999999899e-01,2.579734935498167840e-03
2.394683656999999910e-01,2.579725570964610387e-03
2.394770542999999918e-01,2.579720888715729236e-03
2.395204924999999874e-01,2.579697477682262822e-03
2.395465516999999989e-01,2.579683431262721430e-03
2.395812928999999925e-01,2.579664702878882443e-03
2.396073454000000047e-01,2.579650656747882378e-03
2.396507600999999987e-01,2.579627246847872573e-03
2.397288867000000046e-01,2.579585109945963049e-03
2.397896341999999903e-01,2.579552337636696092e-03
2.398850634999999953e-01,2.579500839745760103e-03
2.398937369999999958e-01,2.579496158212049063e-03
2.399284278999999909e-01,2.579477432222431182e-03
2.399370997999999977e-01,2.579472750757649379e-03
2.399631137000000081e-01,2.579458706465205097e-03
2.399891248999999893e-01,2.579444662298966285e-03
2.399977946000000084e-01,2.579439980939790111e-03
2.400064640000000027e-01,2.579435299601992668e-03
2.400238020000000083e-01,2.579425936953152424e-03
2.400758081999999904e-01,2.579397849389241434e-03
2.401278031999999896e-01,2.579369762364478163e-03
2.401451323999999887e-01,2.579360400134642160e-03
2.401971123999999957e-01,2.579332313812896828e-03
2.402750613000000091e-01,2.579290185333810940e-03
2.403010385999999887e-01,2.579276142767405675e-03
2.403096970999999971e-01,2.579271461945160243e-03
2.403789537999999892e-01,2.579234015904549506e-03
2.404741491999999869e-01,2.579182529140820745e-03
2.404828015000000097e-01,2.579177848610559199e-03
2.404914533999999993e-01,2.579173168092090303e-03
2.405174073999999940e-01,2.579159126660250136e-03
2.405606577999999940e-01,2.579135724539985929e-03
2.406211953000000070e-01,2.579102962216169807e-03
2.406298423000000075e-01,2.579098281947972502e-03
2.406903622999999881e-01,2.579065520442633177e-03
2.406990068000000038e-01,2.579060840281040701e-03
2.407162948999999885e-01,2.579051480030505102e-03
2.407249384000000048e-01,2.579046799912852739e-03
2.407508671999999961e-01,2.579032759678813545e-03
2.407940756999999987e-01,2.579009359573459712e-03
2.408545545000000121e-01,2.578976600041818935e-03
2.408631931000000115e-01,2.578971920165003869e-03
2.408977444000000023e-01,2.578953200825551215e-03
2.409322906999999958e-01,2.578934481721752072e-03
2.409581972000000016e-01,2.578920442546179127e-03
2.409754665999999934e-01,2.578911083181379457e-03
2.410013685000000072e-01,2.578897044224096307e-03
2.410272675000000031e-01,2.578883005411706369e-03
2.410963181000000122e-01,2.578845569220699404e-03
2.411049480000000134e-01,2.578840889757393843e-03
2.411394645999999919e-01,2.578822172088415278e-03
2.411739763000000092e-01,2.578803454637617655e-03
2.411826035000000090e-01,2.578798775321614403e-03
2.412429849000000126e-01,2.578766020474169366e-03
2.412688580000000027e-01,2.578751982912400563e-03
2.413205958999999901e-01,2.578723908173708758e-03
2.413464606999999873e-01,2.578709871002381974e-03
2.413895624999999878e-01,2.578686476021353584e-03
2.414068011000000125e-01,2.578677118125929316e-03
2.414154199000000112e-01,2.578672439208417200e-03
2.414498921999999881e-01,2.578653723673128995e-03
2.414843594999999954e-01,2.578635008372134711e-03
2.415446655000000054e-01,2.578602257153633608e-03
2.415791193000000059e-01,2.578583542514228163e-03
2.415963442999999877e-01,2.578574185263150884e-03
2.416221795999999866e-01,2.578560149518103767e-03
2.416480121000000036e-01,2.578546113924277267e-03
2.416566223000000124e-01,2.578541435404141727e-03
2.416824512000000091e-01,2.578527399980930484e-03
2.417599210999999970e-01,2.578485294489625546e-03
2.418029492000000058e-01,2.578461903070228614e-03
2.418631757999999965e-01,2.578429155696375635e-03
2.419319876999999896e-01,2.578391731036194442e-03
2.419405877999999954e-01,2.578387053017998105e-03
2.419577871999999963e-01,2.578377697038893804e-03
2.420695529000000124e-01,2.578316884554290259e-03
2.421039319999999939e-01,2.578298173522362846e-03
2.421383061999999864e-01,2.578279462728219618e-03
2.421468989999999988e-01,2.578274785065708813e-03
2.421726755999999980e-01,2.578260752176288889e-03
2.421984493000000072e-01,2.578246719410057317e-03
2.423358633000000095e-01,2.578171880279742957e-03
2.423530345000000086e-01,2.578162525655903949e-03
2.423702045999999999e-01,2.578153171093284634e-03
2.424045410000000011e-01,2.578134462149594790e-03
2.424474547999999896e-01,2.578111076293447372e-03
2.424903609000000071e-01,2.578087690810834491e-03
2.425075211999999925e-01,2.578078336728283418e-03
2.425589948999999912e-01,2.578050274812495376e-03
2.426104575999999957e-01,2.578022213427400445e-03
2.426533348999999895e-01,2.577998829365269785e-03
2.426790577000000060e-01,2.577984799091126347e-03
2.426876313000000118e-01,2.577980122362630126e-03
2.427219227999999895e-01,2.577961415603372171e-03
2.427562094999999864e-01,2.577942709093356249e-03
2.427647804999999992e-01,2.577938032500555303e-03
2.427819213999999892e-01,2.577928679358837578e-03
2.427904914000000025e-01,2.577924002813174274e-03
2.428333369000000019e-01,2.577900620295612340e-03
2.428590405999999924e-01,2.577886590971606440e-03
2.428933078999999939e-01,2.577867885406039464e-03
2.429190052000000100e-01,2.577853856378390686e-03
2.429532641000000104e-01,2.577835151214831130e-03
2.429618280999999991e-01,2.577830474975369070e-03
2.429703917000000102e-01,2.577825798743619157e-03
2.430645720999999870e-01,2.577774361126583189e-03
2.431672726999999923e-01,2.577718249391278138e-03
2.431758290999999905e-01,2.577713573517659718e-03
2.432014966000000111e-01,2.577699545971205881e-03
2.432271614000000026e-01,2.577685518547705341e-03
2.432442696999999876e-01,2.577676167016646706e-03
2.432699298999999871e-01,2.577662139817679231e-03
2.433041394000000079e-01,2.577643437095784602e-03
2.433297933000000135e-01,2.577629410202922095e-03
2.434323820000000027e-01,2.577573304006606884e-03
2.434494759999999980e-01,2.577563953191451280e-03
2.435007505000000017e-01,2.577535901061400129e-03
2.435092952000000033e-01,2.577531225762898920e-03
2.435776420999999914e-01,2.577493823874539482e-03
2.435861840999999917e-01,2.577489148707357708e-03
2.436118083000000101e-01,2.577475123296846336e-03
2.436459698000000007e-01,2.577456422949436863e-03
2.437228154999999952e-01,2.577414348027590781e-03
2.437825677000000080e-01,2.577381623922354870e-03
2.437911024999999954e-01,2.577376949123413256e-03
2.438167052000000112e-01,2.577362924770359824e-03
2.438593703999999973e-01,2.577339551151843888e-03
2.438764344000000084e-01,2.577330201814395996e-03
2.438849659000000003e-01,2.577325527152252074e-03
2.439190891000000139e-01,2.577306828711152346e-03
2.439873211999999958e-01,2.577269432526597959e-03
2.440129033000000003e-01,2.577255409203093369e-03
2.440214300000000114e-01,2.577250734785585789e-03
2.440470086000000038e-01,2.577236711633970612e-03
2.440640594000000052e-01,2.577227362957114527e-03
2.441237280999999926e-01,2.577194642992136631e-03
2.441492959000000074e-01,2.577180620395642940e-03
2.442004234000000051e-01,2.577152575563155818e-03
2.442941295999999929e-01,2.577101161422826973e-03
2.443367113999999896e-01,2.577077791966668561e-03
2.444048268000000024e-01,2.577040401583523006e-03
2.444218526999999974e-01,2.577031054145786839e-03
2.444303651999999993e-01,2.577026380454761501e-03
2.444984545999999981e-01,2.576988991375765876e-03
2.445239831999999891e-01,2.576974970717452271e-03
2.445324922000000067e-01,2.576970297199124727e-03
2.445580172000000052e-01,2.576956276714730595e-03
2.445665250000000068e-01,2.576951603249224513e-03
2.446345763999999978e-01,2.576914216083665311e-03
2.446770990000000090e-01,2.576890849589853413e-03
2.447026089999999876e-01,2.576876829854315987e-03
2.447366182000000057e-01,2.576858137098247698e-03
2.447961227999999878e-01,2.576825425347158138e-03
2.448046222999999966e-01,2.576820752310876421e-03
2.448301190000000127e-01,2.576806733249783002e-03
2.448641105000000096e-01,2.576788041385556869e-03
2.448726075999999863e-01,2.576783368458315533e-03
2.449320792999999941e-01,2.576750658358170545e-03
2.449405739999999942e-01,2.576745985551206260e-03
2.449490685000000056e-01,2.576741312754279953e-03
2.450085216000000010e-01,2.576708603586825956e-03
2.450170137000000081e-01,2.576703930904829850e-03
2.451019187000000044e-01,2.576657204958299890e-03
2.451104075999999965e-01,2.576652532433968898e-03
2.451358724999999905e-01,2.576638514981396955e-03
2.452122512999999893e-01,2.576596463422384676e-03
2.452207362999999918e-01,2.576591791090839575e-03
2.452377055999999944e-01,2.576582446481150666e-03
2.452461897999999862e-01,2.576577774214075696e-03
2.452886062999999894e-01,2.576554413037490058e-03
2.453140527000000071e-01,2.576540396516615108e-03
2.453394963999999956e-01,2.576526380146436888e-03
2.453734173000000074e-01,2.576507691816727185e-03
2.454158117999999944e-01,2.576484331773344454e-03
2.454242898000000006e-01,2.576479659801973916e-03
2.454751518000000132e-01,2.576451628319965936e-03
2.454836277999999927e-01,2.576446956463917647e-03
2.454921035000000029e-01,2.576442284600835922e-03
2.455175287999999956e-01,2.576428269153667201e-03
2.455514250999999981e-01,2.576409582078581506e-03
2.456446157999999935e-01,2.576358193876594413e-03
2.456530859000000122e-01,2.576353522305099321e-03
2.456784945000000109e-01,2.576339507691561073e-03
2.456954322000000079e-01,2.576330164695266912e-03
2.457885682000000016e-01,2.576278779263363027e-03
2.458224271999999988e-01,2.576260094097637589e-03
2.458308912000000124e-01,2.576255422835126239e-03
2.458985927000000016e-01,2.576218053328645664e-03
2.459239759000000081e-01,2.576204040005603338e-03
2.459578162000000123e-01,2.576185355777306854e-03
2.460170254999999861e-01,2.576152658974016803e-03
2.460254828000000005e-01,2.576147988048113797e-03
2.460508530000000138e-01,2.576133975385545751e-03
2.460593091000000121e-01,2.576129304546112640e-03
2.461269477999999955e-01,2.576091938222287159e-03
2.461607601999999950e-01,2.576073255437133589e-03
2.461692125000000120e-01,2.576068584758752205e-03
2.462283710000000014e-01,2.576035890545442034e-03
2.463044108999999926e-01,2.575993856166382961e-03
2.463213055000000040e-01,2.575984515363699979e-03
2.463635369000000130e-01,2.575961163604221626e-03
2.463973167999999880e-01,2.575942482471342727e-03
2.464310920999999988e-01,2.575923801553612041e-03
2.464395352000000039e-01,2.575919131376136397e-03
2.464564204999999952e-01,2.575909791044908321e-03
2.464901877000000019e-01,2.575891110550245465e-03
2.465070695000000089e-01,2.575881770401669459e-03
2.465914613999999894e-01,2.575835070500642060e-03
2.466420826999999871e-01,2.575807051280547787e-03
2.466673893999999922e-01,2.575793041857322562e-03
2.466926936000000126e-01,2.575779032581368855e-03
2.467011276999999947e-01,2.575774362857018163e-03
2.467348614000000051e-01,2.575755684080488755e-03
2.467685904999999957e-01,2.575737005542146421e-03
2.468360347999999926e-01,2.575699649203151177e-03
2.468444640000000134e-01,2.575694979724847591e-03
2.468697499999999989e-01,2.575680971368746620e-03
2.469118875999999907e-01,2.575657624423861435e-03
2.469371666999999881e-01,2.575643616437481211e-03
2.469624431999999925e-01,2.575629608582555730e-03
2.469708680999999906e-01,2.575624939327648532e-03
2.469961411000000107e-01,2.575610931635200287e-03
2.470045649000000010e-01,2.575606262431110512e-03
2.470466795000000049e-01,2.575582916688239944e-03
2.470719447999999985e-01,2.575568909401237776e-03
2.471393063000000001e-01,2.575531557308980476e-03
2.471729802000000031e-01,2.575512881607853414e-03
2.472403140999999971e-01,2.575475530939304487e-03
2.472487295999999946e-01,2.575470862170907427e-03
2.472655596999999983e-01,2.575461524669329060e-03
2.473160429000000049e-01,2.575433512556784578e-03
2.473412806999999991e-01,2.575419506696971072e-03
2.473749271000000027e-01,2.575400832429203951e-03
2.474001589000000001e-01,2.575386826888535763e-03
2.474422061000000062e-01,2.575363484603290440e-03
2.474758387999999865e-01,2.575344811033130222e-03
2.475178731000000076e-01,2.575321469423949572e-03
2.475346848999999960e-01,2.575312132884434099e-03
2.476103236999999957e-01,2.575270119152945920e-03
2.476439334999999964e-01,2.575251446792839894e-03
2.476523351999999900e-01,2.575246778719851842e-03
2.476775387000000050e-01,2.575232774655315804e-03
2.477195389000000081e-01,2.575209434802469815e-03
2.477699295999999940e-01,2.575181427485288659e-03
2.477783271000000009e-01,2.575176759646267965e-03
2.478371014000000094e-01,2.575144085211777002e-03
2.478454965999999926e-01,2.575139417497864132e-03
2.478538915000000065e-01,2.575134749805074556e-03
2.478790744999999907e-01,2.575120746776430811e-03
2.479881714000000126e-01,2.575060068580379332e-03
2.480468959999999889e-01,2.575027396735063770e-03
2.480552839999999870e-01,2.575022729393203116e-03
2.480720593999999890e-01,2.575013394728557694e-03
2.481056066000000004e-01,2.574994725605457817e-03
2.481223785999999987e-01,2.574985391139133790e-03
2.481475343000000000e-01,2.574971389544411168e-03
2.481726874999999888e-01,2.574957388081669778e-03
2.481810714000000084e-01,2.574952720949374562e-03
2.482062211999999934e-01,2.574938719670588887e-03
2.482565132000000008e-01,2.574910717499561633e-03
2.482816552999999871e-01,2.574896716609156692e-03
2.483486886999999865e-01,2.574859381565548343e-03
2.483738215000000082e-01,2.574845381166139101e-03
2.483821985999999926e-01,2.574840714398054283e-03
2.484575793000000088e-01,2.574798714129036391e-03
2.484743275000000085e-01,2.574789380901661845e-03
2.484827011000000085e-01,2.574784714322089860e-03
2.485161928999999881e-01,2.574766048092082434e-03
2.485245651999999916e-01,2.574761381565233900e-03
2.485496802000000116e-01,2.574747382110794455e-03
2.485747927999999995e-01,2.574733382774311002e-03
2.487086833999999913e-01,2.574658721902811902e-03
2.487254145999999999e-01,2.574649389580317693e-03
2.487505094000000139e-01,2.574635391164386937e-03
2.488759453000000121e-01,2.574565401168764020e-03
2.488843054000000055e-01,2.574560735279513100e-03
2.489093842000000001e-01,2.574546737729927967e-03
2.489261020000000102e-01,2.574537406086404526e-03
2.489511765000000099e-01,2.574523408753248265e-03
2.489846052999999948e-01,2.574504745852511725e-03
2.490096739000000059e-01,2.574490748819484309e-03
2.490598036999999987e-01,2.574462755164964867e-03
2.490848647999999999e-01,2.574448758542962398e-03
2.491099233000000079e-01,2.574434762039343096e-03
2.491182755999999943e-01,2.574430096573534273e-03
2.491266276000000113e-01,2.574425431128006102e-03
2.491767337999999943e-01,2.574397438714098440e-03
2.491934336000000139e-01,2.574388108027197367e-03
2.492518742000000009e-01,2.574355451104572059e-03
2.492602217999999870e-01,2.574350785882420761e-03
2.492769159999999873e-01,2.574341455491935358e-03
2.492852627000000099e-01,2.574336790319183780e-03
2.493854013000000036e-01,2.574280809405110615e-03
2.494104296000000109e-01,2.574266814513588922e-03
2.494604787999999962e-01,2.574238825102990232e-03
2.494854995999999936e-01,2.574224830610244603e-03
2.495271954000000125e-01,2.574201506741596954e-03
2.495522095999999912e-01,2.574187512607494996e-03
2.495855579000000046e-01,2.574168853947356780e-03
2.496439065999999929e-01,2.574136201898022912e-03
2.496522411000000052e-01,2.574131537365039087e-03
2.496605752000000122e-01,2.574126872861628827e-03
2.497105742999999878e-01,2.574098886139630782e-03
2.497189065000000041e-01,2.574094221723749031e-03
2.497522325000000043e-01,2.574075564255180661e-03
2.497772241000000004e-01,2.574061571305373119e-03
2.497938838000000050e-01,2.574052242753074003e-03
2.498605114000000127e-01,2.574014929134080774e-03
2.498854920999999951e-01,2.574000936758314914e-03
2.499520953000000101e-01,2.573963624432159050e-03
2.499770668999999890e-01,2.573949632544290673e-03
2.499853901999999906e-01,2.573944968612988313e-03
2.500186806999999956e-01,2.573926313042742588e-03
2.500519668000000251e-01,2.573907657702587982e-03
2.500769284000000092e-01,2.573893666355412963e-03
2.501268441999999759e-01,2.573865684049508277e-03
2.501850668000000222e-01,2.573833038715770804e-03
2.502100151000000161e-01,2.573819048077997940e-03
2.502515901999999848e-01,2.573795730636154258e-03
2.502848453000000029e-01,2.573777076970920272e-03
2.503097837000000103e-01,2.573763086857179614e-03
2.503264078999999920e-01,2.573753760194352150e-03
2.503513421999999933e-01,2.573739770311716992e-03
2.504510544999999921e-01,2.573683812095987032e-03
2.504593620000000187e-01,2.573679149009706641e-03
2.504759763000000139e-01,2.573669822883422210e-03
2.504842830999999825e-01,2.573665159822764552e-03
2.505092016000000088e-01,2.573651170790077977e-03
2.505258126000000085e-01,2.573641844843954554e-03
2.506586610000000048e-01,2.573567239320963349e-03
2.506835621999999875e-01,2.573553251208517655e-03
2.507499534000000030e-01,2.573515950235769588e-03
2.507748455000000098e-01,2.573501962612402289e-03
2.508495071999999881e-01,2.573460000532021980e-03
2.508578014999999772e-01,2.573455338164981794e-03
2.508826829999999952e-01,2.573441351114295721e-03
2.509158544000000268e-01,2.573422701929789155e-03
2.509241466000000087e-01,2.573418039660132876e-03
2.509490214999999802e-01,2.573404052975135185e-03
2.509821841000000053e-01,2.573385404253076408e-03
2.509904741000000272e-01,2.573380742112012145e-03
2.510070533000000048e-01,2.573371417867413059e-03
2.510484962999999792e-01,2.573348107524288993e-03
2.510567840999999856e-01,2.573343445490691717e-03
2.510816458999999834e-01,2.573329459521915379e-03
2.511230765999999948e-01,2.573306149850424634e-03
2.511396470000000214e-01,2.573296826061542177e-03
2.511810682000000239e-01,2.573273516912764382e-03
2.512142002000000152e-01,2.573254869850373668e-03
2.512556090999999991e-01,2.573231561351014326e-03
2.512721708000000276e-01,2.573222238051441416e-03
2.512804511999999768e-01,2.573217576442141021e-03
2.513218492000000026e-01,2.573194268538572457e-03
2.513715176999999912e-01,2.573166299528514400e-03
2.513797949000000087e-01,2.573161638079474699e-03
2.514046247000000234e-01,2.573147653815586328e-03
2.514460022000000183e-01,2.573124347039422357e-03
2.515452805000000236e-01,2.573068412219759165e-03
2.515700939000000136e-01,2.573054428862360087e-03
2.515866348999999946e-01,2.573045106682094949e-03
2.516445196000000051e-01,2.573012479550879431e-03
2.516693233000000252e-01,2.572998496708725318e-03
2.517437196000000266e-01,2.572956548991046141e-03
2.517767776000000013e-01,2.572937905938176440e-03
2.518015681999999922e-01,2.572923923810182829e-03
2.518098312000000005e-01,2.572919263134407393e-03
2.518428804999999771e-01,2.572900620570969538e-03
2.518511421999999889e-01,2.572895959950162719e-03
2.518759254999999864e-01,2.572881978231006568e-03
2.519007064000000073e-01,2.572867996629845007e-03
2.519172256000000165e-01,2.572858675643205795e-03
2.520328298999999772e-01,2.572793430354187050e-03
2.520493404999999965e-01,2.572784109839407803e-03
2.520741042999999904e-01,2.572770129173017166e-03
2.521071189999999906e-01,2.572751488502037290e-03
2.521401293000000154e-01,2.572732848036847226e-03
2.521978870000000095e-01,2.572700227842862446e-03
2.522391344000000091e-01,2.572676928128551747e-03
2.522721273999999902e-01,2.572658288623966543e-03
2.523133626999999879e-01,2.572634989590914713e-03
2.523298548999999835e-01,2.572625670065293874e-03
2.523628360999999876e-01,2.572607031207294753e-03
2.523710806999999723e-01,2.572602371536687055e-03
2.524370280000000077e-01,2.572565094652709463e-03
2.524699952000000192e-01,2.572546456580490203e-03
2.525359166999999738e-01,2.572509181124109368e-03
2.525688709999999726e-01,2.572490543737740790e-03
2.525935838999999739e-01,2.572476565864264056e-03
2.526347666000000047e-01,2.572453269694438376e-03
2.526430023999999830e-01,2.572448610506751238e-03
2.526677079999999909e-01,2.572434633039468246e-03
2.527088786999999726e-01,2.572411337535183539e-03
2.527335779000000060e-01,2.572397360411070918e-03
2.527665063999999795e-01,2.572378724450456386e-03
2.527747378999999905e-01,2.572374065514164507e-03
2.528323505999999776e-01,2.572341453255710866e-03
2.528405798999999732e-01,2.572336794410943865e-03
2.528899500999999828e-01,2.572308841724400396e-03
2.529064046999999760e-01,2.572299524270993919e-03
2.529310846999999751e-01,2.572285548199741353e-03
2.529557621999999895e-01,2.572271572293715561e-03
2.529639873999999788e-01,2.572266913680526772e-03
2.529886617000000060e-01,2.572252937919522996e-03
2.529968859999999764e-01,2.572248279358006848e-03
2.530297801999999985e-01,2.572229645298006965e-03
2.530380031000000196e-01,2.572224986820669142e-03
2.530873348000000078e-01,2.572197036250715562e-03
2.531284373000000087e-01,2.572173744502002663e-03
2.531613144000000037e-01,2.572155111394482194e-03
2.532517045000000078e-01,2.572103871520933175e-03
2.532599201999999883e-01,2.572099213436447769e-03
2.533009947000000039e-01,2.572075923242680712e-03
2.533502751999999747e-01,2.572047975508441001e-03
2.533584877000000235e-01,2.572043317600560854e-03
2.533666998999999920e-01,2.572038659698724482e-03
2.534323881000000167e-01,2.572001397120190005e-03
2.534816430999999870e-01,2.571973450800187511e-03
2.535226816000000216e-01,2.571950162600552744e-03
2.535883293999999788e-01,2.571912902263505211e-03
2.536211468999999830e-01,2.571894272439517043e-03
2.536457571999999883e-01,2.571880300232816385e-03
2.536539601000000199e-01,2.571875642849997135e-03
2.536785672999999908e-01,2.571861670820596493e-03
2.537523744999999886e-01,2.571819755523728143e-03
2.537769720999999978e-01,2.571805784025247860e-03
2.538179629000000270e-01,2.571782498483091931e-03
2.538261601999999839e-01,2.571777841427831408e-03
2.538753388000000166e-01,2.571749899337840654e-03
2.538835342999999911e-01,2.571745242393974965e-03
2.538917294999999963e-01,2.571740585441920513e-03
2.539163137000000070e-01,2.571726614684403511e-03
2.539408953999999774e-01,2.571712644072803641e-03
2.539490888000000002e-01,2.571707987246989787e-03
2.540228173999999894e-01,2.571666076307709946e-03
2.540391986000000157e-01,2.571656762938291391e-03
2.540473887999999958e-01,2.571652106278204779e-03
2.540883359000000175e-01,2.571628823165571145e-03
2.541374638000000186e-01,2.571600883932654343e-03
2.541702103999999851e-01,2.571582258070951536e-03
2.542111376999999783e-01,2.571558976073124933e-03
2.542193224000000029e-01,2.571554319710597173e-03
2.542438747999999915e-01,2.571540350724725935e-03
2.542847903000000076e-01,2.571517069394618250e-03
2.543093363999999745e-01,2.571503100781179565e-03
2.543420608999999999e-01,2.571484476150920091e-03
2.544320314999999888e-01,2.571433259649294392e-03
2.544647401999999836e-01,2.571414635901489183e-03
2.545383193999999905e-01,2.571372733345664297e-03
2.545464935999999789e-01,2.571368077585501049e-03
2.545628410999999924e-01,2.571358766101229914e-03
2.546037052999999828e-01,2.571335487627274177e-03
2.546118773000000113e-01,2.571330831986308983e-03
2.546363918999999809e-01,2.571316865129402284e-03
2.546772442999999941e-01,2.571293587326972750e-03
2.546935834999999870e-01,2.571284276313837332e-03
2.547262585999999773e-01,2.571265654462256186e-03
2.547670966000000203e-01,2.571242377482906970e-03
2.547997623000000100e-01,2.571223756171667034e-03
2.548079280000000169e-01,2.571219100868223084e-03
2.548324236999999770e-01,2.571205135078005223e-03
2.548977342000000035e-01,2.571167893617320403e-03
2.549222212999999737e-01,2.571153928292405685e-03
2.549956684999999945e-01,2.571112033181035140e-03
2.550038278999999797e-01,2.571107378245787983e-03
2.550283049000000024e-01,2.571093413520522501e-03
2.550527793999999848e-01,2.571079448920419921e-03
2.550609370999999959e-01,2.571074794067947696e-03
2.550690944999999821e-01,2.571070139263200317e-03
2.551261890000000032e-01,2.571037555922186732e-03
2.551914242000000166e-01,2.571000318683844439e-03
2.551995774999999966e-01,2.570995664102860775e-03
2.552647940000000171e-01,2.570958427955975702e-03
2.552892458000000087e-01,2.570944464642670180e-03
2.553218447000000224e-01,2.570925847084349226e-03
2.553462911000000113e-01,2.570911884083866821e-03
2.553544394000000217e-01,2.570907229759377202e-03
2.553951769000000205e-01,2.570883958464218518e-03
2.554196163999999936e-01,2.570869995843252844e-03
2.554440533999999818e-01,2.570856033374607601e-03
2.554603435000000200e-01,2.570846725137817743e-03
2.554847767000000269e-01,2.570832762876582109e-03
2.555092075000000018e-01,2.570818800753768302e-03
2.555173506000000261e-01,2.570814146746487183e-03
2.555743448999999723e-01,2.570781569085499058e-03
2.556069074999999802e-01,2.570762953597557562e-03
2.556476047999999834e-01,2.570739684570826512e-03
2.556557434000000240e-01,2.570735030822652364e-03
2.557208436000000251e-01,2.570697801258580578e-03
2.557371159999999866e-01,2.570688494007913362e-03
2.558103292000000195e-01,2.570646612159195512e-03
2.558509941000000065e-01,2.570623344976172373e-03
2.558753899999999804e-01,2.570609384837085551e-03
2.559079141999999751e-01,2.570590771552326136e-03
2.559810785000000144e-01,2.570548892483170457e-03
2.560054620000000170e-01,2.570534933036386187e-03
2.560460958999999925e-01,2.570511667641977877e-03
2.560948480999999943e-01,2.570483749620921035e-03
2.561029725999999784e-01,2.570479096677127321e-03
2.561679591000000089e-01,2.570441873611420316e-03
2.562004460999999789e-01,2.570423262424443786e-03
2.562248086999999730e-01,2.570409304190800649e-03
2.562329289999999982e-01,2.570404651465801535e-03
2.562897643000000003e-01,2.570372082895806994e-03
2.563060005999999724e-01,2.570362777703061753e-03
2.563628196000000137e-01,2.570330210045350915e-03
2.563709356000000161e-01,2.570325557591698548e-03
2.563952820000000021e-01,2.570311600289984424e-03
2.564358541000000269e-01,2.570288338403023485e-03
2.564601942999999995e-01,2.570274381457759473e-03
2.564926444000000250e-01,2.570255772387313852e-03
2.565575320999999853e-01,2.570218554994756731e-03
2.565899697999999840e-01,2.570199946635655288e-03
2.566305112000000221e-01,2.570176686518187321e-03
2.567602005999999881e-01,2.570102256646477831e-03
2.567764072000000009e-01,2.570092953175421788e-03
2.567845100999999741e-01,2.570088301464626152e-03
2.568250208000000256e-01,2.570065043122745675e-03
2.568817250000000052e-01,2.570032482060952226e-03
2.568898245999999830e-01,2.570027830552008147e-03
2.569060228999999751e-01,2.570018527544243401e-03
2.569546120000000267e-01,2.569990618911331768e-03
2.570193830999999984e-01,2.569953408199306642e-03
2.570355732999999865e-01,2.569944105695987774e-03
2.570436680000000029e-01,2.569939454454752293e-03
2.570679506999999919e-01,2.569925500808966159e-03
2.570760443999999811e-01,2.569920849635806432e-03
2.571084167000000087e-01,2.569902245044319248e-03
2.571407848999999746e-01,2.569883640690861278e-03
2.571650583999999795e-01,2.569869687592552573e-03
2.572135984999999736e-01,2.569841781780528994e-03
2.572378651000000183e-01,2.569827829084231179e-03
2.572702170999999760e-01,2.569809225671800847e-03
2.572944784000000262e-01,2.569795273271962936e-03
2.573268231999999989e-01,2.569776670284129160e-03
2.573349086999999757e-01,2.569772019575771674e-03
2.573429939999999916e-01,2.569767368871454360e-03
2.573995841000000229e-01,2.569734814409786305e-03
2.574319157000000136e-01,2.569716212186591315e-03
2.574642433000000064e-01,2.569697610188837952e-03
2.575288861999999734e-01,2.569660406926195951e-03
2.575369653999999842e-01,2.569655756570237565e-03
2.575531231000000032e-01,2.569646455937002211e-03
2.575854354000000068e-01,2.569627854824813474e-03
2.576258201000000136e-01,2.569604603784016780e-03
2.576500479000000121e-01,2.569590653332459815e-03
2.576823481000000138e-01,2.569572052923434300e-03
2.576904225000000159e-01,2.569567402872321906e-03
2.577953667999999809e-01,2.569506953377746154e-03
2.578195786999999961e-01,2.569493003858698468e-03
2.578437882999999875e-01,2.569479054469734226e-03
2.578518576000000118e-01,2.569474404681528715e-03
2.579244705000000026e-01,2.569432557443710949e-03
2.579809330000000234e-01,2.569400010392792859e-03
2.580131916999999775e-01,2.569381412408734688e-03
2.580373831000000173e-01,2.569367464069801602e-03
2.580454463999999892e-01,2.569362814665554582e-03
2.580696348000000029e-01,2.569348866488398338e-03
2.581180048000000227e-01,2.569320970584418763e-03
2.581824839999999899e-01,2.569283776844158342e-03
2.581986012999999969e-01,2.569274478563577952e-03
2.582066595999999992e-01,2.569269829433240733e-03
2.582388901000000070e-01,2.569251233101478484e-03
2.582711166000000169e-01,2.569232637000859031e-03
2.583033390999999734e-01,2.569214041124615652e-03
2.583113940999999802e-01,2.569209392204979247e-03
2.583597188000000267e-01,2.569181498941234924e-03
2.583758251000000117e-01,2.569172201291540936e-03
2.583999825000000139e-01,2.569158254951543156e-03
2.584563410999999866e-01,2.569125713997801649e-03
2.584965898000000095e-01,2.569102470885770671e-03
2.585287841999999725e-01,2.569083876657582682e-03
2.585690214999999959e-01,2.569060634228947319e-03
2.585931609000000075e-01,2.569046688934861593e-03
2.586172981000000037e-01,2.569032743796247423e-03
2.586253432999999768e-01,2.569028095421986829e-03
2.586896960999999773e-01,2.568990909109610671e-03
2.587138241999999977e-01,2.568976964477643309e-03
2.587218664000000001e-01,2.568972316306410847e-03
2.587620736999999838e-01,2.568949075637468136e-03
2.588183534999999869e-01,2.568916539309379788e-03
2.588505079000000264e-01,2.568897947455289679e-03
2.588826583000000126e-01,2.568879355815174240e-03
2.588906952000000206e-01,2.568874707940200890e-03
2.589148047000000008e-01,2.568860764432137015e-03
2.590754766999999736e-01,2.568767811007228400e-03
2.590835076999999931e-01,2.568763163478990710e-03
2.590995689999999740e-01,2.568753868492132820e-03
2.591075991999999828e-01,2.568749221014813167e-03
2.591316884000000043e-01,2.568735278676728337e-03
2.591477467000000146e-01,2.568725983883909242e-03
2.591718322000000074e-01,2.568712041759982096e-03
2.591959153999999765e-01,2.568698099780224783e-03
2.592039427000000229e-01,2.568693452489985516e-03
2.592681518000000129e-01,2.568656274647162542e-03
2.592761767999999800e-01,2.568651627494225338e-03
2.593243217000000267e-01,2.568623744812215288e-03
2.593403679999999878e-01,2.568614450705736935e-03
2.593564133999999854e-01,2.568605156656319707e-03
2.593644355999999984e-01,2.568600509652810282e-03
2.594687028000000062e-01,2.568540099974473811e-03
2.594847402000000081e-01,2.568530806382385637e-03
2.595328464000000168e-01,2.568502926006574656e-03
2.595568961999999980e-01,2.568488986013179372e-03
2.595889591000000163e-01,2.568470399576290239e-03
2.596130036000000030e-01,2.568456459875663803e-03
2.596450596000000055e-01,2.568437873847317660e-03
2.596530729000000037e-01,2.568433227370718781e-03
2.596610860999999937e-01,2.568428580901876718e-03
2.597091596000000169e-01,2.568400702463431370e-03
2.597171710000000244e-01,2.568396056111635004e-03
2.597251821000000072e-01,2.568391409782237386e-03
2.597812532000000063e-01,2.568358885818077062e-03
2.597892623999999984e-01,2.568354239585125300e-03
2.598693404999999901e-01,2.568307778171647921e-03
2.598773468999999725e-01,2.568303132122119314e-03
2.599013647999999788e-01,2.568289194004300113e-03
2.599173754999999919e-01,2.568279902017194579e-03
2.599413897000000251e-01,2.568265964155159922e-03
2.599734050999999990e-01,2.568247380524287492e-03
2.600054166999999916e-01,2.568228797134399378e-03
2.600374241999999780e-01,2.568210213985140395e-03
2.600454254999999826e-01,2.568205568231087237e-03
2.600694278999999831e-01,2.568191631067850370e-03
2.601654151000000192e-01,2.568135883712167281e-03
2.602213912999999934e-01,2.568103365395450408e-03
2.602293869999999787e-01,2.568098720005066414e-03
2.602533723000000077e-01,2.568084783848926297e-03
2.602613670000000212e-01,2.568080138481681346e-03
2.603253152000000181e-01,2.568042976172411115e-03
2.603492917999999934e-01,2.568029040543364991e-03
2.603652748999999988e-01,2.568019750205272414e-03
2.603812570999999854e-01,2.568010459915437676e-03
2.604291977000000036e-01,2.567982589427030091e-03
2.604531647000000172e-01,2.567968654385206079e-03
2.605809512999999744e-01,2.567894336351848536e-03
2.606208717999999869e-01,2.567871112731301940e-03
2.606448211999999875e-01,2.567857178737624740e-03
2.606687683000000200e-01,2.567843244872721267e-03
2.607086753999999784e-01,2.567820022060345909e-03
2.607326166000000223e-01,2.567806088565881360e-03
2.607405965999999853e-01,2.567801444097913589e-03
2.608363368000000126e-01,2.567745711554130037e-03
2.608762182000000096e-01,2.567722490304272590e-03
2.609240679000000007e-01,2.567694625273865376e-03
2.609320419999999752e-01,2.567689981147880558e-03
2.609400157999999803e-01,2.567685337033901762e-03
2.609958258999999781e-01,2.567652828714164694e-03
2.610037977999999925e-01,2.567648184727668124e-03
2.610197408000000108e-01,2.567638896797101982e-03
2.610914724999999770e-01,2.567597101821879075e-03
2.611153787000000115e-01,2.567583170456390774e-03
2.611233468999999974e-01,2.567578526676622935e-03
2.611472502000000140e-01,2.567564595465928346e-03
2.611870841000000221e-01,2.567541377065787021e-03
2.612428413999999810e-01,2.567508871931350502e-03
2.612826608000000106e-01,2.567485654415374314e-03
2.613145118999999905e-01,2.567467080677449023e-03
2.613782023999999815e-01,2.567429933872205673e-03
2.613861626999999799e-01,2.567425290606831917e-03
2.614020824000000132e-01,2.567416004076737961e-03
2.614100419000000008e-01,2.567411360824482618e-03
2.614339189000000063e-01,2.567397431209276094e-03
2.614418774999999751e-01,2.567392788029759440e-03
2.615055370000000101e-01,2.567355643134382453e-03
2.615691810999999922e-01,2.567318499143512837e-03
2.615771355000000020e-01,2.567313856213681873e-03
2.616248568999999802e-01,2.567285998966478428e-03
2.616566664000000153e-01,2.567267427743767302e-03
2.616646181000000237e-01,2.567262784976940930e-03
2.616884718999999970e-01,2.567248856742798506e-03
2.617600204000000153e-01,2.567207072895490595e-03
2.617679689999999892e-01,2.567202430324238682e-03
2.618315492000000133e-01,2.567165290224209841e-03
2.618553878000000057e-01,2.567151362932413444e-03
2.618871693000000000e-01,2.567132793418584920e-03
2.619110028000000145e-01,2.567118866446471172e-03
2.619427775000000014e-01,2.567100297323446356e-03
2.619586634000000136e-01,2.567091012870136024e-03
2.619824904999999982e-01,2.567077086272646219e-03
2.620221973999999898e-01,2.567053875603627494e-03
2.620460186999999941e-01,2.567039949368332338e-03
2.620777770000000118e-01,2.567021381265409494e-03
2.621412820999999838e-01,2.566984245751790465e-03
2.621650924999999743e-01,2.566970320186623324e-03
2.622365108999999972e-01,2.566928544259908414e-03
2.622603126999999978e-01,2.566914619229886552e-03
2.622682460999999909e-01,2.566909977576504152e-03
2.622920450999999820e-01,2.566896052705127090e-03
2.623396364000000203e-01,2.566868203350306573e-03
2.624030781000000201e-01,2.566831071726098472e-03
2.624506494000000134e-01,2.566803223637188942e-03
2.624585770999999790e-01,2.566798582340823476e-03
2.625219899999999829e-01,2.566761452451520129e-03
2.625299155999999967e-01,2.566756811291888169e-03
2.625457659000000055e-01,2.566747528995121878e-03
2.625536908000000169e-01,2.566742887879686335e-03
2.625933113000000207e-01,2.566719682486139509e-03
2.626170808000000134e-01,2.566705759431203975e-03
2.626487699999999759e-01,2.566687195553083063e-03
2.626725344999999989e-01,2.566673272797847030e-03
2.627200568999999986e-01,2.566645427696921059e-03
2.627438148999999834e-01,2.566631505328100752e-03
2.627675707000000083e-01,2.566617583103038714e-03
2.627834068000000078e-01,2.566608301687992900e-03
2.627992418000000274e-01,2.566599020345415594e-03
2.628388253999999757e-01,2.566575817228047146e-03
2.628704879000000050e-01,2.566557255002984133e-03
2.629021465999999974e-01,2.566538693009772550e-03
2.629258881000000048e-01,2.566524771648072412e-03
2.629338015000000084e-01,2.566520131244557409e-03
2.630524734999999947e-01,2.566450526728685042e-03
2.630920189000000020e-01,2.566427325950501430e-03
2.630999272999999805e-01,2.566422685837357453e-03
2.631473724999999764e-01,2.566394845500642643e-03
2.631552791999999807e-01,2.566390205503725139e-03
2.631631857000000241e-01,2.566385565500733500e-03
2.631869036000000217e-01,2.566371645609546309e-03
2.632106195000000204e-01,2.566357725854522768e-03
2.632185242999999786e-01,2.566353085968542565e-03
2.632264288999999757e-01,2.566348446088888031e-03
2.632817541999999955e-01,2.566315967384628135e-03
2.632896569000000020e-01,2.566311327623937467e-03
2.633054615000000043e-01,2.566302048140907399e-03
2.633133635000000083e-01,2.566297408429079989e-03
2.633528696999999918e-01,2.566274210088656006e-03
2.634002693999999978e-01,2.566246372553763772e-03
2.634081684999999839e-01,2.566241733021900912e-03
2.634397626000000159e-01,2.566223175010473416e-03
2.635424171999999898e-01,2.566162863119542722e-03
2.635661011000000054e-01,2.566148945332529571e-03
2.636529236999999859e-01,2.566097914629665230e-03
2.636608152000000094e-01,2.566093275563644145e-03
2.636687065000000163e-01,2.566088636503898856e-03
2.636844884000000278e-01,2.566079358456760124e-03
2.637160493999999855e-01,2.566060802487588749e-03
2.637318284999999873e-01,2.566051524613483046e-03
2.637554952999999758e-01,2.566037607893712977e-03
2.637949352999999775e-01,2.566014413666289299e-03
2.638107096999999790e-01,2.566005136051398121e-03
2.638501415000000239e-01,2.565981942340592875e-03
2.638816826000000004e-01,2.565963387621510074e-03
2.639211038000000009e-01,2.565940194550772255e-03
2.639447536000000261e-01,2.565926278906338186e-03
2.639762835000000196e-01,2.565907724880806505e-03
2.640078095999999763e-01,2.565889171093302737e-03
2.640472119000000228e-01,2.565865979225057884e-03
2.640708505000000095e-01,2.565852064251927973e-03
2.641102433999999999e-01,2.565828872954028107e-03
2.641653836000000255e-01,2.565796405735626916e-03
2.642205122999999878e-01,2.565763939263357180e-03
2.642362612999999971e-01,2.565754663238229913e-03
2.642598829000000205e-01,2.565740749344856079e-03
2.642835024999999893e-01,2.565726835586890422e-03
2.642913752000000116e-01,2.565722197682030782e-03
2.644173067000000210e-01,2.565647993369969942e-03
2.644409121999999890e-01,2.565634080474032182e-03
2.644487803000000192e-01,2.565629442883392546e-03
2.644881169000000143e-01,2.565606255105563199e-03
2.645667725999999997e-01,2.565559880639425774e-03
2.646060916999999901e-01,2.565536693957078639e-03
2.646375427000000058e-01,2.565518144861661000e-03
2.647004336000000069e-01,2.565481047424594298e-03
2.647240138999999992e-01,2.565467136106099576e-03
2.647868842000000167e-01,2.565430039931834803e-03
2.648025995000000132e-01,2.565420766044287579e-03
2.648575954999999871e-01,2.565388307861012768e-03
2.648654511999999905e-01,2.565383671059276362e-03
2.648890166999999796e-01,2.565369760660011177e-03
2.649204341999999990e-01,2.565351213696061717e-03
2.649282880000000118e-01,2.565346577005741830e-03
2.649439948000000267e-01,2.565337303636641871e-03
2.651088608000000124e-01,2.565239936797528847e-03
2.651402521999999817e-01,2.565221391486095185e-03
2.651716398999999780e-01,2.565202846398448224e-03
2.651951781999999924e-01,2.565188937723977391e-03
2.652030239000000011e-01,2.565184301545797314e-03
2.652265594000000060e-01,2.565170393056351219e-03
2.652657807000000090e-01,2.565147212528464272e-03
2.652971534999999936e-01,2.565128668376147683e-03
2.653206806999999778e-01,2.565114760418517065e-03
2.653598880999999965e-01,2.565091580768630482e-03
2.653677287999999801e-01,2.565086944869337995e-03
2.653912498000000064e-01,2.565073037309751822e-03
2.654147686000000173e-01,2.565059129865795810e-03
2.654304466999999890e-01,2.565049858329097703e-03
2.654774753999999959e-01,2.565022044034498839e-03
2.654853126999999757e-01,2.565017408365928911e-03
2.654931497999999945e-01,2.565012772716916255e-03
2.655480028000000159e-01,2.564980323577622720e-03
2.655558379999999885e-01,2.564975688039413792e-03
2.655793423000000208e-01,2.564961781543907433e-03
2.656185114999999874e-01,2.564938604304367077e-03
2.656655068000000064e-01,2.564910792129321878e-03
2.656968324999999798e-01,2.564892250981039810e-03
2.657046632999999769e-01,2.564887615714132093e-03
2.657438140000000226e-01,2.564864439666956087e-03
2.657907871999999894e-01,2.564836628890869961e-03
2.658064431000000116e-01,2.564827358739957437e-03
2.658299251999999835e-01,2.564813453655234894e-03
2.659238329999999983e-01,2.564757834541908643e-03
2.659316570999999962e-01,2.564753199721953297e-03
2.659785971999999998e-01,2.564725391054876753e-03
2.659864196999999764e-01,2.564720756329743993e-03
2.659942419999999919e-01,2.564716121629677121e-03
2.660489917000000148e-01,2.564683679045965618e-03
2.660724523999999924e-01,2.564669775297054744e-03
2.661428221000000094e-01,2.564628064893749882e-03
2.661819084000000002e-01,2.564604892922154895e-03
2.662053574000000089e-01,2.564590989951144335e-03
2.662288043000000104e-01,2.564577087089744880e-03
2.662366194999999935e-01,2.564572452818382822e-03
2.662991326999999964e-01,2.564535379305649988e-03
2.663069457999999723e-01,2.564530745169644500e-03
2.663225712999999772e-01,2.564521476974780580e-03
2.663928749999999734e-01,2.564479770753053545e-03
2.664163053999999975e-01,2.564465868943277722e-03
2.664241151000000252e-01,2.564461235042430048e-03
2.664475426999999841e-01,2.564447333420561640e-03
2.664865842999999956e-01,2.564424164325491626e-03
2.665178134000000254e-01,2.564405629325883576e-03
2.665568447000000174e-01,2.564382460882484987e-03
2.665802607000000157e-01,2.564368560009442494e-03
2.666192828000000237e-01,2.564345392169589764e-03
2.666817062999999877e-01,2.564308324379221786e-03
2.666973099000000125e-01,2.564299057575251777e-03
2.667051113000000195e-01,2.564294424204615827e-03
2.667285142999999970e-01,2.564280524169180227e-03
2.667675146999999858e-01,2.564257357712246884e-03
2.667909122000000077e-01,2.564243458010275010e-03
2.668299035000000208e-01,2.564220292134989244e-03
2.668610925000000078e-01,2.564201759715945862e-03
2.668922778000000218e-01,2.564183227510868912e-03
2.669546374000000277e-01,2.564146163840550288e-03
2.669780185000000250e-01,2.564132265187767361e-03
2.670481496000000066e-01,2.564090570058107695e-03
2.670715224999999915e-01,2.564076671955741252e-03
2.670793129999999849e-01,2.564072039279624831e-03
2.671182622000000118e-01,2.564048876134271664e-03
2.671727815000000117e-01,2.564016448325277635e-03
2.671805690999999872e-01,2.564011815846077048e-03
2.671961435999999912e-01,2.564002550930932506e-03
2.672350756999999910e-01,2.563979388876471473e-03
2.672428614999999841e-01,2.563974756509270272e-03
2.672662174000000057e-01,2.563960859483080737e-03
2.672895712000000201e-01,2.563946962600201045e-03
2.673051392999999942e-01,2.563937698086836674e-03
2.673207065000000049e-01,2.563928433634698936e-03
2.673284898000000132e-01,2.563923801414424043e-03
2.673596206000000142e-01,2.563905272748909833e-03
2.674296514999999763e-01,2.563863584081346649e-03
2.674452115000000019e-01,2.563854320089222882e-03
2.674529910999999816e-01,2.563849688128269633e-03
2.674918859000000038e-01,2.563826528471464025e-03
2.675152199999999980e-01,2.563812632869503279e-03
2.676085362999999773e-01,2.563757051755042801e-03
2.676163112000000122e-01,2.563752420093925229e-03
2.676629556999999826e-01,2.563724630402266277e-03
2.676707291000000044e-01,2.563719998862710753e-03
2.676785020999999931e-01,2.563715367312590331e-03
2.677018199999999792e-01,2.563701472744443679e-03
2.677251359000000219e-01,2.563687578342227665e-03
2.677329073999999975e-01,2.563682946886955416e-03
2.678649882999999954e-01,2.563604214575147290e-03
2.678882899999999734e-01,2.563590321073546362e-03
2.679814763000000211e-01,2.563534748378554565e-03
2.679892403999999950e-01,2.563530117422665837e-03
2.680125312000000148e-01,2.563516224646148964e-03
2.680513447999999799e-01,2.563493070265484858e-03
2.681755104999999917e-01,2.563418978763057614e-03
2.681910271999999873e-01,2.563409717573543987e-03
2.681987852000000117e-01,2.563405087011768821e-03
2.682220578000000244e-01,2.563391195394161288e-03
2.682298148999999743e-01,2.563386564882759889e-03
2.682608410999999804e-01,2.563368042994021868e-03
2.682918636000000134e-01,2.563349521354708893e-03
2.682996187000000199e-01,2.563344890967774337e-03
2.683151281999999749e-01,2.563335630271474687e-03
2.683538979999999796e-01,2.563312478763739473e-03
2.683616513000000037e-01,2.563307848497969280e-03
2.684081662999999729e-01,2.563280067261323493e-03
2.684391718999999954e-01,2.563261546714104815e-03
2.684469226999999791e-01,2.563256916633871538e-03
2.684701737999999893e-01,2.563243026416181514e-03
2.684779237000000096e-01,2.563238396373955594e-03
2.685476631000000003e-01,2.563196726687131267e-03
2.685709055000000123e-01,2.563182837040993162e-03
2.686096383000000087e-01,2.563159687957512756e-03
2.686328754000000263e-01,2.563145798684380097e-03
2.686638550000000070e-01,2.563127279838104192e-03
2.686870874000000242e-01,2.563113390845481957e-03
2.687180606999999832e-01,2.563094872422988155e-03
2.687335459999999898e-01,2.563085613309874344e-03
2.687567724000000102e-01,2.563071724724369158e-03
2.687954785000000180e-01,2.563048577373035295e-03
2.688573966000000204e-01,2.563011542395334831e-03
2.689115632999999894e-01,2.562979137541858063e-03
2.689193005000000136e-01,2.562974508338207013e-03
2.689657191000000003e-01,2.562946733433571662e-03
2.689811901999999977e-01,2.562937475250509026e-03
2.690043951000000155e-01,2.562923588066381986e-03
2.690353319000000076e-01,2.562905072025853468e-03
2.690585321999999779e-01,2.562891185152362493e-03
2.690662651999999877e-01,2.562886556244042043e-03
2.690971949000000030e-01,2.562868040680839170e-03
2.691281211000000062e-01,2.562849525348013212e-03
2.691513132999999725e-01,2.562835639018391874e-03
2.691667736999999727e-01,2.562826381519022791e-03
2.692208782000000133e-01,2.562793980789499805e-03
2.692749717999999848e-01,2.562761580762252297e-03
2.692826984999999729e-01,2.562756952232741244e-03
2.692904251000000082e-01,2.562752323715599637e-03
2.693058775000000127e-01,2.562743066781848419e-03
2.693136033999999901e-01,2.562738438309841715e-03
2.693445046999999870e-01,2.562719924629217137e-03
2.693985734000000076e-01,2.562687526232927150e-03
2.694294649000000264e-01,2.562669013178695172e-03
2.694680743999999795e-01,2.562645872225498105e-03
2.694757956000000121e-01,2.562641244061813345e-03
2.695529957000000199e-01,2.562594963352658566e-03
2.696533227999999838e-01,2.562534800629505827e-03
2.696610387999999747e-01,2.562530172822223909e-03
2.696764698999999932e-01,2.562520917269852511e-03
2.696841851999999817e-01,2.562516289494222790e-03
2.697227582000000234e-01,2.562493150952964861e-03
2.697458992999999805e-01,2.562479267979897706e-03
2.697690385000000024e-01,2.562465385166046074e-03
2.697767510999999896e-01,2.562460757557503185e-03
2.697998876000000101e-01,2.562446874919190824e-03
2.698384441000000189e-01,2.562423737438179836e-03
2.698461547000000071e-01,2.562419109999645051e-03
2.699001228999999835e-01,2.562386718270950794e-03
2.699078317999999976e-01,2.562382090926288401e-03
2.699309570999999797e-01,2.562368209014344225e-03
2.700311436999999759e-01,2.562308055624342492e-03
2.700465537999999777e-01,2.562298801464871646e-03
2.700542584000000246e-01,2.562294174403620135e-03
2.700927786000000275e-01,2.562271039350685550e-03
2.701158880000000262e-01,2.562257158490520697e-03
2.701389954999999787e-01,2.562243277772611409e-03
2.701698023999999920e-01,2.562224770345332761e-03
2.701775035000000269e-01,2.562220143536425403e-03
2.702083060000000092e-01,2.562201636393005629e-03
2.702622018999999987e-01,2.562169249464576592e-03
2.703006923999999866e-01,2.562146116394768344e-03
2.703314808999999763e-01,2.562127610202122752e-03
2.703853521999999843e-01,2.562095224923304285e-03
2.703930472000000140e-01,2.562090598485521932e-03
2.704238252000000231e-01,2.562072093008162677e-03
2.704469063000000117e-01,2.562058214033317415e-03
2.704853704999999886e-01,2.562035082703751233e-03
2.705161380000000171e-01,2.562016577912246563e-03
2.705238293000000183e-01,2.562011951741303712e-03
2.705392112000000182e-01,2.562002699472573468e-03
2.705776623000000214e-01,2.561979569028794822e-03
2.706084193000000138e-01,2.561961064921249552e-03
2.706468604999999750e-01,2.561937935157260465e-03
2.707006691000000131e-01,2.561905554065915282e-03
2.707852037999999850e-01,2.561854670941584970e-03
2.708543489999999943e-01,2.561813040610067850e-03
2.709081163000000014e-01,2.561780662273622274e-03
2.709388356999999914e-01,2.561762160711248976e-03
2.709541940999999898e-01,2.561752910001836078e-03
2.709772301000000216e-01,2.561739034066256703e-03
2.710079416999999768e-01,2.561720533015718771e-03
2.710156189999999854e-01,2.561715907783498544e-03
2.710693544000000177e-01,2.561683531596780413e-03
2.710770299999999966e-01,2.561678906492442700e-03
2.711307532000000187e-01,2.561646531137658483e-03
2.711384271000000235e-01,2.561641906145644548e-03
2.711614473999999775e-01,2.561628031248607690e-03
2.711844657999999963e-01,2.561614156484204752e-03
2.711998103000000104e-01,2.561604906718150092e-03
2.712458385000000027e-01,2.561577157786587393e-03
2.712535091000000120e-01,2.561572533005011029e-03
2.712765196999999961e-01,2.561558658788582084e-03
2.713148663000000127e-01,2.561535535364857681e-03
2.713225349000000231e-01,2.561530910708291996e-03
2.713455396000000186e-01,2.561517036877225800e-03
2.713838764000000014e-01,2.561493914113889374e-03
2.714298734999999740e-01,2.561466167242466493e-03
2.714375388999999972e-01,2.561461542834671864e-03
2.714988543999999893e-01,2.561424547991345089e-03
2.715065179000000217e-01,2.561419923691079462e-03
2.715678179000000081e-01,2.561382929870501847e-03
2.715908018000000035e-01,2.561369057452022712e-03
2.716137836999999999e-01,2.561355185136503752e-03
2.716214439999999897e-01,2.561350561079108086e-03
2.716291040000000101e-01,2.561345937020685463e-03
2.716827179999999897e-01,2.561313569035434615e-03
2.716903762999999805e-01,2.561308945098347660e-03
2.717133498000000036e-01,2.561295073356264964e-03
2.717363213999999805e-01,2.561281201734307966e-03
2.717669471999999975e-01,2.561262706483808434e-03
2.717746031000000118e-01,2.561258082690890878e-03
2.718052246000000061e-01,2.561239587741190229e-03
2.718358425999999883e-01,2.561221092983769366e-03
2.718664572000000224e-01,2.561202598482654764e-03
2.718894157999999783e-01,2.561188727758042898e-03
2.719200244000000155e-01,2.561170233660174742e-03
2.719353273999999820e-01,2.561160986705060365e-03
2.719888810000000157e-01,2.561128622803136943e-03
2.720500723000000010e-01,2.561091636367997509e-03
2.720577202000000194e-01,2.561087013136354937e-03
2.720806626999999756e-01,2.561073143509884180e-03
2.721418333000000245e-01,2.561036158454308310e-03
2.721647688000000120e-01,2.561022289309789271e-03
2.722412062999999827e-01,2.560976059768676084e-03
2.722564912000000059e-01,2.560966814034058934e-03
2.723481826999999966e-01,2.560911340875483139e-03
2.723787396999999832e-01,2.560892850279299169e-03
2.724169310999999816e-01,2.560869737371071226e-03
2.724245686999999805e-01,2.560865114820585174e-03
2.724474802999999890e-01,2.560851247310477058e-03
2.725391075999999968e-01,2.560795778499481284e-03
2.726078077999999905e-01,2.560754178310353617e-03
2.726307041000000098e-01,2.560740311819174365e-03
2.726612293999999825e-01,2.560721823392271210e-03
2.726688601999999739e-01,2.560717201330254666e-03
2.727146403999999857e-01,2.560689469192598076e-03
2.727222697000000196e-01,2.560684847225350776e-03
2.727451564000000217e-01,2.560670981414959416e-03
2.727832964999999943e-01,2.560647872012654022e-03
2.727909237999999736e-01,2.560643250174659668e-03
2.728138046999999955e-01,2.560629384755601975e-03
2.728519352000000064e-01,2.560606276013158503e-03
2.728748108999999866e-01,2.560592410935987051e-03
2.728976847999999844e-01,2.560578545986703317e-03
2.729358035000000182e-01,2.560555438045983116e-03
2.729662947000000006e-01,2.560536951956544818e-03
2.729891609000000274e-01,2.560523087555802331e-03
2.729967824999999793e-01,2.560518466099608904e-03
2.730348874999999897e-01,2.560495359104921452e-03
2.730882253999999953e-01,2.560463009913600992e-03
2.731110814000000109e-01,2.560449146221625318e-03
2.731491703999999743e-01,2.560426040315375365e-03
2.732101016999999854e-01,2.560389071640834912e-03
2.732177171999999876e-01,2.560384450613902713e-03
2.732710194999999898e-01,2.560352103888923186e-03
2.732786333000000178e-01,2.560347482975460550e-03
2.733319236999999791e-01,2.560315137078477982e-03
2.733547592000000193e-01,2.560301274778993899e-03
2.733623707000000236e-01,2.560296654037178248e-03
2.733852037000000235e-01,2.560282791885143926e-03
2.734232544999999903e-01,2.560259688614198708e-03
2.734765167000000052e-01,2.560227344660359269e-03
2.734841248000000058e-01,2.560222724123229713e-03
2.735145547999999760e-01,2.560204242250083660e-03
2.735221617999999966e-01,2.560199621823050931e-03
2.735449815000000062e-01,2.560185760610888921e-03
2.735677993000000252e-01,2.560171899514361409e-03
2.735830101000000236e-01,2.560162658849112795e-03
2.736058246999999999e-01,2.560148797997376015e-03
2.736286373999999855e-01,2.560134937261088119e-03
2.736894619999999945e-01,2.560097975933573432e-03
2.737046659999999854e-01,2.560088735754949014e-03
2.737274705000000141e-01,2.560074875575951876e-03
2.737654736999999838e-01,2.560051775587464731e-03
2.737882730999999792e-01,2.560037915786134675e-03
2.738414643000000037e-01,2.560005576709540979e-03
2.738870486000000160e-01,2.559977858084336831e-03
2.739098379000000083e-01,2.559963998955078548e-03
2.739706000000000086e-01,2.559927041966710958e-03
2.740009760000000072e-01,2.559908563799309818e-03
2.740313487000000103e-01,2.559890085891578567e-03
2.740617180000000097e-01,2.559871608222700524e-03
2.740693097999999939e-01,2.559866988830648924e-03
2.740844927000000153e-01,2.559857750086929652e-03
2.741148561000000261e-01,2.559839272837585809e-03
2.741300366000000155e-01,2.559830034261522357e-03
2.741528057000000018e-01,2.559816176570037585e-03
2.741755727999999892e-01,2.559802318963716461e-03
2.741831614999999944e-01,2.559797699814809775e-03
2.742059262000000053e-01,2.559783842386427043e-03
2.742742087999999745e-01,2.559742270975376086e-03
2.742969659000000227e-01,2.559728414073026998e-03
2.743045512000000241e-01,2.559723795131356450e-03
2.743121363000000090e-01,2.559719176212572542e-03
2.743348903000000227e-01,2.559705319566410887e-03
2.743652259000000093e-01,2.559686844225252025e-03
2.744258871999999960e-01,2.559649894203367380e-03
2.744334689999999854e-01,2.559645275520480712e-03
2.744486318000000091e-01,2.559636038209298255e-03
2.746077907000000207e-01,2.559539049817219792e-03
2.746153673999999767e-01,2.559534431482479548e-03
2.746380963000000230e-01,2.559520576573454369e-03
2.746759735000000036e-01,2.559497485344380992e-03
2.746986973000000165e-01,2.559483630773976004e-03
2.748122882999999850e-01,2.559414359919183306e-03
2.748198593000000245e-01,2.559409741977461145e-03
2.748425711999999965e-01,2.559395888264855666e-03
2.748501414999999781e-01,2.559391270379780033e-03
2.748577114999999904e-01,2.559386652502805126e-03
2.749182640999999760e-01,2.559349710095305298e-03
2.749712367000000102e-01,2.559317386233407859e-03
2.750015022000000253e-01,2.559298915795806591e-03
2.750393293000000239e-01,2.559275828053756818e-03
2.750544588000000124e-01,2.559266593070257112e-03
2.750620230999999971e-01,2.559261975614352935e-03
2.750847150999999879e-01,2.559248123256164468e-03
2.750922786000000175e-01,2.559243505856910721e-03
2.751754640999999890e-01,2.559192715256914958e-03
2.752661831000000059e-01,2.559137309341623021e-03
2.752964162000000048e-01,2.559118841158415040e-03
2.753342027999999830e-01,2.559095756262531711e-03
2.753417595000000051e-01,2.559091139348808417e-03
2.753946507000000210e-01,2.559058821205146758e-03
2.754022057000000134e-01,2.559054204399200099e-03
2.754248696000000107e-01,2.559040354042645300e-03
2.754550853000000132e-01,2.559021887083773924e-03
2.754626385999999760e-01,2.559017270394218103e-03
2.755155066000000152e-01,2.558984953884111714e-03
2.755381611000000119e-01,2.558971104170782405e-03
2.755457123000000230e-01,2.558966487633440329e-03
2.755683642999999794e-01,2.558952638099714749e-03
2.755834647000000026e-01,2.558943405153357199e-03
2.756061136999999883e-01,2.558929555824460394e-03
2.756363095000000096e-01,2.558911090285606767e-03
2.756665019000000272e-01,2.558892624991772422e-03
2.756966909999999937e-01,2.558874159896135873e-03
2.757042377999999738e-01,2.558869543651999361e-03
2.757268768999999731e-01,2.558855695053677010e-03
2.757646045000000101e-01,2.558832614329442819e-03
2.757872385999999842e-01,2.558818766051292742e-03
2.758098708999999760e-01,2.558804917919892032e-03
2.758174145999999771e-01,2.558800301887700999e-03
2.758777565000000154e-01,2.558763374319112088e-03
2.759003812999999972e-01,2.558749526688268872e-03
2.759682446999999761e-01,2.558707984642635130e-03
2.760059394000000110e-01,2.558684906272624526e-03
2.760587031999999774e-01,2.558652597102233344e-03
2.760662401000000266e-01,2.558647981587245344e-03
2.760888495000000109e-01,2.558634135071328856e-03
2.761114570000000046e-01,2.558620288673011875e-03
2.761265277000000129e-01,2.558611057832142852e-03
2.761415975000000023e-01,2.558601827045139162e-03
2.761491321000000276e-01,2.558597211658224495e-03
2.761792685000000191e-01,2.558578750311784212e-03
2.762470632999999842e-01,2.558537213121973679e-03
2.762696579000000208e-01,2.558523367649554077e-03
2.762922506000000111e-01,2.558509522333713652e-03
2.763073113999999775e-01,2.558500292191697497e-03
2.763600177000000158e-01,2.558467987095801831e-03
2.763826031000000127e-01,2.558454142302717289e-03
2.764277681999999792e-01,2.558426453069760891e-03
2.764503480000000124e-01,2.558412608661630571e-03
2.764804516000000101e-01,2.558394149644573068e-03
2.765331248999999825e-01,2.558361846920752594e-03
2.765481725999999751e-01,2.558352617699832104e-03
2.766008329999999904e-01,2.558320315897609498e-03
2.766083550999999807e-01,2.558315701415996273e-03
2.766233987000000227e-01,2.558306472476032031e-03
2.766685245000000126e-01,2.558278786062635757e-03
2.766910846999999785e-01,2.558264943056047947e-03
2.767211620000000205e-01,2.558246485889169742e-03
2.767512361000000198e-01,2.558228028967610927e-03
2.767813069000000237e-01,2.558209572281686106e-03
2.768113743999999765e-01,2.558191115824100768e-03
2.768489543000000053e-01,2.558168045603644546e-03
2.768714997000000233e-01,2.558154203626343201e-03
2.769541507000000125e-01,2.558103450846468604e-03
2.769616631999999856e-01,2.558098837063931159e-03
2.769691754999999977e-01,2.558094223268439667e-03
2.770142449999999923e-01,2.558066540867857345e-03
2.770292664999999821e-01,2.558057313503900657e-03
2.770743263000000067e-01,2.558029631818288952e-03
2.770893445000000010e-01,2.558020404686513725e-03
2.771419021000000038e-01,2.557988110238296978e-03
2.771719304999999967e-01,2.557969656560590832e-03
2.771944497000000118e-01,2.557955816470263138e-03
2.772544919000000108e-01,2.557918910211922064e-03
2.772619962999999799e-01,2.557914297004534789e-03
2.772920117000000073e-01,2.557895844281777003e-03
2.773220238999999920e-01,2.557877391804543737e-03
2.773295264000000260e-01,2.557872778688954993e-03
2.773445308999999970e-01,2.557863552571511181e-03
2.773520327999999813e-01,2.557858939536504245e-03
2.773895393999999959e-01,2.557835874542957640e-03
2.774120408999999898e-01,2.557822035713731845e-03
2.774345406000000014e-01,2.557808197027253410e-03
2.774420401000000092e-01,2.557803584161463546e-03
2.774645372999999804e-01,2.557789745645110743e-03
2.774945308000000277e-01,2.557771294476254495e-03
2.775020287000000141e-01,2.557766681741097115e-03
2.775545080999999858e-01,2.557734392895979082e-03
2.775620044000000064e-01,2.557729780263231535e-03
2.775695004000000021e-01,2.557725167648012936e-03
2.775919873000000093e-01,2.557711329854109577e-03
2.776219670999999778e-01,2.557692879716308345e-03
2.776894095999999923e-01,2.557651367692805652e-03
2.777043946000000152e-01,2.557642142974890769e-03
2.777718171999999930e-01,2.557600632393171834e-03
2.778017775000000134e-01,2.557582183633851265e-03
2.778242456000000193e-01,2.557568347205070331e-03
2.778317345999999910e-01,2.557563735116068823e-03
2.778616884999999814e-01,2.557545286792483035e-03
2.778691763999999731e-01,2.557540674758349095e-03
2.779140999999999972e-01,2.557513002848425896e-03
2.779290728000000099e-01,2.557503778978740920e-03
2.780413439000000153e-01,2.557434601930311940e-03
2.780637926000000260e-01,2.557420766903864551e-03
2.780712751000000149e-01,2.557416155263596974e-03
2.781086846999999973e-01,2.557393097264175699e-03
2.781311280000000052e-01,2.557379262623464457e-03
2.781610496999999960e-01,2.557360816658844557e-03
2.781685295999999918e-01,2.557356205186246678e-03
2.781834887999999895e-01,2.557346982349302869e-03
2.782507952000000118e-01,2.557305480150137700e-03
2.782881805999999902e-01,2.557282423892096035e-03
2.783405118000000233e-01,2.557250145762901810e-03
2.783704108999999760e-01,2.557231701400770017e-03
2.784003067999999970e-01,2.557213257305575738e-03
2.784227266000000034e-01,2.557199424371777753e-03
2.784301994999999752e-01,2.557194813430772005e-03
2.784526169000000051e-01,2.557180980686692921e-03
2.784899752000000173e-01,2.557157926380340934e-03
2.785123877999999831e-01,2.557144093998281725e-03
2.785796147999999861e-01,2.557102597576252703e-03
2.785870834999999990e-01,2.557097986940382213e-03
2.786692255000000062e-01,2.557047270846770585e-03
2.786916237000000018e-01,2.557033439512426676e-03
2.786990893999999885e-01,2.557028829085272476e-03
2.787065548000000059e-01,2.557024218686758561e-03
2.787662712999999792e-01,2.556987335930613336e-03
2.788259750000000037e-01,2.556950454149328061e-03
2.788483606000000115e-01,2.556936623704025597e-03
2.788707443999999813e-01,2.556922793404802028e-03
2.789005866000000000e-01,2.556904353214770401e-03
2.789453439999999840e-01,2.556876693321252000e-03
2.789677199999999746e-01,2.556862863585355593e-03
2.790273805999999857e-01,2.556825984935943985e-03
2.790572061000000104e-01,2.556807545966597803e-03
2.791093930999999917e-01,2.556775278299193866e-03
2.791168474999999871e-01,2.556770668696314776e-03
2.791690233999999937e-01,2.556738401850664096e-03
2.791764762999999760e-01,2.556733792361312249e-03
2.791839288999999891e-01,2.556729182885002921e-03
2.792360922000000079e-01,2.556696916955357793e-03
2.792584449000000135e-01,2.556683088935374822e-03
2.793254922999999779e-01,2.556641605617891028e-03
2.793478379000000067e-01,2.556627778116852753e-03
2.793627338999999932e-01,2.556618559847206439e-03
2.793776291999999772e-01,2.556609341618232018e-03
2.793850764999999958e-01,2.556604732545300542e-03
2.794148638000000240e-01,2.556586296357756926e-03
2.794744289000000159e-01,2.556549424676399923e-03
2.794818735999999859e-01,2.556544815788349637e-03
2.794967624999999956e-01,2.556535598031806338e-03
2.795042066999999797e-01,2.556530989209134311e-03
2.795414245000000242e-01,2.556507945172838397e-03
2.795935210000000115e-01,2.556475684125502669e-03
2.796456078999999817e-01,2.556443423802398380e-03
2.796530481000000234e-01,2.556438815251376676e-03
2.796604880999999931e-01,2.556434206715243670e-03
2.796828069000000250e-01,2.556420381163061403e-03
2.797125624999999838e-01,2.556401947305926223e-03
2.797423149000000109e-01,2.556383513667949935e-03
2.798389884999999966e-01,2.556323605995200303e-03
2.798538583999999885e-01,2.556314389641357009e-03
2.798835957999999957e-01,2.556295957110629995e-03
2.798984633000000111e-01,2.556286740932557124e-03
2.799504935000000083e-01,2.556254484809358882e-03
2.799727891000000080e-01,2.556240660950273233e-03
2.800173751000000211e-01,2.556213013664476556e-03
2.800396654999999790e-01,2.556199190203516450e-03
2.800768121000000166e-01,2.556176151409948662e-03
2.800990977000000215e-01,2.556162328297974587e-03
2.801213814999999885e-01,2.556148505344613218e-03
2.801288090999999869e-01,2.556143897711181737e-03
2.801956481000000276e-01,2.556102429698321396e-03
2.802104991000000100e-01,2.556093214748891580e-03
2.802179242999999764e-01,2.556088607315058249e-03
2.802476231000000095e-01,2.556070177619673440e-03
2.802550473000000042e-01,2.556065570245887562e-03
2.803144337999999847e-01,2.556028711708907206e-03
2.803292785000000009e-01,2.556019497237476974e-03
2.803663867000000254e-01,2.555996461264473281e-03
2.803738077999999856e-01,2.555991854126768957e-03
2.804183299999999934e-01,2.555964211554776280e-03
2.804554264999999935e-01,2.555941176458237287e-03
2.805444380000000071e-01,2.555885893739558851e-03
2.805518543000000142e-01,2.555881286932998927e-03
2.805666863999999872e-01,2.555872073353362712e-03
2.805741022000000084e-01,2.555867466623220393e-03
2.806111780000000167e-01,2.555844433043174060e-03
2.806334212000000106e-01,2.555830613088122625e-03
2.806853150999999991e-01,2.555798367008148449e-03
2.807223762000000122e-01,2.555775334546957125e-03
2.807297879000000274e-01,2.555770728104354329e-03
2.807742536000000233e-01,2.555743089685247587e-03
2.807816638999999781e-01,2.555738483353918629e-03
2.807890740000000274e-01,2.555733876999519583e-03
2.808483475999999923e-01,2.555697026875263737e-03
2.809298284000000256e-01,2.555646359427622607e-03
2.809890722999999757e-01,2.555609511478038661e-03
2.810112855999999937e-01,2.555595693740795194e-03
2.810409005000000238e-01,2.555577270297348588e-03
2.810779147999999950e-01,2.555554241318938602e-03
2.811075227000000010e-01,2.555535818381689944e-03
2.811445282000000212e-01,2.555512790076572543e-03
2.811667292000000207e-01,2.555498973232192984e-03
2.811963277000000261e-01,2.555480551000789864e-03
2.812555154999999973e-01,2.555443707267731051e-03
2.812629131000000116e-01,2.555439101848511457e-03
2.812777076999999903e-01,2.555429891086116907e-03
2.812851047000000104e-01,2.555425285710785383e-03
2.813072945999999797e-01,2.555411469736567406e-03
2.813146907999999891e-01,2.555406864414224745e-03
2.813220868999999902e-01,2.555402259130340036e-03
2.813664590000000132e-01,2.555374627720505797e-03
2.813738537000000095e-01,2.555370022538942885e-03
2.814625747000000233e-01,2.555314761419293871e-03
2.814995335000000098e-01,2.555291736597094417e-03
2.815143157000000174e-01,2.555282526777254062e-03
2.815217065000000241e-01,2.555277921868151590e-03
2.815438777000000004e-01,2.555264107282607076e-03
2.815808257999999897e-01,2.555241083224777526e-03
2.816177691000000261e-01,2.555218059557795920e-03
2.816325451000000202e-01,2.555208850177930445e-03
2.816399327999999924e-01,2.555204245505440352e-03
2.816768682999999940e-01,2.555181222428309831e-03
2.816990273000000156e-01,2.555167408749992302e-03
2.817211846000000075e-01,2.555153595193345242e-03
2.817285700000000115e-01,2.555148990675855294e-03
2.817802621000000118e-01,2.555116759680671305e-03
2.817876458999999945e-01,2.555112155295189910e-03
2.818393271999999894e-01,2.555079925106896934e-03
2.818762367000000046e-01,2.555056903986517580e-03
2.819057607000000076e-01,2.555038487318983705e-03
2.819131411999999948e-01,2.555033883193545598e-03
2.819647994999999741e-01,2.555001654724190982e-03
2.819721785000000036e-01,2.554997050709813776e-03
2.819869359000000131e-01,2.554987842747298479e-03
2.819943142999999930e-01,2.554983238776810210e-03
2.820164484000000082e-01,2.554969426978015695e-03
2.820828401000000096e-01,2.554927992337027026e-03
2.821123426000000101e-01,2.554909577307061704e-03
2.821492163000000053e-01,2.554886558860455445e-03
2.821713382000000103e-01,2.554872747969948697e-03
2.822303213999999838e-01,2.554835919551347052e-03
2.822524370000000227e-01,2.554822109150851114e-03
2.823261429999999739e-01,2.554776075355539439e-03
2.823408817999999987e-01,2.554766868767204425e-03
2.823482509999999945e-01,2.554762265497593880e-03
2.823777257000000263e-01,2.554743852576930440e-03
2.824071973000000235e-01,2.554725439892083574e-03
2.824366658999999946e-01,2.554707027426595094e-03
2.824587652000000171e-01,2.554693218243175943e-03
2.825250530000000260e-01,2.554651791438855655e-03
2.825618729000000107e-01,2.554628777056364326e-03
2.825765995000000252e-01,2.554619571409041338e-03
2.826134126000000024e-01,2.554596557517748671e-03
2.826796641000000054e-01,2.554555133460108436e-03
2.826943846000000149e-01,2.554545928285955128e-03
2.827238232000000018e-01,2.554527518068593680e-03
2.827385412999999792e-01,2.554518313071018308e-03
2.827606171000000002e-01,2.554504505680423726e-03
2.827826911999999915e-01,2.554490698369844132e-03
2.828121205999999943e-01,2.554472288881019706e-03
2.828489029999999849e-01,2.554449277337101070e-03
2.828562589999999988e-01,2.554444675053297014e-03
2.829003904999999874e-01,2.554417061765552541e-03
2.829077449999999883e-01,2.554412459596911572e-03
2.829371614000000257e-01,2.554394051086001944e-03
2.829592216999999854e-01,2.554380244863407954e-03
2.829739276000000081e-01,2.554371040784587672e-03
2.830253923000000116e-01,2.554338826962111383e-03
2.830474457000000110e-01,2.554325021250390421e-03
2.830547964999999833e-01,2.554320419369434259e-03
2.830915473999999765e-01,2.554297410197367470e-03
2.831429906999999857e-01,2.554265198003834690e-03
2.831650349000000011e-01,2.554251392981402198e-03
2.831723825999999944e-01,2.554246791368616938e-03
2.832017714999999769e-01,2.554228384935510084e-03
2.832311573999999887e-01,2.554209978734030446e-03
2.832531947999999966e-01,2.554196174246812622e-03
2.833192967000000007e-01,2.554154761568120085e-03
2.833853832000000073e-01,2.554113350062939790e-03
2.834000669999999777e-01,2.554104147653049259e-03
2.834074086000000214e-01,2.554099546475723393e-03
2.834441138000000082e-01,2.554076540787474439e-03
2.834661345999999749e-01,2.554062737563724678e-03
2.835028321999999990e-01,2.554039732486292676e-03
2.835542007999999892e-01,2.554007525988723562e-03
2.835615384999999877e-01,2.554002925116139171e-03
2.835835501999999786e-01,2.553989122571518472e-03
2.836202326000000218e-01,2.553966118641836335e-03
2.836422397000000206e-01,2.553952316472433287e-03
2.836642451999999981e-01,2.553938514389261175e-03
2.836715799999999787e-01,2.553933913764646398e-03
2.837302513000000137e-01,2.553897109032752296e-03
2.837375844000000202e-01,2.553892508515095364e-03
2.837962420999999846e-01,2.553855704830004965e-03
2.838182356000000239e-01,2.553841903705386836e-03
2.838402273999999781e-01,2.553828102696163813e-03
2.838988639000000203e-01,2.553791300659110156e-03
2.839135211000000103e-01,2.553782100280122414e-03
2.839355055000000183e-01,2.553768299829067487e-03
2.839648155000000229e-01,2.553749899436755667e-03
2.839721425000000243e-01,2.553745299389357983e-03
2.839941222999999848e-01,2.553731499307768365e-03
2.840234261999999843e-01,2.553713099379977761e-03
2.840893488999999827e-01,2.553671700417722932e-03
2.841039962999999946e-01,2.553662500791660257e-03
2.841332887999999945e-01,2.553644101742112010e-03
2.841479338999999826e-01,2.553634902308611881e-03
2.841699001999999918e-01,2.553621103254995542e-03
2.841918648000000269e-01,2.553607304322850612e-03
2.841991859999999925e-01,2.553602704719471015e-03
2.842577484000000099e-01,2.553565908352111672e-03
2.842870250999999793e-01,2.553547510554305625e-03
2.843455693999999978e-01,2.553510715554255326e-03
2.843748370999999997e-01,2.553492318422008901e-03
2.844333633000000194e-01,2.553455524853229068e-03
2.844406783000000272e-01,2.553450925747504340e-03
2.844553075999999847e-01,2.553441727526214230e-03
2.844626219999999983e-01,2.553437128421701206e-03
2.844918775999999982e-01,2.553418732221630991e-03
2.844991909999999846e-01,2.553414133199742413e-03
2.845211302000000275e-01,2.553400336248619600e-03
2.845503797999999751e-01,2.553381940511123809e-03
2.846088699000000055e-01,2.553345149709384480e-03
2.846161803000000212e-01,2.553340550915552624e-03
2.846381104999999856e-01,2.553326754660969426e-03
2.846600389000000231e-01,2.553312958527525003e-03
2.846892743000000170e-01,2.553294563889753691e-03
2.846965826000000255e-01,2.553289965276819666e-03
2.847550427000000162e-01,2.553253176805435863e-03
2.847842682999999764e-01,2.553234782899219991e-03
2.847915742000000083e-01,2.553230184483681886e-03
2.848134909000000214e-01,2.553216389254029696e-03
2.848354057999999966e-01,2.553202594158868449e-03
2.848500147999999954e-01,2.553193397533652740e-03
2.848719270000000248e-01,2.553179602652230675e-03
2.849230488000000228e-01,2.553147415119728925e-03
2.849887633000000031e-01,2.553106032212587063e-03
2.850106647999999798e-01,2.553092238173644297e-03
2.850179648999999760e-01,2.553087640192229415e-03
2.850690605000000266e-01,2.553055454704346045e-03
2.851420383000000114e-01,2.553009476652449029e-03
2.851566315999999879e-01,2.553000281208049182e-03
2.851639280000000110e-01,2.552995683507988667e-03
2.852004070999999974e-01,2.552972695256754652e-03
2.852222923000000132e-01,2.552958902460346607e-03
2.852514700000000070e-01,2.552940512312898771e-03
2.852733512999999776e-01,2.552926719830067581e-03
2.852806446999999745e-01,2.552922122352587701e-03
2.853171089000000049e-01,2.552899135261611340e-03
2.853973135999999799e-01,2.552848564927949829e-03
2.854264733999999915e-01,2.552830176148470666e-03
2.854774958999999890e-01,2.552797996313914061e-03
2.854847840999999997e-01,2.552793399263033908e-03
2.855503692999999954e-01,2.552752026401573782e-03
2.855722277000000142e-01,2.552738235701490586e-03
2.855940844000000034e-01,2.552724445137553259e-03
2.856013695999999880e-01,2.552719848321565073e-03
2.856086546000000115e-01,2.552715251487221778e-03
2.856232241000000172e-01,2.552706057926219015e-03
2.856596445999999845e-01,2.552683074250116507e-03
2.856669280999999949e-01,2.552678477539153251e-03
2.857106253999999734e-01,2.552650897688209849e-03
2.857251895999999847e-01,2.552641704488143627e-03
2.857397532000000018e-01,2.552632511380990062e-03
2.857761588000000130e-01,2.552609528847558581e-03
2.858343980999999978e-01,2.552572757550014386e-03
2.858416771000000245e-01,2.552568161184451487e-03
2.858562346999999892e-01,2.552558968568000887e-03
2.858635132999999828e-01,2.552554372244934377e-03
2.859217346999999854e-01,2.552517602341784330e-03
2.859508411000000194e-01,2.552499217749176503e-03
2.859726687999999961e-01,2.552485429425470180e-03
2.860163193999999964e-01,2.552457853200818753e-03
2.860381422000000118e-01,2.552444065305940844e-03
2.860599632999999975e-01,2.552430277540213097e-03
2.860745097999999875e-01,2.552421085740893148e-03
2.860963281000000191e-01,2.552407298182330416e-03
2.861326882999999932e-01,2.552384319178319615e-03
2.861835849000000098e-01,2.552352149245583259e-03
2.861908550999999745e-01,2.552347553579853781e-03
2.862998857999999869e-01,2.552278620528882023e-03
2.863216869999999914e-01,2.552264834322222689e-03
2.863870805000000019e-01,2.552223476461695350e-03
2.864234037999999760e-01,2.552200500381593060e-03
2.864451955999999799e-01,2.552186714884762623e-03
2.864669857000000097e-01,2.552172929554048005e-03
2.864742486999999893e-01,2.552168334476343815e-03
2.865250845999999796e-01,2.552136169271065035e-03
2.865323461000000016e-01,2.552131574290554365e-03
2.865396074000000071e-01,2.552126979338436349e-03
2.865541295999999849e-01,2.552117789466026420e-03
2.866412468999999796e-01,2.552062651494448140e-03
2.866557639000000268e-01,2.552053462022426701e-03
2.866702802000000161e-01,2.552044272607494144e-03
2.867065676000000174e-01,2.552021299343058391e-03
2.867718733999999881e-01,2.551979948405375294e-03
2.867863836999999805e-01,2.551970759439132434e-03
2.868226564999999950e-01,2.551947787356494395e-03
2.868516712999999996e-01,2.551929409936537496e-03
2.868806832999999945e-01,2.551911032747814900e-03
2.869314471000000144e-01,2.551878873219819415e-03
2.869459494000000110e-01,2.551869684912044627e-03
2.869894519000000255e-01,2.551842120369164201e-03
2.869967017000000231e-01,2.551837526327550495e-03
2.870184498999999723e-01,2.551823744289893545e-03
2.870546932999999967e-01,2.551800774473300931e-03
2.870619414000000202e-01,2.551796180561672657e-03
2.870836847000000080e-01,2.551782398927625577e-03
2.871416587999999770e-01,2.551745648473220662e-03
2.871633960000000152e-01,2.551731867316698286e-03
2.872285978999999934e-01,2.551690524573744807e-03
2.872503285999999934e-01,2.551676743936175367e-03
2.873444759000000071e-01,2.551617029250445763e-03
2.873661978000000006e-01,2.551603249294274404e-03
2.873734379999999811e-01,2.551598656015119804e-03
2.874096367000000263e-01,2.551575689787701721e-03
2.874313535999999947e-01,2.551561910207499582e-03
2.874530690000000055e-01,2.551548130784792121e-03
2.874675449999999910e-01,2.551538944575535740e-03
2.874892575999999922e-01,2.551525165328485945e-03
2.875182051999999877e-01,2.551506793256648996e-03
2.875977960000000166e-01,2.551456271194934688e-03
2.876339663999999963e-01,2.551433307234248112e-03
2.876411998999999775e-01,2.551428714479759326e-03
2.876628994000000050e-01,2.551414936284872228e-03
2.876918294999999959e-01,2.551396565602016223e-03
2.876990615999999723e-01,2.551391972945535845e-03
2.877135251999999865e-01,2.551382787719074906e-03
2.877496810999999877e-01,2.551359824898674980e-03
2.877569117000000065e-01,2.551355232363737569e-03
2.878147501000000164e-01,2.551318492711280965e-03
2.878653492000000091e-01,2.551286346238457441e-03
2.878942589999999857e-01,2.551267977195857510e-03
2.879448440999999859e-01,2.551235831858545810e-03
2.879520697999999879e-01,2.551231239717797854e-03
2.879881957000000048e-01,2.551208279277826681e-03
2.880387643000000275e-01,2.551176135252691910e-03
2.880604338000000153e-01,2.551162359473048598e-03
2.880893239999999800e-01,2.551143991974415878e-03
2.880965461000000172e-01,2.551139400120512688e-03
2.881037679999999823e-01,2.551134808306029789e-03
2.881254327000000171e-01,2.551121032881382457e-03
2.882120750000000120e-01,2.551065932626864988e-03
2.882192941000000230e-01,2.551061341032693705e-03
2.882770397000000151e-01,2.551024608761230921e-03
2.882914743000000168e-01,2.551015425843013423e-03
2.882986913000000206e-01,2.551010834407027670e-03
2.883564210999999822e-01,2.550974103435914037e-03
2.883780667999999991e-01,2.550960329555996327e-03
2.884141392999999831e-01,2.550937373393658957e-03
2.884429940000000081e-01,2.550919008713300930e-03
2.884502072999999833e-01,2.550914417574143712e-03
2.884718459000000235e-01,2.550900644277822107e-03
2.884934828999999867e-01,2.550886871081578869e-03
2.885079066999999831e-01,2.550877689032632172e-03
2.885295410000000005e-01,2.550863916072591484e-03
2.885511736999999965e-01,2.550850143217658992e-03
2.886160620000000065e-01,2.550808825506829455e-03
2.886232709000000063e-01,2.550804234705908620e-03
2.886448965999999783e-01,2.550790462436908906e-03
2.886737282999999876e-01,2.550772099631371491e-03
2.887025570999999791e-01,2.550753737026856000e-03
2.887241768000000097e-01,2.550739965224581036e-03
2.887530005999999760e-01,2.550721603053556462e-03
2.887890262000000208e-01,2.550698650660126153e-03
2.888538610999999978e-01,2.550657337223687787e-03
2.888682669000000036e-01,2.550648156602515655e-03
2.889618869000000201e-01,2.550588484111489512e-03
2.889834871999999999e-01,2.550574713885398175e-03
2.890122851999999964e-01,2.550556353773672080e-03
2.890266830000000065e-01,2.550547173820841632e-03
2.890482784999999777e-01,2.550533403983695248e-03
2.890986616999999814e-01,2.550501274870665448e-03
2.891346443000000210e-01,2.550478325905271640e-03
2.891418401999999999e-01,2.550473736170027865e-03
2.891850123999999966e-01,2.550446198022139534e-03
2.891994016000000167e-01,2.550437018732166442e-03
2.892209841999999753e-01,2.550423249939445889e-03
2.892497585000000093e-01,2.550404891755233064e-03
2.892569515999999785e-01,2.550400302254874317e-03
2.893072984000000236e-01,2.550368176039255995e-03
2.893144900999999880e-01,2.550363586647665277e-03
2.893360641000000122e-01,2.550349818544198933e-03
2.893720171999999979e-01,2.550326872002214688e-03
2.894151549000000267e-01,2.550299336613863314e-03
2.894223439999999981e-01,2.550294747456875299e-03
2.894510981999999788e-01,2.550276390878346809e-03
2.894798496000000054e-01,2.550258034528400230e-03
2.894870370000000026e-01,2.550253445483627573e-03
2.895660865999999944e-01,2.550202966881335090e-03
2.896522979000000220e-01,2.550147901329804633e-03
2.896594811000000047e-01,2.550143312619364364e-03
2.896738468000000233e-01,2.550134135278479732e-03
2.896810293000000036e-01,2.550129546599137851e-03
2.897025759999999894e-01,2.550115780728502181e-03
2.897169396000000008e-01,2.550106603525527198e-03
2.897384835999999853e-01,2.550092837866570292e-03
2.897600260000000039e-01,2.550079072305852946e-03
2.897672064999999852e-01,2.550074483826169931e-03
2.897887467999999966e-01,2.550060718450931387e-03
2.898318225000000026e-01,2.550033188098810993e-03
2.898533580000000054e-01,2.550019423129956577e-03
2.899323077000000026e-01,2.549968952644962594e-03
2.899394839000000168e-01,2.549964364484005094e-03
2.899681868000000273e-01,2.549946012091687444e-03
2.900255842000000195e-01,2.549909307967246266e-03
2.900829702000000121e-01,2.549872604766257374e-03
2.901116590000000217e-01,2.549854253511863247e-03
2.901331737000000244e-01,2.549840490234155186e-03
2.901618575000000089e-01,2.549822139372701947e-03
2.901690279999999955e-01,2.549817551704173894e-03
2.902263856000000253e-01,2.549780850806150981e-03
2.902335544999999906e-01,2.549776263270698770e-03
2.902550602000000257e-01,2.549762500723351359e-03
2.902837320000000165e-01,2.549744150848234567e-03
2.902908994000000242e-01,2.549739563421256783e-03
2.903625645999999838e-01,2.549693689925139600e-03
2.903697302000000091e-01,2.549689102630770150e-03
2.903912257999999857e-01,2.549675340930492116e-03
2.904055553000000067e-01,2.549666166499268277e-03
2.904270481999999820e-01,2.549652405011066693e-03
2.904771922000000117e-01,2.549620295320388207e-03
2.905130040000000191e-01,2.549597360263790389e-03
2.905201658000000076e-01,2.549592773307896281e-03
2.905416503000000095e-01,2.549579012480172879e-03
2.905631330999999817e-01,2.549565251778002258e-03
2.905774541999999738e-01,2.549556078081684045e-03
2.906275722000000172e-01,2.549523970517443040e-03
2.907063115999999892e-01,2.549473517232506408e-03
2.907420951999999947e-01,2.549450584459451302e-03
2.908064946000000206e-01,2.549409306464550662e-03
2.908208036000000107e-01,2.549400133700038297e-03
2.908565732000000237e-01,2.549377202129070232e-03
2.908851855999999847e-01,2.549358857137728682e-03
2.909209472000000019e-01,2.549335926168901350e-03
2.909352505999999727e-01,2.549326753917431285e-03
2.909424020999999971e-01,2.549322167802473005e-03
2.909710060999999848e-01,2.549303823479586763e-03
2.910282055999999784e-01,2.549267135543085896e-03
2.910353547999999790e-01,2.549262549615138179e-03
2.910568011999999927e-01,2.549248791930279218e-03
2.910782459999999849e-01,2.549235034366505691e-03
2.910925416999999848e-01,2.549225862722576553e-03
2.911139838999999840e-01,2.549212105383253692e-03
2.911425710000000167e-01,2.549193762459786659e-03
2.912283156000000095e-01,2.549138735047450262e-03
2.912497478000000140e-01,2.549124978547224855e-03
2.912640350999999850e-01,2.549115807582450367e-03
2.912854646999999964e-01,2.549102051301065097e-03
2.913068926999999864e-01,2.549088295091122679e-03
2.913140350000000267e-01,2.549083709745274436e-03
2.913783079000000220e-01,2.549042442108656169e-03
2.913925889000000269e-01,2.549033271681651162e-03
2.914354275000000105e-01,2.549005760778856166e-03
2.914568444999999786e-01,2.548992005508309878e-03
2.914853980000000067e-01,2.548973665347230386e-03
2.915068113000000016e-01,2.548959910393725197e-03
2.915139487000000251e-01,2.548955325418465062e-03
2.915924488000000148e-01,2.548904891848234860e-03
2.916067192999999835e-01,2.548895722278681549e-03
2.916566603999999896e-01,2.548863629306151631e-03
2.917137255000000207e-01,2.548826952460244485e-03
2.917208578000000108e-01,2.548822367917659946e-03
2.917351220000000134e-01,2.548813198859053390e-03
2.917422539000000259e-01,2.548808614399070745e-03
2.917636483000000114e-01,2.548794860980807975e-03
2.917707794000000132e-01,2.548790276554112073e-03
2.917779104000000068e-01,2.548785692119337996e-03
2.918278221999999755e-01,2.548753601549985995e-03
2.918919819999999943e-01,2.548712343290177821e-03
2.919133655000000216e-01,2.548698590807913725e-03
2.919347474000000275e-01,2.548684838428632790e-03
2.919632542000000219e-01,2.548666502139388008e-03
2.919703804000000069e-01,2.548661918116204832e-03
2.919917580999999984e-01,2.548648166114096583e-03
2.920630059000000056e-01,2.548602326995127228e-03
2.920772534000000142e-01,2.548593159331357608e-03
2.921199916000000174e-01,2.548565656746833163e-03
2.921413583999999952e-01,2.548551905614443707e-03
2.921627236000000072e-01,2.548538154633753650e-03
2.921698449999999836e-01,2.548533571020038940e-03
2.922268098999999952e-01,2.548496902504633448e-03
2.922552882000000185e-01,2.548478568587703684e-03
2.922837636999999766e-01,2.548460234907197648e-03
2.922908820999999824e-01,2.548455651518940178e-03
2.923122363999999807e-01,2.548441901459030934e-03
2.924047536000000114e-01,2.548382319341119598e-03
2.924260995999999890e-01,2.548368569975235053e-03
2.924830145000000270e-01,2.548331905603585211e-03
2.925043547999999771e-01,2.548318156692903381e-03
2.925114677999999802e-01,2.548313573760426290e-03
2.925328059999999786e-01,2.548299825036231571e-03
2.925399183999999875e-01,2.548295242154066664e-03
2.925754776999999751e-01,2.548272327981830360e-03
2.926323636000000006e-01,2.548235666027980854e-03
2.927389948999999936e-01,2.548166927421761929e-03
2.928029549999999759e-01,2.548125685761324938e-03
2.928242718999999883e-01,2.548111938827322780e-03
2.928526920999999783e-01,2.548093609755861227e-03
2.928597967000000080e-01,2.548089027543515555e-03
2.928740054000000259e-01,2.548079863128230749e-03
2.929095240999999850e-01,2.548056952331994880e-03
2.929166274000000181e-01,2.548052370228452799e-03
2.929379360000000099e-01,2.548038623957161845e-03
2.929592431999999969e-01,2.548024877853573549e-03
2.929734469999999980e-01,2.548015713833361173e-03
2.929947515999999919e-01,2.548001967901919896e-03
2.930515560999999991e-01,2.547965312790559638e-03
2.930799541999999924e-01,2.547946985570592304e-03
2.930870533000000111e-01,2.547942403813899508e-03
2.931012510000000071e-01,2.547933240319720776e-03
2.931083495999999844e-01,2.547928658599480159e-03
2.931296442999999918e-01,2.547914913514269519e-03
2.932148077000000241e-01,2.547859934462208976e-03
2.932502852000000160e-01,2.547837027142063181e-03
2.932573801000000202e-01,2.547832445714132577e-03
2.933070401999999799e-01,2.547800376177714651e-03
2.933141337999999876e-01,2.547795794890764156e-03
2.933637841999999774e-01,2.547763726120800404e-03
2.934205172000000084e-01,2.547727077014405334e-03
2.934276081000000147e-01,2.547722495939392946e-03
2.934488795999999899e-01,2.547708752820474019e-03
2.935339504000000210e-01,2.547653781555796193e-03
2.935977372999999946e-01,2.547612554474593290e-03
2.936189966000000151e-01,2.547598812356881293e-03
2.936544252000000133e-01,2.547575909164954966e-03
2.936756803000000193e-01,2.547562167411763015e-03
2.937536025999999967e-01,2.547511782115547373e-03
2.937606853999999990e-01,2.547507201706441116e-03
2.937677679999999847e-01,2.547502621334266255e-03
2.937819327999999786e-01,2.547493460598458746e-03
2.938102603000000146e-01,2.547475139321981035e-03
2.938173418000000203e-01,2.547470559046722573e-03
2.938456658999999971e-01,2.547452238045324301e-03
2.938669072000000271e-01,2.547438497498815974e-03
2.938739872999999725e-01,2.547433917306044914e-03
2.938810672000000124e-01,2.547429337150729570e-03
2.938952264999999953e-01,2.547420176913612559e-03
2.939306218000000137e-01,2.547397276513741447e-03
2.939589349999999768e-01,2.547378956453104533e-03
2.940084765000000044e-01,2.547346896921306135e-03
2.940155532000000016e-01,2.547342317041810956e-03
2.940367822000000131e-01,2.547328577470396767e-03
2.940721605000000127e-01,2.547305678537866228e-03
2.941004600000000080e-01,2.547287359621459423e-03
2.941216829000000144e-01,2.547273620592970748e-03
2.941287569000000102e-01,2.547269040963081894e-03
2.941641240999999796e-01,2.547246142925973546e-03
2.942065590999999869e-01,2.547218665790478703e-03
2.942631297000000146e-01,2.547182030401517073e-03
2.942702001999999983e-01,2.547177451035162205e-03
2.942772705999999738e-01,2.547172871699869296e-03
2.942984806999999758e-01,2.547159133742829106e-03
2.943196893000000203e-01,2.547145395922220147e-03
2.943267585000000075e-01,2.547140816718006413e-03
2.943833060000000112e-01,2.547104183273761740e-03
2.943903735999999771e-01,2.547099604154710352e-03
2.944610409999999789e-01,2.547053813845838021e-03
2.944893030999999883e-01,2.547035498093750717e-03
2.945034331999999977e-01,2.547026340328155392e-03
2.945528830999999959e-01,2.546994288562240850e-03
2.945740734000000249e-01,2.546980552274713712e-03
2.946093872000000169e-01,2.546957658833381814e-03
2.946164493999999801e-01,2.546953080143776835e-03
2.946729411999999826e-01,2.546916451464487086e-03
2.946941229000000217e-01,2.546902715937284477e-03
2.947153029999999840e-01,2.546888980557055013e-03
2.947223627000000179e-01,2.546884402114192331e-03
2.947717758999999771e-01,2.546852353478201627e-03
2.947858924000000269e-01,2.546843196844796129e-03
2.948070660000000065e-01,2.546829462018794336e-03
2.948423518000000132e-01,2.546806570933046483e-03
2.948635212999999866e-01,2.546792836455839901e-03
2.948846891999999942e-01,2.546779102101629118e-03
2.948917448999999746e-01,2.546774524005669497e-03
2.949481840000000021e-01,2.546737899811961359e-03
2.949552381000000167e-01,2.546733321829284819e-03
2.950116649999999785e-01,2.546696698676021321e-03
2.950328224000000055e-01,2.546682965233103713e-03
2.950610297999999854e-01,2.546664654195889433e-03
2.951174364999999966e-01,2.546628032762962048e-03
2.951385861999999971e-01,2.546614299982267755e-03
2.951456357999999724e-01,2.546609722410025489e-03
2.951667834999999740e-01,2.546595989750911459e-03
2.951808812000000226e-01,2.546586834758279416e-03
2.952513593000000158e-01,2.546541060585273599e-03
2.952936380000000249e-01,2.546513596739821000e-03
2.953429556000000122e-01,2.546481556283400165e-03
2.953922649999999872e-01,2.546449516506295741e-03
2.953993085000000129e-01,2.546444939464386631e-03
2.954063518999999749e-01,2.546440362427795749e-03
2.954626926999999736e-01,2.546403746665680274e-03
2.954767762000000131e-01,2.546394592850844373e-03
2.954838176999999844e-01,2.546390015977321401e-03
2.955612631999999795e-01,2.546339671284925978e-03
2.955894202000000082e-01,2.546321364531062281e-03
2.955964589999999781e-01,2.546316787877985367e-03
2.956246126000000030e-01,2.546298481426173890e-03
2.956316506000000177e-01,2.546293904870061946e-03
2.956527635000000265e-01,2.546280175226250768e-03
2.956738749999999749e-01,2.546266445697638239e-03
2.957090573999999750e-01,2.546243563460856216e-03
2.957372003000000027e-01,2.546225257936438318e-03
2.957864438999999734e-01,2.546193223840632642e-03
2.957934779999999986e-01,2.546188647600579509e-03
2.958005120000000154e-01,2.546184071389272913e-03
2.958216128999999750e-01,2.546170342772030321e-03
2.958567777000000176e-01,2.546147462060276666e-03
2.958778745999999793e-01,2.546133733788396702e-03
2.959060014000000072e-01,2.546115429654282041e-03
2.959270948000000123e-01,2.546101701706531256e-03
2.959692769999999751e-01,2.546074246172084620e-03
2.959903658999999965e-01,2.546060518600540713e-03
2.960255105999999858e-01,2.546037639610936824e-03
2.960395673999999810e-01,2.546028488133116052e-03
2.960465955000000093e-01,2.546023912423393473e-03
2.960676789000000197e-01,2.546010185327099613e-03
2.961028144000000251e-01,2.545987307124293868e-03
2.961309199000000114e-01,2.545969004813711419e-03
2.961379458999999770e-01,2.545964429300708216e-03
2.962152203000000261e-01,2.545914099309168344e-03
2.962433151000000153e-01,2.545895797958209767e-03
2.962643844999999776e-01,2.545882072058491732e-03
2.962924746000000220e-01,2.545863771069197413e-03
2.962994966999999980e-01,2.545859195880445253e-03
2.963275835999999996e-01,2.545840895186087752e-03
2.963626883000000101e-01,2.545818019681997391e-03
2.964679776999999961e-01,2.545749395246068008e-03
2.964890311000000223e-01,2.545735670724808084e-03
2.964960484999999979e-01,2.545731095937555939e-03
2.965311333999999799e-01,2.545708222128758354e-03
2.965732296999999962e-01,2.545680774064808163e-03
2.966083053999999941e-01,2.545657901039090343e-03
2.966363629000000057e-01,2.545639602884021500e-03
2.966433768999999776e-01,2.545635028389381643e-03
2.966644178000000243e-01,2.545621304955524890e-03
2.966854573000000106e-01,2.545607581672627677e-03
2.967205197000000183e-01,2.545584709808002347e-03
2.967415552000000067e-01,2.545570986891221126e-03
2.968046525999999963e-01,2.545529818857512113e-03
2.968116626000000258e-01,2.545525244682964299e-03
2.968607280000000181e-01,2.545493226011972393e-03
2.968677366999999956e-01,2.545488651972680101e-03
2.969378142999999914e-01,2.545442912360089145e-03
2.969728468999999760e-01,2.545420043063110430e-03
2.969798530000000159e-01,2.545415469291247880e-03
2.970218856999999879e-01,2.545388026713493821e-03
2.970358953000000191e-01,2.545378879297468221e-03
2.970569083999999860e-01,2.545365158308736300e-03
2.971129361000000024e-01,2.545328569607933650e-03
2.971409460000000169e-01,2.545310275603978722e-03
2.971479481000000034e-01,2.545305702135187108e-03
2.971619516999999822e-01,2.545296555268282152e-03
2.971689532999999828e-01,2.545291981867871169e-03
2.972039586999999927e-01,2.545269114939330800e-03
2.972529593000000081e-01,2.545237101916967594e-03
2.972739570999999859e-01,2.545223382240261248e-03
2.973719270999999886e-01,2.545159358899881565e-03
2.973929164999999930e-01,2.545145639984724897e-03
2.974139043999999843e-01,2.545131921174914949e-03
2.974208999999999881e-01,2.545127348279190970e-03
2.974278954999999836e-01,2.545122775372856555e-03
2.974768591999999989e-01,2.545090765578568708e-03
2.974978412000000016e-01,2.545077047285600538e-03
2.975048349000000147e-01,2.545072474570950899e-03
2.975607782999999951e-01,2.545035893226749255e-03
2.975887460000000151e-01,2.545017602942909688e-03
2.976097200999999748e-01,2.545003885332539594e-03
2.976446736000000204e-01,2.544981022979945183e-03
2.976516638000000214e-01,2.544976450558255644e-03
2.977564972999999782e-01,2.544907865866087061e-03
2.978054070000000220e-01,2.544875860807391341e-03
2.978123933999999862e-01,2.544871288684729099e-03
2.978193796999999976e-01,2.544866716630376363e-03
2.978333517999999791e-01,2.544857572484258545e-03
2.978403376000000047e-01,2.544853000471909536e-03
2.978612938999999904e-01,2.544839284423776327e-03
2.978962178999999821e-01,2.544816424660089303e-03
2.979451047000000186e-01,2.544784421611020857e-03
2.980079473000000201e-01,2.544743275848752612e-03
2.980428540999999765e-01,2.544720417568683071e-03
2.980568156999999774e-01,2.544711274379472116e-03
2.980637962000000085e-01,2.544706702812015060e-03
2.980847368999999802e-01,2.544692988151119398e-03
2.981475499999999834e-01,2.544651844982217213e-03
2.981684848000000221e-01,2.544638130850763492e-03
2.981754627000000046e-01,2.544633559496806228e-03
2.982103499000000046e-01,2.544610702962525096e-03
2.982591850999999905e-01,2.544578704417255460e-03
2.982801120999999944e-01,2.544564990994536459e-03
2.983219616000000185e-01,2.544537564499335658e-03
2.983428840999999831e-01,2.544523851450544542e-03
2.983707784999999890e-01,2.544505567575072302e-03
2.983986703000000018e-01,2.544487283960927479e-03
2.984265595999999743e-01,2.544469000520884708e-03
2.984335315000000155e-01,2.544464429717604136e-03
2.984893008000000236e-01,2.544427863711094112e-03
2.985032415000000161e-01,2.544418722355411711e-03
2.985311209000000021e-01,2.544400439821780172e-03
2.985450595999999956e-01,2.544391298596454000e-03
2.985938401000000075e-01,2.544359304912973720e-03
2.986217111000000202e-01,2.544341023099361276e-03
2.986495794999999842e-01,2.544322741535677383e-03
2.986774453000000107e-01,2.544304460217351477e-03
2.987331690000000206e-01,2.544267898228377758e-03
2.987610270000000123e-01,2.544249617580833425e-03
2.988097721999999901e-01,2.544217626994197540e-03
2.988236980000000265e-01,2.544208486964468375e-03
2.988376231000000049e-01,2.544199346996566056e-03
2.988724329999999929e-01,2.544176497301127785e-03
2.988793945000000063e-01,2.544171927425654088e-03
2.989281203999999970e-01,2.544139938550492915e-03
2.989350806000000138e-01,2.544135368761667355e-03
2.989837973999999732e-01,2.544103380711340307e-03
2.990116320999999799e-01,2.544085102126577343e-03
2.990672934999999977e-01,2.544048545649778108e-03
2.991229447000000041e-01,2.544011990116161470e-03
2.991577214000000207e-01,2.543989143364057143e-03
2.991785853999999745e-01,2.543975435506741316e-03
2.991994480999999872e-01,2.543961727782781922e-03
2.992342158999999890e-01,2.543938881803427948e-03
2.992550746000000039e-01,2.543925174414726851e-03
2.992620272000000026e-01,2.543920605305859551e-03
2.992828840000000268e-01,2.543906898070616429e-03
2.993176421000000031e-01,2.543884052972724893e-03
2.993245932999999970e-01,2.543879484006745899e-03
2.993454456999999902e-01,2.543865777176318281e-03
2.993662966999999786e-01,2.543852070470284648e-03
2.993732466999999842e-01,2.543847501568591903e-03
2.993801964999999732e-01,2.543842932741354791e-03
2.994010450999999851e-01,2.543829226239945236e-03
2.994218921999999838e-01,2.543815519873803346e-03
2.994913720999999862e-01,2.543769832925091290e-03
2.995052662000000088e-01,2.543760695695676793e-03
2.995122130000000271e-01,2.543756127102361937e-03
2.995469445000000230e-01,2.543733284409298474e-03
2.995886170000000015e-01,2.543705873602693929e-03
2.995955618000000209e-01,2.543701305178078763e-03
2.996163954000000129e-01,2.543687600060096868e-03
2.996511148000000069e-01,2.543664758415241367e-03
2.996580582000000215e-01,2.543660190117556352e-03
2.997344250000000265e-01,2.543609939928556055e-03
2.998177120000000140e-01,2.543555123545373445e-03
2.998454691999999921e-01,2.543536851855307968e-03
2.998662854999999960e-01,2.543523148248663136e-03
2.998732238999999855e-01,2.543518580432557741e-03
2.998801621000000139e-01,2.543514012587974257e-03
2.999009758999999775e-01,2.543500309218783579e-03
2.999287253999999847e-01,2.543482038200588647e-03
2.999356624000000249e-01,2.543477470525132029e-03
2.999842166999999726e-01,2.543445496940768998e-03
3.000327631999999967e-01,2.543413524066688493e-03
3.000466321999999963e-01,2.543404389099133966e-03
3.000605004999999936e-01,2.543395254196614223e-03
3.000882351999999975e-01,2.543376984519631154e-03
3.001229000999999785e-01,2.543354147770904294e-03
3.001506291000000104e-01,2.543335878618275224e-03
3.001575609000000089e-01,2.543331311369819922e-03
3.001714240999999728e-01,2.543322176904627002e-03
3.002130098999999941e-01,2.543294773898736958e-03
3.002338005999999893e-01,2.543281072563513892e-03
3.002545898999999796e-01,2.543267371360798980e-03
3.002823067000000012e-01,2.543249103312204742e-03
3.003169491000000080e-01,2.543226268609151408e-03
3.003238771000000251e-01,2.543221701695465645e-03
3.003446602000000021e-01,2.543208001061877943e-03
3.003792954000000237e-01,2.543185166944496312e-03
3.004000746000000110e-01,2.543171466680775941e-03
3.004277779999999787e-01,2.543153199811195621e-03
3.004347035000000110e-01,2.543148633158137314e-03
3.004831772000000067e-01,2.543116666829804695e-03
3.005108729000000034e-01,2.543098400691871323e-03
3.005316430000000150e-01,2.543084701189779126e-03
3.005454889999999990e-01,2.543075568303783483e-03
3.005662566999999785e-01,2.543061869059257390e-03
3.005939448000000125e-01,2.543043603580083089e-03
3.006147090999999882e-01,2.543029904654300292e-03
3.006562335999999891e-01,2.543002507138382006e-03
3.007115906000000227e-01,2.542965977924952718e-03
3.007600195999999837e-01,2.542934015607006305e-03
3.008153575999999996e-01,2.542897488149140160e-03
3.008361066999999944e-01,2.542883790577299494e-03
3.008706852999999959e-01,2.542860961600462537e-03
3.008776006000000169e-01,2.542856395826825766e-03
3.008983453999999891e-01,2.542842698661490226e-03
3.009190887000000036e-01,2.542829001588407713e-03
3.009467443000000131e-01,2.542810739066859310e-03
3.010089602000000086e-01,2.542769649179267479e-03
3.010296959000000050e-01,2.542755952818437273e-03
3.010435188999999734e-01,2.542746822016130320e-03
3.010573413000000031e-01,2.542737691211239496e-03
3.010918946000000207e-01,2.542714864515465464e-03
3.011195342999999913e-01,2.542696603404686999e-03
3.011540804000000238e-01,2.542673777364122360e-03
3.011678977000000201e-01,2.542664647037443191e-03
3.011955304999999750e-01,2.542646386590192552e-03
3.012300679000000092e-01,2.542623561332399331e-03
3.012576948999999837e-01,2.542605301390128865e-03
3.013129413999999784e-01,2.542568782178119841e-03
3.013198464999999882e-01,2.542564217345407492e-03
3.013405608999999985e-01,2.542550522914876522e-03
3.013681778000000255e-01,2.542532263881304520e-03
3.014165012999999727e-01,2.542500311111281323e-03
3.014303065999999753e-01,2.542491181923054334e-03
3.014786201999999915e-01,2.542459230037070507e-03
3.015062244999999752e-01,2.542440972174135876e-03
3.015614254000000272e-01,2.542404457092791847e-03
3.016097180000000266e-01,2.542372507163351454e-03
3.016442079000000165e-01,2.542349686216789726e-03
3.016511055000000163e-01,2.542345122065596021e-03
3.017062798999999851e-01,2.542308609390105285e-03
3.017545493000000079e-01,2.542276661564171931e-03
3.018303855000000202e-01,2.542226459297638845e-03
3.018372787999999973e-01,2.542221895534040477e-03
3.018717427000000009e-01,2.542199076959940351e-03
3.018924191999999840e-01,2.542185385942409732e-03
3.019130943000000178e-01,2.542171695126315637e-03
3.019199857000000042e-01,2.542167131526380189e-03
3.019268768999999741e-01,2.542162567962489694e-03
3.019406587999999836e-01,2.542153440874082154e-03
3.019751110000000183e-01,2.542130623354400300e-03
3.019820008999999916e-01,2.542126059883475803e-03
3.020233373999999804e-01,2.542098679442923378e-03
3.020371149000000144e-01,2.542089552738848162e-03
3.020577801000000062e-01,2.542075862794082684e-03
3.020784437999999850e-01,2.542062172991861168e-03
3.020853313999999901e-01,2.542057609761705014e-03
3.021128802999999974e-01,2.542039356932048431e-03
3.021404266000000116e-01,2.542021104300512448e-03
3.021610847000000266e-01,2.542007415020169480e-03
3.021679703999999855e-01,2.542002851950964006e-03
3.022023965999999784e-01,2.541980036807097408e-03
3.022505866999999902e-01,2.541948096220855106e-03
3.022987691999999837e-01,2.541916156329128429e-03
3.023056518000000192e-01,2.541911593563938015e-03
3.023538253999999981e-01,2.541879654490350731e-03
3.023607067999999898e-01,2.541875091783178144e-03
3.023675879000000122e-01,2.541870529146350328e-03
3.024157517000000128e-01,2.541838590966930597e-03
3.024707866999999939e-01,2.541802091054998734e-03
3.024776652999999760e-01,2.541797528644482509e-03
3.025189340000000171e-01,2.541770154400165450e-03
3.025533202999999838e-01,2.541747342912898180e-03
3.025808265000000108e-01,2.541729093987514336e-03
3.026014545999999861e-01,2.541715407461749617e-03
3.026358315000000077e-01,2.541692596828084259e-03
3.026633302000000247e-01,2.541674348598008375e-03
3.026977001000000222e-01,2.541651538611156350e-03
3.027183200999999935e-01,2.541637852788451637e-03
3.027389388000000237e-01,2.541624167109115314e-03
3.027458113000000006e-01,2.541619605266009791e-03
3.027939150000000246e-01,2.541587672621923536e-03
3.028282700000000105e-01,2.541564863985136969e-03
3.028832300000000033e-01,2.541528370981588694e-03
3.029038373999999867e-01,2.541514686335196067e-03
3.029107061999999906e-01,2.541510124819826213e-03
3.029175748999999862e-01,2.541505563306494658e-03
3.029313117999999916e-01,2.541496440318812087e-03
3.029725187000000264e-01,2.541469071750658559e-03
3.029931200000000047e-01,2.541455387665074277e-03
3.030411843999999966e-01,2.541423458620111191e-03
3.030480501000000215e-01,2.541418897407062873e-03
3.030755113999999972e-01,2.541400652637359602e-03
3.031372902999999730e-01,2.541359602655685751e-03
3.031510171999999836e-01,2.541350480614748032e-03
3.031921941999999870e-01,2.541323114820624209e-03
3.032127806000000092e-01,2.541309432121385825e-03
3.032333656999999794e-01,2.541295749519210424e-03
3.032608102000000083e-01,2.541277506281124435e-03
3.032951123000000027e-01,2.541254702545233963e-03
3.033225513000000206e-01,2.541236459807078799e-03
3.033568464999999992e-01,2.541213656753206571e-03
3.033774216999999829e-01,2.541199975048757942e-03
3.034117107000000035e-01,2.541177172529018782e-03
3.034597086999999971e-01,2.541145249658143413e-03
3.034665650000000214e-01,2.541140689285389508e-03
3.034871328000000035e-01,2.541127008288624357e-03
3.035214093999999974e-01,2.541104206944061038e-03
3.035625361000000022e-01,2.541076845745505498e-03
3.035899509000000163e-01,2.541058605254171120e-03
3.036242158999999941e-01,2.541035804968334259e-03
3.036516250999999889e-01,2.541017565031617430e-03
3.036721802999999831e-01,2.541003885191624439e-03
3.037954827000000080e-01,2.540921808914078754e-03
3.038091799000000037e-01,2.540912689636215960e-03
3.038160282999999851e-01,2.540908130007091606e-03
3.038434201999999917e-01,2.540889891637035641e-03
3.038502677000000096e-01,2.540885332066768285e-03
3.038708096000000136e-01,2.540871653508231139e-03
3.038981964999999952e-01,2.540853415613593055e-03
3.039050428999999776e-01,2.540848856149079214e-03
3.039529630000000204e-01,2.540816940478019242e-03
3.039598081000000063e-01,2.540812381148479029e-03
3.039803425000000003e-01,2.540798703250734484e-03
3.040145635000000013e-01,2.540775907050782465e-03
3.040282508000000106e-01,2.540766788647757634e-03
3.040350942000000223e-01,2.540762229498160722e-03
3.040556235999999912e-01,2.540748552096050092e-03
3.040624664000000088e-01,2.540743992979392542e-03
3.041240446999999847e-01,2.540702961636649368e-03
3.041377270999999771e-01,2.540693843713164122e-03
3.041445680000000040e-01,2.540689284744232154e-03
3.041787704999999731e-01,2.540666490291376093e-03
3.041992902000000276e-01,2.540652813769871381e-03
3.042881926000000070e-01,2.540593550348541323e-03
3.043360524000000011e-01,2.540561640291392163e-03
3.043633975000000214e-01,2.540543406252557344e-03
3.043907401000000013e-01,2.540525172495851879e-03
3.043975754000000089e-01,2.540520614075080820e-03
3.044454180000000232e-01,2.540488705604918712e-03
3.044659196999999762e-01,2.540475030773902028e-03
3.044727532000000014e-01,2.540470472551888646e-03
3.044932531000000275e-01,2.540456797864938578e-03
3.045069188000000260e-01,2.540447681510334208e-03
3.045274163999999728e-01,2.540434007042529155e-03
3.045752386000000200e-01,2.540402100471656367e-03
3.045820697000000132e-01,2.540397542470398690e-03
3.046162231000000276e-01,2.540374752585731338e-03
3.046367132000000200e-01,2.540361078812623189e-03
3.046572020000000158e-01,2.540347405189044300e-03
3.047118321000000241e-01,2.540310942775950674e-03
3.047186600999999828e-01,2.540306385036790199e-03
3.047732792000000246e-01,2.540269923674234702e-03
3.047801058999999868e-01,2.540265366097643404e-03
3.047937587999999809e-01,2.540256250898844086e-03
3.048756635000000048e-01,2.540201561106668251e-03
3.048893120999999762e-01,2.540192446326589980e-03
3.049029601000000089e-01,2.540183331623393787e-03
3.049370774999999867e-01,2.540160545094306572e-03
3.049439005999999841e-01,2.540155987831476010e-03
3.049643686999999881e-01,2.540142316114272353e-03
3.049984793000000138e-01,2.540119530232067858e-03
3.051007880000000116e-01,2.540051174753981452e-03
3.051076073000000277e-01,2.540046617841161276e-03
3.051280645000000180e-01,2.540032947161190418e-03
3.051485203000000035e-01,2.540019276618171208e-03
3.051826102999999901e-01,2.539996492687132939e-03
3.052098795000000031e-01,2.539978265778220640e-03
3.052303297999999776e-01,2.539964595758564900e-03
3.052644105999999802e-01,2.539941812688649870e-03
3.052712262999999759e-01,2.539937256110006824e-03
3.052916724999999998e-01,2.539923586481546407e-03
3.053461889999999901e-01,2.539887134721455133e-03
3.053666301999999888e-01,2.539873465560134064e-03
3.053734436000000163e-01,2.539868909203828792e-03
3.054279455000000199e-01,2.539832458839774449e-03
3.054892485999999852e-01,2.539791453302086416e-03
3.055301103999999990e-01,2.539764116869875233e-03
3.055369202000000062e-01,2.539759560888933329e-03
3.055641578000000136e-01,2.539741336936184122e-03
3.055913929999999890e-01,2.539723113239484870e-03
3.055982013999999913e-01,2.539718557354331795e-03
3.056186256999999795e-01,2.539704889793005602e-03
3.056526632000000077e-01,2.539682110796197007e-03
3.056730838999999755e-01,2.539668443546598455e-03
3.057003092999999727e-01,2.539650220801299187e-03
3.057547529999999902e-01,2.539613775924415458e-03
3.057751669000000061e-01,2.539600109341005364e-03
3.057819712000000023e-01,2.539595553856204349e-03
3.058023832000000275e-01,2.539581887431748702e-03
3.058159905000000234e-01,2.539572776551455007e-03
3.058568086999999824e-01,2.539545444286573066e-03
3.058636111999999962e-01,2.539540888939699915e-03
3.058704134999999935e-01,2.539536333650714052e-03
3.059248269000000020e-01,2.539499891647351622e-03
3.059928299999999934e-01,2.539454340446024253e-03
3.059996294999999811e-01,2.539449785426196350e-03
3.060200269999999723e-01,2.539436120364094943e-03
3.060540198999999739e-01,2.539413345603754295e-03
3.060880089999999942e-01,2.539390571147276485e-03
3.061016034999999857e-01,2.539381461507080658e-03
3.061423836000000120e-01,2.539354132810956854e-03
3.061627715999999944e-01,2.539340468694566404e-03
3.061899536000000088e-01,2.539322250048351923e-03
3.062375160999999957e-01,2.539290367983754182e-03
3.062714847999999934e-01,2.539267595486204617e-03
3.062918641999999858e-01,2.539253932129331183e-03
3.063054498000000181e-01,2.539244823353649545e-03
3.063258268999999867e-01,2.539231160258115239e-03
3.064141122999999856e-01,2.539171954930430526e-03
3.064276924000000069e-01,2.539162846658251510e-03
3.064344822000000246e-01,2.539158292516856784e-03
3.064684290999999949e-01,2.539135522093254570e-03
3.064887954000000136e-01,2.539121860001883162e-03
3.065363115999999999e-01,2.539089982351893423e-03
3.065430989999999856e-01,2.539085428458436652e-03
3.065702471999999790e-01,2.539067213014046392e-03
3.065973929999999958e-01,2.539048997786101484e-03
3.066177507000000246e-01,2.539035336530164663e-03
3.066720314999999975e-01,2.538998907133251104e-03
3.066788159000000125e-01,2.538994353529540858e-03
3.067263026000000004e-01,2.538962478648643800e-03
3.067534345999999856e-01,2.538944264774604161e-03
3.067602172000000182e-01,2.538939711320289169e-03
3.068144727000000072e-01,2.538903284353559268e-03
3.068415969000000132e-01,2.538885071174116353e-03
3.068619383999999783e-01,2.538871411447058551e-03
3.068958379999999764e-01,2.538848645577896929e-03
3.069026174999999745e-01,2.538844092402426592e-03
3.069229549999999973e-01,2.538830433085828651e-03
3.069568477999999878e-01,2.538807667856305978e-03
3.069704039000000217e-01,2.538798561843316759e-03
3.070652797999999795e-01,2.538734821417270530e-03
3.071059319000000176e-01,2.538707504949968847e-03
3.071398046000000104e-01,2.538684741639074191e-03
3.071601264000000109e-01,2.538671083786193852e-03
3.071872199999999831e-01,2.538652873547754714e-03
3.072210837000000083e-01,2.538630111072570032e-03
3.072481719999999861e-01,2.538611901375098772e-03
3.072684866000000015e-01,2.538598244251780676e-03
3.072752578999999873e-01,2.538593691861258834e-03
3.072820290000000121e-01,2.538589139541940886e-03
3.073226524000000071e-01,2.538561825851211578e-03
3.073294225000000046e-01,2.538557273570613958e-03
3.073361923999999856e-01,2.538552721369947626e-03
3.073903461999999975e-01,2.538516304121414026e-03
3.074106514000000123e-01,2.538502647851462353e-03
3.074444905000000006e-01,2.538479887752474132e-03
3.074647922000000033e-01,2.538466231865440549e-03
3.074918589999999785e-01,2.538448024210716771e-03
3.075189233999999772e-01,2.538429816782240400e-03
3.075527505000000272e-01,2.538407057828389549e-03
3.075933382000000105e-01,2.538379747540161612e-03
3.076068663000000036e-01,2.538370644221929571e-03
3.076271572000000010e-01,2.538356989342902166e-03
3.076542097000000142e-01,2.538338783075151824e-03
3.077083076000000084e-01,2.538302371195009718e-03
3.077285918000000065e-01,2.538288716998444647e-03
3.077556354000000050e-01,2.538270511547317983e-03
3.077623959999999936e-01,2.538265960239248845e-03
3.077894366000000215e-01,2.538247755091594272e-03
3.078164748000000173e-01,2.538229550158155930e-03
3.078367518999999830e-01,2.538215896630251732e-03
3.078705441999999848e-01,2.538193141064398230e-03
3.079178470999999750e-01,2.538161283789335497e-03
3.079313607999999980e-01,2.538152181851748186e-03
3.079516304000000093e-01,2.538138529075128005e-03
3.080056760000000060e-01,2.538102122203281328e-03
3.080326952999999923e-01,2.538083919156504820e-03
3.080394497000000231e-01,2.538079368410172103e-03
3.080529582000000044e-01,2.538070266989656421e-03
3.080597122000000021e-01,2.538065716284274020e-03
3.080934799000000224e-01,2.538042963041172318e-03
3.081407486000000140e-01,2.538011109124655232e-03
3.081880100000000122e-01,2.537979255884526778e-03
3.082015120000000108e-01,2.537970155088315957e-03
3.082217637999999926e-01,2.537956503963049310e-03
3.082555137999999917e-01,2.537933752468100445e-03
3.082757620000000087e-01,2.537920101727519570e-03
3.083567416999999922e-01,2.537865500017830352e-03
3.083634889999999906e-01,2.537860949976951993e-03
3.083769833000000182e-01,2.537851849921464193e-03
3.083837301999999836e-01,2.537847299900004329e-03
3.084039700000000273e-01,2.537833649978296201e-03
3.084377000999999896e-01,2.537810900411181531e-03
3.084579363000000130e-01,2.537797250784565046e-03
3.084646815000000042e-01,2.537792700974686802e-03
3.084849159999999979e-01,2.537779051561119079e-03
3.085186372000000010e-01,2.537756302805420014e-03
3.085253809999999874e-01,2.537751753124178455e-03
3.085456114999999833e-01,2.537738104104444569e-03
3.085793260999999954e-01,2.537715355996483877e-03
3.086197788000000219e-01,2.537688058747746001e-03
3.086871881000000095e-01,2.537642564468218804e-03
3.087006681999999724e-01,2.537633465806809867e-03
3.087074080000000165e-01,2.537628916515349831e-03
3.087343658000000213e-01,2.537610719356869684e-03
3.087411049000000074e-01,2.537606170103092178e-03
3.088084877000000228e-01,2.537560678422130008e-03
3.088421735999999918e-01,2.537537933120013849e-03
3.088489104000000096e-01,2.537533384104336681e-03
3.088893276999999937e-01,2.537506090307808243e-03
3.089027990000000057e-01,2.537496992467098717e-03
3.089162697000000235e-01,2.537487894687996594e-03
3.089499438000000153e-01,2.537465150529337292e-03
3.089768804999999952e-01,2.537446955487971788e-03
3.090038147999999985e-01,2.537428760622511149e-03
3.090240140000000135e-01,2.537415114616897033e-03
3.090307467999999780e-01,2.537410565999447323e-03
3.091115286000000184e-01,2.537355983540824558e-03
3.091317208000000094e-01,2.537342338234540359e-03
3.091721010999999852e-01,2.537315048025277821e-03
3.091922892999999783e-01,2.537301403117543305e-03
3.092259333999999860e-01,2.537278661893988853e-03
3.092663015000000071e-01,2.537251372868414446e-03
3.092730289999999771e-01,2.537246824760343300e-03
3.092797562999999861e-01,2.537242276643471035e-03
3.093268437000000204e-01,2.537210440339942707e-03
3.093335698999999939e-01,2.537205892330745595e-03
3.093470218000000105e-01,2.537196796376648897e-03
3.093537474999999981e-01,2.537192248453608561e-03
3.094613394999999878e-01,2.537119483248099529e-03
3.094882317000000049e-01,2.537101292524119450e-03
3.094949543000000136e-01,2.537096744863134683e-03
3.095151214999999900e-01,2.537083102004933019e-03
3.095487304999999800e-01,2.537060364218461650e-03
3.095688940999999916e-01,2.537046721727453675e-03
3.096428162000000039e-01,2.536996700275325704e-03
3.096495355000000171e-01,2.536992152936482555e-03
3.096562547000000221e-01,2.536987605654826301e-03
3.097032847999999783e-01,2.536955774906356122e-03
3.097100027999999949e-01,2.536951227731159848e-03
3.097301559000000259e-01,2.536937586263552855e-03
3.097570248000000026e-01,2.536919397829982825e-03
3.097771747999999992e-01,2.536905756622303328e-03
3.098846197999999830e-01,2.536833005845804800e-03
3.099114752000000084e-01,2.536814818704732129e-03
3.099181886999999858e-01,2.536810271951191621e-03
3.099786036000000133e-01,2.536769351881426691e-03
3.100322958000000240e-01,2.536732979426241374e-03
3.100524279999999910e-01,2.536719340023196011e-03
3.100725588000000088e-01,2.536705700750672542e-03
3.100792687999999742e-01,2.536701154324961811e-03
3.100993980000000261e-01,2.536687515202443351e-03
3.101329435999999884e-01,2.536664783608748742e-03
3.101597775000000112e-01,2.536646598570505267e-03
3.101799014000000132e-01,2.536632959982889658e-03
3.102134383999999856e-01,2.536610229251624101e-03
3.102402652999999844e-01,2.536592044941041613e-03
3.102469716999999849e-01,2.536587498882059231e-03
3.102939122999999744e-01,2.536555676941108436e-03
3.103140274999999781e-01,2.536542039193024831e-03
3.103207323000000128e-01,2.536537493303661975e-03
3.104011783000000246e-01,2.536482943748675188e-03
3.104614991999999907e-01,2.536442032946170395e-03
3.104816034999999808e-01,2.536428396238694493e-03
3.105017065999999826e-01,2.536414759713639944e-03
3.105352088000000177e-01,2.536392032361733679e-03
3.105553082999999992e-01,2.536378396191928380e-03
3.106155992999999893e-01,2.536337488312863722e-03
3.106222974999999775e-01,2.536332943040975254e-03
3.106423915000000036e-01,2.536319307410097364e-03
3.106758785000000023e-01,2.536296581583874759e-03
3.106959690000000163e-01,2.536282946266682145e-03
3.107160581000000255e-01,2.536269311106514966e-03
3.107227542000000065e-01,2.536264766094340189e-03
3.107294501999999792e-01,2.536260221040323448e-03
3.107428416999999943e-01,2.536251131084557922e-03
3.107763178999999876e-01,2.536228406338125220e-03
3.108834174999999811e-01,2.536155689578455108e-03
3.109101866000000269e-01,2.536137510955129709e-03
3.109436447000000214e-01,2.536114788012875775e-03
3.109570269999999970e-01,2.536105698917342707e-03
3.109971703000000143e-01,2.536078432047617504e-03
3.110172399999999726e-01,2.536064798764321813e-03
3.110373084999999982e-01,2.536051165665961522e-03
3.110640644000000066e-01,2.536032988348522078e-03
3.110975060000000236e-01,2.536010267015257127e-03
3.111041938999999923e-01,2.536005722810298624e-03
3.111576918000000247e-01,2.535969369565186076e-03
3.111777512000000190e-01,2.535955737340753885e-03
3.111978092000000085e-01,2.535942105227379124e-03
3.112044950000000254e-01,2.535937561247082056e-03
3.112780285999999785e-01,2.535887578147237673e-03
3.112847126000000131e-01,2.535883034300938452e-03
3.113181305000000121e-01,2.535860315342806145e-03
3.113381794999999785e-01,2.535846684118500151e-03
3.113649096000000172e-01,2.535828509387323942e-03
3.113849556000000129e-01,2.535814878508628207e-03
3.114784865999999930e-01,2.535751269320110635e-03
3.115252414999999941e-01,2.535719465791428512e-03
3.115719894999999795e-01,2.535687662930185150e-03
3.115786671999999924e-01,2.535683119763513290e-03
3.115853447999999970e-01,2.535678576555391948e-03
3.116053765999999836e-01,2.535664947046647674e-03
3.116254070999999737e-01,2.535651317684859199e-03
3.116320837000000066e-01,2.535646774622707465e-03
3.116587885000000058e-01,2.535628602407742453e-03
3.116921663000000176e-01,2.535605887412560339e-03
3.117055163999999934e-01,2.535596801549618549e-03
3.117388891999999800e-01,2.535574087082474552e-03
3.117455632999999726e-01,2.535569544228838748e-03
3.117655849000000035e-01,2.535555915800301579e-03
3.117856050999999740e-01,2.535542287451536536e-03
3.117989512000000074e-01,2.535533201968345664e-03
3.118189693000000262e-01,2.535519573843847841e-03
3.118456580999999783e-01,2.535501403206238697e-03
3.118723447000000260e-01,2.535483232839132791e-03
3.118990288999999860e-01,2.535465062658580349e-03
3.119056995999999748e-01,2.535460520129439316e-03
3.120057430000000021e-01,2.535392384276227620e-03
3.120257477999999751e-01,2.535378757468761783e-03
3.120524190000000253e-01,2.535360588616882190e-03
3.120657537000000037e-01,2.535351504264638216e-03
3.121124205999999957e-01,2.535319709531235269e-03
3.121190868000000007e-01,2.535315167481495911e-03
3.121390842999999804e-01,2.535301541427799083e-03
3.121657458000000052e-01,2.535283373525446405e-03
3.121724108000000220e-01,2.535278831617744470e-03
3.122190617999999751e-01,2.535247038446978695e-03
3.122257257000000119e-01,2.535242496624552297e-03
3.122390529999999886e-01,2.535233413041465197e-03
3.122657059000000235e-01,2.535215245988502088e-03
3.122790315000000261e-01,2.535206162584393783e-03
3.123190048000000218e-01,2.535178912607862454e-03
3.123456508999999937e-01,2.535160746266204058e-03
3.123523120999999736e-01,2.535156204720840755e-03
3.124255754999999968e-01,2.535106248578053618e-03
3.124388942999999919e-01,2.535097165873865469e-03
3.124588714000000045e-01,2.535083541847294071e-03
3.124855054999999826e-01,2.535065376703756704e-03
3.125387669999999951e-01,2.535029047112713312e-03
3.125454240000000161e-01,2.535024505954043723e-03
3.125587376999999778e-01,2.535015423700339408e-03
3.125653943000000212e-01,2.535010882624568786e-03
3.125920193999999763e-01,2.534992718390242927e-03
3.126519174999999873e-01,2.534951849697741986e-03
3.126984970000000197e-01,2.534920063748516417e-03
3.127450694999999725e-01,2.534888278486307697e-03
3.127716792999999940e-01,2.534870115761903801e-03
3.127783313999999981e-01,2.534865575160842426e-03
3.128780957000000251e-01,2.534797467294487485e-03
3.128847455000000055e-01,2.534792926866806951e-03
3.129046940999999915e-01,2.534779305712834847e-03
3.129179925000000195e-01,2.534770225037461747e-03
3.129379389999999983e-01,2.534756604089036594e-03
3.129645323999999951e-01,2.534738443053411155e-03
3.130177123999999811e-01,2.534702121667646666e-03
3.130243591999999908e-01,2.534697581542694460e-03
3.130442989000000176e-01,2.534683961284074725e-03
3.130708832999999913e-01,2.534665801204134036e-03
3.130775290000000211e-01,2.534661261174311463e-03
3.130974652999999885e-01,2.534647641255876205e-03
3.131240451999999785e-01,2.534629481594218112e-03
3.131771979999999900e-01,2.534593162935114968e-03
3.131838415000000042e-01,2.534588623176185079e-03
3.132369842000000126e-01,2.534552305570622870e-03
3.132569103999999771e-01,2.534538686658819890e-03
3.132834767000000076e-01,2.534520528368474582e-03
3.133033999000000014e-01,2.534506909809389891e-03
3.133100407000000143e-01,2.534502370307188234e-03
3.133366025000000055e-01,2.534484212423040572e-03
3.133963583000000108e-01,2.534443358119719582e-03
3.134162743000000195e-01,2.534429740269641095e-03
3.134428270999999877e-01,2.534411583317811457e-03
3.134892890000000043e-01,2.534379809224987165e-03
3.135025625999999788e-01,2.534370731052441005e-03
3.135158356000000146e-01,2.534361652933654358e-03
3.135423800000000094e-01,2.534343496843987926e-03
3.135556513000000156e-01,2.534334418910478420e-03
3.135755572000000213e-01,2.534320802056132943e-03
3.136020964999999827e-01,2.534302646533917111e-03
3.136087309999999739e-01,2.534298107673501992e-03
3.136618017000000203e-01,2.534261797339759214e-03
3.136817009000000267e-01,2.534248181187671867e-03
3.137281275000000091e-01,2.534216410688177636e-03
3.137546538000000051e-01,2.534198256444565762e-03
3.137612851000000092e-01,2.534193717878510665e-03
3.138143299999999747e-01,2.534157410191643662e-03
3.138209599999999821e-01,2.534152871764999617e-03
3.138342195000000112e-01,2.534143795032026743e-03
3.138408490999999856e-01,2.534139256664580571e-03
3.138938804999999999e-01,2.534102950321710530e-03
3.139137650000000113e-01,2.534089335687770769e-03
3.139734109000000273e-01,2.534048492494482378e-03
3.140197943999999963e-01,2.534016726407293738e-03
3.140264199999999728e-01,2.534012188435661589e-03
3.140330454999999965e-01,2.534007650510160942e-03
3.140529212000000014e-01,2.533994036765113440e-03
3.141522807000000084e-01,2.533925969975680745e-03
3.141589034999999752e-01,2.533921432293089523e-03
3.141787711999999844e-01,2.533907819344012515e-03
3.141920156999999936e-01,2.533898744122862860e-03
3.142118812999999955e-01,2.533885131403320560e-03
3.142383668000000019e-01,2.533866981319759463e-03
3.142582294999999859e-01,2.533853368892043188e-03
3.142648500999999928e-01,2.533848831462357301e-03
3.143178100999999836e-01,2.533812532413997308e-03
3.143906154000000175e-01,2.533762622707407073e-03
3.143972332000000147e-01,2.533758085532689976e-03
3.144501707999999840e-01,2.533721788752951471e-03
3.144567873999999930e-01,2.533717251720988238e-03
3.144700201000000250e-01,2.533708177682840630e-03
3.144766363000000009e-01,2.533703640706867766e-03
3.145097150000000230e-01,2.533680955970089941e-03
3.145295605000000272e-01,2.533667345288502949e-03
3.145626335999999745e-01,2.533644661115342419e-03
3.145758618999999756e-01,2.533635587570833361e-03
3.146353822999999883e-01,2.533594757211222667e-03
3.146684443000000164e-01,2.533572074177100220e-03
3.146816680999999782e-01,2.533563001106254372e-03
3.146882798000000259e-01,2.533558464560033661e-03
3.147147252999999978e-01,2.533540318577080872e-03
3.147411685000000015e-01,2.533522172792209218e-03
3.147676094999999896e-01,2.533504027261318427e-03
3.147742193999999993e-01,2.533499490906086001e-03
3.147874386999999774e-01,2.533490418233461973e-03
3.147940482000000095e-01,2.533485881952977914e-03
3.148138758999999842e-01,2.533472273135032107e-03
3.148270935999999964e-01,2.533463200644050107e-03
3.148667433999999821e-01,2.533435983511471163e-03
3.148733511999999846e-01,2.533431447391689285e-03
3.149262087999999959e-01,2.533395158841553977e-03
3.149328154000000102e-01,2.533390622805169797e-03
3.149526342000000256e-01,2.533377014903963331e-03
3.149724519000000056e-01,2.533363407067063065e-03
3.150385016999999732e-01,2.533318048642753569e-03
3.150847283000000054e-01,2.533286298562098700e-03
3.151045376000000120e-01,2.533272691631503412e-03
3.151441524999999966e-01,2.533245478092596703e-03
3.151639580999999746e-01,2.533231871555780609e-03
3.151837624000000115e-01,2.533218265103077786e-03
3.151903636000000231e-01,2.533213729630156511e-03
3.152497678999999775e-01,2.533172911236752922e-03
3.152695669000000200e-01,2.533159305338113405e-03
3.152893646000000105e-01,2.533145699601282823e-03
3.153025623999999860e-01,2.533136629144964059e-03
3.153223580000000248e-01,2.533123023626538198e-03
3.154081248000000226e-01,2.533064067709737358e-03
3.154279138000000149e-01,2.533050462847705273e-03
3.154477015000000106e-01,2.533036858161533383e-03
3.154542972000000112e-01,2.533032323263324694e-03
3.154806783999999920e-01,2.533014183874662990e-03
3.155268401999999917e-01,2.532982440466289772e-03
3.155598088000000079e-01,2.532959767085193100e-03
3.155664020999999764e-01,2.532955232428427995e-03
3.156191435999999850e-01,2.532918955846621360e-03
3.156389193999999954e-01,2.532905352345424330e-03
3.156586939000000092e-01,2.532891748969169025e-03
3.156652851000000259e-01,2.532887214545374681e-03
3.157180101000000016e-01,2.532850939623720096e-03
3.157377796999999986e-01,2.532837336773387845e-03
3.157443692999999940e-01,2.532832802544410320e-03
3.157773151000000111e-01,2.532810131437978479e-03
3.157970809999999795e-01,2.532796528987565476e-03
3.158431965999999869e-01,2.532764790402899664e-03
3.158695452999999986e-01,2.532746654348569468e-03
3.158761320999999844e-01,2.532742120393921114e-03
3.159024780999999948e-01,2.532723984628751108e-03
3.159288218999999898e-01,2.532705849134368834e-03
3.159815028999999886e-01,2.532669578765798287e-03
3.160341750999999810e-01,2.532633309342450373e-03
3.160539249000000050e-01,2.532619708547493090e-03
3.160605079000000095e-01,2.532615174976155306e-03
3.160802560000000039e-01,2.532601574341902372e-03
3.160934208000000245e-01,2.532592507333325266e-03
3.161592362999999795e-01,2.532547173098224566e-03
3.161658171000000239e-01,2.532542639739928606e-03
3.161921389999999832e-01,2.532524506501367730e-03
3.161987191000000252e-01,2.532519973253757970e-03
3.162184585999999742e-01,2.532506373521708262e-03
3.162513551000000200e-01,2.532483707575469440e-03
3.162710912999999735e-01,2.532470108138872196e-03
3.162908262999999942e-01,2.532456508894366954e-03
3.162974043999999818e-01,2.532451975829028059e-03
3.163500240000000074e-01,2.532415711855039425e-03
3.163566007999999985e-01,2.532411178919547184e-03
3.164289370000000212e-01,2.532361317628086493e-03
3.164552368999999921e-01,2.532343186636667326e-03
3.165144038000000104e-01,2.532302392832379637e-03
3.165341235999999947e-01,2.532288795141369141e-03
3.165669872999999912e-01,2.532266132582410359e-03
3.165867038999999883e-01,2.532252535248328759e-03
3.166129906999999855e-01,2.532234405641613142e-03
3.166392753000000226e-01,2.532216276251513312e-03
3.166655577999999971e-01,2.532198147149997743e-03
3.166721281000000054e-01,2.532193614875176239e-03
3.166852681999999808e-01,2.532184550424851355e-03
3.167246853999999834e-01,2.532157357408697847e-03
3.167443922000000023e-01,2.532143761082026982e-03
3.167706659000000258e-01,2.532125632852632365e-03
3.167903698000000268e-01,2.532112036842310877e-03
3.168232068999999873e-01,2.532089377052981240e-03
3.168494740999999726e-01,2.532071249512280083e-03
3.168691731000000122e-01,2.532057654002405934e-03
3.169020020000000160e-01,2.532034995098213313e-03
3.169282627000000185e-01,2.532016868245388561e-03
3.169348275000000159e-01,2.532012336573592065e-03
3.169873413000000029e-01,2.531976083643078593e-03
3.170004683000000045e-01,2.531967020510735022e-03
3.170398462999999833e-01,2.531939831575164609e-03
3.170595334999999904e-01,2.531926237318526691e-03
3.170857811000000193e-01,2.531908111806024323e-03
3.171382697999999833e-01,2.531871861522462953e-03
3.171448303000000135e-01,2.531867330278783634e-03
3.172169866999999810e-01,2.531817487738057416e-03
3.172956840000000223e-01,2.531763116018925178e-03
3.173022412000000014e-01,2.531758585140511403e-03
3.173219120999999920e-01,2.531744992533600715e-03
3.173415816999999861e-01,2.531731400112567382e-03
3.173481380000000018e-01,2.531726869297435453e-03
3.173546942000000093e-01,2.531722338524745701e-03
3.173940282000000113e-01,2.531695154214848829e-03
3.174071384000000107e-01,2.531686092888799523e-03
3.174202481000000242e-01,2.531677031601202530e-03
3.174530200999999829e-01,2.531654378684793528e-03
3.174595740000000221e-01,2.531649848123668483e-03
3.174792350999999790e-01,2.531636256612845859e-03
3.174988951000000115e-01,2.531622665181396375e-03
3.175120009999999882e-01,2.531613604323923201e-03
3.175251063999999790e-01,2.531604543488108049e-03
3.175316588000000051e-01,2.531600013089597718e-03
3.175513154999999865e-01,2.531586422023187830e-03
3.175840738999999857e-01,2.531563770520564582e-03
3.176364803000000236e-01,2.531527528850719723e-03
3.176692299000000164e-01,2.531504878266017597e-03
3.177347189999999988e-01,2.531459578168453444e-03
3.177609108000000182e-01,2.531441458530213091e-03
3.178132880999999799e-01,2.531405219894965111e-03
3.178263809999999912e-01,2.531396160394515371e-03
3.178722021000000009e-01,2.531364452594463566e-03
3.179441934000000192e-01,2.531314627402741959e-03
3.179507371999999998e-01,2.531310097891380922e-03
3.179703680000000032e-01,2.531296509539054766e-03
3.179834543999999763e-01,2.531287450704908844e-03
3.180292529000000035e-01,2.531255745277816074e-03
3.180554205000000190e-01,2.531237628201528974e-03
3.180815860000000272e-01,2.531219511335512911e-03
3.180881269999999983e-01,2.531214982185709013e-03
3.181077492000000118e-01,2.531201394719876426e-03
3.181404502999999884e-01,2.531178749255884580e-03
3.181796872000000054e-01,2.531151575123771237e-03
3.181862261999999775e-01,2.531147046199290571e-03
3.182319954999999756e-01,2.531115343829085009e-03
3.182385334000000232e-01,2.531110814994559730e-03
3.182581463999999971e-01,2.531097228499686134e-03
3.182646838000000034e-01,2.531092699714199753e-03
3.182908320000000235e-01,2.531074584664459986e-03
3.183169780999999809e-01,2.531056469868818177e-03
3.183365863000000018e-01,2.531042883917944755e-03
3.183627285999999779e-01,2.531024769463499635e-03
3.183954035000000071e-01,2.531002126790004355e-03
3.184019381000000037e-01,2.530997598266935232e-03
3.184542097999999988e-01,2.530961370826193078e-03
3.184672763999999989e-01,2.530952314121827883e-03
3.184738094999999825e-01,2.530947785745565805e-03
3.185521962999999790e-01,2.530893446779335521e-03
3.185587276999999884e-01,2.530888918623009493e-03
3.185783208999999894e-01,2.530875334236246024e-03
3.185979130000000104e-01,2.530861750003553755e-03
3.186109737000000219e-01,2.530852693873058504e-03
3.186501526000000140e-01,2.530825525934380683e-03
3.186566820000000244e-01,2.530820997981297893e-03
3.186762691999999730e-01,2.530807414249593330e-03
3.187154401000000248e-01,2.530780247133654955e-03
3.187350237000000086e-01,2.530766663764070449e-03
3.187611334000000074e-01,2.530748552858131870e-03
3.187676604999999941e-01,2.530744025132385024e-03
3.187872408999999907e-01,2.530730442085828581e-03
3.188133463000000223e-01,2.530712331614090420e-03
3.188655505999999917e-01,2.530676111311071837e-03
3.188851249999999915e-01,2.530662528953866747e-03
3.189242702000000262e-01,2.530635364535319294e-03
3.189438410000000057e-01,2.530621782560542668e-03
3.189895016000000028e-01,2.530590091739030531e-03
3.190221122999999936e-01,2.530567455869399580e-03
3.190481983999999827e-01,2.530549347385077294e-03
3.190808030999999767e-01,2.530526712173785178e-03
3.191003642999999945e-01,2.530513131176870441e-03
3.191264441000000174e-01,2.530495023445039540e-03
3.191720785000000116e-01,2.530463335390040116e-03
3.191785972000000249e-01,2.530458808553345557e-03
3.191851157000000216e-01,2.530454281799858311e-03
3.191981523999999903e-01,2.530445228224288950e-03
3.192242241000000091e-01,2.530427121306624491e-03
3.192893942000000207e-01,2.530381855057356032e-03
3.193024266000000222e-01,2.530372801958280082e-03
3.193350053999999827e-01,2.530350169481033595e-03
3.193415206999999922e-01,2.530345643030156716e-03
3.193610660000000268e-01,2.530332063782452998e-03
3.194131807000000212e-01,2.530295852983914517e-03
3.194327216000000247e-01,2.530282274190653706e-03
3.194652869999999867e-01,2.530259643144512887e-03
3.195108729999999730e-01,2.530227960296593023e-03
3.195173848000000261e-01,2.530223434177811172e-03
3.195499415999999981e-01,2.530200804051478420e-03
3.195955155999999908e-01,2.530169122484686537e-03
3.196150453000000113e-01,2.530155544898445887e-03
3.196541010999999766e-01,2.530128390072150339e-03
3.196736271999999768e-01,2.530114812825489615e-03
3.196996602000000132e-01,2.530096710081478333e-03
3.197061681000000211e-01,2.530092184380208862e-03
3.197256909999999785e-01,2.530078607517251190e-03
3.198102767000000068e-01,2.530019775809771998e-03
3.198232878999999751e-01,2.530010725002660409e-03
3.199013439000000236e-01,2.529956421305385415e-03
3.199078477000000253e-01,2.529951896066744144e-03
3.199598733999999833e-01,2.529915694865620106e-03
3.199663759999999968e-01,2.529911169786415968e-03
3.200053889999999734e-01,2.529884019549961949e-03
3.200573988000000036e-01,2.529847820040851195e-03
3.201158997999999922e-01,2.529807096660545256e-03
3.201743900999999837e-01,2.529766374442428585e-03
3.202198752000000037e-01,2.529734702370953128e-03
3.202263725000000227e-01,2.529730177852984076e-03
3.202393667999999805e-01,2.529721128843686554e-03
3.202718501999999856e-01,2.529698506613456410e-03
3.202783464999999774e-01,2.529693982208930034e-03
3.202978344999999893e-01,2.529680409082048480e-03
3.203303120000000059e-01,2.529657787486073138e-03
3.203433021000000047e-01,2.529648738912540322e-03
3.203757749000000210e-01,2.529626117801272740e-03
3.204017507999999959e-01,2.529608021150579148e-03
3.204342177999999763e-01,2.529585400683661157e-03
3.204536962999999794e-01,2.529571828587783879e-03
3.204731737000000025e-01,2.529558256573708787e-03
3.205056333999999896e-01,2.529535636885384565e-03
3.205510715000000066e-01,2.529503969878877517e-03
3.205835233000000062e-01,2.529481351084113695e-03
3.205900132999999763e-01,2.529476827340917250e-03
3.206094823999999788e-01,2.529463256253848460e-03
3.206289502999999930e-01,2.529449685286848989e-03
3.206354393999999997e-01,2.529445161652933184e-03
3.206613942000000050e-01,2.529427067288441636e-03
3.206808589999999848e-01,2.529413496630366059e-03
3.206873470000000115e-01,2.529408973155165743e-03
3.206938348999999744e-01,2.529404449613541130e-03
3.207976229000000234e-01,2.529332075581489439e-03
3.208170793999999826e-01,2.529318505821071244e-03
3.208365347000000090e-01,2.529304936264283998e-03
3.208430196000000012e-01,2.529300413066402648e-03
3.208624733000000062e-01,2.529286843629162135e-03
3.208689576000000043e-01,2.529282320495939568e-03
3.208948936000000085e-01,2.529264228185639472e-03
3.209013773000000125e-01,2.529259705146546470e-03
3.209208275000000055e-01,2.529246136121849221e-03
3.209532419000000192e-01,2.529223521314437513e-03
3.210569461000000180e-01,2.529151156309947940e-03
3.211023061000000123e-01,2.529119497794603093e-03
3.211087856000000018e-01,2.529114975176465895e-03
3.211282232000000070e-01,2.529101407482448570e-03
3.211476596999999766e-01,2.529087839918822602e-03
3.211541383000000027e-01,2.529083317429996029e-03
3.211606167000000123e-01,2.529078794941933602e-03
3.211735732000000065e-01,2.529069750037468006e-03
3.212059621000000198e-01,2.529047138032828636e-03
3.212318707999999856e-01,2.529029048628375978e-03
3.212642539000000186e-01,2.529006437241733147e-03
3.212772061999999984e-01,2.528997392766520972e-03
3.212836821000000231e-01,2.528992870573051020e-03
3.213095845999999756e-01,2.528974781893612161e-03
3.213678575999999731e-01,2.528934083168944864e-03
3.213808056999999940e-01,2.528925039136397258e-03
3.213872796000000198e-01,2.528920517135098672e-03
3.214196469999999750e-01,2.528897907469686204e-03
3.214584835000000029e-01,2.528870776288131336e-03
3.215167294999999870e-01,2.528830080472663829e-03
3.215232006000000031e-01,2.528825558786674654e-03
3.215426131999999937e-01,2.528811993849640772e-03
3.215620247000000043e-01,2.528798428983964740e-03
3.215943743999999938e-01,2.528775821224462164e-03
3.216267208999999960e-01,2.528753213797982694e-03
3.216720006000000076e-01,2.528721563989839039e-03
3.216784685999999893e-01,2.528717042668494810e-03
3.216914041999999752e-01,2.528708000016186008e-03
3.216978717999999793e-01,2.528703478687751964e-03
3.217172738999999893e-01,2.528689914901023194e-03
3.217302079000000092e-01,2.528680872433772524e-03
3.217496080999999730e-01,2.528667308775301402e-03
3.217948703999999882e-01,2.528635660859320389e-03
3.218271967999999927e-01,2.528613055627148155e-03
3.218724481999999942e-01,2.528581408912705577e-03
3.219047668000000195e-01,2.528558804539960889e-03
3.219306192999999983e-01,2.528540721294934498e-03
3.219758562000000213e-01,2.528509076181775263e-03
3.219887799000000217e-01,2.528500034800814939e-03
3.220017030999999808e-01,2.528490993534807801e-03
3.220081644000000187e-01,2.528486472923956001e-03
3.220404693999999735e-01,2.528463870007657387e-03
3.220598507999999915e-01,2.528450308452979533e-03
3.220856908999999990e-01,2.528432226566953728e-03
3.220921506000000156e-01,2.528427706128101062e-03
3.221438233999999734e-01,2.528391543160947701e-03
3.221631985999999781e-01,2.528377982283761764e-03
3.221954879999999743e-01,2.528355381065097805e-03
3.222148601000000001e-01,2.528341820510502345e-03
3.222406877999999808e-01,2.528323740016997188e-03
3.222923368000000233e-01,2.528287579639599061e-03
3.223117031000000132e-01,2.528274019751302216e-03
3.223181582999999906e-01,2.528269499785701195e-03
3.223375230000000147e-01,2.528255940074371731e-03
3.223697949000000063e-01,2.528233340779938079e-03
3.223956101000000074e-01,2.528215261576170769e-03
3.224149701999999840e-01,2.528201702377890544e-03
3.224536867999999723e-01,2.528174584325883472e-03
3.224730433999999923e-01,2.528161025490180836e-03
3.224988503999999812e-01,2.528142947184058766e-03
3.225053017999999772e-01,2.528138427671597441e-03
3.225440076000000156e-01,2.528111310798588241e-03
3.226020574999999835e-01,2.528070636424698415e-03
3.226085068999999805e-01,2.528066117134447361e-03
3.226214051999999888e-01,2.528057078571888366e-03
3.226278542000000082e-01,2.528052559331649823e-03
3.227245731999999756e-01,2.527984772126940990e-03
3.227568063999999848e-01,2.527962177050998779e-03
3.227632527000000029e-01,2.527957658086397823e-03
3.227825906999999828e-01,2.527944101306927975e-03
3.228019274999999744e-01,2.527930544638989138e-03
3.228341530000000126e-01,2.527907950455356156e-03
3.228599310999999972e-01,2.527889875390409644e-03
3.229114811000000085e-01,2.527853725861418759e-03
3.229565805999999872e-01,2.527822095824380430e-03
3.229630229000000075e-01,2.527817577297359567e-03
3.230145564999999941e-01,2.527781429606379762e-03
3.230338794000000013e-01,2.527767874455883780e-03
3.230725219000000203e-01,2.527740764536516235e-03
3.230918414000000238e-01,2.527727209792976406e-03
3.231111596999999835e-01,2.527713655129496667e-03
3.231240378999999940e-01,2.527704618806842114e-03
3.231369157000000270e-01,2.527695582493630529e-03
3.231626696000000076e-01,2.527677510056811766e-03
3.231691078000000217e-01,2.527672992002625782e-03
3.231948591000000093e-01,2.527654919881493299e-03
3.232206085000000062e-01,2.527636847955010667e-03
3.232270454999999765e-01,2.527632329990799585e-03
3.232399190999999949e-01,2.527623294201652732e-03
3.232785369000000242e-01,2.527596186986249410e-03
3.232978441000000092e-01,2.527582633586458044e-03
3.233171501000000059e-01,2.527569080301928645e-03
3.233235851999999855e-01,2.527564562572183222e-03
3.233686271999999806e-01,2.527532938845163373e-03
3.233750612999999885e-01,2.527528421234017525e-03
3.234007962000000069e-01,2.527510350939074415e-03
3.234329620999999988e-01,2.527487763296714599e-03
3.235294403999999790e-01,2.527420002680980712e-03
3.235358711999999914e-01,2.527415485391537597e-03
3.235744536999999865e-01,2.527388382137124231e-03
3.236258899000000189e-01,2.527352245198621460e-03
3.236323187999999851e-01,2.527347728153065288e-03
3.236580332999999809e-01,2.527329660119606147e-03
3.236837457999999779e-01,2.527311592269339009e-03
3.236901736000000196e-01,2.527307075371648930e-03
3.237094562000000231e-01,2.527293524656366430e-03
3.237415913999999728e-01,2.527270940444716757e-03
3.237608708999999974e-01,2.527257390152626553e-03
3.238444024000000088e-01,2.527198673445754055e-03
3.238572514999999985e-01,2.527189640319134952e-03
3.238636757999999727e-01,2.527185123763661147e-03
3.238893720000000087e-01,2.527167057749708529e-03
3.238957956999999888e-01,2.527162541271051315e-03
3.239343352999999870e-01,2.527135442727917059e-03
3.239600257999999955e-01,2.527117377354633383e-03
3.239921360999999944e-01,2.527094795926739575e-03
3.239985577999999755e-01,2.527090279684943239e-03
3.240178221000000192e-01,2.527076731009545926e-03
3.240627676000000235e-01,2.527045118042336655e-03
3.240691877999999915e-01,2.527040601949223034e-03
3.241526398999999836e-01,2.526981894071898306e-03
3.241718949999999877e-01,2.526968346476507303e-03
3.242039843000000254e-01,2.526945767352502779e-03
3.242232364000000033e-01,2.526932220047455480e-03
3.242681533999999810e-01,2.526900610228708169e-03
3.243066486999999776e-01,2.526873516651098866e-03
3.243515542000000029e-01,2.526841908072576925e-03
3.243579688000000072e-01,2.526837392651770133e-03
3.243772117000000010e-01,2.526823846352358946e-03
3.243964535000000149e-01,2.526810300213853337e-03
3.244092807000000245e-01,2.526801269527284999e-03
3.244541718999999769e-01,2.526769662579699764e-03
3.244798213000000264e-01,2.526751601750230197e-03
3.245118801999999913e-01,2.526729026071538719e-03
3.245311139000000011e-01,2.526715480799996728e-03
3.245567571999999901e-01,2.526697420650719176e-03
3.245759884000000151e-01,2.526683875722473757e-03
3.245823984999999801e-01,2.526679360751675919e-03
3.246080377000000183e-01,2.526661301087492102e-03
3.246336749000000022e-01,2.526643241621513020e-03
3.246657185999999862e-01,2.526620667611212227e-03
3.247105744000000072e-01,2.526589064595941101e-03
3.247618306000000232e-01,2.526552947734288668e-03
3.247810494999999742e-01,2.526539404132910685e-03
3.247874555999999968e-01,2.526534889631499962e-03
3.248066730999999985e-01,2.526521346196037437e-03
3.248130786999999797e-01,2.526516831740241269e-03
3.248386997000000109e-01,2.526498774114086052e-03
3.248579140999999781e-01,2.526485231046643378e-03
3.248707230999999807e-01,2.526476202414976429e-03
3.248835315999999973e-01,2.526467173793119775e-03
3.249411635000000187e-01,2.526426545783767158e-03
3.249603718999999891e-01,2.526413003387561421e-03
3.249731768999999937e-01,2.526403975228804812e-03
3.249923833999999734e-01,2.526390433025413156e-03
3.250179901999999954e-01,2.526372376946496405e-03
3.250755982999999905e-01,2.526331751664459124e-03
3.250947987999999733e-01,2.526318210126962324e-03
3.251267970000000229e-01,2.526295641243699649e-03
3.251459944000000268e-01,2.526282100057386341e-03
3.251651906999999952e-01,2.526268559013977386e-03
3.251715891999999997e-01,2.526264045326485040e-03
3.251907839000000022e-01,2.526250504470123077e-03
3.252163752000000185e-01,2.526232450172400876e-03
3.252739480999999877e-01,2.526191828813481501e-03
3.252803444999999849e-01,2.526187315368081093e-03
3.253251155999999922e-01,2.526155721894730172e-03
3.253315109000000094e-01,2.526151208604923617e-03
3.253826692999999826e-01,2.526115102676447857e-03
3.253954575999999932e-01,2.526106076351156918e-03
3.254210328000000096e-01,2.526088023894867106e-03
3.254338196000000072e-01,2.526078997712014312e-03
3.254529989000000123e-01,2.526065458569291128e-03
3.254785694999999812e-01,2.526047406556852434e-03
3.255552694000000136e-01,2.525993252000468918e-03
3.256063926000000164e-01,2.525957150050602701e-03
3.256255617000000102e-01,2.525943612050691924e-03
3.256894505999999856e-01,2.525898486340781394e-03
3.257022269000000025e-01,2.525889461377926661e-03
3.257086149000000264e-01,2.525884948886105482e-03
3.257341653999999975e-01,2.525866899163590681e-03
3.257788741000000043e-01,2.525835312699264631e-03
3.257852606000000151e-01,2.525830800409982826e-03
3.257916469000000093e-01,2.525826288127520219e-03
3.258427329999999955e-01,2.525790190365149405e-03
3.259065792999999989e-01,2.525745069433805307e-03
3.259129633000000248e-01,2.525740557440094361e-03
3.259384978000000044e-01,2.525722509515381919e-03
3.259640303999999933e-01,2.525704461813689430e-03
3.259895608999999750e-01,2.525686414405660472e-03
3.259959432000000268e-01,2.525681902523249818e-03
3.260087074999999945e-01,2.525672878929366427e-03
3.260150895000000215e-01,2.525668367141451365e-03
3.260469972999999744e-01,2.525645808412433323e-03
3.260661404999999902e-01,2.525632273352218342e-03
3.260852826000000260e-01,2.525618738397487992e-03
3.261108037000000071e-01,2.525600691999532570e-03
3.261427022000000231e-01,2.525578134381068884e-03
3.261490814999999932e-01,2.525573622858449420e-03
3.261682187000000122e-01,2.525560088492864123e-03
3.262001116000000089e-01,2.525537531454696664e-03
3.262447564000000022e-01,2.525505952182294754e-03
3.262511337999999816e-01,2.525501440942934817e-03
3.263149001999999799e-01,2.525456329048574120e-03
3.263212762000000100e-01,2.525451817991289458e-03
3.263914035000000102e-01,2.525402196695264619e-03
3.263977779000000190e-01,2.525397685791186831e-03
3.264169006000000040e-01,2.525384153047748829e-03
3.264232745999999796e-01,2.525379642151709316e-03
3.264487691999999885e-01,2.525361598784951582e-03
3.264551425000000173e-01,2.525357087938490466e-03
3.264933799999999997e-01,2.525330023396409919e-03
3.265061248000000194e-01,2.525321001965960890e-03
3.265252410999999744e-01,2.525307469924176467e-03
3.265507276999999875e-01,2.525289427456247921e-03
3.265953246000000143e-01,2.525257853669252844e-03
3.266016950999999779e-01,2.525253343155950576e-03
3.266208058000000247e-01,2.525239811787165136e-03
3.266462849999999807e-01,2.525221770156578938e-03
3.266590238000000035e-01,2.525212749441636123e-03
3.267036059000000270e-01,2.525181177303568569e-03
3.267227106999999742e-01,2.525167646606503186e-03
3.267545493999999828e-01,2.525145095700931895e-03
3.267609168000000230e-01,2.525140585562016780e-03
3.267991184999999854e-01,2.525113525100537108e-03
3.268118513000000114e-01,2.525104504990416041e-03
3.268500470999999852e-01,2.525077445184493140e-03
3.268564125999999792e-01,2.525072935286329454e-03
3.268818734000000226e-01,2.525054895694092780e-03
3.269073323000000197e-01,2.525036856426451926e-03
3.269136966999999783e-01,2.525032346606668251e-03
3.269264250999999732e-01,2.525023327044752762e-03
3.269836969000000093e-01,2.524982739817621061e-03
3.270282346999999756e-01,2.524951172708784445e-03
3.270600437000000249e-01,2.524928625225284808e-03
3.270664051000000128e-01,2.524924115784038178e-03
3.271109316999999961e-01,2.524892549985207051e-03
3.271363727000000110e-01,2.524874512694905929e-03
3.271618117000000270e-01,2.524856475627874994e-03
3.271681712000000242e-01,2.524851966424897839e-03
3.272381169999999950e-01,2.524802365780638887e-03
3.272571905000000170e-01,2.524788838644544033e-03
3.272699056000000217e-01,2.524779820642772919e-03
3.272889773000000058e-01,2.524766293732724244e-03
3.273080478000000015e-01,2.524752766949211937e-03
3.273334735000000273e-01,2.524734731398035285e-03
3.273398296000000207e-01,2.524730222542307268e-03
3.274415106999999936e-01,2.524658082885717324e-03
3.274605723999999829e-01,2.524644557090021616e-03
3.274669259999999915e-01,2.524640048539278803e-03
3.275177508000000071e-01,2.524603980504123470e-03
3.275241032999999802e-01,2.524599472074617879e-03
3.275368080000000126e-01,2.524590455243685798e-03
3.275749191999999810e-01,2.524563405076995885e-03
3.275939730999999910e-01,2.524549880179049501e-03
3.276193766000000118e-01,2.524531847173726567e-03
3.276257271999999943e-01,2.524527338966782962e-03
3.276384278999999733e-01,2.524518322630381947e-03
3.276701777000000093e-01,2.524495781893730615e-03
3.276955752999999860e-01,2.524477749580420101e-03
3.277146222000000275e-01,2.524464225498434730e-03
3.277273195000000028e-01,2.524455209503248618e-03
3.278225336999999739e-01,2.524387591390594814e-03
3.278288803000000140e-01,2.524383083625153078e-03
3.278669575000000003e-01,2.524356037379298610e-03
3.278796489999999952e-01,2.524347022055159918e-03
3.279240650999999951e-01,2.524315468904679040e-03
3.279748189000000202e-01,2.524279409005810923e-03
3.280192222000000157e-01,2.524247857404479309e-03
3.280255650000000189e-01,2.524243350059641663e-03
3.280699612999999903e-01,2.524211799199896529e-03
3.281270334999999982e-01,2.524171234803413225e-03
3.281333741999999942e-01,2.524166727737679576e-03
3.281460554000000251e-01,2.524157713571302704e-03
3.281523956999999880e-01,2.524153206532337140e-03
3.281840957000000114e-01,2.524130671549645617e-03
3.282221316999999750e-01,2.524103630017853189e-03
3.282284705999999885e-01,2.524099123195693364e-03
3.282474866000000269e-01,2.524085602620945896e-03
3.283362133000000127e-01,2.524022508539725419e-03
3.283552229999999739e-01,2.524008988696706864e-03
3.283805676000000062e-01,2.523990962498042466e-03
3.284249159000000029e-01,2.523959417150272756e-03
3.284312509000000269e-01,2.523954910768383148e-03
3.284375857999999870e-01,2.523950404348392941e-03
3.284502551999999853e-01,2.523941391591314528e-03
3.284565896000000151e-01,2.523936885204905965e-03
3.284882603000000012e-01,2.523914353598910067e-03
3.285072612000000114e-01,2.523900834787419240e-03
3.285262610999999944e-01,2.523887316153760555e-03
3.285325941000000194e-01,2.523882809960933688e-03
3.285515924999999893e-01,2.523869291439074895e-03
3.285832539999999913e-01,2.523846760896776738e-03
3.285895858999999808e-01,2.523842254864026250e-03
3.286592292000000137e-01,2.523792689057832023e-03
3.286845502999999891e-01,2.523774665546015764e-03
3.287098694999999737e-01,2.523756642238729475e-03
3.287351868000000232e-01,2.523738619173484382e-03
3.287415157999999948e-01,2.523734113468978704e-03
3.288111268000000198e-01,2.523684551389581560e-03
3.288364362999999790e-01,2.523666529237826237e-03
3.288554170999999915e-01,2.523653012769991929e-03
3.288807230999999942e-01,2.523634990987450380e-03
3.288933754000000209e-01,2.523625980200322211e-03
3.289123528999999824e-01,2.523612464116844947e-03
3.289313294000000276e-01,2.523598948178919655e-03
3.289439796999999999e-01,2.523589937645475279e-03
3.289945761999999996e-01,2.523553895912669133e-03
3.290388417999999815e-01,2.523522360176662198e-03
3.290451649999999728e-01,2.523517855128419324e-03
3.290578109000000251e-01,2.523508845059462338e-03
3.290641336999999833e-01,2.523504340071475952e-03
3.290831014000000221e-01,2.523490825072508773e-03
3.291147118000000149e-01,2.523468300455489980e-03
3.291905642999999881e-01,2.523414242861646457e-03
3.291968845000000088e-01,2.523409738123253386e-03
3.292158445000000211e-01,2.523396224063526646e-03
3.292474421000000095e-01,2.523373700930757208e-03
3.292663993000000122e-01,2.523360187240590320e-03
3.292853553000000266e-01,2.523346673612608063e-03
3.293358993000000123e-01,2.523310637994745538e-03
3.293422167999999761e-01,2.523306133641935525e-03
3.293485340999999789e-01,2.523301629255077661e-03
3.293927521000000191e-01,2.523270099018818952e-03
3.293990685000000029e-01,2.523265594770571999e-03
3.294180168999999991e-01,2.523252082066958831e-03
3.294622255999999916e-01,2.523220552974404611e-03
3.295001140000000106e-01,2.523193528526247471e-03
3.295190566000000265e-01,2.523180016508501031e-03
3.295506250999999942e-01,2.523157496749145988e-03
3.295632517000000039e-01,2.523148488950752513e-03
3.296453126000000178e-01,2.523089939619144705e-03
3.296642468000000048e-01,2.523076428539096101e-03
3.296705580000000024e-01,2.523071924928570360e-03
3.296894906999999764e-01,2.523058414026596325e-03
3.297021119999999916e-01,2.523049406853856026e-03
3.297462825999999958e-01,2.523017882158047360e-03
3.298219897999999928e-01,2.522963841448667283e-03
3.298535293000000035e-01,2.522941325072291900e-03
3.298976795999999934e-01,2.522909802723460881e-03
3.299039863000000072e-01,2.522905299584919572e-03
3.299481297999999896e-01,2.522873778065223491e-03
3.299733521000000058e-01,2.522855766078256450e-03
3.300048770999999825e-01,2.522833251418182647e-03
3.300427032000000094e-01,2.522806234289436643e-03
3.300490072000000219e-01,2.522801731484137014e-03
3.300742217000000034e-01,2.522783720386461651e-03
3.300994342999999942e-01,2.522765709492006108e-03
3.301057371000000185e-01,2.522761206792319914e-03
3.301246448999999861e-01,2.522747698876392618e-03
3.301435516999999820e-01,2.522734190996326394e-03
3.302506693999999743e-01,2.522657649028443166e-03
3.302569693999999889e-01,2.522653146699067525e-03
3.302695688999999768e-01,2.522644142040111979e-03
3.302947666000000115e-01,2.522626132933006218e-03
3.303073646999999946e-01,2.522617128464088761e-03
3.303262610000000099e-01,2.522603621836297730e-03
3.303514543000000137e-01,2.522585613234515616e-03
3.304018353000000019e-01,2.522549596677867070e-03
3.304081322999999903e-01,2.522545094682325951e-03
3.304270228999999781e-01,2.522531588739239817e-03
3.304459122999999776e-01,2.522518082950916170e-03
3.304585045999999804e-01,2.522509079182197727e-03
3.304710965000000056e-01,2.522500075449215021e-03
3.304773923000000058e-01,2.522495573569885630e-03
3.304962787999999874e-01,2.522482068113762396e-03
3.305025741000000017e-01,2.522477566328245983e-03
3.305277540000000069e-01,2.522459559309945479e-03
3.305718141999999804e-01,2.522428047521881565e-03
3.305781080999999899e-01,2.522423545862541999e-03
3.306284545000000019e-01,2.522387533412918069e-03
3.306473323999999936e-01,2.522374028971103698e-03
3.306725012999999769e-01,2.522356023246225161e-03
3.306976682000000167e-01,2.522338017713233495e-03
3.307039596999999942e-01,2.522333516347929992e-03
3.307102510000000106e-01,2.522329015056476269e-03
3.307794477000000066e-01,2.522279501392274588e-03
3.308046064999999869e-01,2.522261496809286019e-03
3.308549183999999754e-01,2.522225488380022088e-03
3.308737834000000100e-01,2.522211985486408087e-03
3.308800714999999837e-01,2.522207484483661791e-03
3.309303719000000199e-01,2.522171477443845011e-03
3.309555193000000006e-01,2.522153474263153557e-03
3.309743786000000076e-01,2.522139971969582575e-03
3.309806646999999824e-01,2.522135471267984274e-03
3.310058082999999818e-01,2.522117468532744222e-03
3.310120939000000262e-01,2.522112967857926148e-03
3.310309498999999822e-01,2.522099465987457257e-03
3.310623742000000092e-01,2.522076963135594114e-03
3.311000794999999775e-01,2.522049960233515697e-03
3.311566294000000132e-01,2.522009456766654417e-03
3.311629120999999842e-01,2.522004956440090321e-03
3.311817595000000058e-01,2.521991455585413482e-03
3.312068878000000161e-01,2.521973454649674515e-03
3.312131696000000236e-01,2.521968954473900824e-03
3.312320141999999801e-01,2.521955453929514840e-03
3.312634193999999810e-01,2.521932953355191399e-03
3.313073818000000226e-01,2.521901453103806215e-03
3.313136616999999839e-01,2.521896953137502551e-03
3.313513383000000201e-01,2.521869953590696357e-03
3.313764537000000177e-01,2.521851954198677404e-03
3.314078453000000035e-01,2.521829455203947624e-03
3.314580657000000263e-01,2.521793457588268096e-03
3.314831730000000198e-01,2.521775459143055578e-03
3.315020021999999789e-01,2.521761960453747318e-03
3.315333818999999793e-01,2.521739462904953356e-03
3.315584835000000008e-01,2.521721465073133422e-03
3.315773085000000009e-01,2.521707966892873694e-03
3.316149552000000056e-01,2.521680970896894667e-03
3.316651440999999756e-01,2.521644977010889261e-03
3.316839630000000261e-01,2.521631479549968618e-03
3.317027808999999938e-01,2.521617982186027257e-03
3.317090533000000008e-01,2.521613483090199160e-03
3.317153254999999912e-01,2.521608983998098550e-03
3.317592280000000171e-01,2.521577490870900023e-03
3.317654992999999886e-01,2.521572991941004298e-03
3.317780416000000177e-01,2.521563994044665261e-03
3.318156655000000232e-01,2.521537000719874591e-03
3.318783625999999765e-01,2.521492013024905551e-03
3.318846315999999796e-01,2.521487514358576772e-03
3.319661186000000264e-01,2.521429032576953666e-03
3.319849203999999943e-01,2.521415537154263718e-03
3.320099879000000254e-01,2.521397543410217740e-03
3.320601170999999963e-01,2.521361556662119353e-03
3.320663828000000040e-01,2.521357058366115872e-03
3.320789136999999780e-01,2.521348061826014873e-03
3.320851788999999998e-01,2.521343563569983324e-03
3.321039740000000240e-01,2.521330068908500446e-03
3.321165034999999932e-01,2.521321072573924280e-03
3.321352967999999795e-01,2.521307578134878921e-03
3.321540890999999940e-01,2.521294083823014814e-03
3.321603529000000110e-01,2.521289585739794684e-03
3.322167222999999892e-01,2.521249103711275825e-03
3.322355099000000034e-01,2.521235609965487984e-03
3.322542964999999904e-01,2.521222116331801443e-03
3.322856052000000004e-01,2.521199627228512628e-03
3.323607337999999745e-01,2.521145654827802035e-03
3.323669938000000101e-01,2.521141157213256483e-03
3.323795133999999929e-01,2.521132162002862661e-03
3.324358454999999934e-01,2.521091684430077761e-03
3.324608789999999869e-01,2.521073694777109953e-03
3.324796528000000251e-01,2.521060202645187837e-03
3.325046830000000231e-01,2.521042213387717466e-03
3.325109401999999936e-01,2.521037716104785990e-03
3.325171974000000197e-01,2.521033218804891955e-03
3.325359681000000234e-01,2.521019727102304792e-03
3.325609939999999987e-01,2.521001738313478208e-03
3.325672501999999975e-01,2.520997241135471481e-03
3.326110401999999855e-01,2.520965761419975259e-03
3.326673331000000178e-01,2.520925288533238783e-03
3.326798414000000093e-01,2.520916294665548688e-03
3.326860952999999843e-01,2.520911797809928176e-03
3.327361227000000254e-01,2.520875823162772433e-03
3.327798905000000085e-01,2.520844346068694918e-03
3.327861424999999929e-01,2.520839849412054127e-03
3.328174011000000210e-01,2.520817366340404476e-03
3.328549076000000273e-01,2.520790387050273959e-03
3.328674087999999864e-01,2.520781394056324613e-03
3.329049096000000207e-01,2.520754415447970780e-03
3.329111592999999814e-01,2.520749919086438546e-03
3.329549039999999960e-01,2.520718444747486586e-03
3.329611527999999931e-01,2.520713948454697106e-03
3.329798984999999822e-01,2.520700459776196566e-03
3.329861467999999936e-01,2.520695963535282691e-03
3.330173866000000205e-01,2.520673482667058849e-03
3.330548704999999887e-01,2.520646506065537650e-03
3.330673641999999934e-01,2.520637514006640687e-03
3.331110883999999772e-01,2.520606042154356716e-03
3.331360710999999863e-01,2.520588058594636343e-03
3.331672969000000206e-01,2.520565579396651101e-03
3.332110079999999752e-01,2.520534109088621872e-03
3.332359831999999744e-01,2.520516126419659886e-03
3.332609565999999912e-01,2.520498143948112033e-03
3.332671996000000081e-01,2.520493648363686910e-03
3.332796854000000253e-01,2.520484657212990979e-03
3.332859281000000173e-01,2.520480161670027048e-03
3.333358653999999865e-01,2.520444197853900954e-03
3.333545900000000062e-01,2.520430711682270994e-03
3.333608311999999851e-01,2.520426216304583276e-03
3.334107573999999796e-01,2.520390253868187713e-03
3.334169975999999869e-01,2.520385758568258975e-03
3.334357176000000145e-01,2.520372272922240253e-03
3.334606760000000114e-01,2.520354292238012259e-03
3.334856325000000177e-01,2.520336311822137312e-03
3.335043487000000084e-01,2.520322826655384957e-03
3.335105870999999778e-01,2.520318331608054074e-03
3.335604907999999980e-01,2.520282371841451718e-03
3.335667283000000038e-01,2.520277876923469190e-03
3.335854399000000026e-01,2.520264392271605747e-03
3.336789821999999739e-01,2.520196971008379760e-03
3.337163917000000035e-01,2.520170003378547838e-03
3.337350949999999816e-01,2.520156519725095384e-03
3.337662646999999816e-01,2.520134047290932284e-03
3.337849650999999973e-01,2.520120564025652397e-03
3.338098972999999914e-01,2.520102586466722167e-03
3.338784515000000064e-01,2.520053149440925309e-03
3.339033766999999764e-01,2.520035172770535188e-03
3.339096078000000078e-01,2.520030678634086786e-03
3.339158387000000228e-01,2.520026184562160123e-03
3.339594517999999734e-01,2.519994726074097774e-03
3.339656818000000249e-01,2.519990232095405992e-03
3.339781413999999837e-01,2.519981244098101238e-03
3.340342038999999930e-01,2.519940798936006789e-03
3.340778016000000017e-01,2.519909342350056154e-03
3.340840293999999822e-01,2.519904848626085964e-03
3.341089393000000185e-01,2.519886873780970583e-03
3.341587536999999775e-01,2.519850924787445535e-03
3.341649798999999921e-01,2.519846431263289901e-03
3.341774321000000048e-01,2.519837444192336590e-03
3.342147858999999777e-01,2.519810483271898559e-03
3.342583599999999766e-01,2.519779029562313737e-03
3.342770328999999929e-01,2.519765549625905317e-03
3.343019284000000035e-01,2.519747576539514613e-03
3.343143754999999828e-01,2.519738590108245788e-03
3.343330453000000202e-01,2.519725110481294255e-03
3.343828261999999829e-01,2.519689165594243482e-03
3.344139354999999814e-01,2.519666700451169555e-03
3.344574837000000023e-01,2.519635249918163091e-03
3.344637044000000059e-01,2.519630757040675073e-03
3.345010261999999956e-01,2.519603799999812523e-03
3.345134658999999733e-01,2.519594814452482887e-03
3.345321245000000276e-01,2.519581336262164285e-03
3.345507820999999993e-01,2.519567858156956421e-03
3.345570010999999733e-01,2.519563365476369058e-03
3.345756572999999956e-01,2.519549887535545325e-03
3.345818757999999837e-01,2.519545394883912232e-03
3.346067487000000118e-01,2.519527424593834188e-03
3.346502717000000016e-01,2.519495977077437256e-03
3.346627059000000237e-01,2.519486992155283312e-03
3.347000055000000085e-01,2.519460037880401782e-03
3.347062216999999729e-01,2.519455545580146037e-03
3.347621621999999908e-01,2.519415115167178421e-03
3.347745921999999985e-01,2.519406130825864107e-03
3.348056650999999828e-01,2.519383670100991228e-03
3.348118793000000037e-01,2.519379178000501034e-03
3.348305214000000252e-01,2.519365701804683784e-03
3.348491623000000028e-01,2.519352225698173568e-03
3.348553758000000213e-01,2.519347733736645566e-03
3.348740152999999942e-01,2.519334257824940894e-03
3.349050789999999944e-01,2.519311798270789955e-03
3.349112913999999774e-01,2.519307306376209702e-03
3.349485633000000018e-01,2.519280355461716529e-03
3.349609863999999937e-01,2.519271371915041309e-03
3.349796200999999862e-01,2.519257896727454451e-03
3.350044634000000077e-01,2.519239930034404464e-03
3.350293048999999912e-01,2.519221963535756698e-03
3.350541445999999923e-01,2.519203997244431805e-03
3.350789824000000028e-01,2.519186031160547314e-03
3.350976095000000043e-01,2.519172556764008239e-03
3.351286525000000127e-01,2.519150099764567215e-03
3.351534847000000039e-01,2.519132134354415929e-03
3.351721078000000076e-01,2.519118660505119227e-03
3.352527954999999782e-01,2.519060275130601944e-03
3.352590013999999785e-01,2.519055784045052919e-03
3.353024398000000184e-01,2.519024346880054978e-03
3.353582809000000275e-01,2.518983928608787767e-03
3.353706887999999831e-01,2.518974946933358761e-03
3.354451264000000155e-01,2.518921058059483357e-03
3.354699352000000134e-01,2.518903095565764357e-03
3.354761372000000241e-01,2.518898604948494827e-03
3.355071451000000149e-01,2.518876152202241449e-03
3.355257483999999901e-01,2.518862680727154951e-03
3.355753524000000265e-01,2.518826757363859178e-03
3.356001516000000073e-01,2.518808796063391406e-03
3.356497446000000218e-01,2.518772874073189980e-03
3.356559431999999732e-01,2.518768383857840267e-03
3.356745382999999916e-01,2.518754913439200799e-03
3.356931323999999828e-01,2.518741443082413763e-03
3.357241202999999841e-01,2.518718992788481284e-03
3.357427116000000211e-01,2.518705522766266029e-03
3.357674984999999834e-01,2.518687562970800542e-03
3.358046753000000217e-01,2.518660623663875574e-03
3.358232621999999723e-01,2.518647154187073425e-03
3.358542380999999799e-01,2.518624705368184558e-03
3.358728221999999763e-01,2.518611236251399547e-03
3.358914053000000011e-01,2.518597767237978468e-03
3.359471485000000146e-01,2.518557361063317960e-03
3.359657274999999776e-01,2.518543892544653027e-03
3.360028824999999886e-01,2.518516955956411410e-03
3.360400332999999851e-01,2.518490019837703493e-03
3.360895613000000060e-01,2.518454105844960666e-03
3.360957518000000088e-01,2.518449616650889067e-03
3.361019422000000034e-01,2.518445127503377880e-03
3.361205125999999765e-01,2.518431660034505144e-03
3.361390819999999779e-01,2.518418192764250874e-03
3.361514610999999930e-01,2.518409214567855769e-03
3.361700288000000203e-01,2.518395747480403624e-03
3.361947840999999770e-01,2.518377791549866913e-03
3.362442894000000071e-01,2.518341880335468047e-03
3.362628520000000010e-01,2.518328413867520349e-03
3.362690393000000166e-01,2.518323925096974548e-03
3.363432780000000233e-01,2.518270060656483712e-03
3.363989463000000013e-01,2.518229663680321070e-03
3.364175003000000053e-01,2.518216198242053620e-03
3.364360532999999820e-01,2.518202732945588971e-03
3.364669727999999860e-01,2.518180291078349863e-03
3.365411677999999851e-01,2.518126432050563600e-03
3.365597140000000098e-01,2.518112967592062764e-03
3.365906221000000142e-01,2.518090527115216231e-03
3.365968033999999776e-01,2.518086039104321019e-03
3.366153465000000233e-01,2.518072575004803425e-03
3.366400690999999945e-01,2.518054623095151469e-03
3.366462494999999944e-01,2.518050135183697545e-03
3.366895088999999897e-01,2.518018720029736261e-03
3.366956883000000178e-01,2.518014232157641044e-03
3.367142260000000054e-01,2.518000768784864601e-03
3.367451199000000006e-01,2.517978330065743543e-03
3.367574765999999942e-01,2.517969354690945995e-03
3.367636548999999868e-01,2.517964867012849241e-03
3.367883665999999998e-01,2.517946916464591789e-03
3.368130764999999749e-01,2.517928966157767512e-03
3.368439612999999944e-01,2.517906528544755149e-03
3.368563144000000231e-01,2.517897553639516454e-03
3.368933711000000053e-01,2.517870629168651384e-03
3.369118978999999792e-01,2.517857167084825223e-03
3.369365986999999785e-01,2.517839217922261848e-03
3.369859949999999826e-01,2.517803320181455015e-03
3.369921690000000081e-01,2.517798833037131374e-03
3.370106903999999792e-01,2.517785371629204221e-03
3.370292107000000259e-01,2.517771910438036838e-03
3.370353839999999934e-01,2.517767423340413254e-03
3.370415570999999999e-01,2.517762936340962009e-03
3.370785934000000150e-01,2.517736014340750828e-03
3.370909378999999984e-01,2.517727040522995969e-03
3.371526537999999795e-01,2.517682171996328457e-03
3.372081885000000057e-01,2.517641791530535710e-03
3.372328675999999859e-01,2.517623845031753422e-03
3.372513757999999751e-01,2.517610385277874261e-03
3.372575448999999836e-01,2.517605898775790354e-03
3.372822203999999990e-01,2.517587952726112795e-03
3.372883890000000218e-01,2.517583466202405994e-03
3.373253982000000151e-01,2.517556547620480433e-03
3.373377336999999754e-01,2.517547574925051330e-03
3.373809044000000146e-01,2.517516170737965457e-03
3.374302356000000169e-01,2.517480281085945643e-03
3.374364014999999828e-01,2.517475794908570746e-03
3.374487330000000007e-01,2.517466822711822601e-03
3.374548984999999890e-01,2.517462336588525106e-03
3.374795595999999787e-01,2.517444392366481945e-03
3.375350403999999860e-01,2.517404018560919290e-03
3.375473682999999836e-01,2.517395046774006939e-03
3.375781858999999940e-01,2.517372617532015033e-03
3.375843491000000141e-01,2.517368131703208532e-03
3.376028380000000162e-01,2.517354674396992537e-03
3.376336504999999932e-01,2.517332245828597659e-03
3.376459748000000261e-01,2.517323274420898462e-03
3.376521366999999940e-01,2.517318788816254229e-03
3.376706219000000231e-01,2.517305331934454812e-03
3.377260712999999859e-01,2.517264962053009265e-03
3.377322318000000045e-01,2.517260476610734717e-03
3.377815116999999812e-01,2.517224593345745998e-03
3.377999897999999779e-01,2.517211137388653507e-03
3.378184669000000029e-01,2.517197681496996520e-03
3.378246256999999919e-01,2.517193196269789518e-03
3.378431014000000121e-01,2.517179740543351932e-03
3.378985225000000203e-01,2.517139374262210901e-03
3.379231511999999937e-01,2.517121434014521573e-03
3.379293080999999921e-01,2.517116949039332162e-03
3.379724033000000016e-01,2.517085554289900072e-03
3.379785592999999810e-01,2.517081069358858506e-03
3.380216481000000162e-01,2.517049675374498016e-03
3.380278031999999766e-01,2.517045190617490415e-03
3.380401130999999837e-01,2.517036221050858880e-03
3.380647313999999848e-01,2.517018282141036001e-03
3.380955018999999839e-01,2.516995858806399863e-03
3.381139628000000008e-01,2.516982404960412065e-03
3.381385758000000075e-01,2.516964466655001106e-03
3.381693396000000074e-01,2.516942044212098269e-03
3.382247071999999743e-01,2.516901684548384765e-03
3.383169665999999909e-01,2.516834421026892081e-03
3.383231163000000041e-01,2.516829936899311112e-03
3.383354154000000058e-01,2.516820968687150800e-03
3.383415647999999942e-01,2.516816484600449891e-03
3.383723101000000177e-01,2.516794064468327093e-03
3.384153488000000154e-01,2.516762676758338684e-03
3.384645291999999750e-01,2.516726805955902656e-03
3.384706761999999869e-01,2.516722322187672691e-03
3.385075560999999955e-01,2.516695419773816618e-03
3.385198484999999979e-01,2.516686452384759177e-03
3.385321405000000228e-01,2.516677485085612887e-03
3.385382862999999909e-01,2.516673001452464972e-03
3.385874488000000238e-01,2.516637132939150527e-03
3.386304601999999830e-01,2.516605748697297185e-03
3.386366042000000243e-01,2.516601265266612316e-03
3.386550355999999873e-01,2.516587815115418555e-03
3.386673226999999953e-01,2.516578848424779434e-03
3.386857524999999924e-01,2.516565398507026111e-03
3.387287513000000194e-01,2.516534015856081597e-03
3.387656030999999790e-01,2.516507116905979113e-03
3.387840274999999735e-01,2.516493667714606985e-03
3.388085919000000112e-01,2.516475735546892713e-03
3.388147327000000097e-01,2.516471252544061343e-03
3.388515751000000242e-01,2.516444354857559195e-03
3.388577152000000203e-01,2.516439871932364073e-03
3.389129704000000132e-01,2.516399526424327633e-03
3.389313867000000036e-01,2.516386078184303446e-03
3.389804921999999832e-01,2.516350216800777514e-03
3.390050423000000035e-01,2.516332286423681678e-03
3.390234536999999770e-01,2.516318838842078725e-03
3.390541370999999859e-01,2.516296426425798215e-03
3.391093602999999956e-01,2.516256084955774755e-03
3.391277659999999972e-01,2.516242638068407270e-03
3.392259130999999983e-01,2.516170923361292673e-03
3.392443124999999782e-01,2.516157477324235895e-03
3.392565781999999919e-01,2.516148513317076514e-03
3.393056366000000157e-01,2.516112657861439405e-03
3.393179001000000139e-01,2.516103694154139987e-03
3.393485568999999868e-01,2.516081285062314338e-03
3.393546879000000072e-01,2.516076803321759710e-03
3.393730803000000185e-01,2.516063358119216813e-03
3.393914718000000108e-01,2.516049913022051863e-03
3.394037321999999746e-01,2.516040949701103119e-03
3.394159921000000080e-01,2.516031986412118390e-03
3.394221218999999845e-01,2.516027504814617299e-03
3.394405106999999755e-01,2.516014060068706964e-03
3.394466400999999744e-01,2.516009578462782923e-03
3.394711563999999737e-01,2.515991652382082357e-03
3.394956709999999989e-01,2.515973726501267473e-03
3.395140557999999920e-01,2.515960282286048080e-03
3.395201837999999861e-01,2.515955800885934235e-03
3.395692041999999744e-01,2.515919950308100148e-03
3.395875850000000251e-01,2.515906506505033707e-03
3.396120911000000131e-01,2.515888581719107325e-03
3.396672236000000122e-01,2.515848251751913369e-03
3.396855991000000130e-01,2.515834808664766439e-03
3.397162227000000145e-01,2.515812403802270350e-03
3.397407196000000185e-01,2.515794480222300743e-03
3.397958312000000092e-01,2.515754152862022773e-03
3.398141996999999859e-01,2.515740710650322693e-03
3.398325672999999991e-01,2.515727268630105727e-03
3.398448117000000268e-01,2.515718307318534890e-03
3.398631776000000104e-01,2.515704865402792513e-03
3.399121485000000109e-01,2.515669021104624883e-03
3.399427516999999899e-01,2.515646618833927532e-03
3.399611122999999790e-01,2.515633177664339162e-03
3.400100690000000259e-01,2.515597335132313452e-03
3.400345448000000048e-01,2.515579414166636309e-03
3.400773730000000161e-01,2.515548053058636307e-03
3.400834909000000073e-01,2.515543572943171064e-03
3.400896086999999901e-01,2.515539092886512947e-03
3.401018438999999782e-01,2.515530132781220677e-03
3.401324300999999939e-01,2.515507732699565242e-03
3.401385470000000133e-01,2.515503252675399797e-03
3.401813620999999954e-01,2.515471893277851020e-03
3.401997098999999802e-01,2.515458453732801695e-03
3.402302871999999812e-01,2.515436054756943571e-03
3.402853195000000164e-01,2.515395737489114179e-03
3.402975476000000277e-01,2.515386778233660772e-03
3.403036615999999737e-01,2.515382298648644911e-03
3.403281161999999749e-01,2.515364380397264003e-03
3.403831326000000268e-01,2.515324065174687467e-03
3.403953572999999788e-01,2.515315106412358264e-03
3.404014694999999979e-01,2.515310627026498633e-03
3.404198052999999891e-01,2.515297188952204249e-03
3.404320287000000000e-01,2.515288230359882284e-03
3.404686961000000234e-01,2.515261354809515508e-03
3.404748069999999904e-01,2.515256875658808487e-03
3.405236897999999734e-01,2.515221042512052248e-03
3.405297997000000243e-01,2.515216563391114383e-03
3.405481285999999996e-01,2.515203126273660508e-03
3.405970010000000103e-01,2.515167294458244690e-03
3.406153263000000209e-01,2.515153857785874889e-03
3.406214344999999866e-01,2.515149378899120790e-03
3.406275425999999995e-01,2.515144900077748418e-03
3.406702964000000167e-01,2.515113548508606401e-03
3.406764036000000107e-01,2.515109069734355191e-03
3.406947247000000067e-01,2.515095633621065082e-03
3.407252575999999977e-01,2.515073240293813541e-03
3.407435759999999925e-01,2.515059804511539029e-03
3.407618934000000155e-01,2.515046368814674062e-03
3.407679989999999881e-01,2.515041890271965935e-03
3.407863151000000146e-01,2.515028454733254839e-03
3.408229443999999941e-01,2.515001584110598647e-03
3.408412576000000027e-01,2.514988148995599398e-03
3.408595697999999841e-01,2.514974713949950924e-03
3.408900879000000272e-01,2.514952322556514904e-03
3.409572182000000229e-01,2.514903062693872419e-03
3.409694222999999913e-01,2.514894106561678475e-03
3.409877276000000124e-01,2.514880672404311204e-03
3.410182341999999922e-01,2.514858282461149112e-03
3.410609390000000074e-01,2.514826937181437877e-03
3.410670391999999773e-01,2.514822459327987862e-03
3.410792394000000116e-01,2.514813503649628804e-03
3.411097377999999791e-01,2.514791114744848767e-03
3.411646281999999863e-01,2.514750815654733917e-03
3.412012168999999928e-01,2.514723950183993511e-03
3.412073145999999779e-01,2.514719472658930553e-03
3.412317045000000104e-01,2.514701562696460436e-03
3.412560926000000050e-01,2.514683652981352779e-03
3.412743824999999731e-01,2.514670220812782221e-03
3.412804789000000172e-01,2.514665743488031686e-03
3.413109594000000024e-01,2.514643356891656419e-03
3.413292464000000082e-01,2.514629925142300437e-03
3.413536274999999787e-01,2.514612016283395476e-03
3.413719122000000161e-01,2.514598584781036362e-03
3.413962903000000160e-01,2.514580676354276172e-03
3.414023844999999890e-01,2.514576199265053380e-03
3.414084787000000176e-01,2.514571722195485873e-03
3.414267603999999734e-01,2.514558291101521431e-03
3.414572277999999850e-01,2.514535906170895299e-03
3.415059701000000003e-01,2.514500091053541685e-03
3.415486138000000116e-01,2.514468753595004713e-03
3.415729793000000236e-01,2.514450846783261671e-03
3.415912521999999729e-01,2.514437416801577636e-03
3.416399753000000095e-01,2.514401604115445478e-03
3.416643342999999833e-01,2.514383698183230223e-03
3.416947805000000171e-01,2.514361315992566862e-03
3.417008693999999958e-01,2.514356839630263463e-03
3.417374007000000269e-01,2.514329981516005234e-03
3.417495769000000183e-01,2.514321028991311872e-03
3.417678404000000225e-01,2.514307600183183014e-03
3.417861028999999995e-01,2.514294171576325881e-03
3.418408847000000139e-01,2.514253886424374154e-03
3.418652293000000175e-01,2.514235982301681917e-03
3.418895721999999915e-01,2.514218078348398871e-03
3.418956577000000219e-01,2.514213602437473990e-03
3.419139133999999913e-01,2.514200174682638435e-03
3.419382528000000088e-01,2.514182271184545094e-03
3.419565062000000100e-01,2.514168843760119718e-03
3.420112606999999860e-01,2.514128562117049544e-03
3.420416760000000167e-01,2.514106183999237180e-03
3.420842530000000048e-01,2.514074855108792191e-03
3.421085803000000203e-01,2.514056953187647058e-03
3.421389870000000055e-01,2.514034576128464874e-03
3.421511488999999795e-01,2.514025625405310466e-03
3.421754713999999864e-01,2.514007724080316499e-03
3.422301908000000004e-01,2.513967447025590787e-03
3.423031363999999854e-01,2.513913745991077503e-03
3.423335258999999908e-01,2.513891371167751784e-03
3.423760665000000203e-01,2.513860047011833802e-03
3.423821432999999970e-01,2.513855572183552444e-03
3.424307537999999873e-01,2.513819774092881845e-03
3.424429053999999972e-01,2.513810824714120783e-03
3.424489809999999856e-01,2.513806350061202188e-03
3.424793575000000256e-01,2.513783976879958772e-03
3.425158057000000089e-01,2.513757129586598974e-03
3.425218800000000008e-01,2.513752655039610401e-03
3.425461761999999966e-01,2.513734757170930662e-03
3.425704707000000182e-01,2.513716859541342222e-03
3.425947635000000102e-01,2.513698962091072148e-03
3.426433439000000081e-01,2.513663167931373416e-03
3.427101305999999958e-01,2.513613952399179532e-03
3.427162014999999839e-01,2.513609478314443590e-03
3.427344135000000014e-01,2.513596056255743005e-03
3.427404840000000119e-01,2.513591582187349027e-03
3.427586946999999773e-01,2.513578160329613554e-03
3.427647647000000020e-01,2.513573686390945666e-03
3.428072517999999902e-01,2.513542369134640075e-03
3.428618702999999823e-01,2.513502105146965277e-03
3.428679385000000246e-01,2.513497631437746661e-03
3.429286145000000063e-01,2.513452895128680167e-03
3.429528819000000062e-01,2.513435000971963457e-03
3.429589485000000271e-01,2.513430527490730874e-03
3.429832138000000197e-01,2.513412633661277987e-03
3.430074772999999744e-01,2.513394740051553850e-03
3.430256737999999861e-01,2.513381319933040425e-03
3.430317391000000105e-01,2.513376846604783565e-03
3.430802575999999937e-01,2.513341060484011128e-03
3.430984503000000241e-01,2.513327640919031485e-03
3.431045142999999964e-01,2.513323167773871651e-03
3.431530225000000156e-01,2.513287382919380999e-03
3.431590855000000162e-01,2.513282909880539765e-03
3.431954615000000208e-01,2.513256071983317481e-03
3.432015238000000190e-01,2.513251599041888343e-03
3.432075860000000089e-01,2.513247126129603427e-03
3.432257718999999763e-01,2.513233707425864116e-03
3.432560795999999859e-01,2.513211343250618037e-03
3.433045664000000108e-01,2.513175561222537064e-03
3.433166870000000093e-01,2.513166615864318148e-03
3.433409270000000180e-01,2.513148725317181954e-03
3.433530463000000199e-01,2.513139780116549222e-03
3.433712245000000163e-01,2.513126362435651445e-03
3.434136366000000162e-01,2.513095054995544489e-03
3.434439276999999846e-01,2.513072692958870716e-03
3.434499856000000073e-01,2.513068220562339906e-03
3.434681587000000258e-01,2.513054803541953271e-03
3.434984449999999856e-01,2.513032442129376626e-03
3.435347851000000174e-01,2.513005608925468655e-03
3.435832325000000020e-01,2.512969832106577532e-03
3.435953433000000223e-01,2.512960887988955217e-03
3.436074537000000095e-01,2.512951943953044449e-03
3.436135087000000143e-01,2.512947471991409682e-03
3.436619450000000242e-01,2.512911696594814868e-03
3.437345867000000110e-01,2.512858035183233689e-03
3.437406395000000003e-01,2.512853563420545683e-03
3.437587972000000214e-01,2.512840148450032774e-03
3.438314183999999774e-01,2.512786489710902831e-03
3.438798241000000089e-01,2.512750718331456610e-03
3.438858743000000051e-01,2.512746246981056430e-03
3.438979743999999727e-01,2.512737304278347440e-03
3.439040242999999997e-01,2.512732832957434524e-03
3.439342722000000019e-01,2.512710476559640738e-03
3.439524197000000116e-01,2.512697062906557068e-03
3.439705663000000024e-01,2.512683649382733714e-03
3.439766148999999773e-01,2.512679178223975376e-03
3.439947601000000188e-01,2.512665764838565175e-03
3.440310476999999811e-01,2.512638938491556801e-03
3.440491901000000130e-01,2.512625525504673732e-03
3.440733785000000267e-01,2.512607641721937343e-03
3.440794253000000191e-01,2.512603170802674060e-03
3.440975651000000024e-01,2.512589758146207674e-03
3.441157040000000222e-01,2.512576345648604662e-03
3.441701147999999821e-01,2.512536108793261402e-03
3.442426492999999810e-01,2.512482461426502386e-03
3.442607804999999743e-01,2.512469049911826655e-03
3.442849539999999764e-01,2.512451168034903880e-03
3.443393381000000031e-01,2.512410934753327770e-03
3.443574642000000186e-01,2.512397523892171813e-03
3.443695478000000088e-01,2.512388583380358292e-03
3.444118368999999902e-01,2.512357292080277717e-03
3.444601609999999869e-01,2.512321531460563143e-03
3.444662010000000274e-01,2.512317061422136063e-03
3.444782806999999725e-01,2.512308121420719388e-03
3.444843203999999881e-01,2.512303651459700006e-03
3.445084782000000234e-01,2.512285771685655866e-03
3.445145173999999977e-01,2.512281301744194190e-03
3.445628271000000242e-01,2.512245542985955434e-03
3.446050923999999793e-01,2.512214254785905508e-03
3.446292417999999858e-01,2.512196376140164115e-03
3.446714989999999923e-01,2.512165089073945066e-03
3.446775353000000042e-01,2.512160619497745464e-03
3.447499629999999926e-01,2.512106986230311020e-03
3.447559978999999997e-01,2.512102516923172667e-03
3.447680674999999972e-01,2.512093578216548825e-03
3.447741020999999795e-01,2.512089108922790828e-03
3.448042736999999969e-01,2.512066762598126873e-03
3.448223753999999919e-01,2.512053354929917257e-03
3.448465095000000091e-01,2.512035478335793420e-03
3.448646089999999886e-01,2.512022070993008387e-03
3.448887400999999797e-01,2.512004194719062462e-03
3.448947727000000185e-01,2.511999725701122895e-03
3.449008050999999853e-01,2.511995256723318325e-03
3.449430290000000121e-01,2.511963973970991835e-03
3.449490606000000237e-01,2.511959505081329865e-03
3.449671547000000005e-01,2.511946098485102162e-03
3.449912787000000147e-01,2.511928223121572944e-03
3.450455513999999835e-01,2.511888004528869348e-03
3.450817285000000179e-01,2.511861192738841595e-03
3.450937867000000159e-01,2.511852255608889271e-03
3.451118731999999745e-01,2.511838849939239827e-03
3.451299588000000251e-01,2.511825444511287669e-03
3.451359870999999857e-01,2.511820976016804815e-03
3.451540713999999843e-01,2.511807570663233697e-03
3.451600992000000145e-01,2.511803102238142384e-03
3.452384521999999900e-01,2.511745014185999287e-03
3.452565310999999859e-01,2.511731609538700883e-03
3.452746090000000101e-01,2.511718205018693018e-03
3.452806347999999859e-01,2.511713736908243681e-03
3.453288373000000244e-01,2.511677992309939867e-03
3.453469114000000117e-01,2.511664588337259377e-03
3.453529359999999993e-01,2.511660120410561924e-03
3.453770330000000000e-01,2.511642248651136701e-03
3.454011283000000265e-01,2.511624377157330602e-03
3.454252219999999762e-01,2.511606505846836201e-03
3.454794265999999725e-01,2.511566296308389082e-03
3.454974928999999806e-01,2.511552893342949323e-03
3.455396439000000264e-01,2.511521620291619784e-03
3.455697486000000040e-01,2.511499282795532154e-03
3.456179106999999751e-01,2.511463543602561639e-03
3.456359697999999980e-01,2.511450141655198129e-03
3.456600470999999786e-01,2.511432272518149180e-03
3.456720851000000261e-01,2.511423338012663473e-03
3.456901412999999756e-01,2.511409936417666969e-03
3.457623568000000036e-01,2.511356331282365434e-03
3.457683740999999977e-01,2.511351864288216291e-03
3.458044755999999942e-01,2.511325062555738816e-03
3.458165086000000166e-01,2.511316128739123511e-03
3.458345573000000117e-01,2.511302728125887253e-03
3.458526049999999796e-01,2.511289327690382090e-03
3.458586207000000079e-01,2.511284860890976908e-03
3.458646362999999724e-01,2.511280394120607960e-03
3.459067425999999834e-01,2.511249127045713046e-03
3.459308010000000100e-01,2.511231260430875269e-03
3.459608717000000055e-01,2.511208927478049240e-03
3.460029662999999922e-01,2.511177661935931268e-03
3.460210053000000174e-01,2.511164262629217176e-03
3.460570803999999945e-01,2.511137464452090594e-03
3.460751165000000018e-01,2.511124065508114553e-03
3.461051747000000178e-01,2.511101734267268473e-03
3.461232082999999848e-01,2.511088335690408492e-03
3.461472516999999915e-01,2.511070471056912889e-03
3.461893235999999874e-01,2.511039208585614559e-03
3.462013432000000113e-01,2.511030276525486570e-03
3.462373994999999871e-01,2.511003480830924488e-03
3.462674434999999939e-01,2.510981151444942328e-03
3.462854686999999876e-01,2.510967753983329564e-03
3.462914769000000059e-01,2.510963288251235551e-03
3.462974850000000160e-01,2.510958822404304146e-03
3.463395385999999965e-01,2.510927562379522329e-03
3.463815872000000073e-01,2.510896303003162799e-03
3.463936000999999765e-01,2.510887371863732356e-03
3.464056126000000235e-01,2.510878440798053682e-03
3.464116186999999791e-01,2.510873975316851858e-03
3.464596637999999840e-01,2.510838251696271943e-03
3.464836837999999974e-01,2.510820390256049677e-03
3.464896886000000120e-01,2.510815924913887675e-03
3.465016978000000081e-01,2.510806994307545562e-03
3.466217667000000002e-01,2.510717691097183804e-03
3.466277690999999828e-01,2.510713226112275959e-03
3.466337713000000043e-01,2.510708761123985836e-03
3.466697825999999760e-01,2.510681971423057730e-03
3.466757842000000034e-01,2.510677506538147152e-03
3.466997891999999970e-01,2.510659647072429213e-03
3.467777941999999891e-01,2.510601605336780159e-03
3.467897933999999904e-01,2.510592676087553855e-03
3.467957928000000023e-01,2.510588211503264784e-03
3.468137904999999965e-01,2.510574817724175924e-03
3.468257885000000096e-01,2.510565888569106074e-03
3.468437846999999907e-01,2.510552495037967746e-03
3.468677781000000238e-01,2.510534637105091369e-03
3.468857720999999894e-01,2.510521243862485260e-03
3.469157600000000174e-01,2.510498921993856592e-03
3.469217572000000138e-01,2.510494457680792404e-03
3.469397484000000254e-01,2.510481064743780820e-03
3.469577387000000179e-01,2.510467671937116358e-03
3.469877203000000243e-01,2.510445350959945605e-03
3.470057080999999766e-01,2.510431958552804006e-03
3.470656605999999922e-01,2.510387317946767213e-03
3.470776497999999988e-01,2.510378390018848122e-03
3.470836442999999938e-01,2.510373926090983185e-03
3.471076210999999856e-01,2.510356070416064952e-03
3.471495766000000094e-01,2.510324823494213334e-03
3.471555698000000079e-01,2.510320359751612093e-03
3.471615630000000063e-01,2.510315895914221659e-03
3.471735489000000174e-01,2.510306968470032377e-03
3.472095042000000187e-01,2.510280186276561167e-03
3.472574388999999928e-01,2.510244477537743307e-03
3.472754127000000079e-01,2.510231086953951338e-03
3.473233381999999980e-01,2.510195379425605739e-03
3.473892250000000237e-01,2.510146282985405933e-03
3.474012031000000000e-01,2.510137356563013449e-03
3.474191695000000135e-01,2.510123966978872797e-03
3.474371348999999998e-01,2.510110577586119416e-03
3.474431230999999731e-01,2.510106114414205770e-03
3.474610873000000266e-01,2.510092725194230413e-03
3.474910256000000031e-01,2.510070409993446407e-03
3.475149743000000013e-01,2.510052558173121468e-03
3.475868106000000179e-01,2.509999003829722734e-03
3.475927963000000065e-01,2.509994541064008901e-03
3.476346932000000112e-01,2.509963302056160504e-03
3.476406779999999808e-01,2.509958839410587547e-03
3.476526475000000227e-01,2.509949914166401033e-03
3.476586320000000230e-01,2.509945451552504560e-03
3.477065046999999742e-01,2.509909751123345651e-03
3.477304386000000247e-01,2.509891901272101860e-03
3.477483880000000194e-01,2.509878513996220695e-03
3.477543708999999983e-01,2.509874051599948752e-03
3.477783013999999895e-01,2.509856202183804400e-03
3.477842837999999825e-01,2.509851739860634139e-03
3.478022304000000231e-01,2.509838353008313899e-03
3.478321393000000095e-01,2.509816041812139038e-03
3.478500833000000014e-01,2.509802655267350142e-03
3.478740073000000099e-01,2.509784806695117970e-03
3.479158703999999935e-01,2.509753572276575070e-03
3.479278303000000183e-01,2.509744648328601693e-03
3.479637077000000134e-01,2.509717876722959706e-03
3.479696869000000192e-01,2.509713414783338974e-03
3.479756660000000168e-01,2.509708952897817327e-03
3.479936027000000154e-01,2.509695567341675530e-03
3.480175167999999819e-01,2.509677720171881853e-03
3.480713175999999853e-01,2.509637564823260104e-03
3.481191336000000192e-01,2.509601872044937322e-03
3.481310865999999726e-01,2.509592949059519067e-03
3.481370629000000161e-01,2.509588487526475016e-03
3.481609672000000044e-01,2.509570641652496790e-03
3.482087708000000115e-01,2.509534950647426994e-03
3.482147458000000029e-01,2.509530489280087200e-03
3.483043584000000137e-01,2.509463571146838996e-03
3.483222780999999935e-01,2.509450187962884715e-03
3.483461696999999857e-01,2.509432343810938295e-03
3.483521423000000006e-01,2.509427882820270284e-03
3.484058915000000090e-01,2.509387734449348636e-03
3.484238060000000026e-01,2.509374351871459033e-03
3.484536615000000115e-01,2.509352047932523252e-03
3.484954549000000013e-01,2.509320823008726487e-03
3.485014249999999758e-01,2.509316362386929643e-03
3.485133648000000028e-01,2.509307441084856691e-03
3.485193346000000081e-01,2.509302980490373935e-03
3.485372433000000214e-01,2.509289598723811032e-03
3.485849952999999779e-01,2.509253914706460666e-03
3.485909638999999949e-01,2.509249454252209920e-03
3.486088688999999796e-01,2.509236072995360382e-03
3.486387085000000052e-01,2.509213771225214488e-03
3.487103133000000188e-01,2.509160248315573695e-03
3.487282121999999984e-01,2.509146867952607649e-03
3.487997984999999801e-01,2.509093347563753386e-03
3.488057634000000240e-01,2.509088887637148709e-03
3.488296217999999893e-01,2.509071048039955565e-03
3.488355861999999918e-01,2.509066588168803492e-03
3.488534785999999888e-01,2.509053208605137742e-03
3.488713701999999750e-01,2.509039829223890742e-03
3.488832974000000142e-01,2.509030909669523503e-03
3.489250393000000172e-01,2.508999691743791192e-03
3.489310019999999901e-01,2.508995232109134839e-03
3.489488895999999785e-01,2.508981853222744165e-03
3.489787001999999916e-01,2.508959555435011195e-03
3.489965852999999951e-01,2.508946176879869004e-03
3.490204306999999950e-01,2.508928339032675744e-03
3.490442744999999736e-01,2.508910501444475399e-03
3.490740768999999744e-01,2.508888204659300274e-03
3.490859970999999895e-01,2.508879286071951167e-03
3.490919571000000166e-01,2.508874826826900696e-03
3.491217555000000194e-01,2.508852530681571821e-03
3.491634688999999958e-01,2.508821316663139341e-03
3.491813444999999905e-01,2.508807939406984978e-03
3.492111352999999752e-01,2.508785644304240524e-03
3.492170930999999867e-01,2.508781185299667395e-03
3.492528380000000099e-01,2.508754431699744721e-03
3.492587951000000190e-01,2.508749972874843408e-03
3.492647521999999727e-01,2.508745513942708862e-03
3.493004921999999790e-01,2.508718761066112534e-03
3.493064484999999775e-01,2.508714302271710696e-03
3.493124047000000232e-01,2.508709843562609981e-03
3.493719612999999780e-01,2.508665256676227782e-03
3.493779162999999799e-01,2.508660798130881494e-03
3.494076903000000178e-01,2.508638505281485589e-03
3.494255534999999857e-01,2.508625129789154255e-03
3.494493696000000038e-01,2.508607295943180489e-03
3.494969969999999759e-01,2.508571628905281389e-03
3.495029499000000262e-01,2.508567170598055823e-03
3.495505700000000049e-01,2.508531504629840127e-03
3.496398401999999961e-01,2.508464633265883054e-03
3.496457907000000143e-01,2.508460175278847109e-03
3.496576914000000258e-01,2.508451259365771999e-03
3.496814918000000216e-01,2.508433427740439439e-03
3.496874415999999819e-01,2.508428969832205910e-03
3.497112399000000260e-01,2.508411138423842588e-03
3.497528830000000144e-01,2.508379934062954404e-03
3.497826250000000137e-01,2.508357645586467219e-03
3.497885730999999998e-01,2.508353187987923897e-03
3.498064168000000196e-01,2.508339815111999219e-03
3.498361542999999796e-01,2.508317527316145101e-03
3.498718358999999833e-01,2.508290782379039852e-03
3.499312971999999911e-01,2.508246208645759090e-03
3.499491337000000257e-01,2.508232836845754148e-03
3.499788589999999755e-01,2.508210550691672251e-03
3.499966930000000254e-01,2.508197179194131092e-03
3.500383020999999761e-01,2.508165979424839109e-03
3.500620765999999939e-01,2.508148151305949949e-03
3.500680199000000270e-01,2.508143694370817359e-03
3.500917922999999821e-01,2.508125866518047791e-03
3.501393322999999946e-01,2.508090211532281854e-03
3.501690415000000001e-01,2.508067927656133008e-03
3.502106301999999838e-01,2.508036730706586764e-03
3.502165709999999765e-01,2.508032274056437149e-03
3.502284522999999927e-01,2.508023360868491623e-03
3.502640940000000258e-01,2.507996621398543482e-03
3.502819134999999862e-01,2.507983251911343435e-03
3.503056714000000182e-01,2.507965426095506555e-03
3.503234887000000186e-01,2.507952056879151487e-03
3.503294276999999735e-01,2.507947600493398883e-03
3.503531823000000101e-01,2.507929775140318573e-03
3.503769353999999780e-01,2.507911949952130234e-03
3.503947491000000136e-01,2.507898581225201373e-03
3.504066243999999775e-01,2.507889668827952782e-03
3.504897404000000272e-01,2.507827283514577933e-03
3.504956765000000196e-01,2.507822827501289542e-03
3.505016125000000038e-01,2.507818371537514929e-03
3.505134842000000028e-01,2.507809459592807554e-03
3.505194199000000177e-01,2.507805003686114018e-03
3.505431616999999944e-01,2.507787180083288162e-03
3.505490969000000234e-01,2.507782724235596040e-03
3.505906403999999865e-01,2.507751533525420795e-03
3.506618464999999851e-01,2.507698065413572173e-03
3.507033767000000135e-01,2.507666876599882935e-03
3.507567654000000035e-01,2.507626777708305086e-03
3.507804911999999886e-01,2.507608956337390501e-03
3.507864223000000115e-01,2.507604501018992002e-03
3.507982843999999933e-01,2.507595590423911201e-03
3.508042152999999996e-01,2.507591135154385500e-03
3.508220073000000161e-01,2.507577769494232639e-03
3.508516587000000131e-01,2.507555493562141965e-03
3.508694482999999975e-01,2.507542128196266294e-03
3.508753780000000155e-01,2.507537673057168813e-03
3.508931664000000117e-01,2.507524307857652689e-03
3.509228118000000118e-01,2.507502032785131809e-03
3.509287406000000109e-01,2.507497577788790361e-03
3.509465263000000057e-01,2.507484212914870992e-03
3.509643110999999815e-01,2.507470848224657104e-03
3.509761671000000138e-01,2.507461938509354324e-03
3.510117328999999842e-01,2.507435209588991260e-03
3.510176601000000174e-01,2.507430754814873094e-03
3.510828535000000139e-01,2.507381753296439916e-03
3.511184084000000261e-01,2.507355025917207790e-03
3.511361846000000120e-01,2.507341662423717178e-03
3.511598846000000274e-01,2.507323844613073161e-03
3.511835830999999741e-01,2.507306026962618280e-03
3.512072800000000106e-01,2.507288209642095228e-03
3.512132040000000011e-01,2.507283755304619104e-03
3.512309753000000256e-01,2.507270392447572948e-03
3.512487456999999758e-01,2.507257029749592695e-03
3.512605920999999909e-01,2.507248121334828585e-03
3.512783609999999834e-01,2.507234758819041134e-03
3.513494276999999943e-01,2.507181310038686384e-03
3.513671921000000031e-01,2.507167948182058292e-03
3.513731133999999923e-01,2.507163494188725285e-03
3.513908766000000128e-01,2.507150132526365840e-03
3.514027183000000276e-01,2.507141224737941855e-03
3.514500809000000170e-01,2.507105594359154699e-03
3.514619205000000246e-01,2.507096686926733268e-03
3.514974370999999764e-01,2.507069964825471911e-03
3.515329501000000190e-01,2.507043243280528133e-03
3.515862128000000197e-01,2.507003161885847011e-03
3.516098825000000261e-01,2.506985348264539372e-03
3.516572171999999830e-01,2.506949721792949698e-03
3.517045455999999737e-01,2.506914096135526900e-03
3.517222921000000002e-01,2.506900736789075771e-03
3.517459526000000225e-01,2.506882924403447226e-03
3.517814404999999867e-01,2.506856206400394187e-03
3.517991831000000236e-01,2.506842847568903961e-03
3.518228385000000125e-01,2.506825035939670796e-03
3.518701445999999899e-01,2.506789413462251134e-03
3.519174441999999847e-01,2.506753791768468083e-03
3.519410916999999861e-01,2.506735981322984197e-03
3.519588263000000272e-01,2.506722623565094815e-03
3.519706488000000077e-01,2.506713718515740652e-03
3.520061139999999811e-01,2.506687003594105546e-03
3.520297554999999856e-01,2.506669193989170645e-03
3.520652148000000259e-01,2.506642479920351621e-03
3.520829430999999898e-01,2.506629123049924218e-03
3.521124883000000261e-01,2.506606861928552601e-03
3.521479391999999820e-01,2.506580149064371529e-03
3.521538472999999891e-01,2.506575696951159147e-03
3.522011089000000039e-01,2.506540080684018304e-03
3.522188304000000159e-01,2.506526724791808842e-03
3.522483640999999888e-01,2.506504465295257295e-03
3.522542705999999746e-01,2.506500013384672324e-03
3.522897072999999768e-01,2.506473302531069154e-03
3.522956130000000075e-01,2.506468850741524514e-03
3.523015186999999826e-01,2.506464399003012836e-03
3.523133297000000108e-01,2.506455495510282860e-03
3.523428556000000045e-01,2.506433237103626414e-03
3.523664745000000265e-01,2.506415430591232060e-03
3.523841876000000095e-01,2.506402075908753697e-03
3.524078037999999746e-01,2.506384269821277690e-03
3.524845453000000073e-01,2.506326401547415237e-03
3.524904477999999952e-01,2.506321950206969688e-03
3.525022525000000018e-01,2.506313047651631803e-03
3.525081547000000204e-01,2.506308596394482471e-03
3.525258607000000266e-01,2.506295242672210415e-03
3.525376641999999894e-01,2.506286340264734288e-03
3.525789733999999953e-01,2.506255182310121628e-03
3.526261780000000123e-01,2.506219573943428008e-03
3.526733761999999994e-01,2.506183966525557874e-03
3.526792756000000084e-01,2.506179515686069673e-03
3.527146695000000221e-01,2.506152810774596972e-03
3.527677537999999724e-01,2.506112754409319746e-03
3.527854468000000132e-01,2.506099402549637634e-03
3.528208300999999825e-01,2.506072699139091919e-03
3.528385204000000219e-01,2.506059347641792241e-03
3.528621061000000170e-01,2.506041545801814419e-03
3.528797944000000020e-01,2.506028194601249166e-03
3.529092728000000068e-01,2.506005942841410365e-03
3.529151682000000179e-01,2.506001492509556030e-03
3.529328538000000015e-01,2.505988141690267818e-03
3.529623277999999753e-01,2.505965890576941808e-03
3.530035872999999769e-01,2.505934739546110141e-03
3.530448420000000254e-01,2.505903589197395597e-03
3.530566282000000000e-01,2.505894689272730735e-03
3.530684138999999888e-01,2.505885789348741982e-03
3.530743067000000068e-01,2.505881339416078744e-03
3.530978766000000268e-01,2.505863539807404172e-03
3.531214449999999783e-01,2.505845740436821699e-03
3.531391202999999979e-01,2.505832391016610955e-03
3.531509032999999853e-01,2.505823491539892894e-03
3.531980314000000010e-01,2.505787894015512867e-03
3.532333733999999947e-01,2.505761196468390614e-03
3.532569327000000259e-01,2.505743398355557254e-03
3.532628223000000012e-01,2.505738948871601059e-03
3.532863796999999861e-01,2.505721151032561708e-03
3.533511543999999782e-01,2.505672208128290664e-03
3.533570423999999877e-01,2.505667758887912197e-03
3.533864810999999828e-01,2.505645512754536668e-03
3.534041431000000122e-01,2.505632165201708041e-03
3.534276909999999883e-01,2.505614368731695976e-03
3.534747822000000039e-01,2.505578776443911394e-03
3.534806682000000144e-01,2.505574327440417658e-03
3.534983254999999880e-01,2.505560980648365455e-03
3.535159818999999981e-01,2.505547633897822583e-03
3.535277524000000060e-01,2.505538736154866095e-03
3.535454073000000030e-01,2.505525389589405641e-03
3.535748302000000232e-01,2.505503145711655052e-03
3.536219018999999797e-01,2.505467556180153085e-03
3.536395520999999764e-01,2.505454210291907426e-03
3.536572015000000180e-01,2.505440864603735232e-03
3.537277900999999947e-01,2.505387482988216240e-03
3.537336717999999824e-01,2.505383034547466799e-03
3.537571978999999867e-01,2.505365241190006184e-03
3.538101256999999777e-01,2.505325206898363546e-03
3.538454065000000148e-01,2.505298517985247563e-03
3.538512863000000119e-01,2.505294069877414976e-03
3.538983211000000240e-01,2.505258485515037253e-03
3.539042001000000104e-01,2.505254037602253937e-03
3.539512278999999983e-01,2.505218454213060855e-03
3.539688617000000259e-01,2.505205110718557518e-03
3.539864945999999790e-01,2.505191767326647029e-03
3.539923721000000079e-01,2.505187319599329072e-03
3.540100037999999727e-01,2.505173976325236231e-03
3.540452646999999731e-01,2.505147290236710202e-03
3.540628939000000086e-01,2.505133947409889355e-03
3.541099006000000271e-01,2.505098367059159416e-03
3.541334016000000084e-01,2.505080577208756726e-03
3.541569010999999767e-01,2.505062787651450747e-03
3.541803989999999791e-01,2.505044998232191025e-03
3.541862732000000125e-01,2.505040550930426324e-03
3.541980214000000071e-01,2.505031656340094698e-03
3.542215164999999999e-01,2.505013867319055496e-03
3.542332635000000063e-01,2.505004972964073803e-03
3.542508832999999857e-01,2.504991631394189351e-03
3.542685022000000017e-01,2.504978290009106726e-03
3.542743749999999747e-01,2.504973842927470194e-03
3.542919927000000024e-01,2.504960501643418297e-03
3.543213535999999997e-01,2.504938266572617669e-03
3.543918099999999738e-01,2.504884903720357853e-03
3.544152923000000177e-01,2.504867116559774017e-03
3.544622523000000025e-01,2.504831542867337786e-03
3.544798606999999824e-01,2.504818203003961099e-03
3.544857298999999906e-01,2.504813756353444117e-03
3.545150747999999963e-01,2.504791523582059354e-03
3.545561535999999792e-01,2.504760398187880644e-03
3.545796250000000094e-01,2.504742612572970553e-03
3.546089620999999803e-01,2.504720380859807010e-03
3.546441633999999898e-01,2.504693703262282720e-03
3.546969589000000256e-01,2.504653687769755992e-03
3.547438815999999773e-01,2.504618119426672233e-03
3.547497465000000183e-01,2.504613673494845549e-03
3.547614760000000200e-01,2.504604781529767236e-03
3.547907980000000183e-01,2.504582552007636204e-03
3.547966622000000014e-01,2.504578106108087954e-03
3.548142539999999956e-01,2.504564768623822931e-03
3.548435717000000267e-01,2.504542539619963523e-03
3.548552980999999940e-01,2.504533648174957477e-03
3.548846124000000213e-01,2.504511419727194470e-03
3.548904749999999830e-01,2.504506974043159591e-03
3.549080620999999769e-01,2.504493637230252069e-03
3.549373720999999815e-01,2.504471409366727883e-03
3.549490954000000253e-01,2.504462518327147096e-03
3.549549569000000071e-01,2.504458072840746660e-03
3.549725408000000137e-01,2.504444736439166361e-03
3.550018455000000239e-01,2.504422509372991774e-03
3.550311476999999938e-01,2.504400282652725820e-03
3.550428679000000032e-01,2.504391392095788472e-03
3.550487278000000191e-01,2.504386946775417119e-03
3.550780262000000076e-01,2.504364720599112741e-03
3.550956040000000091e-01,2.504351385089569754e-03
3.551366155999999830e-01,2.504320269281983848e-03
3.551600487000000084e-01,2.504302489230025332e-03
3.551659066999999781e-01,2.504298044225195842e-03
3.552186245999999770e-01,2.504258039832482456e-03
3.552361955000000182e-01,2.504244705308936777e-03
3.552596219999999971e-01,2.504226926121906182e-03
3.552654784000000010e-01,2.504222481345886285e-03
3.553240368999999732e-01,2.504178034498438527e-03
3.553298921999999971e-01,2.504173589854259783e-03
3.553474576000000273e-01,2.504160256159451356e-03
3.553591674000000089e-01,2.504151367005927418e-03
3.554177104999999837e-01,2.504106922357417740e-03
3.554235641999999862e-01,2.504102478046075619e-03
3.554469784000000021e-01,2.504084700597425731e-03
3.554703909999999967e-01,2.504066923391976267e-03
3.554879494000000029e-01,2.504053590655758686e-03
3.554996545999999924e-01,2.504044702229746549e-03
3.555347676999999762e-01,2.504018037302914012e-03
3.555406194999999880e-01,2.504013593139173439e-03
3.555932819000000022e-01,2.503973596738694532e-03
3.556108342000000033e-01,2.503960264916161443e-03
3.556576363000000240e-01,2.503924713873245927e-03
3.557336765999999928e-01,2.503866945268377019e-03
3.557512219999999781e-01,2.503853614398384060e-03
3.557687666000000082e-01,2.503840283591612231e-03
3.557921580000000250e-01,2.503822509475774234e-03
3.557980056000000224e-01,2.503818065979294613e-03
3.558213950999999931e-01,2.503800292112581989e-03
3.558681694999999978e-01,2.503764745029665468e-03
3.558740159000000070e-01,2.503760301688558523e-03
3.559090920999999907e-01,2.503733642066782294e-03
3.559383195999999971e-01,2.503711426099044547e-03
3.559616998999999837e-01,2.503693653524085086e-03
3.560142998999999975e-01,2.503653666150935844e-03
3.560552055999999799e-01,2.503622565604563671e-03
3.560610489000000101e-01,2.503618122764495607e-03
3.560785781999999955e-01,2.503604794186515582e-03
3.560961067000000257e-01,2.503591465782074692e-03
3.561077918000000175e-01,2.503582580217283797e-03
3.561545286000000199e-01,2.503547038541710686e-03
3.561662118000000210e-01,2.503538153323108580e-03
3.562012592000000089e-01,2.503511497799203265e-03
3.562187815999999785e-01,2.503498170217751621e-03
3.562363031999999929e-01,2.503484842828519481e-03
3.562421434999999970e-01,2.503480400393450368e-03
3.562596639000000232e-01,2.503467073099237706e-03
3.562655037999999941e-01,2.503462630751515823e-03
3.562888626999999864e-01,2.503444861274377407e-03
3.563122199000000045e-01,2.503427092022075199e-03
3.563589299000000099e-01,2.503391554255939965e-03
3.564231460999999768e-01,2.503342691331292540e-03
3.564289833000000018e-01,2.503338249267849768e-03
3.564464944999999885e-01,2.503324923376776430e-03
3.564756780000000180e-01,2.503302713754877035e-03
3.564815143999999769e-01,2.503298271878430948e-03
3.565223665000000208e-01,2.503267179083191411e-03
3.565282021000000245e-01,2.503262737283111754e-03
3.565690489000000185e-01,2.503231645286674648e-03
3.565748838000000198e-01,2.503227203684929830e-03
3.565923878000000213e-01,2.503213878719754738e-03
3.566390610999999877e-01,2.503178346302443319e-03
3.566565620000000103e-01,2.503165021831311836e-03
3.567090594999999809e-01,2.503125049276840996e-03
3.567148921000000139e-01,2.503120607950900731e-03
3.567323893000000079e-01,2.503107284077589218e-03
3.567615492999999804e-01,2.503085077838818236e-03
3.567790442000000062e-01,2.503071754254311727e-03
3.568023693999999857e-01,2.503053989717011346e-03
3.568198623000000125e-01,2.503040666388419051e-03
3.568431847999999906e-01,2.503022902253145606e-03
3.568723357999999957e-01,2.503000697347045576e-03
3.568898252000000104e-01,2.502987374588259203e-03
3.569014844000000242e-01,2.502978492784882231e-03
3.569422883999999740e-01,2.502947406950222810e-03
3.569889158999999812e-01,2.502911881160699986e-03
3.569947439000000222e-01,2.502907440535815254e-03
3.570122273999999929e-01,2.502894118593511612e-03
3.570413646000000218e-01,2.502871915683491533e-03
3.570588457000000160e-01,2.502858594145346369e-03
3.570821525999999801e-01,2.502840832219644859e-03
3.571287618000000275e-01,2.502805309012564542e-03
3.571345875999999975e-01,2.502800868710615065e-03
3.571811899999999818e-01,2.502765346598173450e-03
3.571986643000000239e-01,2.502752026025667313e-03
3.572161377999999998e-01,2.502738705553668452e-03
3.572219621000000123e-01,2.502734265396414429e-03
3.572685529999999887e-01,2.502698744917664694e-03
3.572743764999999905e-01,2.502694304953111560e-03
3.572860231000000164e-01,2.502685424992022629e-03
3.572918462999999933e-01,2.502680985017612363e-03
3.573209606000000149e-01,2.502658785413628718e-03
3.573384280999999940e-01,2.502645465825935073e-03
3.573617168000000066e-01,2.502627706620940470e-03
3.573791822999999868e-01,2.502614387299242384e-03
3.574082894999999760e-01,2.502592188710461851e-03
3.574141107000000095e-01,2.502587749089723972e-03
3.574606766000000269e-01,2.502552232258208227e-03
3.574723172000000004e-01,2.502543353127019247e-03
3.575014168999999797e-01,2.502521155756780042e-03
3.575246948999999952e-01,2.502503398058693752e-03
3.575537903000000073e-01,2.502481201185967601e-03
3.575654278000000019e-01,2.502472322594107620e-03
3.575712463999999868e-01,2.502467883274961825e-03
3.576177918999999816e-01,2.502432369424845062e-03
3.576352448999999822e-01,2.502419051941674570e-03
3.576585141999999995e-01,2.502401295534121498e-03
3.576934153999999921e-01,2.502374661345053292e-03
3.577108647000000197e-01,2.502361344382137646e-03
3.577283130999999727e-01,2.502348027535040379e-03
3.577399448999999954e-01,2.502339149735483253e-03
3.577573918999999991e-01,2.502325833173302174e-03
3.577748380999999922e-01,2.502312516706674001e-03
3.577864684000000017e-01,2.502303639156053597e-03
3.578271715999999936e-01,2.502272568043407280e-03
3.578329859000000113e-01,2.502268129364969024e-03
3.578446142999999746e-01,2.502259252052731718e-03
3.578504283999999758e-01,2.502254813406808685e-03
3.578969375000000119e-01,2.502219304873374347e-03
3.579143768999999975e-01,2.502205989398741288e-03
3.579725020000000257e-01,2.502161605422584603e-03
3.580189952999999758e-01,2.502126099142668383e-03
3.580364287000000201e-01,2.502112784588140029e-03
3.580596719999999955e-01,2.502095031994579916e-03
3.581061540000000099e-01,2.502059527368990111e-03
3.581293926999999933e-01,2.502041775475726156e-03
3.581468206999999793e-01,2.502028461602026892e-03
3.581526299000000191e-01,2.502024023729198122e-03
3.581584389999999951e-01,2.502019585803896135e-03
3.581758655999999763e-01,2.502006272256304068e-03
3.582165245000000220e-01,2.501975207615555856e-03
3.582455636999999915e-01,2.501953019059375508e-03
3.582862145999999859e-01,2.501921955572685916e-03
3.582978283000000097e-01,2.501913080439786049e-03
3.583094417000000087e-01,2.501904205393982311e-03
3.583152481999999917e-01,2.501899767803421673e-03
3.583849190999999768e-01,2.501846518637904603e-03
3.584023347999999998e-01,2.501833206634973637e-03
3.584081398000000251e-01,2.501828769296159539e-03
3.584719887999999743e-01,2.501779959909561975e-03
3.584777927000000197e-01,2.501775522816581613e-03
3.585300235000000169e-01,2.501735589178663479e-03
3.585474321000000075e-01,2.501722278205022881e-03
3.585706422000000115e-01,2.501704530455409192e-03
3.585938508000000025e-01,2.501686782950659528e-03
3.586228593999999936e-01,2.501664598829095483e-03
3.586692684000000186e-01,2.501629105016171112e-03
3.587040711999999743e-01,2.501602485213537223e-03
3.587156713999999913e-01,2.501593612093432669e-03
3.587330709000000062e-01,2.501580302437105951e-03
3.587504696000000104e-01,2.501566992953489603e-03
3.587562690000000165e-01,2.501562556449194157e-03
3.588026606999999979e-01,2.501527065144459622e-03
3.588258543000000245e-01,2.501509319845050035e-03
3.588548442000000227e-01,2.501487138538499837e-03
3.588722369999999828e-01,2.501473829937201146e-03
3.588896289999999878e-01,2.501460521389317626e-03
3.588954261000000256e-01,2.501456085278679509e-03
3.589475961999999964e-01,2.501416160603423585e-03
3.589591885000000260e-01,2.501407288579225816e-03
3.590287343999999936e-01,2.501354057845344737e-03
3.590345293000000160e-01,2.501349622035277821e-03
3.590403240999999745e-01,2.501345186178652660e-03
3.590519133999999779e-01,2.501336314650776192e-03
3.590808851000000246e-01,2.501314136013764629e-03
3.590866790999999725e-01,2.501309700362652592e-03
3.591214414000000188e-01,2.501283086523382621e-03
3.591330280999999736e-01,2.501274215298765306e-03
3.591735785999999875e-01,2.501243166697622502e-03
3.591967482999999794e-01,2.501225424925688536e-03
3.592372915000000000e-01,2.501194377386978425e-03
3.592430831000000269e-01,2.501189941993002281e-03
3.592604570999999858e-01,2.501176636198811434e-03
3.592720393000000123e-01,2.501167765678429401e-03
3.593125741000000040e-01,2.501136719358566796e-03
3.593299447000000146e-01,2.501123414027837683e-03
3.593588939999999843e-01,2.501101238695482148e-03
3.593820516999999826e-01,2.501083498665377085e-03
3.593994188999999895e-01,2.501070193814648561e-03
3.594052079000000233e-01,2.501065758847148979e-03
3.594457275999999868e-01,2.501034714782679729e-03
3.594515158000000099e-01,2.501030279954029149e-03
3.594978178000000080e-01,2.500994801968327557e-03
3.595036051000000121e-01,2.500990367245283039e-03
3.595151795000000039e-01,2.500981497930046798e-03
3.595209664999999832e-01,2.500977063259364041e-03
3.595499003000000027e-01,2.500954890266835623e-03
3.595672595000000138e-01,2.500941586577086831e-03
3.596077610000000258e-01,2.500910545201395167e-03
3.596366878999999739e-01,2.500888373163254359e-03
3.596424730000000181e-01,2.500883938797155651e-03
3.596598276999999899e-01,2.500870635819102752e-03
3.596887503000000263e-01,2.500848464433630836e-03
3.597292382000000233e-01,2.500817425124422008e-03
3.597755044000000013e-01,2.500781952373313122e-03
3.597986353000000026e-01,2.500764216361038399e-03
3.598159824000000118e-01,2.500750914437475762e-03
3.598217646999999908e-01,2.500746480484721760e-03
3.598448926000000214e-01,2.500728744926434578e-03
3.598622375000000151e-01,2.500715443397522834e-03
3.598680189999999834e-01,2.500711009573081556e-03
3.599662896999999973e-01,2.500635636737825844e-03
3.599778491000000247e-01,2.500626769586843622e-03
3.600009670000000050e-01,2.500609035480311822e-03
3.600067463000000134e-01,2.500604602010596342e-03
3.600298623000000031e-01,2.500586868165689033e-03
3.600529767999999797e-01,2.500569134571061988e-03
3.600587552000000247e-01,2.500564701258521129e-03
3.600703116999999787e-01,2.500555834544608991e-03
3.601049791000000000e-01,2.500529234817259420e-03
3.601627506000000256e-01,2.500484903051839337e-03
3.601858566000000206e-01,2.500467170715744633e-03
3.601916327999999945e-01,2.500462737657932304e-03
3.602147370000000071e-01,2.500445005543687482e-03
3.602320641000000268e-01,2.500431706713737885e-03
3.602609407999999847e-01,2.500409542105918627e-03
3.602840405000000135e-01,2.500391810749672938e-03
3.602898151999999743e-01,2.500387377941709361e-03
3.603302354999999846e-01,2.500356348669813527e-03
3.603360094999999985e-01,2.500351915893372044e-03
3.603475570999999933e-01,2.500343050564544662e-03
3.603533307999999824e-01,2.500338617893575668e-03
3.603821978000000259e-01,2.500316454794856546e-03
3.603995167999999860e-01,2.500303157083525601e-03
3.604456970000000093e-01,2.500267697164750003e-03
3.604687849000000055e-01,2.500249967582520143e-03
3.604745565999999957e-01,2.500245535180351756e-03
3.605091851000000180e-01,2.500218941310493759e-03
3.605380396000000265e-01,2.500196780068011590e-03
3.606072810000000017e-01,2.500143594492070399e-03
3.606130504999999764e-01,2.500139162437043597e-03
3.606245893000000202e-01,2.500130298381051351e-03
3.606303585000000256e-01,2.500125866411914612e-03
3.606592033000000086e-01,2.500103706574742773e-03
3.606938140000000015e-01,2.500077115292125528e-03
3.606995821999999796e-01,2.500072683492436578e-03
3.607053501999999967e-01,2.500068251697613094e-03
3.607168860000000143e-01,2.500059388037793526e-03
3.607687925999999989e-01,2.500019502582631788e-03
3.607976263000000072e-01,2.499997344404604992e-03
3.608149254999999944e-01,2.499984049722181467e-03
3.608898788000000080e-01,2.499926440776071863e-03
3.609014086999999815e-01,2.499917578043956822e-03
3.609071735000000114e-01,2.499913146724657906e-03
3.609763441000000128e-01,2.499859971706798467e-03
3.609936347000000101e-01,2.499846678280361143e-03
3.610224504999999806e-01,2.499824522875809373e-03
3.610282134000000198e-01,2.499820091784675600e-03
3.610685509000000071e-01,2.499789074928457193e-03
3.610743130999999884e-01,2.499784643946610131e-03
3.610915989999999853e-01,2.499771351267084021e-03
3.611088840000000189e-01,2.499758058598203908e-03
3.611146454999999977e-01,2.499753627822534369e-03
3.611204069000000239e-01,2.499749197000544678e-03
3.611607341999999998e-01,2.499718181569693474e-03
3.611780159999999906e-01,2.499704889452605480e-03
3.612125769999999791e-01,2.499678305662195177e-03
3.612298561999999769e-01,2.499665013912926673e-03
3.612471347000000277e-01,2.499651722296079154e-03
3.612701712999999981e-01,2.499634000321077944e-03
3.612759301999999839e-01,2.499629569886246874e-03
3.613047234999999802e-01,2.499607417833046418e-03
3.613219984000000107e-01,2.499594126757855028e-03
3.613392724000000222e-01,2.499580835820356881e-03
3.613507879999999783e-01,2.499571975244722129e-03
3.613910894999999845e-01,2.499540963702198085e-03
3.614313866000000153e-01,2.499509952842026220e-03
3.614371430000000163e-01,2.499505522832841647e-03
3.614601674999999847e-01,2.499487802655369142e-03
3.614774349000000053e-01,2.499474512705148095e-03
3.615292321999999947e-01,2.499434643629916755e-03
3.615349869999999743e-01,2.499430213769178975e-03
3.615464963999999726e-01,2.499421354100033084e-03
3.615752681000000135e-01,2.499399205327518681e-03
3.615982837999999755e-01,2.499381486488878867e-03
3.616385577999999823e-01,2.499350479133484633e-03
3.616443107999999795e-01,2.499346049571501797e-03
3.616615695000000019e-01,2.499332760968913259e-03
3.616673221999999743e-01,2.499328331446970010e-03
3.617651040000000040e-01,2.499253031778436111e-03
3.618226103000000138e-01,2.499208739732699733e-03
3.618571098000000208e-01,2.499182165189921603e-03
3.618743582999999764e-01,2.499168878056670737e-03
3.618973549000000234e-01,2.499151162147067277e-03
3.619031039000000227e-01,2.499146733137027482e-03
3.619203502000000183e-01,2.499133446418500427e-03
3.619433440000000002e-01,2.499115730871614635e-03
3.619893270999999801e-01,2.499080300586164777e-03
3.620065693000000251e-01,2.499067014392253230e-03
3.620410512000000192e-01,2.499040442551639981e-03
3.620582909000000238e-01,2.499027156738486358e-03
3.620812758999999992e-01,2.499009442561895070e-03
3.620985137000000131e-01,2.498996157050747697e-03
3.621042595000000253e-01,2.498991728590590523e-03
3.621272415999999827e-01,2.498974014839523000e-03
3.621502221999999827e-01,2.498956301339105238e-03
3.621674567000000011e-01,2.498943016393825964e-03
3.621789458999999933e-01,2.498934159781124494e-03
3.621961791000000153e-01,2.498920875010432127e-03
3.622191552999999842e-01,2.498903162170348132e-03
3.622708465999999738e-01,2.498863309031066401e-03
3.622880754000000203e-01,2.498850024896823695e-03
3.623110458000000089e-01,2.498832312963288841e-03
3.623167882000000173e-01,2.498827885007405374e-03
3.623512406000000130e-01,2.498801317562047986e-03
3.623627240000000249e-01,2.498792461893119352e-03
3.624029129999999932e-01,2.498761467281037599e-03
3.624430974999999777e-01,2.498730473419135279e-03
3.624660580999999882e-01,2.498712762994188818e-03
3.624717981000000200e-01,2.498708335375091506e-03
3.625177142000000075e-01,2.498672915198075703e-03
3.625406700000000093e-01,2.498655205433645155e-03
3.625464087999999974e-01,2.498650778051457726e-03
3.625578859999999959e-01,2.498641923244020093e-03
3.625923154999999842e-01,2.498615359258596434e-03
3.626324790000000076e-01,2.498584368630240790e-03
3.626496906000000187e-01,2.498571087095541928e-03
3.626783747999999807e-01,2.498548951492975730e-03
3.626841113000000005e-01,2.498544524422436578e-03
3.627013204999999796e-01,2.498531243241046244e-03
3.627300005999999910e-01,2.498509108356851589e-03
3.628217616000000145e-01,2.498438278720340605e-03
3.628389642000000026e-01,2.498424998579476877e-03
3.628676335000000086e-01,2.498402865284837099e-03
3.628848338999999812e-01,2.498389585468563118e-03
3.629077665000000064e-01,2.498371879273126196e-03
3.629249650999999965e-01,2.498358599730740332e-03
3.629306977000000267e-01,2.498354173267317100e-03
3.629536274999999867e-01,2.498336467434823360e-03
3.630911755999999824e-01,2.498230237283275649e-03
3.631083654000000216e-01,2.498216959109268286e-03
3.631140951999999866e-01,2.498212533063863539e-03
3.631312838999999903e-01,2.498199255031808164e-03
3.631427427000000208e-01,2.498190403066211877e-03
3.631599300999999724e-01,2.498177125256211949e-03
3.631828454000000095e-01,2.498159421636455581e-03
3.632000309000000260e-01,2.498146144096578553e-03
3.632286715999999971e-01,2.498124015118660668e-03
3.632515825000000032e-01,2.498106312220946517e-03
3.632802191000000236e-01,2.498084183859630453e-03
3.632916731999999982e-01,2.498075332572704393e-03
3.633145801000000064e-01,2.498057630287290384e-03
3.633203065999999759e-01,2.498053204693294078e-03
3.633661154999999754e-01,2.498017800901735936e-03
3.633832922999999937e-01,2.498004524620744266e-03
3.633890177999999915e-01,2.498000099282987000e-03
3.634348179999999928e-01,2.497964696728565553e-03
3.634748883999999736e-01,2.497933720246159079e-03
3.634977837999999739e-01,2.497916019603491772e-03
3.635035074999999893e-01,2.497911594526837278e-03
3.635092309999999882e-01,2.497907169407286541e-03
3.635435703000000074e-01,2.497880619187599696e-03
3.635492933000000204e-01,2.497876194162204112e-03
3.635550161000000169e-01,2.497871769178529062e-03
3.635721840000000205e-01,2.497858494356256388e-03
3.635950733000000157e-01,2.497840794713676680e-03
3.636007954000000097e-01,2.497836369860856592e-03
3.636465689000000223e-01,2.497800971415703192e-03
3.636637325000000032e-01,2.497787697209204009e-03
3.636808952999999733e-01,2.497774423116192171e-03
3.637323787000000253e-01,2.497734601653929087e-03
3.637495383000000082e-01,2.497721328051639295e-03
3.637552579000000175e-01,2.497716903581534333e-03
3.637838548999999810e-01,2.497694781223125642e-03
3.638010119999999792e-01,2.497681508063454014e-03
3.638296053999999780e-01,2.497659386309123309e-03
3.638467604000000244e-01,2.497646113440914716e-03
3.638639144999999964e-01,2.497632840684115268e-03
3.638696323999999760e-01,2.497628416498511462e-03
3.639096548999999903e-01,2.497597447267204014e-03
3.639210890999999837e-01,2.497588599043876374e-03
3.639325230000000078e-01,2.497579750914863481e-03
3.640068342000000179e-01,2.497522239203679717e-03
3.640125498999999820e-01,2.497517815348956633e-03
3.640525566999999740e-01,2.497486848576357769e-03
3.640582715999999830e-01,2.497482424799774437e-03
3.640754158000000240e-01,2.497469153594258830e-03
3.641039876000000119e-01,2.497447035169009493e-03
3.641439844000000092e-01,2.497416069910717105e-03
3.641668377000000234e-01,2.497398375797819144e-03
3.641896895999999773e-01,2.497380681887250656e-03
3.641954023999999790e-01,2.497376258455180371e-03
3.642068276000000049e-01,2.497367411665969879e-03
3.642296769999999739e-01,2.497349718127483964e-03
3.642753715000000003e-01,2.497314331792565689e-03
3.643324815999999799e-01,2.497270100046834751e-03
3.643667433000000178e-01,2.497243561673760139e-03
3.643724533000000099e-01,2.497239138701535990e-03
3.643952923000000066e-01,2.497221446787415214e-03
3.644124206000000088e-01,2.497208177994834910e-03
3.644238390000000272e-01,2.497199332160425327e-03
3.644638007000000068e-01,2.497168372364200802e-03
3.644866339999999760e-01,2.497150681335157194e-03
3.645551251999999964e-01,2.497097609583191855e-03
3.645722459999999887e-01,2.497084341942354749e-03
3.646007788999999777e-01,2.497062229500921285e-03
3.646064851999999967e-01,2.497057807019646431e-03
3.646407212000000175e-01,2.497031272601053092e-03
3.646521325000000036e-01,2.497022427982339889e-03
3.646692487000000038e-01,2.497009161047554753e-03
3.647548178999999724e-01,2.496942828188339347e-03
3.647605218000000149e-01,2.496938406187763741e-03
3.648061497999999792e-01,2.496903029993394023e-03
3.648289616000000013e-01,2.496885342315663999e-03
3.648346644000000083e-01,2.496880920405688663e-03
3.648802830999999802e-01,2.496845545715421343e-03
3.648973885999999833e-01,2.496832280418101978e-03
3.649144933999999840e-01,2.496819015295571181e-03
3.649258960999999801e-01,2.496810171886391753e-03
3.649429994999999760e-01,2.496796906959205566e-03
3.649601021000000167e-01,2.496783642181119294e-03
3.649658028000000165e-01,2.496779220516795982e-03
3.649886046999999967e-01,2.496761534340607037e-03
3.650114051000000193e-01,2.496743848371083072e-03
3.650285045000000173e-01,2.496730584063950372e-03
3.650797979000000026e-01,2.496690791784088141e-03
3.651196877999999812e-01,2.496659843083585614e-03
3.651424799999999915e-01,2.496642158362187818e-03
3.651481778999999817e-01,2.496637737272369359e-03
3.651538756000000108e-01,2.496633316128326046e-03
3.651709683000000095e-01,2.496620052803076324e-03
3.651994544000000120e-01,2.496597947587950953e-03
3.652393312000000170e-01,2.496567000888922500e-03
3.652450275999999940e-01,2.496562579944033248e-03
3.652848993999999738e-01,2.496531633969195901e-03
3.652905949999999957e-01,2.496527213220813089e-03
3.653019860000000230e-01,2.496518371631679511e-03
3.653076813000000200e-01,2.496513950897634188e-03
3.653532409999999953e-01,2.496478585361710818e-03
3.653703244000000017e-01,2.496465323452052264e-03
3.653931009999999979e-01,2.496447641212698985e-03
3.654215698000000123e-01,2.496425538600401291e-03
3.654272632000000187e-01,2.496421118177578804e-03
3.655069628000000015e-01,2.496359233054152877e-03
3.655126549000000113e-01,2.496354812828447886e-03
3.655581889999999778e-01,2.496319451232420234e-03
3.655638803999999853e-01,2.496315031100297070e-03
3.655809539000000052e-01,2.496301770726047035e-03
3.656094080999999774e-01,2.496279670539748412e-03
3.656264794999999901e-01,2.496266410508969722e-03
3.656492400999999948e-01,2.496248730667232837e-03
3.656663097000000251e-01,2.496235470983629995e-03
3.657004463999999899e-01,2.496208951959214776e-03
3.657175135999999882e-01,2.496195692642656436e-03
3.657345799999999758e-01,2.496182433346412575e-03
3.657459571000000187e-01,2.496173594006452934e-03
3.657630222000000098e-01,2.496160334955573133e-03
3.658085251000000038e-01,2.496124978236150243e-03
3.658312744000000172e-01,2.496107300174428729e-03
3.658369615000000019e-01,2.496102880715397355e-03
3.658710822999999834e-01,2.496076364166125491e-03
3.658824552000000119e-01,2.496067525390017333e-03
3.658995138999999730e-01,2.496054267353369632e-03
3.659393143999999931e-01,2.496023332456491148e-03
3.659677406999999882e-01,2.496001236523225780e-03
3.659904801000000152e-01,2.495983560005665333e-03
3.660132180999999818e-01,2.495965883743844760e-03
3.660189024000000124e-01,2.495961464694344736e-03
3.660586899000000116e-01,2.495930531827803955e-03
3.660643734999999843e-01,2.495926112862050308e-03
3.661098389999999925e-01,2.495890761987620745e-03
3.661212044000000110e-01,2.495881924412285142e-03
3.661268870000000120e-01,2.495877505650761791e-03
3.661552987999999731e-01,2.495855411914061402e-03
3.661950714000000162e-01,2.495824481370363928e-03
3.662177967999999950e-01,2.495806807105702737e-03
3.662405207000000162e-01,2.495789133006395388e-03
3.662632431000000244e-01,2.495771459161855166e-03
3.663086838999999872e-01,2.495736112037078534e-03
3.663768345000000259e-01,2.495683093069617827e-03
3.663825130999999735e-01,2.495678674889605445e-03
3.663938701000000187e-01,2.495669838657418090e-03
3.663995485000000052e-01,2.495665420508704456e-03
3.664165831000000262e-01,2.495652166265596023e-03
3.664279390999999886e-01,2.495643330173527054e-03
3.664449723000000048e-01,2.495630076070725657e-03
3.664620048000000185e-01,2.495616822206878083e-03
3.664847136000000116e-01,2.495599150411072307e-03
3.665187740999999999e-01,2.495572643292953349e-03
3.665528314000000010e-01,2.495546136626437990e-03
3.665641830999999962e-01,2.495537301155916973e-03
3.666039114999999904e-01,2.495506377565322523e-03
3.666266114000000242e-01,2.495488707172962249e-03
3.666549843999999947e-01,2.495466619553267634e-03
3.666663330000000109e-01,2.495457784559437786e-03
3.666720070999999748e-01,2.495453367178724832e-03
3.667173972000000171e-01,2.495418027965024942e-03
3.667344170999999875e-01,2.495404776017519886e-03
3.667400901999999796e-01,2.495400358725544110e-03
3.667571089000000173e-01,2.495387106931478381e-03
3.667797993999999950e-01,2.495369438072320492e-03
3.667911441000000217e-01,2.495360603727734758e-03
3.668308478999999789e-01,2.495329683927174566e-03
3.668535338000000201e-01,2.495312015759035967e-03
3.668762183000000010e-01,2.495294347876212543e-03
3.669215831000000039e-01,2.495259012699601459e-03
3.669385935000000210e-01,2.495245762150211100e-03
3.669612727000000074e-01,2.495228095097854881e-03
3.669896197999999998e-01,2.495206011524297822e-03
3.670122959000000074e-01,2.495188344865820109e-03
3.670293021000000100e-01,2.495175095087225504e-03
3.670576439000000080e-01,2.495153012358211197e-03
3.670633120999999832e-01,2.495148595838709953e-03
3.670803158000000010e-01,2.495135346404282750e-03
3.671086537000000094e-01,2.495113264221461308e-03
3.671256553999999728e-01,2.495100015177534672e-03
3.671426562999999810e-01,2.495086766184841792e-03
3.671483231000000069e-01,2.495082349857911767e-03
3.671879881999999817e-01,2.495051436118266800e-03
3.671936543000000053e-01,2.495047019980356148e-03
3.671993203000000205e-01,2.495042603761459497e-03
3.672106520999999790e-01,2.495033771485586152e-03
3.672163178000000250e-01,2.495029355292534279e-03
3.672389798999999844e-01,2.495011690911678234e-03
3.672616405999999944e-01,2.494994026735010851e-03
3.672786351999999810e-01,2.494980778742275033e-03
3.672899645000000102e-01,2.494971946799353236e-03
3.673012935000000145e-01,2.494963114883260672e-03
3.673296142999999958e-01,2.494941035428522615e-03
3.673522694999999949e-01,2.494923372144136273e-03
3.673805863999999866e-01,2.494901293264802089e-03
3.673919124999999730e-01,2.494892461865451990e-03
3.674202263999999940e-01,2.494870383542154794e-03
3.674655239999999878e-01,2.494835058876068885e-03
3.675051549000000195e-01,2.494804150503205590e-03
3.675164772000000246e-01,2.494795319629088126e-03
3.675504420999999855e-01,2.494768827546122846e-03
3.675730836000000168e-01,2.494751166366980435e-03
3.676070431999999832e-01,2.494724674979856976e-03
3.676466588000000257e-01,2.494693769084511004e-03
3.676523178000000169e-01,2.494689353974215845e-03
3.676692944000000129e-01,2.494676108804186072e-03
3.676919284999999871e-01,2.494658448765394495e-03
3.676975868999999841e-01,2.494654033827369520e-03
3.677371926999999929e-01,2.494623129436602128e-03
3.677428502999999793e-01,2.494618714538909040e-03
3.677541652999999910e-01,2.494609884867031706e-03
3.677881082000000190e-01,2.494583396141907775e-03
3.678277043000000024e-01,2.494552493263268046e-03
3.678503288000000149e-01,2.494534834764999820e-03
3.678729518000000143e-01,2.494517176567280677e-03
3.678955734000000088e-01,2.494499518517919855e-03
3.679238484999999836e-01,2.494477446277710252e-03
3.679408124999999918e-01,2.494464203065454699e-03
3.679634299999999802e-01,2.494446545658120674e-03
3.680030072000000096e-01,2.494415645855470494e-03
3.680143142000000256e-01,2.494406817354267829e-03
3.680312741000000276e-01,2.494393574835301452e-03
3.680482331000000107e-01,2.494380332444683795e-03
3.680538859999999968e-01,2.494375918326280101e-03
3.680595387000000218e-01,2.494371504292649307e-03
3.680991055999999761e-01,2.494340606046969392e-03
3.681443197000000001e-01,2.494305294595400638e-03
3.681499710999999730e-01,2.494300880689520952e-03
3.681669247000000089e-01,2.494287639102955867e-03
3.681838774999999786e-01,2.494274397765121505e-03
3.682064800000000027e-01,2.494256742728118842e-03
3.682290811999999747e-01,2.494239087949561787e-03
3.682968763000000201e-01,2.494186124828016646e-03
3.683025253000000165e-01,2.494181711302831134e-03
3.683307692000000189e-01,2.494159643994250854e-03
3.683477144999999786e-01,2.494146403798209750e-03
3.683703068999999997e-01,2.494128750394330844e-03
3.684154876999999884e-01,2.494093444172528796e-03
3.684380761000000115e-01,2.494075791418413120e-03
3.684606630000000216e-01,2.494058138859403962e-03
3.685058326999999800e-01,2.494022834433411943e-03
3.685114784999999893e-01,2.494018421386644951e-03
3.685679319999999870e-01,2.493974292228768458e-03
3.685735768999999773e-01,2.493969879408256679e-03
3.686017999999999795e-01,2.493947815384737858e-03
3.686187328000000152e-01,2.493934577140714294e-03
3.686356647999999847e-01,2.493921339046895232e-03
3.686413087000000033e-01,2.493916926352357337e-03
3.686920993000000202e-01,2.493877212909070828e-03
3.687259558000000048e-01,2.493850737824120523e-03
3.687372407000000241e-01,2.493841912903240528e-03
3.687541672999999909e-01,2.493828675677494441e-03
3.688218657999999817e-01,2.493775727904667689e-03
3.688444292999999985e-01,2.493758079040711475e-03
3.688726316000000005e-01,2.493736018399446766e-03
3.688895520000000094e-01,2.493722782085777950e-03
3.689290297999999746e-01,2.493691897953863312e-03
3.689572257000000022e-01,2.493669838284201610e-03
3.689797808999999984e-01,2.493652190817795006e-03
3.689966962999999822e-01,2.493638955286983910e-03
3.690079728999999809e-01,2.493630131721998912e-03
3.690192491000000019e-01,2.493621308221311006e-03
3.690699876999999907e-01,2.493581602924154969e-03
3.690981728000000128e-01,2.493559545012277723e-03
3.691094462000000243e-01,2.493550721914695751e-03
3.691150827999999939e-01,2.493546310375282030e-03
3.691319920999999726e-01,2.493533075890078977e-03
3.691601723999999862e-01,2.493511018643011085e-03
3.692277965999999911e-01,2.493458082785828152e-03
3.692334313000000257e-01,2.493453671550618575e-03
3.692503352000000016e-01,2.493440437878778355e-03
3.692672382000000142e-01,2.493427204321969817e-03
3.692785064999999922e-01,2.493418382097007963e-03
3.692954083000000165e-01,2.493405148827834358e-03
3.693123092999999746e-01,2.493391915605065907e-03
3.693179428000000208e-01,2.493387504587177284e-03
3.693686404000000034e-01,2.493347805916656251e-03
3.693855380000000133e-01,2.493334573270905401e-03
3.694305945999999952e-01,2.493299286870904671e-03
3.694474893999999954e-01,2.493286054625694532e-03
3.694531208999999872e-01,2.493281643900781188e-03
3.694756457000000216e-01,2.493264001245155265e-03
3.695037998999999851e-01,2.493241948219873053e-03
3.695488420999999968e-01,2.493206664044645207e-03
3.695882495000000212e-01,2.493175791183785406e-03
3.696332814000000133e-01,2.493140508693373909e-03
3.696389099999999872e-01,2.493136098452581554e-03
3.696501669000000212e-01,2.493127277931085628e-03
3.696726798000000147e-01,2.493109637209750540e-03
3.696783077999999945e-01,2.493105227086402868e-03
3.696839357000000215e-01,2.493100816964929130e-03
3.697008189000000056e-01,2.493087586570279929e-03
3.697177013999999873e-01,2.493074356365516161e-03
3.697289558999999892e-01,2.493065536289608246e-03
3.697908497999999877e-01,2.493017026860897337e-03
3.698189800000000194e-01,2.492994977611867440e-03
3.698358569999999901e-01,2.492981748310241046e-03
3.698808587999999897e-01,2.492946470621235783e-03
3.699089821000000056e-01,2.492924422573991085e-03
3.699202308000000272e-01,2.492915603430294509e-03
3.699258550000000256e-01,2.492911193826228070e-03
3.699877160000000220e-01,2.492862689635827814e-03
3.700326991999999815e-01,2.492827414936436749e-03
3.700383218000000141e-01,2.492823005699409174e-03
3.700439441999999746e-01,2.492818596390734050e-03
3.700608109999999895e-01,2.492805368753915705e-03
3.700776769999999938e-01,2.492792141162175016e-03
3.701057853999999980e-01,2.492770095440404766e-03
3.701732367000000190e-01,2.492717187167958412e-03
3.701788570999999806e-01,2.492712778213590150e-03
3.701900975999999899e-01,2.492703960364023308e-03
3.701957177999999904e-01,2.492699551457693008e-03
3.702406757000000215e-01,2.492664280881279944e-03
3.702800095000000069e-01,2.492633419755369961e-03
3.703137208000000236e-01,2.492606967919525855e-03
3.703305753000000200e-01,2.492593742213426548e-03
3.703586644999999899e-01,2.492571699562397009e-03
3.703923686999999743e-01,2.492545248836972819e-03
3.703979856999999876e-01,2.492540840453973897e-03
3.704373027999999790e-01,2.492509982088727573e-03
3.704429191999999982e-01,2.492505573743059033e-03
3.704597678000000061e-01,2.492492348970621729e-03
3.704878470999999895e-01,2.492470307916696149e-03
3.704934628000000063e-01,2.492465899805372271e-03
3.705327696999999865e-01,2.492435042935646234e-03
3.705496141999999882e-01,2.492421818838904974e-03
3.705776867999999724e-01,2.492399778909062426e-03
3.705833009999999761e-01,2.492395370953824629e-03
3.706282120000000124e-01,2.492360107855339131e-03
3.706450521999999914e-01,2.492346884400513645e-03
3.706675045999999751e-01,2.492329253382810986e-03
3.707124054000000002e-01,2.492293991924389440e-03
3.707180176000000049e-01,2.492289584335423760e-03
3.707348536999999777e-01,2.492276361493436614e-03
3.707516891000000037e-01,2.492263138882853338e-03
3.707797462999999905e-01,2.492241101363140612e-03
3.708470750000000260e-01,2.492188212811527730e-03
3.708526851999999763e-01,2.492183805573183492e-03
3.708695151999999995e-01,2.492170583809732911e-03
3.708863445000000203e-01,2.492157362070294806e-03
3.708919540999999764e-01,2.492152954878724784e-03
3.708975635999999798e-01,2.492148547700771908e-03
3.709312187000000094e-01,2.492122104919386374e-03
3.709368276000000186e-01,2.492117697860438564e-03
3.709816958000000109e-01,2.492082441668738973e-03
3.709985199999999983e-01,2.492069220866607523e-03
3.710489879000000157e-01,2.492029559042721609e-03
3.710882359000000075e-01,2.491998711768323577e-03
3.710938423999999847e-01,2.491994305070435907e-03
3.711555087000000253e-01,2.491945832200987559e-03
3.711667195999999724e-01,2.491937019129969802e-03
3.711835353999999865e-01,2.491923799645067231e-03
3.712059551999999929e-01,2.491906173868823748e-03
3.712563949000000085e-01,2.491866516704694355e-03
3.712676027999999850e-01,2.491857704110434554e-03
3.712732066000000164e-01,2.491853297832842627e-03
3.712900176000000219e-01,2.491840079163672086e-03
3.712956210000000201e-01,2.491835672955012432e-03
3.713012244000000184e-01,2.491831266733160639e-03
3.713180341000000273e-01,2.491818048236275028e-03
3.713404457999999742e-01,2.491800423715738021e-03
3.713572537000000007e-01,2.491787205533945847e-03
3.713908672999999827e-01,2.491760769454067284e-03
3.714076728999999855e-01,2.491747551672380406e-03
3.714356805999999844e-01,2.491725522151572170e-03
3.714692869999999814e-01,2.491699087253223741e-03
3.714748877999999865e-01,2.491694681523010362e-03
3.715196908999999770e-01,2.491659435781073354e-03
3.715364906999999994e-01,2.491646218887143792e-03
3.715420904999999774e-01,2.491641813353171440e-03
3.715700880000000206e-01,2.491619785503717665e-03
3.715868855000000193e-01,2.491606568947642847e-03
3.716036823000000155e-01,2.491593352570888563e-03
3.716092810000000135e-01,2.491588947117719197e-03
3.716260767999999826e-01,2.491575730908321493e-03
3.716484699000000003e-01,2.491558109414250283e-03
3.716764593999999922e-01,2.491536082871827814e-03
3.717044467999999768e-01,2.491514056703503666e-03
3.717212382999999787e-01,2.491500841148475316e-03
3.717492223000000151e-01,2.491478815503757067e-03
3.717939923999999952e-01,2.491443575191280325e-03
3.718275664999999841e-01,2.491417145607840566e-03
3.718387570999999725e-01,2.491408335779999803e-03
3.719226763999999852e-01,2.491342264230855634e-03
3.719450516999999734e-01,2.491324645667978774e-03
3.720065767999999884e-01,2.491276195748101056e-03
3.720569079000000112e-01,2.491236556145005887e-03
3.720624998000000017e-01,2.491232151833059055e-03
3.720736834000000215e-01,2.491223343220063356e-03
3.721016408999999747e-01,2.491201321814885249e-03
3.721407780000000054e-01,2.491170492568059707e-03
3.721519591999999932e-01,2.491161684289193001e-03
3.721631401000000117e-01,2.491152876140547649e-03
3.721910909000000212e-01,2.491130855878208837e-03
3.721966809000000209e-01,2.491126451914741496e-03
3.722134501000000095e-01,2.491113240001164870e-03
3.722302185999999957e-01,2.491100028167384656e-03
3.722413970999999822e-01,2.491091220349976078e-03
3.722525752999999993e-01,2.491082412617818750e-03
3.722581643000000273e-01,2.491078008788210479e-03
3.722805194000000095e-01,2.491060393482265670e-03
3.723028731999999952e-01,2.491042778425094951e-03
3.723308135000000241e-01,2.491020759871121360e-03
3.723419890999999926e-01,2.491011952571421054e-03
3.723475767000000158e-01,2.491007548953782982e-03
3.723643390999999969e-01,2.490994338156117972e-03
3.723755136999999937e-01,2.490985531003180476e-03
3.724146219000000202e-01,2.490954706438511072e-03
3.724313812999999751e-01,2.490941496063051302e-03
3.724593119999999868e-01,2.490919479155386234e-03
3.724984114000000068e-01,2.490888655980419419e-03
3.725095818999999975e-01,2.490879849469979264e-03
3.725263370999999935e-01,2.490866639922277061e-03
3.725486760999999758e-01,2.490849027188849103e-03
3.725542606000000201e-01,2.490844624087360654e-03
3.725933500999999981e-01,2.490813802584400556e-03
3.726156850999999826e-01,2.490796190596972649e-03
3.726826819999999874e-01,2.490743355934878483e-03
3.726994294000000041e-01,2.490730147552145876e-03
3.727050116999999774e-01,2.490725744771690557e-03
3.727329218000000055e-01,2.490703731241951900e-03
3.727496668999999985e-01,2.490690523191448763e-03
3.728557017999999945e-01,2.490606875459469051e-03
3.728612816999999913e-01,2.490602473053547036e-03
3.728668615999999880e-01,2.490598070713749210e-03
3.728780210000000039e-01,2.490589266053241154e-03
3.728836005999999759e-01,2.490584863760261346e-03
3.729003390000000251e-01,2.490571656794063164e-03
3.729449707999999974e-01,2.490536439116899318e-03
3.729672848000000207e-01,2.490518830525527416e-03
3.730007531999999792e-01,2.490492418115947213e-03
3.730174862000000258e-01,2.490479212101372360e-03
3.730565271999999877e-01,2.490448398484073570e-03
3.730621041000000138e-01,2.490443996636353043e-03
3.730788344000000034e-01,2.490430791110942454e-03
3.731290208999999969e-01,2.490391175091512688e-03
3.731345966999999875e-01,2.490386773382985072e-03
3.731513237999999899e-01,2.490373568360874576e-03
3.731792005999999828e-01,2.490351560237727326e-03
3.731959255999999781e-01,2.490338355514756883e-03
3.732349479000000025e-01,2.490307545044725696e-03
3.732683922999999737e-01,2.490281136505448009e-03
3.732851133999999793e-01,2.490267932508375640e-03
3.733074069000000272e-01,2.490250327325807360e-03
3.733129801000000247e-01,2.490245926025019124e-03
3.733296991999999759e-01,2.490232722341087761e-03
3.733575626999999786e-01,2.490210716407943031e-03
3.733965679999999843e-01,2.490179908631234406e-03
3.734132833000000096e-01,2.490166705486301577e-03
3.734467117999999974e-01,2.490140299692392926e-03
3.734634247999999990e-01,2.490127096901102125e-03
3.734857078000000108e-01,2.490109493449773562e-03
3.735024190999999827e-01,2.490096291018325126e-03
3.735079894000000178e-01,2.490091890236280792e-03
3.735302696999999728e-01,2.490074287215124187e-03
3.735525486999999867e-01,2.490056684426519406e-03
3.735803954999999954e-01,2.490034681235354062e-03
3.735971026000000084e-01,2.490021479429751355e-03
3.736193776000000244e-01,2.490003877291476191e-03
3.736583555999999917e-01,2.489973074033188360e-03
3.736639234999999948e-01,2.489968673654753464e-03
3.736806268999999792e-01,2.489955472548316309e-03
3.737140313999999797e-01,2.489929070606322105e-03
3.737307324999999958e-01,2.489915869828906048e-03
3.737474329000000095e-01,2.489902669144678470e-03
3.737529995000000160e-01,2.489898268953171304e-03
3.737585661000000226e-01,2.489893868820638231e-03
3.737975296000000114e-01,2.489863067997285032e-03
3.738197925999999782e-01,2.489845467749401357e-03
3.738643146999999778e-01,2.489810268137105688e-03
3.739088314999999829e-01,2.489775069264841753e-03
3.739310879000000143e-01,2.489757470126206622e-03
3.739366518000000195e-01,2.489753070453812854e-03
3.739700334000000126e-01,2.489726672338168478e-03
3.739811599000000264e-01,2.489717873032383164e-03
3.739978491000000016e-01,2.489704674197663545e-03
3.740201001999999830e-01,2.489687075974654062e-03
3.740367876999999841e-01,2.489673877484002533e-03
3.740645985000000118e-01,2.489651880230910573e-03
3.740868455999999953e-01,2.489634282653814534e-03
3.741090913999999823e-01,2.489616685380174541e-03
3.741313358999999727e-01,2.489599088185499593e-03
3.741480184000000042e-01,2.489585890525634459e-03
3.741535790000000139e-01,2.489581491355451811e-03
3.742036213000000111e-01,2.489541899093846312e-03
3.742203005999999998e-01,2.489528701932079702e-03
3.742480977000000042e-01,2.489506706981108042e-03
3.742647749999999940e-01,2.489493510119667602e-03
3.742870101999999921e-01,2.489475914497791403e-03
3.743370347000000153e-01,2.489436325199572819e-03
3.743703805999999967e-01,2.489409933011768692e-03
3.743981666000000263e-01,2.489387939843923630e-03
3.744592884999999871e-01,2.489339556140280230e-03
3.744815121999999774e-01,2.489321962435313805e-03
3.745315106000000061e-01,2.489282377450262665e-03
3.745537299999999736e-01,2.489264784456535033e-03
3.745592846999999947e-01,2.489260386328927266e-03
3.745703937000000039e-01,2.489251589878062679e-03
3.745981648999999747e-01,2.489229599168948752e-03
3.746037187999999851e-01,2.489225201149699619e-03
3.746481476999999893e-01,2.489190016836275929e-03
3.746592541000000054e-01,2.489181220843837174e-03
3.746814659000000103e-01,2.489163629139941065e-03
3.747314377000000030e-01,2.489124048627240800e-03
3.747536451999999851e-01,2.489106457671278957e-03
3.747980564000000236e-01,2.489071276300145776e-03
3.748202600000000162e-01,2.489053685929221594e-03
3.748646632000000034e-01,2.489018505945180242e-03
3.748868627999999981e-01,2.489000916233298760e-03
3.749146105000000229e-01,2.488978929465755861e-03
3.749534539000000111e-01,2.488948148471222237e-03
3.749590025999999798e-01,2.488943751234741486e-03
3.750033893999999979e-01,2.488908573916975755e-03
3.750200330999999832e-01,2.488895382674147227e-03
3.750366760000000133e-01,2.488882191547957170e-03
3.750477709000000215e-01,2.488873397471819300e-03
3.750644126000000078e-01,2.488860206576997119e-03
3.750810535999999917e-01,2.488847015725451518e-03
3.750866004000000253e-01,2.488842618869254245e-03
3.751087868999999908e-01,2.488825031357313512e-03
3.751365181999999909e-01,2.488803047260635878e-03
3.751808839999999923e-01,2.488767873449726845e-03
3.751975197999999900e-01,2.488754683553495630e-03
3.752141548999999854e-01,2.488741493655579132e-03
3.752695998000000199e-01,2.488697528474168724e-03
3.752806879000000206e-01,2.488688735649679813e-03
3.753084064000000164e-01,2.488666753656490135e-03
3.753139498999999990e-01,2.488662357322449399e-03
3.753305798000000082e-01,2.488649168340732742e-03
3.753472090000000150e-01,2.488635979545393041e-03
3.753527519000000034e-01,2.488631583290801339e-03
3.753693800999999830e-01,2.488618394564147580e-03
3.753970920999999961e-01,2.488596413693472311e-03
3.754358855000000106e-01,2.488565641062438251e-03
3.754469685999999862e-01,2.488556849018173749e-03
3.754580513999999924e-01,2.488548057010980721e-03
3.754857569000000228e-01,2.488526077240583740e-03
3.755300813999999932e-01,2.488490910347477408e-03
3.755356215999999803e-01,2.488486514512445492e-03
3.755467016999999852e-01,2.488477722965188807e-03
3.755522417000000113e-01,2.488473327194002088e-03
3.755799402000000176e-01,2.488451348538901330e-03
3.756187147000000226e-01,2.488420579077809010e-03
3.756353311000000250e-01,2.488407392399249150e-03
3.756851760000000096e-01,2.488367832949619010e-03
3.757017894999999941e-01,2.488354646729455926e-03
3.757073270999999881e-01,2.488350251374075051e-03
3.757460885000000195e-01,2.488319484010959905e-03
3.757571624000000110e-01,2.488310693527220549e-03
3.757959187000000090e-01,2.488279927150168196e-03
3.758125272000000239e-01,2.488266741684244231e-03
3.758180633000000048e-01,2.488262346588256558e-03
3.758623486000000069e-01,2.488227186190265436e-03
3.758789542000000039e-01,2.488214001285727912e-03
3.759010939999999912e-01,2.488196421624113037e-03
3.759287667999999805e-01,2.488174447250370534e-03
3.759343010999999790e-01,2.488170052425987214e-03
3.759509035999999971e-01,2.488156868100713758e-03
3.759951732999999852e-01,2.488121710354305148e-03
3.760173061000000039e-01,2.488104131825258272e-03
3.760671003000000123e-01,2.488064580885919561e-03
3.760781648000000033e-01,2.488055791906125611e-03
3.760836969999999946e-01,2.488051397444499425e-03
3.761279510000000159e-01,2.488016242328575621e-03
3.761445448999999885e-01,2.488003059374449717e-03
3.761500761000000082e-01,2.487998665095878491e-03
3.761556071000000112e-01,2.487994270804867129e-03
3.761666690000000091e-01,2.487985482252369398e-03
3.762440931000000099e-01,2.487923964251856270e-03
3.762606819000000047e-01,2.487910782125239868e-03
3.762772698999999887e-01,2.487897600228540246e-03
3.762827991000000094e-01,2.487893206235525755e-03
3.763270296999999820e-01,2.487858055044348329e-03
3.763491431000000054e-01,2.487840479729164656e-03
3.763767829999999925e-01,2.487818510917770478e-03
3.764320566000000090e-01,2.487774574460273509e-03
3.764596903999999911e-01,2.487752606685128976e-03
3.764652169000000104e-01,2.487748213109975542e-03
3.764817959999999797e-01,2.487735032637308254e-03
3.764983742999999938e-01,2.487721852331277201e-03
3.765039002000000190e-01,2.487717458935737903e-03
3.765094260999999887e-01,2.487713065563239637e-03
3.765481049000000136e-01,2.487682312078028524e-03
3.765923043000000137e-01,2.487647166172364446e-03
3.765978288999999868e-01,2.487642772910171607e-03
3.766088778000000192e-01,2.487633986620518302e-03
3.766144021000000230e-01,2.487629593471140169e-03
3.766309746000000014e-01,2.487616414084735470e-03
3.767027801999999759e-01,2.487559304989965438e-03
3.767303940999999767e-01,2.487537340629490060e-03
3.767635281999999752e-01,2.487510983791705287e-03
3.767745721999999908e-01,2.487502198264955177e-03
3.767911375999999923e-01,2.487489020070145912e-03
3.768077023999999997e-01,2.487475842037893247e-03
3.768132237999999856e-01,2.487471449365287381e-03
3.768573921000000215e-01,2.487436308631880456e-03
3.768629128000000050e-01,2.487431916150762042e-03
3.769015553000000240e-01,2.487401168781117750e-03
3.769070753000000051e-01,2.487396776376735261e-03
3.769236349000000263e-01,2.487383599212049465e-03
3.769457132999999849e-01,2.487366029827470758e-03
3.769622711999999765e-01,2.487352852972165521e-03
3.769898661000000151e-01,2.487330891693137133e-03
3.769953847999999996e-01,2.487326499521597036e-03
3.770119405999999840e-01,2.487313323015634750e-03
3.770505678000000138e-01,2.487282578235423466e-03
3.770560855999999794e-01,2.487278186197715117e-03
3.771002254999999970e-01,2.487243050210562363e-03
3.771388437000000038e-01,2.487212307044271882e-03
3.771609094000000217e-01,2.487194739802283099e-03
3.771719418000000212e-01,2.487185956228996856e-03
3.772050370000000208e-01,2.487159605878355804e-03
3.772601892999999929e-01,2.487115689805555804e-03
3.772767334000000083e-01,2.487102515258845289e-03
3.772932768000000214e-01,2.487089340829323585e-03
3.773208475000000006e-01,2.487067383735992558e-03
3.773429025999999742e-01,2.487049818287706982e-03
3.773484161999999809e-01,2.487045426953687476e-03
3.773870088999999872e-01,2.487014687978976370e-03
3.773925218999999998e-01,2.487010296771715277e-03
3.774090601999999794e-01,2.486997123205886371e-03
3.774366223999999770e-01,2.486975167535729857e-03
3.774752062000000241e-01,2.486944430086258321e-03
3.774972522000000219e-01,2.486926866169193642e-03
3.775192969999999759e-01,2.486909302445980841e-03
3.775248079999999895e-01,2.486904911548151482e-03
3.775413404999999889e-01,2.486891738920368657e-03
3.775578722999999859e-01,2.486878566518005776e-03
3.775854236999999780e-01,2.486856612666414959e-03
3.776515388000000195e-01,2.486803924794378333e-03
3.776570477999999786e-01,2.486799534235755935e-03
3.776901005000000144e-01,2.486773191084757674e-03
3.776956090999999960e-01,2.486768800571001730e-03
3.777011175000000165e-01,2.486764410160248896e-03
3.777176422999999894e-01,2.486751238866324876e-03
3.777396741999999863e-01,2.486733677340634188e-03
3.777561972999999851e-01,2.486720506299164909e-03
3.777837341999999987e-01,2.486698554957922792e-03
3.778057623000000143e-01,2.486680993996257492e-03
3.778332956000000076e-01,2.486659043257929361e-03
3.778443082999999869e-01,2.486650263018606432e-03
3.778663328999999904e-01,2.486632702706154888e-03
3.778718388000000261e-01,2.486628312694640856e-03
3.779213886000000189e-01,2.486588802960665052e-03
3.779323988000000134e-01,2.486580023176290701e-03
3.779379037000000219e-01,2.486575633342590162e-03
3.779654273999999980e-01,2.486553684194521205e-03
3.779984531000000203e-01,2.486527345661455283e-03
3.780039572000000181e-01,2.486522955949352787e-03
3.780204687000000008e-01,2.486509786904993018e-03
3.780424829999999847e-01,2.486492228356988569e-03
3.780479863000000273e-01,2.486487838792762577e-03
3.780534896000000145e-01,2.486483449223263458e-03
3.780699989999999899e-01,2.486470280554244940e-03
3.780975131000000045e-01,2.486448332983413455e-03
3.781360294000000177e-01,2.486417607075667828e-03
3.781800431999999823e-01,2.486382492531537345e-03
3.781965469999999940e-01,2.486369324728099437e-03
3.782020481999999739e-01,2.486364935493365087e-03
3.782185511000000222e-01,2.486351767955549338e-03
3.782295526000000185e-01,2.486342989603129803e-03
3.782460543000000230e-01,2.486329822238593414e-03
3.782680554000000250e-01,2.486312265989006065e-03
3.782845553999999999e-01,2.486299098918636711e-03
3.782900552999999833e-01,2.486294709937403574e-03
3.783175532999999979e-01,2.486272765102412723e-03
3.784495159999999858e-01,2.486167434831206263e-03
3.784605108999999912e-01,2.486158657651258569e-03
3.784660081999999814e-01,2.486154269141090025e-03
3.784879964999999791e-01,2.486136714967582869e-03
3.785099835999999884e-01,2.486119161037960920e-03
3.785264730999999827e-01,2.486105995831510308e-03
3.785374656000000115e-01,2.486097218964142871e-03
3.785484579000000238e-01,2.486088442241781837e-03
3.785814328000000062e-01,2.486062112422959651e-03
3.785979191000000132e-01,2.486048947629171130e-03
3.786144048000000262e-01,2.486035782971139901e-03
3.786253948000000147e-01,2.486027006658023987e-03
3.786638574000000257e-01,2.485996289872921972e-03
3.787078098000000170e-01,2.485961185747002054e-03
3.787297841000000220e-01,2.485943634046718347e-03
3.787956994000000188e-01,2.485890980189274513e-03
3.788121764999999863e-01,2.485877816992190965e-03
3.788451284000000086e-01,2.485851491051069024e-03
3.788616032000000078e-01,2.485838328300416563e-03
3.788835685999999980e-01,2.485820778047037952e-03
3.789055328000000000e-01,2.485803228102066720e-03
3.789714175000000185e-01,2.485750579499760790e-03
3.789769072999999988e-01,2.485746192210144118e-03
3.789878869000000150e-01,2.485737417636285380e-03
3.790208234999999926e-01,2.485711094228356278e-03
3.790372906999999736e-01,2.485697932789345151e-03
3.790757115000000232e-01,2.485667223137480279e-03
3.791031524999999847e-01,2.485645288042480795e-03
3.791251038999999823e-01,2.485627740262998271e-03
3.791690028999999962e-01,2.485592645369287101e-03
3.791909505000000125e-01,2.485575098157251275e-03
3.792512997999999969e-01,2.485526844592109413e-03
3.792732426000000046e-01,2.485509298309167628e-03
3.792842135000000225e-01,2.485500525209445241e-03
3.793171243999999831e-01,2.485474206309583670e-03
3.793280941000000128e-01,2.485465433457320454e-03
3.793664854000000086e-01,2.485434728822436771e-03
3.793719696000000252e-01,2.485430342554847179e-03
3.793884215000000171e-01,2.485417183588082418e-03
3.794158400000000042e-01,2.485395252468007923e-03
3.794268068000000160e-01,2.485386480132050456e-03
3.794322900000000054e-01,2.485382093914215336e-03
3.794487394000000124e-01,2.485368935501685184e-03
3.794761535000000241e-01,2.485347005064547470e-03
3.794980833000000109e-01,2.485329460949925896e-03
3.795035654999999730e-01,2.485325074962257356e-03
3.795145298000000000e-01,2.485316303047185003e-03
3.795200118000000011e-01,2.485311917067029117e-03
3.795638651000000086e-01,2.485276829985082203e-03
3.795803087999999881e-01,2.485263672516581628e-03
3.795857899000000257e-01,2.485259286732380540e-03
3.796241551000000269e-01,2.485228586641320507e-03
3.796351158999999864e-01,2.485219815236277240e-03
3.796679963999999852e-01,2.485193501582042951e-03
3.796789559000000036e-01,2.485184730468845658e-03
3.796953946000000135e-01,2.485171573866028476e-03
3.797173117000000042e-01,2.485154031907143429e-03
3.797775774000000104e-01,2.485105792776668137e-03
3.798104454999999824e-01,2.485079481242581222e-03
3.798268785000000203e-01,2.485066325557029002e-03
3.798487879999999928e-01,2.485048784932859713e-03
3.798652194000000093e-01,2.485035629651203594e-03
3.798706962999999770e-01,2.485031244626599318e-03
3.798980799000000186e-01,2.485009319345054136e-03
3.799418896000000267e-01,2.484974239772078965e-03
3.799583168999999816e-01,2.484961085174807686e-03
3.799747434999999895e-01,2.484947930705705584e-03
3.799802188999999997e-01,2.484943545857709601e-03
3.800185442999999830e-01,2.484912852605635977e-03
3.800404427999999890e-01,2.484895313844770904e-03
3.800459172000000274e-01,2.484890929256134730e-03
3.800732882000000257e-01,2.484869006204606500e-03
3.800897098000000085e-01,2.484855852585910949e-03
3.801116042000000084e-01,2.484838314567149303e-03
3.801280242000000253e-01,2.484825161230930050e-03
3.801553892000000268e-01,2.484803239154344170e-03
3.802155854000000001e-01,2.484755012017508466e-03
3.802210572999999982e-01,2.484750627764729068e-03
3.802429441999999882e-01,2.484733091092607669e-03
3.802921848999999965e-01,2.484693634371263910e-03
3.803031264999999772e-01,2.484684866344420706e-03
3.803085970999999788e-01,2.484680482287129032e-03
3.803523595000000146e-01,2.484645410868171252e-03
3.803687689999999955e-01,2.484632259289370863e-03
3.803906474000000038e-01,2.484614724034673369e-03
3.804234624999999759e-01,2.484588421629642472e-03
3.804398689999999861e-01,2.484575270592634388e-03
3.804617432999999882e-01,2.484557736098484335e-03
3.804672116000000215e-01,2.484553352517726403e-03
3.805000202000000109e-01,2.484527051243481510e-03
3.805109556999999865e-01,2.484518284187701379e-03
3.805492276999999923e-01,2.484487600206084987e-03
3.805546947999999818e-01,2.484483216783863000e-03
3.805710956999999728e-01,2.484470066729306016e-03
3.805984287999999993e-01,2.484448150263959473e-03
3.806312260999999975e-01,2.484421850885724405e-03
3.806366919999999987e-01,2.484417467748284598e-03
3.806530893000000249e-01,2.484404318309090410e-03
3.806585549000000013e-01,2.484399935177270240e-03
3.807022769999999778e-01,2.484364870695642078e-03
3.807296008000000120e-01,2.484342955797769117e-03
3.807678507999999740e-01,2.484312275579518212e-03
3.808060969000000018e-01,2.484281596004151924e-03
3.808115603000000182e-01,2.484277213267150914e-03
3.808170236999999791e-01,2.484272830582536819e-03
3.808279500999999789e-01,2.484264065223866155e-03
3.808498021000000233e-01,2.484246534464853301e-03
3.808607276000000041e-01,2.484237769264755012e-03
3.809044265000000040e-01,2.484202708787309685e-03
3.809645043000000064e-01,2.484154502141486080e-03
3.809808874999999762e-01,2.484141355111793310e-03
3.810081912000000126e-01,2.484119443736791579e-03
3.810245725999999999e-01,2.484106297089267498e-03
3.810518732000000020e-01,2.484084386187760275e-03
3.810737122999999782e-01,2.484066857733987187e-03
3.810791719000000133e-01,2.484062475657086624e-03
3.810900908000000031e-01,2.484053711594687644e-03
3.810955502000000217e-01,2.484049329567989545e-03
3.811610563000000229e-01,2.483996746227964438e-03
3.811992629000000021e-01,2.483966073518517007e-03
3.812483802000000144e-01,2.483926638170908929e-03
3.812702079999999993e-01,2.483909111708829109e-03
3.813356841000000164e-01,2.483856533564520255e-03
3.813411399000000146e-01,2.483852152104904995e-03
3.813520512999999945e-01,2.483843389328585331e-03
3.813575068999999762e-01,2.483839007913542923e-03
3.813738731999999909e-01,2.483825863871943432e-03
3.813847837000000074e-01,2.483817101302727634e-03
3.814011488999999866e-01,2.483803957436579377e-03
3.814229679999999734e-01,2.483786432441044759e-03
3.814393314999999784e-01,2.483773288847233342e-03
3.814666024000000211e-01,2.483751383202665100e-03
3.814720563999999814e-01,2.483747002111960905e-03
3.814884177999999793e-01,2.483733858939266622e-03
3.815047784999999747e-01,2.483720715766797853e-03
3.815156853000000181e-01,2.483711953880154977e-03
3.815320448000000253e-01,2.483698810957261308e-03
3.815484035999999746e-01,2.483685668186842027e-03
3.815538564000000021e-01,2.483681287308039509e-03
3.816029280000000079e-01,2.483641859940842467e-03
3.816138318999999779e-01,2.483633098404692662e-03
3.816410903999999937e-01,2.483611194908472326e-03
3.816628958000000127e-01,2.483593672326929024e-03
3.816846998999999796e-01,2.483576149987617738e-03
3.816901508000000165e-01,2.483571769421837831e-03
3.817010522000000017e-01,2.483563008404223327e-03
3.817283045000000041e-01,2.483541105941261540e-03
3.817337546999999831e-01,2.483536725553662453e-03
3.818154986000000251e-01,2.483471020498460250e-03
3.818372939999999938e-01,2.483453499687802903e-03
3.818754329999999864e-01,2.483422838705113492e-03
3.818972250000000068e-01,2.483405318507191269e-03
3.819081206000000117e-01,2.483396558501766663e-03
3.819244633000000166e-01,2.483383418515029521e-03
3.819625936000000110e-01,2.483352759168867829e-03
3.819898272000000206e-01,2.483330859986006191e-03
3.819952736000000182e-01,2.483326480234716253e-03
3.820116125999999945e-01,2.483313340962490460e-03
3.820279509000000240e-01,2.483300201751705103e-03
3.820333968999999885e-01,2.483295822007089947e-03
3.820715163000000247e-01,2.483265164564265551e-03
3.820769615999999869e-01,2.483260785004368955e-03
3.820824067999999962e-01,2.483256405361813218e-03
3.821205214000000239e-01,2.483225748789941872e-03
3.821259659999999836e-01,2.483221369292035619e-03
3.822021825999999955e-01,2.483160058226868954e-03
3.822511708999999924e-01,2.483120645336501370e-03
3.822566136000000170e-01,2.483116266195895677e-03
3.822729415000000186e-01,2.483103128813660219e-03
3.823001529000000231e-01,2.483081233549313833e-03
3.823164788999999786e-01,2.483068096569898946e-03
3.823382457000000234e-01,2.483050580696817989e-03
3.823763347999999951e-01,2.483019928525377618e-03
3.823817756999999817e-01,2.483015549706729663e-03
3.823872166000000239e-01,2.483011170982339644e-03
3.824035389000000063e-01,2.482998034565888062e-03
3.824307411000000267e-01,2.482976140894866974e-03
3.824470614000000102e-01,2.482963004911493445e-03
3.824633810999999994e-01,2.482949868972318501e-03
3.824688209000000061e-01,2.482945490311559873e-03
3.825177750000000043e-01,2.482906083511613859e-03
3.825340917000000229e-01,2.482892948103435169e-03
3.825612845999999956e-01,2.482871056088766220e-03
3.825721611999999827e-01,2.482862299403345609e-03
3.825775994000000235e-01,2.482857921000782789e-03
3.825939134999999935e-01,2.482844786089653550e-03
3.825993514000000095e-01,2.482840407801474494e-03
3.826482889000000220e-01,2.482801003857016027e-03
3.826917836000000017e-01,2.482765979105155084e-03
3.827080928000000104e-01,2.482752844931170131e-03
3.827298373999999948e-01,2.482735333073287070e-03
3.827461449999999821e-01,2.482722199236934383e-03
3.827733228999999904e-01,2.482700309898974115e-03
3.828222380999999896e-01,2.482660909831791753e-03
3.828385417999999873e-01,2.482647776800849058e-03
3.828602789000000173e-01,2.482630266157667080e-03
3.829417822999999776e-01,2.482564603282814367e-03
3.829906759999999744e-01,2.482525207067952811e-03
3.830124046000000226e-01,2.482507697987807859e-03
3.830341319000000189e-01,2.482490189033015760e-03
3.830395635000000132e-01,2.482485811902523497e-03
3.830558579000000186e-01,2.482472680420358836e-03
3.830993064000000059e-01,2.482437663731937132e-03
3.831155983000000265e-01,2.482424532787744914e-03
3.831590398999999980e-01,2.482389517263611494e-03
3.831644698000000182e-01,2.482385140373711500e-03
3.831807588999999736e-01,2.482372009884808300e-03
3.831861885000000245e-01,2.482367633038760815e-03
3.832133350999999966e-01,2.482345749155718314e-03
3.832296221000000003e-01,2.482332618998006786e-03
3.832567655999999934e-01,2.482310735637819048e-03
3.832676225000000159e-01,2.482301982415961641e-03
3.833436120000000003e-01,2.482240711277694436e-03
3.833544663999999824e-01,2.482231958450710398e-03
3.833598934999999930e-01,2.482227582047784580e-03
3.834033075000000124e-01,2.482192571471115907e-03
3.834304386999999870e-01,2.482170690303514126e-03
3.834412906999999926e-01,2.482161937927609367e-03
3.834467166000000149e-01,2.482157561743258706e-03
3.834738447000000106e-01,2.482135681156158718e-03
3.835063960000000272e-01,2.482109424869563714e-03
3.835118209000000222e-01,2.482105048818259840e-03
3.835280952999999826e-01,2.482091920936028897e-03
3.835552177000000063e-01,2.482070041324371725e-03
3.835931858000000139e-01,2.482039410380356553e-03
3.835986095999999734e-01,2.482035034562346965e-03
3.836040332000000275e-01,2.482030658850013696e-03
3.836365734000000138e-01,2.482004404438398031e-03
3.836419965000000265e-01,2.482000028844071494e-03
3.836853785000000072e-01,2.481965023850867067e-03
3.836908010000000258e-01,2.481960648250030980e-03
3.837016455000000215e-01,2.481951897231122334e-03
3.837070677000000152e-01,2.481947521753981138e-03
3.837341774999999955e-01,2.481925644317834606e-03
3.837721278999999819e-01,2.481895016640559178e-03
3.837883912000000231e-01,2.481881890560989554e-03
3.838154952000000231e-01,2.481860014225581012e-03
3.838371770999999821e-01,2.481842513416643563e-03
3.838534376000000137e-01,2.481829387979615081e-03
3.838642776000000256e-01,2.481820637668444123e-03
3.839455677999999983e-01,2.481755012472040313e-03
3.839509865999999882e-01,2.481750637518475959e-03
3.839618237999999906e-01,2.481741887782182385e-03
3.840105876000000085e-01,2.481702514546732172e-03
3.840485107000000120e-01,2.481671891644453981e-03
3.840755963999999967e-01,2.481650018477196944e-03
3.840810132999999960e-01,2.481645643904515849e-03
3.840972635000000079e-01,2.481632520302649164e-03
3.841135131000000258e-01,2.481619396755337364e-03
3.841243456999999806e-01,2.481610647747605532e-03
3.841351780999999743e-01,2.481601898850269335e-03
3.841405941000000102e-01,2.481597524423108121e-03
3.841622576000000011e-01,2.481580026859085859e-03
3.842109959000000186e-01,2.481540658034651903e-03
3.842218258000000275e-01,2.481531909555281714e-03
3.842272406999999723e-01,2.481527535359004388e-03
3.842543137000000164e-01,2.481505664508812728e-03
3.842867989000000040e-01,2.481479419991759663e-03
3.843301081000000119e-01,2.481444427914237215e-03
3.843409346000000171e-01,2.481435680090933373e-03
3.843842377999999727e-01,2.481400689067448859e-03
3.844004751999999803e-01,2.481387567683292130e-03
3.844221239999999762e-01,2.481370072764859346e-03
3.844275360000000141e-01,2.481365699060743453e-03
3.844654180000000032e-01,2.481335083466416815e-03
3.844708293999999915e-01,2.481330709840891702e-03
3.844870631999999788e-01,2.481317589096716097e-03
3.845032963000000192e-01,2.481304468502965304e-03
3.845303499000000125e-01,2.481282601037487160e-03
3.845465811000000067e-01,2.481269480822580458e-03
3.845519914000000150e-01,2.481265107437602077e-03
3.845682216999999903e-01,2.481251987285565657e-03
3.845952706999999915e-01,2.481230120703487203e-03
3.846439542000000267e-01,2.481190761682790496e-03
3.846601807000000206e-01,2.481177642294792214e-03
3.847250796000000195e-01,2.481125165815271059e-03
3.847304873999999875e-01,2.481120792801886493e-03
3.847413027000000096e-01,2.481112046910344694e-03
3.847467102000000083e-01,2.481107674001272086e-03
3.847737466999999745e-01,2.481085809630432636e-03
3.848548446999999761e-01,2.481020218598280550e-03
3.848602506000000090e-01,2.481015846036326977e-03
3.848764680000000271e-01,2.481002728176642629e-03
3.848926845999999791e-01,2.480989610546409287e-03
3.849197108999999895e-01,2.480967748026763516e-03
3.849845660999999808e-01,2.480915279317392769e-03
3.850007782000000045e-01,2.480902162468114590e-03
3.850223931999999794e-01,2.480884673508772231e-03
3.850710226999999874e-01,2.480845324140898336e-03
3.851142437000000252e-01,2.480810347826193155e-03
3.851358523999999783e-01,2.480792859993981737e-03
3.851520581000000276e-01,2.480779744227347514e-03
3.851574598999999988e-01,2.480775372371500122e-03
3.851790661000000227e-01,2.480757884987500484e-03
3.851952699999999785e-01,2.480744769573394598e-03
3.852006712000000110e-01,2.480740397771811958e-03
3.852492780999999811e-01,2.480701052445247450e-03
3.852600788000000165e-01,2.480692309227600176e-03
3.852654790999999745e-01,2.480687937587723688e-03
3.852924790999999738e-01,2.480666079706825636e-03
3.853086782999999849e-01,2.480652965217077996e-03
3.853518725999999783e-01,2.480617993653496355e-03
3.853734679999999968e-01,2.480600508190235025e-03
3.854220532000000032e-01,2.480561166808380093e-03
3.854598374000000049e-01,2.480530568631041446e-03
3.855192050999999842e-01,2.480482487114782537e-03
3.855461874000000178e-01,2.480460632548694717e-03
3.855515836000000252e-01,2.480456261613597779e-03
3.855677718000000143e-01,2.480443149015703567e-03
3.855893550999999753e-01,2.480425665679670752e-03
3.855947506999999885e-01,2.480421294951985593e-03
3.856055418000000068e-01,2.480412553392692763e-03
3.856325179999999797e-01,2.480390699862635578e-03
3.856702815999999978e-01,2.480360105433516548e-03
3.856810705000000006e-01,2.480351364280160720e-03
3.857134354999999792e-01,2.480325141132289253e-03
3.857188294000000184e-01,2.480320770684277948e-03
3.857404041999999977e-01,2.480303288884114655e-03
3.857673710000000256e-01,2.480281437005927951e-03
3.857781572000000270e-01,2.480272696347661336e-03
3.858105139999999933e-01,2.480246474672872809e-03
3.858644359999999773e-01,2.480202772974593548e-03
3.858913941000000070e-01,2.480180922662187336e-03
3.858967855000000058e-01,2.480176552630303666e-03
3.859129593000000247e-01,2.480163442598706022e-03
3.859291323999999856e-01,2.480150332786981975e-03
3.859345231999999903e-01,2.480145962829073420e-03
3.859560859999999760e-01,2.480128483189280534e-03
3.859776475000000207e-01,2.480111003827647955e-03
3.859830376999999757e-01,2.480106634072461787e-03
3.860207669999999869e-01,2.480076045765170194e-03
3.860261566000000033e-01,2.480071676075187512e-03
3.860584926000000250e-01,2.480045458099224952e-03
3.860692707000000223e-01,2.480036718948631664e-03
3.860854371999999923e-01,2.480023610290411559e-03
3.861069914999999964e-01,2.480006132163535635e-03
3.861231565000000088e-01,2.479993023766513711e-03
3.861716472999999761e-01,2.479953699229126007e-03
3.861985840000000114e-01,2.479931852828677792e-03
3.862309056000000074e-01,2.479905637423958798e-03
3.862847688000000113e-01,2.479861946327099886e-03
3.863224686000000241e-01,2.479831363353539146e-03
3.863440096999999906e-01,2.479813887705460771e-03
3.863655496000000245e-01,2.479796412190082237e-03
3.863709343999999768e-01,2.479792043329450465e-03
3.863817037999999759e-01,2.479783305728621833e-03
3.864086258000000162e-01,2.479761461914079500e-03
3.864301620999999742e-01,2.479743987053781556e-03
3.864570808000000190e-01,2.479722143840013427e-03
3.864678476999999779e-01,2.479713406684145704e-03
3.864947637999999741e-01,2.479691563913285872e-03
3.865162952999999790e-01,2.479674089933158864e-03
3.865432079000000187e-01,2.479652247789974027e-03
3.865593547000000241e-01,2.479639142649773566e-03
3.865755007000000187e-01,2.479626037615579454e-03
3.865862642999999821e-01,2.479617301015617312e-03
3.866024091999999968e-01,2.479604196321692246e-03
3.866185535000000173e-01,2.479591091590886524e-03
3.866239347000000048e-01,2.479586723365971926e-03
3.866723626999999941e-01,2.479547410213329365e-03
3.866885039999999885e-01,2.479534306092702652e-03
3.867476831000000170e-01,2.479486258513985322e-03
3.867584419000000273e-01,2.479477522884057563e-03
3.867960956000000006e-01,2.479446948172548022e-03
3.868014744000000116e-01,2.479442580439291353e-03
3.868122317000000088e-01,2.479433844946297896e-03
3.868176103000000032e-01,2.479429477232372118e-03
3.868445019999999790e-01,2.479407638859381074e-03
3.868606360999999882e-01,2.479394536075864471e-03
3.868767696000000034e-01,2.479381433316252357e-03
3.868821472000000261e-01,2.479377065832319687e-03
3.868982798000000223e-01,2.479363963250652038e-03
3.869251658999999788e-01,2.479342125933062420e-03
3.869305429000000074e-01,2.479337758426298621e-03
3.869628032999999911e-01,2.479311554146347834e-03
3.869896849000000194e-01,2.479289717651001531e-03
3.870111889000000249e-01,2.479272248715053573e-03
3.870488179000000084e-01,2.479241678470748417e-03
3.870703186000000184e-01,2.479224210066701805e-03
3.870971926999999813e-01,2.479202374878408058e-03
3.871025672999999778e-01,2.479198007940571977e-03
3.871186906999999899e-01,2.479184907025993971e-03
3.871401875000000103e-01,2.479167439355908428e-03
3.871563093000000011e-01,2.479154338748061626e-03
3.871885508999999836e-01,2.479128137822182634e-03
3.872476535000000109e-01,2.479080104164294203e-03
3.872637708000000178e-01,2.479067004405641813e-03
3.872906314999999822e-01,2.479045171672936317e-03
3.873282333999999993e-01,2.479014606394227237e-03
3.873604607000000200e-01,2.478988408168204208e-03
3.873765733000000266e-01,2.478975309148120313e-03
3.873980557999999741e-01,2.478957844082724238e-03
3.874410172000000152e-01,2.478922914624490884e-03
3.874463870000000032e-01,2.478918548441328903e-03
3.874893429999999861e-01,2.478883619960785701e-03
3.875322942000000159e-01,2.478848692251952885e-03
3.875698726999999844e-01,2.478818131196058178e-03
3.875752406999999899e-01,2.478813765389365452e-03
3.875859765999999929e-01,2.478805033849694906e-03
3.875913443999999819e-01,2.478800668124978707e-03
3.876074474000000269e-01,2.478787570944352217e-03
3.876342843000000205e-01,2.478765742534337797e-03
3.876503855999999804e-01,2.478752645557143631e-03
3.876718529000000024e-01,2.478735183328427231e-03
3.876772195000000032e-01,2.478730817764400636e-03
3.876986853000000122e-01,2.478713355707719800e-03
3.877040515999999881e-01,2.478708990163499843e-03
3.877201498999999774e-01,2.478695893841663823e-03
3.877362475999999725e-01,2.478682797650887028e-03
3.877469789999999916e-01,2.478674066835546801e-03
3.877791715000000194e-01,2.478647874962478827e-03
3.877845367000000154e-01,2.478643509643302378e-03
3.878274552000000042e-01,2.478608587894021425e-03
3.878489126999999925e-01,2.478591127408980108e-03
3.878757328999999920e-01,2.478569301953355460e-03
3.879079147000000227e-01,2.478543112024525659e-03
3.879132779999999725e-01,2.478538747090161618e-03
3.879186412999999778e-01,2.478534382168611980e-03
3.879293677000000273e-01,2.478525652337163106e-03
3.879615450000000187e-01,2.478499463085485216e-03
3.879776327000000191e-01,2.478486368679767935e-03
3.880044440000000039e-01,2.478464544901824718e-03
3.880205299000000219e-01,2.478451450861431093e-03
3.880419767000000131e-01,2.478433992266730525e-03
3.880634223000000160e-01,2.478416533849910671e-03
3.880848666999999752e-01,2.478399075724995338e-03
3.880902276000000040e-01,2.478394711274196742e-03
3.881009492999999977e-01,2.478385982299517384e-03
3.881223916000000052e-01,2.478368524472332642e-03
3.881491928999999952e-01,2.478346702555931595e-03
3.881706326000000096e-01,2.478329245236686896e-03
3.882135085000000263e-01,2.478294331294977372e-03
3.882349446000000204e-01,2.478276874692201225e-03
3.882778132999999965e-01,2.478241962057763266e-03
3.883421075999999861e-01,2.478189594665395051e-03
3.883474648999999945e-01,2.478185230878606534e-03
3.883581795000000114e-01,2.478176503208425353e-03
3.883903213000000076e-01,2.478150320494571998e-03
3.884278166999999837e-01,2.478119774622838511e-03
3.884438849999999888e-01,2.478106683739593041e-03
3.884706640999999738e-01,2.478084865879954732e-03
3.884760197000000082e-01,2.478080502364144334e-03
3.884920861000000225e-01,2.478067411890876037e-03
3.885349263999999803e-01,2.478032504425392319e-03
3.886205930000000142e-01,2.477962692035629976e-03
3.886366533000000234e-01,2.477949602685052596e-03
3.886420066999999867e-01,2.477945239570759125e-03
3.886473598999999890e-01,2.477940876477165676e-03
3.886794778000000061e-01,2.477914698088282824e-03
3.886848305000000225e-01,2.477910335131498776e-03
3.886901830999999752e-01,2.477905972103120521e-03
3.887008881999999832e-01,2.477897246195070579e-03
3.887276496000000026e-01,2.477875431535849632e-03
3.887865181999999864e-01,2.477827440577522970e-03
3.887918693999999897e-01,2.477823077851529568e-03
3.888132737000000172e-01,2.477805627030591536e-03
3.888614288999999724e-01,2.477766363575358791e-03
3.888774792999999952e-01,2.477753275969932310e-03
3.889042286000000126e-01,2.477731463549484332e-03
3.889416743999999926e-01,2.477700926742792964e-03
3.889577215000000199e-01,2.477687839815917881e-03
3.889791167000000160e-01,2.477670390661133176e-03
3.889844653000000263e-01,2.477666028379950629e-03
3.889898137999999728e-01,2.477661666113862779e-03
3.890219033999999798e-01,2.477635493078247670e-03
3.890272513999999959e-01,2.477631130907088659e-03
3.890325993000000038e-01,2.477626768753299433e-03
3.890486427000000025e-01,2.477613682486579875e-03
3.891341960999999960e-01,2.477543890970266335e-03
3.891502352999999803e-01,2.477530805363037467e-03
3.891769657999999965e-01,2.477508996469366450e-03
3.891983487999999825e-01,2.477491549499202719e-03
3.892197306999999884e-01,2.477474102817053825e-03
3.892624909999999883e-01,2.477439210079510762e-03
3.892785248000000253e-01,2.477426125485665282e-03
3.893212785999999870e-01,2.477391233963576172e-03
3.893693710999999724e-01,2.477351982033042157e-03
3.893747142999999800e-01,2.477347620758080324e-03
3.893854004999999785e-01,2.477338898200966665e-03
3.894121148999999948e-01,2.477317092239830505e-03
3.894334850000000237e-01,2.477299647718726391e-03
3.894601960999999890e-01,2.477277842375088905e-03
3.894708800000000193e-01,2.477269120281931376e-03
3.894975883999999833e-01,2.477247315440302480e-03
3.895029299000000167e-01,2.477242954421300832e-03
3.895189539000000201e-01,2.477229871792021015e-03
3.895456590999999968e-01,2.477208067439088442e-03
3.895563405999999951e-01,2.477199345778708858e-03
3.895616813000000178e-01,2.477194985026090479e-03
3.895830431999999788e-01,2.477177542006014400e-03
3.896257636000000080e-01,2.477142656671610637e-03
3.896311033000000035e-01,2.477138296001055087e-03
3.896471220000000124e-01,2.477125214244790471e-03
3.896631401000000272e-01,2.477112132617281370e-03
3.896738183999999827e-01,2.477103411581266061e-03
3.896898354000000175e-01,2.477090330083304374e-03
3.897058516999999944e-01,2.477077248828895694e-03
3.897111903000000099e-01,2.477072888460545019e-03
3.897272057000000234e-01,2.477059807252783054e-03
3.897538965999999827e-01,2.477038005608282484e-03
3.897592346000000041e-01,2.477033645360829459e-03
3.897965983000000190e-01,2.477003123652836859e-03
3.898019356999999907e-01,2.476998763490652431e-03
3.898179473000000228e-01,2.476985683005599251e-03
3.898446320000000243e-01,2.476963882441726023e-03
3.898819875000000268e-01,2.476933362382219023e-03
3.898873237000000103e-01,2.476929002383000591e-03
3.898979959000000162e-01,2.476920282527503205e-03
3.899300108000000042e-01,2.476894123117381625e-03
3.899460171999999947e-01,2.476881043697513711e-03
3.899673580999999944e-01,2.476863604512992336e-03
3.899833630000000273e-01,2.476850525246652220e-03
3.900153707999999830e-01,2.476824367238875894e-03
3.900473760000000012e-01,2.476798209661542141e-03
3.900580437999999761e-01,2.476789490640142737e-03
3.900953789000000116e-01,2.476758974227867994e-03
3.901433758000000251e-01,2.476719739822102941e-03
3.901593735000000174e-01,2.476706662014993565e-03
3.901753705000000072e-01,2.476693584275246971e-03
3.902660078999999893e-01,2.476619479250666712e-03
3.902713387999999783e-01,2.476615120336043800e-03
3.902873312999999844e-01,2.476602043395291324e-03
3.903246443999999760e-01,2.476571531026200770e-03
3.903726131999999960e-01,2.476532301989273471e-03
3.903939307000000025e-01,2.476514867144948267e-03
3.903992599000000174e-01,2.476510508490856969e-03
3.904099180999999752e-01,2.476501791121192304e-03
3.904152470999999736e-01,2.476497432580782206e-03
3.904418909999999854e-01,2.476475639545621873e-03
3.904578764000000146e-01,2.476462563960481634e-03
3.904738611999999942e-01,2.476449488504262140e-03
3.904951731999999898e-01,2.476432054680525064e-03
3.905164841000000053e-01,2.476414621088386583e-03
3.905271390999999759e-01,2.476405904428148359e-03
3.905431209999999931e-01,2.476392829445624166e-03
3.905644293000000156e-01,2.476375396323005941e-03
3.905697562000000067e-01,2.476371038128029160e-03
3.905857363999999943e-01,2.476357963456909082e-03
3.906070422999999847e-01,2.476340530848988083e-03
3.906656276000000094e-01,2.476292592156155437e-03
3.906709530999999958e-01,2.476288234206697105e-03
3.906975795000000029e-01,2.476266444487778585e-03
3.907295288000000033e-01,2.476240297213654941e-03
3.907508269000000145e-01,2.476222865983089636e-03
3.907774478000000107e-01,2.476201077306022184e-03
3.908253609999999822e-01,2.476161858583588934e-03
3.908413307999999975e-01,2.476148785832249163e-03
3.908572999000000103e-01,2.476135713259490501e-03
3.908626228000000036e-01,2.476131355809621688e-03
3.909052033000000037e-01,2.476096496225788871e-03
3.909211697000000152e-01,2.476083424211730430e-03
3.909264917999999978e-01,2.476079066852061167e-03
3.909531008000000085e-01,2.476057280374879821e-03
3.909690652999999738e-01,2.476044208656785588e-03
3.909903503000000113e-01,2.476026779901530171e-03
3.909956714000000222e-01,2.476022422717950953e-03
3.910329169000000271e-01,2.475991922988969845e-03
3.910541985000000054e-01,2.475974494826566584e-03
3.910701589000000200e-01,2.475961423913223148e-03
3.910914383999999910e-01,2.475943996177579643e-03
3.911180362000000188e-01,2.475922211731708747e-03
3.911659075999999735e-01,2.475883000758883311e-03
3.911765448999999784e-01,2.475874287331701704e-03
3.911978186999999774e-01,2.475856860712772559e-03
3.912244092000000117e-01,2.475835077577132667e-03
3.912616328999999893e-01,2.475804581945982141e-03
3.912882191000000009e-01,2.475782799680119155e-03
3.912935362000000139e-01,2.475778443279080636e-03
3.913360698000000193e-01,2.475743592580965068e-03
3.913520187000000261e-01,2.475730523773830502e-03
3.913732829000000080e-01,2.475713098863449157e-03
3.913785987000000244e-01,2.475708742702332436e-03
3.914211230999999902e-01,2.475673893677774861e-03
3.914370684999999850e-01,2.475660825485813139e-03
3.914636428000000112e-01,2.475639045533077707e-03
3.914795864999999764e-01,2.475625977677499683e-03
3.915008437999999980e-01,2.475608554020052726e-03
3.915167860000000055e-01,2.475595486481327583e-03
3.915220998999999757e-01,2.475591130686118253e-03
3.915486684000000217e-01,2.475569351768242086e-03
3.915646085999999748e-01,2.475556284571808242e-03
3.916071127999999901e-01,2.475521439329026342e-03
3.916283630999999876e-01,2.475504017048912962e-03
3.916655485000000159e-01,2.475473528586851976e-03
3.916708603999999871e-01,2.475469173081979411e-03
3.916761722000000057e-01,2.475464817643381089e-03
3.916867956000000262e-01,2.475456106852610538e-03
3.917133529999999864e-01,2.475434330009041242e-03
3.917345976000000118e-01,2.475416908813985687e-03
3.917505302000000023e-01,2.475403843002339094e-03
3.917558409999999935e-01,2.475399487802225351e-03
3.917717727999999733e-01,2.475386422199151934e-03
3.917983244000000087e-01,2.475364646432357593e-03
3.918354935999999733e-01,2.475334160881207703e-03
3.918567314999999995e-01,2.475316740943634547e-03
3.918620407999999777e-01,2.475312385916488347e-03
3.918832772999999992e-01,2.475294966272982046e-03
3.919257468999999827e-01,2.475260127536809632e-03
3.919310552999999975e-01,2.475255772668132157e-03
3.919735196999999949e-01,2.475220934939153204e-03
3.920053649999999945e-01,2.475194807154885036e-03
3.920106722999999738e-01,2.475190452540913973e-03
3.920743541999999748e-01,2.475138198542354857e-03
3.920902730999999974e-01,2.475125135405579005e-03
3.920955791999999884e-01,2.475120781006433929e-03
3.921008852999999794e-01,2.475116426646084208e-03
3.921433313000000087e-01,2.475081592285985951e-03
3.921857726999999905e-01,2.475046758743869660e-03
3.921963822999999794e-01,2.475038050610143831e-03
3.922016870000000210e-01,2.475033696466640183e-03
3.922176007000000020e-01,2.475020634253749865e-03
3.922282094999999802e-01,2.475011926149555102e-03
3.922441220999999811e-01,2.474998864113280017e-03
3.922812491000000068e-01,2.474968386570314087e-03
3.923077661000000105e-01,2.474946617295531535e-03
3.923130692999999836e-01,2.474942263497518016e-03
3.923448870999999838e-01,2.474916140868403929e-03
3.923554924000000055e-01,2.474907433431029497e-03
3.923713998000000203e-01,2.474894372427261825e-03
3.923873066999999937e-01,2.474881311464956213e-03
3.924297217000000115e-01,2.474846482994837431e-03
3.924403247000000095e-01,2.474837775938075208e-03
3.924562287000000205e-01,2.474824715544359909e-03
3.924774330999999949e-01,2.474807301910000781e-03
3.924986362999999812e-01,2.474789888363316311e-03
3.925145379000000156e-01,2.474776828432186278e-03
3.925198383999999874e-01,2.474772475167945872e-03
3.925251386999999981e-01,2.474768121857394854e-03
3.925357392000000112e-01,2.474759415325382579e-03
3.925622389999999795e-01,2.474737649326179921e-03
3.925675388000000043e-01,2.474733296180694347e-03
3.926099343000000186e-01,2.474698471229407927e-03
3.926470267000000125e-01,2.474668000190779864e-03
3.926894135999999813e-01,2.474633177026080381e-03
3.927053075999999976e-01,2.474620118475165300e-03
3.927106054000000235e-01,2.474615765717897396e-03
3.927264985000000208e-01,2.474602707287278450e-03
3.928218433999999815e-01,2.474524359867374262e-03
3.928377318999999868e-01,2.474511302366077907e-03
3.928589156999999776e-01,2.474493892616299370e-03
3.928642115000000046e-01,2.474489540158446039e-03
3.928800982999999802e-01,2.474476483014564736e-03
3.928959845000000173e-01,2.474463425986005247e-03
3.929012798000000029e-01,2.474459073603459732e-03
3.929065749999999801e-01,2.474454721280955598e-03
3.929436392999999805e-01,2.474424255541186543e-03
3.929489339000000192e-01,2.474419903404613541e-03
3.929595229999999773e-01,2.474411199032893610e-03
3.930071700000000168e-01,2.474372030058148968e-03
3.930230511000000204e-01,2.474358973974057942e-03
3.930442249000000166e-01,2.474341566109689635e-03
3.931342006999999916e-01,2.474267584838984579e-03
3.931977005999999775e-01,2.474215365181763829e-03
3.932029918000000124e-01,2.474211013575809345e-03
3.932188649000000202e-01,2.474197959036118343e-03
3.932347374999999867e-01,2.474184904558416383e-03
3.932400281000000275e-01,2.474180553120561808e-03
3.932453188000000210e-01,2.474176201638442294e-03
3.932611901999999993e-01,2.474163147427240264e-03
3.932982211000000117e-01,2.474132687906203769e-03
3.933299591000000150e-01,2.474106580369545179e-03
3.933458271999999978e-01,2.474093526740506806e-03
3.933722725000000087e-01,2.474071771006536823e-03
3.933828501000000144e-01,2.474063068864212813e-03
3.933881388000000090e-01,2.474058717773210125e-03
3.934040045000000152e-01,2.474045664509715720e-03
3.934092928999999850e-01,2.474041313531198574e-03
3.934304458999999810e-01,2.474023909585254880e-03
3.934515976999999887e-01,2.474006505744308360e-03
3.934991851999999901e-01,2.473967348130411310e-03
3.935361936999999810e-01,2.473936892892428328e-03
3.935520533999999904e-01,2.473923840880517394e-03
3.935784849000000252e-01,2.473902087750709956e-03
3.936260569999999737e-01,2.473862932918648866e-03
3.936683384999999924e-01,2.473828129686542719e-03
3.937053311000000000e-01,2.473797677445746870e-03
3.937106155000000274e-01,2.473793327194047202e-03
3.937264682000000127e-01,2.473780276538879545e-03
3.937423201999999955e-01,2.473767225944448894e-03
3.937528879000000148e-01,2.473758525607805056e-03
3.937845891999999792e-01,2.473732424950388000e-03
3.937898725999999794e-01,2.473728074885270418e-03
3.938110051000000000e-01,2.473710674737191525e-03
3.938321364999999852e-01,2.473693274929317926e-03
3.938374190999999747e-01,2.473688925017510868e-03
3.938532666999999821e-01,2.473675875171115097e-03
3.938691136999999953e-01,2.473662825606957535e-03
3.938955237999999803e-01,2.473641076539068000e-03
3.939166506999999817e-01,2.473623677451370056e-03
3.939641819999999961e-01,2.473584530503702625e-03
3.939747437000000185e-01,2.473575831299443771e-03
3.940011467999999795e-01,2.473554083560308616e-03
3.940222680000000088e-01,2.473536685613268987e-03
3.940433879999999944e-01,2.473519287938133384e-03
3.940856247999999784e-01,2.473484493100621285e-03
3.940909040000000196e-01,2.473480143817281124e-03
3.941067414000000158e-01,2.473467095965438314e-03
3.941225782000000177e-01,2.473454048283346435e-03
3.941331357000000257e-01,2.473445349920980543e-03
3.941436929000000089e-01,2.473436651561461766e-03
3.941489713999999922e-01,2.473432302429922919e-03
3.941700846000000258e-01,2.473414906024707250e-03
3.941911967999999766e-01,2.473397509759975993e-03
3.942281402999999740e-01,2.473367066954749224e-03
3.942334176000000245e-01,2.473362717974810464e-03
3.942756339999999859e-01,2.473327926998606340e-03
3.942967405000000203e-01,2.473310531902619871e-03
3.943125695999999958e-01,2.473297485636691186e-03
3.943389500999999742e-01,2.473275742261265078e-03
3.943442259000000116e-01,2.473271393592888726e-03
3.943758796999999872e-01,2.473245301979342357e-03
3.943811550999999915e-01,2.473240953379237782e-03
3.944022560000000066e-01,2.473223559363819241e-03
3.944180808000000149e-01,2.473210513895677306e-03
3.944233556999999779e-01,2.473206165489401625e-03
3.944655516999999723e-01,2.473171378487046962e-03
3.944813739999999957e-01,2.473158333546298694e-03
3.944866479999999953e-01,2.473153985195973049e-03
3.945130168000000048e-01,2.473132244046371067e-03
3.945288372999999904e-01,2.473119199430748143e-03
3.945499302000000097e-01,2.473101806820220995e-03
3.945710219999999935e-01,2.473084414519288211e-03
3.945973851999999837e-01,2.473062674392568529e-03
3.946395625999999934e-01,2.473027890834865981e-03
3.947133621999999731e-01,2.472967021792408116e-03
3.947186330999999937e-01,2.472962674093933874e-03
3.947239039000000060e-01,2.472958326409361706e-03
3.947397159000000100e-01,2.472945283460079025e-03
3.947976878000000189e-01,2.472897460355135031e-03
3.948082271999999726e-01,2.472888765413093926e-03
3.948187663000000125e-01,2.472880070529753262e-03
3.948661889999999786e-01,2.472840944234695661e-03
3.948925323999999959e-01,2.472819207866429597e-03
3.949241423000000029e-01,2.472793124612686529e-03
3.949294103000000056e-01,2.472788777428524404e-03
3.949504818999999833e-01,2.472771388986712542e-03
3.949715522999999728e-01,2.472754000782649304e-03
3.949926215999999823e-01,2.472736612654411695e-03
3.950189566000000263e-01,2.472714877910508601e-03
3.950347567999999976e-01,2.472701837220014562e-03
3.950505563000000220e-01,2.472688796610477899e-03
3.950558227000000033e-01,2.472684449842722700e-03
3.950716214000000170e-01,2.472671409375726530e-03
3.950926853000000238e-01,2.472654022419175802e-03
3.951032168999999983e-01,2.472645328950771881e-03
3.951190137000000213e-01,2.472632288914689263e-03
3.951453402999999809e-01,2.472610555762957442e-03
3.951821945999999808e-01,2.472580129879082145e-03
3.952243095999999900e-01,2.472545358346288445e-03
3.952295735999999948e-01,2.472541011985169776e-03
3.952401014999999962e-01,2.472532319230898168e-03
3.952611564999999882e-01,2.472514933970461608e-03
3.952716835999999789e-01,2.472506241300183143e-03
3.952874737000000027e-01,2.472493202576622230e-03
3.953085261000000017e-01,2.472475817811616190e-03
3.953243147000000124e-01,2.472462779259514912e-03
3.953506276000000041e-01,2.472441048734291043e-03
3.953979865000000204e-01,2.472401934687442401e-03
3.954137715000000108e-01,2.472388896952934945e-03
3.954348172000000106e-01,2.472371513349385253e-03
3.954716444999999969e-01,2.472341092709397746e-03
3.954769053000000145e-01,2.472336746937454487e-03
3.954821660000000239e-01,2.472332401183420080e-03
3.954926872000000260e-01,2.472323709709935580e-03
3.954979477000000188e-01,2.472319364086143778e-03
3.955189888999999792e-01,2.472301981444375088e-03
3.955242489999999944e-01,2.472297635723031545e-03
3.955663275999999895e-01,2.472262871128403598e-03
3.956084017000000008e-01,2.472228107442360056e-03
3.956241783000000178e-01,2.472215071270450308e-03
3.956662462000000158e-01,2.472180308753604318e-03
3.957083096999999827e-01,2.472145546991902105e-03
3.957293397000000157e-01,2.472128166486641833e-03
3.957451115000000241e-01,2.472115131247948697e-03
3.957503687000000214e-01,2.472110786261558051e-03
3.957661396000000109e-01,2.472097751126318618e-03
3.957924232000000209e-01,2.472076026250261214e-03
3.958081924999999890e-01,2.472062991519351997e-03
3.958134487000000146e-01,2.472058646637467164e-03
3.958292172000000275e-01,2.472045612038088584e-03
3.958554966000000230e-01,2.472023887944188938e-03
3.958765188000000212e-01,2.472006508925000349e-03
3.959027949999999740e-01,2.471984785397711697e-03
3.959343242000000207e-01,2.471958717730904451e-03
3.959395788000000249e-01,2.471954373141875203e-03
3.959816132000000266e-01,2.471919617028632554e-03
3.959973748999999765e-01,2.471906583706557324e-03
3.960026287000000256e-01,2.471902239317994021e-03
3.960288966000000133e-01,2.471880517471950357e-03
3.960446563999999725e-01,2.471867484469325756e-03
3.960814269999999859e-01,2.471837074760033399e-03
3.961076895999999792e-01,2.471815353925160049e-03
3.961129420000000234e-01,2.471811009815003818e-03
3.961444544000000123e-01,2.471784945254052422e-03
3.961549580000000015e-01,2.471776257215661278e-03
3.961707127999999911e-01,2.471763225307356190e-03
3.962337260000000083e-01,2.471711098519264495e-03
3.962494777000000190e-01,2.471698067165036591e-03
3.962547281000000088e-01,2.471693723378959665e-03
3.962704790000000088e-01,2.471680692173123476e-03
3.962809793000000025e-01,2.471672004689603151e-03
3.963177279000000275e-01,2.471641599215856303e-03
3.963229775000000066e-01,2.471637255669810896e-03
3.963334762999999872e-01,2.471628568499991459e-03
3.963807176999999959e-01,2.471589477023622156e-03
3.964174570999999814e-01,2.471559073327397882e-03
3.964384495000000119e-01,2.471541700009362817e-03
3.964856783999999856e-01,2.471502610959470936e-03
3.964909256999999965e-01,2.471498267829009762e-03
3.965014201000000016e-01,2.471489581506806140e-03
3.965066671999999959e-01,2.471485238423071912e-03
3.965643806999999965e-01,2.471437464883449817e-03
3.966168401999999871e-01,2.471394035912095801e-03
3.966325767000000169e-01,2.471381007501169316e-03
3.966535578000000006e-01,2.471363636377541233e-03
3.966745376999999961e-01,2.471346265522406278e-03
3.966955165000000116e-01,2.471328894917029437e-03
3.967374707999999917e-01,2.471294154329238373e-03
3.967427148000000070e-01,2.471289811752258505e-03
3.967532025000000129e-01,2.471281126782480866e-03
3.967741772000000222e-01,2.471263757040959453e-03
3.967846641000000174e-01,2.471255072115390809e-03
3.968003938999999924e-01,2.471242044989653726e-03
3.968370944999999872e-01,2.471211648819608784e-03
3.968423370999999977e-01,2.471207306532945298e-03
3.968685493999999925e-01,2.471185595420665772e-03
3.968842759000000275e-01,2.471172568854389153e-03
3.969262103000000264e-01,2.471137832212700648e-03
3.969419344999999821e-01,2.471124806132667020e-03
3.969471757999999961e-01,2.471120464084754827e-03
3.969891034999999957e-01,2.471085728576202876e-03
3.969943441000000073e-01,2.471081386762620166e-03
3.970048252000000222e-01,2.471072703028495601e-03
3.970100656000000172e-01,2.471068361171465440e-03
3.970519867000000258e-01,2.471033627060780120e-03
3.970677059000000120e-01,2.471020601995499010e-03
3.970729456000000046e-01,2.471016260245137430e-03
3.970781850999999807e-01,2.471011918603144026e-03
3.970886639999999801e-01,2.471003235398977916e-03
3.971148600000000140e-01,2.470981527330428588e-03
3.971724850999999723e-01,2.470933771026392282e-03
3.972405767000000143e-01,2.470877333832713438e-03
3.972615255999999984e-01,2.470859969049561244e-03
3.972877101999999772e-01,2.470838263288921421e-03
3.973662535999999967e-01,2.470773148107004852e-03
3.973714891999999832e-01,2.470768807201499575e-03
3.973871957999999815e-01,2.470755784538444019e-03
3.974029017999999858e-01,2.470742762040458677e-03
3.974081369999999946e-01,2.470738421260123240e-03
3.974290771000000277e-01,2.470721058041109187e-03
3.974447814000000023e-01,2.470708035900405324e-03
3.974971246999999819e-01,2.470664629437511681e-03
3.975389944000000120e-01,2.470629905291050685e-03
3.975913253000000203e-01,2.470586501174673252e-03
3.976174881999999799e-01,2.470564799658136329e-03
3.976227205000000264e-01,2.470560459476820857e-03
3.976384171999999828e-01,2.470547438800303405e-03
3.976645770000000191e-01,2.470525737877185025e-03
3.977482767000000141e-01,2.470456297139662048e-03
3.977587378999999923e-01,2.470447617353274151e-03
3.977639684000000009e-01,2.470443277410106723e-03
3.977796594999999935e-01,2.470430257825418155e-03
3.977848896999999773e-01,2.470425917968428753e-03
3.977901199000000165e-01,2.470421578198962655e-03
3.978058099999999819e-01,2.470408558740677749e-03
3.978214994000000004e-01,2.470395539410834805e-03
3.978267290999999983e-01,2.470391199680656291e-03
3.978319586999999879e-01,2.470386860017330984e-03
3.978424177000000062e-01,2.470378180592307238e-03
3.978685640999999884e-01,2.470356482264789242e-03
3.979051660999999851e-01,2.470326105209354368e-03
3.979156232000000126e-01,2.470317426157697324e-03
3.979313083000000084e-01,2.470304407708645913e-03
3.979731322999999765e-01,2.470269692493299446e-03
3.980149519000000247e-01,2.470234978025457467e-03
3.980410869000000074e-01,2.470213281987978723e-03
3.980567670999999863e-01,2.470200264440539431e-03
3.980776730000000208e-01,2.470182908007163402e-03
3.980933517999999949e-01,2.470169890768620681e-03
3.981142557999999831e-01,2.470152534630376193e-03
3.981194815999999914e-01,2.470148195753144298e-03
3.981247073999999997e-01,2.470143856716729841e-03
3.981560605000000197e-01,2.470117823102273812e-03
3.982030857000000146e-01,2.470078773705785321e-03
3.982083102999999791e-01,2.470074434958130331e-03
3.982448811000000033e-01,2.470044064023219684e-03
3.982605531999999782e-01,2.470031048056674228e-03
3.982814485000000237e-01,2.470013693724749590e-03
3.982918957000000093e-01,2.470005016654701867e-03
3.983075660000000018e-01,2.469992001065964438e-03
3.983441276999999947e-01,2.469961631867993376e-03
3.983754635000000266e-01,2.469935601662455026e-03
3.984067969999999792e-01,2.469909571972684226e-03
3.984172409000000248e-01,2.469900895615626934e-03
3.984329063000000004e-01,2.469887881016112965e-03
3.984537925000000147e-01,2.469870528395531201e-03
3.984903407000000009e-01,2.469840161828942230e-03
3.985007823999999754e-01,2.469831485844314889e-03
3.985164445000000111e-01,2.469818471856335615e-03
3.985373262999999944e-01,2.469801120175126562e-03
3.985738669000000178e-01,2.469770755085423479e-03
3.985790866999999738e-01,2.469766417224152338e-03
3.986260618999999950e-01,2.469727377556841380e-03
3.986417191000000138e-01,2.469714364582435446e-03
3.986678129999999820e-01,2.469692676615815354e-03
3.986782501000000201e-01,2.469684001496243002e-03
3.986834685000000267e-01,2.469679663918801678e-03
3.987043416000000118e-01,2.469662313899289880e-03
3.987513019999999742e-01,2.469623277154523507e-03
3.987617368999999967e-01,2.469614602482577900e-03
3.987826058999999757e-01,2.469597253218506084e-03
3.987930399999999875e-01,2.469588578706269962e-03
3.988086906000000154e-01,2.469575567050132439e-03
3.988243405999999935e-01,2.469562555400274181e-03
3.988712869000000105e-01,2.469523521417035360e-03
3.988921501000000092e-01,2.469506173342819050e-03
3.989182276000000082e-01,2.469484488480657922e-03
3.989338733000000192e-01,2.469471477811527749e-03
3.989599481000000170e-01,2.469449793508160518e-03
3.990120925999999790e-01,2.469406425948397158e-03
3.990173067000000184e-01,2.469402089331117905e-03
3.990433760000000052e-01,2.469380406044562309e-03
3.990798702999999725e-01,2.469350050190171394e-03
3.991007226000000130e-01,2.469332704145401573e-03
3.991215738000000179e-01,2.469315358513983396e-03
3.991267864999999970e-01,2.469311022051614516e-03
3.991580609000000002e-01,2.469285003878999869e-03
3.991841211000000111e-01,2.469263322493321731e-03
3.992622913000000162e-01,2.469198280374848044e-03
3.992675021000000046e-01,2.469193944315628900e-03
3.992831340999999923e-01,2.469180936329546522e-03
3.992935550999999750e-01,2.469172264377822532e-03
3.993091860999999909e-01,2.469159256505238775e-03
3.993300263999999822e-01,2.469141912910092791e-03
3.993352364000000154e-01,2.469137577061342875e-03
3.993717038999999858e-01,2.469107226353801920e-03
3.993769133000000249e-01,2.469102890589966719e-03
3.993925409999999898e-01,2.469089883429987850e-03
3.994185859000000116e-01,2.469068205023113981e-03
3.994498374000000074e-01,2.469042191362765763e-03
3.994550458000000193e-01,2.469037855835284467e-03
3.994758784999999923e-01,2.469020513815620849e-03
3.995175408000000150e-01,2.468985830168293847e-03
3.995435775000000245e-01,2.468964153414370758e-03
3.995591987000000067e-01,2.468951147536436238e-03
3.995800259999999771e-01,2.468933806497360193e-03
3.995956458000000100e-01,2.468920800872709178e-03
3.996164711999999897e-01,2.468903460216699541e-03
3.996216773999999861e-01,2.468899125067594829e-03
3.996633244000000196e-01,2.468864444605134260e-03
3.996685300000000218e-01,2.468860109611224849e-03
3.996841462999999872e-01,2.468847104616549507e-03
3.997049670999999749e-01,2.468829764887861891e-03
3.997622187000000049e-01,2.468782081783408699e-03
3.997674230000000106e-01,2.468777746991292297e-03
3.997830354999999947e-01,2.468764742812112629e-03
3.998246657000000259e-01,2.468730065666464597e-03
3.998298692000000210e-01,2.468725731063368869e-03
3.998454792000000202e-01,2.468712727329254192e-03
3.998714944999999799e-01,2.468691054763573738e-03
3.998766973999999808e-01,2.468686720236847043e-03
3.999079131000000120e-01,2.468660713807631184e-03
3.999495303999999751e-01,2.468626039121093324e-03
3.999547321999999960e-01,2.468621704860618927e-03
3.999963445999999978e-01,2.468587031095609546e-03
4.000015458000000246e-01,2.468582697002127437e-03
4.000119481000000143e-01,2.468574028805915841e-03
4.000171491000000246e-01,2.468569694639264397e-03
4.000379526000000241e-01,2.468552358305093654e-03
4.000587549999999881e-01,2.468535022203610912e-03
4.000743560999999726e-01,2.468522020357582277e-03
4.000795563000000277e-01,2.468517686374687055e-03
4.000847564000000189e-01,2.468513352487092770e-03
4.001263553000000139e-01,2.468478681477018991e-03
4.001419536999999971e-01,2.468465680022662295e-03
4.001575514999999861e-01,2.468452678752621268e-03
4.001783476999999922e-01,2.468435343881726640e-03
4.002459278000000120e-01,2.468379007081685211e-03
4.002511257999999961e-01,2.468374673535044753e-03
4.002667194000000261e-01,2.468361673163066167e-03
4.002823122999999983e-01,2.468348672780956796e-03
4.002927072999999947e-01,2.468340005992075183e-03
4.003082993000000034e-01,2.468327005877268485e-03
4.003446782000000259e-01,2.468296672796469176e-03
4.004174260000000207e-01,2.468236008437637696e-03
4.004485996000000103e-01,2.468210010281135514e-03
4.004537950000000013e-01,2.468205677275938249e-03
4.004589902999999840e-01,2.468201344220768804e-03
4.004953553999999749e-01,2.468171013853938736e-03
4.005005502000000273e-01,2.468166680968518923e-03
4.005421057999999923e-01,2.468132018575597709e-03
4.005576880999999756e-01,2.468119020343091316e-03
4.005732697000000120e-01,2.468106022302153472e-03
4.005784634999999816e-01,2.468101689597764197e-03
4.005992378000000076e-01,2.468084359095973606e-03
4.006200109999999981e-01,2.468067028824344825e-03
4.006407832000000169e-01,2.468049698682501115e-03
4.006667467999999732e-01,2.468028036376364309e-03
4.006823241999999952e-01,2.468015039159675121e-03
4.007030932000000267e-01,2.467997709724333542e-03
4.007446277999999751e-01,2.467963051491785329e-03
4.007602022000000264e-01,2.467950054795886149e-03
4.007653935000000112e-01,2.467945722704264957e-03
4.007809670999999963e-01,2.467932726190612790e-03
4.007861581000000117e-01,2.467928394123230021e-03
4.007913491000000272e-01,2.467924061947253563e-03
4.008276841000000257e-01,2.467893737501091530e-03
4.008432552999999787e-01,2.467880741603242344e-03
4.008692058000000169e-01,2.467859081849870830e-03
4.008743956999999969e-01,2.467854749985275500e-03
4.009262912000000068e-01,2.467811431674795178e-03
4.009314802999999761e-01,2.467807099861570215e-03
4.009729913000000256e-01,2.467772446401516901e-03
4.009937451000000208e-01,2.467755119949933094e-03
4.009989333999999794e-01,2.467750788283341271e-03
4.010093097999999912e-01,2.467742125164889069e-03
4.010404374000000050e-01,2.467716136179302217e-03
4.010560002999999929e-01,2.467703141804496441e-03
4.010923113000000040e-01,2.467672822198606689e-03
4.011234324999999878e-01,2.467646834401471950e-03
4.011389920999999803e-01,2.467633840717017163e-03
4.011545511999999869e-01,2.467620847244841355e-03
4.011597373999999938e-01,2.467616516026953106e-03
4.011649236000000007e-01,2.467612184820995851e-03
4.011804816000000273e-01,2.467599191441370576e-03
4.012478929000000138e-01,2.467542888274225962e-03
4.012582627999999874e-01,2.467534226416373024e-03
4.012634476999999977e-01,2.467529895585703677e-03
4.013049242999999766e-01,2.467495248865804805e-03
4.013256610000000002e-01,2.467477925832869175e-03
4.013412128000000134e-01,2.467464933716204123e-03
4.013671312000000047e-01,2.467443280452298257e-03
4.013723147000000102e-01,2.467438949772995677e-03
4.014034141000000222e-01,2.467412966365546603e-03
4.014293284000000073e-01,2.467391313909213062e-03
4.014500587000000009e-01,2.467373992106740646e-03
4.014863341000000085e-01,2.467343679577590262e-03
4.014915159999999927e-01,2.467339349272581160e-03
4.015070613999999760e-01,2.467326358468437380e-03
4.015381504000000157e-01,2.467300377175508236e-03
4.015536940000000166e-01,2.467287386666575360e-03
4.015795985999999762e-01,2.467265736179878512e-03
4.015899600000000236e-01,2.467257076013227007e-03
4.016210425999999778e-01,2.467231095928416537e-03
4.016365828999999832e-01,2.467218106103563190e-03
4.016624822000000039e-01,2.467196456643852565e-03
4.016987383999999772e-01,2.467166147965332065e-03
4.017401701000000158e-01,2.467131510242634180e-03
4.017557057999999737e-01,2.467118521288983683e-03
4.017764193000000206e-01,2.467101202967879239e-03
4.018178428999999996e-01,2.467066566865495480e-03
4.018385530999999955e-01,2.467049249120125808e-03
4.018644393999999953e-01,2.467027602329447712e-03
4.018696165000000264e-01,2.467023272947217825e-03
4.018851472000000147e-01,2.467010285066367596e-03
4.019006774000000171e-01,2.466997297288033020e-03
4.019110304999999883e-01,2.466988638800575624e-03
4.019265597000000190e-01,2.466975651187443535e-03
4.019472642999999956e-01,2.466958334579083187e-03
4.019886703000000172e-01,2.466923701962024738e-03
4.019938458000000270e-01,2.466919373048207919e-03
4.020352469999999845e-01,2.466884741321246060e-03
4.020507714000000066e-01,2.466871754741179531e-03
4.020714696000000088e-01,2.466854439451922430e-03
4.021128628000000260e-01,2.466819809463787535e-03
4.021180367000000144e-01,2.466815480794081437e-03
4.021335577999999855e-01,2.466802494789341153e-03
4.021594251000000231e-01,2.466780851744302273e-03
4.021956365000000089e-01,2.466750552045874050e-03
4.022421891999999888e-01,2.466711596213230599e-03
4.022525335000000091e-01,2.466702939423269080e-03
4.022732213999999917e-01,2.466685626193684724e-03
4.022783931999999729e-01,2.466681297967275067e-03
4.022835649000000013e-01,2.466676969714918285e-03
4.023197651000000041e-01,2.466646672238824792e-03
4.023249362999999912e-01,2.466642344073956186e-03
4.023352785000000043e-01,2.466633687826306955e-03
4.023663035000000221e-01,2.466607719306635523e-03
4.023818149999999760e-01,2.466594735267513445e-03
4.024076663999999748e-01,2.466573095382555703e-03
4.024231764000000267e-01,2.466560111628601781e-03
4.024438553999999946e-01,2.466542800142812637e-03
4.024645333999999908e-01,2.466525488934629990e-03
4.024903793999999868e-01,2.466503850182411549e-03
4.025007172999999772e-01,2.466495194804555705e-03
4.025058861999999960e-01,2.466490867009790786e-03
4.025317295999999989e-01,2.466469228850429705e-03
4.025627393999999803e-01,2.466443263410294465e-03
4.025679074999999885e-01,2.466438935859716162e-03
4.026040820999999825e-01,2.466408643559266003e-03
4.026092495999999965e-01,2.466404316186110880e-03
4.026144171000000105e-01,2.466399988693203458e-03
4.026505875999999984e-01,2.466369697210880115e-03
4.026712550000000057e-01,2.466352388108972692e-03
4.026970877000000115e-01,2.466330752012809747e-03
4.027332506999999895e-01,2.466300461994535339e-03
4.027384165999999821e-01,2.466296135022117818e-03
4.027487482000000063e-01,2.466287480819697592e-03
4.027539138999999824e-01,2.466283153769737498e-03
4.027797412999999938e-01,2.466261518783415506e-03
4.028107320000000047e-01,2.466235557213509490e-03
4.028158969000000256e-01,2.466231230244461670e-03
4.028313911999999997e-01,2.466218249652132790e-03
4.028623779000000127e-01,2.466192288898009111e-03
4.028778704000000044e-01,2.466179308687118168e-03
4.029191807999999986e-01,2.466144695360870422e-03
4.029346710999999748e-01,2.466131715616428841e-03
4.030224381999999994e-01,2.466058165739059335e-03
4.030276003000000107e-01,2.466053839462510090e-03
4.030585720000000038e-01,2.466027881698185358e-03
4.030637336999999820e-01,2.466023555524078474e-03
4.030688954000000157e-01,2.466019229207746383e-03
4.031050250000000057e-01,2.465988945993348013e-03
4.031256690999999726e-01,2.465971641576954285e-03
4.031411515000000167e-01,2.465958663356691491e-03
4.031875950000000097e-01,2.465919729619727926e-03
4.032288735999999818e-01,2.465885122711058020e-03
4.032443519999999726e-01,2.465872145311466881e-03
4.032649889000000099e-01,2.465854842372096952e-03
4.032753070000000273e-01,2.465846190981393297e-03
4.032907835999999802e-01,2.465833213957384969e-03
4.033114181999999937e-01,2.465815911424894431e-03
4.033268933999999972e-01,2.465802934716047629e-03
4.033526841000000251e-01,2.465781307090529010e-03
4.033578420999999747e-01,2.465776981668057425e-03
4.033733154999999959e-01,2.465764005203182133e-03
4.033991033000000059e-01,2.465742378192569643e-03
4.034300464000000197e-01,2.465716426234104176e-03
4.034352033999999976e-01,2.465712100930125047e-03
4.034403603000000227e-01,2.465707775731773663e-03
4.034919256000000232e-01,2.465664523739557589e-03
4.034970816999999821e-01,2.465660198611137680e-03
4.035383287000000041e-01,2.465625598185157592e-03
4.035795714000000034e-01,2.465590998423564887e-03
4.036001912000000136e-01,2.465573698994394901e-03
4.036053459999999760e-01,2.465569374090423056e-03
4.036465819000000232e-01,2.465534775828567317e-03
4.036620443000000225e-01,2.465521801802746191e-03
4.036826599000000182e-01,2.465504503106407536e-03
4.037187346000000177e-01,2.465474231028953831e-03
4.037290411000000190e-01,2.465465581948725338e-03
4.037857220000000136e-01,2.465418013130543130e-03
4.038063311999999794e-01,2.465400715720813749e-03
4.038217874999999735e-01,2.465387742827944428e-03
4.038526982000000265e-01,2.465361797441397319e-03
4.038836066000000002e-01,2.465335852515258830e-03
4.038939088999999871e-01,2.465327204278981547e-03
4.039042109000000047e-01,2.465318556213067121e-03
4.039093617999999775e-01,2.465314232101680023e-03
4.039248140999999737e-01,2.465301260012880188e-03
4.039299646999999771e-01,2.465296936070358012e-03
4.039505666000000050e-01,2.465279640205530857e-03
4.039711675000000057e-01,2.465262344441962548e-03
4.039763175000000150e-01,2.465258020544188865e-03
4.039866174000000254e-01,2.465249372879011608e-03
4.040329637000000251e-01,2.465210458862274363e-03
4.040484113000000210e-01,2.465197487616709732e-03
4.040535604000000114e-01,2.465193163939886044e-03
4.040690071999999966e-01,2.465180193071557849e-03
4.040896019999999922e-01,2.465162898616063848e-03
4.040947504999999884e-01,2.465158575003013799e-03
4.041359365000000148e-01,2.465123986888469437e-03
4.041410844000000169e-01,2.465119663479497462e-03
4.041565277999999983e-01,2.465106693216157982e-03
4.041771182000000184e-01,2.465089399688245777e-03
4.042182957000000076e-01,2.465054813289224538e-03
4.042234425999999825e-01,2.465050490029465236e-03
4.042337362000000267e-01,2.465041843654387083e-03
4.042543227000000017e-01,2.465024550811563148e-03
4.042646154999999797e-01,2.465015904600871294e-03
4.043212212999999777e-01,2.464968351011276142e-03
4.043418032000000162e-01,2.464951059166915238e-03
4.043469485999999780e-01,2.464946736265315186e-03
4.043623841000000274e-01,2.464933767655449505e-03
4.043881087999999790e-01,2.464912153339736834e-03
4.044035428000000154e-01,2.464899185016561096e-03
4.044189763000000104e-01,2.464886216817526506e-03
4.044652730000000140e-01,2.464847312826688643e-03
4.044807040999999770e-01,2.464834345103031604e-03
4.044858476000000036e-01,2.464830022534294195e-03
4.045064212000000214e-01,2.464812732422162235e-03
4.045115644000000232e-01,2.464808409888611523e-03
4.045269937000000038e-01,2.464795442508004291e-03
4.045424224999999985e-01,2.464782475159286480e-03
4.045629931999999984e-01,2.464765185706265741e-03
4.045938472000000230e-01,2.464739251813556197e-03
4.046092734000000246e-01,2.464726285014055308e-03
4.046452655000000176e-01,2.464696029832559327e-03
4.046504069999999897e-01,2.464691707664057319e-03
4.046915363999999959e-01,2.464657131070357998e-03
4.047172400999999864e-01,2.464635521072257134e-03
4.047275210999999873e-01,2.464626877244787805e-03
4.047326615999999877e-01,2.464622555353014523e-03
4.047737826000000205e-01,2.464587980526543928e-03
4.047943414999999878e-01,2.464570693338373822e-03
4.048354563000000073e-01,2.464536119773037218e-03
4.048817054000000137e-01,2.464497225538721335e-03
4.048971205999999934e-01,2.464484261005200818e-03
4.049125351999999789e-01,2.464471296594719901e-03
4.049176731999999945e-01,2.464466975085277938e-03
4.049587754999999789e-01,2.464432404119074049e-03
4.050050104999999845e-01,2.464393512725428139e-03
4.050563764999999816e-01,2.464350301325361065e-03
4.050615128000000231e-01,2.464345980297334357e-03
4.050871930000000121e-01,2.464324375206417960e-03
4.051026004000000125e-01,2.464311412207545720e-03
4.051180072000000187e-01,2.464298449440321080e-03
4.051282781000000166e-01,2.464289807612370358e-03
4.052001667999999834e-01,2.464229316549012335e-03
4.052104355999999741e-01,2.464220675214365362e-03
4.052207040999999954e-01,2.464212033883397737e-03
4.052258382999999742e-01,2.464207713210422087e-03
4.052412403999999801e-01,2.464194751423811475e-03
4.052463742999999896e-01,2.464190430802952556e-03
4.052669092999999778e-01,2.464173148606488284e-03
4.053285079000000235e-01,2.464121303237952216e-03
4.053490386999999973e-01,2.464104021921661482e-03
4.053644361000000029e-01,2.464091060981263293e-03
4.053849650999999943e-01,2.464073780033802959e-03
4.053900972000000213e-01,2.464069459847728627e-03
4.054054930000000057e-01,2.464056499302823104e-03
4.054516771000000186e-01,2.464017618343595280e-03
4.054568083000000267e-01,2.464013298339358567e-03
4.054722016000000262e-01,2.464000338240908416e-03
4.055337690999999967e-01,2.463948499275188560e-03
4.055491594999999783e-01,2.463935539874319725e-03
4.055696791000000245e-01,2.463918260902555040e-03
4.055953272000000220e-01,2.463896662275982894e-03
4.056209735999999899e-01,2.463875064124775721e-03
4.056363606999999760e-01,2.463862105309797598e-03
4.056620046000000146e-01,2.463840507713947834e-03
4.056979032999999957e-01,2.463810271549662402e-03
4.057030314000000248e-01,2.463805952158823476e-03
4.057594365000000147e-01,2.463758439644724626e-03
4.057748183000000064e-01,2.463745482008999812e-03
4.057799454000000083e-01,2.463741162794467338e-03
4.057953264999999976e-01,2.463728205308854217e-03
4.058004533999999830e-01,2.463723886116813300e-03
4.058414662000000006e-01,2.463689333461749342e-03
4.058568449000000133e-01,2.463676376371346996e-03
4.058670971000000183e-01,2.463667738408422195e-03
4.058978520000000034e-01,2.463641824837826434e-03
4.059029775999999923e-01,2.463637506018795734e-03
4.059439799999999821e-01,2.463602955533621477e-03
4.059491050999999850e-01,2.463598636775280511e-03
4.059593549000000134e-01,2.463589999293166414e-03
4.059644796999999916e-01,2.463585680513114082e-03
4.059901027999999745e-01,2.463564087117656089e-03
4.060259724999999986e-01,2.463533856978680249e-03
4.060669625000000171e-01,2.463499308931625578e-03
4.060720859999999988e-01,2.463494990569672395e-03
4.061028253999999782e-01,2.463469080154767621e-03
4.061284398000000184e-01,2.463447488596248649e-03
4.061489301000000274e-01,2.463430215574544287e-03
4.061694194000000091e-01,2.463412942716052684e-03
4.061950295999999794e-01,2.463391351986869877e-03
4.062257597000000220e-01,2.463365443500037388e-03
4.062513663999999802e-01,2.463343853538970622e-03
4.062718504999999758e-01,2.463326581802138208e-03
4.063128156999999963e-01,2.463292038917476185e-03
4.063537768000000105e-01,2.463257496849894507e-03
4.063588966000000191e-01,2.463253179274286272e-03
4.063742557999999727e-01,2.463240226196862677e-03
4.063896142999999794e-01,2.463227273394597017e-03
4.063998529999999776e-01,2.463218638169856027e-03
4.064510427999999953e-01,2.463175463021858441e-03
4.064561614000000156e-01,2.463171145589089072e-03
4.064817534999999871e-01,2.463149558634188802e-03
4.064971079999999959e-01,2.463136606605599403e-03
4.065124619000000106e-01,2.463123654630153259e-03
4.065329328999999770e-01,2.463106385560007595e-03
4.065636374000000108e-01,2.463080482502848310e-03
4.066045731999999857e-01,2.463045945644382322e-03
4.066199231000000025e-01,2.463032994622663292e-03
4.066813167000000173e-01,2.462981191449778277e-03
4.067017792000000020e-01,2.462963924203615852e-03
4.067171253999999903e-01,2.462950973888464873e-03
4.067631604999999984e-01,2.462912123557567216e-03
4.067682751999999735e-01,2.462907806920330324e-03
4.067785044000000183e-01,2.462899173707009011e-03
4.068040761999999755e-01,2.462877590924009413e-03
4.068091904000000203e-01,2.462873274452150214e-03
4.068501015000000054e-01,2.462838742712450315e-03
4.068603285999999875e-01,2.462830109988958533e-03
4.068807821000000047e-01,2.462812844548420768e-03
4.068858953000000223e-01,2.462808528246147703e-03
4.069063474999999874e-01,2.462791263141308855e-03
4.069267986999999809e-01,2.462773998123053091e-03
4.069319113000000043e-01,2.462769681906785448e-03
4.069421363999999874e-01,2.462761049589025971e-03
4.069472487999999943e-01,2.462756733452811913e-03
4.070239277000000100e-01,2.462691992588330030e-03
4.070494841000000252e-01,2.462670413031275984e-03
4.070699280999999781e-01,2.462653149605396625e-03
4.070954815999999754e-01,2.462631570641135321e-03
4.071108129000000075e-01,2.462618623392919502e-03
4.071312537999999814e-01,2.462601360564390003e-03
4.071363639000000201e-01,2.462597044801318434e-03
4.071721325000000058e-01,2.462566835535552872e-03
4.071925703000000007e-01,2.462549573384825805e-03
4.072078980000000126e-01,2.462536626881372745e-03
4.072181161999999799e-01,2.462527995990119751e-03
4.072538775999999805e-01,2.462497788240859860e-03
4.072692030000000241e-01,2.462484842166779049e-03
4.073151756999999762e-01,2.462446004888528463e-03
4.073407137999999761e-01,2.462424429111878359e-03
4.073560359000000242e-01,2.462411483698960513e-03
4.073713574999999754e-01,2.462398538551605412e-03
4.074122121000000041e-01,2.462364018532873892e-03
4.074173186000000224e-01,2.462359703651059196e-03
4.074224250999999852e-01,2.462355388716215739e-03
4.074326379000000053e-01,2.462346758864085525e-03
4.074632745999999806e-01,2.462320869869386638e-03
4.074785920999999811e-01,2.462307925392372924e-03
4.075857984999999850e-01,2.462217318179373959e-03
4.075960070999999907e-01,2.462208689219601981e-03
4.076011113999999935e-01,2.462204374834579563e-03
4.076215276999999859e-01,2.462187117101200928e-03
4.076419430000000066e-01,2.462169859656091267e-03
4.076623571999999918e-01,2.462152602433538822e-03
4.076776671999999824e-01,2.462139659595121485e-03
4.076980796999999934e-01,2.462122402704036098e-03
4.077082854999999895e-01,2.462113774333073071e-03
4.077440039999999932e-01,2.462083575484313742e-03
4.077848212999999888e-01,2.462049063253452397e-03
4.077899231000000069e-01,2.462044749299259396e-03
4.078052283999999972e-01,2.462031807501505274e-03
4.078205329999999851e-01,2.462018865806229941e-03
4.078256344999999783e-01,2.462014551909199548e-03
4.078715444000000079e-01,2.461975727663190481e-03
4.079123488999999991e-01,2.461941218145745867e-03
4.079225494000000007e-01,2.461932590918511615e-03
4.079276494999999891e-01,2.461928277259479644e-03
4.079531492999999842e-01,2.461906709432977458e-03
4.079837468999999994e-01,2.461880828533903002e-03
4.079888462999999854e-01,2.461876515111807370e-03
4.080041441000000213e-01,2.461863574833750810e-03
4.080296391000000078e-01,2.461842008071495839e-03
4.080347378999999997e-01,2.461837694665116802e-03
4.080500338999999976e-01,2.461824754777039090e-03
4.080653294000000098e-01,2.461811815064989407e-03
4.081112123999999786e-01,2.461772996386616969e-03
4.081570902000000167e-01,2.461734178880500400e-03
4.081672846000000132e-01,2.461725552962621549e-03
4.081723816999999754e-01,2.461721239967999079e-03
4.081978660999999731e-01,2.461699675361446373e-03
4.082131560999999742e-01,2.461686736678785938e-03
4.082335417999999883e-01,2.461669485378997942e-03
4.082386379999999870e-01,2.461665172577087203e-03
4.082743100999999819e-01,2.461634983357096143e-03
4.082794057999999948e-01,2.461630670752502394e-03
4.083099789999999896e-01,2.461604794945731686e-03
4.083354549000000056e-01,2.461583232024712638e-03
4.083507397000000205e-01,2.461570294510607472e-03
4.083762129999999879e-01,2.461548732196732533e-03
4.083965905999999979e-01,2.461531482646086601e-03
4.084016847999999977e-01,2.461527170181907441e-03
4.084169670999999724e-01,2.461514233210789805e-03
4.084577171000000062e-01,2.461479735016443900e-03
4.084780906000000100e-01,2.461462486343153882e-03
4.084933700000000223e-01,2.461449549884706448e-03
4.085137416999999882e-01,2.461432301574441144e-03
4.085188344999999832e-01,2.461427989447542968e-03
4.085595743000000057e-01,2.461393493473874265e-03
4.086003100999999749e-01,2.461358998293653334e-03
4.086410417999999933e-01,2.461324503913357633e-03
4.086461329000000142e-01,2.461320192260625737e-03
4.086766787000000178e-01,2.461294322151981896e-03
4.087021317000000264e-01,2.461272764118853720e-03
4.087174028000000181e-01,2.461259829464489644e-03
4.087377633000000010e-01,2.461242583381590202e-03
4.087632124999999728e-01,2.461221026161702127e-03
4.087683021999999888e-01,2.461216714715298674e-03
4.087835707999999957e-01,2.461203780557890807e-03
4.088242841999999988e-01,2.461169290117128702e-03
4.088395506999999984e-01,2.461156356353204257e-03
4.088446393999999873e-01,2.461152045258799183e-03
4.088853467999999936e-01,2.461117556050556373e-03
4.088904348999999883e-01,2.461113244950145253e-03
4.089006110000000249e-01,2.461104622777434206e-03
4.089464002000000042e-01,2.461065823720196780e-03
4.089616621000000118e-01,2.461052891003347089e-03
4.089667492999999876e-01,2.461048580103093568e-03
4.089820104999999928e-01,2.461035647585767001e-03
4.090125311999999735e-01,2.461009782738999598e-03
4.090532217999999776e-01,2.460975297008334822e-03
4.090633938000000080e-01,2.460966675674583753e-03
4.090684797999999955e-01,2.460962365101552855e-03
4.091091647999999803e-01,2.460927880562449686e-03
4.091295059000000234e-01,2.460910638629040022e-03
4.091345909999999919e-01,2.460906328248234267e-03
4.091447610000000235e-01,2.460897707364813943e-03
4.091498458999999754e-01,2.460893396883832244e-03
4.091752694999999940e-01,2.460871845088531597e-03
4.091905229000000199e-01,2.460858914125682497e-03
4.092108597999999930e-01,2.460841672944422912e-03
4.092261119000000225e-01,2.460828742330349508e-03
4.092718646999999876e-01,2.460789951048318342e-03
4.092871144999999933e-01,2.460777020829103996e-03
4.092972806999999880e-01,2.460768400680972672e-03
4.093328605000000064e-01,2.460738230906020941e-03
4.093379429999999819e-01,2.460733920956603617e-03
4.093786012999999779e-01,2.460699442093340888e-03
4.093887653000000126e-01,2.460690822487230419e-03
4.093938471999999940e-01,2.460686512801867065e-03
4.094548248000000057e-01,2.460634796549679253e-03
4.094751486000000051e-01,2.460617558212473653e-03
4.095005520000000176e-01,2.460596010556315161e-03
4.095564339000000165e-01,2.460548606946900627e-03
4.096173873000000243e-01,2.460496895788871416e-03
4.096224662999999877e-01,2.460492586628366864e-03
4.096326242000000173e-01,2.460483968343786087e-03
4.096377030999999724e-01,2.460479659195153549e-03
4.096529392000000103e-01,2.460466731803155529e-03
4.096580177999999961e-01,2.460462422822650222e-03
4.096630963999999819e-01,2.460458113721012210e-03
4.096783316000000008e-01,2.460445186555715660e-03
4.096935662999999783e-01,2.460432259507999535e-03
4.097138783000000006e-01,2.460415023732018605e-03
4.097392668000000016e-01,2.460393479275860707e-03
4.097443444000000157e-01,2.460389170334742730e-03
4.097595766000000084e-01,2.460376243880920029e-03
4.097748082000000069e-01,2.460363317529140267e-03
4.097849622999999997e-01,2.460354699992507201e-03
4.098001929999999793e-01,2.460341773782405341e-03
4.098154231999999730e-01,2.460328847782632632e-03
4.098204997000000072e-01,2.460324539192371585e-03
4.098763380000000067e-01,2.460277144768892484e-03
4.099067920000000198e-01,2.460251293937121709e-03
4.099423188999999912e-01,2.460221135335390313e-03
4.100184374999999992e-01,2.460156511808972175e-03
4.100235116000000013e-01,2.460152203761872564e-03
4.100285855999999951e-01,2.460147895648301820e-03
4.100438071999999989e-01,2.460134971327348520e-03
4.100641018000000249e-01,2.460117739151800476e-03
4.100691753999999856e-01,2.460113431156452004e-03
4.101046881000000033e-01,2.460083275503144665e-03
4.101503429000000200e-01,2.460044504843999277e-03
4.101655599999999846e-01,2.460031581588190044e-03
4.101858486000000137e-01,2.460014350604072201e-03
4.102061363000000238e-01,2.459997120042319626e-03
4.102264228999999984e-01,2.459979889565649166e-03
4.102314944000000074e-01,2.459975581938737312e-03
4.102467085000000013e-01,2.459962659283882695e-03
4.102720641000000001e-01,2.459941121764636345e-03
4.103024887000000231e-01,2.459915277151591192e-03
4.103430513999999918e-01,2.459880818507108238e-03
4.103481214999999960e-01,2.459876511209527130e-03
4.103531914999999919e-01,2.459872203940889884e-03
4.104089571999999797e-01,2.459824824885096205e-03
4.104343027999999838e-01,2.459803289572151403e-03
4.104444406000000156e-01,2.459794675473412837e-03
4.104748524999999870e-01,2.459768833594709082e-03
4.104900576000000134e-01,2.459755912796381117e-03
4.105153980999999841e-01,2.459734378551053230e-03
4.105255339000000170e-01,2.459725764902370455e-03
4.105306016999999974e-01,2.459721458147764300e-03
4.105508722999999804e-01,2.459704231007613703e-03
4.106268780999999812e-01,2.459639631417353742e-03
4.106370111000000045e-01,2.459631018447311704e-03
4.106522101999999785e-01,2.459618098894717289e-03
4.106674087000000140e-01,2.459605179514155835e-03
4.106724747000000120e-01,2.459600873174721918e-03
4.106876724999999895e-01,2.459587953954304931e-03
4.107180664000000259e-01,2.459562115834550491e-03
4.107535230000000093e-01,2.459531972085743541e-03
4.107889766000000220e-01,2.459501828951435494e-03
4.108396193000000141e-01,2.459458768474123615e-03
4.108497470999999956e-01,2.459450156495018511e-03
4.108801289999999828e-01,2.459424321043121760e-03
4.108953189999999811e-01,2.459411403520930968e-03
4.109105086000000018e-01,2.459398486084615927e-03
4.109155715999999736e-01,2.459394180254119953e-03
4.109307603999999836e-01,2.459381262928301594e-03
4.109560737999999880e-01,2.459359734381326521e-03
4.109763234000000098e-01,2.459342511772600638e-03
4.110016338999999963e-01,2.459320983845156034e-03
4.110168195000000191e-01,2.459308067293534787e-03
4.110775562999999799e-01,2.459256401935864741e-03
4.110977999000000049e-01,2.459239180627337523e-03
4.111129820000000157e-01,2.459226264729035688e-03
4.111180425000000027e-01,2.459221959466490783e-03
4.111382840999999733e-01,2.459204738640601798e-03
4.111585247000000276e-01,2.459187517948630431e-03
4.111635846999999733e-01,2.459183212850334348e-03
4.112192405999999800e-01,2.459135857078729049e-03
4.112546539999999973e-01,2.459105722507939386e-03
4.112748889000000241e-01,2.459088503142462488e-03
4.113001810999999952e-01,2.459066978990512992e-03
4.113204136999999982e-01,2.459049760067450862e-03
4.113254717000000005e-01,2.459045455348164103e-03
4.113406453999999823e-01,2.459032541278891384e-03
4.113659335000000028e-01,2.459011018048913155e-03
4.114013342999999767e-01,2.458980886193292293e-03
4.114165052000000045e-01,2.458967972814026653e-03
4.114367320999999800e-01,2.458950754967627154e-03
4.114417886000000246e-01,2.458946450540469997e-03
4.114468452000000220e-01,2.458942146163070348e-03
4.114872949999999752e-01,2.458907711501091744e-03
4.115024627000000157e-01,2.458894798683600256e-03
4.115226853999999768e-01,2.458877581763900012e-03
4.115681828000000153e-01,2.458838844669080422e-03
4.115782926000000064e-01,2.458830236557285002e-03
4.115833474999999742e-01,2.458825932473021527e-03
4.116086206999999830e-01,2.458804412496382302e-03
4.116389465999999997e-01,2.458778588944887222e-03
4.116591625000000088e-01,2.458761373534036013e-03
4.116642164000000048e-01,2.458757069710393491e-03
4.116844311000000256e-01,2.458739854536336807e-03
4.116894845999999886e-01,2.458735550751223794e-03
4.117299106999999792e-01,2.458701121140690130e-03
4.117652801999999723e-01,2.458670995967307364e-03
4.118259065000000052e-01,2.458619354271295455e-03
4.118511649000000108e-01,2.458597837506324574e-03
4.118814727999999814e-01,2.458572017692900111e-03
4.119016769000000133e-01,2.458554804880392752e-03
4.119269306000000186e-01,2.458533289008471828e-03
4.119319812000000192e-01,2.458528985855665521e-03
4.119471324999999795e-01,2.458516076581363646e-03
4.119622832000000012e-01,2.458503167516088144e-03
4.119723833999999751e-01,2.458494561407603869e-03
4.120077321000000237e-01,2.458464440603927957e-03
4.120481268000000252e-01,2.458430017817877979e-03
4.120632738000000184e-01,2.458417109436329857e-03
4.120683226999999893e-01,2.458412806623179372e-03
4.120834689999999800e-01,2.458399898471127793e-03
4.121087116000000106e-01,2.458378385046176579e-03
4.121289045000000040e-01,2.458361174515294630e-03
4.121440485999999792e-01,2.458348266735877266e-03
4.121743350000000028e-01,2.458322451634871193e-03
4.121894774000000039e-01,2.458309544313968999e-03
4.122096662999999994e-01,2.458292334572442176e-03
4.122147133999999880e-01,2.458288032251788359e-03
4.122298542999999760e-01,2.458275125160907029e-03
4.122449946999999781e-01,2.458262218216242505e-03
4.122500412999999808e-01,2.458257915982127537e-03
4.122550878999999835e-01,2.458253613713313329e-03
4.122904123000000198e-01,2.458223498129723499e-03
4.123105964000000068e-01,2.458206289580546280e-03
4.123509615000000017e-01,2.458171872963722023e-03
4.123660974000000201e-01,2.458158966959435483e-03
4.123862777000000257e-01,2.458141759209655705e-03
4.124316798000000062e-01,2.458103042374320309e-03
4.124569010999999952e-01,2.458081533521814382e-03
4.124720331000000240e-01,2.458068628422452849e-03
4.125325555000000088e-01,2.458017009055716087e-03
4.125375987000000078e-01,2.458012707451607149e-03
4.125476846999999725e-01,2.458004104437598071e-03
4.125678562000000271e-01,2.457986898629172055e-03
4.125728988999999847e-01,2.457982597107204008e-03
4.125779414999999894e-01,2.457978295635612764e-03
4.126081960999999909e-01,2.457952487415530039e-03
4.126182804999999898e-01,2.457943884720609901e-03
4.126283646000000194e-01,2.457935282158861014e-03
4.126737401000000194e-01,2.457896571149570560e-03
4.126989464999999968e-01,2.457875065462888572e-03
4.127140696000000109e-01,2.457862162194376747e-03
4.127543953000000210e-01,2.457827754192724000e-03
4.127896770000000215e-01,2.457797647801225702e-03
4.127947169999999777e-01,2.457793346939811732e-03
4.128199160000000090e-01,2.457771842829245719e-03
4.128501527999999809e-01,2.457746038430037167e-03
4.128551920999999902e-01,2.457741737769903161e-03
4.128904652000000008e-01,2.457711633256401320e-03
4.128955039000000160e-01,2.457707332594697824e-03
4.129005425999999757e-01,2.457703032048877759e-03
4.129156583999999963e-01,2.457690130457073317e-03
4.129307736000000228e-01,2.457677228813703787e-03
4.129358117999999966e-01,2.457672928373440778e-03
4.130164158999999890e-01,2.457604122379283308e-03
4.130315272999999787e-01,2.457591221655024052e-03
4.130516752000000236e-01,2.457574020906777307e-03
4.131121126999999782e-01,2.457522419719533613e-03
4.131372924000000224e-01,2.457500919902594252e-03
4.131423281000000114e-01,2.457496619966004301e-03
4.131725412999999736e-01,2.457470820612270637e-03
4.131826118999999964e-01,2.457462220871280134e-03
4.131977173999999975e-01,2.457449321463921459e-03
4.132178570000000217e-01,2.457432122348381272e-03
4.132631677999999975e-01,2.457393425296074824e-03
4.132782702999999724e-01,2.457380526542246764e-03
4.132984060000000071e-01,2.457363328302617899e-03
4.133034398000000054e-01,2.457359028800887996e-03
4.133185408000000227e-01,2.457346130358022563e-03
4.133386746000000112e-01,2.457328932504602124e-03
4.133437079000000236e-01,2.457324633134439721e-03
4.133537742999999764e-01,2.457316034365086485e-03
4.133839720999999967e-01,2.457290238311164634e-03
4.134393290000000221e-01,2.457242946913447499e-03
4.134594569000000219e-01,2.457225750338482267e-03
4.134997098000000038e-01,2.457191358010629018e-03
4.135148035999999805e-01,2.457178461015559461e-03
4.135198347999999857e-01,2.457174162104656858e-03
4.135449896999999764e-01,2.457152667501872993e-03
4.135802038999999986e-01,2.457122575752504652e-03
4.136204450000000032e-01,2.457088185977080157e-03
4.136254749000000119e-01,2.457083887239459950e-03
4.136405642000000049e-01,2.457070991366148895e-03
4.136556527999999955e-01,2.457058095549361203e-03
4.136657116999999939e-01,2.457049498393575754e-03
4.136958867000000151e-01,2.457023707292255166e-03
4.137059444999999780e-01,2.457015110374960801e-03
4.137562300000000026e-01,2.456972126504858214e-03
4.137612582999999900e-01,2.456967828213391970e-03
4.138014817999999817e-01,2.456933442133069859e-03
4.138366741999999765e-01,2.456903355170375614e-03
4.138417013999999838e-01,2.456899056984441707e-03
4.138618097999999801e-01,2.456881864780233703e-03
4.138819172000000046e-01,2.456864672707205922e-03
4.139422334000000259e-01,2.456813097768170261e-03
4.139824394000000130e-01,2.456778715593305271e-03
4.139874648999999907e-01,2.456774417818326488e-03
4.140025408999999934e-01,2.456761524746487596e-03
4.140427409999999919e-01,2.456727143851038415e-03
4.140628396000000100e-01,2.456709953781840462e-03
4.140779129000000114e-01,2.456697061324736395e-03
4.141030338000000199e-01,2.456675574050373820e-03
4.141080577999999845e-01,2.456671276686730066e-03
4.141231295000000201e-01,2.456658384628237698e-03
4.141482477000000273e-01,2.456636898011391266e-03
4.141582945000000238e-01,2.456628303405871371e-03
4.141633178999999942e-01,2.456624006123908372e-03
4.141783875000000226e-01,2.456611114474158922e-03
4.141834106000000237e-01,2.456606817293520255e-03
4.142035023999999788e-01,2.456589628669914645e-03
4.142235932000000176e-01,2.456572440158502277e-03
4.142286157000000246e-01,2.456568143109029087e-03
4.142386605999999749e-01,2.456559548951264306e-03
4.142687938999999875e-01,2.456533766962048886e-03
4.142838596999999790e-01,2.456520876085775337e-03
4.142989248999999763e-01,2.456507985315977381e-03
4.143190111000000231e-01,2.456490797898827280e-03
4.143441173999999894e-01,2.456469313872694082e-03
4.143491384999999916e-01,2.456465017204213439e-03
4.144043664000000016e-01,2.456417753554102600e-03
4.144244474000000067e-01,2.456400567319753318e-03
4.144294674999999817e-01,2.456396270763295479e-03
4.144646066000000073e-01,2.456366195240225220e-03
4.144696261999999964e-01,2.456361898851352078e-03
4.144796652000000137e-01,2.456353305962342363e-03
4.144997425999999985e-01,2.456336120428820064e-03
4.145097810000000216e-01,2.456327527723203581e-03
4.145398945000000057e-01,2.456301749962507171e-03
4.145449131999999759e-01,2.456297453654914930e-03
4.145649873999999735e-01,2.456280268873684090e-03
4.146051330000000146e-01,2.456245899845418794e-03
4.146603267999999787e-01,2.456198643720678473e-03
4.147054799000000069e-01,2.456159980770606082e-03
4.147104965999999782e-01,2.456155685019368283e-03
4.147205298000000151e-01,2.456147093462937147e-03
4.147255463000000253e-01,2.456142797721884777e-03
4.147656762999999969e-01,2.456108431931538529e-03
4.147857399000000056e-01,2.456091249436160619e-03
4.147907556000000051e-01,2.456086953858304094e-03
4.148007868999999959e-01,2.456078362635289412e-03
4.148258639999999886e-01,2.456056885079685188e-03
4.148459246999999794e-01,2.456039703173195591e-03
4.148709991000000263e-01,2.456018226141830005e-03
4.148860429999999822e-01,2.456005339996132630e-03
4.149061007000000023e-01,2.455988158775934335e-03
4.149261575000000035e-01,2.455970977650957180e-03
4.149512270999999863e-01,2.455949501716952511e-03
4.149612544999999875e-01,2.455940911408042559e-03
4.149662680999999798e-01,2.455936616271226468e-03
4.149913351999999778e-01,2.455915140728711157e-03
4.150063748000000219e-01,2.455902255684474719e-03
4.150865765999999790e-01,2.455833536984475696e-03
4.151116364999999919e-01,2.455812063086164256e-03
4.151266717000000050e-01,2.455799178968717713e-03
4.151868070999999993e-01,2.455747643426325986e-03
4.152018396000000111e-01,2.455734759841312915e-03
4.152068502999999855e-01,2.455730465375380745e-03
4.152319029000000050e-01,2.455708993106034063e-03
4.152669740000000109e-01,2.455678932371007858e-03
4.152820036000000048e-01,2.455666049431140183e-03
4.153070516999999851e-01,2.455644578062363918e-03
4.153120611000000184e-01,2.455640283900587754e-03
4.153270890999999909e-01,2.455627401253233488e-03
4.153871954000000200e-01,2.455575872163615406e-03
4.154222533999999967e-01,2.455545814287628161e-03
4.154322695000000065e-01,2.455537226508711351e-03
4.154422852999999916e-01,2.455528638702751502e-03
4.154623161000000064e-01,2.455511463372948584e-03
4.154873532999999730e-01,2.455489994435290559e-03
4.155023749000000266e-01,2.455477113270100077e-03
4.155123890999999903e-01,2.455468525849473053e-03
4.155474364999999781e-01,2.455438470343420786e-03
4.155524429999999936e-01,2.455434176852138665e-03
4.155824810000000036e-01,2.455408415471921693e-03
4.155924932000000238e-01,2.455399828590742062e-03
4.156025051000000192e-01,2.455391241680661505e-03
4.156225282000000076e-01,2.455374067912215966e-03
4.156275339000000124e-01,2.455369774598693561e-03
4.156675767999999938e-01,2.455335427976670058e-03
4.156725819000000044e-01,2.455331134627981339e-03
4.157126204000000103e-01,2.455296788953950822e-03
4.157276339000000043e-01,2.455283909621668731e-03
4.157476509999999958e-01,2.455266737187102814e-03
4.157826786000000108e-01,2.455236685993516296e-03
4.157926859000000142e-01,2.455228100082327680e-03
4.158076964999999903e-01,2.455215221299907827e-03
4.158227064999999723e-01,2.455202342734923854e-03
4.158477220999999835e-01,2.455180878538180955e-03
4.158727360999999734e-01,2.455159414651635671e-03
4.159127552999999922e-01,2.455125073242525602e-03
4.159427673000000159e-01,2.455099317715394008e-03
4.159527707999999824e-01,2.455090732583906348e-03
4.159877811000000092e-01,2.455060685280701337e-03
4.160027846000000085e-01,2.455047808086523176e-03
4.160077857000000212e-01,2.455043515665496050e-03
4.160277893000000060e-01,2.455026346235720126e-03
4.160477920000000274e-01,2.455009177061573920e-03
4.160627933000000112e-01,2.454996300317530914e-03
4.160877943999999884e-01,2.454974839336313084e-03
4.161077941999999918e-01,2.454957670837974813e-03
4.161427914999999977e-01,2.454927626310398486e-03
4.161477908999999809e-01,2.454923334360033498e-03
4.161527902000000112e-01,2.454919042324182205e-03
4.161627885999999998e-01,2.454910458332160237e-03
4.161677878000000219e-01,2.454906166354582208e-03
4.161877836999999802e-01,2.454888998666208012e-03
4.161927825000000247e-01,2.454884706806612863e-03
4.162227741999999786e-01,2.454858955733468795e-03
4.162327710000000014e-01,2.454850372004994258e-03
4.162677578000000267e-01,2.454820329985089953e-03
4.162877488999999764e-01,2.454803163274958851e-03
4.163127365000000024e-01,2.454781705246993680e-03
4.163227311000000097e-01,2.454773122151864516e-03
4.163876901999999935e-01,2.454717333164767399e-03
4.164076755000000185e-01,2.454700167717926984e-03
4.164226638999999897e-01,2.454687293798231938e-03
4.164626303000000251e-01,2.454652964050685077e-03
4.164676259000000269e-01,2.454648672922132326e-03
4.164826120999999826e-01,2.454635799409763362e-03
4.165275675999999816e-01,2.454597179913049505e-03
4.165475462000000073e-01,2.454580016037752332e-03
4.165525407999999818e-01,2.454575724974426051e-03
4.165825066000000132e-01,2.454549979696480071e-03
4.166324448000000014e-01,2.454507071663916424e-03
4.166424317999999904e-01,2.454498490373663820e-03
4.166474251000000240e-01,2.454494199606288736e-03
4.166873700000000014e-01,2.454459874545423474e-03
4.167073410000000089e-01,2.454442712268037775e-03
4.167223185999999746e-01,2.454429840827548372e-03
4.167273109999999892e-01,2.454425550291203760e-03
4.167472801000000060e-01,2.454408388600714478e-03
4.167522721999999957e-01,2.454404098156766009e-03
4.167822237000000096e-01,2.454378355900425565e-03
4.167922070000000256e-01,2.454369775295046994e-03
4.168620836999999968e-01,2.454309712324163634e-03
4.168670743999999817e-01,2.454305422141928126e-03
4.168820462999999754e-01,2.454292551986174062e-03
4.168870367999999993e-01,2.454288261891724235e-03
4.169119884999999970e-01,2.454266811819685347e-03
4.169269587000000166e-01,2.454253941858778893e-03
4.169469182000000163e-01,2.454236782208780651e-03
4.169618871999999921e-01,2.454223912588760804e-03
4.169868344000000060e-01,2.454202463502602998e-03
4.169918235999999778e-01,2.454198173680179063e-03
4.170217579000000119e-01,2.454172435270708056e-03
4.170317355000000004e-01,2.454163855930635487e-03
4.170467015000000055e-01,2.454150986934430876e-03
4.170666552000000249e-01,2.454133828514962635e-03
4.170866080999999781e-01,2.454116670402772468e-03
4.171065599000000068e-01,2.454099512367048045e-03
4.171115476999999738e-01,2.454095222915453779e-03
4.171215232000000106e-01,2.454086644108803908e-03
4.171265108000000166e-01,2.454082354562475959e-03
4.171664098000000265e-01,2.454048039655460246e-03
4.172013183000000125e-01,2.454018014888399626e-03
4.172312375000000184e-01,2.453992279796778087e-03
4.172661404999999935e-01,2.453962256155026948e-03
4.172711264000000253e-01,2.453957967015880232e-03
4.172860837999999850e-01,2.453945099991753937e-03
4.173060261000000049e-01,2.453927944170546278e-03
4.173508928999999923e-01,2.453889344168096696e-03
4.173658473999999896e-01,2.453876477752621986e-03
4.173808014000000011e-01,2.453863611404986673e-03
4.173907703999999996e-01,2.453855033949608327e-03
4.174057234999999921e-01,2.453842167893007572e-03
4.174206759999999905e-01,2.453829302002111506e-03
4.174256600999999844e-01,2.453825013276348093e-03
4.174406118999999804e-01,2.453812147488586542e-03
4.174854641999999894e-01,2.453773550758423048e-03
4.175253288999999923e-01,2.453739243484201471e-03
4.175402771000000235e-01,2.453726378352461164e-03
4.175452598000000126e-01,2.453722090114390970e-03
4.175851186999999798e-01,2.453687784037962560e-03
4.176000648000000037e-01,2.453674919523785546e-03
4.176249738000000211e-01,2.453653478780662336e-03
4.176698063000000016e-01,2.453614886482535611e-03
4.177395361999999834e-01,2.453554856124120533e-03
4.177494965999999921e-01,2.453546280529071352e-03
4.177594567999999842e-01,2.453537705019384011e-03
4.177644368999999802e-01,2.453533417205280669e-03
4.177843564000000010e-01,2.453516266451946648e-03
4.178241925000000245e-01,2.453481965466050400e-03
4.178391300000000030e-01,2.453469102799568560e-03
4.178441091000000274e-01,2.453464815319499667e-03
4.178590460000000117e-01,2.453451952837783223e-03
4.178690036000000108e-01,2.453443377892597019e-03
4.179038533000000166e-01,2.453413366045964581e-03
4.179436780999999934e-01,2.453379067634208020e-03
4.179635890000000242e-01,2.453361918640685046e-03
4.179785215999999859e-01,2.453349057103434028e-03
4.180183391999999776e-01,2.453314760308074587e-03
4.180233161999999947e-01,2.453310473316541122e-03
4.180282929999999952e-01,2.453306186243295675e-03
4.180631295000000192e-01,2.453276177349749364e-03
4.180681058999999866e-01,2.453271890454616216e-03
4.180780585000000160e-01,2.453263316565843649e-03
4.181079149999999967e-01,2.453237595435020773e-03
4.181228424000000277e-01,2.453224735094727219e-03
4.181377693000000173e-01,2.453211874830892036e-03
4.181427448000000213e-01,2.453207588001133244e-03
4.181825467999999990e-01,2.453173294662654418e-03
4.181875218000000172e-01,2.453169008132445941e-03
4.182024463999999830e-01,2.453156148322787385e-03
4.182273195000000277e-01,2.453134715703737204e-03
4.182621394000000103e-01,2.453104710470280919e-03
4.182969563999999751e-01,2.453074705924722290e-03
4.183069036000000018e-01,2.453066133304093299e-03
4.183168505000000037e-01,2.453057560685758913e-03
4.183417167999999853e-01,2.453036129669414547e-03
4.183466899000000128e-01,2.453031843393845696e-03
4.183616088000000066e-01,2.453018984990975888e-03
4.183964175000000063e-01,2.452988982194166841e-03
4.184212790999999876e-01,2.452967552069278655e-03
4.184262512999999961e-01,2.452963266170569805e-03
4.184660263000000158e-01,2.452928978783131854e-03
4.184958550000000277e-01,2.452903263791279386e-03
4.185008263000000173e-01,2.452898978113982401e-03
4.185555061999999826e-01,2.452851835330999066e-03
4.185604767000000170e-01,2.452847549730511299e-03
4.185853285999999729e-01,2.452826121809264029e-03
4.186002389999999851e-01,2.452813265178445910e-03
4.186350278000000036e-01,2.452783266965377802e-03
4.186549058999999851e-01,2.452766125337016694e-03
4.186598752999999840e-01,2.452761840000782824e-03
4.186648445999999746e-01,2.452757554574961328e-03
4.186797521000000244e-01,2.452744698676569048e-03
4.186946591999999856e-01,2.452731842795027439e-03
4.187393770999999765e-01,2.452693276033001291e-03
4.187443455000000037e-01,2.452688990872680525e-03
4.187791222999999730e-01,2.452658995328228612e-03
4.187840902000000143e-01,2.452654710311779306e-03
4.187940258000000249e-01,2.452646140202489108e-03
4.187989936000000024e-01,2.452641855268338118e-03
4.188387331000000269e-01,2.452607575781590252e-03
4.188784689999999755e-01,2.452573297238793033e-03
4.188983354999999964e-01,2.452556158304223730e-03
4.189033019000000246e-01,2.452551873537009951e-03
4.189182009999999901e-01,2.452539019501481267e-03
4.189430316000000154e-01,2.452517596219129167e-03
4.189579292999999760e-01,2.452504742478202500e-03
4.189728263999999980e-01,2.452491888918220501e-03
4.190125494999999978e-01,2.452457613224347070e-03
4.190175146999999822e-01,2.452453328759238854e-03
4.190224797000000057e-01,2.452449044352999347e-03
4.190373746000000121e-01,2.452436191184207033e-03
4.190572335000000148e-01,2.452419053913507292e-03
4.190621981000000051e-01,2.452414769690455451e-03
4.190969486000000188e-01,2.452384780023535507e-03
4.191118408000000239e-01,2.452371927407599565e-03
4.191565141999999966e-01,2.452333370686582241e-03
4.191962199000000000e-01,2.452299098797748860e-03
4.192160712999999927e-01,2.452281963179535861e-03
4.192359218000000221e-01,2.452264827704391144e-03
4.192557713999999769e-01,2.452247692565066341e-03
4.192607335999999907e-01,2.452243408768634177e-03
4.192905057999999907e-01,2.452217706545845293e-03
4.193004294000000076e-01,2.452209139157318380e-03
4.193351602000000011e-01,2.452179153924934508e-03
4.193500439000000246e-01,2.452166303320547913e-03
4.194095735999999741e-01,2.452114901945438071e-03
4.194542151999999802e-01,2.452076352348445207e-03
4.194591751000000257e-01,2.452072069040216271e-03
4.194938926999999818e-01,2.452042086704607233e-03
4.194988521999999942e-01,2.452037803642809211e-03
4.195087707999999860e-01,2.452029237396593803e-03
4.195137300999999819e-01,2.452024954271722970e-03
4.195385253999999731e-01,2.452003539102573255e-03
4.195682779000000084e-01,2.451977841208096386e-03
4.195732365000000019e-01,2.451973558219017971e-03
4.196178607000000116e-01,2.451935012488950551e-03
4.196476076000000277e-01,2.451909315787284722e-03
4.196723950999999841e-01,2.451887902328486052e-03
4.197318789999999744e-01,2.451836511356608305e-03
4.197368356000000245e-01,2.451832228743607532e-03
4.197467485999999970e-01,2.451823663852739817e-03
4.197517050999999833e-01,2.451819381357720189e-03
4.197715302000000204e-01,2.451802251683089622e-03
4.197913543999999830e-01,2.451785122260196053e-03
4.198111776999999822e-01,2.451767992848970235e-03
4.198161334000000133e-01,2.451763710571872208e-03
4.198260446000000035e-01,2.451755146032093009e-03
4.198706420000000161e-01,2.451716606308623585e-03
4.199102800999999774e-01,2.451682349588232661e-03
4.199251433999999783e-01,2.451669503572270759e-03
4.199499145000000211e-01,2.451648093798187815e-03
4.199697303000000104e-01,2.451630966210448237e-03
4.199746840999999953e-01,2.451626684427197361e-03
4.199845915000000041e-01,2.451618120599989657e-03
4.200291721000000145e-01,2.451579584713842186e-03
4.200440312000000009e-01,2.451566739621054147e-03
4.200489841000000224e-01,2.451562457930057167e-03
4.200638426000000147e-01,2.451549613068545498e-03
4.200886053999999814e-01,2.451528205095868367e-03
4.200935578000000170e-01,2.451523923537960239e-03
4.201678368000000274e-01,2.451459701830467457e-03
4.201727882999999886e-01,2.451455420551874962e-03
4.202074469000000034e-01,2.451425451508898977e-03
4.202123978999999787e-01,2.451421170320265339e-03
4.202222997999999765e-01,2.451412607907833916e-03
4.202272505999999908e-01,2.451408326713202038e-03
4.202421027000000087e-01,2.451395483143105260e-03
4.202520037999999958e-01,2.451386920799582692e-03
4.202668551000000030e-01,2.451374077551505236e-03
4.203015059999999914e-01,2.451344110375099517e-03
4.203064557999999784e-01,2.451339829299993989e-03
4.203262548000000209e-01,2.451322705576614632e-03
4.203460528999999890e-01,2.451305581994673785e-03
4.203707991000000255e-01,2.451284177735632824e-03
4.204004927000000169e-01,2.451258493200717242e-03
4.204054414000000239e-01,2.451254212361121242e-03
4.204648215999999827e-01,2.451202844790389967e-03
4.204846131000000153e-01,2.451185722679248731e-03
4.205390350000000055e-01,2.451138637937198567e-03
4.205637698999999952e-01,2.451117236326085490e-03
4.205687167000000115e-01,2.451112955992302330e-03
4.205835567999999802e-01,2.451100115310533151e-03
4.205983963000000103e-01,2.451087274606866557e-03
4.206082890000000241e-01,2.451078714207475910e-03
4.206181815000000213e-01,2.451070153949415787e-03
4.206231276999999880e-01,2.451065873782337385e-03
4.206429118000000189e-01,2.451048753250555622e-03
4.206874225000000189e-01,2.451010233097914662e-03
4.207022583999999732e-01,2.450997393256327140e-03
4.207170937999999971e-01,2.450984553613755335e-03
4.207269837000000012e-01,2.450975993817322476e-03
4.208060948999999829e-01,2.450907517853796302e-03
4.208209265999999782e-01,2.450894678976842534e-03
4.208407013000000085e-01,2.450877560511518019e-03
4.208456448999999822e-01,2.450873280984569060e-03
4.208604751999999727e-01,2.450860442446551636e-03
4.208753049000000246e-01,2.450847604057386931e-03
4.208802481000000206e-01,2.450843324552310232e-03
4.209197910999999959e-01,2.450809089444160819e-03
4.209247336999999978e-01,2.450804810078430554e-03
4.209346187999999933e-01,2.450796251420707048e-03
4.209790986999999984e-01,2.450757738145669610e-03
4.210186324999999896e-01,2.450723505082552742e-03
4.210383979000000276e-01,2.450706388912056184e-03
4.210581624999999995e-01,2.450689272901707128e-03
4.210828669000000191e-01,2.450667878205277719e-03
4.211520314000000154e-01,2.450607974678664213e-03
4.211619112000000165e-01,2.450599417344865184e-03
4.211717906999999927e-01,2.450590859873588018e-03
4.211915489999999984e-01,2.450573745373364320e-03
4.212014277999999723e-01,2.450565188064115531e-03
4.212310628000000001e-01,2.450539516795564518e-03
4.212360016999999734e-01,2.450535238320422637e-03
4.212755114000000245e-01,2.450501010721299611e-03
4.212804498000000120e-01,2.450496732300017858e-03
4.212952648000000133e-01,2.450483897237849817e-03
4.213347688999999896e-01,2.450449670924889807e-03
4.213495818999999920e-01,2.450436836162376598e-03
4.214137659000000147e-01,2.450381220767235396e-03
4.214384494000000259e-01,2.450359830706510568e-03
4.214532589000000162e-01,2.450346996934698370e-03
4.214730039999999844e-01,2.450329885343916891e-03
4.214878121999999783e-01,2.450317051834920504e-03
4.215075555999999724e-01,2.450299940576707632e-03
4.215124914000000222e-01,2.450295662769151964e-03
4.215174270000000001e-01,2.450291385006745076e-03
4.215322336999999808e-01,2.450278551930218287e-03
4.215470398000000229e-01,2.450265718771796504e-03
4.215519750999999760e-01,2.450261441124120323e-03
4.215717154999999994e-01,2.450244330549419293e-03
4.215914551000000121e-01,2.450227220250998997e-03
4.216358657000000010e-01,2.450188722778394706e-03
4.216506682000000228e-01,2.450175890567488426e-03
4.216654700999999950e-01,2.450163058397527693e-03
4.216753377999999941e-01,2.450154503728720155e-03
4.217098729000000046e-01,2.450124562777131892e-03
4.217246727999999778e-01,2.450111731105277055e-03
4.217937320999999851e-01,2.450051851648091424e-03
4.218233255000000126e-01,2.450026189729610608e-03
4.218282575000000256e-01,2.450021912751933640e-03
4.218825059999999905e-01,2.449974867447645560e-03
4.218874374000000094e-01,2.449970590612030302e-03
4.219071621000000105e-01,2.449953483708039708e-03
4.219120932000000046e-01,2.449949207000717659e-03
4.219515394999999724e-01,2.449914993849797249e-03
4.219860520000000004e-01,2.449885058000404996e-03
4.219909821000000227e-01,2.449880781430858155e-03
4.220057722000000178e-01,2.449867952161644772e-03
4.220304210999999972e-01,2.449846570052245306e-03
4.220402802000000064e-01,2.449838017265641363e-03
4.220649270999999869e-01,2.449816635670716211e-03
4.221191451999999900e-01,2.449769597213784147e-03
4.221240736999999910e-01,2.449765321025259342e-03
4.221388590999999857e-01,2.449752492719461071e-03
4.221635001999999859e-01,2.449731112487750148e-03
4.221782841999999758e-01,2.449718284343959437e-03
4.221979954000000257e-01,2.449701180629882888e-03
4.222226331000000221e-01,2.449679801100188101e-03
4.222620503999999775e-01,2.449645594569930911e-03
4.222669773000000126e-01,2.449641318752066206e-03
4.222817575999999740e-01,2.449628491612105326e-03
4.223014640000000153e-01,2.449611388751411246e-03
4.223063904000000091e-01,2.449607113210858136e-03
4.223408739000000245e-01,2.449577183935789000e-03
4.223457998999999852e-01,2.449572908441628467e-03
4.223852056999999882e-01,2.449538704460257725e-03
4.223999818999999989e-01,2.449525878235867850e-03
4.224196827000000209e-01,2.449508776713660817e-03
4.224393826000000240e-01,2.449491675455033740e-03
4.224640062000000196e-01,2.449470299172208307e-03
4.225034010000000007e-01,2.449436097784619525e-03
4.225181731000000052e-01,2.449423272497768325e-03
4.225378684000000162e-01,2.449406172254324845e-03
4.225723330000000222e-01,2.449376247406017185e-03
4.225772562999999815e-01,2.449371972449420568e-03
4.225920257999999929e-01,2.449359147741695959e-03
4.226117175999999920e-01,2.449342048272164230e-03
4.226363311999999928e-01,2.449320674266040627e-03
4.226560209999999929e-01,2.449303575240633236e-03
4.226609432999999805e-01,2.449299300615470718e-03
4.226707876999999947e-01,2.449290751169639745e-03
4.226953977999999834e-01,2.449269377949878004e-03
4.227396923999999778e-01,2.449230907048782161e-03
4.227495350000000096e-01,2.449222358123824897e-03
4.227544563000000255e-01,2.449218083663865734e-03
4.227741406000000146e-01,2.449200985900377731e-03
4.228135063999999832e-01,2.449166791140927960e-03
4.228184268999999884e-01,2.449162516878742018e-03
4.228331880000000265e-01,2.449149694138829606e-03
4.228577886000000063e-01,2.449128323092345915e-03
4.228725482999999841e-01,2.449115500675221307e-03
4.229315819999999726e-01,2.449064211935668596e-03
4.229365010999999730e-01,2.449059938033550533e-03
4.229512581000000049e-01,2.449047116132411182e-03
4.229709332000000099e-01,2.449030020556241648e-03
4.230151989000000001e-01,2.448991556259465328e-03
4.230496246000000071e-01,2.448961640206130230e-03
4.230643775999999856e-01,2.448948819397521025e-03
4.230692951999999729e-01,2.448944545760256639e-03
4.230938820999999850e-01,2.448923177835395700e-03
4.231233844999999771e-01,2.448897536733122150e-03
4.231283014000000176e-01,2.448893263334540101e-03
4.231725505999999748e-01,2.448854802826001733e-03
4.231872993999999943e-01,2.448841982789916501e-03
4.232020476000000198e-01,2.448829163019480316e-03
4.232118793999999906e-01,2.448820616550799120e-03
4.232266268000000053e-01,2.448807796936743487e-03
4.232413736000000259e-01,2.448794977442348211e-03
4.232462891000000060e-01,2.448790704333090717e-03
4.232905260000000003e-01,2.448752246622698612e-03
4.233003558000000277e-01,2.448743700579869044e-03
4.233052706000000054e-01,2.448739427571950192e-03
4.233298437999999941e-01,2.448718062831662951e-03
4.233445871000000027e-01,2.448705244119202522e-03
4.233593298000000171e-01,2.448692425574448221e-03
4.233691580000000232e-01,2.448683880027322391e-03
4.233789860000000127e-01,2.448675334320837924e-03
4.234084685000000237e-01,2.448649697890781414e-03
4.234379489999999802e-01,2.448624061912849353e-03
4.234625144999999979e-01,2.448602698939253072e-03
4.235018164000000085e-01,2.448568518853936737e-03
4.235214659000000048e-01,2.448551429217109103e-03
4.235362025000000141e-01,2.448538612055122833e-03
4.235558504999999974e-01,2.448521522757439711e-03
4.235656741000000114e-01,2.448512978187870025e-03
4.235804090999999993e-01,2.448500161328635936e-03
4.236147888999999833e-01,2.448470255924225722e-03
4.236589873000000117e-01,2.448431807081421271e-03
4.236737191000000124e-01,2.448418991115607068e-03
4.236786296000000229e-01,2.448414719147912113e-03
4.236835400000000251e-01,2.448410447189706528e-03
4.237130013000000028e-01,2.448384815482657160e-03
4.237179113999999802e-01,2.448380543656169996e-03
4.237620990000000032e-01,2.448342097264963064e-03
4.237719179000000169e-01,2.448333553820850744e-03
4.238160999000000206e-01,2.448295108776100612e-03
4.238357348999999830e-01,2.448278022381851059e-03
4.238553689999999818e-01,2.448260936339455469e-03
4.238750021000000090e-01,2.448243850380832712e-03
4.238799102999999957e-01,2.448239578919877372e-03
4.238946344000000255e-01,2.448226764645689175e-03
4.239338961999999933e-01,2.448192593773196486e-03
4.239927820000000125e-01,2.448141339241672980e-03
4.239976887999999944e-01,2.448137068020394408e-03
4.240124088000000180e-01,2.448124254775776738e-03
4.240320347000000045e-01,2.448107170521117339e-03
4.240369410000000006e-01,2.448102899479957274e-03
4.240663778000000050e-01,2.448077273591430219e-03
4.240761895999999864e-01,2.448068731648723236e-03
4.240860012000000068e-01,2.448060189909375284e-03
4.241154346000000075e-01,2.448034564731220095e-03
4.241546759000000000e-01,2.448000398775396040e-03
4.241644856999999824e-01,2.447991857265873362e-03
4.241693905000000209e-01,2.447987586595545568e-03
4.242086267999999882e-01,2.447953421722496876e-03
4.242282435999999990e-01,2.447936339648109499e-03
4.242331476999999795e-01,2.447932069079330249e-03
4.242870885999999730e-01,2.447885094426711147e-03
4.243017986000000019e-01,2.447872283444988209e-03
4.243067018000000190e-01,2.447868013106634447e-03
4.243214110999999900e-01,2.447855202272694337e-03
4.243410227000000146e-01,2.447838121283575120e-03
4.243459253999999903e-01,2.447833851142233036e-03
4.243655358999999794e-01,2.447816770468126159e-03
4.243802430999999986e-01,2.447803960091832990e-03
4.244243617999999829e-01,2.447765529691780639e-03
4.244292635999999952e-01,2.447761259699312957e-03
4.244635746000000043e-01,2.447731370230912633e-03
4.244684758999999752e-01,2.447727100373598124e-03
4.244782784000000198e-01,2.447718560659870295e-03
4.244978828000000037e-01,2.447701481430608530e-03
4.245419892000000250e-01,2.447663053899131348e-03
4.245566903999999919e-01,2.447650244844949002e-03
4.245615905999999828e-01,2.447645975286778016e-03
4.245811910999999772e-01,2.447628896941186124e-03
4.245860911000000071e-01,2.447624627353156210e-03
4.246007907000000081e-01,2.447611818730278162e-03
4.246154898000000233e-01,2.447599010322916522e-03
4.246399872000000131e-01,2.447577663082147609e-03
4.246546849000000234e-01,2.447564854945154765e-03
4.246987750999999811e-01,2.447526431101753035e-03
4.247036737000000062e-01,2.447522161783041543e-03
4.247134707999999925e-01,2.447513623365134370e-03
4.247379625000000103e-01,2.447492277456687296e-03
4.247428607000000023e-01,2.447488008351704145e-03
4.247918392999999737e-01,2.447445317766305372e-03
4.248212237999999807e-01,2.447419703924272761e-03
4.248603999000000186e-01,2.447385553054482691e-03
4.248701933999999847e-01,2.447377015368487011e-03
4.248946760000000267e-01,2.447355671597982538e-03
4.249387412999999780e-01,2.447317253594771553e-03
4.249534287000000243e-01,2.447304447890132940e-03
4.249779066000000105e-01,2.447283105096278218e-03
4.249925925999999965e-01,2.447270299691313086e-03
4.250072782000000049e-01,2.447257494447781321e-03
4.250268581000000157e-01,2.447240420791341273e-03
4.250562263000000063e-01,2.447214810781863596e-03
4.250904866999999920e-01,2.447184933078305844e-03
4.250953807999999778e-01,2.447180664911418647e-03
4.251100628000000214e-01,2.447167860360489975e-03
4.251247443000000237e-01,2.447155055943772087e-03
4.251296379999999764e-01,2.447150787908296266e-03
4.251687856999999959e-01,2.447116643513987805e-03
4.251834650999999909e-01,2.447103839610039865e-03
4.251883582000000050e-01,2.447099571664610070e-03
4.252470702000000213e-01,2.447048357380200798e-03
4.252617470000000233e-01,2.447035554091737952e-03
4.252862070999999800e-01,2.447014215558661158e-03
4.253057741999999863e-01,2.446997144935277556e-03
4.253302318000000137e-01,2.446975807054298062e-03
4.253644701000000028e-01,2.446945934435046984e-03
4.254035961000000032e-01,2.446911795115702410e-03
4.254084866000000242e-01,2.446907527720780171e-03
4.254378285000000037e-01,2.446881923879167756e-03
4.254622785000000129e-01,2.446860587684626144e-03
4.254867271000000173e-01,2.446839251780221370e-03
4.254965061000000048e-01,2.446830717593209779e-03
4.255209528000000185e-01,2.446809382190171314e-03
4.255258418999999792e-01,2.446805115102204057e-03
4.255405091000000195e-01,2.446792314049630636e-03
4.255551757000000102e-01,2.446779513213357283e-03
4.255796190000000201e-01,2.446758178609750953e-03
4.255942842000000059e-01,2.446745377950234213e-03
4.256382770000000093e-01,2.446706976839848040e-03
4.256578279000000076e-01,2.446689909987280129e-03
4.256822652999999734e-01,2.446668576868799190e-03
4.257115882999999990e-01,2.446642977417486965e-03
4.257164753000000079e-01,2.446638710837826212e-03
4.257311357999999935e-01,2.446625911262234089e-03
4.257506824999999773e-01,2.446608845528454399e-03
4.257751144999999959e-01,2.446587513500818756e-03
4.257995451000000098e-01,2.446566181882586528e-03
4.258142027999999857e-01,2.446553382949214622e-03
4.258337455999999799e-01,2.446536318052570848e-03
4.258386311999999840e-01,2.446532051954238181e-03
4.258874838000000218e-01,2.446489390636862309e-03
4.259070232000000122e-01,2.446472326515393165e-03
4.259314463000000162e-01,2.446450996492590020e-03
4.259460994000000000e-01,2.446438198783541275e-03
4.259900558999999975e-01,2.446399806103723411e-03
4.259949397000000193e-01,2.446395540375539534e-03
4.260095906999999960e-01,2.446382743162567926e-03
4.260340078000000030e-01,2.446361414573229240e-03
4.260486574999999831e-01,2.446348617623288549e-03
4.260681895000000274e-01,2.446331555251607653e-03
4.261072510000000202e-01,2.446297431103242135e-03
4.261121333999999816e-01,2.446293165545283636e-03
4.261218981000000072e-01,2.446284634638085966e-03
4.261463087999999844e-01,2.446263307667820210e-03
4.261511908000000237e-01,2.446259042296508417e-03
4.261853630999999920e-01,2.446229185145218452e-03
4.261902445999999900e-01,2.446224919886553096e-03
4.262244137999999793e-01,2.446195063405386377e-03
4.262439377999999723e-01,2.446178002986165376e-03
4.262585802000000146e-01,2.446165207737470166e-03
4.262781026999999945e-01,2.446148147435656985e-03
4.262829831000000125e-01,2.446143882485843531e-03
4.263415443999999943e-01,2.446092703499525966e-03
4.263464242000000182e-01,2.446088438662062312e-03
4.263610630999999929e-01,2.446075644157707021e-03
4.263854601000000022e-01,2.446054320369232902e-03
4.264000976999999803e-01,2.446041526211755954e-03
4.264196136000000248e-01,2.446024467645361872e-03
4.264586429000000178e-01,2.445990350952857370e-03
4.264635212999999814e-01,2.445986086456556578e-03
4.264781561000000054e-01,2.445973292954812042e-03
4.265171799999999958e-01,2.445939177602346297e-03
4.265318129999999819e-01,2.445926384489542377e-03
4.265366905999999902e-01,2.445922120171029057e-03
4.265805862000000004e-01,2.445883741796505122e-03
4.265903401999999733e-01,2.445875213433068660e-03
4.265952170999999793e-01,2.445870949192124368e-03
4.266537355000000198e-01,2.445819780231167119e-03
4.266683638000000056e-01,2.445806988347583050e-03
4.266732397999999926e-01,2.445802724382308869e-03
4.266927433000000103e-01,2.445785668606498525e-03
4.267366228000000206e-01,2.445747294109547765e-03
4.267512482999999968e-01,2.445734502729587749e-03
4.268097452999999875e-01,2.445683338693898593e-03
4.268292425999999917e-01,2.445666284599936485e-03
4.268438648999999807e-01,2.445653493929728604e-03
4.268536128000000041e-01,2.445644966980948729e-03
4.268682342999999824e-01,2.445632176725298125e-03
4.268877288999999853e-01,2.445615123129738552e-03
4.269023491999999753e-01,2.445602332921839681e-03
4.269267152999999815e-01,2.445581016472472315e-03
4.269315884000000061e-01,2.445576753274897840e-03
4.269462071999999830e-01,2.445563963500770911e-03
4.269608254999999741e-01,2.445551173845293864e-03
4.269705708000000044e-01,2.445542647555594851e-03
4.269803159000000181e-01,2.445534121241832188e-03
4.269998052999999794e-01,2.445517068784076008e-03
4.270241658000000218e-01,2.445495753630253042e-03
4.270436532999999923e-01,2.445478701726957853e-03
4.270485250000000121e-01,2.445474438733111038e-03
4.270582681999999797e-01,2.445465912914974050e-03
4.270631397999999912e-01,2.445461649989091098e-03
4.271167231999999925e-01,2.445414758815261849e-03
4.271362063999999958e-01,2.445397707886340453e-03
4.271605592000000118e-01,2.445376394446123307e-03
4.271654295000000268e-01,2.445372131873417912e-03
4.271800404000000162e-01,2.445359343974061721e-03
4.271946507000000115e-01,2.445346556284738043e-03
4.272043905999999835e-01,2.445338031163190543e-03
4.272433480999999755e-01,2.445303931386284737e-03
4.272774330999999925e-01,2.445274094836191302e-03
4.272823021000000110e-01,2.445269832558031545e-03
4.272969088999999943e-01,2.445257045616165519e-03
4.273115152999999999e-01,2.445244258837177883e-03
4.273212525000000261e-01,2.445235734383745252e-03
4.273553312000000215e-01,2.445205899307147188e-03
4.273699355999999727e-01,2.445193112949499165e-03
4.273748036000000194e-01,2.445188850832110978e-03
4.274380824999999828e-01,2.445133445097616692e-03
4.274721518999999859e-01,2.445103612181076351e-03
4.275062185999999875e-01,2.445073779843218945e-03
4.275159513999999827e-01,2.445065256377828428e-03
4.275694780000000028e-01,2.445018378580307485e-03
4.275840750000000079e-01,2.445005594004512773e-03
4.275889406000000226e-01,2.445001332586411134e-03
4.275938060999999735e-01,2.444997071158153991e-03
4.276035369000000252e-01,2.444988548166428851e-03
4.276716466000000105e-01,2.444928889127548789e-03
4.276862401000000036e-01,2.444916105414203511e-03
4.277056973999999734e-01,2.444899060613171110e-03
4.277251537999999798e-01,2.444882015940558553e-03
4.277446093000000227e-01,2.444864971591366107e-03
4.277494729999999912e-01,2.444860710498463537e-03
4.277592002999999754e-01,2.444852188356219907e-03
4.277640638999999911e-01,2.444847927377811255e-03
4.278175593999999915e-01,2.444801056894366307e-03
4.278613236000000097e-01,2.444762709596004849e-03
4.278661859999999817e-01,2.444758448823716474e-03
4.278807728999999838e-01,2.444745666630676346e-03
4.279002212999999943e-01,2.444728623982222841e-03
4.279050831999999804e-01,2.444724363287644874e-03
4.279196687999999860e-01,2.444711581457193177e-03
4.279342537999999974e-01,2.444698799623872248e-03
4.279780060000000219e-01,2.444660455215263897e-03
4.279828670999999973e-01,2.444656194719966626e-03
4.279974500000000015e-01,2.444643413484702456e-03
4.280217538000000155e-01,2.444622111673814321e-03
4.280363354000000231e-01,2.444609330721511740e-03
4.280703571000000207e-01,2.444579509121570966e-03
4.280946567000000202e-01,2.444558208288108436e-03
4.280995164999999991e-01,2.444553948227901931e-03
4.281286738000000258e-01,2.444528387755572074e-03
4.281383925000000201e-01,2.444519867627549265e-03
4.281529700999999744e-01,2.444507087695539042e-03
4.281724062000000219e-01,2.444490047822521668e-03
4.282064171000000141e-01,2.444460228705916480e-03
4.282549995000000109e-01,2.444417631171369888e-03
4.282890039000000204e-01,2.444387813552482015e-03
4.283278627000000061e-01,2.444353737100859320e-03
4.283327197999999836e-01,2.444349477594431625e-03
4.283618612999999797e-01,2.444323920890308002e-03
4.283715746999999796e-01,2.444315402076861678e-03
4.283812879000000184e-01,2.444306883359316507e-03
4.283861444000000018e-01,2.444302624101946965e-03
4.284007134999999744e-01,2.444289846095050456e-03
4.284055697999999968e-01,2.444285586743632447e-03
4.284249943999999810e-01,2.444268549684193437e-03
4.284589852999999837e-01,2.444238735380572028e-03
4.284638409000000037e-01,2.444234476166769632e-03
4.284881181999999900e-01,2.444213180712503323e-03
4.285026839000000143e-01,2.444200403506713391e-03
4.285221040000000148e-01,2.444183367413498877e-03
4.285560871999999910e-01,2.444153555034921359e-03
4.285657962000000154e-01,2.444145037213932888e-03
4.285803592999999911e-01,2.444132260687414265e-03
4.285997758999999796e-01,2.444115225494279241e-03
4.286046299999999865e-01,2.444110966667674498e-03
4.286191917000000129e-01,2.444098190548095115e-03
4.286919929999999934e-01,2.444034311312061076e-03
4.286968460000000203e-01,2.444030052724310408e-03
4.287114046000000123e-01,2.444017277295690033e-03
4.287696341000000189e-01,2.443966176556931508e-03
4.287744862000000268e-01,2.443961918349034975e-03
4.287938941000000170e-01,2.443944885161323990e-03
4.287987459000000001e-01,2.443940626879108000e-03
4.288133009999999801e-01,2.443927852225712561e-03
4.288278556999999824e-01,2.443915077785052334e-03
4.288521123999999851e-01,2.443893787132762115e-03
4.288666656999999827e-01,2.443881012950279048e-03
4.288715167000000106e-01,2.443876754861238395e-03
4.289151733000000077e-01,2.443838433122321688e-03
4.289491253000000115e-01,2.443808627975268578e-03
4.289539754000000205e-01,2.443804370228721320e-03
4.289685252000000060e-01,2.443791596859415469e-03
4.289879242999999898e-01,2.443774565786596079e-03
4.290024731000000036e-01,2.443761792626282774e-03
4.290315690000000015e-01,2.443736246847402500e-03
4.290800579999999864e-01,2.443693671476154881e-03
4.290849064999999740e-01,2.443689413953872673e-03
4.291043004000000272e-01,2.443672384114215727e-03
4.291430853000000045e-01,2.443638325399742021e-03
4.291479331999999980e-01,2.443634067961005397e-03
4.291576288000000239e-01,2.443625553452898145e-03
4.291867142999999940e-01,2.443600010117010727e-03
4.292012563000000003e-01,2.443587238686160349e-03
4.292206447999999952e-01,2.443570210056214987e-03
4.292351857000000215e-01,2.443557438831461034e-03
4.292594193000000002e-01,2.443536153730180988e-03
4.292788052000000021e-01,2.443519125918687702e-03
4.292933440999999739e-01,2.443506355218678060e-03
4.293175744000000127e-01,2.443485070877379935e-03
4.293321119999999880e-01,2.443472300449704964e-03
4.293757216999999904e-01,2.443433989726082837e-03
4.293805669999999908e-01,2.443429733145025592e-03
4.294193270000000173e-01,2.443395680123390448e-03
4.294483947000000135e-01,2.443370141039312438e-03
4.294726162999999985e-01,2.443348858792092695e-03
4.294919925999999832e-01,2.443331833243046584e-03
4.295694890999999793e-01,2.443263733119992002e-03
4.296082320999999871e-01,2.443229684276656492e-03
4.296227597999999759e-01,2.443216916234493448e-03
4.296276023000000222e-01,2.443212660249942988e-03
4.296421293000000086e-01,2.443199892225364836e-03
4.296518138000000042e-01,2.443191380340603135e-03
4.296857076000000220e-01,2.443161589097939384e-03
4.296905493000000020e-01,2.443157333312171754e-03
4.297002327000000177e-01,2.443148821733200169e-03
4.297292813999999961e-01,2.443123287078521715e-03
4.297438049999999787e-01,2.443110519975932177e-03
4.297680099999999781e-01,2.443089241664294763e-03
4.297776915000000031e-01,2.443080730535265345e-03
4.297825323000000197e-01,2.443076475009031429e-03
4.298212559999999849e-01,2.443042430685134127e-03
4.298454566000000088e-01,2.443021153466076300e-03
4.298551365000000124e-01,2.443012642683921321e-03
4.298841747000000102e-01,2.442987110633753657e-03
4.299180502000000126e-01,2.442957323746902925e-03
4.299325674999999736e-01,2.442944558229214434e-03
4.299519230000000136e-01,2.442927537715102165e-03
4.299567617999999758e-01,2.442923282525655271e-03
4.299616004999999852e-01,2.442919027429713875e-03
4.299906314999999979e-01,2.442893497025454014e-03
4.299954698999999825e-01,2.442889242057448475e-03
4.300003081000000060e-01,2.442884987034813892e-03
4.300148226000000129e-01,2.442872222090708249e-03
4.300728756000000153e-01,2.442821163715289123e-03
4.300873875999999818e-01,2.442808399252655981e-03
4.300922247999999781e-01,2.442804144529759931e-03
4.301067362000000061e-01,2.442791380338032049e-03
4.301164101000000128e-01,2.442782871059358436e-03
4.301309206999999746e-01,2.442770107108973524e-03
4.301502672999999999e-01,2.442753088610373578e-03
4.301647766999999734e-01,2.442740324831322533e-03
4.301696131000000145e-01,2.442736070278127107e-03
4.301937941000000265e-01,2.442714797798404506e-03
4.302663288999999947e-01,2.442650982308753639e-03
4.303050091000000243e-01,2.442616948522638790e-03
4.303195133000000117e-01,2.442604186037017518e-03
4.303243479000000149e-01,2.442599931941784753e-03
4.303871930000000012e-01,2.442544629471183129e-03
4.304210289000000023e-01,2.442514852277938558e-03
4.304258624000000255e-01,2.442510598423059971e-03
4.304403625000000067e-01,2.442497836883970180e-03
4.304645281999999740e-01,2.442476568024980199e-03
4.304741941999999932e-01,2.442468060617567112e-03
4.304790271000000224e-01,2.442463806884547645e-03
4.304983580000000254e-01,2.442446792258572141e-03
4.305176882000000260e-01,2.442429777770392229e-03
4.305418496000000261e-01,2.442408509966865690e-03
4.305563458000000177e-01,2.442395749304107026e-03
4.305708415000000233e-01,2.442382988998701397e-03
4.305805051000000105e-01,2.442374482021041331e-03
4.305950000000000055e-01,2.442361721886042360e-03
4.306094944000000146e-01,2.442348961777873056e-03
4.306288194999999819e-01,2.442331948431632552e-03
4.306578055999999988e-01,2.442306428957410815e-03
4.306722979000000007e-01,2.442293669348362655e-03
4.307109416000000079e-01,2.442259644389518317e-03
4.307254321000000274e-01,2.442246885277521776e-03
4.307302621999999914e-01,2.442242632170851541e-03
4.307350922000000026e-01,2.442238379165755004e-03
4.307833892999999859e-01,2.442195849718596136e-03
4.308123649999999749e-01,2.442170332726671320e-03
4.308413387000000205e-01,2.442144816132901537e-03
4.308654820000000218e-01,2.442123552791257250e-03
4.308847955999999813e-01,2.442106542159973477e-03
4.309041083999999855e-01,2.442089531995449581e-03
4.309185924000000223e-01,2.442076774347195361e-03
4.309282481000000220e-01,2.442068269365582720e-03
4.309427312999999926e-01,2.442055511954307773e-03
4.309620415000000038e-01,2.442038502317299842e-03
4.310006592999999775e-01,2.442004483566720743e-03
4.310054863000000180e-01,2.442000231273853961e-03
4.310151400000000188e-01,2.441991726644542841e-03
4.310199668999999956e-01,2.441987474496691134e-03
4.310344469999999872e-01,2.441974717853748634e-03
4.310392735999999947e-01,2.441970465562744511e-03
4.310778843999999999e-01,2.441936448577462088e-03
4.311164918000000013e-01,2.441902432361483122e-03
4.311502703999999797e-01,2.441872668803360229e-03
4.311695712999999985e-01,2.441855661412796648e-03
4.311888712999999984e-01,2.441838654162383111e-03
4.312371175999999973e-01,2.441796137027078470e-03
4.312467662000000201e-01,2.441787633756981307e-03
4.312757106999999812e-01,2.441762124310002495e-03
4.312901822999999912e-01,2.441749369601329146e-03
4.313094768999999884e-01,2.441732363753367548e-03
4.313239473000000102e-01,2.441719609516712023e-03
4.313480634999999896e-01,2.441698352477370600e-03
4.313673554999999937e-01,2.441681347257339870e-03
4.313866466999999871e-01,2.441664342123228259e-03
4.314059370000000171e-01,2.441647337278529239e-03
4.314252264999999809e-01,2.441630332670714082e-03
4.314686245000000087e-01,2.441592072896824235e-03
4.314782679999999981e-01,2.441583570857345977e-03
4.314830895999999805e-01,2.441579319801610252e-03
4.315071970000000090e-01,2.441558065149079630e-03
4.315216606999999760e-01,2.441545312414197637e-03
4.315361240000000209e-01,2.441532559882169436e-03
4.315409450000000091e-01,2.441528308984655237e-03
4.315602284000000233e-01,2.441511305828287549e-03
4.315795109000000185e-01,2.441494302778430582e-03
4.315843314000000208e-01,2.441490052075102630e-03
4.316228934999999933e-01,2.441456046845639615e-03
4.316373533999999790e-01,2.441443295097668695e-03
4.316518127999999788e-01,2.441430543430741455e-03
4.316566325000000259e-01,2.441426292983061869e-03
4.316951881000000157e-01,2.441392289206872554e-03
4.317000073000000215e-01,2.441388038749015346e-03
4.317096456000000249e-01,2.441379537996073937e-03
4.317144646000000141e-01,2.441375287604890393e-03
4.317385590000000217e-01,2.441354035974525188e-03
4.317530151000000260e-01,2.441341285196742174e-03
4.318108343000000016e-01,2.441290283158049131e-03
4.318156522000000108e-01,2.441286033047856963e-03
4.318301056000000138e-01,2.441273282772857961e-03
4.318445585999999836e-01,2.441260532768045177e-03
4.318541935999999914e-01,2.441252032771362105e-03
4.319071823999999782e-01,2.441205283833682363e-03
4.319312660999999887e-01,2.441184034780170386e-03
4.319457156000000020e-01,2.441171285577624275e-03
4.319842454000000220e-01,2.441137288084234327e-03
4.320179561999999973e-01,2.441107540940022896e-03
4.320612946999999870e-01,2.441069295689221076e-03
4.320757398999999777e-01,2.441056547574680085e-03
4.320805549000000245e-01,2.441052298128289829e-03
4.320853698000000076e-01,2.441048048719604222e-03
4.321238870999999926e-01,2.441014054424167461e-03
4.321575870000000097e-01,2.440984309889410783e-03
4.321624009999999738e-01,2.440980060869244253e-03
4.321720290000000131e-01,2.440971562599655777e-03
4.322009115000000068e-01,2.440946068074747489e-03
4.322153521000000054e-01,2.440933320994315495e-03
4.322490447999999819e-01,2.440903578293815088e-03
4.322779221999999977e-01,2.440878085133193522e-03
4.322923600999999949e-01,2.440865338580735459e-03
4.323164224000000111e-01,2.440844094794001381e-03
4.323308590000000118e-01,2.440831348646783396e-03
4.323501072000000001e-01,2.440814354055341386e-03
4.323934124000000101e-01,2.440776116878080968e-03
4.324222802000000088e-01,2.440750625988334730e-03
4.324270913000000105e-01,2.440746377517258054e-03
4.324319023000000040e-01,2.440742129078747342e-03
4.324463351999999761e-01,2.440729383988288637e-03
4.324607675000000095e-01,2.440716638859540249e-03
4.324655781999999782e-01,2.440712390547849098e-03
4.324800099000000175e-01,2.440699645649011418e-03
4.325040615999999893e-01,2.440678404442465574e-03
4.325377318999999998e-01,2.440648667155202733e-03
4.325473515000000102e-01,2.440640170990500835e-03
4.325569707999999958e-01,2.440631674724791627e-03
4.325617803999999844e-01,2.440627426657374695e-03
4.325810183000000086e-01,2.440610434546687437e-03
4.326194915000000085e-01,2.440576450884197456e-03
4.326339181000000145e-01,2.440563707205280642e-03
4.326964275999999887e-01,2.440508486051250550e-03
4.327300828999999793e-01,2.440478752448548179e-03
4.327396982000000225e-01,2.440470257184180342e-03
4.327541207999999751e-01,2.440457514594675508e-03
4.327685427999999890e-01,2.440444772013731969e-03
4.327925785999999775e-01,2.440423534589661325e-03
4.328166129000000084e-01,2.440402297573752467e-03
4.328502589000000067e-01,2.440372566368794859e-03
4.328646776999999779e-01,2.440359824626628284e-03
4.328694839000000183e-01,2.440355577315071571e-03
4.328839020999999954e-01,2.440342835664423369e-03
4.329079315000000094e-01,2.440321599919266678e-03
4.329271539999999807e-01,2.440304611518231796e-03
4.329415703000000226e-01,2.440291870447885893e-03
4.329704014999999906e-01,2.440266388408683651e-03
4.329848163000000194e-01,2.440253647627129742e-03
4.330088400000000060e-01,2.440232413173427407e-03
4.330232535999999910e-01,2.440219672751929667e-03
4.330424709999999844e-01,2.440202685544217136e-03
4.330760994000000252e-01,2.440172958465120640e-03
4.331001179999999784e-01,2.440151725375651250e-03
4.331193320000000235e-01,2.440134739050341811e-03
4.331241352999999905e-01,2.440130492463020006e-03
4.331529544000000120e-01,2.440105013592976275e-03
4.331721660000000251e-01,2.440088027739604863e-03
4.331961792999999838e-01,2.440066795955318432e-03
4.332009817999999957e-01,2.440062549487601908e-03
4.332730129999999846e-01,2.439998856150986557e-03
4.332922193000000033e-01,2.439981871585819497e-03
4.333114247000000030e-01,2.439964887352763945e-03
4.333258282999999933e-01,2.439952149392945070e-03
4.333306292999999920e-01,2.439947903429157475e-03
4.333450321999999799e-01,2.439935165456723690e-03
4.333546339000000081e-01,2.439926673660621024e-03
4.333690359999999853e-01,2.439913936009792395e-03
4.333882379999999812e-01,2.439896952553855664e-03
4.334026389999999784e-01,2.439884215221528770e-03
4.334266394999999883e-01,2.439862986432079790e-03
4.334314395000000153e-01,2.439858740814636242e-03
4.334650375999999916e-01,2.439829021133981413e-03
4.334986331999999831e-01,2.439799302137951251e-03
4.335034322999999912e-01,2.439795056679404037e-03
4.335082313999999992e-01,2.439790811109110273e-03
4.335418236999999952e-01,2.439761092998022837e-03
4.335466223000000174e-01,2.439756847563686291e-03
4.335850097999999764e-01,2.439722884895917463e-03
4.335994041999999826e-01,2.439710148989197597e-03
4.336137982000000113e-01,2.439697413390152624e-03
4.336377871000000050e-01,2.439676187554952903e-03
4.336761665000000154e-01,2.439642226821319218e-03
4.336905578999999955e-01,2.439629491705994947e-03
4.337001518999999972e-01,2.439621001707002485e-03
4.337145425000000221e-01,2.439608266822698279e-03
4.337337291999999733e-01,2.439591287173045395e-03
4.337673040000000202e-01,2.439561573368260669e-03
4.338056719000000228e-01,2.439527615362918535e-03
4.338152633999999841e-01,2.439519126067401112e-03
4.338488318000000010e-01,2.439489413813267053e-03
4.338919874000000121e-01,2.439451213043686891e-03
4.339063717000000153e-01,2.439438479801197841e-03
4.339303442999999927e-01,2.439417257920617303e-03
4.339447272999999994e-01,2.439404524853569945e-03
4.339591098000000202e-01,2.439391792099478411e-03
4.340070480000000064e-01,2.439349349908699616e-03
4.340166349999999840e-01,2.439340861783040239e-03
4.340453947999999840e-01,2.439315397283987885e-03
4.340789454000000269e-01,2.439285689359411372e-03
4.340933235000000168e-01,2.439272957451656728e-03
4.341124934000000213e-01,2.439255981957988428e-03
4.341172857999999746e-01,2.439251738197298347e-03
4.341364547000000074e-01,2.439234762901424953e-03
4.341747900999999854e-01,2.439200812940654339e-03
4.341939564000000251e-01,2.439183838322450670e-03
4.342322867000000253e-01,2.439149889597127131e-03
4.342466596999999817e-01,2.439137159117681346e-03
4.342514505000000247e-01,2.439132915636220596e-03
4.342897756999999914e-01,2.439098968234481527e-03
4.343041468000000127e-01,2.439086238168607264e-03
4.343089370000000060e-01,2.439081994871131285e-03
4.343472570999999949e-01,2.439048048731067009e-03
4.343520469000000106e-01,2.439043805412149414e-03
4.343664159000000247e-01,2.439031075852335188e-03
4.343807843999999974e-01,2.439018346516097328e-03
4.344047308999999801e-01,2.438997131039760680e-03
4.344190982000000201e-01,2.438984401938987679e-03
4.344621971000000027e-01,2.438946215141747295e-03
4.344669856000000219e-01,2.438941972385788234e-03
4.345005036999999848e-01,2.438912272475346650e-03
4.345052918000000264e-01,2.438908029592537236e-03
4.345196557000000070e-01,2.438895301290930091e-03
4.345340192000000101e-01,2.438882573045397448e-03
4.345388069000000186e-01,2.438878330409755772e-03
4.345435945000000189e-01,2.438874087790485114e-03
4.345531697000000193e-01,2.438865602388350703e-03
4.345771066999999932e-01,2.438844389240669552e-03
4.345962553000000117e-01,2.438827419007594862e-03
4.346106162999999745e-01,2.438814691331595789e-03
4.346201899000000091e-01,2.438806206508911927e-03
4.346297633999999799e-01,2.438797721508454905e-03
4.346728415000000179e-01,2.438759539988761150e-03
4.347063435999999892e-01,2.438729843932101876e-03
4.347111295000000153e-01,2.438725601654289851e-03
4.347350576999999827e-01,2.438704390832062332e-03
4.347494141000000090e-01,2.438691664349923374e-03
4.347829104000000000e-01,2.438661969813197584e-03
4.348068346999999778e-01,2.438640759839663576e-03
4.348116194000000156e-01,2.438636517823953957e-03
4.348498952000000028e-01,2.438602582586493588e-03
4.348642476999999840e-01,2.438589857057187928e-03
4.348881675999999863e-01,2.438568648190773090e-03
4.349360033999999930e-01,2.438526231332226266e-03
4.349407867000000261e-01,2.438521989716075939e-03
4.349790511000000137e-01,2.438488057391399299e-03
4.349933993999999804e-01,2.438475332874434891e-03
4.349981820000000110e-01,2.438471091485770563e-03
4.350125296999999835e-01,2.438458367149767738e-03
4.350364413999999735e-01,2.438437160175476511e-03
4.350412236000000266e-01,2.438432918983783962e-03
4.350794790999999995e-01,2.438398988693520758e-03
4.351129499999999983e-01,2.438369300357694138e-03
4.351559802000000143e-01,2.438331130720267689e-03
4.351703225999999924e-01,2.438318407671528996e-03
4.351846645999999930e-01,2.438305684759678200e-03
4.351894452000000246e-01,2.438301443929237478e-03
4.352229075999999863e-01,2.438271757736972661e-03
4.352276876999999766e-01,2.438267516813277542e-03
4.352324678000000224e-01,2.438263276045305947e-03
4.352707066000000014e-01,2.438229350001971940e-03
4.352850451999999981e-01,2.438216627939512014e-03
4.353089419000000238e-01,2.438195424841783487e-03
4.353232793999999850e-01,2.438182702943711595e-03
4.353376163000000076e-01,2.438169981441146682e-03
4.353423952000000097e-01,2.438165740879216000e-03
4.353806243000000187e-01,2.438131817227778136e-03
4.353854026999999793e-01,2.438127576716354796e-03
4.353997376000000030e-01,2.438114855643467877e-03
4.354379615999999786e-01,2.438080933236581784e-03
4.354522947999999727e-01,2.438068212578196198e-03
4.354570723999999782e-01,2.438063972394283446e-03
4.354714049000000253e-01,2.438051251820517670e-03
4.355000686000000121e-01,2.438025810996386714e-03
4.355335070999999947e-01,2.437996130812090760e-03
4.355526136999999798e-01,2.437979170880915161e-03
4.355764957000000104e-01,2.437957971424732900e-03
4.356147042999999885e-01,2.437924052726808764e-03
4.356242558999999792e-01,2.437915573253380229e-03
4.356433585000000219e-01,2.437898614360949675e-03
4.356529095000000185e-01,2.437890135050634587e-03
4.356672355999999802e-01,2.437877416039511188e-03
4.356863362999999767e-01,2.437860457706633472e-03
4.357006613000000139e-01,2.437847739036079226e-03
4.357054362000000181e-01,2.437843499521705551e-03
4.357245351999999849e-01,2.437826541519732410e-03
4.357675049999999994e-01,2.437788386719127402e-03
4.358009230000000067e-01,2.437758711629831390e-03
4.358343384000000209e-01,2.437729037034794526e-03
4.358534318000000241e-01,2.437712080447548228e-03
4.358820702999999797e-01,2.437686646089772934e-03
4.359154794999999805e-01,2.437656973034186495e-03
4.359297970000000078e-01,2.437644256202508956e-03
4.359536583999999992e-01,2.437623061920527606e-03
4.359584304999999937e-01,2.437618822947067599e-03
4.359727465000000080e-01,2.437606106627113536e-03
4.360109202999999933e-01,2.437572196632875176e-03
4.360490907999999832e-01,2.437538287568228722e-03
4.360681747999999858e-01,2.437521333219950116e-03
4.360729456999999920e-01,2.437517094724971078e-03
4.360824871999999797e-01,2.437508617680366179e-03
4.361015697999999774e-01,2.437491663806404772e-03
4.361111107000000264e-01,2.437483187000137001e-03
4.361397323000000270e-01,2.437457756694436355e-03
4.361445024000000226e-01,2.437453518289348087e-03
4.361826610999999798e-01,2.437419612070051891e-03
4.361874307999999978e-01,2.437415373833951709e-03
4.362160473000000205e-01,2.437389944943388169e-03
4.362208166000000054e-01,2.437385706686829093e-03
4.362255857999999820e-01,2.437381468621452590e-03
4.362541998999999726e-01,2.437356040210038322e-03
4.362589687000000271e-01,2.437351802156850853e-03
4.363018858000000111e-01,2.437313660630134778e-03
4.363114223999999819e-01,2.437305184775699803e-03
4.363400308000000005e-01,2.437279757740005385e-03
4.363543342999999797e-01,2.437267044424247173e-03
4.363877073999999912e-01,2.437237380483808606e-03
4.363924747999999854e-01,2.437233142862822721e-03
4.364115437000000153e-01,2.437216192367908357e-03
4.364449123999999958e-01,2.437186529459843629e-03
4.364687455999999854e-01,2.437165342056886105e-03
4.364878112000000199e-01,2.437148392407648568e-03
4.365402373999999752e-01,2.437101781940244002e-03
4.365450030999999953e-01,2.437097544682595516e-03
4.365592998999999752e-01,2.437084832979640511e-03
4.365688308999999823e-01,2.437076358515000499e-03
4.365831269000000070e-01,2.437063647144912908e-03
4.366069524999999785e-01,2.437042461649982072e-03
4.366164824000000055e-01,2.437033987563386878e-03
4.366403063000000029e-01,2.437012802543074650e-03
4.366593644000000274e-01,2.436995854756951810e-03
4.367117699999999991e-01,2.436949249307655569e-03
4.367165337999999730e-01,2.436945012533454566e-03
4.367546426000000204e-01,2.436911118800935607e-03
4.367594060000000167e-01,2.436906882120021527e-03
4.367689324999999845e-01,2.436898408831990239e-03
4.367736957000000197e-01,2.436894172208509384e-03
4.368117994999999865e-01,2.436860279801700800e-03
4.368260876000000237e-01,2.436847570202819221e-03
4.368451375999999886e-01,2.436830624488843088e-03
4.368641867999999984e-01,2.436813678967154114e-03
4.368689490000000064e-01,2.436809442571162727e-03
4.368879970999999807e-01,2.436792497270792376e-03
4.369118061999999747e-01,2.436771315935405777e-03
4.369260910000000164e-01,2.436758607289305888e-03
4.369498978999999950e-01,2.436737426346268637e-03
4.369832255000000165e-01,2.436707773772933076e-03
4.369879863000000197e-01,2.436703537772555786e-03
4.370022686000000212e-01,2.436690829691443624e-03
4.370165504999999895e-01,2.436678121910932585e-03
4.370260713999999935e-01,2.436669649982222807e-03
4.370403525000000067e-01,2.436656942190684565e-03
4.370593931999999793e-01,2.436639998790549391e-03
4.370784329999999884e-01,2.436623055482415277e-03
4.370974720999999952e-01,2.436606112466337907e-03
4.371165102999999830e-01,2.436589169727802848e-03
4.371403067999999892e-01,2.436567991462065385e-03
4.371688610000000197e-01,2.436542578046980816e-03
4.371736198999999767e-01,2.436538342481208135e-03
4.372259638000000059e-01,2.436491752557304498e-03
4.372497544000000236e-01,2.436470575815895875e-03
4.372545124000000172e-01,2.436466340499798908e-03
4.372687860000000204e-01,2.436453634721412898e-03
4.372878166999999983e-01,2.436436693682157446e-03
4.373020892000000215e-01,2.436423988096942869e-03
4.373449039000000260e-01,2.436385872121216937e-03
4.373591746000000113e-01,2.436373167028322087e-03
4.373686881000000137e-01,2.436364696987027879e-03
4.373782013999999996e-01,2.436356227078125599e-03
4.374400327999999893e-01,2.436301173615931619e-03
4.374447886999999757e-01,2.436296938771494256e-03
4.374543002999999874e-01,2.436288469301458367e-03
4.374590560000000128e-01,2.436284234453438800e-03
4.374733230000000250e-01,2.436271530442161819e-03
4.374828339999999871e-01,2.436263060976302710e-03
4.375161209000000273e-01,2.436233418515221065e-03
4.375921958999999806e-01,2.436165666719975788e-03
4.376112125000000130e-01,2.436148729463186863e-03
4.376349822000000223e-01,2.436127557916195185e-03
4.376682575999999991e-01,2.436097918387979296e-03
4.376730110000000007e-01,2.436093684207533364e-03
4.376825175999999873e-01,2.436085215964473895e-03
4.377110363999999754e-01,2.436059811412184806e-03
4.377252951000000225e-01,2.436047109257749328e-03
4.377443060000000274e-01,2.436030173197385740e-03
4.377585635999999836e-01,2.436017471442892927e-03
4.377870775000000103e-01,2.435992068051140783e-03
4.378013337000000171e-01,2.435979366560850259e-03
4.378583540000000052e-01,2.435928561901108506e-03
4.378916124000000187e-01,2.435898926576177039e-03
4.379011143000000050e-01,2.435890459549917668e-03
4.379106159999999748e-01,2.435881992425871501e-03
4.379153667999999833e-01,2.435877758935910131e-03
4.379343694000000231e-01,2.435860825004716648e-03
4.379533711999999968e-01,2.435843891378848807e-03
4.379771223000000213e-01,2.435822724628186262e-03
4.379866224000000252e-01,2.435814257946629022e-03
4.380103717000000119e-01,2.435793091566497773e-03
4.380151213999999849e-01,2.435788858310000693e-03
4.380293701999999900e-01,2.435776158756070096e-03
4.380531172000000084e-01,2.435754992890374129e-03
4.380816117999999926e-01,2.435729594483226294e-03
4.380863608000000187e-01,2.435725361477575433e-03
4.381053560000000013e-01,2.435708429395458830e-03
4.381433438999999819e-01,2.435674566012051550e-03
4.381813285999999752e-01,2.435640703339888267e-03
4.382335520999999789e-01,2.435594143643901588e-03
4.382382993999999754e-01,2.435589911160557751e-03
4.382572880000000226e-01,2.435572980785356573e-03
4.382715288999999848e-01,2.435560283073410440e-03
4.382810226000000142e-01,2.435551818074513288e-03
4.383142488999999808e-01,2.435522190890723662e-03
4.383522187000000181e-01,2.435488332028608576e-03
4.383664566000000096e-01,2.435475635176556197e-03
4.383712023999999929e-01,2.435471402982075911e-03
4.384423839000000100e-01,2.435407920681267012e-03
4.384708533000000186e-01,2.435382528490011127e-03
4.384850873000000204e-01,2.435369832584189254e-03
4.384993207999999809e-01,2.435357136758174203e-03
4.385088094999999853e-01,2.435348673056478112e-03
4.385230422999999988e-01,2.435335977479536826e-03
4.385372746000000266e-01,2.435323282022668762e-03
4.385420186000000276e-01,2.435319050178512846e-03
4.385799686999999891e-01,2.435285196355353992e-03
4.385847122000000042e-01,2.435280964698994903e-03
4.385989424999999775e-01,2.435268269833503613e-03
4.386226585999999927e-01,2.435247111845052943e-03
4.386368876999999777e-01,2.435234417201564191e-03
4.386511162999999769e-01,2.435221722605724389e-03
4.386558589999999813e-01,2.435217491167044907e-03
4.386985415999999915e-01,2.435179408375466679e-03
4.387364782000000019e-01,2.435145557863835526e-03
4.387459617999999728e-01,2.435137095425221089e-03
4.387507035000000055e-01,2.435132864308965552e-03
4.387886355999999766e-01,2.435099014915873255e-03
4.388076003999999974e-01,2.435082090552817720e-03
4.388123414999999805e-01,2.435077859555115354e-03
4.388407867999999934e-01,2.435052473487983680e-03
4.388502682000000044e-01,2.435044011576144047e-03
4.388644898999999877e-01,2.435031318816211540e-03
4.388834514000000131e-01,2.435014395345856415e-03
4.389403310000000169e-01,2.434963625959087573e-03
4.389640287000000085e-01,2.434942472664514135e-03
4.389782467000000188e-01,2.434929780885389944e-03
4.389972033000000273e-01,2.434912858561772905e-03
4.390493296999999906e-01,2.434866323331367263e-03
4.390540681999999806e-01,2.434862093000383747e-03
4.390777597000000143e-01,2.434840941259278600e-03
4.391061879000000001e-01,2.434815559466143881e-03
4.391109256999999877e-01,2.434811329300158589e-03
4.391535639999999963e-01,2.434773257848141595e-03
4.391677759000000014e-01,2.434760567431783207e-03
4.391819873000000207e-01,2.434747877254811455e-03
4.392625097999999784e-01,2.434675968609090798e-03
4.392672458999999918e-01,2.434671738766532121e-03
4.392767181000000187e-01,2.434663279275041999e-03
4.393003976000000033e-01,2.434642130501504451e-03
4.393051333999999919e-01,2.434637900766696388e-03
4.393193403000000274e-01,2.434625211763463259e-03
4.393382821999999854e-01,2.434608293186387926e-03
4.393524880999999938e-01,2.434595604499456469e-03
4.393761635000000276e-01,2.434574456795774063e-03
4.393808985000000056e-01,2.434570227336177711e-03
4.394093070000000267e-01,2.434544850539167166e-03
4.394187761000000192e-01,2.434536391666416479e-03
4.394282449999999951e-01,2.434527933041664462e-03
4.394329793999999789e-01,2.434523703615837972e-03
4.394471822000000083e-01,2.434511015565251658e-03
4.394945216000000210e-01,2.434468723154159780e-03
4.395087223999999959e-01,2.434456035790204774e-03
4.395465889999999876e-01,2.434422202999042811e-03
4.396033827999999977e-01,2.434371455414164991e-03
4.396412412999999852e-01,2.434337624809545207e-03
4.396459732999999925e-01,2.434333396038807114e-03
4.396790964999999773e-01,2.434303795071647049e-03
4.396838281000000070e-01,2.434299566348275146e-03
4.397169483999999740e-01,2.434269966048261541e-03
4.397311420000000193e-01,2.434257280346017668e-03
4.397500662000000116e-01,2.434240366373084923e-03
4.397737201999999956e-01,2.434219224059760382e-03
4.397926424999999973e-01,2.434202310568719073e-03
4.398068337000000105e-01,2.434189625437459432e-03
4.398115639999999882e-01,2.434185397168254616e-03
4.398304847000000239e-01,2.434168484028250215e-03
4.398352146999999768e-01,2.434164255812710370e-03
4.398635939000000161e-01,2.434138886457717747e-03
4.398872417999999951e-01,2.434117745842059085e-03
4.399014298999999739e-01,2.434105061560114421e-03
4.399439915999999728e-01,2.434067009499087542e-03
4.399487203999999929e-01,2.434062781630412162e-03
4.399581779000000248e-01,2.434054325734099581e-03
4.399629065999999811e-01,2.434050097745984586e-03
4.400007341000000127e-01,2.434016275076114014e-03
4.400338305000000005e-01,2.433986680844196955e-03
4.400574693000000037e-01,2.433965542397838622e-03
4.400621968999999800e-01,2.433961314841261679e-03
4.400905614000000243e-01,2.433935949364597704e-03
4.401000158000000217e-01,2.433927494208664669e-03
4.401141970999999931e-01,2.433914811802939671e-03
4.401331048000000079e-01,2.433897901846543161e-03
4.401709176999999973e-01,2.433864082825928834e-03
4.402040012999999807e-01,2.433834491811916884e-03
4.402134533000000016e-01,2.433826037407325980e-03
4.402276308999999999e-01,2.433813355765300415e-03
4.402607102000000161e-01,2.433783765954552515e-03
4.402890620000000088e-01,2.433758403776695948e-03
4.403032371999999750e-01,2.433745722667947798e-03
4.403268614999999997e-01,2.433724588143754142e-03
4.403410354000000249e-01,2.433711907413081601e-03
4.403552090000000252e-01,2.433699226893289852e-03
4.403599334000000143e-01,2.433695000021973351e-03
4.404733037999999934e-01,2.433593560373554805e-03
4.404874731000000265e-01,2.433580880970949694e-03
4.405110875000000092e-01,2.433559748747902290e-03
4.405299780999999970e-01,2.433542843373945243e-03
4.405535903000000197e-01,2.433521711757383188e-03
4.405866451000000072e-01,2.433492128136440901e-03
4.406196975000000182e-01,2.433462545192364296e-03
4.406244190999999977e-01,2.433458319020876445e-03
4.406291406000000244e-01,2.433454092886001667e-03
4.406385835000000140e-01,2.433445640826025283e-03
4.406433048000000241e-01,2.433441414782412139e-03
4.406621897999999926e-01,2.433424510760509411e-03
4.406669108999999862e-01,2.433420284851206799e-03
4.406952364999999761e-01,2.433394929277682764e-03
4.407046779000000081e-01,2.433386477419201884e-03
4.407377215000000126e-01,2.433356896781774074e-03
4.407424417999999955e-01,2.433352670883199426e-03
4.407566023999999749e-01,2.433339993681178214e-03
4.407896419999999815e-01,2.433310414043681445e-03
4.407943617999999786e-01,2.433306188309491361e-03
4.408085206999999839e-01,2.433293511547257679e-03
4.408132402000000116e-01,2.433289285945727971e-03
4.408321178999999868e-01,2.433272383842357417e-03
4.408509948000000067e-01,2.433255481843249815e-03
4.408557137999999931e-01,2.433251256419683654e-03
4.408651518999999741e-01,2.433242805559981525e-03
4.408698708000000077e-01,2.433238580102822443e-03
4.408934647000000151e-01,2.433217453128576867e-03
4.409217758000000265e-01,2.433192101332375904e-03
4.409406488000000013e-01,2.433175200354218987e-03
4.409689567999999782e-01,2.433149849298763597e-03
4.409831101000000197e-01,2.433137173877618180e-03
4.410019805000000015e-01,2.433120273694074770e-03
4.410066979999999748e-01,2.433116048632535857e-03
4.410397188999999885e-01,2.433086473607625443e-03
4.410444359999999842e-01,2.433082248647637242e-03
4.410821706999999980e-01,2.433048449635637472e-03
4.410916039000000177e-01,2.433040000080727121e-03
4.410963204000000193e-01,2.433035775270851481e-03
4.411529146000000012e-01,2.432985078588774299e-03
4.411717776999999896e-01,2.432968180189840676e-03
4.411906400000000228e-01,2.432951281964968772e-03
4.412330772999999984e-01,2.432913261669410621e-03
4.412613665999999824e-01,2.432887915461117833e-03
4.412660813000000015e-01,2.432883691110905751e-03
4.412990827000000116e-01,2.432854121154272298e-03
4.413037969999999977e-01,2.432849896952952399e-03
4.413179395999999866e-01,2.432837224352703710e-03
4.413603645999999991e-01,2.432799207162232493e-03
4.413792188999999810e-01,2.432782311059869789e-03
4.413839323000000037e-01,2.432778087001901800e-03
4.413933590999999934e-01,2.432769639023464343e-03
4.414169250000000155e-01,2.432748519330075673e-03
4.414216380000000051e-01,2.432744295362170191e-03
4.414357768000000126e-01,2.432731623697169908e-03
4.414593405000000192e-01,2.432710504645385630e-03
4.414687655999999794e-01,2.432702056983021728e-03
4.415347358000000222e-01,2.432642925549381545e-03
4.415441593000000164e-01,2.432634478401674970e-03
4.415488710000000094e-01,2.432630254834816739e-03
4.415630057000000108e-01,2.432617584194945656e-03
4.415865626000000099e-01,2.432596466860894105e-03
4.416006961000000230e-01,2.432583796604412523e-03
4.416195400999999854e-01,2.432566902991275658e-03
4.416619361999999938e-01,2.432528893321710649e-03
4.416760672999999748e-01,2.432516223764430181e-03
4.416807775000000102e-01,2.432512000631364274e-03
4.416996181000000243e-01,2.432495107922620723e-03
4.417137480000000171e-01,2.432482438563950047e-03
4.417184579000000277e-01,2.432478215465311896e-03
4.417231676999999745e-01,2.432473992378025342e-03
4.417749724000000211e-01,2.432427539467184926e-03
4.418126446999999790e-01,2.432393756393948486e-03
4.418267710000000070e-01,2.432381088041070047e-03
4.418456052999999994e-01,2.432364196857398232e-03
4.418503138000000052e-01,2.432359974130251980e-03
4.418738554000000152e-01,2.432338860739245538e-03
4.418879796999999887e-01,2.432326192824452431e-03
4.419115191999999914e-01,2.432305079882725492e-03
4.419256423999999850e-01,2.432292412217635421e-03
4.419821304000000062e-01,2.432241743068623476e-03
4.419868373999999989e-01,2.432237520613056859e-03
4.419962512000000232e-01,2.432229076020218927e-03
4.420150783999999833e-01,2.432212186918004948e-03
4.420244916000000135e-01,2.432203742340592178e-03
4.420386110999999785e-01,2.432191075625359487e-03
4.420621426999999937e-01,2.432169964806669971e-03
4.420950846999999739e-01,2.432140410200848719e-03
4.421468458000000212e-01,2.432093968377923611e-03
4.421703714999999923e-01,2.432072859028133315e-03
4.422080100999999930e-01,2.432039084598496166e-03
4.422127148000000174e-01,2.432034862894739621e-03
4.422268282999999855e-01,2.432022197818847070e-03
4.422785739000000271e-01,2.431975759985338399e-03
4.422832777999999854e-01,2.431971538507061211e-03
4.423162032999999882e-01,2.431941988140518159e-03
4.423209068000000244e-01,2.431937766739846862e-03
4.423256101999999967e-01,2.431933545153956103e-03
4.423397201000000001e-01,2.431920881106558550e-03
4.424337745999999960e-01,2.431836456024398952e-03
4.424525831000000187e-01,2.431819571721560713e-03
4.424666889000000158e-01,2.431806908513317860e-03
4.424760925999999817e-01,2.431798466544521538e-03
4.425043022999999853e-01,2.431773140796452976e-03
4.425090038000000225e-01,2.431768919760827347e-03
4.425231077999999818e-01,2.431756257144182011e-03
4.425466136000000272e-01,2.431735152931968711e-03
4.425513146000000231e-01,2.431730932200735877e-03
4.425654172999999858e-01,2.431718269779261244e-03
4.425889208000000075e-01,2.431697166230955241e-03
4.426218236000000195e-01,2.431667621618147784e-03
4.426594238000000070e-01,2.431633857355061396e-03
4.426641236000000146e-01,2.431629636768191816e-03
4.426735231000000215e-01,2.431621195873057920e-03
4.426782227000000125e-01,2.431616975464106784e-03
4.426970209000000156e-01,2.431600093773805902e-03
4.427017202999999901e-01,2.431595873391313636e-03
4.427346146999999732e-01,2.431566330954406264e-03
4.427393137000000256e-01,2.431562110578742737e-03
4.427487115000000029e-01,2.431553670162928549e-03
4.427769039000000184e-01,2.431528348928270900e-03
4.428144909999999768e-01,2.431494587901756113e-03
4.428285853000000216e-01,2.431481927692355754e-03
4.428473769999999865e-01,2.431465047576494669e-03
4.428661678999999962e-01,2.431448167899991769e-03
4.428849581000000035e-01,2.431431288135802067e-03
4.428896554999999791e-01,2.431427068397640744e-03
4.428990501000000246e-01,2.431418628659772971e-03
4.429413237000000003e-01,2.431380650524787163e-03
4.429601106000000121e-01,2.431363771890477938e-03
4.429742003000000095e-01,2.431351112781782176e-03
4.429976821000000120e-01,2.431330014799428386e-03
4.430023782999999993e-01,2.431325795336575050e-03
4.430164667000000001e-01,2.431313136679835469e-03
4.430399461999999788e-01,2.431292039260259802e-03
4.430681201000000180e-01,2.431266722714050133e-03
4.430775109999999795e-01,2.431258284007086889e-03
4.431103774999999856e-01,2.431228748934098020e-03
4.431150724999999846e-01,2.431224529757985368e-03
4.431291573000000206e-01,2.431211872091971950e-03
4.431667143999999947e-01,2.431178118739791855e-03
4.431995743000000099e-01,2.431148585363837426e-03
4.432042683999999899e-01,2.431144366332240250e-03
4.432230442000000270e-01,2.431127490421576120e-03
4.432277379999999822e-01,2.431123271514622729e-03
4.432652867999999913e-01,2.431089520501817421e-03
4.432793668000000187e-01,2.431076863951375181e-03
4.432981394000000130e-01,2.431059988932832497e-03
4.433309894999999945e-01,2.431030458133503179e-03
4.433356822000000252e-01,2.431026239469208979e-03
4.433497599999999816e-01,2.431013583596593024e-03
4.433544524999999958e-01,2.431009364874900727e-03
4.433685296000000053e-01,2.430996709277220228e-03
4.433732219000000030e-01,2.430992490711235410e-03
4.434060664999999735e-01,2.430962961339395295e-03
4.434107583999999935e-01,2.430958742868061760e-03
4.434248337000000206e-01,2.430946087590079956e-03
4.434529830999999755e-01,2.430920777566011621e-03
4.434905128000000141e-01,2.430887031297783007e-03
4.434998948000000163e-01,2.430878594914059453e-03
4.435045857000000091e-01,2.430874376705626731e-03
4.435233486999999863e-01,2.430857504152927114e-03
4.435608724999999808e-01,2.430823759692659833e-03
4.435749431000000076e-01,2.430811105573877501e-03
4.435796331999999897e-01,2.430806887675599458e-03
4.436030829000000009e-01,2.430785797965395994e-03
4.436171521999999756e-01,2.430773144347979538e-03
4.436359105000000080e-01,2.430756272951207705e-03
4.436687355999999749e-01,2.430726748605702408e-03
4.436734247999999936e-01,2.430722530889910336e-03
4.436921806999999940e-01,2.430705660102894673e-03
4.437062471000000063e-01,2.430693007201219918e-03
4.437156245000000165e-01,2.430684572121603361e-03
4.437296902000000265e-01,2.430671919389266675e-03
4.437906362999999854e-01,2.430617092196501669e-03
4.438000119000000132e-01,2.430608657542480868e-03
4.438187625000000192e-01,2.430591788118825584e-03
4.438281374999999973e-01,2.430583353562507445e-03
4.438609484000000105e-01,2.430553832881795877e-03
4.438796964000000234e-01,2.430536964245762297e-03
4.438984436000000255e-01,2.430520095667845857e-03
4.439031303000000039e-01,2.430515878677110084e-03
4.439312492999999971e-01,2.430490576413861948e-03
4.439546804999999763e-01,2.430469491576254300e-03
4.440155957999999958e-01,2.430414672623984387e-03
4.440296518999999886e-01,2.430402022369380129e-03
4.440483928000000247e-01,2.430385155507372788e-03
4.440671328999999945e-01,2.430368288804841612e-03
4.440811874999999742e-01,2.430355639084241619e-03
4.440905568999999886e-01,2.430347205983807504e-03
4.440999261999999947e-01,2.430338772824379347e-03
4.441280327000000083e-01,2.430313473843685994e-03
4.441795567999999861e-01,2.430267093622008861e-03
4.441982914000000005e-01,2.430250228387022954e-03
4.442685389000000096e-01,2.430186985864910953e-03
4.442779043999999788e-01,2.430178553782552653e-03
4.442919523000000148e-01,2.430165905729513715e-03
4.443059998000000177e-01,2.430153257799966271e-03
4.443106821000000206e-01,2.430149041824915864e-03
4.443247289999999738e-01,2.430136394045405088e-03
4.443528212999999782e-01,2.430111098781483417e-03
4.443855935000000090e-01,2.430081588234553249e-03
4.443902750000000013e-01,2.430077372451627804e-03
4.444183631999999995e-01,2.430052078297187997e-03
4.444277255999999898e-01,2.430043646953885649e-03
4.444604922000000014e-01,2.430014137924674592e-03
4.444792148999999748e-01,2.429997275910116081e-03
4.445026172000000053e-01,2.429976198495842950e-03
4.445166580000000089e-01,2.429963552387915619e-03
4.445353783000000059e-01,2.429946690934215760e-03
4.445728165999999759e-01,2.429912968735340861e-03
4.445915346000000046e-01,2.429896107853949695e-03
4.446055725999999986e-01,2.429883462270375927e-03
4.446149309999999910e-01,2.429875032063040334e-03
4.446476838000000265e-01,2.429845526560587155e-03
4.446851126999999959e-01,2.429811806890471576e-03
4.446897911000000092e-01,2.429807591896597681e-03
4.446991477000000192e-01,2.429799162103143256e-03
4.447038259000000160e-01,2.429794947254063694e-03
4.447178602999999897e-01,2.429782302729563328e-03
4.447225383999999782e-01,2.429778087795391676e-03
4.447272164000000139e-01,2.429773873044998363e-03
4.447412499999999769e-01,2.429761228775337116e-03
4.447739935999999727e-01,2.429731725639826950e-03
4.447973802999999893e-01,2.429710652393116815e-03
4.448020575000000143e-01,2.429706437851729493e-03
4.448160889000000173e-01,2.429693794089241542e-03
4.448488268999999939e-01,2.429664292531223419e-03
4.448675331999999982e-01,2.429647434676920816e-03
4.449096196999999808e-01,2.429609505424397756e-03
4.449283235000000003e-01,2.429592648406074876e-03
4.449517021000000128e-01,2.429571577283900531e-03
4.449657287000000072e-01,2.429558934765172883e-03
4.449984557000000174e-01,2.429529436091084401e-03
4.450171558000000083e-01,2.429512579824925911e-03
4.450265055000000025e-01,2.429504151881044932e-03
4.450639024999999971e-01,2.429470440414960124e-03
4.450779255999999795e-01,2.429457798887693296e-03
4.450966223000000221e-01,2.429440943639424571e-03
4.451012964000000127e-01,2.429436729877370877e-03
4.451340133999999726e-01,2.429407233750501775e-03
4.451386870999999856e-01,2.429403020074028495e-03
4.451480342999999951e-01,2.429394592780359172e-03
4.451667281000000198e-01,2.429377738364277631e-03
4.451760746000000268e-01,2.429369311113752181e-03
4.451900941999999972e-01,2.429356670445602818e-03
4.452041132999999817e-01,2.429344029887989167e-03
4.452228046999999744e-01,2.429327176053538290e-03
4.452648574999999997e-01,2.429289255670062653e-03
4.452788743000000160e-01,2.429276615792988394e-03
4.452882184999999993e-01,2.429268189196618060e-03
4.453022345000000048e-01,2.429255549450455576e-03
4.453209217999999914e-01,2.429238696750946665e-03
4.453582940999999962e-01,2.429204991789122529e-03
4.453629653999999771e-01,2.429200778647143139e-03
4.453723077999999780e-01,2.429192352670706163e-03
4.453769790000000062e-01,2.429188139608942990e-03
4.453956632000000138e-01,2.429171287719660965e-03
4.454003341000000171e-01,2.429167074624262370e-03
4.454283586000000184e-01,2.429141797264611213e-03
4.454330291999999969e-01,2.429137584325960064e-03
4.454890723000000108e-01,2.429087031044783844e-03
4.455217607999999996e-01,2.429057542378664208e-03
4.455264304000000064e-01,2.429053329768740988e-03
4.455824617999999959e-01,2.429002779423661881e-03
4.455871307000000003e-01,2.428998567133048778e-03
4.456011373000000053e-01,2.428985929772694424e-03
4.456151434999999772e-01,2.428973292685369500e-03
4.456711636999999837e-01,2.428922745397874092e-03
4.456945032999999889e-01,2.428901684410930076e-03
4.456991711000000134e-01,2.428897472309345454e-03
4.457131742000000063e-01,2.428884835956366707e-03
4.457271768000000134e-01,2.428872199837678846e-03
4.457318443000000130e-01,2.428867987797081029e-03
4.457365115999999960e-01,2.428863775843364669e-03
4.457505135000000007e-01,2.428851139825311152e-03
4.457691819999999860e-01,2.428834291940521178e-03
4.458205163999999776e-01,2.428787961440363914e-03
4.458251829000000055e-01,2.428783749686318997e-03
4.458485145000000149e-01,2.428762690983367421e-03
4.458765108000000144e-01,2.428737420872707168e-03
4.458811766999999926e-01,2.428733209343138071e-03
4.458951740000000052e-01,2.428720574516193831e-03
4.458998397000000224e-01,2.428716362838481951e-03
4.459231673999999868e-01,2.428695305161580279e-03
4.459744840000000043e-01,2.428648979446685480e-03
4.459931431999999973e-01,2.428632134060385635e-03
4.460304590999999985e-01,2.428598443930510536e-03
4.460444517000000109e-01,2.428585810509613450e-03
4.460491159000000150e-01,2.428581599280921731e-03
4.460724356999999918e-01,2.428560543722150383e-03
4.460864271000000159e-01,2.428547910421476573e-03
4.461004179999999986e-01,2.428535277232229256e-03
4.461050815000000003e-01,2.428531066289857116e-03
4.461097450000000020e-01,2.428526855281060680e-03
4.461470511999999777e-01,2.428493167775852991e-03
4.461610402000000253e-01,2.428480535160897590e-03
4.462123295000000045e-01,2.428434216716581894e-03
4.462356407999999997e-01,2.428413163206434404e-03
4.462542890000000262e-01,2.428396320798073636e-03
4.462589509000000065e-01,2.428392110171371729e-03
4.462682747000000227e-01,2.428383689097888230e-03
4.463102290000000028e-01,2.428345794675609761e-03
4.463288739999999866e-01,2.428328953055273586e-03
4.463428573000000066e-01,2.428316321807413858e-03
4.463661619000000025e-01,2.428295270379752027e-03
4.463708225999999946e-01,2.428291059985742892e-03
4.463848046000000180e-01,2.428278429273604804e-03
4.463987862000000084e-01,2.428265798638465020e-03
4.464034465999999757e-01,2.428261588414991779e-03
4.464081069999999984e-01,2.428257378269680408e-03
4.464826662999999973e-01,2.428190017327239245e-03
4.465106227999999788e-01,2.428164757787309481e-03
4.465199413000000006e-01,2.428156337953435960e-03
4.465339186000000238e-01,2.428143708427336553e-03
4.465525543000000153e-01,2.428126869276815963e-03
4.465665306000000112e-01,2.428114240163876079e-03
4.465944819000000066e-01,2.428088981960340852e-03
4.466084569000000060e-01,2.428076353049806770e-03
4.466596948000000067e-01,2.428030048065146339e-03
4.466969550000000067e-01,2.427996372802135056e-03
4.467062695999999833e-01,2.427987954033852726e-03
4.467388689999999829e-01,2.427958488914659218e-03
4.467435258999999936e-01,2.427954279785228802e-03
4.467574961999999927e-01,2.427941652047566415e-03
4.467761225999999919e-01,2.427924815384333111e-03
4.467807791000000250e-01,2.427920606210741405e-03
4.468133731000000219e-01,2.427891142645464181e-03
4.468319971999999973e-01,2.427874306432045107e-03
4.468552761999999845e-01,2.427853261751975779e-03
4.468692430999999798e-01,2.427840635000630323e-03
4.469064857999999751e-01,2.427806964298233946e-03
4.469297608999999727e-01,2.427785920468662675e-03
4.469437253999999915e-01,2.427773294299078854e-03
4.469576894999999772e-01,2.427760668323061984e-03
4.469669985999999984e-01,2.427752251049253903e-03
4.469949248000000264e-01,2.427726999555990771e-03
4.469995789999999802e-01,2.427722790952617418e-03
4.470135413999999918e-01,2.427710165451219156e-03
4.470368109000000256e-01,2.427689123184924302e-03
4.470554257000000087e-01,2.427672289562104839e-03
4.470740396999999811e-01,2.427655456180531635e-03
4.470926528999999983e-01,2.427638622992239585e-03
4.471066122999999837e-01,2.427625998173677056e-03
4.471159183999999787e-01,2.427617581774558619e-03
4.471484879000000023e-01,2.427588124527595755e-03
4.471531404999999904e-01,2.427583916510625724e-03
4.471624456000000136e-01,2.427575500231341117e-03
4.471670980999999934e-01,2.427571292227326434e-03
4.471903595999999759e-01,2.427550251961379819e-03
4.472043159999999906e-01,2.427537628149240533e-03
4.472229238000000051e-01,2.427520796316277960e-03
4.472368790999999844e-01,2.427508172578619894e-03
4.472415308000000089e-01,2.427503964825269284e-03
4.472601371000000103e-01,2.427487133496612076e-03
4.472647885000000101e-01,2.427482925703950897e-03
4.472926960999999979e-01,2.427457679070031595e-03
4.473019983000000033e-01,2.427449263671354641e-03
4.473764085999999973e-01,2.427381942205789674e-03
4.473857090000000203e-01,2.427373527263596096e-03
4.474089592000000115e-01,2.427352490099358908e-03
4.474275584999999889e-01,2.427335660616118315e-03
4.474461570000000110e-01,2.427318831331774611e-03
4.474833516999999761e-01,2.427285173404633914e-03
4.474880008000000076e-01,2.427280966090132781e-03
4.475251920000000161e-01,2.427247309162279109e-03
4.475577318000000249e-01,2.427217859855116538e-03
4.475949173000000059e-01,2.427184204416424525e-03
4.476088610000000245e-01,2.427171583758484363e-03
4.476135088000000040e-01,2.427167377018540559e-03
4.476367472000000181e-01,2.427146342926003817e-03
4.476506895999999847e-01,2.427133722844048228e-03
4.476692788000000145e-01,2.427116895930707223e-03
4.476832203000000177e-01,2.427104275988585091e-03
4.477111018000000109e-01,2.427079036337292071e-03
4.477436281000000129e-01,2.427049590771663493e-03
4.477482744999999875e-01,2.427045384282984410e-03
4.477854440999999852e-01,2.427011733089878484e-03
4.478179649999999845e-01,2.426982288866312652e-03
4.478226106000000040e-01,2.426978082508438224e-03
4.478319016999999791e-01,2.426969670113274507e-03
4.478365471999999903e-01,2.426965463913380479e-03
4.478504835000000073e-01,2.426952845280409485e-03
4.479062240000000195e-01,2.426902372039549220e-03
4.479294470999999889e-01,2.426881342154749936e-03
4.479340915999999728e-01,2.426877136150560905e-03
4.479480248000000109e-01,2.426864518313451551e-03
4.479712457999999731e-01,2.426843488993841221e-03
4.479851778000000229e-01,2.426830871508271412e-03
4.479991093999999840e-01,2.426818254123638222e-03
4.480455448999999812e-01,2.426776197231886919e-03
4.480594746000000073e-01,2.426763580361301301e-03
4.480826897999999892e-01,2.426742552523402426e-03
4.480966183999999797e-01,2.426729935976607282e-03
4.481105464999999843e-01,2.426717319545129183e-03
4.481523283000000135e-01,2.426679470930222932e-03
4.481569704999999737e-01,2.426675265628926506e-03
4.481941061999999976e-01,2.426641623371317454e-03
4.482033896000000017e-01,2.426633212914884163e-03
4.482265973999999820e-01,2.426612187135372602e-03
4.482451626999999772e-01,2.426595366709206111e-03
4.482776501999999885e-01,2.426565931353516763e-03
4.482962134999999848e-01,2.426549111622714177e-03
4.483379779000000176e-01,2.426511267633989742e-03
4.483518985000000123e-01,2.426498653247964425e-03
4.483750986000000216e-01,2.426477629368071348e-03
4.483797385000000135e-01,2.426473424688583083e-03
4.484168557000000055e-01,2.426439787453827258e-03
4.484307739000000237e-01,2.426427173642454246e-03
4.484864423000000100e-01,2.426376719808496715e-03
4.484910810000000136e-01,2.426372515248277194e-03
4.485003583000000127e-01,2.426364106531235521e-03
4.485049967999999998e-01,2.426359902244624393e-03
4.485606560000000020e-01,2.426309450664631238e-03
4.485977582999999824e-01,2.426275817478159690e-03
4.486023957999999978e-01,2.426271613337308269e-03
4.486163081999999802e-01,2.426259001166546948e-03
4.486534059000000241e-01,2.426225369073730081e-03
4.487090465999999944e-01,2.426174922613409841e-03
4.487136830999999826e-01,2.426170718767701670e-03
4.487229556999999813e-01,2.426162311200723114e-03
4.487507727000000224e-01,2.426137089007269088e-03
4.487646805000000128e-01,2.426124478023033472e-03
4.487785879000000255e-01,2.426111867074843241e-03
4.487832234999999947e-01,2.426107663496555704e-03
4.487878592000000277e-01,2.426103459993831420e-03
4.487971304000000217e-01,2.426095052866603097e-03
4.488203074000000070e-01,2.426074035256897514e-03
4.488388481999999735e-01,2.426057221286029124e-03
4.488527533000000180e-01,2.426044611084237062e-03
4.488712926999999797e-01,2.426027797578615003e-03
4.488759273999999855e-01,2.426023594146595446e-03
4.488898313999999945e-01,2.426010984342854334e-03
4.488944658999999837e-01,2.426006780963968924e-03
4.489130036000000268e-01,2.425989967909595278e-03
4.489361747000000236e-01,2.425968951966584689e-03
4.489454427999999830e-01,2.425960545716216582e-03
4.489500767999999864e-01,2.425956342472697282e-03
4.489732458999999842e-01,2.425935326971558493e-03
4.489871469000000226e-01,2.425922717858444190e-03
4.490010473000000113e-01,2.425910108858687995e-03
4.490056807000000205e-01,2.425905905944745772e-03
4.490195806999999761e-01,2.425893296950763604e-03
4.490381131999999775e-01,2.425876485370549295e-03
4.490473791999999853e-01,2.425868079663801892e-03
4.490751760000000203e-01,2.425842862701237806e-03
4.491168680000000024e-01,2.425805038047230792e-03
4.491215002000000234e-01,2.425800835491084394e-03
4.491539243000000070e-01,2.425771417296453212e-03
4.491724512999999974e-01,2.425754607070236546e-03
4.491956089999999957e-01,2.425733594643747233e-03
4.492280276999999766e-01,2.425704177754324162e-03
4.492419208000000275e-01,2.425691570794660887e-03
4.492465516999999964e-01,2.425687368437854166e-03
4.492650749000000054e-01,2.425670559360445545e-03
4.493345300000000098e-01,2.425607526930083965e-03
4.493391599000000070e-01,2.425603324984666916e-03
4.493715683000000238e-01,2.425573910812792253e-03
4.493761978999999962e-01,2.425569708893800247e-03
4.493947158000000108e-01,2.425552901280025094e-03
4.494132328000000065e-01,2.425536093808061417e-03
4.494317490999999998e-01,2.425519286359304437e-03
4.494456358999999734e-01,2.425506681187778943e-03
4.494641508000000174e-01,2.425489874238380764e-03
4.495289471999999731e-01,2.425431051521938219e-03
4.495613419000000222e-01,2.425401641267090416e-03
4.496168703000000266e-01,2.425351224914870218e-03
4.496307513000000200e-01,2.425338621104257842e-03
4.496400051000000175e-01,2.425330218764083952e-03
4.496538854000000085e-01,2.425317615159693335e-03
4.496677652000000136e-01,2.425305011717700590e-03
4.496723918000000153e-01,2.425300810542087467e-03
4.496862710999999790e-01,2.425288207289198663e-03
4.497279063999999882e-01,2.425250397956212577e-03
4.497510353999999988e-01,2.425229393253054786e-03
4.497649122999999860e-01,2.425216790591910952e-03
4.497834141000000008e-01,2.425199987193295704e-03
4.497880395000000142e-01,2.425195786369510088e-03
4.498204155000000148e-01,2.425166381045829305e-03
4.498250404999999952e-01,2.425162180367174125e-03
4.498342901999999865e-01,2.425153778886491966e-03
4.498620383999999972e-01,2.425128575105852183e-03
4.498759118999999806e-01,2.425115973403425395e-03
4.499082816000000151e-01,2.425086569734691191e-03
4.499314013999999862e-01,2.425065567570950861e-03
4.499637671000000227e-01,2.425036165137380538e-03
4.499730140000000045e-01,2.425027764384960448e-03
4.499868839999999759e-01,2.425015163587206698e-03
4.500053767000000149e-01,2.424998362694815411e-03
4.500377371000000015e-01,2.424968961585563347e-03
4.500423598000000136e-01,2.424964761423416878e-03
4.500469825000000257e-01,2.424960561326120877e-03
4.500608502999999816e-01,2.424947961225693872e-03
4.500747176000000072e-01,2.424935361122017297e-03
4.500793398999999861e-01,2.424931161189445433e-03
4.500839622000000206e-01,2.424926961095114943e-03
4.501163168999999797e-01,2.424897561643816601e-03
4.501209388999999894e-01,2.424893361674054001e-03
4.501579124999999793e-01,2.424859762981774244e-03
4.501856407000000004e-01,2.424834564513356910e-03
4.502226089999999958e-01,2.424800967454855335e-03
4.502457126000000143e-01,2.424779969520762888e-03
4.502688150999999972e-01,2.424758972027312321e-03
4.502780558000000211e-01,2.424750573203514423e-03
4.502826759999999928e-01,2.424746373695083317e-03
4.503196362999999924e-01,2.424712778708931846e-03
4.503519742000000048e-01,2.424683383653231973e-03
4.503704519000000239e-01,2.424666586731381596e-03
4.503750711999999767e-01,2.424662387658243785e-03
4.503796903999999768e-01,2.424658188504747510e-03
4.503935479000000242e-01,2.424645591045705446e-03
4.504120239000000137e-01,2.424628794573647182e-03
4.504304990999999925e-01,2.424611998403810274e-03
4.504489736000000244e-01,2.424595202567333876e-03
4.504905383999999735e-01,2.424557412261875607e-03
4.504997745000000053e-01,2.424549014580584805e-03
4.505274817000000098e-01,2.424523821854224475e-03
4.505413347000000179e-01,2.424511225567657288e-03
4.505551871999999847e-01,2.424498629499407219e-03
4.505736564999999749e-01,2.424481835013367944e-03
4.506290600999999785e-01,2.424431452399555213e-03
4.506382934000000007e-01,2.424423055522344737e-03
4.506659920000000152e-01,2.424397865050588029e-03
4.506706082999999974e-01,2.424393666686776479e-03
4.507075367999999749e-01,2.424360080273275844e-03
4.507213842000000192e-01,2.424347485618459815e-03
4.507259999000000072e-01,2.424343287440366892e-03
4.507490777000000004e-01,2.424322296606552709e-03
4.507859998000000035e-01,2.424288711786954601e-03
4.507952298999999829e-01,2.424280315831042320e-03
4.508183042000000196e-01,2.424259325960612024e-03
4.508229188999999804e-01,2.424255128112732388e-03
4.508367627000000044e-01,2.424242534295168502e-03
4.508598348999999783e-01,2.424221545005374005e-03
4.508736776000000224e-01,2.424208951627039501e-03
4.508921340000000000e-01,2.424192160597247667e-03
4.509105895000000142e-01,2.424175369708518341e-03
4.509290443000000259e-01,2.424158579011537976e-03
4.509336579000000067e-01,2.424154381396394480e-03
4.509474983999999798e-01,2.424141788521628083e-03
4.509613384000000225e-01,2.424129195812997888e-03
4.509844042000000219e-01,2.424108208369572803e-03
4.510166943000000206e-01,2.424078826335178318e-03
4.510397573000000104e-01,2.424057839468796421e-03
4.510443697000000030e-01,2.424053642140616954e-03
4.510582067999999722e-01,2.424041050250435366e-03
4.511089390999999948e-01,2.423994880968901623e-03
4.511135507999999850e-01,2.423990683853114760e-03
4.511504430000000121e-01,2.423957107277252641e-03
4.511550543999999774e-01,2.423952910223518570e-03
4.511919432000000008e-01,2.423919334703520615e-03
4.512242184999999961e-01,2.423889956670570705e-03
4.512380500000000016e-01,2.423877366199576801e-03
4.512426603999999952e-01,2.423873169457015694e-03
4.512657118000000245e-01,2.423852185853144284e-03
4.512795420999999862e-01,2.423839595755658029e-03
4.513025916000000248e-01,2.423818612550233086e-03
4.513348589999999771e-01,2.423789236733933216e-03
4.513671240000000084e-01,2.423759861490306332e-03
4.513763422000000025e-01,2.423751468785901621e-03
4.513855601999999800e-01,2.423743075893248621e-03
4.514039954999999882e-01,2.423726290647422541e-03
4.514086043000000159e-01,2.423722094310192584e-03
4.514270387000000051e-01,2.423705309080299505e-03
4.514408639999999973e-01,2.423692720552366765e-03
4.514823374999999972e-01,2.423654955081145160e-03
4.515007689000000157e-01,2.423638170702124405e-03
4.515330221000000144e-01,2.423608798728872377e-03
4.515376294999999818e-01,2.423604602797652715e-03
4.515514514000000257e-01,2.423592015047264670e-03
4.515744870999999772e-01,2.423571035681102402e-03
4.515929147000000143e-01,2.423554252355980369e-03
4.515975214999999876e-01,2.423550056665406752e-03
4.516067349999999814e-01,2.423541665135797111e-03
4.516343742000000216e-01,2.423516490786875241e-03
4.516666179000000114e-01,2.423487121455205479e-03
4.517034649000000179e-01,2.423453557144107651e-03
4.517080706000000112e-01,2.423449361777646732e-03
4.517218873000000134e-01,2.423436775466125508e-03
4.517357035999999826e-01,2.423424189169502523e-03
4.517403090000000065e-01,2.423419993685446000e-03
4.517587298999999890e-01,2.423403212331118588e-03
4.517817548999999988e-01,2.423382235875231206e-03
4.518139879999999997e-01,2.423352869393503948e-03
4.518462188999999851e-01,2.423323503346054737e-03
4.518554271999999927e-01,2.423315113378479452e-03
4.518692395000000195e-01,2.423302528080709378e-03
4.519014662999999987e-01,2.423273163427067112e-03
4.519244841000000235e-01,2.423252188854388596e-03
4.519428974999999959e-01,2.423235409464690598e-03
4.519659132000000135e-01,2.423214435600562922e-03
4.519935304000000098e-01,2.423189267248153800e-03
4.519981331999999852e-01,2.423185072631007988e-03
4.520487598999999856e-01,2.423138932056070807e-03
4.520533621000000224e-01,2.423134737555304990e-03
4.520763721000000124e-01,2.423113765239041147e-03
4.520901775999999761e-01,2.423101182044180499e-03
4.521085841999999966e-01,2.423084404369851234e-03
4.521131857999999837e-01,2.423080210018027040e-03
4.521223886999999886e-01,2.423071821516529882e-03
4.521453952000000220e-01,2.423050850026407712e-03
4.521499963999999760e-01,2.423046655780447187e-03
4.522006061000000132e-01,2.423000519975566317e-03
4.522190083000000027e-01,2.422983743628949298e-03
4.522696103000000134e-01,2.422937609972835270e-03
4.522742102000000264e-01,2.422933416036304743e-03
4.522880095999999850e-01,2.422920834422197418e-03
4.523110076999999896e-01,2.422899865285335196e-03
4.523294053999999953e-01,2.422883090263098886e-03
4.523661983999999747e-01,2.422849540673146368e-03
4.523983898999999753e-01,2.422820185585209535e-03
4.524029884999999918e-01,2.422815992021743869e-03
4.524075869999999999e-01,2.422811798594024651e-03
4.524397754999999743e-01,2.422782444199726975e-03
4.524765595999999945e-01,2.422748897064026970e-03
4.524811574000000003e-01,2.422744703827532393e-03
4.524903529000000035e-01,2.422736317187792511e-03
4.524949504999999927e-01,2.422732123935266921e-03
4.525317300999999737e-01,2.422698578123362156e-03
4.525455217000000085e-01,2.422685998630952613e-03
4.526190695999999791e-01,2.422618910050635191e-03
4.526420508999999814e-01,2.422597945562347897e-03
4.526604350999999804e-01,2.422581174316374743e-03
4.526972012000000101e-01,2.422547632069278582e-03
4.527017968000000003e-01,2.422543439380542025e-03
4.527155831999999935e-01,2.422530861284280003e-03
4.527339644000000218e-01,2.422514090870370000e-03
4.527523447999999839e-01,2.422497320422939936e-03
4.527845087999999851e-01,2.422467972815561376e-03
4.528258592000000138e-01,2.422430241175612189e-03
4.528488299000000272e-01,2.422409279570291330e-03
4.528580179000000205e-01,2.422400895001736686e-03
4.528626118999999894e-01,2.422396702702792493e-03
4.528763933000000130e-01,2.422384126073843721e-03
4.528993615999999944e-01,2.422363165172727352e-03
4.529177353000000128e-01,2.422346396490688072e-03
4.529223285999999793e-01,2.422342204495582432e-03
4.529315151000000150e-01,2.422333820337289022e-03
4.529590734999999757e-01,2.422308668163793144e-03
4.529728519999999814e-01,2.422296092347562321e-03
4.530050004000000241e-01,2.422266748905153779e-03
4.530233698000000198e-01,2.422249981679528482e-03
4.530463305999999912e-01,2.422229022821607153e-03
4.530692901999999744e-01,2.422208064254125371e-03
4.530830653999999846e-01,2.422195489382634927e-03
4.531060230999999772e-01,2.422174531294714848e-03
4.531519351000000140e-01,2.422132616153985490e-03
4.531565261000000122e-01,2.422128424643426713e-03
4.531794800999999762e-01,2.422107467634950460e-03
4.532070234000000197e-01,2.422082319736003613e-03
4.532116138000000238e-01,2.422078128488688257e-03
4.532299747999999906e-01,2.422061363417161908e-03
4.532483352000000187e-01,2.422044598531243164e-03
4.532529250999999815e-01,2.422040407417101228e-03
4.532666946999999724e-01,2.422027833976873878e-03
4.533171798000000252e-01,2.421981732455609753e-03
4.533584815000000212e-01,2.421944014069147416e-03
4.533630704000000122e-01,2.421939823062223534e-03
4.533722479000000249e-01,2.421931441429971566e-03
4.533997794999999886e-01,2.421906296641554782e-03
4.534135447000000041e-01,2.421893724494013009e-03
4.534273093999999782e-01,2.421881152340082683e-03
4.534318976000000223e-01,2.421876961694173838e-03
4.534364857000000026e-01,2.421872771031957725e-03
4.534686010999999795e-01,2.421843436882625909e-03
4.534731888999999905e-01,2.421839246208205149e-03
4.534869517999999822e-01,2.421826674658497658e-03
4.535007142999999963e-01,2.421814103244706185e-03
4.535098891000000076e-01,2.421805722189282733e-03
4.535190637000000025e-01,2.421797341464205274e-03
4.535236509000000193e-01,2.421793150978015022e-03
4.535419992999999983e-01,2.421776389450483631e-03
4.535786940000000045e-01,2.421742866921669166e-03
4.536337303999999904e-01,2.421692584839876643e-03
4.536520743999999938e-01,2.421675824508722017e-03
4.536658318999999828e-01,2.421663254381907580e-03
4.536887600999999770e-01,2.421642304469544087e-03
4.536933456000000198e-01,2.421638114629136741e-03
4.537208576999999798e-01,2.421612975074102260e-03
4.537300280000000074e-01,2.421604595465737860e-03
4.537437831000000199e-01,2.421592025965107423e-03
4.537575379000000075e-01,2.421579456700122257e-03
4.537621226999999924e-01,2.421575266867449609e-03
4.537667074000000245e-01,2.421571077268556537e-03
4.537987995000000163e-01,2.421541749465151109e-03
4.538033839000000236e-01,2.421537559775875474e-03
4.538125525999999743e-01,2.421529180520399799e-03
4.538400573999999965e-01,2.421504043034204343e-03
4.538721443000000022e-01,2.421474716723891023e-03
4.538858950999999919e-01,2.421462148420351190e-03
4.538904785999999802e-01,2.421457959190054330e-03
4.539271450999999846e-01,2.421424444444823972e-03
4.539821392999999761e-01,2.421374173843310416e-03
4.540187983000000260e-01,2.421340661286033435e-03
4.540325446999999848e-01,2.421328094265595265e-03
4.540737813999999872e-01,2.421290393938780455e-03
4.540966889999999978e-01,2.421269449579319718e-03
4.541058517000000072e-01,2.421261072074863512e-03
4.541287576999999964e-01,2.421240128294322499e-03
4.541333388000000082e-01,2.421235939607556571e-03
4.541608241999999795e-01,2.421210807591475927e-03
4.541699855999999924e-01,2.421202430341279875e-03
4.541791468999999970e-01,2.421194053188476403e-03
4.541837275000000229e-01,2.421189864609667088e-03
4.541974688000000038e-01,2.421177298935796307e-03
4.542432705000000182e-01,2.421135414170496117e-03
4.542570101000000249e-01,2.421122849164999546e-03
4.542799084999999959e-01,2.421101907472391224e-03
4.542936469000000144e-01,2.421089342530900745e-03
4.543119642999999819e-01,2.421072589627354561e-03
4.543257017999999814e-01,2.421060025078968468e-03
4.543440177999999996e-01,2.421043272548043922e-03
4.543531755999999922e-01,2.421034896280078660e-03
4.543669117999999951e-01,2.421022331983045759e-03
4.543852261999999920e-01,2.421005579897073448e-03
4.543898047000000107e-01,2.421001391884117920e-03
4.544218527000000174e-01,2.420972076328791345e-03
4.544584763000000249e-01,2.420938573457175492e-03
4.544722093999999935e-01,2.420926010073520471e-03
4.544767869999999932e-01,2.420921822312892616e-03
4.544905195000000231e-01,2.420909259217588535e-03
4.544996742999999895e-01,2.420900883888394469e-03
4.545134061000000170e-01,2.420888320835038170e-03
4.545454454999999783e-01,2.420859007564638184e-03
4.545500223000000228e-01,2.420854819957340368e-03
4.545866356000000108e-01,2.420821320063275012e-03
4.546003647999999897e-01,2.420808757839601390e-03
4.546232458999999726e-01,2.420787820884215402e-03
4.546415498999999971e-01,2.420771071655935906e-03
4.546781557999999834e-01,2.420737573854869935e-03
4.546827312999999759e-01,2.420733386704780176e-03
4.546918822000000082e-01,2.420725012388405713e-03
4.547147586999999991e-01,2.420704076675477250e-03
4.547193339000000223e-01,2.420699889622666447e-03
4.547467839000000067e-01,2.420674767511941418e-03
4.547513586999999968e-01,2.420670580354803477e-03
4.547879557000000239e-01,2.420637085023354465e-03
4.547925301999999892e-01,2.420632898119341736e-03
4.548382718000000269e-01,2.420591030079132910e-03
4.548794353999999762e-01,2.420553349957192332e-03
4.548977291999999895e-01,2.420536603647121046e-03
4.549023025000000220e-01,2.420532416993430216e-03
4.549114490000000233e-01,2.420524043819994794e-03
4.549160221999999920e-01,2.420519857439409287e-03
4.549297413999999762e-01,2.420507297806696531e-03
4.549388873999999916e-01,2.420498924958289309e-03
4.549526058999999734e-01,2.420486365672018178e-03
4.549663240999999858e-01,2.420473806327242631e-03
4.549708967000000159e-01,2.420469620018345872e-03
4.549846142999999787e-01,2.420457060875567164e-03
4.550120483000000271e-01,2.420431943303533173e-03
4.550257647000000016e-01,2.420419384412704402e-03
4.550623395999999765e-01,2.420385895206835034e-03
4.550760544999999935e-01,2.420373336993308228e-03
4.550806259999999881e-01,2.420369150872045665e-03
4.551217677000000128e-01,2.420331476888039433e-03
4.551720469000000158e-01,2.420285432090714655e-03
4.551857583999999735e-01,2.420272874834126370e-03
4.551903287999999881e-01,2.420268689024474354e-03
4.552268905999999893e-01,2.420235203360993157e-03
4.552314606000000263e-01,2.420231017764811442e-03
4.552680190000000238e-01,2.420197533035828383e-03
4.552817276000000191e-01,2.420184976491972922e-03
4.553319892000000091e-01,2.420138936659097569e-03
4.553365581000000106e-01,2.420134751373373676e-03
4.553502647000000070e-01,2.420122195461879566e-03
4.553548335000000002e-01,2.420118010136317315e-03
4.553685395000000025e-01,2.420105454267822663e-03
4.553731080999999792e-01,2.420101268926499582e-03
4.553776766000000031e-01,2.420097083743786171e-03
4.554233595000000134e-01,2.420055232150745191e-03
4.554507670999999869e-01,2.420030121721530956e-03
4.554644702000000267e-01,2.420017566616947807e-03
4.554873079000000269e-01,2.419996641904593928e-03
4.554964425999999955e-01,2.419988272087622485e-03
4.555192786999999743e-01,2.419967347751652859e-03
4.555558140000000034e-01,2.419933869463777865e-03
4.555695140000000087e-01,2.419921315275790075e-03
4.555740805999999865e-01,2.419917130530541399e-03
4.555969127999999757e-01,2.419896207308998900e-03
4.556425736999999976e-01,2.419854361857987947e-03
4.556654023999999747e-01,2.419833439553292342e-03
4.556699679999999808e-01,2.419829255177850282e-03
4.557019259999999794e-01,2.419799964542724158e-03
4.557064912000000079e-01,2.419795780155500290e-03
4.557201866999999740e-01,2.419783227321659329e-03
4.557749643999999822e-01,2.419733017025416533e-03
4.557795289000000083e-01,2.419728832806288237e-03
4.557932222000000144e-01,2.419716280593339937e-03
4.558069149999999792e-01,2.419703728326431328e-03
4.558160433999999817e-01,2.419695360376664193e-03
4.558434272999999926e-01,2.419670256485640086e-03
4.558479911000000162e-01,2.419666072603241132e-03
4.558890635000000247e-01,2.419628417892645891e-03
4.559255691999999915e-01,2.419594948018252614e-03
4.559392581000000222e-01,2.419582396840130618e-03
4.559529465000000115e-01,2.419569845956239841e-03
4.560076962999999872e-01,2.419519643342403839e-03
4.560305067000000045e-01,2.419498726132369038e-03
4.560350686999999903e-01,2.419494542728554271e-03
4.560670010999999802e-01,2.419465259382387514e-03
4.560715625999999800e-01,2.419461076154924735e-03
4.560806856999999881e-01,2.419452709540223338e-03
4.561034924999999851e-01,2.419431793399095219e-03
4.561217370999999798e-01,2.419415060671128992e-03
4.561354201000000219e-01,2.419402511255336428e-03
4.561582242000000176e-01,2.419381595871277629e-03
4.561947082999999736e-01,2.419348131980227079e-03
4.562175093999999986e-01,2.419327217346362458e-03
4.562266294999999805e-01,2.419318851564415066e-03
4.562311895000000228e-01,2.419314668773165419e-03
4.562448692000000139e-01,2.419302120238096734e-03
4.562539888000000099e-01,2.419293754583423835e-03
4.562676677999999986e-01,2.419281206410426200e-03
4.562859058000000023e-01,2.419264475440925308e-03
4.563406155999999991e-01,2.419214284134842650e-03
4.563770851999999767e-01,2.419180824360746707e-03
4.563907604999999923e-01,2.419168276927940835e-03
4.564363419999999949e-01,2.419126453766298583e-03
4.564454577000000013e-01,2.419118089259322639e-03
4.564500154999999726e-01,2.419113906979392277e-03
4.564728037999999932e-01,2.419092995942895719e-03
4.564864762999999992e-01,2.419080449561840547e-03
4.565001483000000193e-01,2.419067903140979976e-03
4.565047056000000048e-01,2.419063721123655090e-03
4.565411620000000004e-01,2.419030264801324062e-03
4.565457189000000082e-01,2.419026082896451758e-03
4.565593891999999987e-01,2.419013536977645314e-03
4.565821720000000083e-01,2.418992627526407157e-03
4.565958412000000188e-01,2.418980082005330740e-03
4.566550696000000187e-01,2.418925719509793047e-03
4.566869586000000258e-01,2.418896448110815188e-03
4.567051798999999801e-01,2.418879722025834601e-03
4.567188454000000175e-01,2.418867177477540369e-03
4.567234004999999875e-01,2.418862996129365981e-03
4.567279555000000046e-01,2.418858814558430114e-03
4.567598394999999867e-01,2.418829544785504413e-03
4.568008297999999745e-01,2.418791912989473516e-03
4.568281546999999887e-01,2.418766825743217871e-03
4.568327086999999787e-01,2.418762644547561673e-03
4.568509242000000081e-01,2.418745919919962611e-03
4.568827994999999920e-01,2.418716652632115459e-03
4.569101194999999893e-01,2.418691566679421426e-03
4.569374378000000125e-01,2.418666481349422432e-03
4.569419907000000225e-01,2.418662300489943500e-03
4.569556491000000276e-01,2.418649757882414524e-03
4.569738596999999847e-01,2.418633034783216132e-03
4.569784123000000253e-01,2.418628853986536792e-03
4.570102786999999944e-01,2.418599589128445256e-03
4.570193830000000013e-01,2.418591227774830130e-03
4.570512466000000162e-01,2.418561963627259212e-03
4.570557983999999907e-01,2.418557783028488836e-03
4.570922108000000095e-01,2.418524339209493848e-03
4.571013134999999949e-01,2.418515978444412285e-03
4.571058646999999753e-01,2.418511797982442202e-03
4.571195183000000273e-01,2.418499256732863870e-03
4.571422732000000044e-01,2.418478355137110639e-03
4.571604764000000154e-01,2.418461634160355093e-03
4.571741281999999740e-01,2.418449093471613295e-03
4.571786788000000157e-01,2.418444913243591923e-03
4.572014307999999749e-01,2.418424012472346687e-03
4.572287317000000018e-01,2.418398931973986688e-03
4.572378316999999859e-01,2.418390571898257346e-03
4.572514811999999762e-01,2.418378031858122151e-03
4.572696800000000117e-01,2.418361312020100243e-03
4.573015261999999748e-01,2.418332052848075776e-03
4.573060754000000117e-01,2.418327872963331893e-03
4.573106247000000013e-01,2.418323693162159616e-03
4.573242720999999844e-01,2.418311153675660116e-03
4.573424680000000020e-01,2.418294434734929998e-03
4.573470168000000058e-01,2.418290254899605786e-03
4.573606631000000089e-01,2.418277715855820294e-03
4.573788576000000217e-01,2.418260997296124357e-03
4.573925030000000058e-01,2.418248458538962455e-03
4.574334366000000207e-01,2.418210842630824555e-03
4.574880090999999815e-01,2.418160689852972417e-03
4.575243871999999934e-01,2.418127255680073851e-03
4.575289342000000148e-01,2.418123076459955442e-03
4.575380282000000021e-01,2.418114718160320562e-03
4.575925881999999834e-01,2.418064568796736424e-03
4.575971346000000106e-01,2.418060389824351272e-03
4.576335040000000243e-01,2.418026957965401652e-03
4.576516876000000233e-01,2.418010242559623379e-03
4.576653247999999952e-01,2.417997706038085490e-03
4.576744159999999728e-01,2.417989348394601525e-03
4.576880526000000060e-01,2.417976812015128381e-03
4.577062339999999896e-01,2.417960097071034618e-03
4.577107792999999814e-01,2.417955918307360987e-03
4.577471396000000192e-01,2.417922489185671871e-03
4.577562291999999755e-01,2.417914131930883059e-03
4.577607739999999814e-01,2.417909953397210342e-03
4.577834970999999920e-01,2.417889060842600812e-03
4.578289398000000010e-01,2.417847276609487363e-03
4.578334837999999962e-01,2.417843098153354617e-03
4.578516595000000078e-01,2.417826384886538962e-03
4.578562032999999865e-01,2.417822206456731945e-03
4.579061821000000032e-01,2.417776246042285457e-03
4.579606983000000242e-01,2.417726109280760906e-03
4.579743263000000120e-01,2.417713575284036274e-03
4.579788689000000024e-01,2.417709397358342501e-03
4.579924962999999960e-01,2.417696863558740569e-03
4.580015810999999992e-01,2.417688507818655918e-03
4.580333764000000252e-01,2.417659262895151782e-03
4.580379184000000214e-01,2.417655085140220719e-03
4.580470021999999974e-01,2.417646729634202307e-03
4.580697110999999988e-01,2.417625840977650868e-03
4.581015016000000162e-01,2.417596597560957468e-03
4.581378308999999871e-01,2.417563177063498155e-03
4.581423719000000117e-01,2.417558999641130062e-03
4.581832384999999785e-01,2.417521402691691790e-03
4.581923195000000004e-01,2.417513047965863093e-03
4.581968598999999753e-01,2.417508870622576706e-03
4.582195613000000223e-01,2.417487984214358732e-03
4.582331816999999918e-01,2.417475452434984969e-03
4.582513415000000201e-01,2.417458743547048084e-03
4.582831193999999941e-01,2.417429503520508293e-03
4.582876589000000056e-01,2.417425326451640849e-03
4.582921984000000171e-01,2.417421149379036377e-03
4.583602850999999867e-01,2.417358494861365954e-03
4.583965938999999823e-01,2.417325080195383870e-03
4.584102090000000129e-01,2.417312550027561711e-03
4.584374379000000221e-01,2.417287489735459385e-03
4.584510517000000007e-01,2.417274959896971876e-03
4.584692028999999835e-01,2.417258253608451334e-03
4.584828157999999987e-01,2.417245723882175280e-03
4.585100403999999852e-01,2.417220664983653084e-03
4.585735581000000005e-01,2.417162195781162592e-03
4.585780948000000024e-01,2.417158019522554994e-03
4.586279949000000022e-01,2.417112081306372565e-03
4.586325310000000099e-01,2.417107905320589264e-03
4.586506750000000077e-01,2.417091200909144040e-03
4.586688183000000030e-01,2.417074496754851622e-03
4.586914963000000012e-01,2.417053616905460479e-03
4.587005672000000200e-01,2.417045264935526686e-03
4.587232437000000052e-01,2.417024385577568393e-03
4.587277788999999939e-01,2.417020209751448174e-03
4.587549888999999936e-01,2.416995154910225180e-03
4.587731280999999828e-01,2.416978451931719226e-03
4.587776627999999857e-01,2.416974276267386691e-03
4.588320752999999752e-01,2.416924168701491561e-03
4.588366093999999840e-01,2.416919993077933700e-03
4.588728805000000244e-01,2.416886589235995100e-03
4.588864813999999903e-01,2.416874063012148730e-03
4.589046153999999933e-01,2.416857361490041146e-03
4.589182152999999875e-01,2.416844835442527682e-03
4.589408810999999755e-01,2.416823959244903796e-03
4.589454141000000043e-01,2.416819783895000299e-03
4.589771438999999953e-01,2.416790557603603305e-03
4.589816765999999992e-01,2.416786382494728359e-03
4.589952742999999780e-01,2.416773857219935758e-03
4.590088715999999791e-01,2.416761331858440377e-03
4.590179361999999763e-01,2.416752981827282980e-03
4.590496609999999977e-01,2.416723756978193197e-03
4.590541929999999993e-01,2.416719581945353350e-03
4.590904469000000043e-01,2.416686182975636733e-03
4.591040412999999876e-01,2.416673658599126882e-03
4.591357602000000204e-01,2.416644435396425421e-03
4.591402913000000030e-01,2.416640260746773846e-03
4.591584152000000030e-01,2.416623562039256403e-03
4.591991913999999841e-01,2.416585990907505962e-03
4.592671435999999829e-01,2.416523374577983063e-03
4.592716734000000245e-01,2.416519200188368272e-03
4.592988512000000245e-01,2.416494154548840239e-03
4.593079100999999942e-01,2.416485806090330670e-03
4.593350857999999870e-01,2.416460761075847358e-03
4.593396149000000261e-01,2.416456586898391417e-03
4.593441440000000098e-01,2.416452412858938800e-03
4.593803750000000075e-01,2.416419020308160914e-03
4.593939609000000091e-01,2.416406498255161805e-03
4.594075463999999775e-01,2.416393976417145675e-03
4.594256597999999969e-01,2.416377280712788886e-03
4.594301880000000171e-01,2.416373106909360143e-03
4.594437724000000056e-01,2.416360585373262225e-03
4.594845231999999946e-01,2.416323021384317229e-03
4.595026335999999878e-01,2.416306326574606776e-03
4.595252705000000271e-01,2.416285458559577250e-03
4.595524333000000072e-01,2.416260417139604044e-03
4.595569601999999754e-01,2.416256243637194493e-03
4.595705408999999908e-01,2.416243722994768431e-03
4.595977010000000251e-01,2.416218682405175695e-03
4.596293858000000121e-01,2.416189469058181195e-03
4.596339120999999861e-01,2.416185295684730987e-03
4.596474904999999778e-01,2.416172775874658209e-03
4.596655943999999883e-01,2.416156082957410071e-03
4.597153763999999865e-01,2.416110178307621665e-03
4.597199017999999970e-01,2.416106005213968042e-03
4.597425279999999836e-01,2.416085140206988922e-03
4.597742027999999759e-01,2.416055929626766911e-03
4.597877770000000086e-01,2.416043410839283697e-03
4.597923017000000168e-01,2.416039238063726318e-03
4.598149242999999831e-01,2.416018373919446433e-03
4.598284973999999803e-01,2.416005855580200153e-03
4.598420699999999917e-01,2.415993337404065584e-03
4.598511182000000197e-01,2.415984992120076558e-03
4.598646901999999814e-01,2.415972474130683237e-03
4.598782618000000211e-01,2.415959956155380207e-03
4.599144506999999771e-01,2.415926575653136801e-03
4.599189740999999887e-01,2.415922403167901876e-03
4.599370673000000020e-01,2.415905713283039713e-03
4.599732516000000215e-01,2.415872334110997013e-03
4.599913427000000277e-01,2.415855644897105942e-03
4.599958652999999731e-01,2.415851472556167483e-03
4.600049104999999749e-01,2.415843128131917386e-03
4.600275227000000244e-01,2.415822266843661078e-03
4.600456116000000151e-01,2.415805578238214291e-03
4.600682218000000101e-01,2.415784717729445568e-03
4.600772656000000072e-01,2.415776373565529760e-03
4.600998741999999808e-01,2.415755513529356090e-03
4.601179603000000173e-01,2.415738825721524749e-03
4.601360456999999959e-01,2.415722138016372558e-03
4.601496091999999760e-01,2.415709622498687405e-03
4.601541303000000194e-01,2.415705450574993744e-03
4.601676934000000219e-01,2.415692935187643570e-03
4.601902976000000201e-01,2.415672076217891158e-03
4.602038594999999788e-01,2.415659561091606893e-03
4.602219415000000091e-01,2.415642874485020818e-03
4.602445430000000060e-01,2.415622016434814962e-03
4.602490631999999748e-01,2.415617844869140038e-03
4.602626235000000232e-01,2.415605330177991207e-03
4.602807031000000215e-01,2.415588644128556246e-03
4.602852230000000211e-01,2.415584472829436329e-03
4.603168604000000275e-01,2.415555272745530373e-03
4.603530148000000155e-01,2.415521902095500630e-03
4.603710910000000101e-01,2.415505217229715201e-03
4.603936852000000135e-01,2.415484361169557229e-03
4.604072410999999754e-01,2.415471847704567764e-03
4.604433884999999949e-01,2.415438479275235605e-03
4.604659790999999780e-01,2.415417624282527147e-03
4.604795329999999964e-01,2.415405111542687222e-03
4.604930863999999735e-01,2.415392598796069733e-03
4.605156745999999801e-01,2.415371744521021581e-03
4.605337444000000002e-01,2.415355061297906093e-03
4.605834325000000007e-01,2.415309183685530360e-03
4.606014996000000195e-01,2.415292501241344311e-03
4.606105328999999804e-01,2.415284160204672625e-03
4.606240824999999761e-01,2.415271648594289038e-03
4.606421479999999735e-01,2.415254966545546649e-03
4.606466643000000083e-01,2.415250796209033896e-03
4.606782769000000166e-01,2.415221603422121679e-03
4.606963403000000068e-01,2.415204922004467354e-03
4.607098874000000177e-01,2.415192411155691991e-03
4.607189185000000187e-01,2.415184070615910596e-03
4.607279495000000114e-01,2.415175730151983453e-03
4.607505262000000101e-01,2.415154879245541477e-03
4.607685866999999824e-01,2.415138198668534582e-03
4.607866466000000161e-01,2.415121518395077840e-03
4.608001910000000256e-01,2.415109008312253582e-03
4.608904769000000123e-01,2.415025610591570691e-03
4.608995045000000013e-01,2.415017271024784851e-03
4.609356131999999828e-01,2.414983913579335766e-03
4.609491532000000169e-01,2.414971404594425369e-03
4.609717191000000103e-01,2.414950556958926804e-03
4.610078221000000198e-01,2.414917200918906878e-03
4.610168473999999850e-01,2.414908862262428891e-03
4.610213599999999912e-01,2.414904692823104278e-03
4.610348974999999849e-01,2.414892184659645728e-03
4.610439223000000197e-01,2.414883845976694126e-03
4.610574592000000194e-01,2.414871338024361398e-03
4.610890436000000259e-01,2.414842153327891559e-03
4.611116026000000034e-01,2.414821307445105120e-03
4.611161142999999907e-01,2.414817138322807293e-03
4.611296489999999748e-01,2.414804630999546880e-03
4.611431833999999896e-01,2.414792123850241501e-03
4.611657397000000214e-01,2.414771278791245750e-03
4.611792730000000007e-01,2.414758771895973277e-03
4.612243810000000166e-01,2.414717082886625767e-03
4.612334021000000228e-01,2.414708745379562545e-03
4.612379126000000218e-01,2.414704576562314974e-03
4.612604643000000060e-01,2.414683732758903835e-03
4.612739947999999757e-01,2.414671226755871637e-03
4.612920347999999726e-01,2.414654552144513289e-03
4.613055643999999789e-01,2.414642046229286288e-03
4.613281128000000231e-01,2.414621203427804591e-03
4.613686971000000026e-01,2.414583687265904870e-03
4.613777153999999991e-01,2.414575350375945673e-03
4.613822244999999933e-01,2.414571182086146413e-03
4.614363297999999891e-01,2.414521162299526017e-03
4.614543635000000199e-01,2.414504489599666407e-03
4.614678883000000176e-01,2.414491985224941940e-03
4.614769046000000152e-01,2.414483648802145943e-03
4.615084602999999785e-01,2.414454472425726916e-03
4.615445214000000185e-01,2.414421128571266843e-03
4.615625508000000266e-01,2.414404457187832066e-03
4.615760724999999898e-01,2.414391953565388649e-03
4.615805795999999850e-01,2.414387785809149999e-03
4.615850866999999802e-01,2.414383617808361308e-03
4.616121282000000270e-01,2.414358611242835122e-03
4.616166349999999974e-01,2.414354443601123782e-03
4.616211417000000150e-01,2.414350275856575866e-03
4.616526876000000001e-01,2.414321102230921733e-03
4.616571939999999930e-01,2.414316934557028237e-03
4.616662066000000175e-01,2.414308599497003681e-03
4.617067611999999821e-01,2.414271091740816718e-03
4.617202785999999781e-01,2.414258589379509028e-03
4.617383011999999787e-01,2.414241919848150470e-03
4.617428067000000080e-01,2.414237752443221946e-03
4.617608284999999979e-01,2.414221083160993965e-03
4.617653338000000107e-01,2.414216915939610894e-03
4.617788494999999771e-01,2.414204414057016627e-03
4.618013747999999974e-01,2.414183577910957671e-03
4.618329083000000113e-01,2.414154407769089281e-03
4.618644397000000179e-01,2.414125238359270294e-03
4.618689440000000035e-01,2.414121071430777067e-03
4.618734482999999891e-01,2.414116904440195485e-03
4.619004729000000253e-01,2.414091902689940311e-03
4.619365033999999759e-01,2.414058567746099008e-03
4.619545174999999948e-01,2.414041900524902928e-03
4.620175616000000152e-01,2.413983567130949161e-03
4.620310698999999799e-01,2.413971067501996613e-03
4.620445778000000225e-01,2.413958567841893200e-03
4.620670901000000219e-01,2.413937735566981137e-03
4.620850992000000157e-01,2.413921069805444707e-03
4.620896012999999858e-01,2.413916903466117349e-03
4.620986054999999815e-01,2.413908570744210339e-03
4.621391221999999743e-01,2.413871073987652102e-03
4.621526268999999743e-01,2.413858575219458933e-03
4.621571284000000057e-01,2.413854409194416198e-03
4.621706326999999725e-01,2.413841910689114301e-03
4.622111429999999910e-01,2.413804415792170088e-03
4.622246456999999920e-01,2.413791917680466106e-03
4.622336471999999863e-01,2.413783585620854402e-03
4.622471491999999849e-01,2.413771087735815026e-03
4.622651513000000101e-01,2.413754424107637624e-03
4.622696517000000060e-01,2.413750258375887189e-03
4.623011532999999895e-01,2.413721097383966525e-03
4.623056533000000079e-01,2.413716931604474765e-03
4.623146532999999891e-01,2.413708600170048728e-03
4.623191531999999992e-01,2.413704434450389315e-03
4.623326527000000130e-01,2.413691937331847483e-03
4.624136414000000195e-01,2.413616956722704904e-03
4.624766228000000146e-01,2.413558641509659305e-03
4.624811212000000116e-01,2.413554476284633307e-03
4.625171063999999888e-01,2.413521154443566945e-03
4.625216042999999999e-01,2.413516989214449602e-03
4.625306001000000222e-01,2.413508658862631093e-03
4.625350979000000251e-01,2.413504493750677840e-03
4.625530888000000118e-01,2.413487833385425524e-03
4.625710788999999878e-01,2.413471173204743449e-03
4.625890683000000170e-01,2.413454513174952826e-03
4.625935655999999785e-01,2.413450348186061724e-03
4.626295420000000047e-01,2.413417028922050685e-03
4.626430324999999955e-01,2.413404534515937224e-03
4.626655156000000213e-01,2.413383710479640246e-03
4.626745085999999785e-01,2.413375380898364654e-03
4.626790049999999765e-01,2.413371216237119882e-03
4.626969902999999995e-01,2.413354557444117275e-03
4.627149748000000118e-01,2.413337898925531442e-03
4.627509417999999819e-01,2.413304582355282717e-03
4.627734197999999743e-01,2.413283760034537918e-03
4.628003917999999883e-01,2.413258773537751804e-03
4.628048869999999981e-01,2.413254609014488673e-03
4.628183724000000110e-01,2.413242116064471306e-03
4.628408469999999997e-01,2.413221294524512100e-03
4.628453417999999764e-01,2.413217130280596694e-03
4.628723096999999842e-01,2.413192144955240287e-03
4.628947817999999881e-01,2.413171324363591521e-03
4.629082644999999996e-01,2.413158832028519316e-03
4.629172528000000120e-01,2.413150503934877525e-03
4.629487103000000103e-01,2.413121355902561604e-03
4.630026325000000109e-01,2.413071389437118110e-03
4.630206050999999823e-01,2.413054734120896865e-03
4.630385771000000150e-01,2.413038079282128334e-03
4.630565483999999898e-01,2.413021424685973457e-03
4.630610411000000148e-01,2.413017260945643505e-03
4.630745189000000095e-01,2.413004770072191621e-03
4.630879963999999793e-01,2.412992279374829782e-03
4.630969811999999797e-01,2.412983952218519801e-03
4.631284265000000233e-01,2.412954807758589323e-03
4.631688529999999915e-01,2.412917337269950783e-03
4.631778362000000260e-01,2.412909010590503275e-03
4.631958020999999981e-01,2.412892357433389992e-03
4.632002934000000183e-01,2.412888194135860784e-03
4.632182584000000269e-01,2.412871541276955141e-03
4.632496955000000027e-01,2.412842399223982109e-03
4.632721491999999830e-01,2.412821583826159182e-03
4.632766398000000008e-01,2.412817420822012913e-03
4.632901113999999820e-01,2.412804931643118284e-03
4.633125632000000271e-01,2.412784117016524791e-03
4.633215435999999965e-01,2.412775791160882283e-03
4.633395039000000049e-01,2.412759139480358684e-03
4.633439938999999730e-01,2.412754976826195913e-03
4.633619533000000179e-01,2.412738325389604359e-03
4.633844015999999955e-01,2.412717511659049317e-03
4.633978699999999895e-01,2.412705023533238090e-03
4.634203165999999929e-01,2.412684210239894513e-03
4.634337840000000153e-01,2.412671722395808883e-03
4.634472510000000045e-01,2.412659234691834267e-03
4.634652063999999960e-01,2.412642584618305587e-03
4.635056035999999824e-01,2.412605122674561006e-03
4.635235567000000056e-01,2.412588473096565194e-03
4.635415091999999793e-01,2.412571823921969352e-03
4.635594610000000060e-01,2.412555174853326951e-03
4.635953623999999884e-01,2.412521877463643782e-03
4.635998499000000272e-01,2.412517715360307322e-03
4.636088246999999773e-01,2.412509391163185791e-03
4.636626701000000073e-01,2.412459446874030879e-03
4.636671569999999964e-01,2.412455284965661292e-03
4.636806171999999782e-01,2.412442799258877283e-03
4.636851039000000063e-01,2.412438637364899829e-03
4.637030501000000138e-01,2.412421990052189633e-03
4.637434265000000000e-01,2.412384534066798654e-03
4.637568845000000217e-01,2.412372048962581252e-03
4.638107127000000163e-01,2.412322109799497349e-03
4.638151980999999924e-01,2.412317948327048593e-03
4.638286540000000069e-01,2.412305463747648360e-03
4.638779892000000071e-01,2.412259688230925739e-03
4.638824738999999808e-01,2.412255527032333442e-03
4.638869586000000100e-01,2.412251365664668055e-03
4.639183503000000042e-01,2.412222236751713177e-03
4.639362874999999886e-01,2.412205592081252247e-03
4.639497398999999911e-01,2.412193108575895212e-03
4.640080293000000133e-01,2.412139014898236501e-03
4.640304463000000101e-01,2.412118210330915433e-03
4.640394127999999951e-01,2.412109888492160875e-03
4.640438960000000113e-01,2.412105727718239293e-03
4.640573452999999793e-01,2.412093245233315128e-03
4.640663112999999784e-01,2.412084923600114460e-03
4.640797600000000078e-01,2.412072441161047277e-03
4.641111386999999810e-01,2.412043316194991630e-03
4.641335507000000082e-01,2.412022512945146205e-03
4.641649258000000167e-01,2.411993389045206503e-03
4.641738897000000086e-01,2.411985067857681016e-03
4.641873351999999953e-01,2.411972586556259367e-03
4.642007804000000126e-01,2.411960105262966631e-03
4.642052620000000074e-01,2.411955944784848795e-03
4.642590381999999738e-01,2.411906020743992581e-03
4.642948854999999764e-01,2.411872739162620669e-03
4.643262496000000183e-01,2.411843618310896727e-03
4.643486513000000260e-01,2.411822818196450360e-03
4.643531315000000159e-01,2.411818658260383736e-03
4.643889715999999779e-01,2.411785378692831924e-03
4.644024109000000067e-01,2.411772899073588109e-03
4.644203293999999982e-01,2.411756259764131789e-03
4.644516850000000030e-01,2.411727141550077010e-03
4.644606433999999839e-01,2.411718822023957345e-03
4.644696016000000038e-01,2.411710502728073215e-03
4.644740806000000055e-01,2.411706343150906134e-03
4.644875175000000023e-01,2.411693864148782823e-03
4.644964751999999808e-01,2.411685545034403678e-03
4.645099113999999751e-01,2.411673066447310356e-03
4.645278257000000077e-01,2.411656428271600778e-03
4.645412609999999831e-01,2.411643949832145434e-03
4.645681304000000011e-01,2.411618993377946229e-03
4.645815644999999883e-01,2.411606515156739915e-03
4.645949983000000061e-01,2.411594037205790075e-03
4.646039538999999774e-01,2.411585718616557263e-03
4.646308196999999751e-01,2.411560763250095163e-03
4.646352971000000109e-01,2.411556604028294425e-03
4.646532065999999794e-01,2.411539967342893592e-03
4.646755925000000120e-01,2.411519171830254875e-03
4.646845466000000258e-01,2.411510853583545815e-03
4.646890235000000202e-01,2.411506694552384682e-03
4.647785536999999856e-01,2.411423516371369487e-03
4.647830298000000249e-01,2.411419357512184503e-03
4.647964576999999986e-01,2.411406881385000627e-03
4.648143610000000092e-01,2.411390246580883551e-03
4.648188367000000154e-01,2.411386087752544986e-03
4.648501655000000232e-01,2.411356977521409654e-03
4.648546407999999963e-01,2.411352818876760090e-03
4.648904421999999759e-01,2.411319550756074303e-03
4.648993920999999752e-01,2.411311233761250124e-03
4.649038670000000262e-01,2.411307075240849696e-03
4.649396646000000244e-01,2.411273808231374424e-03
4.649978297999999843e-01,2.411219751059711855e-03
4.650336201999999974e-01,2.411186486145470292e-03
4.650470408999999861e-01,2.411174011963059319e-03
4.650604610999999888e-01,2.411161537998706555e-03
4.650649345000000268e-01,2.411157380064036810e-03
4.650962466999999934e-01,2.411128274591230625e-03
4.651007196999999982e-01,2.411124116600836791e-03
4.651141383999999879e-01,2.411111643124468681e-03
4.651186111999999762e-01,2.411107485244984826e-03
4.651365021000000155e-01,2.411090854037130360e-03
4.651409746999999872e-01,2.411086696333676702e-03
4.651678094999999735e-01,2.411061749935517699e-03
4.651722817999999759e-01,2.411057592203995348e-03
4.651856985000000222e-01,2.411045119183009497e-03
4.652080586999999823e-01,2.411024331373387824e-03
4.652259462000000179e-01,2.411007701157583984e-03
4.652572475000000263e-01,2.410978598760839774e-03
4.652617190000000180e-01,2.410974441335078482e-03
4.652796042999999826e-01,2.410957811771194132e-03
4.653153729999999766e-01,2.410924553312184318e-03
4.653198438999999742e-01,2.410920395914909788e-03
4.653287856000000167e-01,2.410912081423837589e-03
4.653332562999999977e-01,2.410907924314320723e-03
4.653466682999999882e-01,2.410895452643375177e-03
4.653556094999999893e-01,2.410887138242462629e-03
4.653824319000000043e-01,2.410862195754455341e-03
4.654226624999999729e-01,2.410824782518604381e-03
4.654271323999999987e-01,2.410820625613244086e-03
4.654584202000000004e-01,2.410791527166338596e-03
4.654762980000000105e-01,2.410774899914099045e-03
4.655299272999999793e-01,2.410725018931220587e-03
4.655343961999999780e-01,2.410720862273915775e-03
4.655433337000000060e-01,2.410712549096203586e-03
4.655701452000000073e-01,2.410687609624307098e-03
4.655835504999999985e-01,2.410675140054150279e-03
4.656148278000000196e-01,2.410646044789181274e-03
4.656371673999999961e-01,2.410625262860688518e-03
4.656416352000000147e-01,2.410621106426471746e-03
4.656684410999999968e-01,2.410596168741412429e-03
4.657086470999999839e-01,2.410558762829473779e-03
4.657399159999999760e-01,2.410529670122470765e-03
4.657488495000000062e-01,2.410521357899487495e-03
4.657577829999999808e-01,2.410513045892455179e-03
4.657622496000000112e-01,2.410508889781050931e-03
4.658158459999999779e-01,2.410459018732448964e-03
4.658203120000000141e-01,2.410454862996891205e-03
4.658292440999999839e-01,2.410446551306598146e-03
4.658515733999999964e-01,2.410425772472937073e-03
4.658560392000000161e-01,2.410421616688117503e-03
4.659051594999999990e-01,2.410375904302418295e-03
4.659185551000000203e-01,2.410363437492435510e-03
4.659230201999999821e-01,2.410359281979434967e-03
4.659587394999999965e-01,2.410326037968257406e-03
4.659721334999999964e-01,2.410313571796192725e-03
4.659765980999999724e-01,2.410309416312708067e-03
4.659989204000000163e-01,2.410288639576816869e-03
4.660123131999999724e-01,2.410276173549804994e-03
4.660435616999999975e-01,2.410247086930098013e-03
4.660614170999999861e-01,2.410230466203311817e-03
4.660658807999999986e-01,2.410226311127269035e-03
4.660837353000000238e-01,2.410209690582414566e-03
4.661015890999999911e-01,2.410193070435333491e-03
4.661729976000000275e-01,2.410126591309390189e-03
4.661774602000000045e-01,2.410122436470202648e-03
4.661908479999999910e-01,2.410109972077315900e-03
4.662042352999999917e-01,2.410097507863922291e-03
4.662131600000000153e-01,2.410089198242382387e-03
4.662265467000000219e-01,2.410076734173018966e-03
4.662399329999999953e-01,2.410064270212560616e-03
4.662577808000000212e-01,2.410047651694590884e-03
4.662800897000000111e-01,2.410026878783976152e-03
4.662979360000000240e-01,2.410010260815516944e-03
4.663202429000000149e-01,2.409989488596771083e-03
4.663514706999999926e-01,2.409960407943816801e-03
4.663871572000000132e-01,2.409927173792788830e-03
4.664049994000000199e-01,2.409910556829155184e-03
4.664228409000000242e-01,2.409893940262130933e-03
4.664273011999999774e-01,2.409889786131909697e-03
4.664406817000000260e-01,2.409877323859278310e-03
4.664585218999999783e-01,2.409860707657278910e-03
4.664719015000000080e-01,2.409848245634067365e-03
4.665120381999999788e-01,2.409810860337707403e-03
4.665343349000000139e-01,2.409790091110880755e-03
4.665432532000000077e-01,2.409781783531757000e-03
4.665477123999999809e-01,2.409777629645167268e-03
4.665655483999999742e-01,2.409761014747198969e-03
4.665833837999999734e-01,2.409744399902142339e-03
4.666012185000000256e-01,2.409727785224645685e-03
4.666056769999999965e-01,2.409723631705242702e-03
4.666413440000000135e-01,2.409690403204046896e-03
4.666859239000000215e-01,2.409648868692750023e-03
4.667082122999999805e-01,2.409628101964452103e-03
4.667394141999999801e-01,2.409599028955344314e-03
4.667483285999999842e-01,2.409590722509221371e-03
4.667617000000000016e-01,2.409578263015609186e-03
4.667795278999999908e-01,2.409561650385731117e-03
4.667839846999999875e-01,2.409557497289287979e-03
4.668151816000000176e-01,2.409528425989794845e-03
4.668196380999999895e-01,2.409524272955440929e-03
4.668285509999999805e-01,2.409515967036952779e-03
4.668552886999999818e-01,2.409491049247349838e-03
4.668686570000000202e-01,2.409478590657730245e-03
4.668820249000000255e-01,2.409466132225777935e-03
4.668864808000000033e-01,2.409461979294053730e-03
4.669043038999999840e-01,2.409445368232126291e-03
4.669221263000000177e-01,2.409428757124760807e-03
4.670335011000000258e-01,2.409324943371698047e-03
4.670424099000000107e-01,2.409316638557474580e-03
4.670602271000000028e-01,2.409300029226053505e-03
4.670646811999999981e-01,2.409295876892360039e-03
4.670824975999999795e-01,2.409279267725141817e-03
4.670958593000000270e-01,2.409266811027405576e-03
4.671003132000000058e-01,2.409262658882116524e-03
4.671136744000000118e-01,2.409250202231131080e-03
4.671359424000000038e-01,2.409229441636946342e-03
4.671403957999999967e-01,2.409225289519625803e-03
4.671537559999999756e-01,2.409212833262192304e-03
4.671760220000000241e-01,2.409192073148241475e-03
4.671893811000000230e-01,2.409179617189528225e-03
4.672071925999999875e-01,2.409163009597698694e-03
4.672472661000000027e-01,2.409125642934455483e-03
4.672561708999999897e-01,2.409117339348476085e-03
4.672828841000000177e-01,2.409092429035931612e-03
4.672962401999999904e-01,2.409079973953634490e-03
4.673095958999999855e-01,2.409067519082217727e-03
4.673274028000000135e-01,2.409050912631180950e-03
4.673452090999999919e-01,2.409034306453739990e-03
4.673496605999999942e-01,2.409030154982236618e-03
4.673541119999999882e-01,2.409026003557598970e-03
4.673808195999999970e-01,2.409001094837499423e-03
4.673897218999999992e-01,2.408992792015147034e-03
4.674030747999999846e-01,2.408980337928277610e-03
4.674208782000000006e-01,2.408963732694555278e-03
4.674253290000000005e-01,2.408959581288785349e-03
4.674564829999999782e-01,2.408930522759507222e-03
4.674742843999999953e-01,2.408913918016301371e-03
4.674876350000000125e-01,2.408901464630660086e-03
4.674965350999999991e-01,2.408893162562043312e-03
4.675276843999999765e-01,2.408864105095972000e-03
4.675454830999999922e-01,2.408847501303840871e-03
4.675677303999999923e-01,2.408826746741162157e-03
4.675810783000000082e-01,2.408814294280557829e-03
4.675944258999999992e-01,2.408801841661898074e-03
4.676300173999999865e-01,2.408768635596187160e-03
4.676344661999999874e-01,2.408764485070229080e-03
4.676656062999999808e-01,2.408735430454056036e-03
4.676700547000000041e-01,2.408731279936463226e-03
4.676745030000000192e-01,2.408727129354333498e-03
4.676833997000000021e-01,2.408718828100072252e-03
4.676878479000000088e-01,2.408714677634201089e-03
4.677412235000000251e-01,2.408664872050963589e-03
4.677768038999999822e-01,2.408631669367701945e-03
4.677812512999999783e-01,2.408627518969895260e-03
4.678168286000000120e-01,2.408594317292088883e-03
4.678301693999999955e-01,2.408581866840459138e-03
4.678835288000000037e-01,2.408532066211883753e-03
4.678879751000000198e-01,2.408527916154961507e-03
4.679146523000000113e-01,2.408503016442754916e-03
4.679235442999999939e-01,2.408494716867349509e-03
4.679368821000000067e-01,2.408482267187682987e-03
4.679546652000000084e-01,2.408465667978679139e-03
4.679946745999999935e-01,2.408428320454189010e-03
4.680080104000000074e-01,2.408415871576093537e-03
4.680257908000000078e-01,2.408399273087547237e-03
4.680302357000000191e-01,2.408395123456785400e-03
4.680435705000000057e-01,2.408382674887995459e-03
4.680569048000000065e-01,2.408370226431321131e-03
4.680657940999999878e-01,2.408361927404081837e-03
4.681013498000000106e-01,2.408328732041864571e-03
4.681102382999999811e-01,2.408320433417540391e-03
4.681369027999999766e-01,2.408295537609051861e-03
4.681680094999999819e-01,2.408266493037889214e-03
4.681813403000000262e-01,2.408254045660850832e-03
4.682213304000000242e-01,2.408216703890560771e-03
4.682346595999999916e-01,2.408204256800529786e-03
4.682746452000000059e-01,2.408166916592306608e-03
4.683146273000000082e-01,2.408129577141386070e-03
4.683235116999999725e-01,2.408121279694200572e-03
4.683279538999999825e-01,2.408117130841446168e-03
4.683457220999999726e-01,2.408100536249058003e-03
4.683501641000000215e-01,2.408096387517335256e-03
4.683812566000000177e-01,2.408067347114593859e-03
4.683856981999999780e-01,2.408063198632925429e-03
4.683945813000000014e-01,2.408054901459517026e-03
4.684212295999999887e-01,2.408030010590202132e-03
4.684345531999999923e-01,2.408017565223389937e-03
4.684656400000000165e-01,2.407988526641683183e-03
4.684700808000000216e-01,2.407984378343018105e-03
4.685056058000000023e-01,2.407951192206485725e-03
4.685278076000000125e-01,2.407930451369066655e-03
4.685366879999999790e-01,2.407922155058197459e-03
4.685411281999999900e-01,2.407918006974949475e-03
4.685766478000000235e-01,2.407884822406016010e-03
4.685899668999999879e-01,2.407872378405434294e-03
4.685944066000000130e-01,2.407868230381387652e-03
4.686254827999999928e-01,2.407839194897575235e-03
4.686299220999999848e-01,2.407835047114289563e-03
4.686698738999999780e-01,2.407797716894481427e-03
4.687408908999999846e-01,2.407731354565943206e-03
4.687763953999999900e-01,2.407698174528825636e-03
4.687897088999999906e-01,2.407685732165578719e-03
4.688030220000000137e-01,2.407673290042156022e-03
4.688074595999999761e-01,2.407669142635277589e-03
4.688252097000000229e-01,2.407652553326995043e-03
4.688429590000000036e-01,2.407635964308768237e-03
4.688473962999999967e-01,2.407631816959010344e-03
4.688828926999999980e-01,2.407598639559667322e-03
4.688962031000000197e-01,2.407586198012424787e-03
4.689095132000000166e-01,2.407573756883601892e-03
4.689139498000000073e-01,2.407569609831192517e-03
4.689494411999999834e-01,2.407536433706751119e-03
4.689627497000000145e-01,2.407523992947769968e-03
4.689671859000000276e-01,2.407519846014758141e-03
4.690026731999999976e-01,2.407486671265661893e-03
4.690204157999999790e-01,2.407470084124756302e-03
4.690337224000000194e-01,2.407457643905547371e-03
4.690558991000000066e-01,2.407436910442182360e-03
4.690603344000000008e-01,2.407432763799738883e-03
4.690869448000000164e-01,2.407407884250335577e-03
4.690958145999999940e-01,2.407399591177342060e-03
4.691046843000000188e-01,2.407391298190021765e-03
4.691268577000000106e-01,2.407370565756281923e-03
4.691445955999999917e-01,2.407353979965673810e-03
4.691623328999999787e-01,2.407337394494954343e-03
4.691667672000000011e-01,2.407333248271123927e-03
4.691756355000000211e-01,2.407324960014489527e-03
4.691800696000000270e-01,2.407320822832810688e-03
4.691933716000000198e-01,2.407308377177896919e-03
4.692155407999999972e-01,2.407287646026194487e-03
4.692465759000000181e-01,2.407258629788099936e-03
4.692864751999999973e-01,2.407221303978158804e-03
4.693042070999999815e-01,2.407204717921874754e-03
4.693352364000000221e-01,2.407175703341130242e-03
4.693396689000000066e-01,2.407171550745706035e-03
4.693441014999999994e-01,2.407167404815710454e-03
4.693751280999999831e-01,2.407138384378447113e-03
4.693928567000000274e-01,2.407121808289715455e-03
4.694283117999999977e-01,2.407088636251650694e-03
4.694593329000000259e-01,2.407059631116634669e-03
4.694859207000000034e-01,2.407034744753255764e-03
4.694992141000000063e-01,2.407022308592599805e-03
4.695213688000000052e-01,2.407001581776954495e-03
4.695346611999999809e-01,2.406989159388528855e-03
4.695523837000000200e-01,2.406972564772260053e-03
4.695878267999999967e-01,2.406939403155854487e-03
4.695922570000000129e-01,2.406935258025318797e-03
4.696011172999999816e-01,2.406926967838142299e-03
4.696188372999999805e-01,2.406910390952511202e-03
4.696276971000000189e-01,2.406902097552210060e-03
4.696409864000000156e-01,2.406889662484020930e-03
4.696542753999999875e-01,2.406877227693387990e-03
4.696719933999999874e-01,2.406860647916370978e-03
4.696941399999999822e-01,2.406839923678340005e-03
4.696985692000000268e-01,2.406835778775455546e-03
4.697118565000000245e-01,2.406823351141850614e-03
4.697251434999999975e-01,2.406810910087193653e-03
4.697340012999999814e-01,2.406802620650484986e-03
4.697650020999999954e-01,2.406773607750675812e-03
4.698137136000000158e-01,2.406728024435737193e-03
4.698181417000000248e-01,2.406723873126679399e-03
4.698402814000000038e-01,2.406703150913585935e-03
4.698668476999999788e-01,2.406678284637702066e-03
4.698712751999999937e-01,2.406674140226361478e-03
4.699066941999999747e-01,2.406640986016674814e-03
4.699111214000000203e-01,2.406636841837306653e-03
4.699244027999999740e-01,2.406624422815281054e-03
4.699421106000000181e-01,2.406607832702665345e-03
4.699598178000000126e-01,2.406591256099382178e-03
4.700129352999999899e-01,2.406541528079183135e-03
4.700173615000000082e-01,2.406537384220347204e-03
4.700262136999999729e-01,2.406529096433998507e-03
4.700306397999999830e-01,2.406524952618936588e-03
4.700439177999999885e-01,2.406512534575324085e-03
4.700660468000000258e-01,2.406491802029561006e-03
4.701191523000000094e-01,2.406442077555051313e-03
4.701235775000000006e-01,2.406437933946833051e-03
4.701368528000000047e-01,2.406425503252902689e-03
4.701589775000000193e-01,2.406404785369339883e-03
4.701722519000000045e-01,2.406392357206165074e-03
4.701855258000000037e-01,2.406379924602200515e-03
4.701899504000000007e-01,2.406375781258649448e-03
4.702209211000000222e-01,2.406346777431521682e-03
4.702297696000000138e-01,2.406338490777637767e-03
4.702386177999999806e-01,2.406330204280806174e-03
4.702607376999999866e-01,2.406309488002007866e-03
4.702651615999999812e-01,2.406305344706381570e-03
4.702784328999999874e-01,2.406292915268819482e-03
4.703005509000000028e-01,2.406272199480564110e-03
4.703093978999999814e-01,2.406263920094938672e-03
4.703315143999999837e-01,2.406243198138737372e-03
4.703713216000000030e-01,2.406205911419633144e-03
4.703845899999999913e-01,2.406193482795573966e-03
4.704022804999999918e-01,2.406176911308160766e-03
4.704509259999999915e-01,2.406131341063862204e-03
4.704553479999999954e-01,2.406127212075330913e-03
4.704686140000000072e-01,2.406114770591608314e-03
4.704774576999999902e-01,2.406106485235022172e-03
4.704907231000000079e-01,2.406094057607954546e-03
4.705084096000000105e-01,2.406077487463458009e-03
4.705437806000000167e-01,2.406044347694957439e-03
4.705482018000000100e-01,2.406040205257499714e-03
4.705791489999999744e-01,2.406011208782179913e-03
4.706100941999999954e-01,2.405982226456904096e-03
4.706145147999999945e-01,2.405978070671874192e-03
4.706189352999999853e-01,2.405973928519602838e-03
4.706498778000000049e-01,2.405944933258545668e-03
4.706631383000000057e-01,2.405932506973188639e-03
4.707161764000000193e-01,2.405882803015340667e-03
4.707338544999999930e-01,2.405866235466097569e-03
4.707382739000000038e-01,2.405862093640771283e-03
4.707736276999999747e-01,2.405828962498426926e-03
4.707868846000000107e-01,2.405816533904870692e-03
4.707957224000000052e-01,2.405808250405661649e-03
4.708089787999999998e-01,2.405795825387668438e-03
4.708575822000000133e-01,2.405750268014441706e-03
4.708620004999999886e-01,2.405746126485639944e-03
4.708664187000000112e-01,2.405741985068609885e-03
4.708796729999999986e-01,2.405729560573328756e-03
4.708929270000000167e-01,2.405717136137788034e-03
4.709017628000000122e-01,2.405708853408338680e-03
4.709150161999999806e-01,2.405696429281344983e-03
4.709459393000000049e-01,2.405667442333775299e-03
4.709856944999999961e-01,2.405630169154778907e-03
4.709989454999999881e-01,2.405617745848289465e-03
4.710166129999999729e-01,2.405601181405451691e-03
4.710740274999999921e-01,2.405547348673652084e-03
4.710784438000000240e-01,2.405543207747397848e-03
4.711137719999999862e-01,2.405510080892402612e-03
4.711270194000000133e-01,2.405497665514423448e-03
4.711579285999999978e-01,2.405468673679592162e-03
4.711800052999999822e-01,2.405447970648850586e-03
4.711976659000000067e-01,2.405431408205730478e-03
4.712153258999999816e-01,2.405414929686112199e-03
4.712197408000000087e-01,2.405410789191866124e-03
4.712329852000000097e-01,2.405398305103440340e-03
4.712550583999999820e-01,2.405377623881941110e-03
4.712859591999999931e-01,2.405348683288757033e-03
4.712903734000000178e-01,2.405344459475071504e-03
4.712992018000000116e-01,2.405336178932312215e-03
4.713036158999999725e-01,2.405332038592783092e-03
4.713168578999999969e-01,2.405319631550861034e-03
4.713256858000000049e-01,2.405311421106672357e-03
4.713742358999999937e-01,2.405265838040016469e-03
4.713918892999999777e-01,2.405249236150419894e-03
4.713963024999999751e-01,2.405245096319698177e-03
4.714227811000000212e-01,2.405220256543022950e-03
4.714316069000000220e-01,2.405212018474290562e-03
4.714977954999999832e-01,2.405149907746891198e-03
4.715022078000000172e-01,2.405145740132679996e-03
4.715110322000000131e-01,2.405137460980249099e-03
4.715154442999999751e-01,2.405133334812225958e-03
4.715375043000000210e-01,2.405112623245766242e-03
4.715507398000000072e-01,2.405100204522497755e-03
4.715683864999999919e-01,2.405083646454490767e-03
4.715727981000000235e-01,2.405079590440195939e-03
4.716080892999999774e-01,2.405046391490126001e-03
4.716213228000000202e-01,2.405033973431082266e-03
4.716345558999999743e-01,2.405021555365748857e-03
4.716433777999999855e-01,2.405013276825877875e-03
4.716566103000000010e-01,2.405000900808012838e-03
4.716742530999999961e-01,2.404984302206758084e-03
4.716918952999999970e-01,2.404967745490057315e-03
4.717139470000000223e-01,2.404947049961240167e-03
4.717227674000000204e-01,2.404938778599056883e-03
4.717271774999999834e-01,2.404934632802922540e-03
4.717492275999999873e-01,2.404913979515284263e-03
4.717800959999999821e-01,2.404884965201086952e-03
4.718153716999999858e-01,2.404851854467363569e-03
4.718506446999999882e-01,2.404818765478595848e-03
4.718682801999999898e-01,2.404802189994393637e-03
4.718815063999999837e-01,2.404789774053264686e-03
4.719344075999999943e-01,2.404740111753797017e-03
4.719388158000000222e-01,2.404735977858400882e-03
4.719608558999999759e-01,2.404715302225901834e-03
4.720049331999999764e-01,2.404673898295004754e-03
4.720093407000000019e-01,2.404669760088005460e-03
4.720269703000000150e-01,2.404653207158753778e-03
4.720313776000000239e-01,2.404649068956614313e-03
4.720445992999999785e-01,2.404636654443663684e-03
4.720666345000000264e-01,2.404615964111764086e-03
4.720798552000000092e-01,2.404603633354877607e-03
4.721327341000000066e-01,2.404553894297290981e-03
4.721503591000000277e-01,2.404537342921884025e-03
4.721635773999999786e-01,2.404524936327044442e-03
4.721679833999999909e-01,2.404520791619396171e-03
4.721988243999999946e-01,2.404491827617014771e-03
4.722076357000000169e-01,2.404483593944618976e-03
4.722164468999999754e-01,2.404475276784844278e-03
4.722384741000000274e-01,2.404454588815606395e-03
4.722560952000000034e-01,2.404438038691847097e-03
4.722781206000000176e-01,2.404417351146213942e-03
4.722869304000000268e-01,2.404409076137237720e-03
4.723045497000000204e-01,2.404392526551198898e-03
4.723089543999999806e-01,2.404388389039602107e-03
4.723441904999999830e-01,2.404355373972189968e-03
4.723618076000000165e-01,2.404338741502761324e-03
4.723838281000000139e-01,2.404318055460411777e-03
4.723970397999999737e-01,2.404305657628607630e-03
4.724146550000000166e-01,2.404289095586965852e-03
4.724454798000000122e-01,2.404260136404105970e-03
4.724542865999999952e-01,2.404251862393891152e-03
4.724674964000000199e-01,2.404239451622176144e-03
4.724895118999999921e-01,2.404218781053553931e-03
4.725027206999999896e-01,2.404206356532338253e-03
4.725203318999999791e-01,2.404189809478473987e-03
4.725555523000000147e-01,2.404156715645266312e-03
4.725599547000000067e-01,2.404152579039586356e-03
4.725687592999999742e-01,2.404144305624481871e-03
4.725863679999999789e-01,2.404127759167604909e-03
4.726083779999999956e-01,2.404107076416275163e-03
4.726259851999999873e-01,2.404090530405172260e-03
4.726391902000000034e-01,2.404078134616235724e-03
4.726435917999999847e-01,2.404074026302222954e-03
4.726611976999999798e-01,2.404057438991832711e-03
4.726788029999999807e-01,2.404040893581713047e-03
4.727008086999999747e-01,2.404020212237403201e-03
4.727272141000000150e-01,2.403995394835244277e-03
4.727624190999999976e-01,2.403962305788153852e-03
4.727800206000000172e-01,2.403945761472279976e-03
4.727844209000000020e-01,2.403941625514736512e-03
4.728064216000000264e-01,2.403921028998705182e-03
4.728372209999999742e-01,2.403891994129035616e-03
4.728724178000000000e-01,2.403858907605708941e-03
4.728768172000000214e-01,2.403854771833792599e-03
4.728900152000000134e-01,2.403842371419116601e-03
4.729208091000000058e-01,2.403813414977425556e-03
4.729428035000000086e-01,2.403792736849945724e-03
4.729779923999999913e-01,2.403759694490494730e-03
4.729823907999999855e-01,2.403755517227659181e-03
4.729911875999999737e-01,2.403747246323249039e-03
4.729955859000000151e-01,2.403743110950184222e-03
4.730307709000000083e-01,2.403710028078465642e-03
4.730439645999999776e-01,2.403697622195282053e-03
4.730483623999999776e-01,2.403693486765109272e-03
4.730615556000000166e-01,2.403681081151511686e-03
4.730879409000000035e-01,2.403656269876249495e-03
4.731011330000000070e-01,2.403643864486121155e-03
4.731143246999999774e-01,2.403631459195149176e-03
4.731231189999999809e-01,2.403623189092692156e-03
4.731495009000000196e-01,2.403598383514118746e-03
4.731582945000000207e-01,2.403590192531853895e-03
4.731934674000000118e-01,2.403557029889508145e-03
4.732066565999999974e-01,2.403544625413465453e-03
4.732550137000000046e-01,2.403499238992455080e-03
4.732594095000000056e-01,2.403495104378750719e-03
4.732725969000000088e-01,2.403482892183918512e-03
4.732769926000000016e-01,2.403478469873470986e-03
4.732945748999999869e-01,2.403462003554574476e-03
4.733253425000000236e-01,2.403433133733121757e-03
4.733341327999999737e-01,2.403424720954820508e-03
4.733473181000000252e-01,2.403412359436984252e-03
4.733648978000000174e-01,2.403396067789174799e-03
4.734000554000000194e-01,2.403362705670061914e-03
4.734132388000000247e-01,2.403350446727524608e-03
4.734176332000000209e-01,2.403346182322024013e-03
4.734308160999999848e-01,2.403333766093424494e-03
4.734703626000000276e-01,2.403296702906200771e-03
4.734747564999999825e-01,2.403292425105053171e-03
4.734835439999999784e-01,2.403284157049853046e-03
4.735055122999999866e-01,2.403263487070967860e-03
4.735099058000000194e-01,2.403259353114475198e-03
4.735230861999999985e-01,2.403246951326704853e-03
4.735362660999999918e-01,2.403234837186158691e-03
4.735450526000000160e-01,2.403226302738445917e-03
4.735714109999999977e-01,2.403201479073056607e-03
4.735758038999999808e-01,2.403197345362601944e-03
4.735933750999999914e-01,2.403180810327923671e-03
4.736109457000000078e-01,2.403164419359094927e-03
4.736153383000000217e-01,2.403160141946500666e-03
4.736241232999999773e-01,2.403151874760576547e-03
4.736636537000000202e-01,2.403114672550097676e-03
4.736768297000000238e-01,2.403102272159990567e-03
4.736943972000000058e-01,2.403085813645095860e-03
4.737207473000000224e-01,2.403060938128234649e-03
4.737514871999999877e-01,2.403032046662694366e-03
4.737558783999999967e-01,2.403027871665295353e-03
4.737866159999999938e-01,2.402999083038507774e-03
4.737910068999999780e-01,2.402994806110499409e-03
4.738261328000000216e-01,2.402961741419641726e-03
4.738612561000000167e-01,2.402928677591762568e-03
4.738875968999999855e-01,2.402904167543290850e-03
4.738919869000000062e-01,2.402899747211471957e-03
4.739314949000000277e-01,2.402862552015083784e-03
4.739666103999999880e-01,2.402829573865273866e-03
4.739797780000000182e-01,2.402817099432546632e-03
4.739929453000000237e-01,2.402804694860519088e-03
4.739973343000000172e-01,2.402800849765240453e-03
4.740324449000000162e-01,2.402767502235989439e-03
4.740675529000000221e-01,2.402734443065394822e-03
4.740851059999999784e-01,2.402717913678223752e-03
4.741070463000000013e-01,2.402697252406022811e-03
4.741158221999999811e-01,2.402689059786165988e-03
4.741377612000000075e-01,2.402668327040494677e-03
4.741553116000000179e-01,2.402651798550622768e-03
4.741772486999999980e-01,2.402631138087525479e-03
4.741904104999999925e-01,2.402618825483426868e-03
4.742079590000000122e-01,2.402602214237959614e-03
4.742255067999999740e-01,2.402585686559727089e-03
4.742430539999999972e-01,2.402569446423195518e-03
4.742562139000000010e-01,2.402556763540730344e-03
4.742737599999999887e-01,2.402540243110301305e-03
4.743658660999999777e-01,2.402453472096045990e-03
4.743790225999999777e-01,2.402441173452558691e-03
4.744009493999999938e-01,2.402420420560686699e-03
4.744141049999999749e-01,2.402408026358075419e-03
4.744228750999999744e-01,2.402399805366970537e-03
4.744667235999999733e-01,2.402358451006076506e-03
4.744711081999999913e-01,2.402354319860286903e-03
4.744930307999999930e-01,2.402333663949402388e-03
4.745237205999999763e-01,2.402304889958753464e-03
4.745587922000000236e-01,2.402271698253049224e-03
4.745631759999999755e-01,2.402267567504935437e-03
4.745763270999999728e-01,2.402255178017703285e-03
4.745982447000000048e-01,2.402234520336920306e-03
4.746113947999999749e-01,2.402222127801911279e-03
4.746639916000000015e-01,2.402172580085050902e-03
4.746683743999999816e-01,2.402168428628222423e-03
4.746771398999999891e-01,2.402160454696088045e-03
4.746815226000000165e-01,2.402156036698986207e-03
4.747034353999999845e-01,2.402135383896557026e-03
4.747297294000000223e-01,2.402110600973213304e-03
4.747341116000000083e-01,2.402106470468933549e-03
4.747735495000000028e-01,2.402069297037454695e-03
4.747998397000000037e-01,2.402044515327354454e-03
4.748217470000000162e-01,2.402023864069931583e-03
4.748348908999999729e-01,2.402011473622074622e-03
4.748392720999999872e-01,2.402007487108981463e-03
4.748743205000000023e-01,2.401974302837812849e-03
4.748874629000000014e-01,2.401961919407938437e-03
4.749137467999999807e-01,2.401937174550205709e-03
4.749268880999999998e-01,2.401924743132408200e-03
4.749575498999999978e-01,2.401895834278374060e-03
4.749794500000000252e-01,2.401875185264986008e-03
4.749838297999999792e-01,2.401871055659732766e-03
4.750101083000000113e-01,2.401846564709871328e-03
4.750144879000000042e-01,2.401842147808628571e-03
4.750495232999999984e-01,2.401809111073528822e-03
4.750889350999999983e-01,2.401771945651691963e-03
4.751152077999999945e-01,2.401747169407237020e-03
4.751677487000000033e-01,2.401697618034583526e-03
4.751721268999999914e-01,2.401693572159659378e-03
4.751896391000000053e-01,2.401677115759902163e-03
4.752071507000000250e-01,2.401660469276327339e-03
4.752202838999999845e-01,2.401648068591008892e-03
4.752421719000000100e-01,2.401627423364960639e-03
4.752903218000000263e-01,2.401582005319543613e-03
4.752946988000000261e-01,2.401578132748384900e-03
4.752990758000000260e-01,2.401573939854781837e-03
4.753078296000000091e-01,2.401565489948249543e-03
4.753122065000000007e-01,2.401562130090190237e-03
4.753340902000000034e-01,2.401541101849997712e-03
4.753472200000000147e-01,2.401528331256520040e-03
4.753603492999999847e-01,2.401515945213360172e-03
4.753647256999999904e-01,2.401512201041078494e-03
4.753778545999999827e-01,2.401499717982038921e-03
4.754041112999999874e-01,2.401475043852156419e-03
4.754172390999999998e-01,2.401462273917160696e-03
4.754391179999999939e-01,2.401441673270760576e-03
4.754522447999999790e-01,2.401429374549876421e-03
4.754697466999999733e-01,2.401412733003851965e-03
4.754872479999999735e-01,2.401396219666650841e-03
4.755091236000000277e-01,2.401375962870778633e-03
4.755222485000000221e-01,2.401363193736353457e-03
4.755353730999999917e-01,2.401350822859178811e-03
4.755441226000000077e-01,2.401342553073422884e-03
4.755747444999999796e-01,2.401313920481117515e-03
4.756097385999999982e-01,2.401280632645780809e-03
4.756491038999999810e-01,2.401243866009069531e-03
4.756797191000000091e-01,2.401214587345941454e-03
4.757147055000000013e-01,2.401181586583822809e-03
4.757278247999999765e-01,2.401169182852481293e-03
4.757321977999999785e-01,2.401165439625089614e-03
4.757540620999999859e-01,2.401144417575400928e-03
4.757802980999999987e-01,2.401119748359437089e-03
4.757846706000000148e-01,2.401115525290148725e-03
4.758196492999999805e-01,2.401082506098452338e-03
4.758240214000000190e-01,2.401078763102438077e-03
4.758371376000000152e-01,2.401065996952284152e-03
4.758721123999999914e-01,2.401032992587974046e-03
4.759245697999999747e-01,2.400983837995579809e-03
4.759289409999999942e-01,2.400979326691235396e-03
4.759420543999999809e-01,2.400966945663765215e-03
4.759551672999999816e-01,2.400954564836649957e-03
4.759770214999999860e-01,2.400933930318053990e-03
4.759945039999999850e-01,2.400917709904247608e-03
4.759988746000000104e-01,2.400913351491919517e-03
4.760076155999999892e-01,2.400905042310219183e-03
4.760338375000000011e-01,2.400880666064078225e-03
4.760687979000000070e-01,2.400847268578937092e-03
4.760775375999999892e-01,2.400839015274518293e-03
4.760819072999999957e-01,2.400834888776830905e-03
4.761168641999999895e-01,2.400801876379953133e-03
4.761387108999999840e-01,2.400781244115110773e-03
4.761474493000000252e-01,2.400772991460083106e-03
4.761518183999999820e-01,2.400769057089492502e-03
4.761736635000000106e-01,2.400748233253174012e-03
4.761867700999999897e-01,2.400735854323671464e-03
4.762042450000000260e-01,2.400719349326947954e-03
4.762173506999999861e-01,2.400707045813296487e-03
4.762348244999999869e-01,2.400690466024376236e-03
4.762435610999999902e-01,2.400682213786349637e-03
4.762741381000000218e-01,2.400653331234512029e-03
4.762785060999999986e-01,2.400649589374833151e-03
4.762916098000000154e-01,2.400636910476644428e-03
4.763090808000000065e-01,2.400620323411584416e-03
4.763134485000000140e-01,2.400616197463882433e-03
4.763571228999999851e-01,2.400574939009717575e-03
4.763745914999999997e-01,2.400558435836362779e-03
4.763964264000000171e-01,2.400537807240552511e-03
4.764138936000000268e-01,2.400521688830364788e-03
4.764269935000000067e-01,2.400508927833648002e-03
4.764488259999999920e-01,2.400488443531274742e-03
4.764531924000000029e-01,2.400484174638043214e-03
4.764662913000000111e-01,2.400471798149032051e-03
4.764881220000000139e-01,2.400451170785190737e-03
4.765186832000000150e-01,2.400422293169539572e-03
4.765536080000000174e-01,2.400389291014065445e-03
4.765579734000000012e-01,2.400385549838054966e-03
4.765667041000000159e-01,2.400376915356478621e-03
4.765710693999999914e-01,2.400372803707029757e-03
4.765885302000000268e-01,2.400356289617585313e-03
4.765928952999999857e-01,2.400352247673204990e-03
4.766190851000000062e-01,2.400327413903053601e-03
4.766278146999999854e-01,2.400319163996530916e-03
4.766365441000000036e-01,2.400310913852604384e-03
4.766583670000000272e-01,2.400290289043431353e-03
4.766889173000000146e-01,2.400261701865858289e-03
4.767063738000000273e-01,2.400244915623089229e-03
4.767107378000000062e-01,2.400241174995296472e-03
4.767281935000000082e-01,2.400224291937275416e-03
4.767805566000000161e-01,2.400174796125940056e-03
4.767936465000000013e-01,2.400162422404331086e-03
4.768329141000000049e-01,2.400125302047725721e-03
4.768721783000000047e-01,2.400088438739025453e-03
4.769027149999999771e-01,2.400059396035879398e-03
4.769070771999999736e-01,2.400055188634024530e-03
4.769332497000000060e-01,2.400030457075061005e-03
4.769376115999999777e-01,2.400026367226836595e-03
4.769419735000000049e-01,2.400022195244569129e-03
4.769725056999999935e-01,2.399993326753303673e-03
4.769768672999999959e-01,2.399989202718849027e-03
4.769855902999999842e-01,2.399980954870683733e-03
4.770248421000000127e-01,2.399943839400438348e-03
4.770379252999999986e-01,2.399931467928211482e-03
4.770422861999999986e-01,2.399927727996697697e-03
4.770553688999999986e-01,2.399914972500581754e-03
4.771164167999999983e-01,2.399857240747332691e-03
4.771294974999999994e-01,2.399844869997704022e-03
4.771469379000000122e-01,2.399828375790367691e-03
4.771818165999999750e-01,2.399795388078075024e-03
4.771861762999999867e-01,2.399791264586548928e-03
4.771948954999999937e-01,2.399783304614541007e-03
4.772123334999999744e-01,2.399766524305581381e-03
4.772210521999999955e-01,2.399758490441635753e-03
4.772341299999999786e-01,2.399745907733320804e-03
4.772559255000000111e-01,2.399725291512634466e-03
4.772864376000000020e-01,2.399696429471288167e-03
4.773038721999999789e-01,2.399679943800275394e-03
4.773343812999999991e-01,2.399651676174286742e-03
4.773387394999999978e-01,2.399647853339657595e-03
4.773518140999999937e-01,2.399635184300435813e-03
4.773736042999999762e-01,2.399614869903986952e-03
4.773953934999999871e-01,2.399593355283273065e-03
4.774041089000000126e-01,2.399586910586487716e-03
4.774084665000000172e-01,2.399581754623974442e-03
4.774302541000000066e-01,2.399560373186448558e-03
4.774433262000000178e-01,2.399548905472350356e-03
4.774607550000000145e-01,2.399531657812167037e-03
4.774738263000000149e-01,2.399519146573087132e-03
4.774912539999999761e-01,2.399504457258496044e-03
4.774956108999999782e-01,2.399498533884552795e-03
4.774999677000000275e-01,2.399494411341242597e-03
4.775130377999999842e-01,2.399482043900380817e-03
4.775261076000000271e-01,2.399469676545269454e-03
4.775304642000000044e-01,2.399465554059271918e-03
4.775478899000000221e-01,2.399449535450422395e-03
4.776045190000000051e-01,2.399396242380330037e-03
4.776132304999999856e-01,2.399388130632888749e-03
4.776175863000000077e-01,2.399383108099996994e-03
4.776524307000000191e-01,2.399350131108700032e-03
4.776698518999999976e-01,2.399333642991486031e-03
4.776829174000000178e-01,2.399321290469283441e-03
4.776872724999999820e-01,2.399318955576329980e-03
4.777046925000000277e-01,2.399300667126487777e-03
4.777090473999999753e-01,2.399296545275849193e-03
4.777351758999999753e-01,2.399272100751618023e-03
4.777438850999999875e-01,2.399263570400734027e-03
4.777700116999999969e-01,2.399240640253023308e-03
4.778091990000000178e-01,2.399202128383884705e-03
4.778266145000000242e-01,2.399185258193214498e-03
4.778483829999999877e-01,2.399164650571301328e-03
4.778614435999999910e-01,2.399154086467176431e-03
4.778788572000000068e-01,2.399135800218285021e-03
4.778832104999999886e-01,2.399131762030121389e-03
4.778919169999999994e-01,2.399123436043187636e-03
4.779310943000000256e-01,2.399086344130111053e-03
4.779528579999999804e-01,2.399065737896442438e-03
4.779615633000000030e-01,2.399058095624902014e-03
4.780007347999999934e-01,2.399020405436465189e-03
4.780181432999999758e-01,2.399004064557101572e-03
4.780224954000000248e-01,2.399000567626893930e-03
4.780311992999999871e-01,2.398991558182131650e-03
4.780355512000000195e-01,2.398987437200179266e-03
4.780486067999999977e-01,2.398975074406240523e-03
4.780703652000000137e-01,2.398954772095018145e-03
4.780834197000000119e-01,2.398942107265772047e-03
4.781225813000000158e-01,2.398905020323842657e-03
4.781269323999999821e-01,2.398900899511016704e-03
4.781399854000000227e-01,2.398888537592241618e-03
4.781530379999999747e-01,2.398876175504020478e-03
4.781747916999999903e-01,2.398855572507088262e-03
4.781878433999999789e-01,2.398845010845638333e-03
4.782269963999999929e-01,2.398806147323850457e-03
4.782313464999999875e-01,2.398802006075765117e-03
4.782443967000000185e-01,2.398790028631902441e-03
4.782791954000000234e-01,2.398756682423877542e-03
4.782965938000000028e-01,2.398740201378632853e-03
4.783096421999999959e-01,2.398727984117075395e-03
4.783139915999999880e-01,2.398724620594605735e-03
4.784009708999999999e-01,2.398641319645636750e-03
4.784357582000000053e-01,2.398608360852791214e-03
4.784401065000000175e-01,2.398604241003126671e-03
4.784488028000000170e-01,2.398596901188996492e-03
4.784661950999999913e-01,2.398579535831445696e-03
4.784705430000000259e-01,2.398575402632817290e-03
4.784748909000000050e-01,2.398572050087003412e-03
4.784879344999999895e-01,2.398558923788356428e-03
4.785183680000000273e-01,2.398530086346343550e-03
4.785792292000000114e-01,2.398472434260238029e-03
4.785922698000000253e-01,2.398460505165302212e-03
4.786096569000000134e-01,2.398443864478311954e-03
4.786444289999999824e-01,2.398410623716709048e-03
4.786487752999999956e-01,2.398406504613131724e-03
4.786574679000000221e-01,2.398398266161257900e-03
4.786618141000000271e-01,2.398394147002674663e-03
4.787096200000000024e-01,2.398348836837964609e-03
4.787139657000000215e-01,2.398345484917671199e-03
4.787270027000000150e-01,2.398332360898693290e-03
4.787443847999999780e-01,2.398316784620849792e-03
4.787530756999999748e-01,2.398307647208137473e-03
4.787834923000000020e-01,2.398278815049465634e-03
4.788008724000000216e-01,2.398262339903354991e-03
4.788225965999999834e-01,2.398241746155864700e-03
4.788703863000000061e-01,2.398196454704331921e-03
4.788834190999999851e-01,2.398184085458350719e-03
4.788921073999999889e-01,2.398175848496148996e-03
4.789051395000000211e-01,2.398165292120932324e-03
4.789181712999999729e-01,2.398151209307937577e-03
4.789355464999999756e-01,2.398134664090891335e-03
4.789398901999999958e-01,2.398130587214602517e-03
4.789572645999999878e-01,2.398114072311533299e-03
4.789616080999999914e-01,2.398110145688306643e-03
4.789746383999999857e-01,2.398097599057386238e-03
4.790224129999999803e-01,2.398052298813492089e-03
4.790267558999999897e-01,2.398048180763492129e-03
4.790745252999999981e-01,2.398004681066317513e-03
4.791005792999999957e-01,2.397978174433865618e-03
4.791353158000000168e-01,2.397945231649990707e-03
4.791439994999999730e-01,2.397936996065005034e-03
4.791960986000000089e-01,2.397887583481854434e-03
4.792047811999999851e-01,2.397879348316921209e-03
4.792178048999999884e-01,2.397867378976125795e-03
4.792351691999999774e-01,2.397850668560826907e-03
4.792525328999999723e-01,2.397835854044341394e-03
4.792698959000000203e-01,2.397817585530614450e-03
4.792829177999999857e-01,2.397805240137008184e-03
4.792872584000000269e-01,2.397801116025172728e-03
4.793089604999999920e-01,2.397780570822406233e-03
4.793219812999999774e-01,2.397768177514719712e-03
4.793393418999999933e-01,2.397751708543634404e-03
4.793740610000000180e-01,2.397720066281946831e-03
4.793784007999999930e-01,2.397716596792893139e-03
4.793914196999999877e-01,2.397706188327079074e-03
4.794087777000000106e-01,2.397685834636225678e-03
4.794131171000000080e-01,2.397685603070754887e-03
4.794391526999999820e-01,2.397657914874403752e-03
4.794434919000000184e-01,2.397654841532021082e-03
4.794782034999999776e-01,2.397619963883329628e-03
4.794825422999999809e-01,2.397616428505241690e-03
4.795302663000000076e-01,2.397572505433879803e-03
4.795606336000000081e-01,2.397541889663803126e-03
4.795866611999999862e-01,2.397518989687960015e-03
4.796343747999999851e-01,2.397472665424162271e-03
4.796517240000000015e-01,2.397457243439086137e-03
4.796864205999999964e-01,2.397422453847523546e-03
4.797037679999999749e-01,2.397405912801663704e-03
4.797211147000000064e-01,2.397389441426642405e-03
4.797254511999999860e-01,2.397389210011566067e-03
4.797514699000000049e-01,2.397360628804131449e-03
4.797558062000000234e-01,2.397357279383151296e-03
4.797688149000000069e-01,2.397344164799363429e-03
4.797904953000000083e-01,2.397323585020775995e-03
4.798078387999999972e-01,2.397308416281421564e-03
4.798381885999999930e-01,2.397279209630874281e-03
4.798425241000000008e-01,2.397274194881954777e-03
4.798555304000000077e-01,2.397261847663664444e-03
4.798598658000000072e-01,2.397257731939951217e-03
4.798945472999999740e-01,2.397224949707242852e-03
4.798988822999999959e-01,2.397224575181170370e-03
4.799075521999999761e-01,2.397212459804466764e-03
4.799335610000000085e-01,2.397187766465868914e-03
4.799465648999999834e-01,2.397175420071619503e-03
4.799595683999999807e-01,2.397163073647882829e-03
4.799769058999999727e-01,2.397146611994574548e-03
4.799942427000000178e-01,2.397130150622562520e-03
4.799985768000000208e-01,2.397127977225319527e-03
4.800029109000000238e-01,2.397121919923235565e-03
4.800159129000000080e-01,2.397109574136115084e-03
4.800289145000000146e-01,2.397097228252671481e-03
4.800375821000000265e-01,2.397089764223275191e-03
4.800505830999999834e-01,2.397078449931863871e-03
4.800722506999999806e-01,2.397056118118261539e-03
4.801025837999999824e-01,2.397027271062154418e-03
4.801069169000000136e-01,2.397027039760282665e-03
4.801329148999999852e-01,2.396998470731883605e-03
4.801415806000000064e-01,2.396990236459662065e-03
4.802109003999999737e-01,2.396924399381193411e-03
4.802238966999999858e-01,2.396913997020134503e-03
4.802368926999999732e-01,2.396899997634586998e-03
4.802715470000000209e-01,2.396867393875814350e-03
4.803105301000000216e-01,2.396829764433437617e-03
4.803278549000000175e-01,2.396813498357522158e-03
4.803451790000000110e-01,2.396796849362489712e-03
4.803495099999999796e-01,2.396794029409991204e-03
4.803754948000000247e-01,2.396768049516263561e-03
4.803798255000000239e-01,2.396763935160645207e-03
4.804144694999999965e-01,2.396731021865434411e-03
4.804187998000000182e-01,2.396726907836078946e-03
4.804317905000000111e-01,2.396714565379137914e-03
4.804534408999999728e-01,2.396693995193543113e-03
4.804664307000000023e-01,2.396681694753432200e-03
4.804837498999999790e-01,2.396667138792700318e-03
4.805010684000000087e-01,2.396649640388498568e-03
4.805313743999999887e-01,2.396619945093526882e-03
4.805573494000000001e-01,2.396595262660566102e-03
4.805703364000000199e-01,2.396582934986605032e-03
4.805833230000000067e-01,2.396570580454834148e-03
4.805876518000000153e-01,2.396566538449878148e-03
4.806006380000000244e-01,2.396554126018470357e-03
4.806266091999999990e-01,2.396531768952909081e-03
4.806742196000000078e-01,2.396484196933543198e-03
4.806915312000000218e-01,2.396467743431420373e-03
4.806958591000000114e-01,2.396463630195514415e-03
4.807391350999999924e-01,2.396423396081438870e-03
4.807434624999999961e-01,2.396418384443960159e-03
4.807650989000000208e-01,2.396397818795543283e-03
4.807780803000000214e-01,2.396387420441143962e-03
4.807953882000000068e-01,2.396369027328800437e-03
4.808126954999999980e-01,2.396352575230823075e-03
4.808343287999999882e-01,2.396332010549292058e-03
4.808473082999999981e-01,2.396319671971190116e-03
4.808689400000000225e-01,2.396299149180751691e-03
4.808992228000000257e-01,2.396270318324141176e-03
4.809295035999999746e-01,2.396241529615521053e-03
4.809338293000000042e-01,2.396237799836483350e-03
4.809381549999999783e-01,2.396237185699868523e-03
4.809468061000000128e-01,2.396225222089625861e-03
4.809511316000000258e-01,2.396220966408689305e-03
4.809641080000000013e-01,2.396208628762930976e-03
4.809857343999999757e-01,2.396188964530771709e-03
4.810073598999999867e-01,2.396167503990025323e-03
4.810160097999999773e-01,2.396159292735341312e-03
4.810376339999999917e-01,2.396138717433033468e-03
4.810765549000000085e-01,2.396101707012716475e-03
4.810895278999999802e-01,2.396089370372864007e-03
4.811025004999999743e-01,2.396077033946289285e-03
4.811068245999999826e-01,2.396073698029763631e-03
4.811414162000000050e-01,2.396040025159038370e-03
4.811457399999999884e-01,2.396035913214006070e-03
4.812235612999999912e-01,2.395961899017337842e-03
4.812408531999999850e-01,2.395947248061854745e-03
4.812494989000000167e-01,2.395937611330275791e-03
4.812624671999999881e-01,2.395924893326228759e-03
4.812797576999999771e-01,2.395908488172019714e-03
4.812840802000000195e-01,2.395906275393241795e-03
4.813143368999999727e-01,2.395875840115743900e-03
4.813489134999999752e-01,2.395842662303296865e-03
4.813618792000000091e-01,2.395830328105298408e-03
4.813791660999999777e-01,2.395813882554527399e-03
4.813878093000000247e-01,2.395805659941384076e-03
4.814137380999999882e-01,2.395788895821648022e-03
4.814180593999999869e-01,2.395784784562598677e-03
4.814310231999999745e-01,2.395767181885568708e-03
4.814526286999999960e-01,2.395745967441419415e-03
4.814699123000000247e-01,2.395728520507778552e-03
4.814828747000000075e-01,2.395723117174254017e-03
4.814915161000000166e-01,2.395706991893675319e-03
4.815044777999999970e-01,2.395696454776931501e-03
4.815217596999999961e-01,2.395686118088024338e-03
4.815606414999999974e-01,2.395641217258515868e-03
4.815692815000000016e-01,2.395640898354170229e-03
4.815736013999999954e-01,2.395629650416414118e-03
4.815952004999999869e-01,2.395608331141585532e-03
4.816254374999999754e-01,2.395583507567672094e-03
4.816643110000000116e-01,2.395544501000879990e-03
4.816772681000000000e-01,2.395530229689814359e-03
4.816902249000000191e-01,2.395519945318957261e-03
4.816988624999999913e-01,2.395509760411010727e-03
4.817075000000000107e-01,2.395501456663623116e-03
4.817463669000000004e-01,2.395464463639274469e-03
4.817636399999999930e-01,2.395450656464108256e-03
4.817679582000000127e-01,2.395443912298148188e-03
4.817765943999999800e-01,2.395436589676169358e-03
4.817809124999999915e-01,2.395431581770665445e-03
4.818025022999999907e-01,2.395411030945034363e-03
4.818327264000000221e-01,2.395382260431729721e-03
4.818456789000000184e-01,2.395371905747019792e-03
4.818672657999999998e-01,2.395351320130054834e-03
4.818715831000000005e-01,2.395345270653632865e-03
4.818845346000000252e-01,2.395332941073957059e-03
4.818974858000000250e-01,2.395320611406747107e-03
4.819018028000000009e-01,2.395316501577474631e-03
4.819061197999999768e-01,2.395312774403236117e-03
4.819190703999999825e-01,2.395300062408263399e-03
4.819320206000000106e-01,2.395287746532027886e-03
4.819363373000000172e-01,2.395291524005711131e-03
4.819838182000000248e-01,2.395238417014895760e-03
4.819881343999999901e-01,2.395234307438366857e-03
4.820097148999999970e-01,2.395213759590562961e-03
4.820226628000000013e-01,2.395201431230232960e-03
4.820356102000000198e-01,2.395193052804622108e-03
4.820571886000000195e-01,2.395169004469342375e-03
4.820744505999999818e-01,2.395152404103356031e-03
4.820787659999999919e-01,2.395149301664888444e-03
4.821262329000000069e-01,2.395102848562867190e-03
4.821434923999999844e-01,2.395090320234308581e-03
4.821736951000000215e-01,2.395057606883175139e-03
4.821909529000000250e-01,2.395041170712153278e-03
4.822168385000000224e-01,2.395016517047053855e-03
4.822297806999999992e-01,2.395004190307385792e-03
4.822470366000000119e-01,2.394988520054085537e-03
4.822599779999999781e-01,2.394979377847884262e-03
4.822815462999999747e-01,2.394954884617436948e-03
4.822988002999999968e-01,2.394942327475829604e-03
4.823203669000000193e-01,2.394917906372721981e-03
4.823289933000000085e-01,2.394909689171533830e-03
4.823462454999999927e-01,2.394894152293445492e-03
4.823850608999999956e-01,2.394864176712864414e-03
4.823893734999999960e-01,2.394852170162253477e-03
4.824023110999999808e-01,2.394839849324075648e-03
4.824368097999999772e-01,2.394806978119712153e-03
4.824669940999999906e-01,2.394778363295404795e-03
4.825057997000000154e-01,2.394741247126451825e-03
4.825187342000000212e-01,2.394732871712748103e-03
4.825230456999999862e-01,2.394724814985840951e-03
4.825273569999999901e-01,2.394722645465649415e-03
4.825618468000000272e-01,2.394687925938394912e-03
4.825920233000000059e-01,2.394659087903409315e-03
4.825963340000000157e-01,2.394655171303573197e-03
4.826221977999999857e-01,2.394630333389584625e-03
4.826308188000000277e-01,2.394622117800316707e-03
4.826437499999999825e-01,2.394610243285486516e-03
4.826609909999999837e-01,2.394597312379666883e-03
4.826739212999999751e-01,2.394581041221680376e-03
4.826782313999999907e-01,2.394576933522362967e-03
4.826997809999999944e-01,2.394556395734698424e-03
4.827127103000000141e-01,2.394544073287299592e-03
4.827342584000000048e-01,2.394523535971620782e-03
4.827601147999999731e-01,2.394498891689737351e-03
4.827644240999999781e-01,2.394498660780351989e-03
4.827945879000000162e-01,2.394466033184675102e-03
4.828032058000000237e-01,2.394457818742181266e-03
4.828118235000000147e-01,2.394453552189753504e-03
4.828376757999999769e-01,2.394424961289650343e-03
4.828678350999999758e-01,2.394396354544036081e-03
4.828807599000000117e-01,2.394383904097502087e-03
4.829023004999999924e-01,2.394363355861132275e-03
4.829496864000000222e-01,2.394319974188444979e-03
4.829539938999999893e-01,2.394314838177566233e-03
4.829712239000000240e-01,2.394301593742822424e-03
4.829884532000000008e-01,2.394281219450484968e-03
4.830056818999999835e-01,2.394264834179424435e-03
4.830099889999999729e-01,2.394261978036591344e-03
4.830444441999999783e-01,2.394227833440265660e-03
4.830702840000000164e-01,2.394203194504773962e-03
4.830745905000000118e-01,2.394199087983219735e-03
4.831262655999999933e-01,2.394149811581284745e-03
4.831391835000000134e-01,2.394145386840676112e-03
4.831607124999999781e-01,2.394116961721490591e-03
4.831736294999999792e-01,2.394104643079044206e-03
4.831779351000000111e-01,2.394100536978859949e-03
4.832123783000000228e-01,2.394067688127355167e-03
4.832166835999999743e-01,2.394063582194687519e-03
4.832252939000000191e-01,2.394055370052005933e-03
4.832295991000000179e-01,2.394051264122565737e-03
4.832640386000000010e-01,2.394019833725449190e-03
4.832769529000000008e-01,2.394006384538786402e-03
4.832812575000000055e-01,2.394001993054355529e-03
4.832941713000000195e-01,2.393989675534302121e-03
4.833156934000000238e-01,2.393973093199708128e-03
4.833199977000000036e-01,2.393965805581733334e-03
4.833458227999999912e-01,2.393940406815737131e-03
4.833673426999999800e-01,2.393919892091394240e-03
4.833845579000000114e-01,2.393903456341984776e-03
4.834232897999999889e-01,2.393866507009973204e-03
4.834534125000000127e-01,2.393853105309377578e-03
4.834577156000000042e-01,2.393837518524268449e-03
4.834706246000000096e-01,2.393825181865417290e-03
4.834921388999999792e-01,2.393816157260944717e-03
4.835007443000000071e-01,2.393795241767319483e-03
4.835222572999999802e-01,2.393775919024117987e-03
4.835265597999999776e-01,2.393769917245459292e-03
4.835609781999999912e-01,2.393750474330774789e-03
4.835738844999999952e-01,2.393722824210937385e-03
4.835867904000000217e-01,2.393711107092369884e-03
4.836082995000000051e-01,2.393697651891881807e-03
4.836255060999999911e-01,2.393673565272202118e-03
4.836642187999999898e-01,2.393651955909274157e-03
4.836943264999999936e-01,2.393609379312298686e-03
4.837072291999999774e-01,2.393595575193932512e-03
4.837287329000000136e-01,2.393582718919819944e-03
4.837459352999999851e-01,2.393558634288029709e-03
4.837674372999999917e-01,2.393538111882812652e-03
4.837975386000000211e-01,2.393513254802517951e-03
4.838018385999999782e-01,2.393510387569031724e-03
4.838319376999999921e-01,2.393476546631618726e-03
4.838448368000000110e-01,2.393464234015878385e-03
4.838620349000000154e-01,2.393447823910778080e-03
4.838835317999999885e-01,2.393442628061850756e-03
4.838964295000000027e-01,2.393422874160488437e-03
4.839179249000000183e-01,2.393395089297051508e-03
4.839523153999999994e-01,2.393361632477032652e-03
4.839738082999999746e-01,2.393344945748690673e-03
4.839867036000000122e-01,2.393328801554298318e-03
4.840382811999999757e-01,2.393279556853551444e-03
4.840726631999999752e-01,2.393262057490728491e-03
4.840769608000000113e-01,2.393244943023532193e-03
4.841070427999999981e-01,2.393217844318508338e-03
4.841199345000000154e-01,2.393201875069955915e-03
4.841586076000000127e-01,2.393164659271812197e-03
4.841800913000000040e-01,2.393151807118958085e-03
4.841886845000000217e-01,2.393135936565489886e-03
4.842574248000000026e-01,2.393071182714120396e-03
4.842746083000000201e-01,2.393053874569581272e-03
4.842831998000000082e-01,2.393045668585302467e-03
4.842960868999999779e-01,2.393041023384825591e-03
4.843132689999999907e-01,2.393016948253370337e-03
4.843261551999999970e-01,2.393008583521766784e-03
4.843476314999999865e-01,2.392984125758240103e-03
4.843648119000000252e-01,2.392969657692330283e-03
4.843776967000000266e-01,2.392955406773892776e-03
4.843862863999999768e-01,2.392947284262906919e-03
4.844163491999999849e-01,2.392918483255139853e-03
4.844206436999999865e-01,2.392922043579496366e-03
4.844507043999999873e-01,2.392885663223691655e-03
4.844549986000000197e-01,2.392881560697981448e-03
4.844678810999999974e-01,2.392869444416212323e-03
4.844893511000000208e-01,2.392848741567163082e-03
4.845194073999999906e-01,2.392820025411350904e-03
4.845365817000000241e-01,2.392803616389654799e-03
4.845537552999999997e-01,2.392791123618768015e-03
4.845580486000000131e-01,2.392783105455347469e-03
4.845709282999999812e-01,2.392770799106895899e-03
4.846052726000000255e-01,2.392739774523667054e-03
4.846524918999999820e-01,2.392692861077874451e-03
4.846610767000000264e-01,2.392685947847276225e-03
4.846739536999999931e-01,2.392672351979114893e-03
4.846868302999999822e-01,2.392660046451786874e-03
4.846911224000000074e-01,2.392655944737387321e-03
4.846954144999999770e-01,2.392667165806708872e-03
4.847211663000000059e-01,2.392627232643029875e-03
4.847297499000000065e-01,2.392619029288082285e-03
4.847597913999999730e-01,2.392590318178489193e-03
4.847769571000000166e-01,2.392573911849409617e-03
4.847898310000000044e-01,2.392565549859294524e-03
4.848284507000000243e-01,2.392524694595032139e-03
4.848456139000000276e-01,2.392523610428598860e-03
4.848627765999999895e-01,2.392491966804037931e-03
4.848670672000000015e-01,2.392487973720678739e-03
4.848756482000000090e-01,2.392479583655815392e-03
4.848799387000000127e-01,2.392475479041646005e-03
4.849142610000000131e-01,2.392442669778089160e-03
4.849614501999999772e-01,2.392398453877808175e-03
4.849657399999999785e-01,2.392395392423043998e-03
4.849957668000000055e-01,2.392365035966192294e-03
4.850043455999999975e-01,2.392364208680433733e-03
4.850172133999999802e-01,2.392344246361160012e-03
4.850343699999999925e-01,2.392331785089956298e-03
4.850386590999999914e-01,2.392323742464858710e-03
4.850729702000000088e-01,2.392290936727323354e-03
4.850858362000000090e-01,2.392278634865287797e-03
4.850987018999999845e-01,2.392266333142660257e-03
4.851072787999999858e-01,2.392258131990795001e-03
4.851716010000000079e-01,2.392211942606177130e-03
4.851758889000000186e-01,2.392192524558463089e-03
4.852016150999999833e-01,2.392167922592390236e-03
4.852101902000000022e-01,2.392159721984733756e-03
4.852402020000000094e-01,2.392131020527005041e-03
4.852744988000000093e-01,2.392098601268625221e-03
4.852787856999999927e-01,2.392097989121747762e-03
4.852873595000000151e-01,2.392093801538170989e-03
4.852916462999999903e-01,2.392081819290562805e-03
4.853259395000000254e-01,2.392049915028016723e-03
4.853387988000000264e-01,2.392036719818651461e-03
4.853473715000000133e-01,2.392032369639890410e-03
4.853559440999999919e-01,2.392020320327044314e-03
4.853816608000000032e-01,2.391995721556710273e-03
4.853945185999999912e-01,2.391983428979367957e-03
4.854245188999999905e-01,2.391954724425290543e-03
4.854288044999999774e-01,2.391950624849800700e-03
4.854459466000000112e-01,2.391934511599358004e-03
4.854802288999999771e-01,2.391901430141933453e-03
4.854930841000000274e-01,2.391898654301255044e-03
4.854973691000000202e-01,2.391899316047450211e-03
4.855102238999999820e-01,2.391887017676796318e-03
4.855316478000000213e-01,2.391874177603085447e-03
4.855445017000000196e-01,2.391839939410111103e-03
4.855487862000000265e-01,2.391839780442957860e-03
4.855616395999999835e-01,2.391837825349964110e-03
4.855873454999999894e-01,2.391798947113396925e-03
4.856001978999999746e-01,2.391802866708966045e-03
4.856344691999999741e-01,2.391753856962079358e-03
4.856473204000000266e-01,2.391748701024420769e-03
4.856516040000000145e-01,2.391737460981015629e-03
4.856901551000000206e-01,2.391700952241089008e-03
4.856987215999999941e-01,2.391694163466576845e-03
4.857030048000000044e-01,2.391702555703156992e-03
4.857244202000000066e-01,2.391683091780374450e-03
4.857372689000000188e-01,2.391655483844929743e-03
4.857672480999999931e-01,2.391655354941464150e-03
4.857715307000000093e-01,2.391622694362238646e-03
4.857886605999999774e-01,2.391606299933779316e-03
4.858186366000000200e-01,2.391581549684004306e-03
4.858400467999999806e-01,2.391566665446739296e-03
4.858871461000000003e-01,2.391512035604803112e-03
4.858914276999999893e-01,2.391507937446249281e-03
4.859042720000000259e-01,2.391495785137789844e-03
4.859213973000000020e-01,2.391493535851007407e-03
4.859256785000000134e-01,2.391478978881176037e-03
4.859299597000000248e-01,2.391472987226210892e-03
4.859984534999999828e-01,2.391405484086262054e-03
4.860112951000000181e-01,2.391407468740554092e-03
4.860455375000000133e-01,2.391360407074307783e-03
4.860797774000000238e-01,2.391329414870643245e-03
4.860968964999999864e-01,2.391313203316847245e-03
4.861011761999999847e-01,2.391307136144655947e-03
4.861097354999999731e-01,2.391327496015196313e-03
4.861140150000000104e-01,2.391295224761822314e-03
4.861354123000000138e-01,2.391282008823107392e-03
4.861482502000000205e-01,2.391262062496447589e-03
4.861995983999999882e-01,2.391212892810195331e-03
4.862167132999999919e-01,2.391225056396913910e-03
4.862381060000000033e-01,2.391176016857220546e-03
4.862509412000000086e-01,2.391163725072670710e-03
4.862680542999999744e-01,2.391148625155996039e-03
4.863065563999999785e-01,2.391110461927030157e-03
4.863151121000000021e-01,2.391102267753067098e-03
4.863322228999999997e-01,2.391100154956312708e-03
4.863407779999999736e-01,2.391077726995964430e-03
4.863536104999999776e-01,2.391073047225265868e-03
4.863707199999999786e-01,2.391049149556119351e-03
4.863835517000000275e-01,2.391040654553683049e-03
4.863878287999999772e-01,2.391032619648231130e-03
4.864049369999999817e-01,2.391016232328764448e-03
4.864092139999999787e-01,2.391012135596573118e-03
4.864348749999999888e-01,2.390987555069952041e-03
4.864434283999999886e-01,2.390979361701098434e-03
4.864562581999999913e-01,2.390974212012610296e-03
4.864690876000000164e-01,2.390956571357936294e-03
4.864733640000000192e-01,2.390950685072797729e-03
4.865204019000000102e-01,2.390905623385401919e-03
4.865460570999999845e-01,2.390881426210296305e-03
4.865588840999999776e-01,2.390868755597878089e-03
4.865759863999999935e-01,2.390852370262420718e-03
4.865802618000000246e-01,2.390855925279419380e-03
4.865888125999999758e-01,2.390849596668112934e-03
4.866144641999999854e-01,2.390817437151077432e-03
4.866272893999999960e-01,2.390803215594929868e-03
4.866401143999999901e-01,2.390790927169540205e-03
4.866785871000000041e-01,2.390761937183443625e-03
4.867127824999999963e-01,2.390721294981743190e-03
4.867170567999999919e-01,2.390717199175247144e-03
4.867298793000000012e-01,2.390714425764225472e-03
4.867640711999999814e-01,2.390672145146339762e-03
4.868153544000000110e-01,2.390628096912414402e-03
4.868196277999999877e-01,2.390618901388995299e-03
4.868324475999999956e-01,2.390606614555497184e-03
4.868452670999999787e-01,2.390594470409319796e-03
4.868495401999999861e-01,2.390590315109144236e-03
4.868666321999999824e-01,2.390574745072597280e-03
4.868794508000000021e-01,2.390590103907515133e-03
4.869563553999999850e-01,2.390487848716924164e-03
4.869691716999999809e-01,2.390479428234241945e-03
4.869819875999999992e-01,2.390467214120619091e-03
4.869862595000000183e-01,2.390459945269954051e-03
4.869990750000000035e-01,2.390446910757257869e-03
4.870375192999999991e-01,2.390417176324989047e-03
4.870588759999999739e-01,2.390397216217911465e-03
4.871229403999999819e-01,2.390328145475898412e-03
4.871272110000000044e-01,2.390324050664931980e-03
4.871357523000000023e-01,2.390315861352358857e-03
4.871528341999999956e-01,2.390299482761955654e-03
4.871571046000000016e-01,2.390295388137610774e-03
4.871613750000000076e-01,2.390291293477876233e-03
4.871741857999999925e-01,2.390279009713325124e-03
4.871912663999999893e-01,2.390262631632029001e-03
4.871955365000000260e-01,2.390258537073202457e-03
4.872040765000000273e-01,2.390264614703922329e-03
4.872254259000000087e-01,2.390229875880014142e-03
4.872723911999999880e-01,2.390185732389045643e-03
4.872937375999999987e-01,2.390166334646882246e-03
4.873108139999999810e-01,2.390155637381339258e-03
4.873278898000000248e-01,2.390131898299715629e-03
4.873321587000000177e-01,2.390131383484908091e-03
4.873449650000000188e-01,2.390115237105225592e-03
4.873663081999999869e-01,2.390094849537090140e-03
4.873791136999999773e-01,2.390096749776208541e-03
4.873961870999999890e-01,2.390066109223550062e-03
4.874260642000000088e-01,2.390037452031556955e-03
4.874303321999999827e-01,2.390033358169570566e-03
4.874346002000000122e-01,2.390030026847276157e-03
4.875327529999999854e-01,2.389986377454920378e-03
4.875370200999999959e-01,2.389951523481840309e-03
4.875455541000000004e-01,2.389922829537578872e-03
4.875498211000000026e-01,2.389931556165632298e-03
4.875626216999999762e-01,2.389920718755460336e-03
4.875711553000000031e-01,2.389914908344864097e-03
4.876010217000000257e-01,2.389895247776107744e-03
4.876138210000000028e-01,2.389861270053727713e-03
4.876394184999999770e-01,2.389884039405950830e-03
4.876522167999999824e-01,2.389820496281135510e-03
4.876735466000000074e-01,2.389800030621675852e-03
4.876863439999999938e-01,2.389814276273267372e-03
4.876991410000000027e-01,2.389775472184712569e-03
4.877034066000000001e-01,2.389773310662961052e-03
4.877332649000000186e-01,2.389742728337715481e-03
4.877417955000000194e-01,2.389760172251474257e-03
4.877503259000000035e-01,2.389726356517400674e-03
4.877545911000000234e-01,2.389750785787677061e-03
4.877716514000000059e-01,2.389705892329264079e-03
4.878057700999999802e-01,2.389698778768836740e-03
4.878100348000000142e-01,2.389669057407266522e-03
4.878185641000000183e-01,2.389660966818475153e-03
4.878398864999999862e-01,2.389655697603135058e-03
4.878441508999999954e-01,2.389636315927908938e-03
4.878782646000000001e-01,2.389629202919927274e-03
4.878910565999999838e-01,2.389591509137902782e-03
4.879422213999999869e-01,2.389546122791857616e-03
4.879550116999999965e-01,2.389544171117101781e-03
4.879592750999999784e-01,2.389577071745893014e-03
4.880061696999999921e-01,2.389480805536450293e-03
4.880232212000000236e-01,2.389464436981587198e-03
4.880445346999999767e-01,2.389443976630567859e-03
4.880487973000000035e-01,2.389491133294504004e-03
4.880615849000000117e-01,2.389427608625596493e-03
4.880743720999999868e-01,2.389415332651164629e-03
4.880786343999999888e-01,2.389411240754730527e-03
4.880828966999999907e-01,2.389408114342412258e-03
4.881084696999999917e-01,2.389383498003492742e-03
4.881169937000000014e-01,2.389389699837368188e-03
4.881468266999999805e-01,2.389358582647738930e-03
4.881638731999999870e-01,2.389357918372433161e-03
4.882277925999999879e-01,2.389268030522964312e-03
4.882533580000000262e-01,2.389256292115921488e-03
4.882789220000000041e-01,2.389226799086906824e-03
4.882874430999999960e-01,2.389210750829798193e-03
4.883002243999999825e-01,2.389198476808945988e-03
4.883172655999999945e-01,2.389182182945574166e-03
4.883513461999999805e-01,2.389149382247620409e-03
4.883556061000000059e-01,2.389146053022410225e-03
4.883683856000000101e-01,2.389158636347548173e-03
4.883811647999999894e-01,2.389134999261386533e-03
4.883896840999999989e-01,2.389112562374635235e-03
4.884024626999999841e-01,2.389105383718721602e-03
4.884195003999999840e-01,2.389083925462017529e-03
4.884237597000000153e-01,2.389079875826992209e-03
4.884578328999999997e-01,2.389047107495712897e-03
4.884706097000000025e-01,2.389036765625763507e-03
4.884919037000000075e-01,2.389039997545332281e-03
4.885046796999999996e-01,2.389002109171518926e-03
4.885387472000000120e-01,2.388971170933981963e-03
4.885685544000000213e-01,2.388940749969413815e-03
4.885941019000000218e-01,2.388916207206613455e-03
4.886068752000000126e-01,2.388932440868870785e-03
4.886239057000000274e-01,2.388917120223477391e-03
4.886537076999999951e-01,2.388858942337177254e-03
4.886749937000000044e-01,2.388838504529822767e-03
4.886962787999999946e-01,2.388833320012359422e-03
4.887090493999999841e-01,2.388805769841116557e-03
4.887260762999999786e-01,2.388789409612194093e-03
4.887643848000000069e-01,2.388778210966679711e-03
4.887771536000000139e-01,2.388740329793139286e-03
4.887899220999999961e-01,2.388728060129660918e-03
4.888239697999999800e-01,2.388695483877066594e-03
4.888282255999999992e-01,2.388691505781929004e-03
4.888409926999999766e-01,2.388707482886727029e-03
4.888452483999999876e-01,2.388674892915100718e-03
4.888665260000000234e-01,2.388658304503005810e-03
4.889133335999999996e-01,2.388635067911406163e-03
4.889643913999999758e-01,2.388560468533399653e-03
4.889686458999999985e-01,2.388556296752747821e-03
4.889771548999999884e-01,2.388549726036933493e-03
4.889814094000000111e-01,2.388544028659051518e-03
4.889984269000000050e-01,2.388535309750863637e-03
4.890154436999999965e-01,2.388511314574209409e-03
4.890282060000000208e-01,2.388499047043956495e-03
4.890324600000000022e-01,2.388494957846679263e-03
4.890452217999999851e-01,2.388482690498441342e-03
4.890707444999999876e-01,2.388483761786398124e-03
4.890835052999999988e-01,2.388460136436615713e-03
4.890962657999999852e-01,2.388433621825756387e-03
4.891047726000000151e-01,2.388425443909810396e-03
4.891132792999999812e-01,2.388417265992465784e-03
4.891175325000000074e-01,2.388413177121867775e-03
4.891515573999999922e-01,2.388380466107424202e-03
4.891728216999999823e-01,2.388360022203322476e-03
4.892068426999999775e-01,2.388327312629355981e-03
4.892195999999999767e-01,2.388315046697255233e-03
4.892366092000000055e-01,2.388324295153356879e-03
4.892493656999999940e-01,2.388286433421859915e-03
4.892706257000000170e-01,2.388269843032408361e-03
4.893088916000000177e-01,2.388237205767428355e-03
4.893344003999999803e-01,2.388233148853229244e-03
4.893386518000000240e-01,2.388202606300956349e-03
4.893854141999999796e-01,2.388155600065776027e-03
4.893896650999999820e-01,2.388151511903252242e-03
4.894109191000000081e-01,2.388156671148865869e-03
4.894236711000000128e-01,2.388119253852604915e-03
4.894534242999999951e-01,2.388090191502193708e-03
4.894576746000000034e-01,2.388086103503357562e-03
4.894789257000000116e-01,2.388065664065750285e-03
4.895129254000000207e-01,2.388033044081412041e-03
4.895426732000000003e-01,2.388004347541968723e-03
4.895724191999999975e-01,2.388005344920424156e-03
4.895766684999999785e-01,2.388060478742854396e-03
4.895894161000000078e-01,2.388048215264075916e-03
4.895936652999999805e-01,2.387975215771330571e-03
4.896106613999999801e-01,2.387983361397098651e-03
4.896276569999999939e-01,2.387930231399308916e-03
4.896404033000000267e-01,2.387954748392809388e-03
4.896786402000000149e-01,2.387895754696783921e-03
4.896828885999999770e-01,2.387873318682746850e-03
4.897083779999999997e-01,2.387852795291883767e-03
4.897168741999999853e-01,2.387836763169638114e-03
4.897253702000000097e-01,2.387917411753989229e-03
4.897296180999999859e-01,2.387824501853594034e-03
4.897466095999999935e-01,2.387808153282840792e-03
4.897805907000000181e-01,2.387864276447042300e-03
4.897848382000000167e-01,2.387788432057320106e-03
4.897975803999999878e-01,2.387759870403639070e-03
4.898315580000000002e-01,2.387726427569761452e-03
4.898442989999999830e-01,2.387758561394504042e-03
4.898612864999999927e-01,2.387712188609481499e-03
4.898782734000000083e-01,2.387683245058201415e-03
4.898867666000000232e-01,2.387673286378624252e-03
4.898995060999999929e-01,2.387661026423208797e-03
4.899164917000000119e-01,2.387666882651764706e-03
4.899504611000000120e-01,2.387611987603068756e-03
4.899547070999999976e-01,2.387615534239538508e-03
4.899844280000000274e-01,2.387630474698253322e-03
4.899886737999999964e-01,2.387575209727214182e-03
4.899971651000000206e-01,2.387596638886246500e-03
4.900141472000000276e-01,2.387550691667586489e-03
4.900353740999999763e-01,2.387530260279462167e-03
4.900523549999999950e-01,2.387513915472933533e-03
4.900693352000000114e-01,2.387497653240833531e-03
4.900863148999999863e-01,2.387529554187274410e-03
4.901032940000000226e-01,2.387466167561431291e-03
4.901372504000000019e-01,2.387446431145059857e-03
4.901542277000000003e-01,2.387415850378617720e-03
4.901839365999999809e-01,2.387476043436566331e-03
4.901881806000000230e-01,2.387383163676469813e-03
4.901924245000000013e-01,2.387404663384853649e-03
4.902009123000000135e-01,2.387370906375042498e-03
4.902518357999999798e-01,2.387321878189969503e-03
4.902603226000000203e-01,2.387313706943855300e-03
4.902900251000000265e-01,2.387337133027228348e-03
4.902942680999999858e-01,2.387281212864950704e-03
4.903069970999999749e-01,2.387268766145084556e-03
4.903409394000000088e-01,2.387237867745430585e-03
4.903748793000000106e-01,2.387203400590154866e-03
4.903918483999999967e-01,2.387187343872133275e-03
4.904045747999999927e-01,2.387263584217627112e-03
4.904088168999999886e-01,2.387196300538633759e-03
4.904215429000000070e-01,2.387164792844399721e-03
4.904300267000000213e-01,2.387150293289599847e-03
4.904554771999999896e-01,2.387125782963608802e-03
4.904597189000000079e-01,2.387121698063351775e-03
4.904724435000000216e-01,2.387113369780318080e-03
4.904978918999999826e-01,2.387084933409619816e-03
4.905275799000000103e-01,2.387085930275511733e-03
4.905318209000000262e-01,2.387054182400400772e-03
4.905445437000000020e-01,2.387040000453617174e-03
4.905572662000000084e-01,2.387027746110694827e-03
4.905996719999999867e-01,2.386986899586228221e-03
4.906081527999999747e-01,2.386978730365778376e-03
4.906335941000000145e-01,2.386965305919614734e-03
4.906463141999999888e-01,2.386941969732889104e-03
4.906590341000000022e-01,2.387018480510512755e-03
4.907014310999999740e-01,2.386888872872058257e-03
4.907141494999999742e-01,2.386905082444202436e-03
4.907268676000000052e-01,2.386864367178731690e-03
4.907650197999999797e-01,2.386827609650110562e-03
4.907989303999999997e-01,2.386817316147332984e-03
4.908116462000000069e-01,2.386783577280147690e-03
4.908286002000000203e-01,2.386766349393017791e-03
4.908370770000000105e-01,2.386758181477777359e-03
4.908497918999999987e-01,2.386745929867279542e-03
4.908667445000000074e-01,2.386744343977566588e-03
4.908709826000000054e-01,2.386725510657394540e-03
4.909006481000000033e-01,2.386696924411371452e-03
4.909175989999999823e-01,2.386680589676806481e-03
4.909303118000000188e-01,2.386668480702409511e-03
4.909387868000000266e-01,2.386660171334107142e-03
4.909472617000000261e-01,2.386740750106733280e-03
4.909642109999999837e-01,2.386635669945492109e-03
4.909684482000000183e-01,2.386633513572253718e-03
4.909853967999999735e-01,2.386622879983589605e-03
4.910150553000000029e-01,2.386600896642603054e-03
4.910192921000000044e-01,2.386582591726903093e-03
4.910828395999999874e-01,2.386521335820279525e-03
4.911040202999999993e-01,2.386545288101973167e-03
4.911082562999999901e-01,2.386522405820859852e-03
4.911209642000000097e-01,2.386484587684299143e-03
4.911548501999999927e-01,2.386451923403744464e-03
4.911717923000000208e-01,2.386435591630302593e-03
4.911760278000000257e-01,2.386431508693688790e-03
4.912056747999999917e-01,2.386402969758600820e-03
4.912691981999999791e-01,2.386365831177255162e-03
4.912861364000000175e-01,2.386325357053075812e-03
4.912903708999999952e-01,2.386322166211391187e-03
4.913115425999999841e-01,2.386301241909168005e-03
4.913242452000000093e-01,2.386317064354130310e-03
4.913369475000000097e-01,2.386276366765716864e-03
4.913454154999999934e-01,2.386283453066320465e-03
4.913581171999999997e-01,2.386281519133787686e-03
4.913708185999999811e-01,2.386243707626994892e-03
4.914131541999999797e-01,2.386206737747064051e-03
4.914427868999999838e-01,2.386263024180464501e-03
4.914470200000000122e-01,2.386170227301821854e-03
4.914766507000000173e-01,2.386141936759828604e-03
4.915105122000000271e-01,2.386108996916618766e-03
4.915274420999999894e-01,2.386092669191959038e-03
4.915486036000000225e-01,2.386072259998514404e-03
4.915570678999999776e-01,2.386064096358440998e-03
4.915782282000000225e-01,2.386043687347170518e-03
4.916120825999999999e-01,2.386060646412413357e-03
4.916163143000000235e-01,2.386106930517709144e-03
4.916247774999999987e-01,2.386043147276045977e-03
4.916290090000000057e-01,2.386069125299334921e-03
4.916417034000000186e-01,2.385996684490281766e-03
4.916501661000000079e-01,2.386011507972160377e-03
4.916797846000000027e-01,2.385984898451938129e-03
4.917136321000000199e-01,2.385920701540519828e-03
4.917178629000000245e-01,2.385983409865507360e-03
4.917305550000000136e-01,2.385896752641511378e-03
4.917517076999999848e-01,2.385876346356151541e-03
4.917643989000000104e-01,2.385938513459154309e-03
4.917770898000000113e-01,2.385852750620975904e-03
4.917855502999999850e-01,2.385843779174140911e-03
4.918151606000000231e-01,2.385903820377227504e-03
4.918193905000000088e-01,2.385885455972160552e-03
4.918278501000000191e-01,2.385802886145709997e-03
4.918320798999999965e-01,2.385799185109207556e-03
4.918532283000000005e-01,2.385778400183015489e-03
4.918659168999999776e-01,2.385768083282155394e-03
4.918828345999999851e-01,2.385799813575740710e-03
4.918955224000000070e-01,2.385737591415772445e-03
4.919166681000000096e-01,2.385717187428244238e-03
4.919208970999999764e-01,2.385713106727944868e-03
4.919547280000000078e-01,2.385754861921248696e-03
4.919674139999999918e-01,2.385682437871023374e-03
4.919843280999999791e-01,2.385651897001651693e-03
4.920139264000000234e-01,2.385712012067286308e-03
4.920308389999999976e-01,2.385607153515496414e-03
4.920350669999999926e-01,2.385677327611190456e-03
4.920688899999999810e-01,2.385570288271343480e-03
4.920815731000000026e-01,2.385558047378704988e-03
4.920858007000000200e-01,2.385553967228548882e-03
4.920900281999999737e-01,2.385557508484723466e-03
4.920984833000000003e-01,2.385549570846700902e-03
4.921196201999999964e-01,2.385521325464743953e-03
4.921238474999999890e-01,2.385666028818976981e-03
4.921576643999999723e-01,2.385510154367865253e-03
4.921872522999999888e-01,2.385456044549088585e-03
4.922041589000000217e-01,2.385439724642416867e-03
4.922210649000000049e-01,2.385462978263593048e-03
4.922337439999999731e-01,2.385411165562652605e-03
4.922379702999999940e-01,2.385407099140306620e-03
4.922717793999999980e-01,2.385376229927141378e-03
4.923013605000000070e-01,2.385374320314280309e-03
4.923182630999999865e-01,2.385329571436814369e-03
4.923267142000000152e-01,2.385359565455164553e-03
4.923393905999999820e-01,2.385309173723576277e-03
4.923562919999999732e-01,2.385292855711161446e-03
4.923605172000000141e-01,2.385289536040808601e-03
4.923731927000000175e-01,2.385276579098753735e-03
4.924281161999999878e-01,2.385223506455768933e-03
4.924365654999999786e-01,2.385259674040593556e-03
4.924407900000000171e-01,2.385311188446756232e-03
4.924745851999999813e-01,2.385186254792999276e-03
4.925252735999999798e-01,2.385133607743840714e-03
4.925421684999999883e-01,2.385113370949929097e-03
4.925632864000000222e-01,2.385241713405173228e-03
4.925759566999999839e-01,2.385080739958621646e-03
4.925886266999999763e-01,2.385068503437329755e-03
4.925928500000000265e-01,2.385064708433574498e-03
4.926224116999999847e-01,2.385035873549865015e-03
4.926266347000000101e-01,2.385031794776233671e-03
4.926308576000000272e-01,2.385027716158945148e-03
4.926435262000000148e-01,2.385024954725211994e-03
4.926604171000000254e-01,2.385087803663679153e-03
4.926941972000000169e-01,2.385115260595856677e-03
4.927068640999999749e-01,2.384954302138205841e-03
4.927321969999999829e-01,2.384980910475743496e-03
4.927744156000000153e-01,2.384890830202976864e-03
4.927786371999999804e-01,2.384884970265292899e-03
4.927955234999999989e-01,2.384870582013463337e-03
4.928124092000000234e-01,2.384852344812622271e-03
4.928292942999999982e-01,2.384836032400182784e-03
4.928335154999999856e-01,2.384869131337546272e-03
4.928419578000000079e-01,2.384823798074457973e-03
4.928588419000000109e-01,2.384807499375823318e-03
4.928672836999999918e-01,2.384804408243305397e-03
4.928926083999999874e-01,2.384819174033291078e-03
4.928968289999999808e-01,2.384771164196266332e-03
4.929305929000000197e-01,2.384738161728518994e-03
4.929601344000000274e-01,2.384712230701138084e-03
4.929685744999999786e-01,2.384701544367422155e-03
4.929812344000000235e-01,2.384763575404826030e-03
4.929938938999999798e-01,2.384705412631999300e-03
4.929981137000000180e-01,2.384672918591281606e-03
4.930318706999999856e-01,2.384691366170063869e-03
4.930360900999999907e-01,2.384636220832875731e-03
4.931331275999999986e-01,2.384631049896937180e-03
4.931373461999999930e-01,2.384687040778606538e-03
4.931500017000000069e-01,2.384526133173755971e-03
4.931626570000000043e-01,2.384514043536773049e-03
4.931837483000000022e-01,2.384493516266256424e-03
4.932006206999999809e-01,2.384477208272823331e-03
4.932638870000000120e-01,2.384416054607371455e-03
4.932681045000000264e-01,2.384419592849665662e-03
4.932723218999999770e-01,2.384409183534812009e-03
4.932849739999999872e-01,2.384397451609988026e-03
4.933018430000000176e-01,2.384528022337572672e-03
4.933060600999999989e-01,2.384375286892541617e-03
4.933144943000000171e-01,2.384367133525288132e-03
4.933397959999999971e-01,2.384368202113929316e-03
4.933524463000000249e-01,2.384344648612772479e-03
4.933650962999999723e-01,2.384318214390355149e-03
4.933819624999999931e-01,2.384324056504582862e-03
4.934030444999999987e-01,2.384285444747536419e-03
4.934409896999999989e-01,2.384245218561096852e-03
4.934494215999999933e-01,2.384236686399069174e-03
4.934747163000000048e-01,2.384286549127390045e-03
4.934873631999999732e-01,2.384200004899372522e-03
4.935168714000000012e-01,2.384171467504097967e-03
4.935379475000000182e-01,2.384151087346917611e-03
4.935421627000000089e-01,2.384147011339684923e-03
4.935716674999999776e-01,2.384118520735624500e-03
4.935758823999999989e-01,2.384114403704625830e-03
4.935885266999999743e-01,2.384102176027779081e-03
4.936095998000000207e-01,2.384081796736083492e-03
4.936391005999999915e-01,2.384097554454167860e-03
4.936517433000000010e-01,2.384282453446431600e-03
4.936559575000000200e-01,2.384092098619947694e-03
4.936685996999999881e-01,2.384266147898612964e-03
4.936770276999999929e-01,2.384024198396323454e-03
4.936896693999999752e-01,2.384245766241234205e-03
4.937191655000000012e-01,2.384043280977222144e-03
4.937402329999999728e-01,2.383955594457030144e-03
4.937570863999999893e-01,2.384061772316555580e-03
4.937781522999999950e-01,2.383918774332342231e-03
4.938034302000000042e-01,2.383975378742960588e-03
4.938076430000000183e-01,2.383890247456819413e-03
4.938455572000000071e-01,2.383927871327168498e-03
4.938539820999999774e-01,2.383853255256769728e-03
4.938581945000000140e-01,2.384082724076080819e-03
4.938918927000000014e-01,2.383808745239894382e-03
4.939045288999999728e-01,2.383885079712210441e-03
4.939129528000000269e-01,2.383788370507638858e-03
4.939213766000000172e-01,2.384021588348588655e-03
4.939424356000000071e-01,2.383759846382038292e-03
4.939719164999999967e-01,2.383731322874974197e-03
4.939803393000000153e-01,2.383748690104807704e-03
4.939887620000000257e-01,2.383715023890524767e-03
4.939929733000000267e-01,2.383771477812960012e-03
4.940435058000000046e-01,2.383810633912086981e-03
4.940603487999999932e-01,2.383645755799094958e-03
4.940729806999999973e-01,2.383874873916390878e-03
4.940814017999999863e-01,2.383625383530349300e-03
4.940940330999999963e-01,2.383634968065025637e-03
4.941235051000000267e-01,2.383584653235842378e-03
4.941487653000000146e-01,2.383560194267635244e-03
4.941613948999999950e-01,2.383668634725777825e-03
4.941782338999999857e-01,2.383620216963727289e-03
4.941824436000000209e-01,2.383527641897883673e-03
4.941950723999999906e-01,2.383515378525194375e-03
4.942497933000000176e-01,2.383538617941087772e-03
4.942582113999999804e-01,2.383574923236903009e-03
4.943129252999999834e-01,2.383430735302013905e-03
4.943255508000000131e-01,2.383389229094587999e-03
4.943297591999999963e-01,2.383385606968655476e-03
4.943634251999999840e-01,2.383593715892078080e-03
4.943970887999999952e-01,2.383319836069595563e-03
4.944475799999999976e-01,2.383270954890505042e-03
4.944517874000000091e-01,2.383266881620590104e-03
4.944602020000000153e-01,2.383302996990832676e-03
4.944644093000000185e-01,2.383403196913961349e-03
4.944770309000000030e-01,2.383309856255495015e-03
4.944812379999999896e-01,2.383238368402352658e-03
4.945106867999999878e-01,2.383209855891518531e-03
4.945148936000000051e-01,2.383205782766881914e-03
4.945191004000000223e-01,2.383209317957677830e-03
4.945485470000000050e-01,2.383173197898185401e-03
4.945527534999999975e-01,2.383169883425004243e-03
4.945990227000000017e-01,2.383365572787653382e-03
4.946116408999999825e-01,2.383112103373071118e-03
4.946536990000000023e-01,2.383122384099970684e-03
4.946621102000000048e-01,2.383063229730946007e-03
4.946873428999999933e-01,2.383113049410453231e-03
4.947293945999999831e-01,2.383058374707711438e-03
4.947504191000000051e-01,2.382993096746722963e-03
4.947672379999999981e-01,2.382961422001907657e-03
4.947798519000000117e-01,2.382957027600238285e-03
4.948008742000000182e-01,2.382928877437119359e-03
4.948176913999999815e-01,2.382912547263494555e-03
4.948513241999999979e-01,2.382879969341607923e-03
4.948639358999999960e-01,2.382869531952797482e-03
4.948681396999999871e-01,2.382998472187224104e-03
4.948891583000000205e-01,2.382843320285780910e-03
4.949185829000000147e-01,2.382852008757936624e-03
4.949311927999999750e-01,2.382802600314860592e-03
4.949522088000000153e-01,2.382789846816891089e-03
4.949564117999999957e-01,2.382778168828961988e-03
4.950026432999999892e-01,2.382758877150861071e-03
4.950152512000000060e-01,2.382841753435441332e-03
4.950194537000000006e-01,2.382717092259271745e-03
4.950488705000000156e-01,2.382777077737366876e-03
4.950530726999999853e-01,2.382684519174493257e-03
4.950572750000000188e-01,2.382680447602349150e-03
4.950698814000000225e-01,2.382668232915967875e-03
4.950908914000000105e-01,2.382647875514044833e-03
4.951034970000000035e-01,2.382635661022023711e-03
4.951203040000000111e-01,2.382620133720577803e-03
4.951539161999999883e-01,2.382586804739478953e-03
4.951581174999999946e-01,2.382656964272378448e-03
4.951707214000000135e-01,2.382650903724665026e-03
4.952001292000000054e-01,2.382542021253479959e-03
4.952211336999999824e-01,2.382521665636468545e-03
4.952547391000000077e-01,2.382493010784731031e-03
4.952589396000000033e-01,2.382488868827962580e-03
4.952673404999999862e-01,2.382505254807133765e-03
4.952841418999999745e-01,2.382460600665904475e-03
4.953345425999999829e-01,2.382652874494339650e-03
4.953555413999999879e-01,2.382435630808142722e-03
4.953597410999999728e-01,2.382412817970863770e-03
4.953723398000000055e-01,2.382375114374358453e-03
4.953891376999999818e-01,2.382358831904562817e-03
4.953933369999999892e-01,2.382362364903337429e-03
4.954059349000000112e-01,2.382392620789501939e-03
4.954185325000000084e-01,2.382330344658766582e-03
4.954269306999999900e-01,2.382322238068272213e-03
4.954605221000000226e-01,2.382289633453992927e-03
4.954731183000000150e-01,2.382277422428961088e-03
4.954941111999999759e-01,2.382257070834158021e-03
4.955067065000000048e-01,2.382365406919631674e-03
4.955193015000000090e-01,2.382232932370350817e-03
4.955234997999999891e-01,2.382228579044660434e-03
4.955360944000000156e-01,2.382216368503629889e-03
4.955738761999999853e-01,2.382179737436815933e-03
4.956074576000000231e-01,2.382147177326876530e-03
4.956536282999999821e-01,2.382102408573338881e-03
4.956620225000000213e-01,2.382168473001796197e-03
4.956704165999999967e-01,2.382130353129424671e-03
4.956746135999999803e-01,2.382096240601059688e-03
4.956872043000000172e-01,2.382310913213429686e-03
4.956914011999999925e-01,2.382445228546188447e-03
4.956955980000000150e-01,2.382188445818507472e-03
4.957081882000000106e-01,2.382428945223423206e-03
4.957249745999999790e-01,2.382058708224459379e-03
4.957291711999999850e-01,2.382218872527671390e-03
4.957375641000000277e-01,2.382024926538685132e-03
4.957585458000000056e-01,2.382190381584612174e-03
4.957753306000000082e-01,2.381988229850067612e-03
4.957963107000000202e-01,2.382343461009042880e-03
4.958088983000000227e-01,2.381951833450242188e-03
4.958424638000000217e-01,2.382017931204510799e-03
4.958592457000000064e-01,2.381903001924600555e-03
4.958760269999999970e-01,2.382127755382860371e-03
4.958970028999999946e-01,2.382056075455016384e-03
4.959263675999999732e-01,2.381912085963412955e-03
4.959557305999999777e-01,2.381811190708296548e-03
4.959599251999999847e-01,2.382184719006064620e-03
4.959934804000000197e-01,2.381861220271903890e-03
4.960312273999999966e-01,2.381925851875855028e-03
4.960605841999999877e-01,2.381707734469419580e-03
4.960647778000000230e-01,2.381703624883089922e-03
4.960731650999999909e-01,2.381815985703012502e-03
4.960773587000000262e-01,2.381691432361225397e-03
4.960899391999999963e-01,2.381707567021270049e-03
4.960983259999999784e-01,2.381722032488695507e-03
4.961109060000000182e-01,2.382038204533924904e-03
4.961234856999999776e-01,2.381646665327532501e-03
4.961276788000000271e-01,2.381642738419359299e-03
4.961654155999999927e-01,2.381605981515807179e-03
4.961779937999999945e-01,2.381593776629839856e-03
4.961905717999999799e-01,2.381581571729113941e-03
4.961989568999999878e-01,2.381705350502832073e-03
4.962241115000000091e-01,2.381549026188440037e-03
4.962283037999999924e-01,2.381552779389167675e-03
4.962660328999999870e-01,2.381508345241103997e-03
4.962744166999999984e-01,2.381500209278379718e-03
4.962786086000000041e-01,2.381556570825184380e-03
4.962953756999999855e-01,2.381859152938173470e-03
4.962995673999999746e-01,2.381485319937519645e-03
4.963121422999999810e-01,2.381463597742610513e-03
4.963247169000000181e-01,2.381480862788962292e-03
4.963289082999999824e-01,2.381447326244679787e-03
4.963414823999999781e-01,2.381435122703163924e-03
4.963624386000000110e-01,2.381414783951690123e-03
4.963917757999999902e-01,2.381386309987557418e-03
4.964001574999999944e-01,2.381567802137471261e-03
4.964127299000000160e-01,2.381365971818768124e-03
4.964462545000000171e-01,2.381333431404146148e-03
4.964630159999999792e-01,2.381317161491466883e-03
4.964797769000000027e-01,2.381400523528387405e-03
4.964923472000000171e-01,2.381409151479664879e-03
4.965132970000000201e-01,2.381336577339449208e-03
4.965426252999999845e-01,2.381239882164281133e-03
4.965677624000000012e-01,2.381215479028844697e-03
4.966012765999999745e-01,2.381182942248882568e-03
4.966305996000000000e-01,2.381154473368177898e-03
4.966347884999999795e-01,2.381340001943330932e-03
4.966641096000000144e-01,2.381210322662381980e-03
4.966682981000000163e-01,2.381117871105504005e-03
4.966766751999999729e-01,2.381109737530392404e-03
4.967018054999999821e-01,2.381085418807355348e-03
4.967143701999999772e-01,2.381193579232930915e-03
4.967269346000000030e-01,2.381064845724406315e-03
4.967436866000000117e-01,2.381044768600799021e-03
4.967646258000000259e-01,2.381122923889960469e-03
4.967688135000000171e-01,2.381094415523153044e-03
4.968316253000000238e-01,2.380961192446183136e-03
4.968693086000000037e-01,2.380935597923496561e-03
4.968818690999999843e-01,2.380910477896055165e-03
4.968944291999999874e-01,2.380898279215417062e-03
4.969028024000000099e-01,2.381269265031932258e-03
4.969153620000000271e-01,2.380877948415147626e-03
4.969279213000000195e-01,2.380865750145890955e-03
4.969446665999999735e-01,2.380984076810267833e-03
4.969823412000000107e-01,2.380812892116930188e-03
4.970116418000000147e-01,2.380828612143409077e-03
4.970283842000000063e-01,2.380768167541773110e-03
4.970325696999999820e-01,2.380764101750110565e-03
4.970493114000000268e-01,2.381126917017191685e-03
4.970660525000000218e-01,2.380879834732239301e-03
4.970786079999999774e-01,2.380720267108720790e-03
4.971288267999999788e-01,2.380670592172455264e-03
4.971330113999999911e-01,2.380666526613055278e-03
4.971832246999999816e-01,2.380698009774007660e-03
4.972041454000000194e-01,2.380692174162343192e-03
4.972334327999999859e-01,2.380576774240413234e-03
4.972376165999999875e-01,2.380580080512968016e-03
4.972669021000000189e-01,2.380553408590924212e-03
4.973045523999999884e-01,2.380499852030931382e-03
4.973171019000000026e-01,2.380487657113857826e-03
4.973338339999999747e-01,2.380471397444607496e-03
4.973505655000000081e-01,2.380455178991963249e-03
4.973672965000000001e-01,2.380555782316971965e-03
4.973714792000000218e-01,2.380460157755438962e-03
4.973840268999999981e-01,2.380450947028456624e-03
4.973965744000000133e-01,2.380410425375217159e-03
4.974174860999999725e-01,2.380390108720863065e-03
4.974300327000000244e-01,2.380618669663152765e-03
4.974676706000000226e-01,2.380342084122252268e-03
4.974802159999999751e-01,2.380329133657956703e-03
4.975053057000000112e-01,2.380304747052610932e-03
4.975178500999999920e-01,2.380292553995749447e-03
4.975387566999999733e-01,2.380461704764675387e-03
4.975680244999999835e-01,2.380243782672597942e-03
4.976056519000000011e-01,2.380207205155212766e-03
4.976181937999999971e-01,2.380195012924032384e-03
4.976349158000000217e-01,2.380178756768171720e-03
4.976516371999999966e-01,2.380163388587857448e-03
4.976725382000000142e-01,2.380193079956014097e-03
4.976850783999999805e-01,2.380259626303756707e-03
4.977059778999999851e-01,2.380109670438925341e-03
4.977185172999999963e-01,2.380294517953959049e-03
4.977310562999999743e-01,2.380336993402373640e-03
4.977352359000000170e-01,2.380370464583843326e-03
4.977477745000000176e-01,2.380215605168122840e-03
4.977686713999999735e-01,2.380337948290653198e-03
4.977979256999999769e-01,2.380598724658706134e-03
4.978021047000000254e-01,2.380016206200165872e-03
4.978188204999999811e-01,2.379999952200748635e-03
4.978313569999999744e-01,2.380001920977757243e-03
4.978355358000000064e-01,2.380562137696586901e-03
4.978814998000000158e-01,2.380228211572578325e-03
4.978856781000000065e-01,2.379934938192258907e-03
4.979065692999999904e-01,2.380293466594564974e-03
4.979191036000000237e-01,2.379906267576887072e-03
4.979358153999999814e-01,2.380030779200311038e-03
4.979483490000000123e-01,2.380114662296835878e-03
4.979859476999999868e-01,2.379837423133478874e-03
4.979984800000000211e-01,2.380018118959543409e-03
4.980068347000000117e-01,2.379891228700565294e-03
4.980694902000000202e-01,2.380334507839037324e-03
4.980736669999999977e-01,2.379752481601923441e-03
4.980861971000000166e-01,2.379790798787063087e-03
4.980987268000000023e-01,2.379727733844344117e-03
4.981029033000000106e-01,2.379840435630955174e-03
4.981196091000000270e-01,2.379707414156174636e-03
4.981363141999999855e-01,2.379691163853483050e-03
4.981404904000000244e-01,2.379687101254384339e-03
4.981488426999999830e-01,2.379968130668042026e-03
4.981989534999999858e-01,2.379630227120737348e-03
4.982073047999999726e-01,2.379627161339898517e-03
4.982156560000000067e-01,2.379613977830307217e-03
4.982198314999999877e-01,2.379730227887522694e-03
4.982323578999999780e-01,2.379599503420161064e-03
4.982365333000000063e-01,2.379786423838676016e-03
4.982699352000000137e-01,2.379565073810281390e-03
4.982741103000000171e-01,2.379557106821868218e-03
4.982866353000000026e-01,2.379573229446923979e-03
4.983075095999999760e-01,2.379903345286702495e-03
4.983325577000000117e-01,2.379789354145464032e-03
4.983367322000000210e-01,2.379570237831433923e-03
4.983659530999999809e-01,2.379467742811086639e-03
4.983868242000000226e-01,2.379447433539837956e-03
4.984369109999999825e-01,2.379687787200921757e-03
4.984744729000000207e-01,2.379364055252413887e-03
4.984828196000000156e-01,2.379442284656283629e-03
4.984995126000000276e-01,2.379458057580404948e-03
4.985078587999999811e-01,2.379355080566331482e-03
4.985203779999999862e-01,2.379443687940157280e-03
4.985328968000000138e-01,2.379305278106199056e-03
4.985370697000000018e-01,2.379301216711999373e-03
4.985495880999999962e-01,2.379578103491842081e-03
4.985537608000000231e-01,2.379284971256772664e-03
4.986080031999999829e-01,2.379232175246559673e-03
4.986205199000000032e-01,2.379219991867241243e-03
4.986372082000000150e-01,2.379204030052488924e-03
4.986705833000000254e-01,2.379460346021813541e-03
4.986747550000000251e-01,2.379315285821562067e-03
4.986872699000000075e-01,2.379155393774454435e-03
4.987039561000000121e-01,2.379146357645889418e-03
4.987373265999999750e-01,2.379106285413305159e-03
4.987414977999999888e-01,2.379480841515413132e-03
4.987498399999999998e-01,2.379108253054292368e-03
4.987873782999999728e-01,2.379177826970837410e-03
4.987998904000000011e-01,2.379338297448579161e-03
4.988207432999999802e-01,2.379026846465096597e-03
4.988707866000000046e-01,2.379064591669772816e-03
4.988749565999999747e-01,2.378972286701849358e-03
4.988999761999999838e-01,2.378947924634541421e-03
4.989375031000000127e-01,2.379120993354443599e-03
4.989500115000000124e-01,2.378899202045283573e-03
4.989708581000000254e-01,2.379257455668559382e-03
4.989750272999999847e-01,2.378874841343517430e-03
4.989875347000000128e-01,2.378862661238121366e-03
4.990042108000000143e-01,2.378846421190669146e-03
4.990083797000000043e-01,2.378842361221730848e-03
4.990208863000000217e-01,2.378904206571939937e-03
4.990333926000000142e-01,2.378818001532584814e-03
4.990375612999999877e-01,2.378815857717606411e-03
4.990750778999999970e-01,2.378777403153204718e-03
4.990834145999999971e-01,2.378973882190343284e-03
4.991084237000000257e-01,2.378744925309610094e-03
4.991501026999999868e-01,2.378704329063203050e-03
4.991542703999999886e-01,2.378700269517032909e-03
4.991709409000000264e-01,2.378684031479853279e-03
4.992084474999999855e-01,2.378745910244227466e-03
4.992209490999999777e-01,2.378649463451238365e-03
4.992376174000000000e-01,2.378908008543356885e-03
4.992667854999999766e-01,2.378678885765122229e-03
4.992709523000000149e-01,2.378586607125006327e-03
4.992834522999999858e-01,2.378574570701647451e-03
4.993001185000000008e-01,2.378558193039314369e-03
4.993084513000000113e-01,2.378550452774328122e-03
4.993376152999999817e-01,2.378529465342784591e-03
4.993417815000000259e-01,2.378517684308022705e-03
4.993709434999999974e-01,2.378489189712838878e-03
4.993751094000000168e-01,2.378534843135931155e-03
4.993876067999999946e-01,2.378593165395206238e-03
4.994001039000000031e-01,2.379038564792655772e-03
4.994167661999999730e-01,2.378445429096490409e-03
4.994542543000000112e-01,2.378786436251269405e-03
4.994834098000000000e-01,2.378379610310701192e-03
4.994875746999999921e-01,2.378375545130896000e-03
4.995333867000000261e-01,2.378330901594631532e-03
4.995667018000000126e-01,2.378298434585603659e-03
4.995708661000000106e-01,2.378583234217320538e-03
4.995750303000000003e-01,2.378290317924025565e-03
4.995875227000000085e-01,2.378278143060457740e-03
4.996083425999999772e-01,2.378259767095371353e-03
4.996374890999999985e-01,2.378229444716193491e-03
4.996707973000000247e-01,2.378241076981446947e-03
4.996999402000000257e-01,2.378302898483688598e-03
4.997082663999999896e-01,2.378255046591886725e-03
4.997207553999999941e-01,2.378163444784372939e-03
4.997374070000000224e-01,2.378280027275715951e-03
4.997498953999999771e-01,2.378408700361128291e-03
4.997707086000000021e-01,2.378385000492849038e-03
4.997748711000000177e-01,2.378951759250182933e-03
4.997873585000000007e-01,2.378939578416488371e-03
4.998081702000000126e-01,2.378491174621898043e-03
4.998206566999999767e-01,2.378101719236198463e-03
4.998373050000000095e-01,2.378890856185301734e-03
4.998747615999999949e-01,2.378283539548385703e-03
4.998830848999999965e-01,2.377997837564556089e-03
4.999038925000000022e-01,2.377969749794547807e-03
4.999080538999999823e-01,2.377965692454579467e-03
4.999205380000000254e-01,2.378381588502571919e-03
4.999330217999999881e-01,2.377941348801402427e-03
4.999371830000000072e-01,2.378081941739730674e-03
4.999496662999999841e-01,2.377925119872639076e-03
4.999704711999999884e-01,2.378093974568482299e-03
4.999746319999999744e-01,2.378756879152925472e-03
4.999871144999999961e-01,2.377888605533806134e-03
