q,I
2.039995199999999811e-03,5.998808302704647377e-03
2.884988900000000096e-03,5.998667299580307671e-03
4.079990399999999622e-03,5.998385305480828308e-03
4.561568000000000220e-03,5.998244314505425841e-03
5.769977800000000191e-03,5.997821365874908030e-03
6.119985599999999866e-03,5.997680391096184109e-03
6.451031299999999968e-03,5.997539420366300444e-03
7.355307299999999833e-03,5.997116532468287596e-03
8.159980799999999243e-03,5.996693681004914775e-03
8.411115699999999196e-03,5.996552738613082634e-03
8.654966599999999385e-03,5.996411800269000475e-03
9.123135799999999504e-03,5.996129935723551810e-03
1.019997589999999989e-02,5.995425345186174322e-03
1.040197520000000000e-02,5.995284439219252144e-03
1.098571020000000016e-02,5.994861745597188790e-03
1.153995529999999985e-02,5.994439088390322683e-03
1.189511369999999950e-02,5.994157337147949273e-03
1.223997100000000053e-02,5.993875602087389565e-03
1.240880609999999926e-02,5.993734740624962094e-03
1.290206219999999980e-02,5.993312180507472456e-03
1.306234239999999949e-02,5.993171335224460432e-03
1.368470339999999959e-02,5.992607994536149237e-03
1.427996599999999984e-02,5.992044718551429484e-03
1.442494390000000071e-02,5.991903909664171059e-03
1.471061409999999993e-02,5.991622304019440098e-03
1.485138870000000076e-02,5.991481507261656181e-03
1.553614000000000037e-02,5.990777584113578767e-03
1.593287120000000043e-02,5.990355278732465219e-03
1.631996089999999955e-02,5.989933009727643407e-03
1.644696630000000090e-02,5.989792261475716806e-03
1.682223050000000025e-02,5.989370040967052604e-03
1.730993239999999850e-02,5.988807136860486123e-03
1.742972569999999902e-02,5.988666420934963229e-03
1.754870130000000042e-02,5.988525709049701516e-03
1.824627070000000087e-02,5.987681522574593747e-03
1.835995569999999966e-02,5.987540838966879872e-03
1.847294110000000100e-02,5.987400159398331700e-03
1.880782519999999944e-02,5.986978144926087195e-03
1.924527490000000132e-02,5.986415515502593009e-03
1.935309240000000069e-02,5.986274868242123792e-03
2.009162109999999835e-02,5.985290450472984317e-03
2.019492059999999922e-02,5.985149835512094778e-03
2.039995039999999843e-02,5.984868617700539115e-03
2.050169640000000168e-02,5.984728014849629261e-03
2.080394890000000080e-02,5.984306230515101799e-03
2.100303430000000082e-02,5.984025061139170570e-03
2.129817330000000064e-02,5.983603337342925828e-03
2.168544450000000137e-02,5.983041095442379401e-03
2.197141860000000058e-02,5.982619456382802861e-03
2.206591980000000008e-02,5.982478918098704107e-03
2.243994499999999934e-02,5.981916805303309596e-03
2.253248119999999924e-02,5.981776287189164223e-03
2.280783739999999934e-02,5.981354757047872665e-03
2.307990860000000075e-02,5.980933263205390552e-03
2.325952140000000015e-02,5.980652287474456062e-03
2.379022509999999951e-02,5.979809457058250614e-03
2.387752890000000017e-02,5.979668999433924124e-03
2.447993949999999891e-02,5.978685908940970309e-03
2.456479220000000116e-02,5.978545483565742176e-03
2.464935279999999965e-02,5.978405062220924597e-03
2.481760959999999849e-02,5.978124231622136860e-03
2.490131170000000130e-02,5.977983822368206600e-03
2.523334379999999863e-02,5.977422225650007824e-03
2.556106320000000112e-02,5.976860693403011730e-03
2.580412149999999905e-02,5.976439586521467735e-03
2.596489630000000173e-02,5.976158868743349471e-03
2.612468180000000056e-02,5.975878167077976026e-03
2.651993379999999928e-02,5.975176483401232683e-03
2.659827940000000085e-02,5.975036158748337801e-03
2.683194360000000153e-02,5.974615208951815880e-03
2.721692649999999866e-02,5.973913706491008023e-03
2.736940339999999888e-02,5.973633133690287034e-03
2.744532419999999931e-02,5.973492853328756999e-03
2.774693010000000085e-02,5.972931772137410333e-03
2.834051430000000121e-02,5.971809802953028518e-03
2.841384049999999897e-02,5.971669574914567971e-03
2.855992799999999832e-02,5.971389130909323870e-03
2.863269220000000045e-02,5.971248914942341689e-03
2.884988380000000005e-02,5.970828291182186942e-03
2.899377430000000047e-02,5.970547895458063262e-03
2.920828110000000047e-02,5.970127332042394867e-03
2.942122390000000143e-02,5.969706804829244019e-03
2.970277299999999829e-02,5.969146158185931195e-03
3.012016249999999867e-02,5.968305308864351767e-03
3.032670299999999999e-02,5.967884938484840744e-03
3.059992200000000162e-02,5.967324500929207381e-03
3.066784640000000048e-02,5.967184401589755750e-03
3.087072290000000135e-02,5.966764127689663799e-03
3.107227489999999856e-02,5.966343889962959918e-03
3.113916889999999993e-02,5.966203818758613643e-03
3.120591959999999970e-02,5.966063751572481949e-03
3.166923519999999964e-02,5.965083393784511440e-03
3.173487090000000344e-02,5.964943358743957612e-03
3.186573689999999681e-02,5.964663300714346042e-03
3.193096869999999948e-02,5.964523277725230187e-03
3.225514909999999819e-02,5.963823223034445120e-03
3.263991580000000226e-02,5.962983289945664525e-03
3.270360349999999749e-02,5.962843315153077903e-03
3.289392669999999935e-02,5.962423414867927887e-03
3.295712349999999763e-02,5.962283456136517092e-03
3.320870809999999784e-02,5.961723661358929796e-03
3.345840099999999873e-02,5.961163930812235674e-03
3.364445469999999966e-02,5.960744175047738048e-03
3.376792089999999802e-02,5.960464357939635784e-03
3.395227840000000080e-02,5.960044662376028438e-03
3.419654240000000178e-02,5.959485124469318142e-03
3.461985769999999935e-02,5.958506087601394587e-03
3.467990950000000155e-02,5.958366241237579922e-03
3.473985749999999872e-02,5.958226398885468553e-03
3.485944419999999905e-02,5.957946726214208115e-03
3.491908400000000301e-02,5.957806895894558578e-03
3.509739530000000052e-02,5.957387429000853690e-03
3.521576790000000012e-02,5.957107804455418626e-03
3.562697489999999689e-02,5.956129244857241364e-03
3.568533189999999883e-02,5.955989466666619485e-03
3.609118929999999975e-02,5.955011131572606614e-03
3.614879690000000201e-02,5.954871385448631815e-03
3.632107169999999885e-02,5.954452171126249291e-03
3.649253310000000194e-02,5.954032992870038517e-03
3.671990299999999818e-02,5.953474144626495074e-03
3.677652580000000115e-02,5.953334442582884634e-03
3.694587359999999820e-02,5.952915360488171895e-03
3.722640800000000250e-02,5.952216970449235485e-03
3.744932249999999990e-02,5.951658330515537110e-03
3.750484409999999685e-02,5.951518680544179429e-03
3.761564139999999667e-02,5.951239392615354819e-03
3.794609239999999911e-02,5.950401624930903161e-03
3.811024350000000172e-02,5.949982795138060790e-03
3.832801789999999709e-02,5.949424411459808965e-03
3.849054019999999937e-02,5.949005665729551612e-03
3.870617500000000238e-02,5.948447394119269274e-03
3.875989619999999775e-02,5.948307836220997728e-03
3.881354310000000030e-02,5.948168282324838192e-03
3.897404079999999826e-02,5.947749644645278569e-03
3.918701509999999999e-02,5.947191517086443217e-03
3.924007809999999902e-02,5.947051995197468778e-03
3.939883820000000120e-02,5.946633453534804110e-03
3.960952859999999909e-02,5.946075453983919352e-03
4.007953250000000078e-02,5.944820188949381280e-03
4.018323120000000248e-02,5.944541285148804977e-03
4.023498040000000192e-02,5.944401839245706115e-03
4.038983000000000156e-02,5.943983525522379859e-03
4.049273419999999818e-02,5.943704669694151004e-03
4.064660190000000256e-02,5.943286415929414923e-03
4.079988930000000291e-02,5.942868198137373284e-03
4.085085730000000137e-02,5.942728800198528519e-03
4.100338109999999980e-02,5.942310630362064756e-03
4.105409649999999799e-02,5.942171248409508673e-03
4.125633449999999841e-02,5.941613760550260026e-03
4.130673929999999910e-02,5.941474398574958168e-03
4.160788569999999964e-02,5.940638310608486669e-03
4.185718599999999762e-02,5.939941680482341280e-03
4.200605599999999995e-02,5.939523750329589631e-03
4.205556230000000173e-02,5.939384448265171319e-03
4.244953370000000004e-02,5.938270175492028728e-03
4.259633349999999985e-02,5.937852389072539351e-03
4.283988209999999713e-02,5.937156158205177982e-03
4.288842589999999899e-02,5.937016924005823933e-03
4.303372860000000133e-02,5.936599245350456834e-03
4.322670569999999962e-02,5.936042396341451727e-03
4.327481560000000227e-02,5.935903194064288263e-03
4.337087509999999757e-02,5.935624801480249811e-03
4.361009829999999698e-02,5.934928889828988176e-03
4.365778569999999997e-02,5.934789719467819732e-03
4.380053619999999676e-02,5.934372232310179164e-03
4.394282299999999891e-02,5.933954781047252013e-03
4.403742540000000344e-02,5.933676500144640688e-03
4.413182499999999953e-02,5.933398235194579408e-03
4.455414840000000015e-02,5.932146240270625565e-03
4.474056810000000273e-02,5.931589901730001564e-03
4.478705179999999814e-02,5.931450827058922654e-03
4.487987470000000256e-02,5.931172689671422582e-03
4.492621420000000171e-02,5.931033626957639068e-03
4.506494700000000103e-02,5.930616462721888249e-03
4.515719859999999669e-02,5.930338373156592707e-03
4.529522390000000065e-02,5.929921268690832060e-03
4.561565869999999884e-02,5.928948164371639420e-03
4.584316940000000146e-02,5.928253209354810913e-03
4.602436819999999873e-02,5.927697317024577597e-03
4.615980060000000190e-02,5.927280439590609622e-03
4.624986849999999927e-02,5.927002541207634055e-03
4.651902589999999671e-02,5.926168941603712423e-03
4.656373419999999819e-02,5.926030022269272897e-03
4.660839960000000282e-02,5.925891106914313311e-03
4.691986699999999705e-02,5.924918810869937540e-03
4.696419369999999677e-02,5.924779927354619120e-03
4.709692359999999994e-02,5.924363300678527414e-03
4.731731260000000133e-02,5.923669002458892795e-03
4.744905459999999853e-02,5.923252471266883534e-03
4.758043189999999756e-02,5.922835975872981808e-03
4.762414379999999753e-02,5.922697152028908764e-03
4.775503939999999753e-02,5.922280704360631705e-03
4.779859160000000246e-02,5.922141896426735483e-03
4.801576009999999894e-02,5.921447916392966540e-03
4.814559110000000280e-02,5.921031576089133205e-03
4.836120139999999790e-02,5.920337755087528436e-03
4.849010740000000291e-02,5.919921510185869977e-03
4.866145090000000006e-02,5.919366572628989923e-03
4.895985910000000274e-02,5.918395584891870953e-03
4.900234049999999814e-02,5.918256888251667742e-03
4.904478510000000180e-02,5.918118195586167911e-03
4.912956429999999763e-02,5.917840822169670618e-03
4.929868529999999888e-02,5.917286123006282143e-03
4.934087499999999932e-02,5.917147458145126208e-03
4.938302859999999656e-02,5.917008797258279870e-03
4.963519859999999950e-02,5.916176915324559624e-03
4.967710250000000050e-02,5.916038282236146979e-03
4.980260260000000244e-02,5.915622406793958482e-03
5.001106959999999935e-02,5.914929360457709881e-03
5.017721960000000314e-02,5.914374994848776296e-03
5.038413659999999711e-02,5.913682127141733740e-03
5.046666589999999897e-02,5.913405007838209299e-03
5.050787989999999672e-02,5.913266454142640516e-03
5.067240099999999886e-02,5.912712279028906406e-03
5.099985089999999749e-02,5.911604119237479256e-03
5.104063439999999979e-02,5.911465617112843761e-03
5.112210379999999887e-02,5.911188624769368564e-03
5.116278989999999832e-02,5.911050134543882270e-03
5.136573690000000025e-02,5.910357742912097923e-03
5.148712109999999814e-02,5.909942355522537251e-03
5.160821980000000059e-02,5.909527003812601632e-03
5.164852290000000040e-02,5.909388561171552597e-03
5.192976900000000062e-02,5.908419573693404238e-03
5.200984570000000140e-02,5.908142755799193971e-03
5.212973010000000046e-02,5.907727558685600157e-03
5.224933949999999855e-02,5.907312397237980857e-03
5.228914839999999897e-02,5.907174018011325349e-03
5.244808220000000271e-02,5.906620540735185373e-03
5.264607470000000344e-02,5.905928783284432500e-03
5.292201970000000311e-02,5.904960489213367629e-03
5.296132299999999765e-02,5.904822177329221294e-03
5.303984240000000211e-02,5.904545565445245940e-03
5.307905849999999814e-02,5.904407265441389760e-03
5.319653330000000124e-02,5.903992389194105163e-03
5.339175040000000011e-02,5.903301007964011082e-03
5.354741159999999722e-02,5.902747974236887199e-03
5.366386120000000287e-02,5.902333240499243842e-03
5.385738429999999827e-02,5.901642096764012080e-03
5.389600549999999657e-02,5.901503879887992979e-03
5.401170360000000226e-02,5.901089252998536171e-03
5.420398480000000047e-02,5.900398287318319585e-03
5.431902689999999756e-02,5.899983755383623844e-03
5.443382580000000193e-02,5.899569259042642712e-03
5.473877910000000263e-02,5.898464109493332767e-03
5.481475239999999971e-02,5.898187861650571254e-03
5.489062050000000081e-02,5.897911629621008581e-03
5.492851530000000121e-02,5.897773519534077469e-03
5.507983360000000272e-02,5.897221118726454249e-03
5.511759819999999949e-02,5.897083028410288023e-03
5.523073729999999903e-02,5.896668781167600099e-03
5.541878909999999742e-02,5.895978448145876814e-03
5.549383139999999881e-02,5.895702342603000717e-03
5.568099469999999995e-02,5.895012147884542975e-03
5.571835189999999743e-02,5.894874120794768753e-03
5.601631270000000107e-02,5.893770046281465204e-03
5.612764020000000215e-02,5.893356083510336435e-03
5.627573429999999793e-02,5.892804188441311784e-03
5.642343970000000125e-02,5.892252356544941741e-03
5.657075939999999664e-02,5.891700587821475238e-03
5.668099790000000193e-02,5.891286802730085446e-03
5.671769649999999774e-02,5.891148882261722577e-03
5.682764989999999905e-02,5.890735144532355076e-03
5.690083420000000003e-02,5.890459339113860056e-03
5.711982439999999800e-02,5.889632017571013768e-03
5.715624119999999919e-02,5.889494144460737102e-03
5.726535270000000094e-02,5.889080548791651541e-03
5.744674450000000071e-02,5.888391301582478372e-03
5.748295419999999850e-02,5.888253463977574653e-03
5.759144669999999994e-02,5.887839974817871136e-03
5.769973510000000333e-02,5.887426521153752389e-03
5.773578619999999995e-02,5.887288711156056856e-03
5.777181470000000013e-02,5.887150905100173477e-03
5.798751569999999883e-02,5.886324151562130104e-03
5.802338790000000079e-02,5.886186373099786158e-03
5.805923799999999912e-02,5.886048598586978223e-03
5.834524540000000231e-02,5.884946544384915892e-03
5.841652840000000069e-02,5.884671070244318347e-03
5.845213739999999963e-02,5.884533339089761429e-03
5.873623160000000093e-02,5.883431631689362007e-03
5.884241330000000020e-02,5.883018556427431316e-03
5.887776470000000151e-02,5.882880872546978300e-03
5.915981499999999754e-02,5.881779543342560354e-03
5.919497680000000012e-02,5.881641894910085225e-03
5.930033710000000291e-02,5.881228973258410125e-03
5.940551060000000272e-02,5.880816087039868884e-03
5.947552290000000103e-02,5.880540849249762600e-03
5.958038699999999854e-02,5.880128022093712367e-03
5.971991950000000299e-02,5.879577640986284430e-03
5.999801099999999693e-02,5.878477067711854361e-03
6.003268190000000254e-02,5.878339513757325531e-03
6.024028800000000294e-02,5.877514272685591470e-03
6.027481950000000005e-02,5.877376746275304702e-03
6.041274809999999662e-02,5.876826679974159369e-03
6.055036250000000314e-02,5.876276676616700757e-03
6.058471719999999894e-02,5.876139185610069690e-03
6.065336839999999757e-02,5.875864215390103930e-03
6.085885719999999804e-02,5.875039399113426639e-03
6.113176780000000032e-02,5.873939864253321583e-03
6.119980530000000002e-02,5.873665019848113740e-03
6.123379560000000166e-02,5.873527603539253211e-03
6.133565380000000067e-02,5.873115378197179236e-03
6.136956899999999882e-02,5.872977977613711917e-03
6.150504259999999696e-02,5.872428414562473609e-03
6.167396609999999807e-02,5.871741549166598247e-03
6.174140610000000001e-02,5.871466830500153555e-03
6.194328550000000044e-02,5.870642768799685940e-03
6.204397889999999777e-02,5.870230790974921564e-03
6.214450920000000322e-02,5.869818848492092296e-03
6.217798310000000050e-02,5.869681542189020967e-03
6.227829700000000329e-02,5.869269646825994551e-03
6.241179809999999883e-02,5.868720507972427156e-03
6.244512879999999933e-02,5.868583233082226396e-03
6.257827400000000317e-02,5.868034172743250530e-03
6.284371810000000114e-02,5.866936240473642414e-03
6.297602060000000168e-02,5.866387368520167324e-03
6.300905280000000663e-02,5.866250160342141411e-03
6.323979509999999582e-02,5.865289812928812900e-03
6.327268960000000109e-02,5.865152636135241050e-03
6.333842739999999416e-02,5.864878294311244231e-03
6.337127069999999585e-02,5.864741129284013754e-03
6.346969869999999347e-02,5.864329657734072658e-03
6.353523260000000505e-02,5.864055362967430379e-03
6.373143000000000558e-02,5.863232572793213374e-03
6.376407089999999722e-02,5.863095454810856103e-03
6.386189339999999437e-02,5.862684124417058204e-03
6.389446769999999887e-02,5.862547022120990874e-03
6.402459889999999321e-02,5.861998652150359097e-03
6.405709029999999415e-02,5.861861569454423181e-03
6.441341509999999604e-02,5.860353918450457618e-03
6.451025289999999524e-02,5.859942823190951965e-03
6.479989830000000561e-02,5.858709748925767027e-03
6.483200120000000288e-02,5.858572760253664968e-03
6.492821479999999479e-02,5.858161817749909205e-03
6.505627819999999784e-02,5.857613949222436125e-03
6.508825470000000057e-02,5.857476991877217862e-03
6.518409000000000009e-02,5.857066143332582096e-03
6.527978469999999589e-02,5.856655330019919052e-03
6.531165170000000075e-02,5.856518400083363801e-03
6.540715969999999491e-02,5.856107633741801377e-03
6.556603060000000538e-02,5.855423101453272224e-03
6.569285060000000509e-02,5.854875546067105432e-03
6.578780519999999354e-02,5.854464920600661003e-03
6.585103220000000646e-02,5.854191189852331681e-03
6.591419860000000130e-02,5.853917474755163282e-03
6.607185029999999848e-02,5.853233255455296893e-03
6.619770129999999475e-02,5.852685950426759695e-03
6.635467940000000509e-02,5.852001907118251078e-03
6.641736669999999398e-02,5.851728317159309717e-03
6.644868819999999454e-02,5.851591528044322414e-03
6.660507479999999703e-02,5.850907641126921327e-03
6.669873070000000015e-02,5.850497355877098266e-03
6.682340109999999889e-02,5.849950363598802570e-03
6.691675140000000188e-02,5.849540160429443462e-03
6.710306259999999912e-02,5.848719859574321063e-03
6.728885780000000427e-02,5.847899699366716601e-03
6.731977379999999622e-02,5.847763019668202576e-03
6.735067570000000114e-02,5.847626343883488391e-03
6.744329620000000247e-02,5.847216339942112352e-03
6.753578970000000126e-02,5.846806371160728419e-03
6.756659280000000545e-02,5.846669722709650456e-03
6.759738179999999486e-02,5.846533078153608697e-03
6.781251330000000188e-02,5.845576675647582918e-03
6.790450389999999614e-02,5.845166847421159884e-03
6.793513980000000230e-02,5.845030245819705927e-03
6.808811230000000325e-02,5.844347296337976463e-03
6.817973099999999342e-02,5.843937573498667395e-03
6.839303080000000423e-02,5.842981690079231301e-03
6.842344790000000343e-02,5.842845150913166669e-03
6.854498139999999629e-02,5.842299033263411573e-03
6.857533120000000593e-02,5.842162513597795072e-03
6.881764710000000396e-02,5.841070496703318522e-03
6.902897569999999483e-02,5.840115186658048282e-03
6.923965930000000601e-02,5.839160067643219508e-03
6.926970470000000379e-02,5.839023637650366146e-03
6.929973700000000014e-02,5.838887211575815098e-03
6.935976259999999949e-02,5.838614371091109014e-03
6.938975599999999688e-02,5.838477956695811016e-03
6.947965829999999676e-02,5.838068736901369862e-03
6.962923760000000462e-02,5.837386781836423691e-03
6.971883119999999767e-02,5.836977655551476088e-03
6.977849630000000636e-02,5.836704924175249200e-03
6.983811040000000026e-02,5.836432208370771063e-03
7.010574679999999337e-02,5.835205180077298985e-03
7.019473210000000407e-02,5.834796240752849680e-03
7.025399309999999509e-02,5.834523633993188123e-03
7.034279089999999346e-02,5.834114753057554302e-03
7.043147669999999527e-02,5.833705907153636724e-03
7.046101389999999409e-02,5.833569632978033957e-03
7.069686679999999390e-02,5.832479579653763145e-03
7.072629310000000391e-02,5.832343340497514114e-03
7.081449859999999763e-02,5.831934646378476340e-03
7.096126429999999319e-02,5.831253567332007545e-03
7.104917809999999889e-02,5.830844966597970025e-03
7.116622760000000658e-02,5.830300220060040568e-03
7.125388859999999547e-02,5.829891700993500465e-03
7.137060239999999667e-02,5.829347063360640867e-03
7.139975099999999741e-02,5.829210913669734956e-03
7.142888779999999327e-02,5.829074767860487928e-03
7.151622679999999899e-02,5.828666353788285702e-03
7.163251310000000316e-02,5.828121856125572688e-03
7.166155520000000445e-02,5.827985741421002654e-03
7.174861100000000380e-02,5.827577420649981445e-03
7.186452140000000599e-02,5.827033047367620802e-03
7.209578290000000222e-02,5.825944487327092310e-03
7.212463850000000454e-02,5.825808434805236115e-03
7.218231499999999690e-02,5.825536341426153057e-03
7.229752999999999874e-02,5.824992201258549079e-03
7.235506869999999702e-02,5.824720154492932581e-03
7.244129109999999927e-02,5.824312113460199461e-03
7.264207849999999855e-02,5.823360153654439514e-03
7.281374140000000661e-02,5.822544339514896909e-03
7.289942130000000298e-02,5.822136484862541067e-03
7.298500049999999406e-02,5.821728665145738807e-03
7.304199769999999980e-02,5.821456804741735949e-03
7.312741009999999819e-02,5.821049043231401113e-03
7.324113840000000264e-02,5.820505415542796476e-03
7.343973900000000388e-02,5.819554216472564920e-03
7.346806670000000095e-02,5.819418346409054033e-03
7.355298439999999327e-02,5.819010759498716850e-03
7.358126850000000496e-02,5.818874904959982740e-03
7.369429630000000342e-02,5.818331525541398964e-03
7.372252619999999923e-02,5.818195690379396844e-03
7.389167900000000178e-02,5.817380760861518355e-03
7.391983359999999836e-02,5.817244952859427706e-03
7.394797729999999514e-02,5.817109148716543415e-03
7.414468470000000477e-02,5.816158628281802544e-03
7.417274320000000198e-02,5.816022855166491992e-03
7.425685499999999661e-02,5.815615559033125020e-03
7.445274629999999727e-02,5.814665337022672902e-03
7.470385179999999847e-02,5.813443901988952014e-03
7.481518369999999585e-02,5.812901142670722984e-03
7.484299079999999493e-02,5.812765462524817177e-03
7.489857399999999554e-02,5.812494113859931547e-03
7.500961690000000626e-02,5.811951462982593332e-03
7.506507669999999688e-02,5.811680160782386161e-03
7.523121089999999789e-02,5.810866347071831813e-03
7.525886430000000571e-02,5.810730725008095288e-03
7.547972660000000500e-02,5.809645887786757737e-03
7.550728900000000521e-02,5.809510300554683940e-03
7.558991580000000432e-02,5.809103562054375620e-03
7.569994450000000485e-02,5.808561298237564265e-03
7.572742679999999726e-02,5.808425741956826580e-03
7.580981359999999780e-02,5.808019096322121488e-03
7.589211099999999821e-02,5.807612485504181320e-03
7.591952370000000505e-02,5.807476956288925435e-03
7.616579349999999526e-02,5.806257367462903420e-03
7.622041209999999567e-02,5.805986390259760231e-03
7.638403350000000369e-02,5.805173551446846797e-03
7.646571289999999632e-02,5.804767184214390009e-03
7.657448329999999581e-02,5.804225415365292171e-03
7.665595969999999815e-02,5.803819129292919245e-03
7.668309930000000163e-02,5.803683708335524369e-03
7.679156169999999670e-02,5.803142063135139327e-03
7.681865340000000597e-02,5.803006661484643412e-03
7.689987119999999732e-02,5.802600479749946139e-03
7.698100330000000324e-02,5.802194332782568964e-03
7.711603370000000290e-02,5.801517498413342674e-03
7.722388809999999881e-02,5.800976100417916392e-03
7.741227159999999885e-02,5.800028802619820040e-03
7.751971380000000078e-02,5.799487574519215059e-03
7.754655109999999962e-02,5.799352277156975127e-03
7.762700729999999494e-02,5.798946408187873394e-03
7.768059839999999494e-02,5.798675848190084671e-03
7.776091590000000497e-02,5.798270037113528730e-03
7.789459440000000290e-02,5.797593762533188692e-03
7.794800159999999700e-02,5.797323279691989246e-03
7.808135970000000536e-02,5.796647140130033703e-03
7.810800410000000304e-02,5.796511923797503622e-03
7.818788249999999995e-02,5.796106297903235588e-03
7.837394890000000391e-02,5.795159972526270700e-03
7.848007460000000490e-02,5.794619299981510971e-03
7.850658350000000452e-02,5.794484141491230110e-03
7.871833409999999531e-02,5.793403012325591857e-03
7.874476290000000100e-02,5.793267888521348892e-03
7.879759379999999591e-02,5.792997652479792668e-03
7.882399599999999340e-02,5.792862540234493610e-03
7.921897310000000636e-02,5.790836319060663033e-03
7.935019529999999544e-02,5.790161104620808810e-03
7.937641369999999530e-02,5.790026073285301639e-03
7.945501689999999451e-02,5.789621002394128302e-03
7.955970049999999683e-02,5.789080961763959539e-03
7.958584990000000525e-02,5.788945961227775529e-03
7.966424649999999386e-02,5.788540982750989966e-03
7.979473639999999646e-02,5.787866095602314277e-03
7.997706450000000022e-02,5.786921415253947105e-03
8.000307750000000551e-02,5.786786476309924154e-03
8.015897800000000573e-02,5.785976923461205040e-03
8.021087740000000521e-02,5.785707103288510733e-03
8.028866380000000691e-02,5.785302401902643089e-03
8.036637480000000111e-02,5.784897735120310761e-03
8.039226180000000332e-02,5.784762853894732416e-03
8.046987279999999465e-02,5.784358233266812845e-03
8.049572650000000329e-02,5.784223367401026064e-03
8.070225790000000454e-02,5.783144579042190543e-03
8.077957099999999446e-02,5.782740096860753548e-03
8.083107209999999820e-02,5.782470461273950951e-03
8.090826210000000296e-02,5.782066036746416442e-03
8.098537860000000477e-02,5.781661646807639138e-03
8.121628870000000000e-02,5.780448684488864557e-03
8.124190489999999487e-02,5.780313930122898437e-03
8.129311300000000018e-02,5.780044432882148336e-03
8.144654410000000400e-02,5.779236033397743000e-03
8.152315139999999349e-02,5.778831885516130806e-03
8.159968680000000141e-02,5.778427772187281174e-03
8.162518259999999859e-02,5.778293075411071802e-03
8.165067049999999438e-02,5.778158382495016815e-03
8.170162240000000686e-02,5.777889008168499325e-03
8.182886339999999314e-02,5.777215639556201876e-03
8.193051390000000156e-02,5.776677013778681348e-03
8.200666909999999865e-02,5.776273084735411567e-03
8.205739989999999429e-02,5.776003817924660333e-03
8.210809939999999529e-02,5.775734566437990512e-03
8.213343739999999504e-02,5.775599946443782037e-03
8.223471150000000174e-02,5.775061504891895389e-03
8.233586090000000191e-02,5.774523124733590800e-03
8.251257400000000519e-02,5.773581107115248814e-03
8.253778790000000642e-02,5.773446548539700428e-03
8.261338329999999563e-02,5.773042895747236732e-03
8.266374179999999572e-02,5.772773813058003876e-03
8.283975550000000077e-02,5.771832144476043286e-03
8.304045720000000075e-02,5.770756181842590614e-03
8.306551080000000586e-02,5.770621703759643527e-03
8.321567409999999776e-02,5.769814915752268132e-03
8.324067490000000569e-02,5.769680464511635007e-03
8.326566829999999808e-02,5.769546017095093099e-03
8.334060340000000455e-02,5.769142697813612990e-03
8.363967260000000625e-02,5.767529765505825801e-03
8.366454680000000310e-02,5.767395379384195747e-03
8.371427300000000571e-02,5.767126618636625457e-03
8.373912499999999759e-02,5.766992243982617394e-03
8.386327459999999567e-02,5.766320428228682675e-03
8.393767620000000540e-02,5.765917384726699027e-03
8.401201190000000263e-02,5.765514375678365382e-03
8.403677589999999920e-02,5.765380046965042603e-03
8.411102400000000645e-02,5.764977083863772819e-03
8.425932399999999656e-02,5.764171260956308870e-03
8.433337620000000423e-02,5.763768401193625039e-03
8.445665230000000412e-02,5.763097044748866950e-03
8.453053160000000010e-02,5.762694276770022328e-03
8.462893709999999570e-02,5.762157306378922622e-03
8.484993209999999730e-02,5.760949346741341820e-03
8.489896399999999343e-02,5.760680953343997289e-03
8.492346929999999849e-02,5.760546762363528278e-03
8.502141990000000593e-02,5.760010036718077667e-03
8.511925789999999492e-02,5.759473372238744365e-03
8.519256259999999359e-02,5.759070913987896466e-03
8.521698349999999589e-02,5.758936768896199404e-03
8.524139740000000187e-02,5.758802627615095676e-03
8.541209930000000228e-02,5.757863745686458111e-03
8.543645739999999877e-02,5.757729634974667957e-03
8.563107309999999639e-02,5.756656886824074865e-03
8.567965800000000576e-02,5.756388737985048375e-03
8.570394000000000623e-02,5.756254669311511307e-03
8.577674509999999586e-02,5.755852486158224458e-03
8.580099970000000520e-02,5.755718432753368675e-03
8.589794970000000363e-02,5.755182257278431378e-03
8.599479040000000685e-02,5.754646142925135682e-03
8.606734940000000667e-02,5.754244097233605221e-03
8.609152209999999805e-02,5.754110089643297773e-03
8.628466029999999620e-02,5.753038166278997764e-03
8.645330230000000671e-02,5.752100433713191671e-03
8.654952159999999839e-02,5.751564670466910965e-03
8.657355969999999679e-02,5.751430739207960552e-03
8.659759109999999593e-02,5.751296811740733150e-03
8.666964550000000322e-02,5.750895052249991451e-03
8.674163999999999486e-02,5.750493327097315997e-03
8.678960310000000122e-02,5.750225529379988931e-03
8.686149819999999799e-02,5.749823861405034368e-03
8.698119120000000204e-02,5.749154491097589921e-03
8.714848529999999482e-02,5.748217532738770542e-03
8.722008450000000301e-02,5.747816036327854997e-03
8.731545890000000365e-02,5.747280761179826211e-03
8.760095880000000335e-02,5.745675301453827613e-03
8.762470840000000094e-02,5.745541537897199715e-03
8.771964279999999725e-02,5.745006521789106264e-03
8.774336039999999781e-02,5.744872777300678510e-03
8.781447459999999761e-02,5.744471566644639322e-03
8.788553120000000551e-02,5.744070390265323955e-03
8.793287040000000165e-02,5.743802958367748984e-03
8.800383150000000432e-02,5.743401839132995269e-03
8.807473540000000656e-02,5.743000754103081903e-03
8.809835729999999920e-02,5.742867066725996714e-03
8.826353389999999632e-02,5.741931361604214051e-03
8.828710539999999607e-02,5.741797704670509317e-03
8.831067049999999363e-02,5.741664051507012687e-03
8.838132819999999779e-02,5.741263114953548338e-03
8.849896570000000129e-02,5.740594963455423853e-03
8.856947319999999846e-02,5.740194118202130921e-03
8.866339600000000543e-02,5.739659711127885998e-03
8.887435929999999706e-02,5.738457517705472001e-03
8.894456929999999817e-02,5.738056855030763265e-03
8.906146280000000470e-02,5.737389159901979535e-03
8.910817729999999381e-02,5.737122108463811598e-03
8.922485650000000490e-02,5.736454546394167964e-03
8.941122649999999616e-02,5.735386644737870167e-03
8.943449539999999420e-02,5.735253174135638253e-03
8.948101510000000536e-02,5.734986244305114410e-03
8.957398210000000471e-02,5.734452430248448106e-03
8.962042940000000679e-02,5.734185546006801554e-03
8.969005530000000170e-02,5.733785248132993242e-03
8.975962719999999728e-02,5.733384984439401748e-03
8.978280580000000399e-02,5.733251570815865901e-03
8.985230589999999851e-02,5.732851352714634155e-03
8.996801999999999577e-02,5.732184398470467103e-03
9.006048429999999327e-02,5.731650903407382348e-03
9.012977020000000061e-02,5.731250821969458009e-03
9.017593120000000351e-02,5.730984120026569144e-03
9.031427279999999780e-02,5.730184105163883823e-03
9.033730919999999331e-02,5.730050782637857720e-03
9.036033960000000587e-02,5.729917463921288708e-03
9.054437240000000331e-02,5.728851050655844185e-03
9.059032220000000357e-02,5.728584485283833190e-03
9.061328829999999723e-02,5.728451208296509237e-03
9.088842950000000642e-02,5.726852180128207646e-03
9.097995829999999673e-02,5.726319292087403423e-03
9.107139520000000210e-02,5.725786464681383719e-03
9.109424000000000687e-02,5.725653267333154564e-03
9.116274030000000306e-02,5.725253697967235683e-03
9.123118909999999859e-02,5.724854162684437676e-03
9.134515649999999654e-02,5.724188346385740249e-03
9.143622810000000267e-02,5.723655761554445609e-03
9.161809969999999692e-02,5.722590773677968534e-03
9.164080830000000122e-02,5.722457667248465919e-03
9.168620859999999928e-02,5.722191465752205636e-03
9.179961109999999758e-02,5.721526028252506453e-03
9.182227469999999780e-02,5.721392952088566464e-03
9.189023229999999931e-02,5.720993746387471532e-03
9.200338330000000509e-02,5.720328479271057087e-03
9.204860469999999462e-02,5.720062398929685876e-03
9.216156120000000562e-02,5.719397264304174229e-03
9.218413590000000546e-02,5.719264248740924504e-03
9.225182690000000019e-02,5.718865224731176436e-03
9.231946820000000442e-02,5.718466234791655910e-03
9.236453490000000321e-02,5.718200260390874333e-03
9.243209369999999536e-02,5.717801327183902153e-03
9.249960320000000236e-02,5.717402428049250460e-03
9.252209549999999838e-02,5.717269469198905940e-03
9.261200969999999755e-02,5.716737671738497673e-03
9.272427989999999787e-02,5.716073010051956997e-03
9.279157679999999742e-02,5.715674258390865577e-03
9.290363000000000093e-02,5.715009747891265472e-03
9.303791570000000122e-02,5.714212460087944069e-03
9.306027779999999361e-02,5.714079592015333837e-03
9.312733189999999883e-02,5.713681010475170179e-03
9.321666239999999715e-02,5.713149621316153740e-03
9.323898160000000657e-02,5.713016783458303022e-03
9.341734349999999965e-02,5.711954216775800425e-03
9.343961480000000097e-02,5.711821412941732630e-03
9.359536559999999394e-02,5.710891891807903624e-03
9.361759449999999816e-02,5.710759118175754052e-03
9.377304960000000522e-02,5.709829808582703864e-03
9.383959440000000374e-02,5.709431589619957947e-03
9.386176549999999952e-02,5.709298857551632807e-03
9.392824739999999784e-02,5.708900683930020516e-03
9.397254260000000026e-02,5.708635253733601936e-03
9.403894620000000093e-02,5.708237136722704025e-03
9.412741149999999390e-02,5.707706366903683541e-03
9.419370589999999377e-02,5.707308329127168574e-03
9.430409309999999989e-02,5.706645008368863535e-03
9.432615499999999487e-02,5.706512355507280254e-03
9.439230989999999877e-02,5.706114419601836761e-03
9.450246499999999383e-02,5.705451268582933944e-03
9.463448200000000587e-02,5.704655611770442780e-03
9.465646689999999974e-02,5.704523015541054093e-03
9.483216279999999443e-02,5.703462381105989937e-03
9.489796490000000639e-02,5.703064705412993519e-03
9.491988880000000461e-02,5.702932154374297166e-03
9.500753380000000192e-02,5.702401987939910606e-03
9.509509800000000290e-02,5.701871881828824221e-03
9.516071830000000231e-02,5.701474341798736661e-03
9.520444000000000129e-02,5.701209333958147212e-03
9.524814160000000252e-02,5.700944341157043911e-03
9.537912649999999437e-02,5.700149453241891775e-03
9.550993169999999477e-02,5.699354700872043787e-03
9.555349359999999737e-02,5.699089813544902516e-03
9.559703569999999928e-02,5.698824941316742339e-03
9.561879930000000138e-02,5.698692510813186882e-03
9.579273010000000088e-02,5.697633202495524379e-03
9.587957719999999628e-02,5.697103638644962671e-03
9.590127669999999604e-02,5.696971257124741096e-03
9.596634569999999698e-02,5.696574135041251874e-03
9.603137069999999331e-02,5.696177046858552813e-03
9.607469620000000377e-02,5.695912340204560727e-03
9.613964780000000543e-02,5.695515308466784186e-03
9.622618180000000465e-02,5.694985985470779263e-03
9.629103129999999622e-02,5.694589032739681526e-03
9.642059930000000667e-02,5.693795228739523609e-03
9.648531809999999487e-02,5.693398377535321270e-03
9.665768969999999349e-02,5.692340273086916522e-03
9.672224980000000694e-02,5.691943545948067659e-03
9.674376029999999516e-02,5.691811311089177601e-03
9.676526600000000256e-02,5.691679079975242410e-03
9.691567219999999705e-02,5.690753567476985325e-03
9.693713980000000230e-02,5.690621366397495551e-03
9.698006060000000095e-02,5.690356975600133378e-03
9.717296979999999473e-02,5.689167402948001537e-03
9.725858440000000049e-02,5.688638801601092129e-03
9.732274600000000164e-02,5.688242390092015585e-03
9.742958790000000313e-02,5.687581779265411461e-03
9.751497720000000535e-02,5.687053358215172875e-03
9.762160879999999541e-02,5.686392916345341803e-03
9.768553189999999720e-02,5.685996696289484856e-03
9.777069770000000604e-02,5.685468455393851914e-03
9.791955950000000297e-02,5.684544178286712358e-03
9.794080700000000472e-02,5.684412153734440774e-03
9.796204990000000057e-02,5.684280132928341833e-03
9.800452190000000230e-02,5.684016102496688289e-03
9.802575099999999431e-02,5.683884092935590805e-03
9.808941070000000428e-02,5.683488086753505850e-03
9.811062140000000042e-02,5.683356092161568826e-03
9.813182759999999893e-02,5.683224101382537523e-03
9.825896829999999915e-02,5.682432235240384745e-03
9.844937149999999360e-02,5.681244689141670169e-03
9.847050470000000277e-02,5.681112758327201695e-03
9.853387700000000582e-02,5.680716988357924734e-03
9.859720869999999415e-02,5.680321252113767691e-03
9.868158759999999530e-02,5.679793656254159342e-03
9.870267110000000010e-02,5.679661766657205513e-03
9.876589439999999831e-02,5.679266120388206870e-03
9.887117689999999626e-02,5.678606784798090334e-03
9.895532220000000101e-02,5.678079383760786976e-03
9.903939609999999616e-02,5.677552042706108387e-03
9.914438809999999436e-02,5.676892950615373100e-03
9.927023199999999992e-02,5.676102163626851362e-03
9.935403930000000217e-02,5.675575047222829357e-03
9.945869920000000031e-02,5.674916235935196195e-03
9.947961800000000576e-02,5.674784484897259056e-03
9.954234789999999444e-02,5.674389254286595421e-03
9.960503830000000391e-02,5.673994057321844232e-03
9.962592630000000060e-02,5.673862332468919585e-03
9.964681000000000233e-02,5.673730611372452756e-03
9.970943470000000197e-02,5.673335470553783275e-03
9.979287320000000683e-02,5.672808668498226931e-03
9.995954120000000165e-02,5.671755243859132219e-03
9.998035519999999565e-02,5.671623582616175559e-03
1.000219702000000044e-01,5.671360271357454158e-03
1.000427710999999970e-01,5.671228621347166807e-03
1.001467112000000020e-01,5.670570427311264275e-03
1.002920464000000011e-01,5.669649112657712715e-03
1.003542684999999962e-01,5.669254319633002664e-03
1.003750006000000000e-01,5.669122729438043351e-03
1.004578862999999933e-01,5.668596405940097213e-03
1.004785970000000028e-01,5.668464834389164327e-03
1.006441294999999986e-01,5.667412396706756998e-03
1.007061340000000027e-01,5.667017794196227767e-03
1.007681004000000047e-01,5.666623225351175193e-03
1.007887474000000033e-01,5.666491709877480645e-03
1.009331579999999950e-01,5.665571205983799784e-03
1.009743802999999995e-01,5.665308238499032131e-03
1.010155856999999935e-01,5.665045285974360141e-03
1.011391013000000061e-01,5.664256517895249581e-03
1.012830123999999971e-01,5.663336458279373369e-03
1.013035545000000037e-01,5.663205036128581178e-03
1.013446261000000015e-01,5.662942203034398124e-03
1.014472322999999954e-01,5.662285185501547691e-03
1.014677410999999946e-01,5.662153793225158799e-03
1.015292426999999942e-01,5.661759638678705991e-03
1.016316624999999974e-01,5.661102789067358650e-03
1.018566236999999958e-01,5.659658048131801199e-03
1.019587146000000000e-01,5.659001496820361202e-03
1.019995224000000006e-01,5.658738902405437664e-03
1.020199202000000027e-01,5.658607610763248530e-03
1.020810889999999999e-01,5.658213758268101565e-03
1.021829558000000027e-01,5.657557412007907516e-03
1.022440270999999956e-01,5.657163648981957359e-03
1.023253987999999948e-01,5.656638683722365474e-03
1.024270225000000062e-01,5.655982561047011303e-03
1.024473352000000032e-01,5.655851347651121366e-03
1.025082489999999957e-01,5.655457729899030991e-03
1.025894110999999997e-01,5.654932958349098530e-03
1.026705091000000014e-01,5.654408246423173190e-03
1.027312905999999970e-01,5.654014751518535511e-03
1.029134196000000001e-01,5.652834467990764875e-03
1.029740576000000019e-01,5.652441107154125219e-03
1.029942623999999946e-01,5.652309994266032679e-03
1.030952267999999949e-01,5.651654485917983681e-03
1.031557580000000002e-01,5.651261225534442122e-03
1.032162536999999963e-01,5.650867998628031352e-03
1.032364110999999945e-01,5.650736930466828539e-03
1.032968595999999989e-01,5.650343748169075683e-03
1.034176504999999996e-01,5.649557484109127281e-03
1.035784859999999974e-01,5.648509340291292882e-03
1.036387349999999957e-01,5.648116347680460711e-03
1.038593488000000009e-01,5.646675661101418706e-03
1.038793813000000038e-01,5.646544711853265439e-03
1.038994099999999976e-01,5.646413766397193404e-03
1.039594729999999967e-01,5.646020952165604900e-03
1.040195012999999974e-01,5.645628171438999907e-03
1.040395030000000054e-01,5.645497251946772661e-03
1.040595009000000043e-01,5.645366336148320736e-03
1.041194715000000048e-01,5.644973611157505858e-03
1.041993786000000033e-01,5.644450029808832127e-03
1.042193458000000017e-01,5.644319143754443317e-03
1.042592687999999990e-01,5.644057382808556622e-03
1.043590092999999996e-01,5.643403045341457112e-03
1.044387331999999946e-01,5.642879642253513343e-03
1.044984860999999959e-01,5.642487128963751854e-03
1.045383024999999994e-01,5.642225471915815298e-03
1.045781035999999997e-01,5.641963829782639141e-03
1.046775404000000048e-01,5.641309789389610703e-03
1.047570218000000025e-01,5.640786623805940994e-03
1.048562888999999970e-01,5.640132750437210594e-03
1.048959693999999970e-01,5.639871226991602891e-03
1.049158040000000014e-01,5.639740470885523139e-03
1.050149209999999972e-01,5.639086745844721672e-03
1.051535277999999934e-01,5.638171686578566551e-03
1.052919521000000025e-01,5.637256809060894880e-03
1.053117120999999962e-01,5.637126127077831013e-03
1.053907153000000069e-01,5.636603436300452810e-03
1.055485441999999968e-01,5.635558232685686404e-03
1.056470674999999970e-01,5.634905100796666101e-03
1.057848460000000018e-01,5.633990871906048407e-03
1.058045140000000023e-01,5.633860282566014073e-03
1.058438389999999951e-01,5.633599115048182338e-03
1.058634960999999958e-01,5.633468536838060099e-03
1.059224453000000010e-01,5.633076824425378541e-03
1.060206211000000037e-01,5.632424044520914323e-03
1.060794830000000022e-01,5.632032420999300883e-03
1.060990963999999953e-01,5.631901887242408804e-03
1.061579148000000028e-01,5.631510308126174043e-03
1.062558730999999951e-01,5.630857750358449383e-03
1.063928632000000069e-01,5.629944324967902855e-03
1.064319707999999975e-01,5.629683379566454565e-03
1.064906052999999991e-01,5.629291989268559240e-03
1.065687344999999980e-01,5.628770187267211240e-03
1.067443161000000001e-01,5.627596349300842057e-03
1.067832950000000003e-01,5.627335537078035493e-03
1.068027790999999949e-01,5.627205136534293127e-03
1.068806801000000001e-01,5.626683571264640138e-03
1.069001465000000012e-01,5.626553189240720600e-03
1.069585242999999963e-01,5.626162065214821047e-03
1.070363119999999946e-01,5.625640618224641079e-03
1.070557500000000051e-01,5.625510265782978324e-03
1.070946155999999982e-01,5.625249571880327516e-03
1.072111278000000001e-01,5.624467578888664616e-03
1.073275134000000047e-01,5.623685718921526272e-03
1.073662806000000025e-01,5.623425128536017371e-03
1.075018556999999958e-01,5.622513178449504295e-03
1.076565896000000050e-01,5.621471171340615587e-03
1.077145573999999939e-01,5.621080479645689139e-03
1.077338731000000022e-01,5.620950256429172592e-03
1.077917994999999934e-01,5.620559609040881761e-03
1.078882741999999950e-01,5.619908603816484507e-03
1.079653919999999934e-01,5.619387866123403893e-03
1.080231942000000056e-01,5.618997351568199607e-03
1.081194624000000049e-01,5.618346567853245085e-03
1.081387057999999984e-01,5.618216422167865431e-03
1.081964153999999956e-01,5.617826007271486607e-03
1.082733136999999984e-01,5.617305505756325229e-03
1.082925297000000009e-01,5.617175389518339751e-03
1.084077544000000004e-01,5.616394770010587657e-03
1.084269466000000043e-01,5.616264679661598855e-03
1.084461354000000044e-01,5.616134592994468690e-03
1.085803620999999941e-01,5.615224089645845691e-03
1.085995238000000002e-01,5.615094032465450628e-03
1.086378370999999954e-01,5.614833929239023899e-03
1.086569886000000040e-01,5.614703883144034000e-03
1.087526959000000015e-01,5.614053707891889129e-03
1.088100798000000008e-01,5.613663646981021348e-03
1.088674334999999993e-01,5.613273619231145747e-03
1.089629559000000053e-01,5.612623646763057784e-03
1.090393136000000068e-01,5.612103735016239943e-03
1.090583945999999971e-01,5.611973766281551368e-03
1.091156177999999949e-01,5.611583882267017973e-03
1.092109230999999958e-01,5.610934149225048698e-03
1.093442109999999967e-01,5.610024677567279107e-03
1.094773366000000026e-01,5.609115386375006229e-03
1.095723272999999942e-01,5.608466003089023280e-03
1.096292821999999972e-01,5.608076417312400815e-03
1.096672357000000042e-01,5.607816711804059981e-03
1.097810174999999944e-01,5.607037683749841947e-03
1.097999696000000053e-01,5.606907858604119610e-03
1.098568065000000010e-01,5.606518405235101990e-03
1.099703920999999945e-01,5.605739597913937319e-03
1.100271409999999950e-01,5.605350243823165046e-03
1.101594412999999939e-01,5.604441879797624447e-03
1.101783283000000030e-01,5.604312128217695324e-03
1.102349700999999960e-01,5.603922895574861562e-03
1.103293085000000007e-01,5.603274247959172394e-03
1.104047211000000056e-01,5.602755396037413863e-03
1.104235662999999978e-01,5.602625692236015004e-03
1.104612467999999958e-01,5.602366295646114477e-03
1.105742115999999997e-01,5.601588194217472193e-03
1.106306506999999995e-01,5.601199193026854331e-03
1.108373482000000049e-01,5.599773138326837561e-03
1.108561197000000054e-01,5.599643519039769132e-03
1.109311741999999962e-01,5.599125078619686217e-03
1.109874317999999943e-01,5.598736286804284305e-03
1.110249209999999986e-01,5.598477110614082271e-03
1.110811310999999940e-01,5.598088373892846567e-03
1.111560337000000037e-01,5.597570109681589828e-03
1.113056877000000028e-01,5.596533757336308139e-03
1.113243802999999976e-01,5.596404229760203186e-03
1.113617560000000062e-01,5.596145185726527325e-03
1.114364699999999958e-01,5.595627141669479686e-03
1.114738081999999963e-01,5.595368141673378627e-03
1.115297920000000026e-01,5.594979669158047474e-03
1.116043934999999959e-01,5.594461757110580184e-03
1.116789450999999961e-01,5.593943903737486414e-03
1.117534470000000058e-01,5.593426109102694194e-03
1.118278993000000054e-01,5.592908373112740958e-03
1.120323877999999940e-01,5.591484901519599288e-03
1.121994194000000000e-01,5.590320572787196331e-03
1.122179632000000066e-01,5.590191221222183364e-03
1.122550414000000052e-01,5.589932529134834620e-03
1.122735759000000055e-01,5.589803188576022812e-03
1.123476835000000035e-01,5.589285863038524586e-03
1.123662027999999952e-01,5.589156540751948933e-03
1.124217421999999938e-01,5.588768596016295380e-03
1.124957521999999932e-01,5.588251387625489675e-03
1.125142469999999978e-01,5.588122094739587757e-03
1.125512277000000061e-01,5.587863519871441240e-03
1.126436261999999994e-01,5.587217146690933930e-03
1.126620968000000000e-01,5.587087883014672796e-03
1.128466364999999999e-01,5.585795447803234767e-03
1.128650739000000014e-01,5.585666224364907277e-03
1.129387933000000066e-01,5.585149367412584054e-03
1.131044863999999955e-01,5.583986653246092620e-03
1.131412740999999944e-01,5.583728312563010672e-03
1.131596634999999934e-01,5.583599147717660874e-03
1.133066709999999977e-01,5.582565960457548833e-03
1.133617497000000002e-01,5.582178575614970759e-03
1.133801033000000069e-01,5.582049454575533851e-03
1.134351462999999977e-01,5.581662113644613940e-03
1.135451522999999935e-01,5.580887530274939931e-03
1.136550518000000037e-01,5.580113078538745212e-03
1.136916614000000048e-01,5.579854957159607193e-03
1.137465535999999944e-01,5.579467802603963605e-03
1.138014194000000062e-01,5.579080680813336413e-03
1.138379818999999959e-01,5.578822617979740071e-03
1.139658583000000003e-01,5.577919512918575427e-03
1.140388660999999970e-01,5.577403533188396954e-03
1.141300601999999942e-01,5.576758640734564600e-03
1.141847416999999948e-01,5.576371749074835252e-03
1.142393970000000064e-01,5.575984890205397219e-03
1.142576096000000041e-01,5.575855944569853978e-03
1.143122300999999952e-01,5.575469129602743899e-03
1.143304311000000045e-01,5.575340198550736426e-03
1.144032063000000043e-01,5.574824510927935302e-03
1.144213927999999936e-01,5.574695598101028077e-03
1.145304515000000051e-01,5.573922197977721274e-03
1.146938450999999970e-01,5.572762344102749101e-03
1.148388887000000025e-01,5.571731610824466434e-03
1.148570062999999947e-01,5.571602785619056940e-03
1.148932327999999947e-01,5.571345146021632402e-03
1.149656517000000044e-01,5.570829910705830425e-03
1.149837492999999933e-01,5.570701110972080435e-03
1.150561112000000052e-01,5.570185948547363118e-03
1.151284276999999939e-01,5.569670844359980895e-03
1.151826351999999942e-01,5.569284554531873412e-03
1.152909738000000017e-01,5.568512073208441333e-03
1.153992105999999962e-01,5.567739723087435783e-03
1.154352669999999942e-01,5.567482302240001589e-03
1.154713121999999953e-01,5.567224895886620055e-03
1.154893305000000009e-01,5.567096198163478359e-03
1.155433686999999959e-01,5.566710126935610348e-03
1.155613758999999990e-01,5.566581443745756419e-03
1.157053318999999997e-01,5.565552109691772678e-03
1.157233138000000050e-01,5.565423459405538682e-03
1.157772427999999992e-01,5.565037530068032111e-03
1.158670687000000060e-01,5.564394387459383438e-03
1.159209308000000022e-01,5.564008545552288736e-03
1.159747678999999976e-01,5.563622736414321722e-03
1.159927079999999999e-01,5.563494140613207267e-03
1.160465118000000018e-01,5.563108375057479633e-03
1.161182114000000043e-01,5.562594072014882471e-03
1.161540446000000060e-01,5.562336942348005374e-03
1.162793738999999965e-01,5.561437102877001860e-03
1.162972671000000041e-01,5.561308568979370613e-03
1.163509300000000052e-01,5.560922988944635645e-03
1.164224420999999954e-01,5.560408933203567564e-03
1.164403133000000007e-01,5.560280428341707500e-03
1.165653348000000034e-01,5.559380996226962086e-03
1.166902222999999933e-01,5.558481742220835672e-03
1.167258798999999958e-01,5.558224845111606194e-03
1.167793458999999978e-01,5.557839526877374377e-03
1.168327873999999988e-01,5.557454241279739977e-03
1.168505957999999983e-01,5.557325820044582698e-03
1.169040048000000026e-01,5.556940578064300217e-03
1.169218023000000023e-01,5.556812171312649346e-03
1.170640854000000036e-01,5.555785048239331517e-03
1.171529245999999996e-01,5.555143214301193344e-03
1.172061957999999959e-01,5.554758157556514628e-03
1.172771863999999969e-01,5.554244799325346212e-03
1.174190388000000002e-01,5.553218257083419179e-03
1.174367582999999993e-01,5.553089955665373861e-03
1.174721893000000017e-01,5.552833363677896900e-03
1.175607201000000018e-01,5.552191947234458996e-03
1.176845512999999954e-01,5.551294116503318297e-03
1.177022308000000017e-01,5.551165869456995382e-03
1.177199077000000010e-01,5.551037626039951635e-03
1.177552535000000039e-01,5.550781150114035209e-03
1.178612272999999960e-01,5.550011809455943773e-03
1.179141783999999998e-01,5.549627188094810246e-03
1.180552655000000062e-01,5.548601690506266108e-03
1.181961841000000041e-01,5.547576424981933568e-03
1.182665804000000015e-01,5.547063879160433336e-03
1.182841728999999981e-01,5.546935751833184484e-03
1.183193502000000064e-01,5.546679507897471148e-03
1.183369348999999959e-01,5.546551391352947703e-03
1.183896732999999979e-01,5.546167063475291280e-03
1.184248192000000033e-01,5.545910863090833427e-03
1.184775183999999953e-01,5.545526589536403476e-03
1.186003924000000043e-01,5.544630078189974505e-03
1.186880815999999950e-01,5.543989821544592807e-03
1.187056117000000049e-01,5.543861781048521620e-03
1.187581862999999988e-01,5.543477681324883444e-03
1.188107377000000020e-01,5.543093614243220328e-03
1.188282496999999993e-01,5.542965599138158748e-03
1.188457591000000035e-01,5.542837587674211489e-03
1.189507612999999991e-01,5.542069594557733070e-03
1.191604881999999976e-01,5.540533999271989203e-03
1.191779488000000026e-01,5.540406056414778554e-03
1.192652134000000003e-01,5.539766396863284210e-03
1.193872765999999946e-01,5.538871025395120801e-03
1.194395511999999937e-01,5.538487348940139728e-03
1.195266247000000004e-01,5.537847960628406070e-03
1.195440318000000057e-01,5.537720093807267825e-03
1.196831975000000048e-01,5.536697289275653924e-03
1.197353428999999997e-01,5.536313797174522745e-03
1.198048347999999957e-01,5.535802525056312921e-03
1.199436978999999931e-01,5.534780154109122594e-03
1.199957301000000032e-01,5.534396824562529821e-03
1.200130692000000027e-01,5.534269055303841882e-03
1.200650713000000064e-01,5.533885769059396567e-03
1.200997268999999951e-01,5.533630263037585956e-03
1.201516915000000046e-01,5.533247031088575109e-03
1.202382493999999968e-01,5.532608383205045444e-03
1.203593257999999999e-01,5.531714427861306356e-03
1.203766123999999993e-01,5.531586734395721114e-03
1.204284575999999968e-01,5.531203675698629155e-03
1.204802804999999949e-01,5.530820649460552706e-03
1.205148166999999992e-01,5.530565316627627202e-03
1.205493428999999950e-01,5.530309998267904717e-03
1.206356155000000013e-01,5.529671765429770673e-03
1.207045890999999954e-01,5.529161244181813109e-03
1.207735233000000047e-01,5.528650780558603400e-03
1.207907507000000047e-01,5.528523173609311420e-03
1.208251981000000030e-01,5.528267970670104961e-03
1.208424181999999958e-01,5.528140374637524959e-03
1.209800902000000011e-01,5.527119735838579781e-03
1.211004249000000033e-01,5.526226866269083778e-03
1.211691339000000034e-01,5.525716734344127135e-03
1.211863051000000024e-01,5.525589210356326129e-03
1.212034738000000028e-01,5.525461689939489829e-03
1.212549653999999977e-01,5.525079150397045960e-03
1.213064352000000068e-01,5.524696643376608880e-03
1.213407361999999934e-01,5.524441656645439139e-03
1.213921696000000022e-01,5.524059203613942981e-03
1.214607136000000059e-01,5.523549316627676328e-03
1.214778435000000018e-01,5.523421853956031469e-03
1.216147962999999943e-01,5.522402281637696711e-03
1.216661138000000031e-01,5.522020001489272994e-03
1.217174097000000010e-01,5.521637753665195603e-03
1.217515948999999958e-01,5.521382939785929658e-03
1.219394424999999949e-01,5.519981720860981343e-03
1.220076789999999939e-01,5.519472294673421174e-03
1.220247321999999995e-01,5.519344947177007646e-03
1.220758774000000046e-01,5.518962925998453783e-03
1.222121599000000058e-01,5.517944361427802938e-03
1.222632267000000050e-01,5.517562459043727670e-03
1.222802442999999933e-01,5.517435165446484858e-03
1.223993007000000049e-01,5.516544210872682992e-03
1.224162993000000033e-01,5.516416945989223268e-03
1.224332954999999973e-01,5.516289684724440950e-03
1.224672809999999973e-01,5.516035173040308506e-03
1.225522032999999955e-01,5.515398956614857989e-03
1.225691807000000022e-01,5.515271724161299044e-03
1.226200987999999936e-01,5.514890048314449386e-03
1.226709956999999934e-01,5.514508404617379962e-03
1.226879567000000032e-01,5.514381197391245333e-03
1.227388254999999956e-01,5.513999596850453072e-03
1.228235601000000066e-01,5.513363667937494668e-03
1.228405000000000052e-01,5.513236492975400437e-03
1.230097705999999985e-01,5.511964940310281301e-03
1.230266849000000023e-01,5.511837804915338708e-03
1.231619152999999939e-01,5.510820850077178396e-03
1.232294748999999967e-01,5.510312458781533446e-03
1.232463589999999998e-01,5.510185369974557844e-03
1.232969973999999969e-01,5.509804125009482023e-03
1.233476151000000021e-01,5.509422912354460140e-03
1.234824939999999982e-01,5.508406502976856758e-03
1.234993434999999973e-01,5.508279468028940730e-03
1.236340570000000055e-01,5.507263317067558062e-03
1.237013586999999998e-01,5.506755327554119575e-03
1.237686238000000050e-01,5.506247395488173164e-03
1.238862498000000006e-01,5.505358652456567199e-03
1.239198366999999940e-01,5.505104758167606201e-03
1.240373193999999984e-01,5.504216240959074018e-03
1.240540935000000039e-01,5.504089324269929688e-03
1.240876350000000017e-01,5.503835501569525820e-03
1.241044023999999940e-01,5.503708595620014632e-03
1.241882051999999986e-01,5.503074119611808465e-03
1.242384596999999979e-01,5.502693477010934565e-03
1.242886938999999968e-01,5.502312866606982010e-03
1.243556412999999999e-01,5.501805436302431053e-03
1.244392748999999937e-01,5.501171228816602830e-03
1.244559949000000054e-01,5.501044398073707750e-03
1.245061412999999978e-01,5.500663927409286773e-03
1.245562676000000063e-01,5.500283488963165004e-03
1.245896739000000031e-01,5.500029881161270714e-03
1.246397665999999932e-01,5.499649496358026413e-03
1.247065254999999984e-01,5.499142366695373117e-03
1.248232677000000040e-01,5.498255027633033518e-03
1.248566024999999968e-01,5.498001534373946758e-03
1.248899284999999970e-01,5.497748055556570847e-03
1.249898531000000063e-01,5.496987704572278179e-03
1.250397853999999920e-01,5.496607577375555928e-03
1.251063309000000068e-01,5.496100791201980092e-03
1.251562167999999975e-01,5.495720739094850371e-03
1.252393156999999924e-01,5.495087390436240692e-03
1.252559289000000076e-01,5.494960731477593029e-03
1.253887550999999989e-01,5.493947588152000086e-03
1.255048625999999889e-01,5.493061275384226311e-03
1.255711616000000086e-01,5.492554889611925110e-03
1.256374255999999912e-01,5.492048560919973038e-03
1.256871006999999985e-01,5.491668851891296985e-03
1.257036547000000004e-01,5.491542289426949719e-03
1.257863919999999969e-01,5.490909530279411942e-03
1.258360081999999880e-01,5.490529917750596942e-03
1.259021328999999911e-01,5.490023817713441355e-03
1.259517035000000118e-01,5.489644280100048311e-03
1.260177674000000081e-01,5.489138279985155897e-03
1.261002985999999937e-01,5.488505860050891909e-03
1.261662846999999921e-01,5.487999988468564294e-03
1.261827758000000077e-01,5.487873529519280737e-03
1.262981534000000017e-01,5.486988416488673345e-03
1.264463413999999952e-01,5.485850670815607504e-03
1.264792483999999939e-01,5.485597877662969253e-03
1.264956988000000004e-01,5.485471486513142717e-03
1.265450368999999908e-01,5.485092334241293936e-03
1.266272243999999880e-01,5.484460485127313351e-03
1.266765113999999970e-01,5.484081418489990083e-03
1.267421974000000062e-01,5.483576046194881676e-03
1.268242572000000123e-01,5.482944410985968360e-03
1.268406628000000036e-01,5.482818094677478944e-03
1.268898668000000007e-01,5.482439166984228937e-03
1.269390516999999996e-01,5.482060271458988505e-03
1.269718310999999877e-01,5.481807692179173352e-03
1.270209843000000005e-01,5.481428850022091771e-03
1.270701184999999955e-01,5.481050039898157158e-03
1.270864922999999924e-01,5.480923776971857037e-03
1.272174071999999934e-01,5.479913801921012552e-03
1.272337621000000085e-01,5.479787571106811868e-03
1.272828141000000024e-01,5.479408899865659266e-03
1.273481874999999874e-01,5.478904054864557928e-03
1.273645256000000003e-01,5.478777852482234756e-03
1.274625101000000094e-01,5.478020713030161935e-03
1.275277914000000068e-01,5.477516024443461126e-03
1.276745521000000050e-01,5.476380683588094427e-03
1.277234348000000075e-01,5.476002300733845592e-03
1.277560128999999933e-01,5.475750063248256173e-03
1.277885826999999863e-01,5.475497839935484189e-03
1.278048645000000039e-01,5.475371733660246848e-03
1.278699709999999989e-01,5.474867344099089948e-03
1.280488429999999955e-01,5.473480565990497711e-03
1.281138253999999921e-01,5.472976389693530105e-03
1.281463043000000135e-01,5.472724322839680328e-03
1.283896338999999942e-01,5.470834274911520571e-03
1.284544438999999927e-01,5.470330397115743745e-03
1.285192213000000139e-01,5.469826576080424364e-03
1.285354105000000025e-01,5.469700629784574400e-03
1.285839659999999940e-01,5.469322812022194696e-03
1.286486780999999968e-01,5.468819104706797683e-03
1.286648511000000050e-01,5.468693186735375592e-03
1.287780048000000122e-01,5.467811860517516123e-03
1.287941615000000040e-01,5.467685971001291431e-03
1.288264688999999907e-01,5.467434202467801388e-03
1.288426195000000052e-01,5.467308323621617935e-03
1.289233422999999934e-01,5.466678982282193074e-03
1.290201430000000038e-01,5.465923889948921116e-03
1.290362693999999866e-01,5.465798053679775045e-03
1.291007547999999949e-01,5.465294743809420187e-03
1.291813162999999876e-01,5.464665686376393716e-03
1.292296290999999930e-01,5.464288294454887861e-03
1.293101103000000029e-01,5.463659378878272556e-03
1.293583749999999977e-01,5.463282072221061457e-03
1.295512538999999963e-01,5.461773164063045763e-03
1.295673142000000055e-01,5.461647444835415061e-03
1.295994287999999994e-01,5.461396016845939880e-03
1.296636341000000081e-01,5.460893203388923409e-03
1.296796805000000052e-01,5.460767508897489304e-03
1.297438461000000043e-01,5.460264766383545430e-03
1.298079799999999895e-01,5.459762080543687987e-03
1.298240085000000044e-01,5.459636417880655776e-03
1.298560595999999900e-01,5.459385103376975142e-03
1.299361528000000099e-01,5.458756878803501696e-03
1.299521654999999942e-01,5.458631244601486882e-03
1.301121842999999889e-01,5.457375096594994576e-03
1.301281753000000097e-01,5.457249501145445408e-03
1.301761367000000003e-01,5.456872736496545806e-03
1.301921198999999862e-01,5.456747155339038147e-03
1.303358805000000009e-01,5.455617084043642984e-03
1.303678057000000057e-01,5.455365995989383196e-03
1.304635345999999863e-01,5.454612816835607142e-03
1.305113727999999973e-01,5.454236275049056774e-03
1.305591932999999871e-01,5.453859764980475804e-03
1.305751296999999866e-01,5.453734268780256744e-03
1.306229268999999915e-01,5.453357801244877560e-03
1.307025501999999895e-01,5.452730426075064370e-03
1.307184690000000038e-01,5.452604961659500947e-03
1.308139412999999862e-01,5.451852249265492015e-03
1.308298465000000133e-01,5.451726809602991039e-03
1.308457499000000024e-01,5.451601373553605946e-03
1.309570191999999966e-01,5.450723419413788622e-03
1.309729071000000078e-01,5.450598011654321680e-03
1.310840685000000116e-01,5.449720255426522726e-03
1.311316801999999893e-01,5.449344127152278353e-03
1.311475470000000032e-01,5.449218758180940370e-03
1.312268518999999967e-01,5.448591966124355021e-03
1.312744117999999904e-01,5.448215933398610315e-03
1.313377983000000027e-01,5.447714605660600867e-03
1.313853181000000092e-01,5.447338647015370454e-03
1.314011542000000088e-01,5.447213334504363673e-03
1.314644795999999893e-01,5.446712119861851602e-03
1.315277744999999998e-01,5.446210961588649792e-03
1.315752256000000120e-01,5.445835129975028568e-03
1.316068501999999862e-01,5.445584593224288110e-03
1.316542729000000078e-01,5.445208814602210332e-03
1.317016785000000023e-01,5.444833067664732809e-03
1.318280101000000037e-01,5.443831231223296256e-03
1.318437929999999869e-01,5.443706017478408890e-03
1.318595740999999877e-01,5.443580807445759506e-03
1.319069059000000099e-01,5.443205198140757713e-03
1.321118145000000077e-01,5.441577924479780448e-03
1.321433106999999885e-01,5.441327627573195810e-03
1.322220182999999938e-01,5.440701947170449755e-03
1.322849506999999869e-01,5.440201466111817957e-03
1.323635740999999921e-01,5.439575944205616784e-03
1.323950104000000128e-01,5.439325760131045844e-03
1.324735684999999996e-01,5.438700361403420516e-03
1.325991646999999940e-01,5.437699906870617494e-03
1.326148558999999949e-01,5.437574865811455223e-03
1.326619182000000063e-01,5.437199764016314822e-03
1.327089637999999960e-01,5.436824694069961050e-03
1.327403182999999931e-01,5.436574664862510974e-03
1.328343374000000021e-01,5.435824661980030378e-03
1.328500008000000066e-01,5.435699673733150432e-03
1.328969798999999896e-01,5.435324730422215825e-03
1.329908881999999903e-01,5.434574938761456767e-03
1.330378174999999885e-01,5.434200090473967001e-03
1.331159962000000030e-01,5.433575413510142310e-03
1.331628814999999966e-01,5.433200649576191456e-03
1.332097502000000044e-01,5.432825917461474481e-03
1.332253693999999877e-01,5.432701013679498356e-03
1.333502575000000134e-01,5.431701910655472622e-03
1.333658601999999915e-01,5.431577038485862000e-03
1.333970603000000088e-01,5.431327304991820544e-03
1.334906168999999976e-01,5.430578188724243839e-03
1.335373705000000022e-01,5.430203677961186956e-03
1.335996832999999939e-01,5.429704379467598443e-03
1.336463988000000103e-01,5.429329942635611160e-03
1.336619671000000009e-01,5.429205137331760862e-03
1.337242217999999871e-01,5.428705951415016898e-03
1.338330979000000032e-01,5.427832511353300471e-03
1.338641891000000028e-01,5.427582988505626552e-03
1.340971431999999908e-01,5.425712016051837012e-03
1.341126591000000035e-01,5.425587312658680141e-03
1.341591960000000083e-01,5.425213223484596191e-03
1.342057167000000051e-01,5.424839165876990839e-03
1.342212201000000105e-01,5.424714487101082311e-03
1.342367215999999974e-01,5.424589811744931316e-03
1.343451823000000045e-01,5.423717182776332905e-03
1.343606696000000100e-01,5.423592535484322331e-03
1.344845033000000023e-01,5.422595483693352404e-03
1.345309115999999972e-01,5.422221647295700185e-03
1.345773037999999922e-01,5.421847842229835825e-03
1.346391352999999902e-01,5.421349484706297454e-03
1.346545888000000024e-01,5.421224904102080189e-03
1.347009383999999976e-01,5.420851183401876987e-03
1.347163848000000053e-01,5.420726616883803431e-03
1.347781523999999898e-01,5.420228385577903832e-03
1.348398918000000002e-01,5.419730210375299853e-03
1.348861778000000067e-01,5.419356615775414339e-03
1.349016029000000005e-01,5.419232091332563429e-03
1.350249404999999958e-01,5.418236021392851785e-03
1.350711631000000024e-01,5.417862553030763396e-03
1.350865670999999990e-01,5.417738070571543468e-03
1.351327686000000083e-01,5.417364644230099856e-03
1.351943459999999930e-01,5.416866791343194314e-03
1.352251241999999909e-01,5.416617886052600521e-03
1.352712784000000001e-01,5.416244554269145951e-03
1.353942793000000033e-01,5.415249156903595602e-03
1.354557378000000034e-01,5.414751542349238202e-03
1.354710980999999925e-01,5.414627147345398017e-03
1.355939177000000107e-01,5.413632114199657362e-03
1.356246051999999980e-01,5.413383390790947255e-03
1.356399463000000083e-01,5.413259034336028938e-03
1.357166260999999874e-01,5.412637304924146353e-03
1.358085847000000124e-01,5.411891344891784673e-03
1.358698557999999945e-01,5.411394108212090256e-03
1.358851692999999972e-01,5.411269807694765038e-03
1.359464059000000113e-01,5.410772640961456978e-03
1.359617106999999880e-01,5.410648358026520430e-03
1.360840875000000061e-01,5.409654220321117972e-03
1.361299504000000049e-01,5.409281476374687252e-03
1.361757979000000063e-01,5.408908763808629658e-03
1.361910769999999937e-01,5.408784533341003120e-03
1.363590336999999930e-01,5.407418228571413306e-03
1.363742921999999969e-01,5.407294039954426042e-03
1.364505592999999961e-01,5.406673149536183644e-03
1.364962990999999959e-01,5.406300657073147796e-03
1.365572616000000072e-01,5.405804049535253668e-03
1.366791052000000117e-01,5.404811002014979146e-03
1.366943280000000038e-01,5.404686886874827609e-03
1.367399861999999966e-01,5.404314562075148050e-03
1.367856292000000085e-01,5.403942268833009793e-03
1.368160494000000005e-01,5.403694090735016407e-03
1.368464628999999932e-01,5.403445926648892811e-03
1.369224669999999922e-01,5.402825577463785112e-03
1.370439857999999900e-01,5.401833200266669549e-03
1.370591680999999895e-01,5.401709168654302527e-03
1.370895276000000107e-01,5.401461116340737154e-03
1.371047048000000046e-01,5.401337095361750593e-03
1.371502263999999915e-01,5.400965053247778341e-03
1.372260621999999985e-01,5.400345052879179306e-03
1.374078974000000064e-01,5.398857407840893831e-03
1.374230395000000104e-01,5.398733459968277186e-03
1.375289872999999885e-01,5.397865923341005172e-03
1.375441161000000023e-01,5.397742003510594237e-03
1.375894923000000047e-01,5.397370264676519709e-03
1.376348535999999956e-01,5.396998557298930167e-03
1.376499707000000128e-01,5.396874661876480996e-03
1.377708478000000125e-01,5.395883623452941806e-03
1.377859499999999904e-01,5.395759759311275286e-03
1.379067079000000084e-01,5.394768971619164771e-03
1.379519649000000014e-01,5.394397483771869346e-03
1.380575068000000072e-01,5.393530800491380325e-03
1.380725775999999960e-01,5.393407002444139745e-03
1.381479070999999947e-01,5.392788064833874302e-03
1.381930851000000016e-01,5.392416744049421604e-03
1.382683489000000043e-01,5.391797945639625021e-03
1.383134874999999986e-01,5.391426708429119564e-03
1.384788700000000039e-01,5.390065772909069519e-03
1.385089183000000057e-01,5.389818375220490308e-03
1.385389600999999971e-01,5.389570991462869914e-03
1.385990242000000039e-01,5.389076265946078984e-03
1.386290464000000111e-01,5.388828923949298168e-03
1.386740676999999866e-01,5.388457937036094693e-03
1.387190742999999948e-01,5.388086981418459785e-03
1.387340732000000021e-01,5.387963336498825286e-03
1.387490705999999963e-01,5.387839695171829126e-03
1.387790603999999872e-01,5.387592422602530302e-03
1.388540065999999962e-01,5.386974302285337489e-03
1.389139343999999943e-01,5.386479868743944410e-03
1.389588633000000129e-01,5.386109079930025308e-03
1.390337125999999979e-01,5.385491168114034909e-03
1.390935630000000034e-01,5.384996901144663631e-03
1.392131866000000107e-01,5.384008534206231357e-03
1.392281324000000098e-01,5.383885003884193027e-03
1.392580190000000107e-01,5.383637953755686552e-03
1.393476405000000085e-01,5.382896886756318409e-03
1.394372043000000061e-01,5.382155944757576436e-03
1.394521260000000096e-01,5.382032466496267098e-03
1.395565333999999880e-01,5.381168216456778258e-03
1.395863497000000009e-01,5.380921319084123154e-03
1.396310622999999973e-01,5.380550998979027541e-03
1.396757604999999958e-01,5.380180710088592992e-03
1.396906566999999988e-01,5.380057287541299520e-03
1.397502257999999886e-01,5.379563631566481804e-03
1.398246513999999996e-01,5.378946639539154174e-03
1.399287808000000133e-01,5.378082996432128823e-03
1.399436501000000110e-01,5.377959632773066448e-03
1.399882484999999954e-01,5.377589562388188429e-03
1.400625477000000119e-01,5.376972847697811947e-03
1.401071081999999968e-01,5.376602860619759776e-03
1.401665002999999965e-01,5.376109592884197041e-03
1.402110277999999988e-01,5.375739678419977352e-03
1.402852089999999941e-01,5.375123223900124016e-03
1.403445257000000002e-01,5.374630122473419459e-03
1.403889966999999905e-01,5.374260332810016152e-03
1.405075174000000038e-01,5.373274379333165506e-03
1.405223254999999893e-01,5.373151150713182875e-03
1.406407338000000007e-01,5.372165446601302741e-03
1.406555278999999936e-01,5.372042249133748837e-03
1.406851112999999986e-01,5.371795864667364140e-03
1.407590425999999950e-01,5.371179963907233776e-03
1.407738242000000084e-01,5.371056794157930310e-03
1.408181597000000007e-01,5.370687305764762325e-03
1.408624812000000004e-01,5.370317848350326939e-03
1.408920210999999867e-01,5.370071560815953271e-03
1.409215548999999956e-01,5.369825287066909252e-03
1.409953622000000018e-01,5.369209663191076495e-03
1.410101189999999893e-01,5.369086548761824521e-03
1.411281181000000051e-01,5.368101758064500184e-03
1.411723423000000033e-01,5.367732518803519301e-03
1.412312863999999890e-01,5.367240247798059534e-03
1.412902058999999932e-01,5.366748032269695774e-03
1.413491007999999882e-01,5.366255872084401551e-03
1.413638207000000035e-01,5.366132840780848609e-03
1.413932558999999867e-01,5.365886788313105164e-03
1.414079712000000100e-01,5.365763767192218564e-03
1.414521079000000126e-01,5.365394724815105397e-03
1.414815248000000081e-01,5.365148713762014909e-03
1.415256386000000033e-01,5.364779723108227885e-03
1.415844356000000026e-01,5.364287784152481364e-03
1.416285173000000064e-01,5.363918866040911365e-03
1.417019563999999954e-01,5.363304071685223891e-03
1.418340509000000083e-01,5.362197659551095133e-03
1.419220455000000103e-01,5.361460206629215658e-03
1.419513649999999960e-01,5.361214416585295336e-03
1.420539353999999976e-01,5.360354260446093845e-03
1.420685821999999876e-01,5.360231394783979836e-03
1.420978713999999921e-01,5.359985673909197813e-03
1.422295982000000014e-01,5.358880100168677066e-03
1.423319681000000114e-01,5.358020402903207122e-03
1.423465864000000025e-01,5.357897602773860693e-03
1.424196550999999866e-01,5.357283653981934589e-03
1.424634784000000098e-01,5.356915325996414179e-03
1.425072881999999985e-01,5.356547029010733617e-03
1.425364872999999866e-01,5.356301514915605758e-03
1.425802747000000092e-01,5.355933269814789656e-03
1.426386369000000043e-01,5.355442324390824287e-03
1.427407133999999966e-01,5.354583302784164493e-03
1.427990101000000123e-01,5.354092509005972320e-03
1.428135805000000091e-01,5.353969819157244729e-03
1.428572830000000016e-01,5.353601770254695462e-03
1.428718475000000099e-01,5.353479094322878030e-03
1.429300907000000120e-01,5.352988424472628418e-03
1.429883100999999879e-01,5.352497809960370806e-03
1.430319592000000029e-01,5.352129885018656191e-03
1.431628265000000066e-01,5.351026296598930358e-03
1.432354788000000101e-01,5.350413312308312935e-03
1.432645294999999874e-01,5.350168142675858739e-03
1.432790526000000120e-01,5.350045563087386935e-03
1.433226130999999959e-01,5.349677844660693550e-03
1.433371303000000041e-01,5.349555278890570989e-03
1.433951844999999947e-01,5.349065049854972650e-03
1.434677192000000101e-01,5.348452340815855639e-03
1.434967228000000039e-01,5.348207281193315815e-03
1.435112223999999992e-01,5.348084756550647127e-03
1.435836984999999955e-01,5.347472185237212537e-03
1.436271665999999947e-01,5.347104683585056709e-03
1.436851036000000026e-01,5.346614729785831993e-03
1.437285409999999874e-01,5.346247300308268856e-03
1.438009075999999997e-01,5.345634986840217331e-03
1.438587745999999890e-01,5.345145197784815366e-03
1.439744389000000013e-01,5.344165784795759308e-03
1.440322361999999967e-01,5.343676160848663710e-03
1.440466819000000009e-01,5.343553763341538435e-03
1.441477613000000102e-01,5.342697077708088646e-03
1.441910593999999879e-01,5.342329978185149028e-03
1.442487698999999901e-01,5.341840560233119053e-03
1.442776165000000110e-01,5.341595871954051694e-03
1.443641216999999866e-01,5.340861889272159949e-03
1.443785341999999916e-01,5.340739570738841334e-03
1.444361698000000138e-01,5.340250331409832248e-03
1.444937823999999926e-01,5.339761146822102379e-03
1.445081820000000128e-01,5.339638859321067278e-03
1.445513720000000113e-01,5.339272017152327243e-03
1.445945492000000054e-01,5.338905206033884958e-03
1.447096254000000137e-01,5.337927193984726842e-03
1.448389767999999911e-01,5.336827192570439346e-03
1.448533421000000043e-01,5.336704987355414716e-03
1.448820682999999998e-01,5.336460587311638026e-03
1.448964292000000098e-01,5.336338392378956082e-03
1.449682127999999959e-01,5.335727469151948371e-03
1.450686501000000017e-01,5.334872320608152925e-03
1.450829925999999881e-01,5.334750170321429785e-03
1.451833503999999941e-01,5.333895213651728209e-03
1.451976815999999892e-01,5.333773090684861516e-03
1.452406666000000124e-01,5.333406742420925689e-03
1.452836389999999922e-01,5.333040425071125697e-03
1.453552312999999985e-01,5.332429964279225554e-03
1.454124797000000135e-01,5.331941657639459146e-03
1.454697057000000071e-01,5.331453405502247118e-03
1.455412064000000116e-01,5.330843167519729899e-03
1.456269609999999992e-01,5.330110994847816856e-03
1.456555347000000056e-01,5.329866964865368102e-03
1.456983846000000082e-01,5.329500945321942289e-03
1.457554983000000082e-01,5.329012967049719975e-03
1.457983189000000013e-01,5.328647019315135153e-03
1.458696586000000073e-01,5.328037175063567686e-03
1.458839222999999963e-01,5.327915216324014165e-03
1.459694756000000093e-01,5.327183536513776206e-03
1.459837296000000006e-01,5.327061601885743625e-03
1.459979821999999872e-01,5.326939670485272491e-03
1.460407317000000094e-01,5.326573897350042608e-03
1.460834685999999882e-01,5.326208154959060151e-03
1.462542916000000026e-01,5.324745492784594032e-03
1.462685177999999975e-01,5.324623626469413354e-03
1.464391248999999950e-01,5.323161497520851639e-03
1.464817456999999989e-01,5.322796042132238968e-03
1.465527527000000108e-01,5.322187018304871432e-03
1.465669498999999931e-01,5.322065223737068758e-03
1.466095335000000000e-01,5.321699860650595110e-03
1.468789426999999870e-01,5.319386607743391802e-03
1.468931083999999998e-01,5.319264891832361196e-03
1.469072727999999883e-01,5.319143179277716939e-03
1.469355974999999870e-01,5.318899764190426413e-03
1.469497577999999971e-01,5.318778061881020841e-03
1.470063852999999865e-01,5.318291286533225262e-03
1.470205387000000086e-01,5.318169601400650828e-03
1.470629908999999957e-01,5.317804565947076290e-03
1.471054309000000004e-01,5.317439561210990200e-03
1.471337174000000025e-01,5.317196241823253858e-03
1.471619985000000019e-01,5.316952936157017147e-03
1.472326774000000116e-01,5.316344731194546508e-03
1.472468090999999868e-01,5.316223100601782242e-03
1.472891960999999916e-01,5.315858228978902374e-03
1.473598140000000056e-01,5.315250177611136398e-03
1.473880516999999946e-01,5.315006980969400920e-03
1.474445108999999920e-01,5.314520628519273614e-03
1.475714650000000128e-01,5.313426534997994256e-03
1.475855641999999912e-01,5.313304986312236342e-03
1.476278540000000028e-01,5.312940359859139386e-03
1.476983098999999910e-01,5.312332717723076622e-03
1.477405673999999947e-01,5.311968173179503969e-03
1.477828127999999963e-01,5.311603659210200126e-03
1.477968919000000048e-01,5.311482161519741341e-03
1.478391212000000066e-01,5.311117688622343791e-03
1.478954080999999865e-01,5.310631772283469498e-03
1.479657366999999890e-01,5.310024453475606018e-03
1.480219755000000137e-01,5.309538659803563279e-03
1.480360319000000036e-01,5.309417219832197020e-03
1.481343890000000052e-01,5.308567235805371903e-03
1.481484346999999979e-01,5.308445823220945582e-03
1.482467172999999971e-01,5.307596029672534757e-03
1.482888185000000025e-01,5.307231883296167040e-03
1.483449347999999945e-01,5.306746402838474590e-03
1.483729850000000128e-01,5.306503682832910615e-03
1.484711190000000125e-01,5.305654270264379378e-03
1.485131564999999931e-01,5.305290287420790993e-03
1.485831927000000052e-01,5.304683717205588463e-03
1.486391978999999919e-01,5.304198522335928402e-03
1.487091747000000019e-01,5.303592105014895419e-03
1.487511448999999930e-01,5.303228295488960665e-03
1.488070868999999963e-01,5.302743263649165387e-03
1.489049347999999995e-01,5.301894588590849375e-03
1.489189077999999999e-01,5.301773363039571571e-03
1.489328795000000039e-01,5.301652140696543405e-03
1.489747867000000003e-01,5.301288494124940104e-03
1.490306446999999923e-01,5.300803679801468354e-03
1.490446059999999961e-01,5.300682484688372040e-03
1.490864818000000036e-01,5.300318919704943323e-03
1.491422980000000065e-01,5.299834214003568134e-03
1.492538676999999869e-01,5.298864965427448406e-03
1.492678081000000101e-01,5.298743824570264355e-03
1.494071399999999938e-01,5.297532603536508726e-03
1.494210660999999996e-01,5.297411499985444673e-03
1.496019868000000030e-01,5.295837463612059620e-03
1.496298013000000038e-01,5.295595355149776938e-03
1.496437066000000093e-01,5.295474306036043396e-03
1.496854149000000078e-01,5.295111178742465188e-03
1.497132139000000028e-01,5.294869110910918261e-03
1.497549028000000060e-01,5.294506034645175656e-03
1.497965800999999930e-01,5.294142988806618128e-03
1.498104698999999929e-01,5.294021980142333932e-03
1.499354206000000078e-01,5.292933056315945496e-03
1.500186632999999936e-01,5.292207259549141021e-03
1.500325325999999904e-01,5.292086305153017971e-03
1.500464005999999906e-01,5.291965354358638823e-03
1.500879968999999925e-01,5.291602522094381901e-03
1.501295816999999866e-01,5.291239720309233799e-03
1.501434407999999998e-01,5.291118793120033227e-03
1.502681146000000023e-01,5.290030601012562887e-03
1.503096496000000115e-01,5.289667931070474692e-03
1.504203534000000120e-01,5.288700960760462852e-03
1.504618463000000073e-01,5.288338402764969012e-03
1.504756747999999866e-01,5.288217556782254421e-03
1.505171525000000010e-01,5.287855039505387836e-03
1.505309757999999942e-01,5.287734207088730376e-03
1.505862565999999958e-01,5.287250911514677389e-03
1.506000735999999951e-01,5.287130095955313268e-03
1.507105640999999996e-01,5.286163694283217696e-03
1.508071769000000062e-01,5.285318270223133587e-03
1.509175157000000045e-01,5.284352274184147581e-03
1.509588719999999940e-01,5.283990081530456559e-03
1.509726549000000029e-01,5.283869357336621296e-03
1.510139960999999920e-01,5.283507205344997737e-03
1.510415505999999908e-01,5.283265787461440335e-03
1.510828728999999981e-01,5.282903686089837104e-03
1.511517183999999958e-01,5.282300251385473391e-03
1.511792477999999995e-01,5.282058900984073005e-03
1.512618058999999904e-01,5.281334931365227504e-03
1.513030680999999933e-01,5.280972992125617001e-03
1.513718133999999993e-01,5.280369827890323171e-03
1.513993026999999880e-01,5.280128585568016203e-03
1.514542664999999899e-01,5.279646141838106183e-03
1.514680043999999948e-01,5.279525539455977474e-03
1.515229432000000098e-01,5.279043163278630824e-03
1.515778621999999964e-01,5.278560841001266740e-03
1.516190383000000086e-01,5.278199134748119692e-03
1.516327611999999936e-01,5.278078572739816794e-03
1.517836311999999910e-01,5.276752613765042267e-03
1.517973393000000004e-01,5.276632092295213856e-03
1.518384559000000023e-01,5.276270547926925625e-03
1.519069588999999998e-01,5.275668041684963491e-03
1.520164995000000130e-01,5.274704207268714196e-03
1.520301864999999975e-01,5.274583742914572965e-03
1.520712402000000130e-01,5.274222370686490469e-03
1.522353442000000112e-01,5.272777185504939727e-03
1.522490115000000033e-01,5.272656775248557755e-03
1.522900061999999943e-01,5.272295564946968306e-03
1.523309898000000107e-01,5.271934384704913580e-03
1.523583061999999877e-01,5.271693614945934490e-03
1.523992714000000082e-01,5.271332485445728855e-03
1.524402256999999872e-01,5.270971386145187169e-03
1.524538746999999916e-01,5.270851026513214375e-03
1.525766605999999970e-01,5.269767941253090081e-03
1.526175671999999983e-01,5.269406973365930308e-03
1.526857206999999994e-01,5.268805427665577967e-03
1.527674646000000136e-01,5.268083684023220671e-03
1.528899987000000016e-01,5.267001295560922412e-03
1.529036075000000106e-01,5.266881046981791888e-03
1.529308215000000082e-01,5.266640560001706849e-03
1.529988354000000050e-01,5.266039401362403519e-03
1.530124344999999886e-01,5.265919179734855453e-03
1.530532246999999901e-01,5.265558534956004018e-03
1.531211842000000101e-01,5.264957527661759569e-03
1.531483596000000058e-01,5.264717148569658667e-03
1.532162769000000035e-01,5.264116258790667822e-03
1.532705890999999931e-01,5.263635607798660375e-03
1.533113106000000003e-01,5.263275154839566067e-03
1.533384523000000110e-01,5.263034869643730060e-03
1.533655891000000049e-01,5.262794597915346033e-03
1.533791557999999999e-01,5.262674466950912136e-03
1.534334102999999894e-01,5.262193977404706728e-03
1.534876456000000000e-01,5.261713541286610479e-03
1.535554128999999934e-01,5.261113071982815963e-03
1.535825114000000102e-01,5.260872907834520003e-03
1.535960588999999987e-01,5.260752830799337795e-03
1.536366940999999986e-01,5.260392619587703211e-03
1.536637782999999979e-01,5.260152495660717041e-03
1.537991277000000101e-01,5.258952077797324903e-03
1.538667576999999953e-01,5.258351994619373491e-03
1.538802801999999970e-01,5.258231988226357012e-03
1.539208404000000086e-01,5.257871988825144061e-03
1.539613898999999952e-01,5.257512019541738663e-03
1.540289487000000013e-01,5.256912137720971649e-03
1.540964779000000007e-01,5.256312339951304050e-03
1.541909690000000110e-01,5.255472764150371200e-03
1.542044630999999943e-01,5.255352838207112687e-03
1.542314475000000074e-01,5.255112996347565367e-03
1.542449379999999981e-01,5.254993080275564311e-03
1.543123727000000056e-01,5.254393550961070601e-03
1.543528192999999993e-01,5.254033873605780565e-03
1.544067316999999939e-01,5.253554350739810148e-03
1.544471535999999978e-01,5.253194743666828731e-03
1.544606252999999874e-01,5.253074881574116596e-03
1.545144999999999991e-01,5.252595466026086304e-03
1.545683559999999901e-01,5.252116103940545656e-03
1.546356496000000080e-01,5.251516976936701150e-03
1.546760118000000128e-01,5.251157541040687299e-03
1.548239160999999864e-01,5.249839866848578229e-03
1.548910987000000072e-01,5.249241058164178311e-03
1.549448237999999922e-01,5.248762071319057997e-03
1.549582522000000073e-01,5.248642333085306276e-03
1.550387978999999972e-01,5.247923973462435485e-03
1.550522180999999999e-01,5.247804258706729660e-03
1.550924717999999924e-01,5.247445134212363332e-03
1.551595380999999940e-01,5.246846660303768582e-03
1.552533822999999924e-01,5.246008937226262665e-03
1.552801845000000014e-01,5.245769617963589974e-03
1.553605633000000041e-01,5.245051740494001760e-03
1.553739557000000104e-01,5.244932105808306454e-03
1.554810536000000021e-01,5.243975149974241037e-03
1.555211962999999975e-01,5.243616346475082554e-03
1.555345749000000000e-01,5.243496752133762658e-03
1.556014505999999964e-01,5.242898830348663268e-03
1.556415623000000081e-01,5.242540117098853578e-03
1.556950283999999907e-01,5.242061879923991426e-03
1.557885499999999979e-01,5.241225093561993620e-03
1.558152600999999915e-01,5.240986041775919958e-03
1.558553166999999962e-01,5.240627489040967750e-03
1.558953630000000090e-01,5.240268966477753913e-03
1.560154403000000023e-01,5.239193579273791757e-03
1.560287764999999938e-01,5.239074108480161300e-03
1.561220982000000035e-01,5.238237906445617972e-03
1.561354252999999914e-01,5.238118462521961644e-03
1.561620760999999913e-01,5.237879584456687013e-03
1.561753998000000032e-01,5.237760150396139278e-03
1.562153639999999954e-01,5.237401868431580156e-03
1.562819484000000092e-01,5.236804798364972507e-03
1.563751188999999986e-01,5.235969040271770333e-03
1.563884245000000117e-01,5.235849659809203686e-03
1.564416352999999926e-01,5.235372170468087852e-03
1.564549352000000060e-01,5.235252806676048143e-03
1.566542979999999974e-01,5.233462747517548218e-03
1.567472471999999950e-01,5.232627643704253206e-03
1.567605212000000026e-01,5.232508356364939592e-03
1.567737939999999941e-01,5.232389072511471270e-03
1.568666723999999901e-01,5.231554178370573759e-03
1.568799361999999864e-01,5.231434921056598263e-03
1.569197210000000120e-01,5.231077169399502014e-03
1.569594957999999874e-01,5.230719447640768197e-03
1.570125131000000007e-01,5.230242532022192324e-03
1.570787596000000064e-01,5.229646462232655051e-03
1.570920054999999926e-01,5.229527258436228454e-03
1.571317365999999882e-01,5.229169666601207918e-03
1.571979329000000036e-01,5.228573746765954877e-03
1.572376372000000022e-01,5.228216235107940001e-03
1.572905608000000066e-01,5.227739599150812641e-03
1.573434665000000010e-01,5.227263016457789346e-03
1.573963545000000019e-01,5.226786487340387422e-03
1.574095736999999995e-01,5.226667363095434740e-03
1.574360087999999991e-01,5.226429125222854973e-03
1.574888657000000081e-01,5.225952689022581032e-03
1.575549119000000109e-01,5.225357218682777534e-03
1.575945263000000096e-01,5.224999976411634842e-03
1.576473301000000105e-01,5.224523699883201755e-03
1.577265025000000043e-01,5.223809385000925502e-03
1.577660738999999979e-01,5.223452272749607578e-03
1.578320039999999980e-01,5.222857151560005885e-03
1.578715488999999916e-01,5.222500118921568485e-03
1.579242600000000107e-01,5.222024121742540985e-03
1.579374350999999954e-01,5.221905130936553910e-03
1.580296294999999906e-01,5.221072287194266845e-03
1.580427957999999966e-01,5.220953322821551140e-03
1.580822879000000070e-01,5.220596449602880190e-03
1.581480862999999903e-01,5.220001727463429060e-03
1.583453172000000020e-01,5.218218059362860275e-03
1.583978706999999986e-01,5.217742540584380251e-03
1.584372742999999861e-01,5.217385936608131061e-03
1.585029253000000138e-01,5.216791662909589337e-03
1.586734907000000028e-01,5.215246939298147713e-03
1.586997152000000078e-01,5.215009339393791334e-03
1.587128258999999930e-01,5.214890544452229632e-03
1.587521514000000133e-01,5.214534179212785940e-03
1.587652576999999954e-01,5.214415397481839132e-03
1.587783628999999974e-01,5.214296619062674595e-03
1.588700692999999997e-01,5.213465262828963047e-03
1.588831659000000118e-01,5.213346510903524994e-03
1.589093558999999933e-01,5.213109017238639828e-03
1.589748119000000126e-01,5.212515340438545440e-03
1.589878999000000070e-01,5.212396615298160729e-03
1.590925649000000108e-01,5.211446931753401651e-03
1.591187202999999883e-01,5.211209543812425279e-03
1.591317965000000056e-01,5.211090854946039998e-03
1.591710184000000028e-01,5.210734807989675019e-03
1.591840902999999974e-01,5.210616132577309753e-03
1.592363669000000093e-01,5.210141462902384557e-03
1.593016885000000105e-01,5.209548200681770290e-03
1.593278096999999893e-01,5.209310919058926168e-03
1.593408685999999908e-01,5.209192283165757845e-03
1.594453019000000027e-01,5.208243315262789386e-03
1.594974929000000097e-01,5.207768910918212160e-03
1.595887860999999908e-01,5.206938830633891895e-03
1.596018237000000062e-01,5.206820261121368476e-03
1.596148602000000138e-01,5.206701694798959029e-03
1.596539634999999957e-01,5.206346015457560296e-03
1.597191142999999924e-01,5.205753283122676808e-03
1.597581921000000016e-01,5.205397683204225460e-03
1.598102808999999902e-01,5.204923596612465349e-03
1.599144076000000025e-01,5.203975582252911257e-03
1.599534375999999980e-01,5.203620131358349492e-03
1.600054629000000062e-01,5.203146243167765077e-03
1.600314690999999900e-01,5.202909318880272367e-03
1.601224578000000065e-01,5.202080188428790351e-03
1.601744281999999964e-01,5.201606472088744944e-03
1.602393673999999990e-01,5.201014401231130249e-03
1.602783183000000000e-01,5.200659198471068410e-03
1.603172596999999922e-01,5.200304025112022915e-03
1.603432153999999887e-01,5.200067259759153480e-03
1.604210574000000111e-01,5.199357042109039283e-03
1.604340273000000039e-01,5.199238684265509829e-03
1.605766279999999990e-01,5.197936964298504117e-03
1.605895854000000122e-01,5.197818645916657716e-03
1.606414046000000095e-01,5.197345405494310788e-03
1.606932071000000128e-01,5.196872217841508670e-03
1.607320479999999885e-01,5.196517361813759832e-03
1.607838212999999905e-01,5.196044266750226431e-03
1.608485145000000116e-01,5.195452971851450587e-03
1.608614499999999892e-01,5.195334722785173963e-03
1.609002502999999917e-01,5.194979995712656166e-03
1.609390411999999937e-01,5.194625298030376009e-03
1.609907479999999891e-01,5.194152413849762243e-03
1.610036719999999866e-01,5.194034201231658224e-03
1.611586801999999874e-01,5.192615905419857396e-03
1.611715907999999864e-01,5.192497735552076624e-03
1.612103165000000060e-01,5.192143245882008089e-03
1.612748385999999978e-01,5.191552495438711209e-03
1.613135394000000111e-01,5.191198084730544796e-03
1.613651261000000059e-01,5.190725583171558986e-03
1.614038053999999889e-01,5.190371241805974596e-03
1.614811359999999973e-01,5.189662647816289595e-03
1.615197874000000033e-01,5.189308395424435498e-03
1.615584295999999975e-01,5.188954172670341529e-03
1.615713082999999939e-01,5.188836104895245757e-03
1.615841859000000102e-01,5.188718040571493363e-03
1.616228127000000070e-01,5.188363866818608734e-03
1.616614302999999919e-01,5.188009723189537271e-03
1.616871702000000077e-01,5.187773643846538274e-03
1.617900888999999898e-01,5.186829457874846117e-03
1.618158083000000025e-01,5.186593444462841290e-03
1.619314953000000057e-01,5.185531546312178823e-03
1.619700393000000072e-01,5.185177639747574375e-03
1.619828852000000097e-01,5.185059677260218935e-03
1.620342587999999973e-01,5.184587860699644418e-03
1.621369571999999870e-01,5.183644385848633698e-03
1.622011106000000036e-01,5.183054820927267443e-03
1.622908828999999886e-01,5.182229568058895064e-03
1.623934189000000028e-01,5.181286619444691946e-03
1.624062313999999896e-01,5.181168765702106639e-03
1.624318533000000120e-01,5.180933067818807407e-03
1.624446626999999921e-01,5.180815223912903049e-03
1.624830848999999910e-01,5.180461711933444409e-03
1.625854998000000051e-01,5.179519157455019125e-03
1.625982971000000110e-01,5.179401353020662326e-03
1.626110933999999897e-01,5.179283551759718447e-03
1.627006394000000133e-01,5.178459035339475110e-03
1.627134276999999962e-01,5.178341260182374277e-03
1.628156977000000116e-01,5.177399179100043887e-03
1.628540323000000067e-01,5.177045952676427240e-03
1.628923579999999871e-01,5.176692756044756413e-03
1.629562139999999881e-01,5.176104160608307851e-03
1.630072808999999956e-01,5.175633343141373618e-03
1.630455704999999866e-01,5.175280264667260315e-03
1.630583317000000032e-01,5.175162578443305052e-03
1.631603855000000047e-01,5.174221206265964060e-03
1.631986391999999952e-01,5.173868245713517111e-03
1.632113883999999904e-01,5.173750598654601983e-03
1.632496301999999955e-01,5.173397677535269794e-03
1.633006053000000124e-01,5.172927162103207500e-03
1.633133465000000117e-01,5.172809541533734089e-03
1.633260867999999921e-01,5.172691924099015286e-03
1.633643016999999920e-01,5.172339091556729836e-03
1.634025077000000048e-01,5.171986288473989432e-03
1.634279734000000095e-01,5.171751103055570627e-03
1.634661645000000108e-01,5.171398349296058017e-03
1.635170720000000133e-01,5.170928056738718741e-03
1.636315560999999918e-01,5.169870090412641804e-03
1.636569861999999931e-01,5.169635022520429647e-03
1.636696997000000042e-01,5.169517493731990397e-03
1.637332525999999899e-01,5.168929898607093308e-03
1.637713725000000120e-01,5.168577380693552790e-03
1.638221851999999978e-01,5.168107402565368970e-03
1.638602844000000003e-01,5.167754953615087167e-03
1.639364561999999970e-01,5.167050143882866847e-03
1.640125926999999872e-01,5.166345451966541588e-03
1.640379637000000113e-01,5.166110580966653924e-03
1.640760126999999957e-01,5.165758299109829248e-03
1.641140530000000097e-01,5.165406046470109869e-03
1.641267311000000062e-01,5.165288635455595780e-03
1.642154506999999874e-01,5.164466850078178357e-03
1.642281210000000047e-01,5.164349465066084971e-03
1.642661260000000123e-01,5.163997330317892862e-03
1.642787924000000122e-01,5.163879958728709828e-03
1.644307130000000061e-01,5.162471753128999342e-03
1.644433667000000099e-01,5.162354424079067944e-03
1.644686711999999995e-01,5.162119775339233524e-03
1.645319154999999867e-01,5.161533210988476089e-03
1.645445614000000112e-01,5.161415908156757187e-03
1.646456939000000008e-01,5.160477601424636775e-03
1.646709672999999985e-01,5.160243057484744517e-03
1.647341338999999960e-01,5.159656754404200879e-03
1.647846497000000077e-01,5.159187771155044309e-03
1.648351500999999941e-01,5.158718840174440073e-03
1.648477727999999864e-01,5.158601615446726206e-03
1.650243888000000048e-01,5.156960813666303101e-03
1.650748157999999965e-01,5.156492131070088310e-03
1.651378279000000060e-01,5.155906350799726971e-03
1.651504273999999939e-01,5.155789204496832694e-03
1.652260043999999872e-01,5.155086395655514991e-03
1.652385972000000036e-01,5.154969272048023562e-03
1.652511891000000011e-01,5.154852152041637658e-03
1.652889589000000048e-01,5.154500811252922705e-03
1.653267200000000103e-01,5.154149499766572107e-03
1.653393052000000085e-01,5.154032402419649918e-03
1.653518894000000072e-01,5.153915308525820575e-03
1.654399518000000124e-01,5.153095741533325093e-03
1.654902521999999931e-01,5.152627489651127705e-03
1.655531061999999942e-01,5.152042247680006619e-03
1.656787426000000119e-01,5.150872008728246340e-03
1.656913010000000130e-01,5.150755002578462534e-03
1.657540787000000015e-01,5.150170021664628346e-03
1.657917338999999879e-01,5.149819072331515701e-03
1.658544735999999964e-01,5.149234221642466462e-03
1.658921060999999919e-01,5.148883350451258223e-03
1.659422694000000087e-01,5.148415567726433509e-03
1.660425504999999968e-01,5.147480158485637225e-03
1.660550813999999986e-01,5.147363247165120254e-03
1.660801403000000120e-01,5.147129433876097664e-03
1.661302469000000004e-01,5.146661846506457236e-03
1.661928588000000095e-01,5.146077435742278834e-03
1.662429313000000075e-01,5.145609965437007889e-03
1.662554471000000089e-01,5.145493105891743406e-03
1.663430311999999911e-01,5.144675181487135679e-03
1.663930586000000045e-01,5.144207867682128871e-03
1.664305691999999892e-01,5.143857416124528875e-03
1.664555715999999908e-01,5.143623798299586103e-03
1.664805702999999915e-01,5.143390193480069060e-03
1.664930682000000106e-01,5.143273395716557901e-03
1.665305562999999933e-01,5.142923022779876709e-03
1.666429701000000096e-01,5.141872078902560289e-03
1.666804245000000073e-01,5.141521822611969453e-03
1.667553079999999910e-01,5.140821398056097044e-03
1.668426296999999947e-01,5.140004384108069237e-03
1.669423700000000066e-01,5.139070849129954641e-03
1.669548332999999940e-01,5.138954171805373144e-03
1.669922178000000090e-01,5.138604159391826735e-03
1.670420506999999999e-01,5.138137521662145858e-03
1.670918687999999874e-01,5.137670935957976484e-03
1.671416719999999911e-01,5.137204402265308986e-03
1.671541205000000030e-01,5.137087777001109537e-03
1.672536749999999905e-01,5.136154891481056924e-03
1.672785544000000013e-01,5.135921702324389507e-03
1.672909925999999936e-01,5.135805112827518393e-03
1.673283020000000121e-01,5.135455363491089366e-03
1.673531702999999926e-01,5.135222213588433449e-03
1.673904657999999990e-01,5.134872512766413058e-03
1.674277529000000042e-01,5.134522841702712607e-03
1.674401801000000023e-01,5.134406290871145959e-03
1.674774562999999938e-01,5.134056658371935651e-03
1.675519836000000096e-01,5.133357481211867947e-03
1.675892347999999865e-01,5.133007936116046853e-03
1.676885310000000018e-01,5.132075959173186021e-03
1.677257518999999975e-01,5.131726521291723846e-03
1.677381571000000071e-01,5.131610048399210845e-03
1.678497620000000135e-01,5.130561939136981352e-03
1.678745530000000097e-01,5.130329061706350412e-03
1.678869471999999974e-01,5.130212627708682221e-03
1.679489041999999988e-01,5.129630507048033375e-03
1.679860673999999943e-01,5.129281273256836721e-03
1.680232224000000052e-01,5.128932068831634078e-03
1.680479877999999927e-01,5.128699281957019816e-03
1.680727495999999876e-01,5.128466507965761395e-03
1.681346381000000112e-01,5.127884630396142493e-03
1.682212436999999949e-01,5.127070137273706356e-03
1.682830775999999973e-01,5.126488453651508077e-03
1.683819645999999892e-01,5.125557928294718207e-03
1.684313863999999938e-01,5.125092743252956939e-03
1.685178394999999885e-01,5.124278794067212497e-03
1.685425322000000115e-01,5.124046266623644326e-03
1.685795646000000092e-01,5.123697499057598172e-03
1.686289283999999888e-01,5.123232521320576251e-03
1.686659417999999966e-01,5.122883821845105809e-03
1.687276127000000014e-01,5.122302720568816872e-03
1.687769332000000067e-01,5.121837898049408019e-03
1.688262392999999861e-01,5.121373127303544687e-03
1.688385635999999912e-01,5.121256942469229641e-03
1.689124902999999955e-01,5.120559902666486918e-03
1.689248083000000067e-01,5.120443740676950892e-03
1.690233197999999881e-01,5.119514560785748923e-03
1.690356296999999952e-01,5.119398427744828971e-03
1.690602468999999886e-01,5.119166171551587687e-03
1.690725540999999943e-01,5.119050048593958707e-03
1.691709795999999932e-01,5.118121178983484065e-03
1.692570549000000091e-01,5.117308587483840321e-03
1.692693477999999974e-01,5.117192516052125953e-03
1.693185104999999913e-01,5.116728261929251800e-03
1.693307990000000041e-01,5.116612206728293755e-03
1.693676590000000037e-01,5.116264059703416398e-03
1.694290743999999904e-01,5.115683879522249511e-03
1.695150186999999919e-01,5.114871763045055093e-03
1.696254544999999947e-01,5.113827845235978907e-03
1.696622505000000003e-01,5.113479930896831609e-03
1.696990385000000101e-01,5.113132045476702532e-03
1.697112993999999875e-01,5.113016090201595934e-03
1.697235594000000014e-01,5.112900137913043049e-03
1.697603340999999932e-01,5.112552300949983926e-03
1.697971007999999893e-01,5.112204493102322396e-03
1.698093545999999898e-01,5.112088563454285708e-03
1.698461106999999970e-01,5.111740794094783887e-03
1.699195991000000128e-01,5.111045342302684286e-03
1.700420092000000105e-01,5.109886514484550564e-03
1.700542452999999898e-01,5.109770649162083921e-03
1.701031812000000087e-01,5.109307221112057047e-03
1.701521028999999907e-01,5.108843844816425214e-03
1.702010106000000078e-01,5.108380519542998072e-03
1.702132353999999959e-01,5.108264696644958247e-03
1.702376821999999901e-01,5.108033059915986773e-03
1.703110016000000115e-01,5.107338226869912075e-03
1.703842895000000079e-01,5.106643509821488097e-03
1.703965010999999863e-01,5.106527735124352478e-03
1.704331305000000019e-01,5.106180429688806331e-03
1.704819576000000114e-01,5.105717400922165326e-03
1.705429717999999983e-01,5.105138687461035531e-03
1.706039642000000134e-01,5.104560054569089005e-03
1.706405491000000108e-01,5.104212913328974414e-03
1.706893168999999988e-01,5.103750103413347977e-03
1.707015065999999970e-01,5.103634408856369889e-03
1.707989933999999876e-01,5.102708969320760013e-03
1.708233563000000066e-01,5.102477641806851816e-03
1.708355364999999959e-01,5.102361982450316982e-03
1.708720719000000055e-01,5.102015024880374346e-03
1.708964245000000048e-01,5.101783735613682307e-03
1.709816312000000116e-01,5.100974324897036664e-03
1.710789583000000003e-01,5.100049476908952162e-03
1.710911203000000103e-01,5.099933885585458335e-03
1.712248452000000032e-01,5.098662590617726934e-03
1.712612974999999926e-01,5.098315941269532768e-03
1.713584657999999983e-01,5.097391684469300410e-03
1.713706078999999993e-01,5.097276166830757085e-03
1.713827491999999897e-01,5.097160652439679425e-03
1.714070292000000051e-01,5.096929633367095792e-03
1.714677142000000098e-01,5.096352141495138696e-03
1.714798486000000122e-01,5.096236652901945698e-03
1.715162467999999940e-01,5.095890205879602917e-03
1.715526370999999883e-01,5.095543787678365362e-03
1.716011457000000129e-01,5.095081941946939287e-03
1.716617619999999955e-01,5.094504706880350828e-03
1.716738827000000023e-01,5.094389269460809951e-03
1.717102396999999891e-01,5.094042976575050008e-03
1.717708175999999864e-01,5.093465885961498754e-03
1.717950427000000113e-01,5.093235071921472894e-03
1.718071539999999897e-01,5.093119670161460298e-03
1.719524231000000014e-01,5.091735095059156738e-03
1.719887211999999999e-01,5.091389023465057138e-03
1.720008188999999910e-01,5.091273672824548138e-03
1.720612944000000089e-01,5.090696966702886600e-03
1.721338370999999923e-01,5.090005025599207526e-03
1.721459244999999916e-01,5.089889713503143939e-03
1.721821818000000004e-01,5.089543795610078879e-03
1.722425937000000018e-01,5.088967330072751913e-03
1.723392086999999961e-01,5.088045151856319427e-03
1.723874958000000124e-01,5.087584139875926843e-03
1.724357695000000024e-01,5.087123178797799301e-03
1.724478358000000044e-01,5.087007946682310829e-03
1.725443358000000038e-01,5.086086204059145528e-03
1.725684523999999886e-01,5.085855800224458982e-03
1.725805093999999984e-01,5.085740603498523776e-03
1.726407819000000121e-01,5.085164666490766747e-03
1.726769353000000007e-01,5.084819142545595090e-03
1.727733073000000119e-01,5.083897886446559801e-03
1.728214731999999920e-01,5.083437335020412999e-03
1.728335125999999888e-01,5.083322205364220782e-03
1.729057311999999957e-01,5.082631493623812613e-03
1.729297972999999933e-01,5.082401281944568666e-03
1.730140025999999942e-01,5.081595642149416489e-03
1.730981668000000084e-01,5.080790158548618637e-03
1.731222062999999978e-01,5.080560049350419174e-03
1.731462423000000028e-01,5.080329952854517259e-03
1.731943045000000070e-01,5.079869798003677772e-03
1.732063179999999980e-01,5.079754767380221560e-03
1.732543633999999999e-01,5.079294676285174386e-03
1.733144016000000009e-01,5.078719634960779036e-03
1.733384109999999978e-01,5.078489640520376588e-03
1.733984199999999976e-01,5.077914710622394474e-03
1.734104193000000071e-01,5.077799734029410199e-03
1.734464122999999913e-01,5.077454824032787660e-03
1.734823977999999933e-01,5.077109943175550470e-03
1.735063840000000135e-01,5.076880037908117378e-03
1.735423570000000082e-01,5.076535204685556774e-03
1.735783226000000012e-01,5.076190400183369471e-03
1.735903095000000118e-01,5.076075471520027221e-03
1.736981541000000018e-01,5.075041258876636027e-03
1.737221104999999988e-01,5.074811468762482208e-03
1.737340874999999951e-01,5.074696578641441254e-03
1.738298734000000012e-01,5.073777572081102777e-03
1.738777465999999938e-01,5.073318145401638050e-03
1.739614929999999948e-01,5.072514271528810043e-03
1.739854131000000137e-01,5.072284621561503476e-03
1.740691075999999948e-01,5.071480948499727283e-03
1.741647092999999979e-01,5.070562656246743391e-03
1.741766557999999965e-01,5.070447884157567101e-03
1.742602584999999871e-01,5.069644568206432313e-03
1.742721985000000029e-01,5.069529821563024778e-03
1.742960759999999942e-01,5.069300337629265366e-03
1.743080134999999975e-01,5.069185600647593652e-03
1.743676888000000036e-01,5.068611962561682047e-03
1.744034841999999863e-01,5.068267818138959789e-03
1.744392723000000034e-01,5.067923702133825259e-03
1.745465922999999975e-01,5.066891526979533378e-03
1.745942689999999964e-01,5.066432864932636851e-03
1.746300178999999897e-01,5.066088902086478274e-03
1.746538464999999873e-01,5.065859609113302145e-03
1.746895831999999982e-01,5.065515694139649007e-03
1.748324572000000132e-01,5.064140319463379322e-03
1.748443581000000135e-01,5.064025725382399756e-03
1.748800558999999977e-01,5.063681962994264624e-03
1.749395360999999871e-01,5.063109089335111890e-03
1.750227742999999891e-01,5.062307199478184236e-03
1.750346623000000046e-01,5.062192656592763747e-03
1.751178553999999943e-01,5.061390944493249049e-03
1.751653764999999974e-01,5.060932893588168495e-03
1.752010089000000104e-01,5.060589388774232311e-03
1.752485075000000114e-01,5.060131426588800573e-03
1.752603801000000017e-01,5.060016944269533738e-03
1.753553322999999997e-01,5.059101198011973013e-03
1.754027891000000117e-01,5.058643401233397022e-03
1.754146513000000018e-01,5.058528959653134371e-03
1.754383733000000056e-01,5.058300086615947870e-03
1.754502330999999915e-01,5.058185654992190458e-03
1.754858076999999961e-01,5.057842378905308932e-03
1.755095200000000022e-01,5.057613544016526137e-03
1.755450826000000131e-01,5.057270315538204067e-03
1.756280337999999996e-01,5.056469560109446738e-03
1.756872607999999947e-01,5.055897687129433382e-03
1.756991036999999978e-01,5.055783322107406177e-03
1.757346278999999956e-01,5.055440245896744393e-03
1.757701449000000082e-01,5.055097198515041794e-03
1.758648217999999874e-01,5.054182544455520544e-03
1.758766529000000134e-01,5.054068227392420967e-03
1.759830964000000109e-01,5.053039513038111614e-03
1.760067416999999967e-01,5.052810944776251617e-03
1.760185632000000056e-01,5.052696665137820439e-03
1.760776588000000087e-01,5.052125315820076880e-03
1.761131066000000134e-01,5.051782544189318061e-03
1.761485473000000135e-01,5.051439801023636759e-03
1.761603593000000134e-01,5.051325559893206189e-03
1.761957903999999964e-01,5.050982854806222201e-03
1.762075992000000091e-01,5.050868626105861625e-03
1.762548265999999975e-01,5.050411743228074880e-03
1.762666314000000123e-01,5.050297530388696103e-03
1.763610418000000069e-01,5.049383942082420924e-03
1.763964326999999943e-01,5.049041398344426661e-03
1.764436094000000066e-01,5.048584718220906417e-03
1.765261384000000044e-01,5.047785650197503422e-03
1.765379252000000010e-01,5.047671510094050434e-03
1.765732805999999933e-01,5.047329109448127349e-03
1.766204101000000137e-01,5.046872618912619929e-03
1.766321905000000081e-01,5.046758504366396017e-03
1.766793043000000063e-01,5.046302077819361971e-03
1.767617233000000065e-01,5.045503452555146796e-03
1.768323376000000002e-01,5.044819040262829395e-03
1.768676341000000041e-01,5.044476876636979149e-03
1.769264459999999872e-01,5.043906667665775008e-03
1.769969946000000127e-01,5.043222521169218875e-03
1.770087499000000120e-01,5.043108507832287646e-03
1.771027646999999983e-01,5.042196514771554901e-03
1.771145130000000012e-01,5.042082529986866707e-03
1.771380073000000110e-01,5.041854569531547918e-03
1.771497532999999902e-01,5.041740594289676781e-03
1.772436933000000048e-01,5.040828904479123344e-03
1.773258498999999988e-01,5.040031342262043731e-03
1.773845098999999870e-01,5.039461749760950661e-03
1.774314240000000042e-01,5.039006132409480469e-03
1.774783255999999865e-01,5.038550565831708891e-03
1.774900490999999914e-01,5.038436681973824070e-03
1.775252149000000057e-01,5.038095049407352588e-03
1.775720916999999899e-01,5.037639584241084337e-03
1.775838090000000091e-01,5.037525725300669513e-03
1.776658084000000137e-01,5.036728804344746922e-03
1.776775194999999918e-01,5.036614971001417314e-03
1.777126481000000091e-01,5.036273490556644750e-03
1.777477698999999911e-01,5.035932037930383569e-03
1.777711804999999867e-01,5.035704418590938175e-03
1.778881874999999890e-01,5.034566512610556301e-03
1.778998838999999998e-01,5.034452739162977378e-03
1.779583546999999877e-01,5.033883920109101170e-03
1.780518680000000020e-01,5.032973973381085417e-03
1.780869227999999915e-01,5.032632795439309463e-03
1.781219708000000013e-01,5.032291646043286076e-03
1.781336518999999952e-01,5.032177935925555463e-03
1.782153982000000136e-01,5.031382052626707721e-03
1.782270732000000024e-01,5.031268367714038237e-03
1.783321136999999890e-01,5.030245344900157942e-03
1.784137691000000081e-01,5.029449836825902048e-03
1.784254311000000037e-01,5.029336205181851246e-03
1.784487527999999990e-01,5.029108951672189853e-03
1.786119197000000103e-01,5.027518530876742657e-03
1.786468646000000104e-01,5.027177806640163379e-03
1.786934471999999940e-01,5.026723551976254936e-03
1.787400177000000034e-01,5.026269347797843352e-03
1.787865760000000026e-01,5.025815193433343445e-03
1.788214868000000124e-01,5.025474611134464475e-03
1.788331221999999998e-01,5.025361089805298505e-03
1.788680239000000061e-01,5.025020545281167275e-03
1.788912879000000011e-01,5.024793530970135536e-03
1.789261782999999884e-01,5.024453033497658545e-03
1.789610618999999958e-01,5.024112564291655786e-03
1.790772912999999966e-01,5.022977871381371223e-03
1.791121454000000057e-01,5.022637524619597699e-03
1.791469927999999878e-01,5.022297206420177178e-03
1.791586071000000058e-01,5.022183772975221533e-03
1.792050565999999956e-01,5.021730072061540186e-03
1.792398859000000066e-01,5.021389829264278140e-03
1.793559346999999971e-01,5.020255890830260630e-03
1.793791354000000005e-01,5.020029140710965954e-03
1.794487197000000089e-01,5.019348966268341247e-03
1.794835016999999922e-01,5.019008921530207327e-03
1.795182768999999956e-01,5.018668904578958180e-03
1.795298671999999984e-01,5.018555572205317915e-03
1.795646334000000066e-01,5.018215593203102440e-03
1.796225623000000104e-01,5.017649024407164551e-03
1.796341458000000058e-01,5.017535720202768133e-03
1.796688918999999884e-01,5.017195826050618868e-03
1.797036312999999996e-01,5.016855960330144151e-03
1.797267871000000072e-01,5.016629398851319040e-03
1.797615153000000077e-01,5.016289579965325929e-03
1.798078092000000017e-01,5.015836532164080243e-03
1.799119267000000022e-01,5.014817358481441119e-03
1.799350557000000128e-01,5.014590909773379221e-03
1.799928654000000072e-01,5.014024843332154716e-03
1.800044251000000040e-01,5.013911639494738649e-03
1.800390997000000104e-01,5.013572046475146642e-03
1.800853221000000004e-01,5.013119299715882229e-03
1.800968759000000086e-01,5.013006120950408949e-03
1.801199812000000011e-01,5.012779772784191866e-03
1.801777314999999935e-01,5.012213957294430096e-03
1.802585508000000003e-01,5.011421946840326040e-03
1.803162567000000105e-01,5.010856319607914951e-03
1.803508714000000013e-01,5.010516980769549357e-03
1.803624081000000101e-01,5.010403874089074637e-03
1.804546756000000030e-01,5.009499132926542760e-03
1.805007915999999879e-01,5.009046837896582484e-03
1.805584201000000055e-01,5.008481539275298419e-03
1.805929883000000069e-01,5.008142397602448510e-03
1.806275499999999978e-01,5.007803284098157233e-03
1.806390690000000132e-01,5.007690252697737272e-03
1.806736218999999977e-01,5.007351176726611806e-03
1.807196819999999926e-01,5.006899119635242236e-03
1.807427077000000049e-01,5.006673109715273004e-03
1.807772407000000081e-01,5.006334118617160669e-03
1.808232744999999919e-01,5.005882173833488095e-03
1.808347811000000083e-01,5.005769195319881987e-03
1.809153068000000086e-01,5.004978434799407620e-03
1.810072923999999917e-01,5.004074896329752456e-03
1.810532676999999924e-01,5.003623201974011746e-03
1.810877415000000101e-01,5.003284463861154552e-03
1.811796394999999893e-01,5.002381300469615523e-03
1.812255711000000102e-01,5.001929793919148749e-03
1.812370520999999901e-01,5.001816924765504699e-03
1.812829690999999965e-01,5.001365480831165486e-03
1.813288744999999869e-01,5.000914086492993724e-03
1.814665209000000112e-01,4.999560203927543370e-03
1.815582272000000053e-01,4.998657865542529243e-03
1.815696871999999962e-01,4.998545087252317422e-03
1.816040630000000100e-01,4.998206771261151996e-03
1.816498871999999987e-01,4.997755727149396678e-03
1.816613414000000093e-01,4.997642973678473842e-03
1.816956999000000073e-01,4.997304732737180115e-03
1.817415009999999997e-01,4.996853787987899642e-03
1.817529494000000023e-01,4.996741060159752036e-03
1.817758442000000085e-01,4.996515612708523658e-03
1.818445113000000113e-01,4.995839345880288135e-03
1.818788350999999970e-01,4.995501254611262910e-03
1.819360270000000002e-01,4.994937831561349802e-03
1.819588987999999907e-01,4.994712484246269062e-03
1.819703336000000060e-01,4.994599815125608244e-03
1.821074950999999886e-01,4.993248030074541426e-03
1.821189206000000116e-01,4.993135401772613551e-03
1.821417693999999865e-01,4.992910154070421061e-03
1.821874582999999936e-01,4.992459696588617823e-03
1.822102985000000064e-01,4.992234486223710507e-03
1.822902165999999990e-01,4.991446348758722500e-03
1.823244565000000095e-01,4.991108622588530386e-03
1.823815087000000001e-01,4.990545807482040311e-03
1.824613518000000045e-01,4.989757996975249799e-03
1.824841577000000103e-01,4.989532936203162385e-03
1.825183612000000066e-01,4.989195368941636011e-03
1.825639559999999995e-01,4.988745322338354084e-03
1.825753528999999875e-01,4.988632818619904291e-03
1.826551111999999977e-01,4.987845378908726743e-03
1.826892827000000108e-01,4.987507951585717740e-03
1.827006717999999919e-01,4.987395481775790639e-03
1.827576066000000110e-01,4.986833180876114845e-03
1.828372853999999936e-01,4.986046089721201877e-03
1.828714228999999969e-01,4.985708811895904827e-03
1.829396786999999969e-01,4.985034339391750981e-03
1.829737969999999936e-01,4.984697145632070378e-03
1.830647481999999882e-01,4.983798098181549049e-03
1.832010903000000079e-01,4.982449900594326450e-03
1.832124475999999946e-01,4.982337571049023049e-03
1.832351600000000080e-01,4.982112920920270076e-03
1.832465151999999875e-01,4.982000601053145072e-03
1.832805764000000059e-01,4.981663658524254114e-03
1.833373309999999923e-01,4.981102150665795217e-03
1.833713754000000085e-01,4.980765282905212990e-03
1.833827221000000063e-01,4.980652999930023674e-03
1.833940681000000017e-01,4.980540720023515951e-03
1.834734705999999937e-01,4.979754848010156318e-03
1.834848109999999977e-01,4.979642592686311757e-03
1.835188279999999950e-01,4.979305846308201312e-03
1.835755089999999978e-01,4.978744664161458694e-03
1.835981764999999877e-01,4.978520213283958371e-03
1.836095091999999929e-01,4.978407992109470763e-03
1.836435030999999940e-01,4.978071348121494884e-03
1.836548329999999896e-01,4.977959139950104139e-03
1.837001456000000033e-01,4.977510337080919695e-03
1.837567706999999884e-01,4.976949403523344556e-03
1.837794158000000122e-01,4.976725051549564516e-03
1.837907373000000066e-01,4.976612880384922132e-03
1.838812844000000113e-01,4.975715622640661598e-03
1.840057139000000064e-01,4.974482216907149049e-03
1.840283283999999964e-01,4.974258002096262898e-03
1.840961552000000001e-01,4.973585430524859671e-03
1.841074572999999992e-01,4.973473346257624959e-03
1.841187585999999876e-01,4.973361264876114025e-03
1.841526585000000105e-01,4.973025039905140665e-03
1.842881956999999904e-01,4.971680418302292133e-03
1.843220644000000130e-01,4.971344332476789959e-03
1.843672131000000103e-01,4.970896261718934540e-03
1.844687570000000110e-01,4.969888283524466488e-03
1.845025925999999872e-01,4.969552346515063515e-03
1.845138698000000077e-01,4.969440373423952666e-03
1.845589715000000020e-01,4.968992513345137432e-03
1.845702452000000104e-01,4.968880556048573677e-03
1.846378728999999996e-01,4.968208877443928279e-03
1.846604099999999971e-01,4.967985009064504638e-03
1.847280048000000119e-01,4.967313478737940893e-03
1.848293504999999892e-01,4.966306392341279449e-03
1.848406076999999925e-01,4.966194509121107416e-03
1.848631201000000002e-01,4.965970752292012645e-03
1.849643917999999887e-01,4.964963999654632698e-03
1.849981367000000099e-01,4.964628471655786052e-03
1.850206299000000110e-01,4.964404801414116879e-03
1.850431204000000107e-01,4.964181143277216282e-03
1.850993345999999984e-01,4.963622053153217070e-03
1.851442936999999900e-01,4.963174836245448640e-03
1.852004771000000105e-01,4.962615885166249408e-03
1.852229458000000106e-01,4.962392325903305576e-03
1.852341791000000071e-01,4.962280551310701421e-03
1.852791054000000048e-01,4.961833483022405622e-03
1.853801499000000130e-01,4.960827760042000809e-03
1.854474822000000134e-01,4.960157417284718692e-03
1.854699209000000015e-01,4.959933994223772458e-03
1.855035738999999961e-01,4.959598882630912760e-03
1.855484350000000116e-01,4.959152110934893741e-03
1.855820736999999887e-01,4.958817064830702351e-03
1.856381246999999901e-01,4.958258715630839419e-03
1.856493328999999914e-01,4.958147054974672806e-03
1.856829533000000088e-01,4.957812092099623744e-03
1.857389738999999929e-01,4.957253882073279008e-03
1.857725781000000020e-01,4.956918993235613809e-03
1.858061762000000061e-01,4.956584131736335372e-03
1.858173741999999962e-01,4.956472517381123148e-03
1.858285715999999921e-01,4.956360906390315166e-03
1.859181260999999974e-01,4.955468128080456162e-03
1.860076375999999976e-01,4.954575547556315518e-03
1.860411932000000101e-01,4.954240880430681865e-03
1.860747429000000064e-01,4.953906241579089306e-03
1.860859246999999883e-01,4.953794701357812184e-03
1.861194663000000082e-01,4.953460099217598354e-03
1.861306454999999971e-01,4.953348571315244891e-03
1.861753555000000004e-01,4.952902490740609086e-03
1.861865313000000133e-01,4.952790978030846732e-03
1.862200548000000067e-01,4.952456459283468074e-03
1.862535721999999949e-01,4.952121968048463739e-03
1.863540881999999899e-01,4.951118660731010715e-03
1.864322298999999961e-01,4.950338483196350427e-03
1.864433903000000115e-01,4.950227041486266431e-03
1.864545501000000050e-01,4.950115603253812946e-03
1.864768676000000125e-01,4.949892735005393361e-03
1.864880254000000070e-01,4.949781305948980879e-03
1.865326496999999972e-01,4.949335619762261496e-03
1.865438040999999880e-01,4.949224205414260586e-03
1.866218664000000027e-01,4.948444394390518267e-03
1.867110404000000001e-01,4.947553366685171310e-03
1.867556113999999934e-01,4.947107926353980570e-03
1.868335852000000130e-01,4.946328524714623150e-03
1.868447216000000133e-01,4.946217193560309422e-03
1.868781270000000050e-01,4.945883219996899047e-03
1.869894350999999899e-01,4.944770172908919195e-03
1.870228146000000036e-01,4.944436319166908150e-03
1.870784339000000074e-01,4.943879957243427735e-03
1.871896228999999912e-01,4.942767463903077231e-03
1.872340799999999972e-01,4.942322552544781492e-03
1.872451927000000071e-01,4.942211332572544330e-03
1.872896366000000035e-01,4.941766482982289793e-03
1.873340699999999914e-01,4.941321682402744810e-03
1.873451765999999963e-01,4.941210489891564514e-03
1.875227942999999897e-01,4.939431827666184056e-03
1.875449847000000003e-01,4.939209550469460773e-03
1.876115401000000016e-01,4.938542791702038755e-03
1.876448089999999957e-01,4.938209453315335618e-03
1.876780718999999931e-01,4.937876142903455459e-03
1.876891582000000114e-01,4.937765045846311332e-03
1.877224133000000017e-01,4.937431772360945104e-03
1.877334971000000075e-01,4.937320687268834975e-03
1.877778253999999869e-01,4.936876377711547567e-03
1.878221432999999940e-01,4.936432117319679291e-03
1.878553748000000023e-01,4.936098954446171277e-03
1.878775259000000086e-01,4.935876861367158655e-03
1.879107476999999915e-01,4.935543744125796273e-03
1.879439635000000053e-01,4.935210654688202726e-03
1.879550342000000096e-01,4.935099630818956182e-03
1.880435759999999901e-01,4.934211551805138020e-03
1.880767684000000106e-01,4.933878572700832986e-03
1.880878311999999997e-01,4.933767586061676980e-03
1.881431356999999915e-01,4.933212697118857619e-03
1.882205345999999890e-01,4.932435981872361833e-03
1.882536958000000094e-01,4.932103150275191777e-03
1.883089514999999881e-01,4.931548491447891938e-03
1.883200006999999898e-01,4.931437569138132776e-03
1.883862823000000131e-01,4.930772097730335042e-03
1.884083709000000106e-01,4.930550298804887641e-03
1.884856608999999905e-01,4.929774097918239971e-03
1.885298123999999964e-01,4.929330622297043753e-03
1.885739535000000022e-01,4.928887195349212352e-03
1.885849871999999983e-01,4.928776346206358884e-03
1.886070525999999914e-01,4.928554657622437329e-03
1.886511757000000067e-01,4.928111316181004765e-03
1.887834830000000019e-01,4.926781586152536967e-03
1.888496018999999970e-01,4.926116886620680001e-03
1.888826526000000061e-01,4.925784578212254010e-03
1.889267112999999942e-01,4.925341542881622216e-03
1.889377244000000067e-01,4.925230791899382066e-03
1.889707596999999906e-01,4.924898556747756007e-03
1.890037893000000024e-01,4.924566348818619835e-03
1.890147979000000034e-01,4.924455619071442004e-03
1.890258058000000019e-01,4.924344892433218240e-03
1.891028433999999980e-01,4.923569890974446167e-03
1.891138461999999909e-01,4.923459188613084174e-03
1.891468507999999882e-01,4.923127100009493974e-03
1.892348349000000096e-01,4.922241665345643974e-03
1.892678184000000097e-01,4.921909677424500529e-03
1.892788116000000131e-01,4.921799021363837921e-03
1.893117874999999950e-01,4.921467070458138138e-03
1.894106805000000116e-01,4.920471382281201532e-03
1.894985421000000003e-01,4.919586533563356789e-03
1.895424575999999917e-01,4.919144182734391281e-03
1.896302582000000125e-01,4.918259627584285233e-03
1.896412303999999993e-01,4.918149071618770074e-03
1.896631729000000099e-01,4.917927969319782315e-03
1.897180179999999883e-01,4.917375266906102993e-03
1.897289852000000054e-01,4.917264735839279449e-03
1.897618828000000035e-01,4.916933160227148457e-03
1.897947747000000018e-01,4.916601612262492052e-03
1.898166994000000107e-01,4.916380595224304449e-03
1.898386216999999876e-01,4.916159590687130092e-03
1.898934161999999981e-01,4.915607132525114803e-03
1.899372404000000125e-01,4.915165220874685714e-03
1.899920063999999964e-01,4.914612899553912756e-03
1.900139083999999867e-01,4.914391992612808513e-03
1.900248585000000046e-01,4.914281543919115855e-03
1.900686524000000099e-01,4.913839778229753784e-03
1.901124362000000123e-01,4.913398061747112876e-03
1.901562099000000117e-01,4.912956393695714491e-03
1.901890336000000015e-01,4.912625175113246277e-03
1.901999735999999885e-01,4.912514775039402218e-03
1.902546639999999900e-01,4.911962819157492458e-03
1.903202717999999960e-01,4.911300573640288436e-03
1.903312041999999926e-01,4.911190209743947210e-03
1.904077136000000003e-01,4.910417749703090660e-03
1.904186409999999996e-01,4.910307409856651262e-03
1.904295678000000047e-01,4.910197074132643426e-03
1.904951152999999897e-01,4.909535120231314081e-03
1.905169594999999994e-01,4.909314493160316095e-03
1.905497210000000052e-01,4.908983575882659711e-03
1.906043111000000068e-01,4.908432107588939393e-03
1.906807108999999945e-01,4.907660179852176875e-03
1.906916227000000075e-01,4.907549916703783828e-03
1.907243542000000014e-01,4.907219145286303812e-03
1.907570802000000121e-01,4.906888401310244459e-03
1.907788943000000015e-01,4.906667920239653549e-03
1.908116109000000116e-01,4.906337221675586939e-03
1.908552242999999871e-01,4.905896332831949369e-03
1.909424211000000093e-01,4.905014701796499461e-03
1.909533179000000025e-01,4.904904511396354812e-03
1.909860046000000089e-01,4.904573958699354023e-03
1.910186856999999960e-01,4.904243433544498883e-03
1.910404699999999900e-01,4.904023098614086057e-03
1.911058079000000076e-01,4.903362166693740060e-03
1.911928904999999901e-01,4.902481094734639604e-03
1.912364169000000114e-01,4.902040631195410045e-03
1.912908110000000050e-01,4.901490120187419579e-03
1.913016879999999975e-01,4.901380027378361183e-03
1.913778093999999874e-01,4.900609461294110764e-03
1.914756353000000022e-01,4.899618951617687110e-03
1.915625497000000010e-01,4.898738704772301854e-03
1.915842721000000082e-01,4.898518673795383346e-03
1.915951324000000067e-01,4.898408662542542459e-03
1.916385674999999955e-01,4.897968648550579500e-03
1.916819926999999979e-01,4.897528682927484479e-03
1.917254080000000138e-01,4.897088766003313692e-03
1.917579631000000118e-01,4.896758859850813134e-03
1.917688136000000043e-01,4.896648897280018488e-03
1.918013613000000006e-01,4.896319028074283021e-03
1.918230566999999942e-01,4.896099130376289736e-03
1.918555952000000064e-01,4.895769306138999036e-03
1.918989712999999986e-01,4.895329583470323619e-03
1.919314968999999982e-01,4.894999822513378292e-03
1.919856940000000123e-01,4.894450282819907093e-03
1.920290406999999866e-01,4.894010704982309362e-03
1.920615442999999978e-01,4.893681053768981007e-03
1.920723776000000105e-01,4.893571176323639055e-03
1.921157048000000089e-01,4.893131695981855697e-03
1.921481936999999973e-01,4.892802116821083971e-03
1.921698498999999949e-01,4.892582413179909044e-03
1.922564505000000090e-01,4.891703718535190398e-03
1.922780946000000046e-01,4.891484075134590152e-03
1.922889157000000071e-01,4.891374258097229769e-03
1.923754625999999912e-01,4.890495830159141862e-03
1.924511593000000076e-01,4.889727364181416756e-03
1.925052100999999904e-01,4.889178550901257872e-03
1.925160184999999968e-01,4.889068797289493860e-03
1.925808558000000059e-01,4.888410339580877458e-03
1.926024634000000069e-01,4.888190877664956059e-03
1.926348702000000024e-01,4.887861707425208979e-03
1.927644430999999881e-01,4.886545299936003936e-03
1.928076146999999907e-01,4.886106593934771460e-03
1.928399870999999988e-01,4.885777595862076696e-03
1.928615656000000067e-01,4.885558279357060836e-03
1.928939289000000112e-01,4.885229327036038488e-03
1.929370715000000014e-01,4.884790766398440336e-03
1.929694221999999904e-01,4.884461877280235967e-03
1.930341071999999991e-01,4.883804181504028223e-03
1.930664415999999994e-01,4.883475373924891019e-03
1.931203202000000008e-01,4.882927422360150774e-03
1.931957250000000126e-01,4.882160416531074361e-03
1.932388002000000049e-01,4.881722193821615673e-03
1.932926308000000037e-01,4.881174484103204848e-03
1.933141587999999966e-01,4.880955420870559079e-03
1.933787285000000133e-01,4.880298304699035895e-03
1.934110052999999940e-01,4.879969787092084711e-03
1.934432766999999997e-01,4.879641296701965614e-03
1.934540325999999921e-01,4.879531805694528775e-03
1.934862968000000127e-01,4.879203351903076483e-03
1.935293073000000086e-01,4.878765455204466320e-03
1.935400585000000007e-01,4.878655988715180879e-03
1.935830571000000111e-01,4.878218152190872889e-03
1.936367920000000020e-01,4.877670924741836674e-03
1.936690256999999971e-01,4.877342624474671415e-03
1.937979070999999998e-01,4.876029694603152380e-03
1.938086434000000080e-01,4.875920303007558881e-03
1.938301141000000061e-01,4.875701530091723634e-03
1.938408484999999959e-01,4.875592147387372045e-03
1.938730483999999976e-01,4.875264018936579548e-03
1.938945119000000106e-01,4.875045281621340557e-03
1.939588884000000013e-01,4.874389142339950395e-03
1.939696156999999865e-01,4.874279796090098815e-03
1.940554130999999904e-01,4.873405136311230457e-03
1.940661351000000090e-01,4.873295817641560071e-03
1.941840380000000033e-01,4.872093507954861416e-03
1.942268940999999915e-01,4.871656394982262425e-03
1.943232856000000064e-01,4.870673066319202577e-03
1.943446994999999955e-01,4.870454582346843246e-03
1.943554054999999947e-01,4.870345344431791998e-03
1.943982237999999918e-01,4.869908423988880512e-03
1.944838319999999954e-01,4.869034726971111296e-03
1.944945304000000041e-01,4.868925528556599172e-03
1.945159254000000115e-01,4.868707140321546813e-03
1.945800963000000050e-01,4.868052048630191336e-03
1.946442459999999930e-01,4.867397064868837601e-03
1.946656244999999952e-01,4.867178760772734522e-03
1.946976878999999994e-01,4.866851327720059586e-03
1.947404309000000111e-01,4.866414792000469877e-03
1.947831644999999945e-01,4.865978304590104844e-03
1.948365683999999931e-01,4.865432762358580174e-03
1.948579257999999981e-01,4.865214566694656129e-03
1.948686037000000038e-01,4.865105473401394251e-03
1.949540053000000106e-01,4.864232834615988751e-03
1.949966921000000075e-01,4.863796587866193316e-03
1.950287011000000070e-01,4.863469433748059643e-03
1.950927033000000033e-01,4.862815206840343830e-03
1.951673459999999916e-01,4.862052079387659161e-03
1.952099861999999908e-01,4.861616072273909975e-03
1.952419602000000087e-01,4.861289098206819821e-03
1.952526169999999894e-01,4.861180113124403609e-03
1.952632733000000120e-01,4.861071130957830312e-03
1.953378507999999902e-01,4.860308338885142854e-03
1.953698038999999997e-01,4.859981473361581032e-03
1.953804537000000119e-01,4.859872524267126563e-03
1.954336943999999965e-01,4.859327822742310135e-03
1.954656318000000115e-01,4.859001037836026791e-03
1.955401321000000137e-01,4.858238645079924339e-03
1.955507726999999862e-01,4.858129743739060882e-03
1.955933293000000073e-01,4.857694168688980393e-03
1.956039669000000092e-01,4.857585282132059236e-03
1.956358766000000082e-01,4.857258641559140597e-03
1.957634629999999987e-01,4.855952347989993777e-03
1.958378500000000078e-01,4.855190542037307946e-03
1.958484744000000000e-01,4.855081724818892212e-03
1.958803442000000006e-01,4.854755290819766367e-03
1.958909662999999968e-01,4.854646485211142753e-03
1.959228292000000093e-01,4.854320087456101898e-03
1.959334490000000095e-01,4.854211293809863360e-03
1.960077715000000109e-01,4.853449823570510531e-03
1.960502288000000037e-01,4.853014763819171219e-03
1.961032876000000091e-01,4.852471006266375134e-03
1.961138976000000034e-01,4.852362263975509675e-03
1.961457242999999906e-01,4.852036054559505894e-03
1.961775457999999916e-01,4.851709871852146090e-03
1.961987571999999902e-01,4.851492431748716423e-03
1.962199664000000010e-01,4.851275003227302485e-03
1.962623777999999986e-01,4.850840183225024055e-03
1.962729793000000111e-01,4.850731485732224027e-03
1.963577700999999953e-01,4.849862012134376760e-03
1.963683663999999940e-01,4.849753341674045010e-03
1.964531160000000110e-01,4.848884083231069092e-03
1.964848876999999994e-01,4.848558160764088881e-03
1.965166543000000099e-01,4.848232265446870276e-03
1.965272419999999909e-01,4.848123639339984789e-03
1.966225058000000137e-01,4.847146141419111758e-03
1.966542501000000109e-01,4.846820362641560825e-03
1.966965679000000078e-01,4.846386031982197543e-03
1.967071458999999911e-01,4.846277457507321487e-03
1.967811761999999909e-01,4.845517515362489369e-03
1.968763171000000034e-01,4.844540662281265897e-03
1.968974531999999888e-01,4.844323616905141759e-03
1.969397187999999965e-01,4.843889561653404868e-03
1.969925378999999865e-01,4.843347059611806393e-03
1.970664609999999983e-01,4.842587682273477058e-03
1.970770192000000087e-01,4.842479211785195511e-03
1.971192461999999868e-01,4.842045358975588520e-03
1.971614641999999973e-01,4.841611554752107104e-03
1.971931218000000097e-01,4.841286232524341128e-03
1.972142239999999935e-01,4.841069366253677488e-03
1.972458730999999965e-01,4.840744088339874601e-03
1.973618762999999887e-01,4.839551634350355326e-03
1.974040424000000071e-01,4.839118104077453145e-03
1.974145824999999910e-01,4.839009728983301693e-03
1.974672747000000006e-01,4.838467898326432280e-03
1.975304867000000075e-01,4.837817799905015821e-03
1.975410200999999921e-01,4.837709460530467860e-03
1.975515529000000103e-01,4.837601123792479273e-03
1.976252668000000046e-01,4.836842852860557401e-03
1.976357951000000113e-01,4.836734540093871187e-03
1.976673767000000081e-01,4.836409620863013625e-03
1.977410474999999890e-01,4.835651578898010963e-03
1.977515696000000101e-01,4.835543299465452742e-03
1.978777918000000080e-01,4.834244174408729340e-03
1.978883066999999885e-01,4.834135933235139161e-03
1.979093348000000030e-01,4.833919459866032296e-03
1.979198480000000093e-01,4.833811227647216539e-03
1.979724056000000121e-01,4.833270111883510890e-03
1.980039335000000067e-01,4.832945478244781400e-03
1.980459629000000110e-01,4.832512674639327654e-03
1.980774791000000090e-01,4.832188103465260079e-03
1.981299948999999949e-01,4.831647210344673649e-03
1.981404964000000046e-01,4.831539040747080335e-03
1.981719976000000105e-01,4.831214549730611200e-03
1.982139913000000031e-01,4.830781936411268976e-03
1.982244884000000096e-01,4.830673790853277569e-03
1.982559761999999892e-01,4.830349371141565672e-03
1.982874589999999992e-01,4.830024978487770446e-03
1.983818773999999896e-01,4.829051960162891038e-03
1.983923656000000091e-01,4.828943861421457207e-03
1.984238268000000083e-01,4.828619584578595740e-03
1.984762509000000119e-01,4.828079182327429941e-03
1.985076987999999931e-01,4.827754977012875190e-03
1.985391417000000047e-01,4.827430797689826261e-03
1.985496216000000036e-01,4.827322743940043459e-03
1.985915353999999911e-01,4.826890559373070780e-03
1.987067530000000137e-01,4.825702295110565615e-03
1.987276944999999961e-01,4.825486285804310264e-03
1.988009722999999895e-01,4.824730346750811388e-03
1.988846853000000026e-01,4.823866593826028719e-03
1.988951469999999944e-01,4.823758638153998433e-03
1.989160685999999956e-01,4.823542735727961300e-03
1.989265286000000132e-01,4.823434788604277941e-03
1.989579052999999875e-01,4.823110966204554977e-03
1.990520057000000065e-01,4.822139658575987607e-03
1.990624585000000113e-01,4.822031750615775325e-03
1.990833626000000078e-01,4.821815943027132206e-03
1.991356132000000057e-01,4.821276475854519190e-03
1.991460616000000072e-01,4.821168591135890913e-03
1.991774037000000053e-01,4.820844955575020498e-03
1.992087408999999865e-01,4.820521346534964273e-03
1.992505160999999969e-01,4.820089909070389769e-03
1.992922826000000092e-01,4.819658519212109173e-03
1.993444783999999970e-01,4.819119348506960450e-03
1.993862251999999891e-01,4.818688065305345991e-03
1.993966604999999892e-01,4.818580252167327209e-03
1.994175294999999959e-01,4.818364634420395018e-03
1.995114131000000068e-01,4.817394500594299536e-03
1.995844031000000018e-01,4.816640118268534360e-03
1.996365224999999965e-01,4.816101361983542682e-03
1.996469448000000035e-01,4.815993619543010827e-03
1.997303031999999867e-01,4.815131788345602612e-03
1.998032133000000043e-01,4.814377840904777994e-03
1.998136268000000049e-01,4.814270146045819369e-03
1.998865065000000052e-01,4.813516364037893902e-03
1.998969157000000108e-01,4.813408693013438225e-03
1.999177325000000005e-01,4.813193359005292840e-03
1.999281401000000125e-01,4.813085696903600733e-03
1.999593595999999973e-01,4.812762727241685218e-03
1.999801699000000044e-01,4.812547429341107290e-03
2.000113813000000129e-01,4.812224504090500607e-03
2.000425878000000046e-01,4.811901605791123367e-03
2.000841888999999874e-01,4.811471116161741141e-03
2.000945879000000094e-01,4.811363501175961767e-03
2.001465743999999991e-01,4.810825470376860202e-03
2.001777597999999936e-01,4.810502686805212882e-03
2.002297248000000085e-01,4.809964774161747635e-03
2.002920649000000108e-01,4.809319376677754360e-03
2.003855387000000043e-01,4.808351479875168019e-03
2.003959220000000041e-01,4.808243950304348473e-03
2.004270686999999884e-01,4.807921379619994884e-03
2.004685900000000021e-01,4.807491327499494212e-03
2.005101026999999980e-01,4.807061322670895705e-03
2.005516069000000123e-01,4.806631364452740134e-03
2.005827293000000122e-01,4.806308926667414265e-03
2.006345894000000074e-01,4.805771590413329686e-03
2.006760676999999882e-01,4.805341773951423215e-03
2.007071709000000093e-01,4.805019442990773187e-03
2.007486343000000062e-01,4.804589709602618587e-03
2.007589988000000047e-01,4.804482283347309701e-03
2.008004515000000045e-01,4.804052608690833476e-03
2.008833311999999871e-01,4.803193401448895700e-03
2.008936887999999976e-01,4.803086013513204258e-03
2.009144022999999890e-01,4.802871247039576519e-03
2.009247581999999976e-01,4.802763868308355596e-03
2.009558228999999974e-01,4.802441749160940056e-03
2.011317653999999955e-01,4.800616911356905478e-03
2.011421102000000016e-01,4.800509594413119099e-03
2.011731412999999968e-01,4.800187661056607054e-03
2.012558674999999908e-01,4.799329302405070351e-03
2.012868810000000008e-01,4.799007466739640092e-03
2.013075541000000079e-01,4.798792924308226820e-03
2.013798931000000125e-01,4.798042118563027210e-03
2.014108874999999965e-01,4.797720388443435513e-03
2.014212180000000130e-01,4.797613151609581711e-03
2.014728621999999914e-01,4.797077008558515293e-03
2.015348177000000074e-01,4.796433734753877652e-03
2.015761108999999940e-01,4.796004944448420924e-03
2.016277153999999905e-01,4.795469022395467545e-03
2.016380346999999962e-01,4.795361846659362999e-03
2.016689895000000066e-01,4.795040337756749198e-03
2.017205703000000128e-01,4.794504548409281308e-03
2.017515123999999993e-01,4.794183109941078415e-03
2.018649262999999972e-01,4.793004728795065977e-03
2.019164569999999936e-01,4.792469218956694511e-03
2.019473690999999960e-01,4.792147948095722663e-03
2.019576721000000130e-01,4.792040863465159631e-03
2.019679745000000082e-01,4.791933782375656405e-03
2.019988788000000035e-01,4.791612555746735738e-03
2.020297782000000097e-01,4.791291355845929585e-03
2.020400770000000124e-01,4.791184294470193436e-03
2.020503753000000013e-01,4.791077236701277858e-03
2.021224483999999877e-01,4.790327913270016509e-03
2.021327424999999900e-01,4.790220879527065309e-03
2.022150761000000019e-01,4.789364709618825454e-03
2.022459424999999977e-01,4.789043694317583234e-03
2.022768043000000016e-01,4.788722706263554181e-03
2.022870904999999886e-01,4.788615715573449859e-03
2.023282301000000061e-01,4.788187783238292972e-03
2.023693612999999947e-01,4.787759898583945906e-03
2.024618760000000128e-01,4.786797328859505353e-03
2.025338026999999874e-01,4.786048828153405439e-03
2.025646205999999949e-01,4.785728085998391078e-03
2.026057038000000088e-01,4.785300471041950381e-03
2.026159733000000018e-01,4.785193574509648273e-03
2.026262423000000090e-01,4.785086680951094150e-03
2.026878453000000024e-01,4.784445382092983139e-03
2.026981106000000088e-01,4.784338508967402037e-03
2.027083755000000098e-01,4.784231638757544154e-03
2.027802146999999888e-01,4.783483630941473379e-03
2.027904752999999949e-01,4.783376783908751054e-03
2.028930535000000035e-01,4.782308479726082515e-03
2.029033084000000098e-01,4.782201665343841467e-03
2.029340702000000107e-01,4.781881240412400036e-03
2.029545755000000118e-01,4.781667638310372302e-03
2.029853295000000057e-01,4.781347256295764153e-03
2.030570707000000086e-01,4.780599802601444466e-03
2.031185430000000125e-01,4.779959242235942533e-03
2.032004772000000070e-01,4.779105324906136355e-03
2.032311940000000039e-01,4.778785154770551213e-03
2.032619061000000005e-01,4.778465010649759689e-03
2.032721425000000026e-01,4.778358301974173009e-03
2.033642465000000121e-01,4.777398053644553617e-03
2.033949385000000110e-01,4.777078024239683751e-03
2.034358541000000076e-01,4.776651358223614648e-03
2.034460817000000032e-01,4.776544699271039265e-03
2.034767614000000113e-01,4.776224739518976359e-03
2.035176605000000027e-01,4.775798167681134104e-03
2.036096534000000069e-01,4.774838551741719152e-03
2.036403083999999974e-01,4.774518732302838325e-03
2.036913899999999999e-01,4.773985758486918793e-03
2.037118189999999884e-01,4.773772589770641957e-03
2.037220326999999997e-01,4.773666009684987381e-03
2.038037242999999887e-01,4.772813474032254304e-03
2.038445577000000120e-01,4.772387275892317135e-03
2.038547648000000045e-01,4.772280733757401465e-03
2.039159966999999907e-01,4.771641542436181986e-03
2.039670091000000129e-01,4.771108963326312416e-03
2.039976105000000095e-01,4.770789450953642589e-03
2.040078099000000034e-01,4.770682952660206845e-03
2.040384051999999948e-01,4.770363475011737096e-03
2.040893870999999915e-01,4.769831071100755909e-03
2.041607403000000043e-01,4.769085828345433209e-03
2.041811223999999980e-01,4.768872928445406882e-03
2.042524434999999916e-01,4.768127869712392858e-03
2.042626302999999977e-01,4.768021444046323908e-03
2.043441055999999922e-01,4.767170147008790819e-03
2.043644693999999984e-01,4.766957351713843431e-03
2.043746505000000047e-01,4.766850958755903221e-03
2.044255486000000066e-01,4.766319036683932565e-03
2.044560813000000088e-01,4.765999917973222540e-03
2.044866094999999995e-01,4.765680826120405160e-03
2.044967845000000006e-01,4.765574467564604073e-03
2.045374795999999884e-01,4.765149064481044409e-03
2.045781665999999999e-01,4.764723706992386731e-03
2.046188455000000073e-01,4.764298396841003778e-03
2.046493494000000135e-01,4.763979444617060834e-03
2.047001790999999904e-01,4.763447916378013049e-03
2.048221189999999969e-01,4.762172544867368518e-03
2.048322773000000041e-01,4.762066283263327419e-03
2.048525925999999941e-01,4.761853768000832120e-03
2.048627494999999965e-01,4.761747514456206136e-03
2.048932169999999886e-01,4.761428772107833239e-03
2.049135262000000013e-01,4.761216291814794090e-03
2.049439862000000112e-01,4.760897593155712093e-03
2.050150420000000084e-01,4.760154065065959512e-03
2.051570798000000029e-01,4.758667436771999923e-03
2.051773628000000127e-01,4.758455107609705845e-03
2.052280618000000001e-01,4.757924336388318423e-03
2.052686119000000087e-01,4.757499771618644083e-03
2.053192883000000135e-01,4.756969131394443717e-03
2.053395553000000040e-01,4.756756895647176221e-03
2.053496881000000107e-01,4.756650781744686633e-03
2.054003444999999983e-01,4.756120257952837008e-03
2.054307323000000018e-01,4.755801978596533273e-03
2.054611157000000021e-01,4.755483724690572761e-03
2.054712424000000037e-01,4.755377646465237980e-03
2.055623609999999990e-01,4.754423069779989755e-03
2.056332030999999949e-01,4.753680783800106995e-03
2.056433213999999954e-01,4.753574754021594288e-03
2.057141355999999865e-01,4.752832630766195589e-03
2.057242499999999974e-01,4.752726625194506928e-03
2.057950363000000116e-01,4.751984664475351373e-03
2.058253659000000013e-01,4.751666725145721124e-03
2.058354746999999929e-01,4.751560750986787672e-03
2.059466395000000005e-01,4.750395228673995676e-03
2.059567424000000035e-01,4.750289289084544918e-03
2.059870480999999864e-01,4.749971488805894600e-03
2.060375477999999982e-01,4.749441879996765641e-03
2.060476461999999898e-01,4.749335966866786649e-03
2.060779386000000102e-01,4.749018245493674684e-03
2.061284160000000087e-01,4.748488767217408889e-03
2.061889725999999923e-01,4.747853489218602056e-03
2.061990636000000099e-01,4.747747619434991226e-03
2.062797741000000074e-01,4.746900767788596667e-03
2.062898606999999940e-01,4.746794923937263863e-03
2.063100324000000096e-01,4.746583246181565983e-03
2.063201175000000109e-01,4.746477411482323723e-03
2.064007806000000000e-01,4.745630837944458426e-03
2.064310212000000089e-01,4.745313420628927657e-03
2.064511790999999929e-01,4.745101823507474718e-03
2.064713350000000058e-01,4.744890238607223261e-03
2.065217162999999911e-01,4.744361325803833455e-03
2.065317911000000006e-01,4.744255551684407532e-03
2.065620123999999946e-01,4.743938247858114736e-03
2.065922293999999937e-01,4.743620969188612653e-03
2.066828537000000021e-01,4.742669291617857170e-03
2.067633754000000046e-01,4.741823552891533816e-03
2.068338060999999894e-01,4.741083683058584623e-03
2.068539246999999970e-01,4.740872317901634846e-03
2.068840989999999880e-01,4.740555291827052570e-03
2.069243245999999870e-01,4.740132630479127439e-03
2.070449544000000086e-01,4.738864925223296165e-03
2.070851486999999991e-01,4.738442449832493998e-03
2.070951960999999897e-01,4.738336838118572050e-03
2.071253352999999908e-01,4.738020020324253470e-03
2.071554700000000082e-01,4.737703228660220325e-03
2.071655139999999951e-01,4.737597637022183776e-03
2.072458480999999908e-01,4.736753009211301657e-03
2.072558875999999939e-01,4.736647443716728370e-03
2.072759653000000035e-01,4.736436321586085137e-03
2.073361867000000081e-01,4.735803024171506177e-03
2.073662907999999916e-01,4.735486414460098742e-03
2.074064228999999981e-01,4.735064309253408238e-03
2.074866636999999903e-01,4.734220236117964511e-03
2.076069667000000063e-01,4.732954473759520483e-03
2.076470522999999957e-01,4.732532645361512726e-03
2.077171832999999967e-01,4.731794557221951844e-03
2.077272001000000090e-01,4.731689127513294922e-03
2.077372164000000077e-01,4.731583700457767452e-03
2.077572476000000001e-01,4.731372855424644495e-03
2.077973040999999965e-01,4.730951200698995350e-03
2.078073169999999914e-01,4.730845793541959589e-03
2.078173295000000087e-01,4.730740390279235784e-03
2.078974117000000066e-01,4.729897264792410488e-03
2.079174273999999933e-01,4.729686511709780758e-03
2.079774630000000013e-01,4.729054323413368899e-03
2.080074742999999948e-01,4.728738268069821241e-03
2.080374812999999934e-01,4.728422238917658581e-03
2.080774838999999987e-01,4.728000906783554058e-03
2.080874832999999868e-01,4.727895580986106634e-03
2.081174788000000053e-01,4.727579620536253441e-03
2.081674615999999922e-01,4.727053078231117055e-03
2.082174324000000132e-01,4.726526608303353860e-03
2.082374174000000133e-01,4.726316039900630914e-03
2.082474091000000027e-01,4.726210760472637773e-03
2.082973607999999976e-01,4.725684404850837711e-03
2.083273260000000071e-01,4.725368626225678707e-03
2.083672729000000112e-01,4.724947628796195842e-03
2.083972280999999982e-01,4.724631910904684116e-03
2.084371616000000038e-01,4.724210993860826491e-03
2.084471438000000121e-01,4.724105771652829452e-03
2.084870678000000088e-01,4.723684912469825956e-03
2.085170057999999882e-01,4.723369298262358219e-03
2.085668927999999867e-01,4.722843331414120979e-03
2.086067939000000038e-01,4.722422610262944770e-03
2.086965433000000092e-01,4.721476156585668535e-03
2.087164823999999863e-01,4.721265864359423109e-03
2.087264513000000044e-01,4.721160723251247374e-03
2.087762883000000014e-01,4.720635059468903695e-03
2.088061847999999887e-01,4.720319695094996049e-03
2.088759266000000114e-01,4.719583946598350337e-03
2.088858878000000030e-01,4.719478851363202200e-03
2.089257278999999967e-01,4.719058498720350540e-03
2.089356867999999923e-01,4.718953417402235728e-03
2.089954299000000015e-01,4.718322991996920859e-03
2.090153405000000075e-01,4.718112872698228787e-03
2.090452027999999962e-01,4.717797716019767919e-03
2.090750607999999899e-01,4.717482584642385124e-03
2.091546613999999971e-01,4.716642362023291610e-03
2.091646092999999984e-01,4.716537347531159913e-03
2.092043963999999923e-01,4.716117316414240868e-03
2.092541195000000021e-01,4.715592342364268233e-03
2.092839478000000086e-01,4.715277392148570917e-03
2.093237121000000034e-01,4.714857498952776046e-03
2.093336520000000089e-01,4.714752533178859575e-03
2.093535303999999875e-01,4.714542609811116919e-03
2.094032181999999909e-01,4.714017851274569966e-03
2.094926263999999927e-01,4.713073466321201187e-03
2.095124896999999986e-01,4.712863634317902319e-03
2.095621397999999913e-01,4.712339105998735247e-03
2.096514802999999982e-01,4.711395134119293962e-03
2.096812520000000124e-01,4.711080528834956163e-03
2.097110194000000039e-01,4.710765949625550508e-03
2.097606224999999935e-01,4.710241707289015110e-03
2.097903787000000020e-01,4.709927196250274749e-03
2.098300471000000000e-01,4.709507888995043308e-03
2.098796219999999879e-01,4.708983818923533071e-03
2.099192735000000032e-01,4.708564614835157765e-03
2.099688274000000021e-01,4.708040673834853508e-03
2.099985541000000122e-01,4.707726343768169931e-03
2.100282766000000079e-01,4.707412038982249948e-03
2.100381832000000060e-01,4.707307276351395744e-03
2.101174188000000109e-01,4.706469280198509811e-03
2.101273211999999946e-01,4.706364543933632717e-03
2.101570255000000109e-01,4.706050350935550401e-03
2.102065233000000033e-01,4.705526753804510805e-03
2.102758006999999874e-01,4.704793838474662614e-03
2.103054839999999870e-01,4.704479774586347446e-03
2.103153775000000114e-01,4.704375092182916038e-03
2.103648379999999984e-01,4.703851724220129392e-03
2.104439506999999931e-01,4.703014484181503203e-03
2.104736103000000025e-01,4.702700566541344850e-03
2.105823263999999917e-01,4.701549755284746383e-03
2.105922068999999952e-01,4.701445153251493370e-03
2.106020869000000129e-01,4.701340553576492838e-03
2.106218455999999961e-01,4.701131363919203686e-03
2.106811104999999906e-01,4.700503863338409416e-03
2.107502319000000013e-01,4.699771908562550005e-03
2.107601044999999895e-01,4.699667355314903622e-03
2.107798483999999972e-01,4.699458256972809458e-03
2.108390689000000096e-01,4.698831030612644032e-03
2.108686728999999982e-01,4.698517455735806876e-03
2.109180036999999952e-01,4.697994888618640084e-03
2.109475966000000091e-01,4.697681382542376674e-03
2.110264907999999939e-01,4.696845492169517654e-03
2.110659267999999977e-01,4.696427615598755545e-03
2.110757846999999909e-01,4.696323153635268213e-03
2.110954989999999920e-01,4.696114238372447146e-03
2.111053555000000082e-01,4.696009784185122340e-03
2.112925411999999892e-01,4.694025711055781203e-03
2.113023884999999935e-01,4.693921314801142823e-03
2.113122353000000120e-01,4.693816921481987897e-03
2.113417730999999911e-01,4.693503758414436199e-03
2.113811502999999870e-01,4.693086246827532330e-03
2.115385858000000119e-01,4.691416657921441621e-03
2.115680920000000131e-01,4.691103692058040502e-03
2.116074270999999951e-01,4.690686442943401910e-03
2.116270919000000084e-01,4.690477835394404015e-03
2.116565857000000106e-01,4.690164945841979530e-03
2.116860752999999984e-01,4.689852082129122510e-03
2.116959042999999874e-01,4.689747799955193419e-03
2.117253885000000002e-01,4.689434970045923932e-03
2.117745196999999968e-01,4.688913644116160864e-03
2.117843446000000074e-01,4.688809387249198365e-03
2.118138165000000017e-01,4.688496634810100649e-03
2.118432842999999899e-01,4.688183907305565161e-03
2.118629271999999952e-01,4.687975437313533084e-03
2.118923880999999954e-01,4.687662752568036960e-03
2.120396314999999920e-01,4.686099714829705838e-03
2.120494441000000119e-01,4.685995535168174624e-03
2.120886898999999881e-01,4.685578845074243361e-03
2.121573525999999876e-01,4.684849745839460115e-03
2.121671598000000047e-01,4.684745600392046551e-03
2.121769665000000082e-01,4.684641457932841625e-03
2.121965785000000104e-01,4.684433180720871427e-03
2.122456006000000006e-01,4.683912538165772507e-03
2.122554037000000116e-01,4.683808418047150091e-03
2.122848102000000070e-01,4.683496075596077675e-03
2.123142125999999963e-01,4.683183757825342027e-03
2.123338119000000024e-01,4.682975560622932437e-03
2.123632075000000119e-01,4.682663286618740997e-03
2.124023953999999992e-01,4.682246959848050151e-03
2.124415759999999931e-01,4.681830679413977875e-03
2.125101246999999971e-01,4.681102297090381295e-03
2.125199154999999895e-01,4.680998254261478642e-03
2.125688631000000051e-01,4.680478081239008645e-03
2.125982261999999900e-01,4.680166011232379103e-03
2.126373706999999946e-01,4.679749957737468734e-03
2.127254195999999931e-01,4.678814003975089245e-03
2.127547610999999950e-01,4.678502070480167890e-03
2.127840984999999907e-01,4.678190162455285808e-03
2.128036546000000029e-01,4.677982238284310486e-03
2.128623119999999980e-01,4.677358532753922091e-03
2.128720866999999906e-01,4.677254592480345648e-03
2.128818608999999973e-01,4.677150653925334599e-03
2.129502678000000093e-01,4.676423166857937054e-03
2.129600385000000040e-01,4.676319251361281577e-03
2.129795784000000081e-01,4.676111429509716144e-03
2.130674858000000116e-01,4.675176370253113396e-03
2.131358331000000050e-01,4.674449260125292625e-03
2.131455952999999903e-01,4.674345399418340305e-03
2.132724621000000043e-01,4.672995458276722226e-03
2.133017284000000013e-01,4.672684001584079087e-03
2.133407438000000100e-01,4.672268765393950730e-03
2.134285025000000058e-01,4.671334651058905649e-03
2.134577473000000003e-01,4.671023330495639378e-03
2.134869882000000052e-01,4.670712035197895420e-03
2.134967342000000101e-01,4.670608275751050170e-03
2.135064798999999902e-01,4.670504519474769425e-03
2.135357139999999876e-01,4.670193266339142148e-03
2.135649441999999953e-01,4.669882039319239037e-03
2.135746866999999882e-01,4.669778302546506374e-03
2.136039116000000015e-01,4.669467109605861775e-03
2.136623492999999985e-01,4.668844799676180428e-03
2.136915621000000098e-01,4.668533682901980508e-03
2.137597099000000112e-01,4.667807843044353457e-03
2.137986417999999944e-01,4.667393140227026754e-03
2.138083735999999901e-01,4.667289471081434091e-03
2.138862125000000058e-01,4.666460223225033822e-03
2.139153947999999916e-01,4.666149301912613477e-03
2.139737473999999973e-01,4.665527535688570801e-03
2.140418054000000070e-01,4.664802269849154318e-03
2.140709664000000068e-01,4.664491484088972677e-03
2.141098416999999976e-01,4.664077143511753676e-03
2.141875709999999933e-01,4.663248596838156200e-03
2.141972852000000038e-01,4.663145041205857787e-03
2.142069989000000008e-01,4.663041488095719805e-03
2.142361375000000068e-01,4.662730846667600092e-03
2.142846929999999983e-01,4.662213167522304309e-03
2.143526521999999934e-01,4.661488535566428969e-03
2.143623588999999940e-01,4.661385028207950393e-03
2.143914764000000028e-01,4.661074522794562275e-03
2.144205899000000137e-01,4.660764042365189014e-03
2.144399966999999962e-01,4.660557069711197820e-03
2.145079067000000006e-01,4.659832754357433326e-03
2.145467027999999887e-01,4.659418921225211806e-03
2.145854918000000000e-01,4.659005134434354191e-03
2.146242738999999955e-01,4.658591392527590413e-03
2.146533558000000008e-01,4.658281114908361699e-03
2.146727415999999944e-01,4.658074277661078053e-03
2.147308883999999862e-01,4.657453834305515933e-03
2.148180791000000034e-01,4.656523358720020787e-03
2.148277647000000068e-01,4.656419987053538045e-03
2.148568191000000127e-01,4.656109887499737185e-03
2.148955522000000062e-01,4.655696461632566341e-03
2.149342783000000034e-01,4.655283080886018013e-03
2.149729974000000043e-01,4.654869744986886264e-03
2.149826760999999919e-01,4.654766417654680223e-03
2.150020321999999984e-01,4.654559772973453427e-03
2.150504146999999977e-01,4.654043209061159078e-03
2.150600899000000010e-01,4.653939904667989992e-03
2.150891128999999902e-01,4.653630008489931594e-03
2.151664885000000027e-01,4.652803742550491208e-03
2.152438362000000105e-01,4.651977656953659723e-03
2.152921644000000134e-01,4.651461445136012215e-03
2.153114925999999874e-01,4.651254980316185499e-03
2.153211560999999941e-01,4.651151752390407859e-03
2.153694670000000089e-01,4.650635652668353576e-03
2.153984482999999894e-01,4.650326027542795934e-03
2.154274257000000081e-01,4.650016427267226679e-03
2.154660562000000057e-01,4.649603665941764823e-03
2.155143344999999877e-01,4.649087778520661664e-03
2.155239888999999909e-01,4.648984608831972787e-03
2.155819060999999981e-01,4.648365653444512698e-03
2.155915575000000028e-01,4.648262503780662379e-03
2.156012083999999940e-01,4.648159357292456703e-03
2.156301585000000021e-01,4.647849934221366837e-03
2.156687526999999938e-01,4.647437409286604530e-03
2.157459203000000048e-01,4.646612495504597040e-03
2.157748510999999980e-01,4.646303198837507288e-03
2.158327009000000074e-01,4.645684682156646025e-03
2.158616201000000123e-01,4.645375461918080373e-03
2.159290829000000134e-01,4.644654045645193151e-03
2.160157899000000048e-01,4.643726713510640258e-03
2.160446845000000005e-01,4.643417652568243743e-03
2.160928336000000061e-01,4.642902608277760593e-03
2.161313451999999913e-01,4.642490623842032704e-03
2.162179710999999893e-01,4.641563822236952595e-03
2.162372166000000040e-01,4.641357897333422446e-03
2.162468386999999992e-01,4.641254938878094233e-03
2.162757023999999917e-01,4.640946080957413476e-03
2.162853228000000128e-01,4.640843134017865780e-03
2.163238000999999910e-01,4.640431373723114504e-03
2.163718870000000127e-01,4.639916736776910321e-03
2.163911188000000041e-01,4.639710901603282499e-03
2.164391907999999864e-01,4.639196362516310318e-03
2.164488039999999947e-01,4.639093463698629356e-03
2.164776408000000096e-01,4.638784781875468846e-03
2.165449117000000090e-01,4.638064624808391559e-03
2.165833429000000032e-01,4.637653166905128001e-03
2.165929496000000010e-01,4.637550310265159750e-03
2.166697880000000020e-01,4.636727552969186275e-03
2.166793908999999907e-01,4.636624721351110569e-03
2.167081969999999913e-01,4.636316241621896671e-03
2.167561987000000134e-01,4.635802165826766012e-03
2.168137867000000107e-01,4.635185366979512750e-03
2.168521701999999995e-01,4.634774223906803180e-03
2.168905469000000086e-01,4.634363125604034836e-03
2.169097326999999964e-01,4.634157593719577702e-03
2.169864589999999926e-01,4.633335576013021713e-03
2.170152243000000036e-01,4.633027365749685378e-03
2.170535721999999890e-01,4.632616458780005296e-03
2.170631580999999866e-01,4.632513738677642053e-03
2.171302475999999926e-01,4.631794777510985124e-03
2.171589939999999941e-01,4.631486693286570276e-03
2.171973164000000067e-01,4.631075953349905218e-03
2.172164752000000087e-01,4.630870600178903576e-03
2.172739411000000065e-01,4.630254608674494801e-03
2.172835173000000064e-01,4.630151952710880557e-03
2.173122433999999936e-01,4.629844003371840280e-03
2.173218178999999917e-01,4.629741358594761241e-03
2.173601115999999889e-01,4.629330809389863369e-03
2.173983986999999951e-01,4.628920304281583346e-03
2.174749525000000128e-01,4.628099429558244979e-03
2.175036532999999883e-01,4.627791647481058375e-03
2.175132193000000047e-01,4.627689058986221224e-03
2.175992951000000064e-01,4.626765889576076561e-03
2.176184184000000132e-01,4.626560771000983591e-03
2.176757782000000030e-01,4.625945483520303887e-03
2.177331230000000006e-01,4.625330296948672662e-03
2.177426789999999945e-01,4.625227775678465020e-03
2.178191117999999926e-01,4.624407706070377162e-03
2.178286640000000052e-01,4.624305209980164762e-03
2.178573182000000108e-01,4.623997737920517576e-03
2.179241631999999929e-01,4.623280401858643161e-03
2.179337108000000134e-01,4.623177936398196845e-03
2.179718971000000061e-01,4.622768102350171063e-03
2.180482495000000132e-01,4.621948568330056482e-03
2.180577917000000032e-01,4.621846139110292496e-03
2.180768747999999868e-01,4.621641288977930244e-03
2.181150360000000121e-01,4.621231622319654092e-03
2.181341140999999983e-01,4.621026806288039239e-03
2.181627281999999890e-01,4.620719602607830517e-03
2.182008742999999862e-01,4.620310036533362141e-03
2.182294795999999981e-01,4.620002891206008953e-03
2.182771467000000076e-01,4.619491037959106219e-03
2.182866789000000030e-01,4.619388676098461384e-03
2.183152728999999959e-01,4.619081606102509903e-03
2.183629213000000124e-01,4.618569878821832467e-03
2.183915053000000106e-01,4.618262875996334213e-03
2.184200856000000079e-01,4.617955898388160715e-03
2.184296115999999899e-01,4.617853577673363026e-03
2.184391371000000137e-01,4.617751259827732914e-03
2.185153263000000068e-01,4.616932819310674667e-03
2.185914888999999917e-01,4.616114557697151635e-03
2.186200430999999944e-01,4.615807755400053690e-03
2.186581095000000030e-01,4.615398724927791997e-03
2.186866548999999993e-01,4.615091980819926130e-03
2.186961692999999929e-01,4.614989738403878737e-03
2.187342224000000113e-01,4.614580796866313457e-03
2.187437346999999976e-01,4.614478568100245648e-03
2.188483421999999901e-01,4.613354239274427594e-03
2.188863688999999890e-01,4.612945476113934976e-03
2.189528997000000088e-01,4.612230247464414561e-03
2.189624024000000058e-01,4.612128083072811711e-03
2.190004093000000041e-01,4.611719453093697345e-03
2.190479086000000075e-01,4.611208728403888742e-03
2.191238862000000065e-01,4.610391714032017682e-03
2.191428763999999918e-01,4.610187487916994967e-03
2.191903449000000004e-01,4.609676971833189495e-03
2.192283121999999973e-01,4.609268608560239226e-03
2.192567834999999965e-01,4.608962366506206762e-03
2.192757622000000017e-01,4.608758218114991471e-03
2.193326885999999920e-01,4.608145840648305430e-03
2.193801159999999861e-01,4.607635602722794967e-03
2.194275330999999885e-01,4.607125433967421135e-03
2.195318148000000025e-01,4.606003307958505058e-03
2.195602466000000086e-01,4.605697331902036847e-03
2.195981499999999920e-01,4.605289402500835003e-03
2.196455200999999913e-01,4.604779552603572093e-03
2.196834088000000074e-01,4.604371723310401489e-03
2.197118210000000016e-01,4.604065880779414748e-03
2.197212909000000047e-01,4.603963938429859841e-03
2.197307604000000025e-01,4.603861999831323527e-03
2.198727543000000006e-01,4.602333243124415683e-03
2.198822172999999880e-01,4.602231347945921237e-03
2.199106037999999930e-01,4.601925680415688835e-03
2.199389867000000054e-01,4.601620037376062157e-03
2.199579066000000027e-01,4.601416288941306311e-03
2.199862834000000100e-01,4.601110687267809772e-03
2.200241133999999987e-01,4.600703257313620322e-03
2.200524815999999884e-01,4.600397713899044040e-03
2.201092071000000094e-01,4.599786702909018123e-03
2.201375644000000131e-01,4.599481234197832884e-03
2.201848184000000097e-01,4.598972175684982837e-03
2.202509568999999889e-01,4.598259609826792736e-03
2.203170755999999952e-01,4.597547179760886303e-03
2.203265195999999926e-01,4.597445415555807130e-03
2.203548489000000110e-01,4.597140137946432482e-03
2.204020563000000099e-01,4.596631397996290766e-03
2.204114964999999982e-01,4.596529658685183893e-03
2.204398149000000029e-01,4.596224456008722418e-03
2.204681296999999873e-01,4.595919278795553876e-03
2.204775670999999937e-01,4.595817558506361256e-03
2.205530521000000077e-01,4.595003895341537303e-03
2.206379417999999870e-01,4.594088736797462963e-03
2.206568017999999964e-01,4.593885398680152068e-03
2.206662310999999987e-01,4.593783733555948344e-03
2.207039446000000071e-01,4.593377101733970257e-03
2.207416516000000051e-01,4.592970514292202613e-03
2.207793520999999926e-01,4.592563970335635654e-03
2.207887762999999892e-01,4.592462341672692155e-03
2.208076233000000055e-01,4.592259091586950275e-03
2.208170462999999861e-01,4.592157471363014082e-03
2.208453126000000100e-01,4.591852625343595916e-03
2.208641548999999982e-01,4.591649408927281524e-03
2.209206720000000124e-01,4.591039825445887741e-03
2.209300901000000039e-01,4.590938238679087048e-03
2.210054204999999938e-01,4.590125637866478842e-03
2.210148349999999928e-01,4.590024074829090681e-03
2.210807251999999945e-01,4.589313214156030829e-03
2.211465958000000120e-01,4.588602488798775546e-03
2.211654124000000110e-01,4.588399448644637883e-03
2.212406625999999987e-01,4.587587401220385649e-03
2.212594712000000019e-01,4.587384416342468220e-03
2.212688748999999955e-01,4.587282928588534009e-03
2.213440899999999933e-01,4.586471123320383370e-03
2.213816879000000126e-01,4.586065287128886919e-03
2.214568647000000057e-01,4.585253747254542170e-03
2.214944434999999989e-01,4.584848044001437785e-03
2.215414081000000035e-01,4.584340976337136254e-03
2.216071417000000099e-01,4.583631197127215062e-03
2.216728558999999932e-01,4.582921553088201323e-03
2.216822421000000098e-01,4.582820186633231041e-03
2.216916278000000129e-01,4.582718822877291862e-03
2.217103981000000112e-01,4.582516103214757941e-03
2.217197827000000065e-01,4.582414747989881770e-03
2.217573169000000011e-01,4.582009353328780898e-03
2.217948448000000017e-01,4.581604002613410762e-03
2.218417457999999898e-01,4.581097375925140963e-03
2.218605033999999920e-01,4.580894744870959469e-03
2.219073904999999958e-01,4.580388214215570103e-03
2.219167666999999899e-01,4.580286916932329797e-03
2.219730156999999982e-01,4.579679188477211831e-03
2.220479922999999967e-01,4.578869037885288824e-03
2.220573626000000023e-01,4.578767781573765856e-03
2.221416773999999872e-01,4.577856598219736707e-03
2.221604097000000055e-01,4.577654142797536393e-03
2.221697752000000026e-01,4.577552919380537336e-03
2.222165969999999879e-01,4.577046843960663920e-03
2.223102110999999881e-01,4.576034899594404702e-03
2.223570032999999946e-01,4.575529030039730306e-03
2.223663606000000070e-01,4.575427864169231799e-03
2.223944300000000041e-01,4.575124384144835590e-03
2.224318503999999919e-01,4.574719781983815903e-03
2.224412045999999976e-01,4.574618638803892509e-03
2.225066723999999940e-01,4.573910710332703723e-03
2.225160234000000126e-01,4.573809589478308041e-03
2.225814691999999928e-01,4.573101815046064049e-03
2.225908169999999964e-01,4.573000715144437400e-03
2.226095114999999958e-01,4.572798524957485782e-03
2.226188581000000111e-01,4.572697433495421550e-03
2.226468957000000137e-01,4.572394175574623007e-03
2.226936171999999992e-01,4.571888801433540706e-03
2.227216454000000012e-01,4.571585609965067576e-03
2.227683511999999921e-01,4.571080345802621715e-03
2.228150472000000049e-01,4.570575150126138415e-03
2.228430601999999983e-01,4.570272065400052784e-03
2.228710694999999908e-01,4.569969006060038003e-03
2.229177441000000093e-01,4.569463961670253149e-03
2.229457441000000095e-01,4.569160968003267015e-03
2.229550765999999962e-01,4.569059975151553571e-03
2.230297230000000130e-01,4.568252134165880739e-03
2.230577089999999929e-01,4.567949240003530906e-03
2.231136703000000110e-01,4.567343523307297419e-03
2.231416458000000103e-01,4.567040702748720836e-03
2.231789409000000113e-01,4.566636980504072685e-03
2.232069080999999899e-01,4.566334216923361236e-03
2.232628321000000027e-01,4.565728764220092391e-03
2.232907888000000007e-01,4.565426074786735865e-03
2.233373755999999988e-01,4.564921648180911284e-03
2.233560075999999894e-01,4.564719896032373367e-03
2.234863880000000080e-01,4.563307941710061447e-03
2.235050075999999997e-01,4.563106277771417779e-03
2.235143168000000014e-01,4.563005450070585153e-03
2.235608570000000017e-01,4.562501351844938657e-03
2.235887763999999944e-01,4.562198926032176236e-03
2.236259969999999930e-01,4.561795729685360311e-03
2.236539083000000094e-01,4.561493360827924629e-03
2.237004194999999973e-01,4.560989467908040107e-03
2.238120067999999907e-01,4.559780405076103993e-03
2.238491901999999922e-01,4.559377470984274025e-03
2.239235384999999912e-01,4.558571735289418739e-03
2.239328302999999964e-01,4.558471030770822226e-03
2.239607033999999885e-01,4.558168933510051840e-03
2.240071507999999989e-01,4.557665492604141312e-03
2.240628751000000030e-01,4.557061453113466290e-03
2.241093013000000078e-01,4.556558162811309189e-03
2.241464354000000103e-01,4.556155579586875989e-03
2.241557180000000038e-01,4.556054939862734868e-03
2.241835634000000077e-01,4.555753039256905945e-03
2.242578007999999901e-01,4.554948091790552225e-03
2.243691109000000017e-01,4.553740998230333160e-03
2.243969298000000057e-01,4.553439285907336272e-03
2.244062019999999991e-01,4.553338720133667632e-03
2.244340163000000110e-01,4.553037041236185703e-03
2.244432869000000108e-01,4.552936487011394369e-03
2.244525572000000135e-01,4.552835935185221665e-03
2.244803657999999980e-01,4.552534296888216710e-03
2.245081708999999981e-01,4.552232683593256460e-03
2.245174384999999995e-01,4.552132151463841869e-03
2.245267056999999955e-01,4.552031621429586394e-03
2.245452390000000076e-01,4.551830570206528460e-03
2.246286198999999928e-01,4.550925975218725154e-03
2.246749292999999925e-01,4.550423517990039371e-03
2.246934503000000138e-01,4.550222554256641919e-03
2.247304878999999977e-01,4.549820658796557664e-03
2.247397462999999873e-01,4.549720192048199545e-03
2.248230551000000021e-01,4.548816113254836729e-03
2.248415639000000132e-01,4.548615236030791910e-03
2.248508177999999913e-01,4.548514801736912132e-03
2.249248349999999896e-01,4.547711427492807067e-03
2.249618344000000048e-01,4.547309805204412941e-03
2.249895799999999946e-01,4.547008616548769457e-03
2.250265689000000013e-01,4.546607071388609686e-03
2.250450609999999907e-01,4.546406314750606019e-03
2.251005282000000107e-01,4.545804111016773542e-03
2.251190143000000032e-01,4.545603397370818165e-03
2.251467404999999977e-01,4.545302348397941769e-03
2.251837034999999987e-01,4.544900988382616358e-03
2.251929433000000036e-01,4.544800655437440315e-03
2.252576112999999935e-01,4.544098398232781708e-03
2.252853204999999970e-01,4.543797472219583342e-03
2.252945560999999874e-01,4.543697168318574543e-03
2.253222606999999988e-01,4.543396274968423791e-03
2.253407286000000120e-01,4.543195692842477706e-03
2.253684274999999959e-01,4.542894839808394279e-03
2.254053541999999910e-01,4.542493740990274226e-03
2.254884169999999965e-01,4.541591427923899645e-03
2.255160978000000094e-01,4.541290705028258774e-03
2.255622248999999968e-01,4.540789556397849605e-03
2.256267871000000036e-01,4.540088061945774314e-03
2.256913308000000062e-01,4.539386700761245327e-03
2.257005498000000110e-01,4.539286517345816376e-03
2.257097684000000104e-01,4.539186335891526140e-03
2.257282046000000097e-01,4.538985982277739771e-03
2.257742883999999950e-01,4.538485146743097796e-03
2.257835039999999960e-01,4.538384987442065088e-03
2.258111486000000112e-01,4.538084526359021861e-03
2.258756396000000111e-01,4.537383545741673074e-03
2.259309029000000080e-01,4.536782811926617573e-03
2.259585295000000049e-01,4.536482480544355711e-03
2.260045663999999954e-01,4.535981984736563687e-03
2.260321838999999888e-01,4.535681719571534043e-03
2.260690022000000077e-01,4.535281403120696928e-03
2.261426206000000105e-01,4.534480902174236813e-03
2.261518211999999917e-01,4.534380851932797059e-03
2.262070170999999907e-01,4.533780606668789265e-03
2.262530033000000051e-01,4.533280476960898503e-03
2.262805905999999978e-01,4.532980431596307126e-03
2.263173683999999963e-01,4.532580409318093771e-03
2.264000965999999893e-01,4.531680517521653739e-03
2.264368549000000119e-01,4.531280635772953758e-03
2.264460436000000076e-01,4.531180672048961723e-03
2.264736073999999988e-01,4.530880798096319217e-03
2.265103538000000083e-01,4.530481004055193946e-03
2.265195395000000056e-01,4.530381061702531097e-03
2.265838287999999978e-01,4.529681544698067712e-03
2.266113757999999867e-01,4.529381792264183804e-03
2.266664597999999975e-01,4.528782360462766700e-03
2.266939967000000111e-01,4.528482681933827456e-03
2.267215303000000015e-01,4.528183027320217997e-03
2.267582365999999960e-01,4.527783524961640632e-03
2.267674121999999903e-01,4.527683656243074867e-03
2.268408040000000070e-01,4.526884805118306342e-03
2.268683197999999956e-01,4.526585280803525034e-03
2.268866618000000002e-01,4.526385610742584935e-03
2.269141719999999973e-01,4.526086126762134121e-03
2.269508470999999916e-01,4.525686853012494959e-03
2.270241795000000062e-01,4.524888434354505835e-03
2.270608369000000071e-01,4.524489290135359776e-03
2.270883260000000070e-01,4.524189960338806382e-03
2.270974883000000111e-01,4.524090189073490080e-03
2.271066502000000098e-01,4.523990420794938259e-03
2.271707733999999979e-01,4.523292117685596449e-03
2.271799324000000064e-01,4.523192370619102780e-03
2.272440349000000026e-01,4.522494219432193069e-03
2.272531909000000128e-01,4.522394493812694621e-03
2.272806568000000083e-01,4.522095334802158501e-03
2.273081193000000000e-01,4.521796199686704473e-03
2.273538827999999901e-01,4.521297695256340857e-03
2.273813365000000031e-01,4.520998625362366088e-03
2.274270852999999981e-01,4.520500229939224991e-03
2.274636777000000054e-01,4.520101562236558852e-03
2.274728249000000091e-01,4.520001901860766676e-03
2.274911181000000004e-01,4.519802589562190581e-03
2.275002641999999964e-01,4.519702937563532461e-03
2.275459891000000123e-01,4.519204716518434618e-03
2.276008468000000062e-01,4.518606941724215634e-03
2.276739698999999950e-01,4.517810060376949675e-03
2.276831085999999893e-01,4.517710461565524818e-03
2.276922469999999865e-01,4.517610866495068433e-03
2.277196599000000099e-01,4.517312096257508798e-03
2.277562052000000059e-01,4.516913774278936110e-03
2.277927448000000021e-01,4.516515495606766156e-03
2.278292784000000015e-01,4.516117259496819913e-03
2.279114577999999947e-01,4.515221387708958506e-03
2.279297157999999879e-01,4.515022334628868497e-03
2.279844812000000054e-01,4.514425239696936640e-03
2.280118590000000112e-01,4.514126729214626432e-03
2.280483574999999929e-01,4.513728752204089652e-03
2.280757276000000000e-01,4.513430298177008825e-03
2.281213370999999879e-01,4.512932928583189389e-03
2.281304578999999999e-01,4.512833462760794043e-03
2.282034112999999920e-01,4.512037833536304207e-03
2.282307627999999866e-01,4.511739516021726938e-03
2.282581110000000135e-01,4.511441224255219144e-03
2.283674710999999968e-01,4.510248297559399551e-03
2.284221314999999863e-01,4.509651979366580826e-03
2.284494568000000059e-01,4.509353856643143373e-03
2.284767789000000104e-01,4.509055758211650243e-03
2.284858855000000133e-01,4.508956398044960436e-03
2.284949917000000108e-01,4.508857039728015811e-03
2.285132031000000064e-01,4.508658331529118851e-03
2.285587253999999957e-01,4.508161608778850360e-03
2.285678287000000031e-01,4.508062273272486417e-03
2.285951365999999985e-01,4.507764279563624896e-03
2.286224411999999984e-01,4.507466310466647953e-03
2.286588422999999981e-01,4.507069055958257825e-03
2.287043354999999945e-01,4.506572548356613944e-03
2.287771058999999996e-01,4.505778276637833514e-03
2.288043888000000081e-01,4.505480469598903241e-03
2.288407608999999954e-01,4.505083430168122481e-03
2.288862180000000024e-01,4.504587192692190330e-03
2.289225770999999965e-01,4.504190249622060799e-03
2.289952781000000048e-01,4.503396495010172397e-03
2.290043640999999963e-01,4.503297287667178128e-03
2.290316199000000108e-01,4.502999681629803533e-03
2.290588725000000103e-01,4.502702099706826916e-03
2.290770390999999906e-01,4.502503725894139650e-03
2.291042862999999874e-01,4.502206184721827160e-03
2.291496909999999887e-01,4.501710336663252744e-03
2.292132426000000056e-01,4.501016261386770780e-03
2.292495498999999881e-01,4.500619706379037702e-03
2.292949259000000017e-01,4.500124073093725828e-03
2.293221471999999928e-01,4.499826725665952848e-03
2.293584371999999871e-01,4.499430299640640868e-03
2.293856509999999960e-01,4.499133007738336659e-03
2.293947215000000095e-01,4.499033916036949791e-03
2.294672728999999911e-01,4.498241279063688869e-03
2.295126057999999913e-01,4.497745967692425365e-03
2.295760568999999918e-01,4.497052644505708865e-03
2.296576112000000003e-01,4.496161422513796774e-03
2.296757304000000000e-01,4.495963402538359806e-03
2.297119646000000126e-01,4.495567395584049684e-03
2.297210222000000135e-01,4.495468400802773642e-03
2.297300794999999896e-01,4.495369407873549099e-03
2.297844156999999943e-01,4.494775509055303452e-03
2.297934705000000133e-01,4.494676536086096921e-03
2.298658959999999862e-01,4.493884842990347739e-03
2.299021001999999869e-01,4.493489060841654448e-03
2.299292495999999963e-01,4.493192252229535888e-03
2.299473475000000100e-01,4.492994393101777846e-03
2.299654439000000106e-01,4.492796545042338809e-03
2.300106785999999903e-01,4.492301970904568308e-03
2.300468599999999919e-01,4.491906360922119819e-03
2.300830356999999937e-01,4.491510792554142747e-03
2.300920787999999884e-01,4.491411907433412974e-03
2.301101637999999894e-01,4.491214145660323530e-03
2.301192058000000040e-01,4.491115268091641285e-03
2.302547927999999966e-01,4.489632431112032702e-03
2.302999706999999951e-01,4.489138286268148231e-03
2.303090051999999999e-01,4.489039465496478393e-03
2.303632049000000070e-01,4.488446595493670969e-03
2.303722368999999992e-01,4.488347793371386986e-03
2.304083616000000001e-01,4.487952610919358418e-03
2.304535094000000062e-01,4.487458693043271801e-03
2.305167015000000041e-01,4.486767320694950642e-03
2.305257274999999995e-01,4.486668564345049938e-03
2.305528034999999865e-01,4.486372310025461656e-03
2.305798762000000057e-01,4.486076079652095983e-03
2.305979230000000102e-01,4.485878606033919663e-03
2.306249904999999878e-01,4.485582416225637400e-03
2.306610755000000068e-01,4.485187533783341167e-03
2.306971549000000066e-01,4.484792693887993537e-03
2.307422462000000007e-01,4.484299203690025534e-03
2.307963440999999949e-01,4.483707104603329441e-03
2.308143739999999888e-01,4.483509759936930329e-03
2.308414161000000020e-01,4.483213761880328573e-03
2.308684550000000002e-01,4.482917788898897922e-03
2.308774673000000000e-01,4.482819136061057252e-03
2.309405432999999952e-01,4.482128643346672964e-03
2.309585618999999979e-01,4.481931383391615960e-03
2.309765790999999957e-01,4.481734134568026232e-03
2.309855871000000005e-01,4.481635514438228433e-03
2.310306220999999993e-01,4.481142451919317531e-03
2.310576389000000008e-01,4.480846646066255316e-03
2.310846525999999956e-01,4.480550865551419411e-03
2.310936564000000137e-01,4.480452276162908733e-03
2.311206658000000136e-01,4.480156527277738727e-03
2.311656745000000013e-01,4.479663665293644875e-03
2.311746752000000127e-01,4.479565100623032932e-03
2.312466680999999968e-01,4.478776681517318559e-03
2.312736595999999867e-01,4.478481068707148779e-03
2.313456217000000037e-01,4.477692884428642432e-03
2.314085700999999884e-01,4.477003362183708604e-03
2.314175613999999992e-01,4.476904870139836352e-03
2.314445330000000078e-01,4.476609409527289134e-03
2.314625123000000062e-01,4.476412448444476791e-03
2.315523879999999979e-01,4.475427803989781572e-03
2.315973128000000103e-01,4.474935582059298526e-03
2.316062966999999917e-01,4.474837145714322291e-03
2.316332463000000119e-01,4.474541852437833277e-03
2.316691743000000026e-01,4.474148165154611181e-03
2.316781554000000021e-01,4.474049750876144156e-03
2.317320348999999946e-01,4.473459315843719176e-03
2.317410135999999898e-01,4.473360919253195275e-03
2.318128305000000111e-01,4.472573843275840302e-03
2.318397561999999967e-01,4.472278734185357145e-03
2.318487307000000053e-01,4.472180369426407079e-03
2.319474273999999892e-01,4.471098536090842464e-03
2.319833067000000026e-01,4.470705221540967160e-03
2.320281480999999979e-01,4.470213638626287928e-03
2.320371153000000131e-01,4.470115329259121903e-03
2.320640149000000041e-01,4.469820419572613848e-03
2.320909113999999884e-01,4.469525533501735211e-03
2.321088406000000048e-01,4.469328956239002754e-03
2.321715820999999957e-01,4.468641020115096847e-03
2.322343067000000039e-01,4.467953212975761361e-03
2.322432658999999955e-01,4.467854965938017342e-03
2.322522248999999983e-01,4.467756721354068303e-03
2.322790995000000025e-01,4.467462002501349123e-03
2.323059711000000083e-01,4.467167308259000109e-03
2.323238837999999917e-01,4.466970858131015694e-03
2.323507502000000113e-01,4.466676204167956132e-03
2.324581846999999868e-01,4.465497824373876150e-03
2.325387281000000084e-01,4.464614290805675109e-03
2.325566228000000013e-01,4.464417978773966428e-03
2.325655695999999939e-01,4.464319827083328487e-03
2.325924081000000088e-01,4.464025387967184358e-03
2.326013536000000048e-01,4.463927247390577988e-03
2.326371319999999965e-01,4.463534708756009516e-03
2.326729050000000132e-01,4.463142213397694284e-03
2.326818474000000025e-01,4.463044095950859450e-03
2.326997311000000013e-01,4.462847868693511910e-03
2.327801908000000086e-01,4.461964980904661870e-03
2.328159418000000092e-01,4.461572655053106830e-03
2.328427513999999920e-01,4.461278438234115608e-03
2.328784928000000032e-01,4.460886186573760626e-03
2.328874271999999968e-01,4.460788130706831896e-03
2.329231616999999921e-01,4.460395932179587672e-03
2.329678222000000076e-01,4.459905744395081285e-03
2.329946143000000136e-01,4.459611662712268353e-03
2.330303324000000120e-01,4.459219591459119038e-03
2.330392609999999975e-01,4.459121580357821614e-03
2.331106779999999878e-01,4.458337586012578457e-03
2.331285288000000122e-01,4.458141614394176694e-03
2.331374536999999969e-01,4.458043632538938837e-03
2.332445258999999993e-01,4.456868055071146542e-03
2.332802056000000124e-01,4.456476280134459046e-03
2.333515489000000109e-01,4.455692859166177251e-03
2.333782970000000123e-01,4.455399120054777395e-03
2.334228703000000016e-01,4.454909606470514385e-03
2.334496101999999906e-01,4.454615930536824121e-03
2.335298114999999897e-01,4.453735046475938014e-03
2.335387211000000129e-01,4.453637183371084683e-03
2.335565391999999962e-01,4.453441465826690412e-03
2.335654477999999923e-01,4.453343611025589732e-03
2.336367038999999923e-01,4.452560866808002484e-03
2.336634193000000081e-01,4.452267381488603931e-03
2.336723237999999980e-01,4.452169558849393589e-03
2.336812279000000103e-01,4.452071738491139921e-03
2.336990351000000077e-01,4.451876105034037467e-03
2.337524487000000040e-01,4.451289269211899935e-03
2.338058500999999900e-01,4.450702528786249987e-03
2.338236478000000063e-01,4.450506969930977455e-03
2.338414441999999982e-01,4.450311421063875804e-03
2.338503419000000083e-01,4.450213651035009495e-03
2.339659810999999978e-01,4.448942878355100460e-03
2.340371152000000066e-01,4.448161085407382510e-03
2.340637848999999882e-01,4.447867957117917354e-03
2.340993398000000003e-01,4.447477155869552536e-03
2.341260025000000133e-01,4.447184083501332444e-03
2.341704334999999970e-01,4.446695680903924031e-03
2.342059722000000010e-01,4.446305007301686388e-03
2.342415055000000024e-01,4.445914374994672062e-03
2.342770335000000093e-01,4.445523784910194835e-03
2.343036759000000080e-01,4.445230870497905197e-03
2.343214358000000053e-01,4.445035607839526934e-03
2.344102153000000022e-01,4.444059449976673314e-03
2.344634667999999922e-01,4.443473881574342040e-03
2.344900880999999937e-01,4.443181133401294391e-03
2.345255783000000094e-01,4.442790839193572552e-03
2.345521925000000063e-01,4.442498146191677273e-03
2.345610633000000111e-01,4.442400586684679999e-03
2.345965428000000019e-01,4.442010377313856083e-03
2.346054117999999966e-01,4.441912831161154776e-03
2.346320169999999983e-01,4.441620208983866093e-03
2.346763521999999935e-01,4.441132559001053325e-03
2.347384073000000071e-01,4.440449959009521060e-03
2.348093075000000085e-01,4.439670003963142042e-03
2.348181685000000074e-01,4.439572521137594152e-03
2.348358895000000057e-01,4.439377563282035158e-03
2.348447495000000051e-01,4.439280088997422588e-03
2.348713275000000045e-01,4.438987680463284818e-03
2.349156175000000069e-01,4.438500385817034308e-03
2.349421875000000104e-01,4.438208040838141806e-03
2.350218795000000027e-01,4.437331147711871468e-03
2.350307325000000058e-01,4.437233727705259395e-03
2.351015444000000010e-01,4.436454467629356510e-03
2.351192441000000133e-01,4.436259679256815414e-03
2.351280933999999878e-01,4.436162288344877927e-03
2.351634874000000097e-01,4.435772752738280714e-03
2.352342594000000064e-01,4.434993808410712425e-03
2.352431044000000138e-01,4.434896451407919528e-03
2.353138523999999954e-01,4.434117695628145804e-03
2.353403775000000031e-01,4.433825706767088176e-03
2.353668995000000042e-01,4.433533740373234860e-03
2.353757394999999863e-01,4.433436423329916928e-03
2.354022575999999978e-01,4.433144488597350052e-03
2.354376103999999970e-01,4.432755278906350301e-03
2.354552846999999893e-01,4.432560690547779868e-03
2.354817938000000055e-01,4.432268826430009988e-03
2.355083000000000037e-01,4.431976985983269654e-03
2.355171346999999915e-01,4.431879711596216527e-03
2.355878003999999915e-01,4.431101608218264605e-03
2.356584449999999942e-01,4.430323672543614449e-03
2.356672740000000099e-01,4.430226441969833777e-03
2.357202415999999912e-01,4.429643117028526228e-03
2.357643721000000081e-01,4.429157084208310870e-03
2.358261409000000086e-01,4.428476749977525162e-03
2.358702515999999971e-01,4.427990874771471977e-03
2.359496301000000018e-01,4.427116465740057669e-03
2.359760837000000055e-01,4.426825043222335117e-03
2.360113504999999945e-01,4.426436515971433720e-03
2.360906815000000103e-01,4.425562484085425463e-03
2.361083069999999895e-01,4.425368283816357405e-03
2.361171193000000113e-01,4.425271188351046284e-03
2.361523650000000030e-01,4.424882829311043222e-03
2.361611755999999951e-01,4.424785745736659580e-03
2.362316486999999909e-01,4.424009175088135411e-03
2.362932953999999919e-01,4.423329813202593087e-03
2.363021006999999896e-01,4.423232772024813901e-03
2.363285148000000002e-01,4.422941663431653042e-03
2.363725318000000075e-01,4.422456536526488124e-03
2.363901362999999978e-01,4.422262503728176079e-03
2.363989380000000029e-01,4.422165491736364772e-03
2.364693401999999889e-01,4.421389486079409757e-03
2.365045335000000026e-01,4.421001547295087646e-03
2.365309250000000030e-01,4.420710619426236436e-03
2.365397214999999942e-01,4.420613649062091720e-03
2.365661089999999966e-01,4.420322753839530695e-03
2.365836990999999889e-01,4.420128836104729453e-03
2.366364615000000060e-01,4.419547146712055931e-03
2.366452541000000076e-01,4.419450206899050090e-03
2.366716299000000134e-01,4.419159405847701561e-03
2.367155830000000072e-01,4.418674788966208376e-03
2.367243726999999909e-01,4.418577874006033267e-03
2.367507396000000097e-01,4.418287142418093720e-03
2.367771036999999912e-01,4.417996434671486727e-03
2.367946780999999890e-01,4.417802643407727457e-03
2.368210373000000091e-01,4.417511975078735470e-03
2.368473935000000030e-01,4.417221330782370933e-03
2.368561781999999893e-01,4.417124454216022136e-03
2.369527889999999970e-01,4.416058987236808411e-03
2.370054692999999935e-01,4.415477957594530697e-03
2.370669146999999921e-01,4.414800207766110714e-03
2.371371186000000020e-01,4.414025793379692912e-03
2.371458925999999912e-01,4.413929003359110328e-03
2.371985299000000103e-01,4.413348318075199089e-03
2.372160731000000078e-01,4.413154777467125263e-03
2.372423854000000054e-01,4.412864485370276806e-03
2.373476056000000112e-01,4.411703552923250914e-03
2.373739032999999943e-01,4.411413379361324785e-03
2.374089624999999870e-01,4.411026516630824242e-03
2.374264900999999983e-01,4.410833101366818006e-03
2.374527791000000110e-01,4.410542997439943942e-03
2.374878266000000071e-01,4.410156228625631593e-03
2.375141088000000122e-01,4.409866179444645908e-03
2.375666644999999966e-01,4.409286152392862326e-03
2.375929380000000035e-01,4.408996174082947805e-03
2.376192085999999926e-01,4.408706218626503269e-03
2.376542315999999877e-01,4.408319648657261537e-03
2.376629865000000064e-01,4.408223012963411770e-03
2.376892493999999967e-01,4.407933120642306205e-03
2.376980029999999910e-01,4.407836494001949636e-03
2.377767712999999949e-01,4.406966980915837280e-03
2.378730081000000052e-01,4.405904530221937954e-03
2.378992477999999910e-01,4.405614824892011873e-03
2.379866925000000133e-01,4.404649311733426463e-03
2.380129196000000114e-01,4.404359708981763974e-03
2.380478846000000093e-01,4.403973607467002310e-03
2.380828445000000015e-01,4.403587547552214113e-03
2.381177992000000077e-01,4.403201529914415983e-03
2.381265371000000075e-01,4.403105032150531409e-03
2.381876933000000029e-01,4.402429619042192745e-03
2.381964286000000097e-01,4.402333142454509587e-03
2.382226326999999921e-01,4.402043726714268204e-03
2.382924959999999925e-01,4.401272065689156715e-03
2.383186895000000138e-01,4.400982736151408392e-03
2.383274200000000120e-01,4.400886298006694529e-03
2.383536096999999965e-01,4.400596998394965334e-03
2.383623388999999981e-01,4.400500571604270758e-03
2.384059802999999866e-01,4.400018471826743806e-03
2.384757899000000125e-01,4.399247247507950993e-03
2.385019633000000083e-01,4.398958081602447577e-03
2.385281337000000057e-01,4.398668938893277036e-03
2.385368566000000135e-01,4.398572564103924928e-03
2.386066279000000068e-01,4.397801651187664349e-03
2.386153478999999966e-01,4.397705299678139959e-03
2.386763789000000135e-01,4.397030905929734564e-03
2.386850963000000103e-01,4.396934574532638390e-03
2.387112466999999905e-01,4.396645595128196964e-03
2.387461093999999895e-01,4.396260327366043053e-03
2.387548243000000014e-01,4.396164015548887846e-03
2.387722530999999981e-01,4.395971402481804215e-03
2.388158196000000066e-01,4.395489913719628425e-03
2.388506670999999970e-01,4.395104769176589980e-03
2.388767992999999978e-01,4.394815938220729239e-03
2.388942192000000075e-01,4.394623397204338276e-03
2.389551789999999898e-01,4.393949586564648707e-03
2.389900061000000131e-01,4.393564608061503902e-03
2.390248282000000113e-01,4.393179671801156899e-03
2.390335329000000120e-01,4.393083443851030466e-03
2.390509413999999944e-01,4.392890996690000487e-03
2.390857546000000056e-01,4.392506132910201089e-03
2.391031593000000066e-01,4.392313715696483101e-03
2.391640657000000114e-01,4.391640340527839040e-03
2.392336540999999983e-01,4.390870923907577890e-03
2.392423512999999891e-01,4.390774758354910184e-03
2.392684407000000013e-01,4.390486278648722887e-03
2.393379988000000069e-01,4.389717110665641159e-03
2.393640777999999913e-01,4.389428715718269279e-03
2.393727702000000013e-01,4.389332588737543221e-03
2.393814622999999864e-01,4.389236464929812884e-03
2.394509874999999899e-01,4.388467567522996542e-03
2.394683656999999910e-01,4.388275368299525067e-03
2.394770542999999918e-01,4.388179272850762681e-03
2.395204924999999874e-01,4.387698835217886811e-03
2.395465516999999989e-01,4.387410602315494797e-03
2.395812928999999925e-01,4.387026330099711054e-03
2.396073454000000047e-01,4.386738153067872882e-03
2.396507600999999987e-01,4.386257908471749394e-03
2.397288867000000046e-01,4.385393632434754323e-03
2.397896341999999903e-01,4.384721562389309012e-03
2.398850634999999953e-01,4.383665709673727033e-03
2.398937369999999958e-01,4.383569738357046865e-03
2.399284278999999909e-01,4.383185879171009811e-03
2.399370997999999977e-01,4.383089921123869623e-03
2.399631137000000081e-01,4.382802061697411815e-03
2.399891248999999893e-01,4.382514226029234940e-03
2.399977946000000084e-01,4.382418285981928147e-03
2.400064640000000027e-01,4.382322348108067672e-03
2.400238020000000083e-01,4.382130481255663498e-03
2.400758081999999904e-01,4.381554941075230074e-03
2.401278031999999896e-01,4.380979493683668721e-03
2.401451323999999887e-01,4.380787699014719941e-03
2.401971123999999957e-01,4.380212376310357522e-03
2.402750613000000091e-01,4.379349566603077219e-03
2.403010385999999887e-01,4.379062010332154808e-03
2.403096970999999971e-01,4.378966163187050439e-03
2.403789537999999892e-01,4.378199478828846518e-03
2.404741491999999869e-01,4.377145558297830530e-03
2.404828015000000097e-01,4.377049763116695746e-03
2.404914533999999993e-01,4.376953970703710388e-03
2.405174073999999940e-01,4.376666606785037557e-03
2.405606577999999940e-01,4.376187720486956687e-03
2.406211953000000070e-01,4.375517386732516445e-03
2.406298423000000075e-01,4.375421634813800482e-03
2.406903622999999881e-01,4.374751446356856498e-03
2.406990068000000038e-01,4.374655715844021076e-03
2.407162948999999885e-01,4.374464260783118841e-03
2.407249384000000048e-01,4.374368538041065700e-03
2.407508671999999961e-01,4.374081383416679632e-03
2.407940756999999987e-01,4.373602844727372992e-03
2.408545545000000121e-01,4.372932999336484605e-03
2.408631931000000115e-01,4.372837317646990386e-03
2.408977444000000023e-01,4.372454615445227344e-03
2.409322906999999958e-01,4.372071954598737674e-03
2.409581972000000016e-01,4.371784986253663893e-03
2.409754665999999934e-01,4.371593686187991851e-03
2.410013685000000072e-01,4.371306756775624955e-03
2.410272675000000031e-01,4.371019849831283763e-03
2.410963181000000122e-01,4.370254878714003102e-03
2.411049480000000134e-01,4.370159269305990031e-03
2.411394645999999919e-01,4.369776855176911619e-03
2.411739763000000092e-01,4.369394483473058866e-03
2.411826035000000090e-01,4.369298896383461139e-03
2.412429849000000126e-01,4.368629862038919155e-03
2.412688580000000027e-01,4.368343171185547734e-03
2.413205958999999901e-01,4.367769859979627085e-03
2.413464606999999873e-01,4.367483239269600789e-03
2.413895624999999878e-01,4.367005589064771112e-03
2.414068011000000125e-01,4.366814547431300056e-03
2.414154199000000112e-01,4.366719029970874549e-03
2.414498921999999881e-01,4.366336986728120394e-03
2.414843594999999954e-01,4.365954984836616787e-03
2.415446655000000054e-01,4.365286581377649487e-03
2.415791193000000059e-01,4.364904692102989682e-03
2.415963442999999877e-01,4.364713764173906545e-03
2.416221795999999866e-01,4.364427390293777916e-03
2.416480121000000036e-01,4.364141038435888353e-03
2.416566223000000124e-01,4.364045594123039384e-03
2.416824512000000091e-01,4.363759273586037546e-03
2.417599210999999970e-01,4.362900452184675405e-03
2.418029492000000058e-01,4.362423419063684617e-03
2.418631757999999965e-01,4.361755681223544734e-03
2.419319876999999896e-01,4.360992705123777242e-03
2.419405877999999954e-01,4.360897344820121105e-03
2.419577871999999963e-01,4.360706631121411860e-03
2.420695529000000124e-01,4.359467246560145247e-03
2.421039319999999939e-01,4.359085984903760501e-03
2.421383061999999864e-01,4.358704764279861324e-03
2.421468989999999988e-01,4.358609465606565724e-03
2.421726755999999980e-01,4.358323584412081980e-03
2.421984493000000072e-01,4.358037726945237014e-03
2.423358633000000095e-01,4.356513541530718063e-03
2.423530345000000086e-01,4.356323064481425027e-03
2.423702045999999999e-01,4.356132597577956275e-03
2.424045410000000011e-01,4.355751694301988018e-03
2.424474547999999896e-01,4.355275623539094955e-03
2.424903609000000071e-01,4.354799616674101016e-03
2.425075211999999925e-01,4.354609231448015871e-03
2.425589948999999912e-01,4.354038138784920367e-03
2.426104575999999957e-01,4.353467138552007294e-03
2.426533348999999895e-01,4.352991374368568762e-03
2.426790577000000060e-01,4.352705947526919021e-03
2.426876313000000118e-01,4.352610810370765096e-03
2.427219227999999895e-01,4.352230286960018582e-03
2.427562094999999864e-01,4.351849803770918394e-03
2.427647804999999992e-01,4.351754689528838753e-03
2.427819213999999892e-01,4.351564468748955923e-03
2.427904914000000025e-01,4.351469362014284172e-03
2.428333369000000019e-01,4.350993867472372628e-03
2.428590405999999924e-01,4.350708600926023358e-03
2.428933078999999939e-01,4.350328281845161453e-03
2.429190052000000100e-01,4.350043069977689060e-03
2.429532641000000104e-01,4.349662823373057034e-03
2.429618280999999991e-01,4.349567767221121199e-03
2.429703917000000102e-01,4.349472714065895015e-03
2.430645720999999870e-01,4.348427301139828546e-03
2.431672726999999923e-01,4.347287204665717560e-03
2.431758290999999905e-01,4.347192212745030516e-03
2.432014966000000111e-01,4.346907253238880935e-03
2.432271614000000026e-01,4.346622317393195566e-03
2.432442696999999876e-01,4.346432372281888376e-03
2.432699298999999871e-01,4.346147474631288990e-03
2.433041394000000079e-01,4.345767646723429529e-03
2.433297933000000135e-01,4.345482803060442267e-03
2.434323820000000027e-01,4.344343655773714487e-03
2.434494759999999980e-01,4.344153833030441406e-03
2.435007505000000017e-01,4.343584428587855470e-03
2.435092952000000033e-01,4.343489536495235247e-03
2.435776420999999914e-01,4.342730493791342392e-03
2.435861840999999917e-01,4.342635624804612633e-03
2.436118083000000101e-01,4.342351033027536805e-03
2.436459698000000007e-01,4.341971613535187957e-03
2.437228154999999952e-01,4.341118069396597556e-03
2.437825677000000080e-01,4.340454344358942070e-03
2.437911024999999954e-01,4.340359535826416454e-03
2.438167052000000112e-01,4.340075128356816157e-03
2.438593703999999973e-01,4.339601166486789854e-03
2.438764344000000084e-01,4.339411599201555177e-03
2.438849659000000003e-01,4.339316820356268339e-03
2.439190891000000139e-01,4.338937726785898133e-03
2.439873211999999958e-01,4.338179662864775389e-03
2.440129033000000003e-01,4.337895430875162404e-03
2.440214300000000114e-01,4.337800692343245397e-03
2.440470086000000038e-01,4.337516491310510966e-03
2.440640594000000052e-01,4.337327035641125664e-03
2.441237280999999926e-01,4.336664024989174415e-03
2.441492959000000074e-01,4.336379914320944058e-03
2.442004234000000051e-01,4.335811764218703256e-03
2.442941295999999929e-01,4.334770393791349298e-03
2.443367113999999896e-01,4.334297144502185367e-03
2.444048268000000024e-01,4.333540079473589476e-03
2.444218526999999974e-01,4.333350838051395343e-03
2.444303651999999993e-01,4.333256220807102377e-03
2.444984545999999981e-01,4.332499379694734927e-03
2.445239831999999891e-01,4.332215606136175477e-03
2.445324922000000067e-01,4.332121019742143225e-03
2.445580172000000052e-01,4.331837276944036121e-03
2.445665250000000068e-01,4.331742701123514686e-03
2.446345763999999978e-01,4.330986184519020933e-03
2.446770990000000090e-01,4.330513444087099803e-03
2.447026089999999876e-01,4.330229831392994055e-03
2.447366182000000057e-01,4.329851715648722586e-03
2.447961227999999878e-01,4.329190110831943571e-03
2.448046222999999966e-01,4.329095605293566823e-03
2.448301190000000127e-01,4.328812106479167088e-03
2.448641105000000096e-01,4.328434143020380188e-03
2.448726075999999863e-01,4.328339658393615293e-03
2.449320792999999941e-01,4.327678338654885118e-03
2.449405739999999942e-01,4.327583874235456894e-03
2.449490685000000056e-01,4.327489412659225702e-03
2.450085216000000010e-01,4.326828252951405926e-03
2.450170137000000081e-01,4.326733811908577837e-03
2.451019187000000044e-01,4.325789537474971670e-03
2.451104075999999965e-01,4.325695124686263111e-03
2.451358724999999905e-01,4.325411899586578332e-03
2.452122512999999893e-01,4.324562361390616762e-03
2.452207362999999918e-01,4.324467981570135310e-03
2.452377055999999944e-01,4.324279228996752433e-03
2.452461897999999862e-01,4.324184855549453345e-03
2.452886062999999894e-01,4.323713030289564122e-03
2.453140527000000071e-01,4.323429965116722812e-03
2.453394963999999956e-01,4.323146921685503893e-03
2.453734173000000074e-01,4.322769568649261103e-03
2.454158117999999944e-01,4.322297932198617895e-03
2.454242898000000006e-01,4.322203612954747011e-03
2.454751518000000132e-01,4.321637748553511411e-03
2.454836277999999927e-01,4.321543446334793516e-03
2.454921035000000029e-01,4.321449148004385434e-03
2.455175287999999956e-01,4.321166264916742605e-03
2.455514250999999981e-01,4.320789124155718051e-03
2.456446157999999935e-01,4.319752194064893115e-03
2.456530859000000122e-01,4.319657943239103327e-03
2.456784945000000109e-01,4.319375205213288500e-03
2.456954322000000079e-01,4.319186725534678375e-03
2.457885682000000016e-01,4.318150269013688695e-03
2.458224271999999988e-01,4.317773451595667555e-03
2.458308912000000124e-01,4.317679254069681574e-03
2.458985927000000016e-01,4.316925761231001080e-03
2.459239759000000081e-01,4.316643243320314634e-03
2.459578162000000123e-01,4.316266588507020052e-03
2.460170254999999861e-01,4.315607538366874468e-03
2.460254828000000005e-01,4.315513399283486470e-03
2.460508530000000138e-01,4.315230995585279776e-03
2.460593091000000121e-01,4.315136864930879321e-03
2.461269477999999955e-01,4.314383919508440503e-03
2.461607601999999950e-01,4.314007506159557755e-03
2.461692125000000120e-01,4.313913410318989672e-03
2.462283710000000014e-01,4.313254802783986729e-03
2.463044108999999926e-01,4.312408205358332983e-03
2.463213055000000040e-01,4.312220099926945480e-03
2.463635369000000130e-01,4.311749881293097664e-03
2.463973167999999880e-01,4.311373751349543634e-03
2.464310920999999988e-01,4.310997663164261792e-03
2.464395352000000039e-01,4.310903646508638769e-03
2.464564204999999952e-01,4.310715622049429881e-03
2.464901877000000019e-01,4.310339604047873190e-03
2.465070695000000089e-01,4.310151609579319226e-03
2.465914613999999894e-01,4.309211791594044078e-03
2.466420826999999871e-01,4.308648021348131588e-03
2.466673893999999922e-01,4.308366171093766864e-03
2.466926936000000126e-01,4.308084342689357145e-03
2.467011276999999947e-01,4.307990404640286812e-03
2.467348614000000051e-01,4.307614679362060071e-03
2.467685904999999957e-01,4.307238994364129790e-03
2.468360347999999926e-01,4.306487743754167964e-03
2.468444640000000134e-01,4.306393848930040354e-03
2.468697499999999989e-01,4.306112180212868894e-03
2.469118875999999907e-01,4.305642781592160066e-03
2.469371666999999881e-01,4.305361172490797424e-03
2.469624431999999925e-01,4.305079586183728144e-03
2.469708680999999906e-01,4.304985729091990662e-03
2.469961411000000107e-01,4.304704173959725440e-03
2.470045649000000010e-01,4.304610327469668950e-03
2.470466795000000049e-01,4.304141129388308271e-03
2.470719447999999985e-01,4.303859641939555489e-03
2.471393063000000001e-01,4.303109118246388649e-03
2.471729802000000031e-01,4.302733917485178534e-03
2.472403140999999971e-01,4.301983635400242513e-03
2.472487295999999946e-01,4.301889861562479059e-03
2.472655596999999983e-01,4.301702322002815167e-03
2.473160429000000049e-01,4.301139761449013048e-03
2.473412806999999991e-01,4.300858515364480543e-03
2.473749271000000027e-01,4.300483555526452006e-03
2.474001589000000001e-01,4.300202361779224998e-03
2.474422061000000062e-01,4.299733756680712907e-03
2.474758387999999865e-01,4.299358918408445300e-03
2.475178731000000076e-01,4.298890425893568332e-03
2.475346848999999960e-01,4.298703046465539822e-03
2.476103236999999957e-01,4.297859965737063463e-03
2.476439334999999964e-01,4.297485327046522002e-03
2.476523351999999900e-01,4.297391674883253680e-03
2.476775387000000050e-01,4.297110729449282913e-03
2.477195389000000081e-01,4.296642539871549198e-03
2.477699295999999940e-01,4.296080794203963743e-03
2.477783271000000009e-01,4.295987179008190458e-03
2.478371014000000094e-01,4.295331941477126617e-03
2.478454965999999926e-01,4.295238345965545976e-03
2.478538915000000065e-01,4.295144752576260730e-03
2.478790744999999907e-01,4.294863989879598755e-03
2.479881714000000126e-01,4.293647609297344611e-03
2.480468959999999889e-01,4.292992811282200089e-03
2.480552839999999870e-01,4.292899278409843117e-03
2.480720593999999890e-01,4.292712221766946563e-03
2.481056066000000004e-01,4.292338136827158687e-03
2.481223785999999987e-01,4.292151109026524913e-03
2.481475343000000000e-01,4.291870586514088745e-03
2.481726874999999888e-01,4.291590086660294900e-03
2.481810714000000084e-01,4.291496592200383896e-03
2.482062211999999934e-01,4.291216122060009276e-03
2.482565132000000008e-01,4.290655250306038906e-03
2.482816552999999871e-01,4.290374848567807611e-03
2.483486886999999865e-01,4.289627220151338849e-03
2.483738215000000082e-01,4.289346900995578797e-03
2.483821985999999926e-01,4.289253466165355265e-03
2.484575793000000088e-01,4.288412666808862593e-03
2.484743275000000085e-01,4.288225849896524361e-03
2.484827011000000085e-01,4.288132444463369809e-03
2.485161928999999881e-01,4.287758851460951245e-03
2.485245651999999916e-01,4.287665459866564499e-03
2.485496802000000116e-01,4.287385297813733204e-03
2.485747927999999995e-01,4.287105159249247725e-03
2.487086833999999913e-01,4.285611467115612618e-03
2.487254145999999999e-01,4.285424799435562371e-03
2.487505094000000139e-01,4.285144819341305152e-03
2.488759453000000121e-01,4.283745251450146556e-03
2.488843054000000055e-01,4.283651967423627617e-03
2.489093842000000001e-01,4.283372128570596578e-03
2.489261020000000102e-01,4.283185582931449756e-03
2.489511765000000099e-01,4.282905781932533525e-03
2.489846052999999948e-01,4.282532748772414216e-03
2.490096739000000059e-01,4.282253000942885281e-03
2.490598036999999987e-01,4.281693572075384938e-03
2.490848647999999999e-01,4.281413891056983813e-03
2.491099233000000079e-01,4.281134233435563222e-03
2.491182755999999943e-01,4.281041018875028463e-03
2.491266276000000113e-01,4.280947806477370353e-03
2.491767337999999943e-01,4.280388587728930182e-03
2.491934336000000139e-01,4.280202201509155160e-03
2.492518742000000009e-01,4.279549927513423384e-03
2.492602217999999870e-01,4.279456755919987254e-03
2.492769159999999873e-01,4.279270419639887892e-03
2.492852627000000099e-01,4.279177255230248722e-03
2.493854013000000036e-01,4.278059476832990482e-03
2.494104296000000109e-01,4.277780088166563584e-03
2.494604787999999962e-01,4.277221379903575933e-03
2.494854995999999936e-01,4.276942058687880667e-03
2.495271954000000125e-01,4.276476573859737916e-03
2.495522095999999912e-01,4.276197312333263230e-03
2.495855579000000046e-01,4.275824999891406769e-03
2.496439065999999929e-01,4.275173546952536381e-03
2.496522411000000052e-01,4.275080493066500502e-03
2.496605752000000122e-01,4.274987440764732929e-03
2.497105742999999878e-01,4.274429180102725864e-03
2.497189065000000041e-01,4.274336146240689804e-03
2.497522325000000043e-01,4.273964032861403591e-03
2.497772241000000004e-01,4.273684974236660779e-03
2.497938838000000050e-01,4.273498947198649950e-03
2.498605114000000127e-01,4.272754938851034377e-03
2.498854920999999951e-01,4.272475977619188264e-03
2.499520953000000101e-01,4.271732189145026337e-03
2.499770668999999890e-01,4.271453310166073089e-03
2.499853901999999906e-01,4.271360355382522109e-03
2.500186806999999956e-01,4.270988560736988827e-03
2.500519668000000251e-01,4.270616806350237098e-03
2.500769284000000092e-01,4.270338016547506679e-03
2.501268441999999759e-01,4.269780504851885920e-03
2.501850668000000222e-01,4.269130186814780979e-03
2.502100151000000161e-01,4.268851516561585763e-03
2.502515901999999848e-01,4.268387116420148918e-03
2.502848453000000029e-01,4.268015639765795032e-03
2.503097837000000103e-01,4.267737059625805775e-03
2.503264078999999920e-01,4.267551351624638764e-03
2.503513421999999933e-01,4.267272808246901604e-03
2.504510544999999921e-01,4.266158859602930432e-03
2.504593620000000187e-01,4.266066046575311098e-03
2.504759763000000139e-01,4.265880427873749124e-03
2.504842830999999825e-01,4.265787623454935298e-03
2.505092016000000088e-01,4.265509221419104199e-03
2.505258126000000085e-01,4.265323632392218137e-03
2.506586610000000048e-01,4.263839283213850979e-03
2.506835621999999875e-01,4.263561038469814053e-03
2.507499534000000030e-01,4.262819161218657504e-03
2.507748455000000098e-01,4.262540998390364731e-03
2.508495071999999881e-01,4.261706644572679607e-03
2.508578014999999772e-01,4.261613950251564968e-03
2.508826829999999952e-01,4.261335884527875199e-03
2.509158544000000268e-01,4.260965164411315530e-03
2.509241466000000087e-01,4.260872491227986857e-03
2.509490214999999802e-01,4.260594484429136054e-03
2.509821841000000053e-01,4.260223844394819305e-03
2.509904741000000272e-01,4.260131190442844988e-03
2.510070533000000048e-01,4.259945890399887726e-03
2.510484962999999792e-01,4.259482683120615829e-03
2.510567840999999856e-01,4.259390049676084478e-03
2.510816458999999834e-01,4.259112161605971454e-03
2.511230765999999948e-01,4.258649065594605036e-03
2.511396470000000214e-01,4.258463845998661408e-03
2.511810682000000239e-01,4.258000836490463334e-03
2.512142002000000152e-01,4.257630474096457500e-03
2.512556090999999991e-01,4.257167577142762470e-03
2.512721708000000276e-01,4.256982435921595996e-03
2.512804511999999768e-01,4.256889867917277789e-03
2.513218492000000026e-01,4.256427069863105012e-03
2.513715176999999912e-01,4.255871794811513960e-03
2.513797949000000087e-01,4.255779257594668151e-03
2.514046247000000234e-01,4.255501661131619144e-03
2.514460022000000183e-01,4.255039047813981463e-03
2.515452805000000236e-01,4.253929032460045112e-03
2.515700939000000136e-01,4.253651583442628198e-03
2.515866348999999946e-01,4.253466630782371666e-03
2.516445196000000051e-01,4.252819372386241331e-03
2.516693233000000252e-01,4.252542013532413685e-03
2.517437196000000266e-01,4.251710069981892368e-03
2.517767776000000013e-01,4.251340382069195879e-03
2.518015681999999922e-01,4.251063141721345834e-03
2.518098312000000005e-01,4.250970732979563078e-03
2.518428804999999771e-01,4.250601123245048400e-03
2.518511421999999889e-01,4.250508728021406245e-03
2.518759254999999864e-01,4.250231553879628074e-03
2.519007064000000073e-01,4.249954402909806445e-03
2.519172256000000165e-01,4.249769647542166184e-03
2.520328298999999772e-01,4.248476639217510682e-03
2.520493404999999965e-01,4.248291963039321426e-03
2.520741042999999904e-01,4.248014967610893797e-03
2.521071189999999906e-01,4.247645674338039815e-03
2.521401293000000154e-01,4.247276422451459581e-03
2.521978870000000095e-01,4.246630323695338265e-03
2.522391344000000091e-01,4.246168899849381458e-03
2.522721273999999902e-01,4.245799805176089618e-03
2.523133626999999879e-01,4.245338491493833022e-03
2.523298548999999835e-01,4.245153984259981451e-03
2.523628360999999876e-01,4.244784998463232810e-03
2.523710806999999723e-01,4.244692757765066403e-03
2.524370280000000077e-01,4.243954924143892790e-03
2.524699952000000192e-01,4.243586065658924190e-03
2.525359166999999738e-01,4.242848468418353169e-03
2.525688709999999726e-01,4.242479729784851862e-03
2.525935838999999739e-01,4.242203201039513108e-03
2.526347666000000047e-01,4.241742369697299418e-03
2.526430023999999830e-01,4.241650210714972835e-03
2.526677079999999909e-01,4.241373748121755188e-03
2.527088786999999726e-01,4.240913027719904298e-03
2.527335779000000060e-01,4.240636624996204848e-03
2.527665063999999795e-01,4.240268122663295482e-03
2.527747378999999905e-01,4.240176002226669384e-03
2.528323505999999776e-01,4.239531235274947470e-03
2.528405798999999732e-01,4.239439136157540332e-03
2.528899500999999828e-01,4.238886588878974966e-03
2.529064046999999760e-01,4.238702426731838675e-03
2.529310846999999751e-01,4.238426202113163878e-03
2.529557621999999895e-01,4.238149997716805090e-03
2.529639873999999788e-01,4.238057934949084234e-03
2.529886617000000060e-01,4.237781762053041690e-03
2.529968859999999764e-01,4.237689709596218803e-03
2.530297801999999985e-01,4.237321522065904886e-03
2.530380031000000196e-01,4.237229481297244589e-03
2.530873348000000078e-01,4.236677289359096037e-03
2.531284373000000087e-01,4.236217197924047398e-03
2.531613144000000037e-01,4.235849167541392082e-03
2.532517045000000078e-01,4.234837289834742988e-03
2.532599201999999883e-01,4.234745315885573604e-03
2.533009947000000039e-01,4.234285482616515287e-03
2.533502751999999747e-01,4.233733763212114976e-03
2.533584877000000235e-01,4.233641818820485167e-03
2.533666998999999920e-01,4.233549877410155461e-03
2.534323881000000167e-01,4.232814428395959006e-03
2.534816430999999870e-01,4.232262945292696206e-03
2.535226816000000216e-01,4.231803443989561389e-03
2.535883293999999788e-01,4.231068368848659236e-03
2.536211468999999830e-01,4.230700890848504772e-03
2.536457571999999883e-01,4.230425307770519470e-03
2.536539601000000199e-01,4.230333452265416273e-03
2.536785672999999908e-01,4.230057898668948893e-03
2.537523744999999886e-01,4.229231370880352434e-03
2.537769720999999978e-01,4.228955905741841291e-03
2.538179629000000270e-01,4.228496846695640674e-03
2.538261601999999839e-01,4.228405041715357048e-03
2.538753388000000166e-01,4.227854267522768335e-03
2.538835342999999911e-01,4.227762479248826748e-03
2.538917294999999963e-01,4.227670694803137112e-03
2.539163137000000070e-01,4.227395355603331614e-03
2.539408953999999774e-01,4.227120037701997783e-03
2.539490888000000002e-01,4.227028269067916247e-03
2.540228173999999894e-01,4.226202472044961363e-03
2.540391986000000157e-01,4.226018987967946824e-03
2.540473887999999958e-01,4.225927249460498247e-03
2.540883359000000175e-01,4.225468595738544886e-03
2.541374638000000186e-01,4.224918291314357435e-03
2.541702103999999851e-01,4.224551470840446493e-03
2.542111376999999783e-01,4.224093000585444832e-03
2.542193224000000029e-01,4.224001314325724100e-03
2.542438747999999915e-01,4.223726269459447506e-03
2.542847903000000076e-01,4.223267909315880572e-03
2.543093363999999745e-01,4.222992922189658035e-03
2.543420608999999999e-01,4.222626308137504385e-03
2.544320314999999888e-01,4.221618320799000110e-03
2.544647401999999836e-01,4.221251853930040911e-03
2.545383193999999905e-01,4.220427445949190455e-03
2.545464935999999789e-01,4.220335856975881289e-03
2.545628410999999924e-01,4.220152686858114240e-03
2.546037052999999828e-01,4.219694805699067755e-03
2.546118773000000113e-01,4.219603236236474549e-03
2.546363918999999809e-01,4.219328543896733695e-03
2.546772442999999941e-01,4.218870772444086557e-03
2.546935834999999870e-01,4.218687680728791523e-03
2.547262585999999773e-01,4.218321526794588557e-03
2.547670966000000203e-01,4.217863889245474646e-03
2.547997623000000100e-01,4.217497822847579743e-03
2.548079280000000169e-01,4.217406313106707161e-03
2.548324236999999770e-01,4.217131796685913252e-03
2.548977342000000035e-01,4.216399860678513717e-03
2.549222212999999737e-01,4.216125426253315017e-03
2.549956684999999945e-01,4.215302251022249626e-03
2.550038278999999797e-01,4.215210799123104979e-03
2.550283049000000024e-01,4.214936458598064761e-03
2.550527793999999848e-01,4.214662140512976350e-03
2.550609370999999959e-01,4.214570706954681376e-03
2.550690944999999821e-01,4.214479273869789835e-03
2.551261890000000032e-01,4.213839317906162805e-03
2.551914242000000166e-01,4.213108087408825100e-03
2.551995774999999966e-01,4.213016694151110707e-03
2.552647940000000171e-01,4.212285637767934458e-03
2.552892458000000087e-01,4.212011532006760574e-03
2.553218447000000224e-01,4.211646092671456759e-03
2.553462911000000113e-01,4.211372038003573931e-03
2.553544394000000217e-01,4.211280692553066515e-03
2.553951769000000205e-01,4.210823995586601698e-03
2.554196163999999936e-01,4.210550007947353249e-03
2.554440533999999818e-01,4.210276041093820830e-03
2.554603435000000200e-01,4.210093408617875468e-03
2.554847767000000269e-01,4.209819479197052759e-03
2.555092075000000018e-01,4.209545571391472632e-03
2.555173506000000261e-01,4.209454273422509954e-03
2.555743448999999723e-01,4.208815257301302092e-03
2.556069074999999802e-01,4.208450159265762769e-03
2.556476047999999834e-01,4.207993841501173581e-03
2.556557434000000240e-01,4.207902584487740669e-03
2.557208436000000251e-01,4.207172622726601530e-03
2.557371159999999866e-01,4.206990157083262925e-03
2.558103292000000195e-01,4.206169179414097348e-03
2.558509941000000065e-01,4.205713166318562901e-03
2.558753899999999804e-01,4.205439588073398190e-03
2.559079141999999751e-01,4.205074849541939018e-03
2.559810785000000144e-01,4.204254332775761091e-03
2.560054620000000170e-01,4.203980872362688553e-03
2.560460958999999925e-01,4.203525150408191600e-03
2.560948480999999943e-01,4.202978366445798628e-03
2.561029725999999784e-01,4.202887243825873323e-03
2.561679591000000089e-01,4.202158353210749819e-03
2.562004460999999789e-01,4.201793966776530033e-03
2.562248086999999730e-01,4.201520702396750392e-03
2.562329289999999982e-01,4.201429619722425735e-03
2.562897643000000003e-01,4.200792103671181950e-03
2.563060005999999724e-01,4.200609979287377865e-03
2.563628196000000137e-01,4.199972617437927776e-03
2.563709356000000161e-01,4.199881574886099589e-03
2.563952820000000021e-01,4.199608463548895956e-03
2.564358541000000269e-01,4.199153327333175929e-03
2.564601942999999995e-01,4.198880274182733262e-03
2.564926444000000250e-01,4.198516238328776212e-03
2.565575320999999853e-01,4.197788280842861160e-03
2.565899697999999840e-01,4.197424361401971664e-03
2.566305112000000221e-01,4.196969516781062434e-03
2.567602005999999881e-01,4.195514420376766397e-03
2.567764072000000009e-01,4.195332577178973420e-03
2.567845100999999741e-01,4.195241659065071342e-03
2.568250208000000256e-01,4.194787105443597598e-03
2.568817250000000052e-01,4.194150832442635445e-03
2.568898245999999830e-01,4.194059945276764831e-03
2.569060228999999751e-01,4.193878180234401898e-03
2.569546120000000267e-01,4.193332941193088879e-03
2.570193830999999984e-01,4.192606093241179298e-03
2.570355732999999865e-01,4.192424403890416922e-03
2.570436680000000029e-01,4.192333563543314788e-03
2.570679506999999919e-01,4.192061057683954366e-03
2.570760443999999811e-01,4.191970226498399621e-03
2.571084167000000087e-01,4.191606928743472384e-03
2.571407848999999746e-01,4.191243669647520473e-03
2.571650583999999795e-01,4.190971250069674102e-03
2.572135984999999736e-01,4.190426477145815613e-03
2.572378651000000183e-01,4.190154122765181455e-03
2.572702170999999760e-01,4.189791018924696013e-03
2.572944784000000262e-01,4.189518716203137309e-03
2.573268231999999989e-01,4.189155679489983339e-03
2.573349086999999757e-01,4.189064926259367105e-03
2.573429939999999916e-01,4.188974176087403162e-03
2.573995841000000229e-01,4.188338989405394203e-03
2.574319157000000136e-01,4.187976078740808517e-03
2.574642433000000064e-01,4.187613207434826880e-03
2.575288861999999734e-01,4.186887579515084605e-03
2.575369653999999842e-01,4.186796887769745311e-03
2.575531231000000032e-01,4.186615509508263139e-03
2.575854354000000068e-01,4.186252783355704638e-03
2.576258201000000136e-01,4.185799429059497596e-03
2.576500479000000121e-01,4.185527445749529819e-03
2.576823481000000138e-01,4.185164835989825874e-03
2.576904225000000159e-01,4.185074188751886082e-03
2.577953667999999809e-01,4.183896004861697299e-03
2.578195786999999961e-01,4.183624173682772528e-03
2.578437882999999875e-01,4.183352364410881236e-03
2.578518576000000118e-01,4.183261767410759689e-03
2.579244705000000026e-01,4.182446491840036834e-03
2.579809330000000234e-01,4.181812525392930580e-03
2.580131916999999775e-01,4.181450311617749584e-03
2.580373831000000173e-01,4.181178676984932327e-03
2.580454463999999892e-01,4.181088136196389575e-03
2.580696348000000029e-01,4.180816531438628740e-03
2.581180048000000227e-01,4.180273384039316815e-03
2.581824839999999899e-01,4.179549324308334812e-03
2.581986012999999969e-01,4.179368333099642632e-03
2.582066595999999992e-01,4.179277841834084552e-03
2.582388901000000070e-01,4.178915898408676506e-03
2.582711166000000169e-01,4.178553993874681988e-03
2.583033390999999734e-01,4.178192128625318573e-03
2.583113940999999802e-01,4.178101667604648684e-03
2.583597188000000267e-01,4.177558955406938945e-03
2.583758251000000117e-01,4.177378071411614290e-03
2.583999825000000139e-01,4.177106762083692901e-03
2.584563410999999866e-01,4.176473791968645169e-03
2.584965898000000095e-01,4.176021743733319969e-03
2.585287841999999725e-01,4.175660148764606845e-03
2.585690214999999959e-01,4.175208207816377519e-03
2.585931609000000075e-01,4.174937072981808189e-03
2.586172981000000037e-01,4.174665958497953029e-03
2.586253432999999768e-01,4.174575593243757751e-03
2.586896960999999773e-01,4.173852749076550385e-03
2.587138241999999977e-01,4.173581722730067625e-03
2.587218664000000001e-01,4.173491384847423553e-03
2.587620736999999838e-01,4.173039733556861003e-03
2.588183534999999869e-01,4.172407523523050804e-03
2.588505079000000264e-01,4.172046313081810044e-03
2.588826583000000126e-01,4.171685142441850479e-03
2.588906952000000206e-01,4.171594855899496933e-03
2.589148047000000008e-01,4.171324009065725293e-03
2.590754766999999736e-01,4.169518922458475586e-03
2.590835076999999931e-01,4.169428694078634173e-03
2.590995689999999740e-01,4.169248243046552900e-03
2.591075991999999828e-01,4.169158021484556387e-03
2.591316884000000043e-01,4.168887370914772447e-03
2.591477467000000146e-01,4.168706947731414501e-03
2.591718322000000074e-01,4.168436333638540596e-03
2.591959153999999765e-01,4.168165740503311165e-03
2.592039427000000229e-01,4.168075547201246372e-03
2.592681518000000129e-01,4.167354090316376623e-03
2.592761767999999800e-01,4.167263918369547987e-03
2.593243217000000267e-01,4.166722941496080190e-03
2.593403679999999878e-01,4.166542634920528121e-03
2.593564133999999854e-01,4.166362338073102342e-03
2.593644355999999984e-01,4.166272193297172917e-03
2.594687028000000062e-01,4.165100528352689430e-03
2.594847402000000081e-01,4.164920309199699605e-03
2.595328464000000168e-01,4.164379706624331268e-03
2.595568961999999980e-01,4.164109438011956606e-03
2.595889591000000163e-01,4.163749112608911354e-03
2.596130036000000030e-01,4.163478895376605295e-03
2.596450596000000055e-01,4.163118637419470011e-03
2.596530729000000037e-01,4.163028579295949792e-03
2.596610860999999937e-01,4.162938523991438489e-03
2.597091596000000169e-01,4.162398238701499852e-03
2.597171710000000244e-01,4.162308199373992122e-03
2.597251821000000072e-01,4.162218161993126893e-03
2.597812532000000063e-01,4.161587971673402775e-03
2.597892623999999984e-01,4.161497954742917650e-03
2.598693404999999901e-01,4.160597911133123196e-03
2.598773468999999725e-01,4.160507919326083930e-03
2.599013647999999788e-01,4.160237961675446530e-03
2.599173754999999919e-01,4.160058000855764576e-03
2.599413897000000251e-01,4.159788077130059485e-03
2.599734050999999990e-01,4.159428213615005629e-03
2.600054166999999916e-01,4.159068388150469371e-03
2.600374241999999780e-01,4.158708600730458109e-03
2.600454254999999826e-01,4.158618660077691501e-03
2.600694278999999831e-01,4.158348851878049084e-03
2.601654151000000192e-01,4.157269836339076013e-03
2.602213912999999934e-01,4.156640570205123210e-03
2.602293869999999787e-01,4.156550683195507287e-03
2.602533723000000077e-01,4.156281040795750843e-03
2.602613670000000212e-01,4.156191165452391423e-03
2.603253152000000181e-01,4.155472243096515472e-03
2.603492917999999934e-01,4.155202687069798825e-03
2.603652748999999988e-01,4.155022994567764485e-03
2.603812570999999854e-01,4.154843312266540828e-03
2.604291977000000036e-01,4.154304321171701370e-03
2.604531647000000172e-01,4.154034857718255820e-03
2.605809512999999744e-01,4.152598085726699577e-03
2.606208717999999869e-01,4.152149220514999434e-03
2.606448211999999875e-01,4.151879929967459623e-03
2.606687683000000200e-01,4.151610661147105835e-03
2.607086753999999784e-01,4.151161927521961580e-03
2.607326166000000223e-01,4.150892715070098396e-03
2.607405965999999853e-01,4.150802982329258178e-03
2.608363368000000126e-01,4.149726380229488802e-03
2.608762182000000096e-01,4.149277896528005306e-03
2.609240679000000007e-01,4.148739795867643736e-03
2.609320419999999752e-01,4.148650121119716941e-03
2.609400157999999803e-01,4.148560448913805355e-03
2.609958258999999781e-01,4.147932806514272909e-03
2.610037977999999925e-01,4.147843152847625198e-03
2.610197408000000108e-01,4.147663852772280960e-03
2.610914724999999770e-01,4.146857121560512845e-03
2.611153787000000115e-01,4.146588252490430136e-03
2.611233468999999974e-01,4.146498635442031656e-03
2.611472502000000140e-01,4.146229796280195834e-03
2.611870841000000221e-01,4.145781779308935384e-03
2.612428413999999810e-01,4.145154655307893739e-03
2.612826608000000106e-01,4.144706781405572797e-03
2.613145118999999905e-01,4.144348524628909715e-03
2.613782023999999815e-01,4.143632127606620974e-03
2.613861626999999799e-01,4.143542587604951734e-03
2.614020824000000132e-01,4.143363517269644386e-03
2.614100419000000008e-01,4.143273986218291328e-03
2.614339189000000063e-01,4.143005404265649554e-03
2.614418774999999751e-01,4.142915881946719267e-03
2.615055370000000101e-01,4.142199788509206768e-03
2.615691810999999922e-01,4.141483849740906602e-03
2.615771355000000020e-01,4.141394367950344303e-03
2.616248568999999802e-01,4.140857525910963607e-03
2.616566664000000153e-01,4.140499679952869792e-03
2.616646181000000237e-01,4.140410224291797558e-03
2.616884718999999970e-01,4.140141872881275900e-03
2.617600204000000153e-01,4.139336943710804351e-03
2.617679689999999892e-01,4.139247518754006309e-03
2.618315492000000133e-01,4.138532208255196396e-03
2.618553878000000057e-01,4.138264005914453827e-03
2.618871693000000000e-01,4.137906435961150216e-03
2.619110028000000145e-01,4.137638282961894273e-03
2.619427775000000014e-01,4.137280780845601844e-03
2.619586634000000136e-01,4.137102042903364162e-03
2.619824904999999982e-01,4.136833955448876617e-03
2.620221973999999898e-01,4.136387188692493971e-03
2.620460186999999941e-01,4.136119157782320796e-03
2.620777770000000118e-01,4.135761816237172421e-03
2.621412820999999838e-01,4.135047248066423507e-03
2.621650924999999743e-01,4.134779323655384496e-03
2.622365108999999972e-01,4.133975680244592228e-03
2.622603126999999978e-01,4.133707841058987566e-03
2.622682460999999909e-01,4.133618566433117786e-03
2.622920450999999820e-01,4.133350756796652301e-03
2.623396364000000203e-01,4.132815202175127954e-03
2.624030781000000201e-01,4.132101260887382013e-03
2.624506494000000134e-01,4.131565903988668013e-03
2.624585770999999790e-01,4.131476686129478999e-03
2.625219899999999829e-01,4.130763031472806969e-03
2.625299155999999967e-01,4.130673834727071822e-03
2.625457659000000055e-01,4.130495449593358723e-03
2.625536908000000169e-01,4.130406259963984028e-03
2.625933113000000207e-01,4.129960349520109264e-03
2.626170808000000134e-01,4.129692831458214690e-03
2.626487699999999759e-01,4.129336174536164111e-03
2.626725344999999989e-01,4.129068706821227043e-03
2.627200568999999986e-01,4.128533834696929833e-03
2.627438148999999834e-01,4.128266431628183075e-03
2.627675707000000083e-01,4.127999049236834479e-03
2.627834068000000078e-01,4.127820806471544854e-03
2.627992418000000274e-01,4.127642572390176866e-03
2.628388253999999757e-01,4.127197029748190006e-03
2.628704879000000050e-01,4.126840638054872501e-03
2.629021465999999974e-01,4.126484284480791062e-03
2.629258881000000048e-01,4.126217045405052714e-03
2.629338015000000084e-01,4.126127969243516443e-03
2.630524734999999947e-01,4.124792124228704969e-03
2.630920189000000020e-01,4.124346961448414894e-03
2.630999272999999805e-01,4.124257936092224665e-03
2.631473724999999764e-01,4.123723831735320519e-03
2.631552791999999807e-01,4.123634822182017934e-03
2.631631857000000241e-01,4.123545816197956605e-03
2.631869036000000217e-01,4.123278810729660675e-03
2.632106195000000204e-01,4.123011826353067781e-03
2.632185242999999786e-01,4.122922836122241974e-03
2.632264288999999757e-01,4.122833848744229639e-03
2.632817541999999955e-01,4.122211000938754907e-03
2.632896569000000020e-01,4.122122032414170939e-03
2.633054615000000043e-01,4.121944102788671453e-03
2.633133635000000083e-01,4.121855141088566835e-03
2.633528696999999918e-01,4.121410368161088252e-03
2.634002693999999978e-01,4.120876719379466466e-03
2.634081684999999839e-01,4.120787785856228069e-03
2.634397626000000159e-01,4.120432077203760139e-03
2.635424171999999898e-01,4.119276284094389347e-03
2.635661011000000054e-01,4.119009619988729491e-03
2.636529236999999859e-01,4.118032030626578299e-03
2.636608152000000094e-01,4.117943173006795299e-03
2.636687065000000163e-01,4.117854318237416239e-03
2.636844884000000278e-01,4.117676614159532927e-03
2.637160493999999855e-01,4.117321237307373580e-03
2.637318284999999873e-01,4.117143561772041403e-03
2.637554952999999758e-01,4.116877067263131386e-03
2.637949352999999775e-01,4.116432956320201578e-03
2.638107096999999790e-01,4.116255330019936813e-03
2.638501415000000239e-01,4.115811301600190604e-03
2.638816826000000004e-01,4.115456122216204146e-03
2.639211038000000009e-01,4.115012201255362559e-03
2.639447536000000261e-01,4.114745875749804653e-03
2.639762835000000196e-01,4.114390810351113356e-03
2.640078095999999763e-01,4.114035782538810922e-03
2.640472119000000228e-01,4.113592048816918506e-03
2.640708505000000095e-01,4.113325838536615285e-03
2.641102433999999999e-01,4.112882200177392887e-03
2.641653836000000255e-01,4.112261206593617081e-03
2.642205122999999878e-01,4.111640327049756807e-03
2.642362612999999971e-01,4.111462955405915595e-03
2.642598829000000205e-01,4.111196913649436610e-03
2.642835024999999893e-01,4.110930892932880033e-03
2.642913752000000116e-01,4.110842224929639119e-03
2.644173067000000210e-01,4.109423847744785897e-03
2.644409121999999890e-01,4.109157969522029934e-03
2.644487803000000192e-01,4.109069347477229198e-03
2.644881169000000143e-01,4.108626275137704058e-03
2.645667725999999997e-01,4.107740307783488282e-03
2.646060916999999901e-01,4.107297412407046218e-03
2.646375427000000058e-01,4.106943139272027123e-03
2.647004336000000069e-01,4.106234703187260429e-03
2.647240138999999992e-01,4.105969079746943536e-03
2.647868842000000167e-01,4.105260852425630415e-03
2.648025995000000132e-01,4.105083818599655765e-03
2.648575954999999871e-01,4.104464276546655743e-03
2.648654511999999905e-01,4.104375778641677561e-03
2.648890166999999796e-01,4.104110303730281600e-03
2.649204341999999990e-01,4.103756368418811154e-03
2.649282880000000118e-01,4.103667889669991402e-03
2.649439948000000267e-01,4.103490941080910684e-03
2.651088608000000124e-01,4.101633549145996399e-03
2.651402521999999817e-01,4.101279876607386715e-03
2.651716398999999780e-01,4.100926242293219739e-03
2.651951781999999924e-01,4.100661041956137585e-03
2.652030239000000011e-01,4.100572645556797499e-03
2.652265594000000060e-01,4.100307472895525773e-03
2.652657807000000090e-01,4.099865565763747763e-03
2.652971534999999936e-01,4.099512081989435675e-03
2.653206806999999778e-01,4.099246993671552992e-03
2.653598880999999965e-01,4.098805227566503472e-03
2.653677287999999801e-01,4.098716882144703283e-03
2.653912498000000064e-01,4.098451857110809761e-03
2.654147686000000173e-01,4.098186854132695317e-03
2.654304466999999890e-01,4.098010196119753271e-03
2.654774753999999959e-01,4.097480280494820645e-03
2.654853126999999757e-01,4.097391969673925931e-03
2.654931497999999945e-01,4.097303660922463515e-03
2.655480028000000159e-01,4.096685565738535095e-03
2.655558379999999885e-01,4.096597276127071294e-03
2.655793423000000208e-01,4.096332419596102926e-03
2.656185114999999874e-01,4.095891041263531596e-03
2.656655068000000064e-01,4.095361463029141558e-03
2.656968324999999798e-01,4.095008457299809806e-03
2.657046632999999769e-01,4.094920212668174027e-03
2.657438140000000226e-01,4.094479020840860115e-03
2.657907871999999894e-01,4.093949668200002646e-03
2.658064431000000116e-01,4.093773236615867728e-03
2.658299251999999835e-01,4.093508605007930949e-03
2.659238329999999983e-01,4.092450294851187817e-03
2.659316570999999962e-01,4.092362116944159647e-03
2.659785971999999998e-01,4.091833101868622494e-03
2.659864196999999764e-01,4.091744940804355885e-03
2.659942419999999919e-01,4.091656781490828586e-03
2.660489917000000148e-01,4.091039737218166161e-03
2.660724523999999924e-01,4.090775325045347896e-03
2.661428221000000094e-01,4.089982211996870398e-03
2.661819084000000002e-01,4.089541677755511792e-03
2.662053574000000089e-01,4.089277383239091172e-03
2.662288043000000104e-01,4.089013111052799618e-03
2.662366194999999935e-01,4.088925025777522676e-03
2.662991326999999964e-01,4.088220420357420795e-03
2.663069457999999723e-01,4.088132355939199519e-03
2.663225712999999772e-01,4.087956232229670618e-03
2.663928749999999734e-01,4.087163795338303457e-03
2.664163053999999975e-01,4.086899691779977660e-03
2.664241151000000252e-01,4.086811661572576325e-03
2.664475426999999841e-01,4.086547585382935971e-03
2.664865842999999956e-01,4.086107506217246353e-03
2.665178134000000254e-01,4.085755484235952494e-03
2.665568447000000174e-01,4.085315510696195355e-03
2.665802607000000157e-01,4.085051553637508368e-03
2.666192828000000237e-01,4.084611672576297751e-03
2.666817062999999877e-01,4.083907984853404893e-03
2.666973099000000125e-01,4.083732086447663771e-03
2.667051113000000195e-01,4.083644140211261861e-03
2.667285142999999970e-01,4.083380316178107303e-03
2.667675146999999858e-01,4.082940657538144773e-03
2.667909122000000077e-01,4.082676890580842939e-03
2.668299035000000208e-01,4.082237325588441469e-03
2.668610925000000078e-01,4.081885714626250043e-03
2.668922778000000218e-01,4.081534142167999105e-03
2.669546374000000277e-01,4.080831107185729084e-03
2.669780185000000250e-01,4.080567508599002545e-03
2.670481496000000066e-01,4.079776836685050471e-03
2.670715224999999915e-01,4.079513320767093332e-03
2.670793129999999849e-01,4.079425487054008474e-03
2.671182622000000118e-01,4.078986352596655589e-03
2.671727815000000117e-01,4.078371663461968430e-03
2.671805690999999872e-01,4.078283859696338678e-03
2.671961435999999912e-01,4.078108259196203123e-03
2.672350756999999910e-01,4.077669300026407276e-03
2.672428614999999841e-01,4.077581515203310830e-03
2.672662174000000057e-01,4.077318175414876983e-03
2.672895712000000201e-01,4.077054855944046638e-03
2.673051392999999942e-01,4.076879321170770801e-03
2.673207065000000049e-01,4.076703795568447156e-03
2.673284898000000132e-01,4.076616037182323980e-03
2.673596206000000142e-01,4.076265023005848018e-03
2.674296514999999763e-01,4.075475378896736313e-03
2.674452115000000019e-01,4.075299928329045689e-03
2.674529910999999816e-01,4.075212205789186838e-03
2.674918859000000038e-01,4.074773632097212529e-03
2.675152199999999980e-01,4.074510514889106115e-03
2.676085362999999773e-01,4.073458256978630503e-03
2.676163112000000122e-01,4.073370583765684866e-03
2.676629556999999826e-01,4.072844595183811901e-03
2.676707291000000044e-01,4.072756937186079035e-03
2.676785020999999931e-01,4.072669282930101338e-03
2.677018199999999792e-01,4.072406334459220505e-03
2.677251359000000219e-01,4.072143404994546870e-03
2.677329073999999975e-01,4.072055767462152628e-03
2.678649882999999954e-01,4.070566274617693457e-03
2.678882899999999734e-01,4.070303492896786696e-03
2.679814763000000211e-01,4.069252575550418721e-03
2.679892403999999950e-01,4.069165013825817682e-03
2.680125312000000148e-01,4.068902342396173155e-03
2.680513447999999799e-01,4.068464605754042347e-03
2.681755104999999917e-01,4.067064235557693586e-03
2.681910271999999873e-01,4.066889231946971793e-03
2.681987852000000117e-01,4.066801733000471181e-03
2.682220578000000244e-01,4.066539251224073753e-03
2.682298148999999743e-01,4.066451762026305344e-03
2.682608410999999804e-01,4.066101827860003556e-03
2.682918636000000134e-01,4.065751929965273452e-03
2.682996187000000199e-01,4.065664462070470511e-03
2.683151281999999749e-01,4.065489531340386875e-03
2.683538979999999796e-01,4.065052246431400881e-03
2.683616513000000037e-01,4.064964796871072504e-03
2.684081662999999729e-01,4.064440145368750784e-03
2.684391718999999954e-01,4.064090424980242207e-03
2.684469226999999791e-01,4.064002999551434396e-03
2.684701737999999893e-01,4.063740740842937058e-03
2.684779237000000096e-01,4.063653325850552674e-03
2.685476631000000003e-01,4.062866693348158448e-03
2.685709055000000123e-01,4.062604525035770978e-03
2.686096383000000087e-01,4.062167622288874284e-03
2.686328754000000263e-01,4.061905508389058485e-03
2.686638550000000070e-01,4.061556056778431803e-03
2.686870874000000242e-01,4.061293993060075685e-03
2.687180606999999832e-01,4.060944605541425521e-03
2.687335459999999898e-01,4.060769925101159403e-03
2.687567724000000102e-01,4.060507923268284400e-03
2.687954785000000180e-01,4.060071299954851921e-03
2.688573966000000204e-01,4.059372821765235180e-03
2.689115632999999894e-01,4.058761775841758165e-03
2.689193005000000136e-01,4.058674492681004463e-03
2.689657191000000003e-01,4.058150841773983802e-03
2.689811901999999977e-01,4.057976309910606323e-03
2.690043951000000155e-01,4.057714530553755035e-03
2.690353319000000076e-01,4.057365523807215761e-03
2.690585321999999779e-01,4.057103792862869381e-03
2.690662651999999877e-01,4.057016552703405707e-03
2.690971949000000030e-01,4.056667619488374572e-03
2.691281211000000062e-01,4.056318723501847572e-03
2.691513132999999725e-01,4.056057074870323548e-03
2.691667736999999727e-01,4.055882655111334341e-03
2.692208782000000133e-01,4.055272255580495526e-03
2.692749717999999848e-01,4.054661970171724410e-03
2.692826984999999729e-01,4.054574796499484449e-03
2.692904251000000082e-01,4.054487625274798800e-03
2.693058775000000127e-01,4.054313286564715027e-03
2.693136033999999901e-01,4.054226122202087175e-03
2.693445046999999870e-01,4.053877484422310426e-03
2.693985734000000076e-01,4.053267458316505562e-03
2.694294649000000264e-01,4.052918923183795874e-03
2.694680743999999795e-01,4.052483304265209335e-03
2.694757956000000121e-01,4.052396188360709618e-03
2.695529957000000199e-01,4.051525149447189264e-03
2.696533227999999838e-01,4.050393143405687721e-03
2.696610387999999747e-01,4.050306082626469947e-03
2.696764698999999932e-01,4.050131966947060833e-03
2.696841851999999817e-01,4.050044913775964657e-03
2.697227582000000234e-01,4.049609675928255229e-03
2.697458992999999805e-01,4.049348562245752917e-03
2.697690385000000024e-01,4.049087467787842141e-03
2.697767510999999896e-01,4.049000442776684756e-03
2.697998876000000101e-01,4.048739375999254285e-03
2.698384441000000189e-01,4.048304313259613527e-03
2.698461547000000071e-01,4.048217306854930142e-03
2.699001228999999835e-01,4.047608330453201543e-03
2.699078317999999976e-01,4.047521343800495990e-03
2.699309570999999797e-01,4.047260395747813433e-03
2.700311436999999759e-01,4.046129858320423288e-03
2.700465537999999777e-01,4.045955964690894392e-03
2.700542584000000246e-01,4.045869021517907796e-03
2.700927786000000275e-01,4.045434338351152313e-03
2.701158880000000262e-01,4.045173556313664404e-03
2.701389954999999787e-01,4.044912794420770820e-03
2.701698023999999920e-01,4.044565144602477527e-03
2.701775035000000269e-01,4.044478237265050277e-03
2.702083060000000092e-01,4.044130633996507150e-03
2.702622018999999987e-01,4.043522416404137648e-03
2.703006923999999866e-01,4.043088043684227480e-03
2.703314808999999763e-01,4.042740586952325681e-03
2.703853521999999843e-01,4.042132626542995801e-03
2.703930472000000140e-01,4.042045785820524290e-03
2.704238252000000231e-01,4.041698438816781341e-03
2.704469063000000117e-01,4.041437953857410746e-03
2.704853704999999886e-01,4.041003858126178232e-03
2.705161380000000171e-01,4.040656622454225425e-03
2.705238293000000183e-01,4.040569819823072208e-03
2.705392112000000182e-01,4.040396219819166260e-03
2.705776623000000214e-01,4.039962261626678895e-03
2.706084193000000138e-01,4.039615137347986155e-03
2.706468604999999750e-01,4.039181281404546561e-03
2.707006691000000131e-01,4.038573981647803138e-03
2.707852037999999850e-01,4.037619880969055622e-03
2.708543489999999943e-01,4.036839459945791922e-03
2.709081163000000014e-01,4.036232594913395297e-03
2.709388356999999914e-01,4.035885864161421581e-03
2.709541940999999898e-01,4.035712513453759004e-03
2.709772301000000216e-01,4.035452503559351471e-03
2.710079416999999768e-01,4.035105856273603873e-03
2.710156189999999854e-01,4.035019200529559036e-03
2.710693544000000177e-01,4.034412672971165147e-03
2.710770299999999966e-01,4.034326034981321196e-03
2.711307532000000187e-01,4.033719635194349222e-03
2.711384271000000235e-01,4.033633015822376405e-03
2.711614473999999775e-01,4.033373171950838804e-03
2.711844657999999963e-01,4.033113348670020436e-03
2.711998103000000104e-01,4.032940144406447353e-03
2.712458385000000027e-01,4.032420585776631296e-03
2.712535091000000120e-01,4.032334001301091445e-03
2.712765196999999961e-01,4.032074259376715493e-03
2.713148663000000127e-01,4.031641403252607392e-03
2.713225349000000231e-01,4.031554839774939385e-03
2.713455396000000186e-01,4.031295160271666442e-03
2.713838764000000014e-01,4.030862407161012011e-03
2.714298734999999740e-01,4.030343181175066736e-03
2.714375388999999972e-01,4.030256650436473201e-03
2.714988543999999893e-01,4.029564492994426768e-03
2.715065179000000217e-01,4.029477984218520110e-03
2.715678179000000081e-01,4.028785993375010727e-03
2.715908018000000035e-01,4.028526533312508026e-03
2.716137836999999999e-01,4.028267095448250304e-03
2.716214439999999897e-01,4.028180619714277419e-03
2.716291040000000101e-01,4.028094147135116883e-03
2.716827179999999897e-01,4.027488902385486721e-03
2.716903762999999805e-01,4.027402447878141063e-03
2.717133498000000036e-01,4.027143099113452210e-03
2.717363213999999805e-01,4.026883771586874453e-03
2.717669471999999975e-01,4.026538031321245589e-03
2.717746031000000118e-01,4.026451602911778997e-03
2.718052246000000061e-01,4.026105907941256341e-03
2.718358425999999883e-01,4.025760251887678873e-03
2.718664572000000224e-01,4.025414631190941256e-03
2.718894157999999783e-01,4.025155439804356874e-03
2.719200244000000155e-01,4.024809883486616183e-03
2.719353273999999820e-01,4.024637118707927348e-03
2.719888810000000157e-01,4.024032515081112614e-03
2.720500723000000010e-01,4.023341676439214261e-03
2.720577202000000194e-01,4.023255331503818207e-03
2.720806626999999756e-01,4.022996311486010633e-03
2.721418333000000245e-01,4.022305693550495137e-03
2.721647688000000120e-01,4.022046748964417870e-03
2.722412062999999827e-01,4.021183749331412247e-03
2.722564912000000059e-01,4.021011176909197911e-03
2.723481826999999966e-01,4.019975932996135495e-03
2.723787396999999832e-01,4.019630925358445850e-03
2.724169310999999816e-01,4.019199716710324978e-03
2.724245686999999805e-01,4.019113482528416902e-03
2.724474802999999890e-01,4.018854790702826654e-03
2.725391075999999968e-01,4.017820233518307194e-03
2.726078077999999905e-01,4.017044529067796514e-03
2.726307041000000098e-01,4.016786003330725940e-03
2.726612293999999825e-01,4.016441332962607941e-03
2.726688601999999739e-01,4.016355170617596539e-03
2.727146403999999857e-01,4.015838248426328860e-03
2.727222697000000196e-01,4.015752102454490241e-03
2.727451564000000217e-01,4.015493678016258776e-03
2.727832964999999943e-01,4.015063016774931409e-03
2.727909237999999736e-01,4.014976891433139940e-03
2.728138046999999955e-01,4.014718528697195851e-03
2.728519352000000064e-01,4.014287969860854018e-03
2.728748108999999866e-01,4.014029662283179374e-03
2.728976847999999844e-01,4.013771375414555524e-03
2.729358035000000182e-01,4.013340941958098984e-03
2.729662947000000006e-01,4.012996636181332018e-03
2.729891609000000274e-01,4.012738430044392526e-03
2.729967824999999793e-01,4.012652366906946030e-03
2.730348874999999897e-01,4.012222081666331867e-03
2.730882253999999953e-01,4.011619778606899563e-03
2.731110814000000109e-01,4.011361681319597708e-03
2.731491703999999743e-01,4.010931567177977893e-03
2.732101016999999854e-01,4.010243501985337120e-03
2.732177171999999876e-01,4.010157504538372324e-03
2.732710194999999898e-01,4.009555583062639553e-03
2.732786333000000178e-01,4.009469603998488257e-03
2.733319236999999791e-01,4.008867809322602151e-03
2.733547592000000193e-01,4.008609930939910013e-03
2.733623707000000236e-01,4.008523976283111592e-03
2.733852037000000235e-01,4.008266126722420664e-03
2.734232544999999903e-01,4.007836421612172989e-03
2.734765167000000052e-01,4.007234929246905261e-03
2.734841248000000058e-01,4.007149012557226740e-03
2.735145547999999760e-01,4.006805361356230964e-03
2.735221617999999966e-01,4.006719453976359709e-03
2.735449815000000062e-01,4.006461746498064108e-03
2.735677993000000252e-01,4.006204060338313527e-03
2.735830101000000236e-01,4.006032281322415532e-03
2.736058246999999999e-01,4.005774627811244971e-03
2.736286373999999855e-01,4.005516995623409869e-03
2.736894619999999945e-01,4.004830076740244389e-03
2.737046659999999854e-01,4.004658369323309264e-03
2.737274705000000141e-01,4.004400826366518590e-03
2.737654736999999838e-01,4.003971632517442335e-03
2.737882730999999792e-01,4.003714142533508664e-03
2.738414643000000037e-01,4.003113414824315507e-03
2.738870486000000160e-01,4.002598593091932777e-03
2.739098379000000083e-01,4.002341213611431033e-03
2.739706000000000086e-01,4.001654965522368108e-03
2.740009760000000072e-01,4.001311897210087926e-03
2.740313487000000103e-01,4.000968863746174123e-03
2.740617180000000097e-01,4.000625866266204443e-03
2.740693097999999939e-01,4.000540123188289776e-03
2.740844927000000153e-01,4.000368644016182203e-03
2.741148561000000261e-01,4.000025709415490696e-03
2.741300366000000155e-01,3.999854257866496121e-03
2.741528057000000018e-01,3.999597094057978988e-03
2.741755727999999892e-01,3.999339953182982389e-03
2.741831614999999944e-01,3.999254242774107938e-03
2.742059262000000053e-01,3.998997128946352522e-03
2.742742087999999745e-01,3.998225905063810572e-03
2.742969659000000227e-01,3.997968872756474910e-03
2.743045512000000241e-01,3.997883200039753678e-03
2.743121363000000090e-01,3.997797529132161680e-03
2.743348903000000227e-01,3.997540528749904051e-03
2.743652259000000093e-01,3.997197894218655796e-03
2.744258871999999960e-01,3.996512736056234867e-03
2.744334689999999854e-01,3.996427101249480467e-03
2.744486318000000091e-01,3.996255837820086518e-03
2.746077907000000207e-01,3.994458126546670054e-03
2.746153673999999767e-01,3.994372546158178952e-03
2.746380963000000230e-01,3.994115818148362765e-03
2.746759735000000036e-01,3.993687983681199968e-03
2.746986973000000165e-01,3.993431310580976279e-03
2.748122882999999850e-01,3.992148248815656497e-03
2.748198593000000245e-01,3.992062729524453214e-03
2.748425711999999965e-01,3.991806183848326840e-03
2.748501414999999781e-01,3.991720673701079115e-03
2.748577114999999904e-01,3.991635166163490407e-03
2.749182640999999760e-01,3.990951182654686041e-03
2.749712367000000102e-01,3.990352816864205579e-03
2.750015022000000253e-01,3.990010942171316223e-03
2.750393293000000239e-01,3.989583650891878261e-03
2.750544588000000124e-01,3.989412749581117135e-03
2.750620230999999971e-01,3.989327301536723519e-03
2.750847150999999879e-01,3.989070975255378133e-03
2.750922786000000175e-01,3.988985536337934582e-03
2.751754640999999890e-01,3.988045866666534503e-03
2.752661831000000059e-01,3.987021083969979722e-03
2.752964162000000048e-01,3.986679562574941410e-03
2.753342027999999830e-01,3.986252711306293404e-03
2.753417595000000051e-01,3.986167346630336943e-03
2.753946507000000210e-01,3.985569865599555145e-03
2.754022057000000134e-01,3.985484519449539881e-03
2.754248696000000107e-01,3.985228495974925574e-03
2.754550853000000132e-01,3.984887164060314270e-03
2.754626385999999760e-01,3.984801835959399414e-03
2.755155066000000152e-01,3.984204607433762015e-03
2.755381611000000119e-01,3.983948686106417517e-03
2.755457123000000230e-01,3.983863383260749340e-03
2.755683642999999794e-01,3.983607488722345699e-03
2.755834647000000026e-01,3.983436903461442732e-03
2.756061136999999883e-01,3.983181043490308278e-03
2.756363095000000096e-01,3.982839926825715304e-03
2.756665019000000272e-01,3.982498845556849479e-03
2.756966909999999937e-01,3.982157802248253997e-03
2.757042377999999738e-01,3.982072547420100264e-03
2.757268768999999731e-01,3.981816793893718127e-03
2.757646045000000101e-01,3.981390584065849954e-03
2.757872385999999842e-01,3.981134886205182043e-03
2.758098708999999760e-01,3.980879207761241038e-03
2.758174145999999771e-01,3.980793987076284256e-03
2.758777565000000154e-01,3.980112293636584725e-03
2.759003812999999972e-01,3.979856697545155683e-03
2.759682446999999761e-01,3.979090027527693030e-03
2.760059394000000110e-01,3.978664176626281988e-03
2.760587031999999774e-01,3.978068083357115883e-03
2.760662401000000266e-01,3.977982934946742988e-03
2.760888495000000109e-01,3.977727506394752865e-03
2.761114570000000046e-01,3.977472098818810031e-03
2.761265277000000129e-01,3.977301837339661944e-03
2.761415975000000023e-01,3.977131585090607109e-03
2.761491321000000276e-01,3.977046463173103744e-03
2.761792685000000191e-01,3.976705994958338458e-03
2.762470632999999842e-01,3.975940073666667240e-03
2.762696579000000208e-01,3.975684807286760172e-03
2.762922506000000111e-01,3.975429559739044119e-03
2.763073113999999775e-01,3.975259406179238765e-03
2.763600177000000158e-01,3.974663942642769204e-03
2.763826031000000127e-01,3.974408776077797099e-03
2.764277681999999792e-01,3.973898505770953778e-03
2.764503480000000124e-01,3.973643400300859094e-03
2.764804516000000101e-01,3.973303291671241924e-03
2.765331248999999825e-01,3.972708188265536115e-03
2.765481725999999751e-01,3.972538179056215452e-03
2.766008329999999904e-01,3.971943216858034482e-03
2.766083550999999807e-01,3.971858231056397091e-03
2.766233987000000227e-01,3.971688267300071962e-03
2.766685245000000126e-01,3.971178426777025733e-03
2.766910846999999785e-01,3.970923536620043874e-03
2.767211620000000205e-01,3.970583716039059394e-03
2.767512361000000198e-01,3.970243930683974368e-03
2.767813069000000237e-01,3.969904181070407594e-03
2.768113743999999765e-01,3.969564467590923525e-03
2.768489543000000053e-01,3.969139874903395392e-03
2.768714997000000233e-01,3.968885147265856748e-03
2.769541507000000125e-01,3.967951317699661661e-03
2.769616631999999856e-01,3.967866436506794700e-03
2.769691754999999977e-01,3.967781559052551733e-03
2.770142449999999923e-01,3.967272337759254579e-03
2.770292664999999821e-01,3.967102615989216360e-03
2.770743263000000067e-01,3.966593501369300272e-03
2.770893445000000010e-01,3.966423815481438624e-03
2.771419021000000038e-01,3.965829982490811506e-03
2.771719304999999967e-01,3.965490700118500834e-03
2.771944497000000118e-01,3.965236261032358510e-03
2.772544919000000108e-01,3.964557854835667160e-03
2.772619962999999799e-01,3.964473063626677320e-03
2.772920117000000073e-01,3.964133923268465913e-03
2.773220238999999920e-01,3.963794818037136812e-03
2.773295264000000260e-01,3.963710049095798237e-03
2.773445308999999970e-01,3.963540514127577088e-03
2.773520327999999813e-01,3.963455749894447162e-03
2.773895393999999959e-01,3.963031964302195925e-03
2.774120408999999898e-01,3.962777720213236064e-03
2.774345406000000014e-01,3.962523495620623448e-03
2.774420401000000092e-01,3.962438758531646767e-03
2.774645372999999804e-01,3.962184561021209195e-03
2.774945308000000277e-01,3.961845663272014866e-03
2.775020287000000141e-01,3.961760943305627988e-03
2.775545080999999858e-01,3.961167971915843626e-03
2.775620044000000064e-01,3.961083270599378633e-03
2.775695004000000021e-01,3.960998571350056105e-03
2.775919873000000093e-01,3.960744488953548206e-03
2.776219670999999778e-01,3.960405740995568032e-03
2.776894095999999923e-01,3.959643692334795934e-03
2.777043946000000152e-01,3.959474371894351405e-03
2.777718171999999930e-01,3.958712544384482453e-03
2.778017775000000134e-01,3.958374011926023284e-03
2.778242456000000193e-01,3.958120136687832795e-03
2.778317345999999910e-01,3.958035514731971828e-03
2.778616884999999814e-01,3.957697055363563164e-03
2.778691763999999731e-01,3.957612445535872193e-03
2.779140999999999972e-01,3.957104834066166310e-03
2.779290728000000099e-01,3.956935648967384138e-03
2.780413439000000153e-01,3.955667038904374898e-03
2.780637926000000260e-01,3.955413377656084861e-03
2.780712751000000149e-01,3.955328828037739212e-03
2.781086846999999973e-01,3.954906114300953471e-03
2.781311280000000052e-01,3.954652513670262916e-03
2.781610496999999960e-01,3.954314409683596515e-03
2.781685295999999918e-01,3.954229890225022248e-03
2.781834887999999895e-01,3.954060854501246364e-03
2.782507952000000118e-01,3.953300312396346508e-03
2.782881805999999902e-01,3.952877866485096821e-03
2.783405118000000233e-01,3.952286534688188857e-03
2.783704108999999760e-01,3.951948681826188657e-03
2.784003067999999970e-01,3.951610862766583368e-03
2.784227266000000034e-01,3.951357522682477121e-03
2.784301994999999752e-01,3.951273080022171987e-03
2.784526169000000051e-01,3.951019765850575724e-03
2.784899752000000173e-01,3.950597621397338235e-03
2.785123877999999831e-01,3.950344359982237326e-03
2.785796147999999861e-01,3.949584699295258759e-03
2.785870834999999990e-01,3.949500303418757019e-03
2.786692255000000062e-01,3.948572098842029199e-03
2.786916237000000018e-01,3.948318997685247057e-03
2.786990893999999885e-01,3.948234635704862133e-03
2.787065548000000059e-01,3.948150275181207779e-03
2.787662712999999792e-01,3.947475476071798939e-03
2.788259750000000037e-01,3.946800816951849360e-03
2.788483606000000115e-01,3.946547857412765689e-03
2.788707443999999813e-01,3.946294917067398079e-03
2.789005866000000000e-01,3.945957694110269198e-03
2.789453439999999840e-01,3.945451928791922705e-03
2.789677199999999746e-01,3.945199075357344425e-03
2.790273805999999857e-01,3.944524896977951584e-03
2.790572061000000104e-01,3.944187860777161395e-03
2.791093930999999917e-01,3.943598134632323934e-03
2.791168474999999871e-01,3.943513896610995571e-03
2.791690233999999937e-01,3.942924294461280441e-03
2.791764762999999760e-01,3.942840074365711045e-03
2.791839288999999891e-01,3.942755856564440081e-03
2.792360922000000079e-01,3.942166394318386523e-03
2.792584449000000135e-01,3.941913800002895540e-03
2.793254922999999779e-01,3.941156139229393118e-03
2.793478379000000067e-01,3.940903625067364129e-03
2.793627338999999932e-01,3.940735293831139005e-03
2.793776291999999772e-01,3.940566972419147322e-03
2.793850764999999958e-01,3.940482813974483661e-03
2.794148638000000240e-01,3.940146204607946311e-03
2.794744289000000159e-01,3.939473092583665320e-03
2.794818735999999859e-01,3.939388963198626158e-03
2.794967624999999956e-01,3.939220712383685249e-03
2.795042066999999797e-01,3.939136588487882756e-03
2.795414245000000242e-01,3.938716009844609595e-03
2.795935210000000115e-01,3.938127293246523018e-03
2.796456078999999817e-01,3.937538684642756526e-03
2.796530481000000234e-01,3.937454606113356508e-03
2.796604880999999931e-01,3.937370529781215357e-03
2.796828069000000250e-01,3.937118315748554774e-03
2.797125624999999838e-01,3.936782060913918656e-03
2.797423149000000109e-01,3.936445842251013946e-03
2.798389884999999966e-01,3.935353374008655584e-03
2.798538583999999885e-01,3.935185335562112717e-03
2.798835957999999957e-01,3.934849285103693070e-03
2.798984633000000111e-01,3.934681273154594199e-03
2.799504935000000083e-01,3.934093298817204105e-03
2.799727891000000080e-01,3.933841344319137859e-03
2.800173751000000211e-01,3.933337492946296053e-03
2.800396654999999790e-01,3.933085597906716552e-03
2.800768121000000166e-01,3.932665816154491331e-03
2.800990977000000215e-01,3.932413974202613599e-03
2.801213814999999885e-01,3.932162150666085841e-03
2.801288090999999869e-01,3.932078214526306750e-03
2.801956481000000276e-01,3.931322886932479832e-03
2.802104991000000100e-01,3.931155060435246630e-03
2.802179242999999764e-01,3.931071149479499482e-03
2.802476231000000095e-01,3.930735533417283739e-03
2.802550473000000042e-01,3.930651634192073272e-03
2.803144337999999847e-01,3.929980523717000775e-03
2.803292785000000009e-01,3.929812767266792177e-03
2.803663867000000254e-01,3.929393417421538082e-03
2.803738077999999856e-01,3.929309553372421424e-03
2.804183299999999934e-01,3.928806418189315607e-03
2.804554264999999935e-01,3.928387200674532745e-03
2.805444380000000071e-01,3.927381302272337990e-03
2.805518543000000142e-01,3.927297492173180415e-03
2.805666863999999872e-01,3.927129879146487069e-03
2.805741022000000084e-01,3.927046073919232723e-03
2.806111780000000167e-01,3.926627088768920408e-03
2.806334212000000106e-01,3.926375723177024518e-03
2.806853150999999991e-01,3.925789282141788940e-03
2.807223762000000122e-01,3.925370460965715326e-03
2.807297879000000274e-01,3.925286703031293824e-03
2.807742536000000233e-01,3.924784205399413362e-03
2.807816638999999781e-01,3.924700462393916275e-03
2.807890740000000274e-01,3.924616723605835536e-03
2.808483475999999923e-01,3.923946882639529378e-03
2.809298284000000256e-01,3.923026084163999151e-03
2.809890722999999757e-01,3.922356580138982099e-03
2.810112855999999937e-01,3.922105552279443914e-03
2.810409005000000238e-01,3.921770879160593921e-03
2.810779147999999950e-01,3.921352587396021924e-03
2.811075227000000010e-01,3.921017994494430982e-03
2.811445282000000212e-01,3.920599800816715330e-03
2.811667292000000207e-01,3.920348912947041464e-03
2.811963277000000261e-01,3.920014425308357420e-03
2.812555154999999973e-01,3.919345553999768229e-03
2.812629131000000116e-01,3.919261955952400844e-03
2.812777076999999903e-01,3.919094764727017524e-03
2.812851047000000104e-01,3.919011173265849607e-03
2.813072945999999797e-01,3.918760408643935829e-03
2.813146907999999891e-01,3.918676826258595675e-03
2.813220868999999902e-01,3.918593244803191336e-03
2.813664590000000132e-01,3.918091802874591745e-03
2.813738537000000095e-01,3.918008236786731449e-03
2.814625747000000233e-01,3.917005619267181250e-03
2.814995335000000098e-01,3.916587954012095037e-03
2.815143157000000174e-01,3.916420902914909824e-03
2.815217065000000241e-01,3.916337381782740608e-03
2.815438777000000004e-01,3.916086828664582312e-03
2.815808257999999897e-01,3.915669286191651201e-03
2.816177691000000261e-01,3.915251797204155788e-03
2.816325451000000202e-01,3.915084817784883313e-03
2.816399327999999924e-01,3.915001331603036247e-03
2.816768682999999940e-01,3.914583930058355976e-03
2.816990273000000156e-01,3.914333515841706898e-03
2.817211846000000075e-01,3.914083121886037346e-03
2.817285700000000115e-01,3.913999663103598543e-03
2.817802621000000118e-01,3.913415501366167282e-03
2.817876458999999945e-01,3.913332059311432770e-03
2.818393271999999894e-01,3.912748020924956827e-03
2.818762367000000046e-01,3.912330916165051263e-03
2.819057607000000076e-01,3.911997273609487021e-03
2.819131411999999948e-01,3.911913868184498620e-03
2.819647994999999741e-01,3.911330091579007587e-03
2.819721785000000036e-01,3.911246703990439028e-03
2.819869359000000131e-01,3.911079934189403383e-03
2.819943142999999930e-01,3.910996553166395419e-03
2.820164484000000082e-01,3.910746421909594601e-03
2.820828401000000096e-01,3.909996148147888706e-03
2.821123426000000101e-01,3.909662750803706045e-03
2.821492163000000053e-01,3.909246052719209108e-03
2.821713382000000103e-01,3.908996060016042134e-03
2.822303213999999838e-01,3.908329510148121980e-03
2.822524370000000227e-01,3.908079589231896848e-03
2.823261429999999739e-01,3.907246665746774185e-03
2.823408817999999987e-01,3.907080107530204634e-03
2.823482509999999945e-01,3.906996831567727257e-03
2.823777257000000263e-01,3.906663748949238020e-03
2.824071973000000235e-01,3.906330701199577093e-03
2.824366658999999946e-01,3.905997689195731329e-03
2.824587652000000171e-01,3.905747952480304909e-03
2.825250530000000260e-01,3.904998862644532432e-03
2.825618729000000107e-01,3.904582778236709642e-03
2.825765995000000252e-01,3.904416359583549531e-03
2.826134126000000024e-01,3.904000352693329321e-03
2.826796641000000054e-01,3.903251676481672271e-03
2.826943846000000149e-01,3.903085327414075167e-03
2.827238232000000018e-01,3.902752657823917084e-03
2.827385412999999792e-01,3.902586334879248019e-03
2.827606171000000002e-01,3.902336867041146084e-03
2.827826911999999915e-01,3.902087421577985892e-03
2.828121205999999943e-01,3.901754855307870435e-03
2.828489029999999849e-01,3.901339197179232339e-03
2.828562589999999988e-01,3.901256073105101047e-03
2.829003904999999874e-01,3.900757368697310018e-03
2.829077449999999883e-01,3.900674259198112000e-03
2.829371614000000257e-01,3.900341842103738615e-03
2.829592216999999854e-01,3.900092551802212832e-03
2.829739276000000081e-01,3.899926369354674190e-03
2.830253923000000116e-01,3.899344799837344260e-03
2.830474457000000110e-01,3.899095588826244265e-03
2.830547964999999833e-01,3.899012523184440960e-03
2.830915473999999765e-01,3.898597226934813996e-03
2.831429906999999857e-01,3.898015901934674416e-03
2.831650349000000011e-01,3.897766796164802480e-03
2.831723825999999944e-01,3.897683763565064352e-03
2.832017714999999769e-01,3.897351661732733567e-03
2.832311573999999887e-01,3.897019594870023296e-03
2.832531947999999966e-01,3.896770567036151895e-03
2.833192967000000007e-01,3.896023601446009944e-03
2.833853832000000073e-01,3.895276812735631432e-03
2.834000669999999777e-01,3.895110884368242071e-03
2.834074086000000214e-01,3.895027923146470415e-03
2.834441138000000082e-01,3.894613150783943819e-03
2.834661345999999749e-01,3.894364312742490310e-03
2.835028321999999990e-01,3.893949626019788807e-03
2.835542007999999892e-01,3.893369156118630867e-03
2.835615384999999877e-01,3.893286240701775060e-03
2.835835501999999786e-01,3.893037508249519527e-03
2.836202326000000218e-01,3.892622996645075158e-03
2.836422397000000206e-01,3.892374315079118272e-03
2.836642451999999981e-01,3.892125655478934770e-03
2.836715799999999787e-01,3.892042771151879403e-03
2.837302513000000137e-01,3.891379788553089945e-03
2.837375844000000202e-01,3.891296925084598585e-03
2.837962420999999846e-01,3.890634099232796045e-03
2.838182356000000239e-01,3.890385574531498875e-03
2.838402273999999781e-01,3.890137070232230730e-03
2.838988639000000203e-01,3.889474487075863553e-03
2.839135211000000103e-01,3.889308863837686453e-03
2.839355055000000183e-01,3.889060444853562580e-03
2.839648155000000229e-01,3.888729249707202889e-03
2.839721425000000243e-01,3.888646455599646494e-03
2.839941222999999848e-01,3.888398087725378118e-03
2.840234261999999843e-01,3.888066962202413584e-03
2.840893488999999827e-01,3.887322055654287515e-03
2.841039962999999946e-01,3.887156545651724877e-03
2.841332887999999945e-01,3.886825550242764115e-03
2.841479338999999826e-01,3.886660065363380188e-03
2.841699001999999918e-01,3.886411855000620422e-03
2.841918648000000269e-01,3.886163664687387366e-03
2.841991859999999925e-01,3.886080938320470024e-03
2.842577484000000099e-01,3.885419208920360377e-03
2.842870250999999793e-01,3.885088394405641476e-03
2.843455693999999978e-01,3.884426874999331088e-03
2.843748370999999997e-01,3.884096166418030040e-03
2.844333633000000194e-01,3.883434853554215867e-03
2.844406783000000272e-01,3.883352197904993246e-03
2.844553075999999847e-01,3.883186895922039524e-03
2.844626219999999983e-01,3.883104249013284888e-03
2.844918775999999982e-01,3.882773679247680625e-03
2.844991909999999846e-01,3.882691042661264025e-03
2.845211302000000275e-01,3.882443144491471917e-03
2.845503797999999751e-01,3.882112644294952522e-03
2.846088699000000055e-01,3.881451749307558881e-03
2.846161803000000212e-01,3.881369147667966361e-03
2.846381104999999856e-01,3.881121353681812967e-03
2.846600389000000231e-01,3.880873579713782582e-03
2.846892743000000170e-01,3.880543244615627854e-03
2.846965826000000255e-01,3.880460665720798438e-03
2.847550427000000162e-01,3.879800117430613933e-03
2.847842682999999764e-01,3.879469896327515654e-03
2.847915742000000083e-01,3.879387345170319610e-03
2.848134909000000214e-01,3.879139708402317040e-03
2.848354057999999966e-01,3.878892090934838322e-03
2.848500147999999954e-01,3.878727021763729924e-03
2.848719270000000248e-01,3.878479437028096218e-03
2.849230488000000228e-01,3.877901814310478427e-03
2.849887633000000031e-01,3.877159311585494633e-03
2.850106647999999798e-01,3.876911849560714125e-03
2.850179648999999760e-01,3.876829366416248510e-03
2.850690605000000266e-01,3.876252046339044317e-03
2.851420383000000114e-01,3.875427488335352055e-03
2.851566315999999879e-01,3.875262603143163429e-03
2.851639280000000110e-01,3.875180163776901967e-03
2.852004070999999974e-01,3.874767997760852987e-03
2.852222923000000132e-01,3.874520725162257720e-03
2.852514700000000070e-01,3.874191056325904797e-03
2.852733512999999776e-01,3.873943828710175053e-03
2.852806446999999745e-01,3.873861424474121795e-03
2.853171089000000049e-01,3.873449431616156607e-03
2.853973135999999799e-01,3.872543238227896169e-03
2.854264733999999915e-01,3.872213778378367621e-03
2.854774958999999890e-01,3.871637308414723703e-03
2.854847840999999997e-01,3.871554963671796582e-03
2.855503692999999954e-01,3.870813961200939013e-03
2.855722277000000142e-01,3.870566999671119519e-03
2.855940844000000034e-01,3.870320057296611910e-03
2.856013695999999880e-01,3.870237746988955830e-03
2.856086546000000115e-01,3.870155440562143747e-03
2.856232241000000172e-01,3.869990830834321716e-03
2.856596445999999845e-01,3.869579345762810471e-03
2.856669280999999949e-01,3.869497056235152773e-03
2.857106253999999734e-01,3.869003358675221667e-03
2.857251895999999847e-01,3.868838811794931502e-03
2.857397532000000018e-01,3.868674271736999119e-03
2.857761588000000130e-01,3.868262960387634786e-03
2.858343980999999978e-01,3.867604974415957391e-03
2.858416771000000245e-01,3.867522736854147550e-03
2.858562346999999892e-01,3.867358264494283673e-03
2.858635132999999828e-01,3.867276033472324091e-03
2.859217346999999854e-01,3.866618254612813523e-03
2.859508411000000194e-01,3.866289416416684738e-03
2.859726687999999961e-01,3.866042812063135142e-03
2.860163193999999964e-01,3.865549659989064076e-03
2.860381422000000118e-01,3.865303111940658187e-03
2.860599632999999975e-01,3.865056583373525662e-03
2.860745097999999875e-01,3.864892243244723823e-03
2.860963281000000191e-01,3.864645747566644324e-03
2.861326882999999932e-01,3.864234966122707254e-03
2.861835849000000098e-01,3.863659959323335370e-03
2.861908550999999745e-01,3.863577825112813561e-03
2.862998857999999869e-01,3.862346060384858146e-03
2.863216869999999914e-01,3.862099764992603466e-03
2.863870805000000019e-01,3.861360996359156084e-03
2.864234037999999760e-01,3.860950644641526503e-03
2.864451955999999799e-01,3.860704460641441616e-03
2.864669857000000097e-01,3.860458294157969889e-03
2.864742486999999893e-01,3.860376242785126203e-03
2.865250845999999796e-01,3.859801946968033012e-03
2.865323461000000016e-01,3.859719913794946566e-03
2.865396074000000071e-01,3.859637882048413439e-03
2.865541295999999849e-01,3.859473825631413481e-03
2.866412468999999796e-01,3.858489665511135886e-03
2.866557639000000268e-01,3.858325669629128311e-03
2.866702802000000161e-01,3.858161682401390312e-03
2.867065676000000174e-01,3.857751750964888340e-03
2.867718733999999881e-01,3.857014008572714776e-03
2.867863836999999805e-01,3.856850090948611698e-03
2.868226564999999950e-01,3.856440330400659564e-03
2.868516712999999996e-01,3.856112561417438227e-03
2.868806832999999945e-01,3.855784826871109898e-03
2.869314471000000144e-01,3.855211374448044501e-03
2.869459494000000110e-01,3.855047550324913145e-03
2.869894519000000255e-01,3.854556127823980001e-03
2.869967017000000231e-01,3.854474231691729699e-03
2.870184498999999723e-01,3.854228556164925653e-03
2.870546932999999967e-01,3.853819142190441360e-03
2.870619414000000202e-01,3.853737265409291641e-03
2.870836847000000080e-01,3.853491647235736048e-03
2.871416587999999770e-01,3.852836763456250150e-03
2.871633960000000152e-01,3.852591216171361022e-03
2.872285978999999934e-01,3.851854693151143295e-03
2.872503285999999934e-01,3.851609223284234614e-03
2.873444759000000071e-01,3.850545748695001751e-03
2.873661978000000006e-01,3.850300382542938375e-03
2.873734379999999811e-01,3.850218597560328779e-03
2.874096367000000263e-01,3.849809707393786820e-03
2.874313535999999947e-01,3.849564399934013621e-03
2.874530690000000055e-01,3.849319110375112180e-03
2.874675449999999910e-01,3.849155594716051083e-03
2.874892575999999922e-01,3.848910339476870751e-03
2.875182051999999877e-01,3.848583359662434856e-03
2.875977960000000166e-01,3.847684345077096758e-03
2.876339663999999963e-01,3.847275786072947013e-03
2.876411998999999775e-01,3.847194080998984390e-03
2.876628994000000050e-01,3.846948979589254105e-03
2.876918294999999959e-01,3.846622205578659626e-03
2.876990615999999723e-01,3.846540518573639614e-03
2.877135251999999865e-01,3.846377148751980134e-03
2.877496810999999877e-01,3.845968762084822721e-03
2.877569117000000065e-01,3.845887091915869971e-03
2.878147501000000164e-01,3.845233802181000429e-03
2.878653492000000091e-01,3.844662287997536836e-03
2.878942589999999857e-01,3.844335752870340663e-03
2.879448440999999859e-01,3.843764402433799340e-03
2.879520697999999879e-01,3.843682789896604463e-03
2.879881957000000048e-01,3.843274756900440584e-03
2.880387643000000275e-01,3.842703601454086453e-03
2.880604338000000153e-01,3.842458851909413657e-03
2.880893239999999800e-01,3.842132548879512426e-03
2.880965461000000172e-01,3.842050979268401244e-03
2.881037679999999823e-01,3.841969410502735736e-03
2.881254327000000171e-01,3.841724720567036514e-03
2.882120750000000120e-01,3.840746145925246196e-03
2.882192941000000230e-01,3.840664611959815431e-03
2.882770397000000151e-01,3.840012419159436613e-03
2.882914743000000168e-01,3.839849392076833019e-03
2.882986913000000206e-01,3.839767881665749963e-03
2.883564210999999822e-01,3.839115875538203285e-03
2.883780667999999991e-01,3.838871408726602687e-03
2.884141392999999831e-01,3.838464005994935650e-03
2.884429940000000081e-01,3.838138122818310263e-03
2.884502072999999833e-01,3.838056657639793163e-03
2.884718459000000235e-01,3.837812273126559471e-03
2.884934828999999867e-01,3.837567909391906892e-03
2.885079066999999831e-01,3.837405010420704993e-03
2.885295410000000005e-01,3.837160677721792364e-03
2.885511736999999965e-01,3.836916365535866878e-03
2.886160620000000065e-01,3.836183540480425994e-03
2.886232709000000063e-01,3.836102126997371041e-03
2.886448965999999783e-01,3.835857896931251735e-03
2.886737282999999876e-01,3.835532285821645869e-03
2.887025570999999791e-01,3.835206710420445853e-03
2.887241768000000097e-01,3.834962551309234729e-03
2.887530005999999760e-01,3.834637034172043782e-03
2.887890262000000208e-01,3.834230185997170460e-03
2.888538610999999978e-01,3.833497995680290767e-03
2.888682669000000036e-01,3.833335311034037716e-03
2.889618869000000201e-01,3.832278061613446710e-03
2.889834871999999999e-01,3.832034132042235440e-03
2.890122851999999964e-01,3.831708923110590647e-03
2.890266830000000065e-01,3.831546330581152206e-03
2.890482784999999777e-01,3.831302458619558968e-03
2.890986616999999814e-01,3.830733498554383769e-03
2.891346443000000210e-01,3.830327164091403783e-03
2.891418401999999999e-01,3.830245902836691176e-03
2.891850123999999966e-01,3.829758382130499499e-03
2.891994016000000167e-01,3.829595893440938294e-03
2.892209841999999753e-01,3.829352174641899309e-03
2.892497585000000093e-01,3.829027245857558742e-03
2.892569515999999785e-01,3.828946018489020817e-03
2.893072984000000236e-01,3.828377492585752565e-03
2.893144900999999880e-01,3.828296282600520371e-03
2.893360641000000122e-01,3.828052666205420014e-03
2.893720171999999979e-01,3.827646681023936116e-03
2.894151549000000267e-01,3.827159569776525123e-03
2.894223439999999981e-01,3.827078390795658671e-03
2.894510981999999788e-01,3.826753701010287157e-03
2.894798496000000054e-01,3.826429045395944497e-03
2.894870370000000026e-01,3.826347886469990203e-03
2.895660865999999944e-01,3.825455281896864533e-03
2.896522979000000220e-01,3.824481823772235122e-03
2.896594811000000047e-01,3.824400716514778000e-03
2.896738468000000233e-01,3.824238506478760610e-03
2.896810293000000036e-01,3.824157406214495104e-03
2.897025759999999894e-01,3.823914114040304849e-03
2.897169396000000008e-01,3.823751931329048837e-03
2.897384835999999853e-01,3.823508671282184121e-03
2.897600260000000039e-01,3.823265431989327726e-03
2.897672064999999852e-01,3.823184355878025270e-03
2.897887467999999966e-01,3.822941141455292631e-03
2.898318225000000026e-01,3.822454769522283004e-03
2.898533580000000054e-01,3.822211611602864979e-03
2.899323077000000026e-01,3.821320198350575126e-03
2.899394839000000168e-01,3.821239174636722764e-03
2.899681868000000273e-01,3.820915095499357369e-03
2.900255842000000195e-01,3.820267040805799298e-03
2.900829702000000121e-01,3.819619121958187265e-03
2.901116590000000217e-01,3.819295213480771584e-03
2.901331737000000244e-01,3.819052303804984071e-03
2.901618575000000089e-01,3.818728455301197752e-03
2.901690279999999955e-01,3.818647497926012588e-03
2.902263856000000253e-01,3.817999918835995009e-03
2.902335544999999906e-01,3.817918980384634158e-03
2.902550602000000257e-01,3.817676179172612393e-03
2.902837320000000165e-01,3.817352474627732934e-03
2.902908994000000242e-01,3.817271553490784574e-03
2.903625645999999838e-01,3.816462459804148381e-03
2.903697302000000091e-01,3.816381563333447365e-03
2.903912257999999857e-01,3.816138881693488354e-03
2.904055553000000067e-01,3.815977106399980751e-03
2.904270481999999820e-01,3.815734456766519886e-03
2.904771922000000117e-01,3.815168351348522616e-03
2.905130040000000191e-01,3.814764053685652714e-03
2.905201658000000076e-01,3.814683199883415511e-03
2.905416503000000095e-01,3.814440653583105710e-03
2.905631330999999817e-01,3.814198126555071525e-03
2.905774541999999738e-01,3.814036450776324503e-03
2.906275722000000172e-01,3.813470656405486183e-03
2.907063115999999892e-01,3.812581758974691905e-03
2.907420951999999947e-01,3.812177801330780737e-03
2.908064946000000206e-01,3.811450806382624817e-03
2.908208036000000107e-01,3.811289277030723704e-03
2.908565732000000237e-01,3.810885486184567399e-03
2.908851855999999847e-01,3.810562491273457655e-03
2.909209472000000019e-01,3.810158797990345798e-03
2.909352505999999727e-01,3.809997333683270114e-03
2.909424020999999971e-01,3.809916605260814555e-03
2.909710060999999848e-01,3.809593713067960154e-03
2.910282055999999784e-01,3.808948029275545464e-03
2.910353547999999790e-01,3.808867328356581143e-03
2.910568011999999927e-01,3.808625237633163092e-03
2.910782459999999849e-01,3.808383166372373597e-03
2.910925416999999848e-01,3.808221796450264769e-03
2.911139838999999840e-01,3.807979756470653010e-03
2.911425710000000167e-01,3.807657066392272204e-03
2.912283156000000095e-01,3.806689200288379885e-03
2.912497478000000140e-01,3.806447279828392358e-03
2.912640350999999850e-01,3.806286011957197690e-03
2.912854646999999964e-01,3.806044123040660740e-03
2.913068926999999864e-01,3.805802256100498937e-03
2.913140350000000267e-01,3.805721636546726544e-03
2.913783079000000220e-01,3.804996164372457211e-03
2.913925889000000269e-01,3.804834971537310231e-03
2.914354275000000105e-01,3.804351442018441033e-03
2.914568444999999786e-01,3.804109706450193445e-03
2.914853980000000067e-01,3.803787422001761974e-03
2.915068113000000016e-01,3.803545730002633619e-03
2.915139487000000251e-01,3.803465171219302422e-03
2.915924488000000148e-01,3.802579153294288229e-03
2.916067192999999835e-01,3.802418087402337655e-03
2.916566603999999896e-01,3.801854419771976638e-03
2.917137255000000207e-01,3.801210356088809660e-03
2.917208578000000108e-01,3.801129857695602788e-03
2.917351220000000134e-01,3.800968868089327907e-03
2.917422539000000259e-01,3.800888374021313149e-03
2.917636483000000114e-01,3.800646910799357781e-03
2.917707794000000132e-01,3.800566426393591889e-03
2.917779104000000068e-01,3.800485945245597654e-03
2.918278221999999755e-01,3.799922632582263329e-03
2.918919819999999943e-01,3.799198524797016332e-03
2.919133655000000216e-01,3.798957192853999638e-03
2.919347474000000275e-01,3.798715881219034193e-03
2.919632542000000219e-01,3.798394161101667239e-03
2.919703804000000069e-01,3.798313735664087150e-03
2.919917580999999984e-01,3.798072472959901271e-03
2.920630059000000056e-01,3.797268403235693444e-03
2.920772534000000142e-01,3.797107615201698698e-03
2.921199916000000174e-01,3.796625298487347339e-03
2.921413583999999952e-01,3.796384170296939180e-03
2.921627236000000072e-01,3.796143059916191886e-03
2.921698449999999836e-01,3.796062693097289852e-03
2.922268098999999952e-01,3.795419840580372198e-03
2.922552882000000185e-01,3.795098465047328559e-03
2.922837636999999766e-01,3.794777122853268403e-03
2.922908820999999824e-01,3.794696792768535460e-03
2.923122363999999807e-01,3.794455814201458388e-03
2.924047536000000114e-01,3.793411793510968310e-03
2.924260995999999890e-01,3.793170915695544352e-03
2.924830145000000270e-01,3.792528668797545861e-03
2.925043547999999771e-01,3.792287861332539235e-03
2.925114677999999802e-01,3.792207595918265384e-03
2.925328059999999786e-01,3.791966812963126852e-03
2.925399183999999875e-01,3.791886556326830044e-03
2.925754776999999751e-01,3.791485303493698743e-03
2.926323636000000006e-01,3.790843409525946912e-03
2.927389948999999936e-01,3.789640216734701302e-03
2.928029549999999759e-01,3.788918530325099433e-03
2.928242718999999883e-01,3.788678004582338599e-03
2.928526920999999783e-01,3.788357334368178553e-03
2.928597967000000080e-01,3.788277171067271076e-03
2.928740054000000259e-01,3.788116852471122131e-03
2.929095240999999850e-01,3.787716093183615771e-03
2.929166274000000181e-01,3.787635946988296507e-03
2.929379360000000099e-01,3.787395523348148930e-03
2.929592431999999969e-01,3.787155116656166880e-03
2.929734469999999980e-01,3.786994857172881410e-03
2.929947515999999919e-01,3.786754484143986868e-03
2.930515560999999991e-01,3.786113577944350602e-03
2.930799541999999924e-01,3.785793175635096715e-03
2.930870533000000111e-01,3.785713079673423687e-03
2.931012510000000071e-01,3.785552895250975537e-03
2.931083495999999844e-01,3.785472805916977480e-03
2.931296442999999918e-01,3.785232551030266474e-03
2.932148077000000241e-01,3.784271720353033375e-03
2.932502852000000160e-01,3.783871462921326988e-03
2.932573801000000202e-01,3.783791418069108736e-03
2.933070401999999799e-01,3.783231159930418482e-03
2.933141337999999876e-01,3.783151130524837688e-03
2.933637841999999774e-01,3.782590991603937587e-03
2.934205172000000084e-01,3.781950955728607868e-03
2.934276081000000147e-01,3.781870960738193104e-03
2.934488795999999899e-01,3.781630987308718089e-03
2.935339504000000210e-01,3.780671286130314959e-03
2.935977372999999946e-01,3.779951707504311358e-03
2.936189966000000151e-01,3.779711886427982066e-03
2.936544252000000133e-01,3.779312223918288808e-03
2.936756803000000193e-01,3.779072452035819873e-03
2.937536025999999967e-01,3.778193448169941699e-03
2.937606853999999990e-01,3.778113551968204694e-03
2.937677679999999847e-01,3.778033656715827204e-03
2.937819327999999786e-01,3.777873874233920667e-03
2.938102603000000146e-01,3.777554333200087554e-03
2.938173418000000203e-01,3.777474452769271577e-03
2.938456658999999971e-01,3.777154954151567233e-03
2.938669072000000271e-01,3.776915349421128363e-03
2.938739872999999725e-01,3.776835487341389554e-03
2.938810672000000124e-01,3.776755626184043115e-03
2.938952264999999953e-01,3.776595908603556755e-03
2.939306218000000137e-01,3.776196654163265116e-03
2.939589349999999768e-01,3.775877288177476639e-03
2.940084765000000044e-01,3.775318477034339277e-03
2.940155532000000016e-01,3.775238655419281553e-03
2.940367822000000131e-01,3.774999204060258511e-03
2.940721605000000127e-01,3.774600156900159015e-03
2.941004600000000080e-01,3.774280958201217673e-03
2.941216829000000144e-01,3.774041580694978762e-03
2.941287569000000102e-01,3.773961791485809774e-03
2.941641240999999796e-01,3.773562881922514888e-03
2.942065590999999869e-01,3.773084257539264987e-03
2.942631297000000146e-01,3.772446209170632683e-03
2.942702001999999983e-01,3.772366462878071463e-03
2.942772705999999738e-01,3.772286717835220213e-03
2.942984806999999758e-01,3.772047497094775225e-03
2.943196893000000203e-01,3.771808294764532853e-03
2.943267585000000075e-01,3.771728562781742015e-03
2.943833060000000112e-01,3.771090798473326032e-03
2.943903735999999771e-01,3.771011087469960856e-03
2.944610409999999789e-01,3.770214087514048556e-03
2.944893030999999883e-01,3.769895347421755964e-03
2.945034331999999977e-01,3.769735988661393391e-03
2.945528830999999959e-01,3.769178300569603693e-03
2.945740734000000249e-01,3.768939324238582394e-03
2.946093872000000169e-01,3.768541067789296563e-03
2.946164493999999801e-01,3.768461424977209966e-03
2.946729411999999826e-01,3.767824341350750530e-03
2.946941229000000217e-01,3.767585469824196853e-03
2.947153029999999840e-01,3.767346616137734125e-03
2.947223627000000179e-01,3.767267002984184005e-03
2.947717758999999771e-01,3.766709766078486267e-03
2.947858924000000269e-01,3.766550574740120533e-03
2.948070660000000065e-01,3.766311802523738921e-03
2.948423518000000132e-01,3.765913890246945245e-03
2.948635212999999866e-01,3.765675167753737129e-03
2.948846891999999942e-01,3.765436464290650674e-03
2.948917448999999746e-01,3.765356900966652931e-03
2.949481840000000021e-01,3.764720466356361993e-03
2.949552381000000167e-01,3.764640922545012258e-03
2.950116649999999785e-01,3.764004637321305153e-03
2.950328224000000055e-01,3.763766064540693956e-03
2.950610297999999854e-01,3.763447995641395344e-03
2.951174364999999966e-01,3.762811959997673823e-03
2.951385861999999971e-01,3.762573479926504746e-03
2.951456357999999724e-01,3.762493991098520094e-03
2.951667834999999740e-01,3.762255538504890359e-03
2.951808812000000226e-01,3.762096578412997116e-03
2.952513593000000158e-01,3.761301906140146305e-03
2.952936380000000249e-01,3.760825204001174652e-03
2.953429556000000122e-01,3.760269143811370476e-03
2.953922649999999872e-01,3.759713186553101556e-03
2.953993085000000129e-01,3.759633771802767602e-03
2.954063518999999749e-01,3.759554359585388396e-03
2.954626926999999736e-01,3.758919135836388901e-03
2.954767762000000131e-01,3.758760351541633356e-03
2.954838176999999844e-01,3.758680961887404717e-03
2.955612631999999795e-01,3.757807814163719676e-03
2.955894202000000082e-01,3.757490369308169164e-03
2.955964589999999781e-01,3.757411013301245953e-03
2.956246126000000030e-01,3.757093609165963743e-03
2.956316506000000177e-01,3.757014262268331978e-03
2.956527635000000265e-01,3.756776237090994706e-03
2.956738749999999749e-01,3.756538231278787159e-03
2.957090573999999750e-01,3.756141595184007281e-03
2.957372003000000027e-01,3.755824323282320239e-03
2.957864438999999734e-01,3.755269176268081609e-03
2.957934779999999986e-01,3.755189877740897682e-03
2.958005120000000154e-01,3.755110580570549406e-03
2.958216128999999750e-01,3.754872704955210336e-03
2.958567777000000176e-01,3.754476285528704060e-03
2.958778745999999793e-01,3.754238459582720424e-03
2.959060014000000072e-01,3.753921385939079647e-03
2.959270948000000123e-01,3.753683602346989407e-03
2.959692769999999751e-01,3.753208092382673191e-03
2.959903658999999965e-01,3.752970365256592770e-03
2.960255105999999858e-01,3.752574194307345661e-03
2.960395673999999810e-01,3.752415739545093398e-03
2.960465955000000093e-01,3.752336514882268544e-03
2.960676789000000197e-01,3.752098855976649956e-03
2.961028144000000251e-01,3.751702798975023283e-03
2.961309199000000114e-01,3.751385990955386201e-03
2.961379458999999770e-01,3.751306792689274288e-03
2.962152203000000261e-01,3.750435762998838036e-03
2.962433151000000153e-01,3.750119085295684253e-03
2.962643844999999776e-01,3.749881600587991280e-03
2.962924746000000220e-01,3.749564982778227657e-03
2.962994966999999980e-01,3.749485832361175528e-03
2.963275835999999996e-01,3.749169255508778310e-03
2.963626883000000101e-01,3.748773578891938674e-03
2.964679776999999961e-01,3.747586862813117193e-03
2.964890311000000223e-01,3.747349576448952019e-03
2.964960484999999979e-01,3.747270483900871224e-03
2.965311333999999799e-01,3.746875056541872952e-03
2.965732296999999962e-01,3.746400610201300937e-03
2.966083053999999941e-01,3.746005296709211622e-03
2.966363629000000057e-01,3.745689082708706166e-03
2.966433768999999776e-01,3.745610033960490148e-03
2.966644178000000243e-01,3.745372901886850642e-03
2.966854573000000106e-01,3.745135787307215646e-03
2.967205197000000183e-01,3.744740638273388444e-03
2.967415552000000067e-01,3.744503572132286580e-03
2.968046525999999963e-01,3.743792487995743767e-03
2.968116626000000258e-01,3.743713489972514460e-03
2.968607280000000181e-01,3.743160554136910120e-03
2.968677366999999956e-01,3.743081571594328392e-03
2.969378142999999914e-01,3.742291859981418129e-03
2.969728468999999760e-01,3.741897082905832912e-03
2.969798530000000159e-01,3.741818131466578563e-03
2.970218856999999879e-01,3.741344478404833290e-03
2.970358953000000191e-01,3.741186610780109292e-03
2.970569083999999860e-01,3.740949823414196559e-03
2.971129361000000024e-01,3.740318482515635808e-03
2.971409460000000169e-01,3.740002861396085621e-03
2.971479481000000034e-01,3.739923961449870705e-03
2.971619516999999822e-01,3.739766166354850305e-03
2.971689532999999828e-01,3.739687271327054360e-03
2.972039586999999927e-01,3.739292834105410572e-03
2.972529593000000081e-01,3.738740704733897920e-03
2.972739570999999859e-01,3.738504109988942566e-03
2.973719270999999886e-01,3.737400240584848148e-03
2.973929164999999930e-01,3.737163749300058575e-03
2.974139043999999843e-01,3.736927277707445278e-03
2.974208999999999881e-01,3.736848457349599244e-03
2.974278954999999836e-01,3.736769640291639615e-03
2.974768591999999989e-01,3.736217971094906755e-03
2.974978412000000016e-01,3.735981573521651809e-03
2.975048349000000147e-01,3.735902777403972506e-03
2.975607782999999951e-01,3.735272489571387754e-03
2.975887460000000151e-01,3.734957392805362143e-03
2.976097200999999748e-01,3.734721094201067827e-03
2.976446736000000204e-01,3.734327302087029395e-03
2.976516638000000214e-01,3.734248549540993781e-03
2.977564972999999782e-01,3.733067512265236809e-03
2.978054070000000220e-01,3.732516518379169410e-03
2.978123933999999862e-01,3.732437814604153570e-03
2.978193796999999976e-01,3.732359110213363806e-03
2.978333517999999791e-01,3.732201711575695163e-03
2.978403376000000047e-01,3.732123013394697628e-03
2.978612938999999904e-01,3.731886935973397976e-03
2.978962178999999821e-01,3.731493513197911040e-03
2.979451047000000186e-01,3.730942806645068128e-03
2.980079473000000201e-01,3.730234903972466133e-03
2.980428540999999765e-01,3.729841697761511130e-03
2.980568156999999774e-01,3.729684428527777536e-03
2.980637962000000085e-01,3.729605796704932915e-03
2.980847368999999802e-01,3.729369915760086425e-03
2.981475499999999834e-01,3.728662381702789810e-03
2.981684848000000221e-01,3.728426573924353751e-03
2.981754627000000046e-01,3.728347975700348118e-03
2.982103499000000046e-01,3.727955014330339243e-03
2.982591850999999905e-01,3.727404954473721981e-03
2.982801120999999944e-01,3.727169244072073111e-03
2.983219616000000185e-01,3.726697880410714987e-03
2.983428840999999831e-01,3.726462225976256634e-03
2.983707784999999890e-01,3.726148049295073105e-03
2.983986703000000018e-01,3.725833903809848587e-03
2.984265595999999743e-01,3.725519793832769103e-03
2.984335315000000155e-01,3.725441270425088047e-03
2.984893008000000236e-01,3.724813161636253856e-03
2.985032415000000161e-01,3.724656154785622054e-03
2.985311209000000021e-01,3.724342165364786812e-03
2.985450595999999956e-01,3.724185185132565610e-03
2.985938401000000075e-01,3.723635811218481591e-03
2.986217111000000202e-01,3.723321929480135576e-03
2.986495794999999842e-01,3.723008079463908417e-03
2.986774453000000107e-01,3.722694261391325168e-03
2.987331690000000206e-01,3.722066725414843649e-03
2.987610270000000123e-01,3.721753006369417100e-03
2.988097721999999901e-01,3.721204077020136020e-03
2.988236980000000265e-01,3.721047258029961877e-03
2.988376231000000049e-01,3.720890446991683385e-03
2.988724329999999929e-01,3.720498456473855711e-03
2.988793945000000063e-01,3.720420063486218343e-03
2.989281203999999970e-01,3.719871377094082984e-03
2.989350806000000138e-01,3.719793001835352067e-03
2.989837973999999732e-01,3.719244428770619292e-03
2.990116320999999799e-01,3.718931004095757560e-03
2.990672934999999977e-01,3.718304252532494015e-03
2.991229447000000041e-01,3.717677630393066701e-03
2.991577214000000207e-01,3.717286058366239127e-03
2.991785853999999745e-01,3.717051138558242866e-03
2.991994480999999872e-01,3.716816236915073887e-03
2.992342158999999890e-01,3.716424777905494217e-03
2.992550746000000039e-01,3.716189925657886663e-03
2.992620272000000026e-01,3.716111646049460263e-03
2.992828840000000268e-01,3.715876819198942957e-03
2.993176421000000031e-01,3.715485481542826155e-03
2.993245932999999970e-01,3.715407219613772478e-03
2.993454456999999902e-01,3.715172446957281174e-03
2.993662966999999786e-01,3.714937692885271481e-03
2.993732466999999842e-01,3.714859446999839096e-03
2.993801964999999732e-01,3.714781200193932945e-03
2.994010450999999851e-01,3.714546477220108042e-03
2.994218921999999838e-01,3.714311772284195450e-03
2.994913720999999862e-01,3.713529554670587807e-03
2.995052662000000088e-01,3.713373136183317075e-03
2.995122130000000271e-01,3.713294930001155743e-03
2.995469445000000230e-01,3.712903926774614987e-03
2.995886170000000015e-01,3.712434792494907071e-03
2.995955618000000209e-01,3.712356610919306018e-03
2.996163954000000129e-01,3.712122074993726498e-03
2.996511148000000069e-01,3.711731225868041949e-03
2.996580582000000215e-01,3.711653062728181244e-03
2.997344250000000265e-01,3.710793395726785099e-03
2.998177120000000140e-01,3.709855856784960437e-03
2.998454691999999921e-01,3.709543409959047654e-03
2.998662854999999960e-01,3.709309095699241544e-03
2.998732238999999855e-01,3.709230993828926699e-03
2.998801621000000139e-01,3.709152896090763506e-03
2.999009758999999775e-01,3.708918611239063554e-03
2.999287253999999847e-01,3.708606262856127198e-03
2.999356624000000249e-01,3.708528178725105026e-03
2.999842166999999726e-01,3.707981659367985943e-03
3.000327631999999967e-01,3.707435239259747675e-03
3.000466321999999963e-01,3.707279137020758411e-03
3.000605004999999936e-01,3.707123042531279816e-03
3.000882351999999975e-01,3.706810880099466014e-03
3.001229000999999785e-01,3.706420721571462937e-03
3.001506291000000104e-01,3.706108631894936174e-03
3.001575609000000089e-01,3.706030614362406349e-03
3.001714240999999728e-01,3.705874585951016500e-03
3.002130098999999941e-01,3.705406547237783364e-03
3.002338005999999893e-01,3.705172556563640293e-03
3.002545898999999796e-01,3.704938583999573595e-03
3.002823067000000012e-01,3.704626647980355930e-03
3.003169491000000080e-01,3.704236771920658543e-03
3.003238771000000251e-01,3.704158803586855408e-03
3.003446602000000021e-01,3.703924909719100763e-03
3.003792954000000237e-01,3.703535127919182178e-03
3.004000746000000110e-01,3.703301281496490169e-03
3.004277779999999787e-01,3.702989517223892468e-03
3.004347035000000110e-01,3.702911579837430810e-03
3.004831772000000067e-01,3.702366082666585720e-03
3.005108729000000034e-01,3.702054413645329990e-03
3.005316430000000150e-01,3.701820685582150276e-03
3.005454889999999990e-01,3.701664874879822577e-03
3.005662566999999785e-01,3.701431175156591740e-03
3.005939448000000125e-01,3.701119604921804165e-03
3.006147090999999882e-01,3.700885946910878379e-03
3.006562335999999891e-01,3.700418688153879389e-03
3.007115906000000227e-01,3.699795789735121129e-03
3.007600195999999837e-01,3.699250860437642424e-03
3.008153575999999996e-01,3.698628203447524264e-03
3.008361066999999944e-01,3.698394741067210015e-03
3.008706852999999959e-01,3.698005676484839802e-03
3.008776006000000169e-01,3.697927870686521304e-03
3.008983453999999891e-01,3.697694462033421572e-03
3.009190887000000036e-01,3.697461073393120985e-03
3.009467443000000131e-01,3.697149914844348115e-03
3.010089602000000086e-01,3.696449929102488610e-03
3.010296959000000050e-01,3.696216636440792860e-03
3.010435188999999734e-01,3.696061116494856347e-03
3.010573413000000031e-01,3.695905607569025669e-03
3.010918946000000207e-01,3.695516867464554000e-03
3.011195342999999913e-01,3.695205912382534992e-03
3.011540804000000238e-01,3.694817262804640443e-03
3.011678977000000201e-01,3.694661817654879259e-03
3.011955304999999750e-01,3.694350949965914850e-03
3.012300679000000092e-01,3.693962411882836284e-03
3.012576948999999837e-01,3.693651617511977368e-03
3.013129413999999784e-01,3.693030126556553355e-03
3.013198464999999882e-01,3.692952449072954817e-03
3.013405608999999985e-01,3.692719429646953121e-03
3.013681778000000255e-01,3.692408765046841738e-03
3.014165012999999727e-01,3.691865180419363381e-03
3.014303065999999753e-01,3.691709886483955302e-03
3.014786201999999915e-01,3.691166430037483986e-03
3.015062244999999752e-01,3.690855925864897601e-03
3.015614254000000272e-01,3.690235016542405509e-03
3.016097180000000266e-01,3.689691826177220538e-03
3.016442079000000165e-01,3.689303893521353375e-03
3.016511055000000163e-01,3.689226313287943641e-03
3.017062798999999851e-01,3.688605743125995384e-03
3.017545493000000079e-01,3.688062849532312316e-03
3.018303855000000202e-01,3.687209928684712350e-03
3.018372787999999973e-01,3.687132402876283632e-03
3.018717427000000009e-01,3.686744802652048604e-03
3.018924191999999840e-01,3.686512268900571376e-03
3.019130943000000178e-01,3.686279749769041329e-03
3.019199857000000042e-01,3.686202248552988055e-03
3.019268768999999741e-01,3.686124748294112696e-03
3.019406587999999836e-01,3.685969753996172667e-03
3.019751110000000183e-01,3.685582305933075061e-03
3.019820008999999916e-01,3.685504822845435489e-03
3.020233373999999804e-01,3.685039962572660664e-03
3.020371149000000144e-01,3.684885025511982007e-03
3.020577801000000062e-01,3.684652634848970768e-03
3.020784437999999850e-01,3.684420261648050764e-03
3.020853313999999901e-01,3.684342807526153323e-03
3.021128802999999974e-01,3.684033013723059767e-03
3.021404266000000116e-01,3.683723253644413057e-03
3.021610847000000266e-01,3.683490952647588187e-03
3.021679703999999855e-01,3.683413523221476960e-03
3.022023965999999784e-01,3.683026406910927530e-03
3.022505866999999902e-01,3.682484527965778492e-03
3.022987691999999837e-01,3.681942748002117391e-03
3.023056518000000192e-01,3.681865357983695949e-03
3.023538253999999981e-01,3.681323689915717238e-03
3.023607067999999898e-01,3.681246318740054747e-03
3.023675879000000122e-01,3.681168946849139312e-03
3.024157517000000128e-01,3.680627405916196606e-03
3.024707866999999939e-01,3.680008622412295552e-03
3.024776652999999760e-01,3.679931282838169119e-03
3.025189340000000171e-01,3.679467291614689928e-03
3.025533202999999838e-01,3.679080688070670256e-03
3.025808265000000108e-01,3.678771441090616674e-03
3.026014545999999861e-01,3.678539526096621329e-03
3.026358315000000077e-01,3.678153043408161158e-03
3.026633302000000247e-01,3.677843892498190888e-03
3.026977001000000222e-01,3.677457500103740399e-03
3.027183200999999935e-01,3.677225688884446560e-03
3.027389388000000237e-01,3.676993895046995215e-03
3.027458113000000006e-01,3.676916633410657383e-03
3.027939150000000246e-01,3.676375865159577181e-03
3.028282700000000105e-01,3.675989664038250768e-03
3.028832300000000033e-01,3.675371843214619415e-03
3.029038373999999867e-01,3.675140193826532432e-03
3.029107061999999906e-01,3.675062981144279310e-03
3.029175748999999862e-01,3.674985771066676191e-03
3.029313117999999916e-01,3.674831357121281263e-03
3.029725187000000264e-01,3.674368160956706202e-03
3.029931200000000047e-01,3.674136589703944685e-03
3.030411843999999966e-01,3.673596327629243073e-03
3.030480501000000215e-01,3.673519154299474763e-03
3.030755113999999972e-01,3.673210483972253002e-03
3.031372902999999730e-01,3.672516097266712715e-03
3.031510171999999836e-01,3.672361810207577099e-03
3.031921941999999870e-01,3.671898997860807701e-03
3.032127806000000092e-01,3.671667618525222346e-03
3.032333656999999794e-01,3.671436258767737850e-03
3.032608102000000083e-01,3.671127805635928353e-03
3.032951123000000027e-01,3.670742284801061482e-03
3.033225513000000206e-01,3.670433904544535050e-03
3.033568464999999992e-01,3.670048472032026287e-03
3.033774216999999829e-01,3.669817238673289163e-03
3.034117107000000035e-01,3.669431888123778854e-03
3.034597086999999971e-01,3.668892478760746312e-03
3.034665650000000214e-01,3.668815429251940166e-03
3.034871328000000035e-01,3.668584291005822211e-03
3.035214093999999974e-01,3.668199099160529639e-03
3.035625361000000022e-01,3.667736937749932393e-03
3.035899509000000163e-01,3.667428869134438819e-03
3.036242158999999941e-01,3.667043828075249902e-03
3.036516250999999889e-01,3.666735829579243367e-03
3.036721802999999831e-01,3.666504853522588661e-03
3.037954827000000080e-01,3.665119372372276779e-03
3.038091799000000037e-01,3.664965468932946356e-03
3.038160282999999851e-01,3.664888520775224853e-03
3.038434201999999917e-01,3.664580747958947997e-03
3.038502677000000096e-01,3.664503810396557097e-03
3.038708096000000136e-01,3.664273006523953696e-03
3.038981964999999952e-01,3.663965296807369845e-03
3.039050428999999776e-01,3.663888375659601643e-03
3.039529630000000204e-01,3.663349974876205142e-03
3.039598081000000063e-01,3.663273068718332984e-03
3.039803425000000003e-01,3.663042361989014752e-03
3.040145635000000013e-01,3.662657890236316674e-03
3.040282508000000106e-01,3.662504116629210216e-03
3.040350942000000223e-01,3.662427231354343019e-03
3.040556235999999912e-01,3.662196589403205436e-03
3.040624664000000088e-01,3.662119713284978529e-03
3.041240446999999847e-01,3.661427915012384956e-03
3.041377270999999771e-01,3.661274204248215515e-03
3.041445680000000040e-01,3.661197353232969499e-03
3.041787704999999731e-01,3.660813119592015719e-03
3.041992902000000276e-01,3.660582604389533111e-03
3.042881926000000070e-01,3.659583911815304791e-03
3.043360524000000011e-01,3.659046293207632652e-03
3.043633975000000214e-01,3.658739128137921976e-03
3.043907401000000013e-01,3.658431992408695769e-03
3.043975754000000089e-01,3.658355214296648422e-03
3.044454180000000232e-01,3.657817819725974438e-03
3.044659196999999762e-01,3.657587537040164413e-03
3.044727532000000014e-01,3.657510778857587467e-03
3.044932531000000275e-01,3.657280521414070507e-03
3.045069188000000260e-01,3.657127024877344576e-03
3.045274163999999728e-01,3.656896797103225630e-03
3.045752386000000200e-01,3.656359667720197361e-03
3.045820697000000132e-01,3.656282941809709929e-03
3.046162231000000276e-01,3.655899346608380666e-03
3.046367132000000200e-01,3.655669214049347103e-03
3.046572020000000158e-01,3.655439098420326053e-03
3.047118321000000241e-01,3.654825546571836403e-03
3.047186600999999828e-01,3.654748861635069481e-03
3.047732792000000246e-01,3.654135452122803367e-03
3.047801058999999868e-01,3.654058783482168858e-03
3.047937587999999809e-01,3.653905456412837472e-03
3.048756635000000048e-01,3.652985651595763109e-03
3.048893120999999762e-01,3.652832379358408356e-03
3.049029601000000089e-01,3.652679114135408411e-03
3.049370774999999867e-01,3.652295986913729406e-03
3.049439005999999841e-01,3.652219367437176557e-03
3.049643686999999881e-01,3.651989521615048914e-03
3.049984793000000138e-01,3.651606483724717349e-03
3.051007880000000116e-01,3.650457667109859288e-03
3.051076073000000277e-01,3.650381095009035647e-03
3.051280645000000180e-01,3.650151391951507625e-03
3.051485203000000035e-01,3.649921706379961883e-03
3.051826102999999901e-01,3.649538935811768268e-03
3.052098795000000031e-01,3.649232756138359474e-03
3.052303297999999776e-01,3.649003141670505677e-03
3.052644105999999802e-01,3.648620490124695592e-03
3.052712262999999759e-01,3.648543966134438262e-03
3.052916724999999998e-01,3.648314405041654020e-03
3.053461889999999901e-01,3.647702331718393268e-03
3.053666301999999888e-01,3.647472836366891236e-03
3.053734436000000163e-01,3.647396341778744860e-03
3.054279455000000199e-01,3.646784457888478572e-03
3.054892485999999852e-01,3.646096238973651777e-03
3.055301103999999990e-01,3.645637518040678680e-03
3.055369202000000062e-01,3.645561069534807887e-03
3.055641578000000136e-01,3.645255303553762011e-03
3.055913929999999890e-01,3.644949567999768072e-03
3.055982013999999913e-01,3.644873138910461555e-03
3.056186256999999795e-01,3.644643863140808321e-03
3.056526632000000077e-01,3.644261777173695826e-03
3.056730838999999755e-01,3.644032550484365297e-03
3.057003092999999727e-01,3.643726940063437593e-03
3.057547529999999902e-01,3.643115817820326372e-03
3.057751669000000061e-01,3.642886679219003651e-03
3.057819712000000023e-01,3.642810302957860420e-03
3.058023832000000275e-01,3.642581188725861965e-03
3.058159905000000234e-01,3.642428455914996366e-03
3.058568086999999824e-01,3.641970303445450641e-03
3.058636111999999962e-01,3.641893952558953804e-03
3.058704134999999935e-01,3.641817601569979478e-03
3.059248269000000020e-01,3.641206874807500441e-03
3.059928299999999934e-01,3.640443643754395862e-03
3.059996294999999811e-01,3.640367330503605642e-03
3.060200269999999723e-01,3.640138406833019757e-03
3.060540198999999739e-01,3.639756904236807894e-03
3.060880089999999942e-01,3.639375453655057779e-03
3.061016034999999857e-01,3.639222885248282781e-03
3.061423836000000120e-01,3.638765233169722647e-03
3.061627715999999944e-01,3.638536431987793567e-03
3.061899536000000088e-01,3.638231392606219687e-03
3.062375160999999957e-01,3.637697649043856920e-03
3.062714847999999934e-01,3.637316464052940419e-03
3.062918641999999858e-01,3.637087778200190271e-03
3.063054498000000181e-01,3.636935328119416614e-03
3.063258268999999867e-01,3.636706669676205515e-03
3.064141122999999856e-01,3.635716025128291149e-03
3.064276924000000069e-01,3.635563646700999251e-03
3.064344822000000246e-01,3.635487461720987579e-03
3.064684290999999949e-01,3.635106563177078250e-03
3.064887954000000136e-01,3.634878048162462974e-03
3.065363115999999999e-01,3.634344912585958480e-03
3.065430989999999856e-01,3.634268758286478274e-03
3.065702471999999790e-01,3.633964161478545757e-03
3.065973929999999958e-01,3.633659596836061063e-03
3.066177507000000246e-01,3.633431193362789222e-03
3.066720314999999975e-01,3.632822204752353488e-03
3.066788159000000125e-01,3.632746089740618214e-03
3.067263026000000004e-01,3.632213342524236860e-03
3.067534345999999856e-01,3.631908957557282262e-03
3.067602172000000182e-01,3.631832867267673244e-03
3.068144727000000072e-01,3.631224208672553799e-03
3.068415969000000132e-01,3.630919928558020218e-03
3.068619383999999783e-01,3.630691738813451950e-03
3.068958379999999764e-01,3.630311459309515983e-03
3.069026174999999745e-01,3.630235411437004577e-03
3.069229549999999973e-01,3.630007273748739154e-03
3.069568477999999878e-01,3.629627083095998685e-03
3.069704039000000217e-01,3.629475021637494810e-03
3.070652797999999795e-01,3.628410809024376453e-03
3.071059319000000176e-01,3.627954836047930613e-03
3.071398046000000104e-01,3.627574911828239379e-03
3.071601264000000109e-01,3.627346982714302771e-03
3.071872199999999831e-01,3.627043103269041256e-03
3.072210837000000083e-01,3.626663298191227808e-03
3.072481719999999861e-01,3.626359488350060049e-03
3.072684866000000015e-01,3.626131651640023944e-03
3.072752578999999873e-01,3.626055712126151007e-03
3.072820290000000121e-01,3.625979771879512658e-03
3.073226524000000071e-01,3.625524175260502920e-03
3.073294225000000046e-01,3.625448251692711243e-03
3.073361923999999856e-01,3.625372326978982054e-03
3.073903461999999975e-01,3.624765007541673727e-03
3.074106514000000123e-01,3.624537296978266789e-03
3.074444905000000006e-01,3.624157815619255540e-03
3.074647922000000033e-01,3.623930150356776975e-03
3.074918589999999785e-01,3.623626624447259977e-03
3.075189233999999772e-01,3.623323130098891204e-03
3.075527505000000272e-01,3.622943805895552545e-03
3.075933382000000105e-01,3.622488682420460515e-03
3.076068663000000036e-01,3.622336990465649473e-03
3.076271572000000010e-01,3.622109467676758524e-03
3.076542097000000142e-01,3.621806129684876537e-03
3.077083076000000084e-01,3.621199549420531932e-03
3.077285918000000065e-01,3.620972113144393240e-03
3.077556354000000050e-01,3.620668894905496558e-03
3.077623959999999936e-01,3.620593094360908485e-03
3.077894366000000215e-01,3.620289914546332821e-03
3.078164748000000173e-01,3.619986766816708171e-03
3.078367518999999830e-01,3.619759425581338137e-03
3.078705441999999848e-01,3.619380561444386808e-03
3.079178470999999750e-01,3.618850237975555773e-03
3.079313607999999980e-01,3.618698734049171327e-03
3.079516304000000093e-01,3.618471491815132297e-03
3.080056760000000060e-01,3.617865603355664966e-03
3.080326952999999923e-01,3.617562704010557698e-03
3.080394497000000231e-01,3.617486985033586868e-03
3.080529582000000044e-01,3.617335551588626939e-03
3.080597122000000021e-01,3.617259838586576320e-03
3.080934799000000224e-01,3.616881299695435745e-03
3.081407486000000140e-01,3.616351426460085415e-03
3.081880100000000122e-01,3.615821650364750735e-03
3.082015120000000108e-01,3.615670303360416730e-03
3.082217637999999926e-01,3.615443299338598048e-03
3.082555137999999917e-01,3.615064994007969115e-03
3.082757620000000087e-01,3.614838035022372147e-03
3.083567416999999922e-01,3.613930376904024924e-03
3.083634889999999906e-01,3.613854751039310281e-03
3.083769833000000182e-01,3.613703505974711142e-03
3.083837301999999836e-01,3.613627887090685529e-03
3.084039700000000273e-01,3.613401039497889794e-03
3.084377000999999896e-01,3.613022998540227956e-03
3.084579363000000130e-01,3.612796200166881050e-03
3.084646815000000042e-01,3.612720602881809399e-03
3.084849159999999979e-01,3.612493826033926630e-03
3.085186372000000010e-01,3.612115904636406527e-03
3.085253809999999874e-01,3.612040324952453356e-03
3.085456114999999833e-01,3.611813600544069511e-03
3.085793260999999954e-01,3.611435766946179387e-03
3.086197788000000219e-01,3.610982430727759443e-03
3.086871881000000095e-01,3.610227027147471044e-03
3.087006681999999724e-01,3.610075968804941568e-03
3.087074080000000165e-01,3.610000441725292990e-03
3.087343658000000213e-01,3.609698359332808460e-03
3.087411049000000074e-01,3.609622843615741331e-03
3.088084877000000228e-01,3.608867790564691813e-03
3.088421735999999918e-01,3.608490337179907480e-03
3.088489104000000096e-01,3.608414852278485092e-03
3.088893276999999937e-01,3.607961983973467183e-03
3.089027990000000057e-01,3.607811044571228049e-03
3.089162697000000235e-01,3.607660112769135556e-03
3.089499438000000153e-01,3.607282815589969976e-03
3.089768804999999952e-01,3.606981011657339579e-03
3.090038147999999985e-01,3.606679241429531536e-03
3.090240140000000135e-01,3.606452934560214381e-03
3.090307467999999780e-01,3.606377501784191475e-03
3.091115286000000184e-01,3.605472468335459580e-03
3.091317208000000094e-01,3.605246254487633976e-03
3.091721010999999852e-01,3.604793878621345617e-03
3.091922892999999783e-01,3.604567716829805944e-03
3.092259333999999860e-01,3.604190819343465208e-03
3.092663015000000071e-01,3.603738608051252571e-03
3.092730289999999771e-01,3.603663245722019993e-03
3.092797562999999861e-01,3.603587886421981065e-03
3.093268437000000204e-01,3.603060420547761489e-03
3.093335698999999939e-01,3.602985077155056604e-03
3.093470218000000105e-01,3.602834395205510316e-03
3.093537474999999981e-01,3.602759055623144628e-03
3.094613394999999878e-01,3.601553905133567449e-03
3.094882317000000049e-01,3.601252695148301434e-03
3.094949543000000136e-01,3.601177398250980047e-03
3.095151214999999900e-01,3.600951517431059175e-03
3.095487304999999800e-01,3.600575087170397592e-03
3.095688940999999916e-01,3.600349251930116609e-03
3.096428162000000039e-01,3.599521343256490997e-03
3.096495355000000171e-01,3.599446091435860688e-03
3.096562547000000221e-01,3.599370839554270028e-03
3.097032847999999783e-01,3.598844139133815928e-03
3.097100027999999949e-01,3.598768903181465400e-03
3.097301559000000259e-01,3.598543208293243385e-03
3.097570248000000026e-01,3.598242309489496724e-03
3.097771747999999992e-01,3.598016657320086270e-03
3.098846197999999830e-01,3.596813467190249948e-03
3.099114752000000084e-01,3.596512748273935928e-03
3.099181886999999858e-01,3.596437573591143837e-03
3.099786036000000133e-01,3.595761085647335414e-03
3.100322958000000240e-01,3.595159896604166894e-03
3.100524279999999910e-01,3.594934481271533193e-03
3.100725588000000088e-01,3.594709083321037755e-03
3.100792687999999742e-01,3.594633955964218232e-03
3.100993980000000261e-01,3.594408582328455747e-03
3.101329435999999884e-01,3.594032998824315834e-03
3.101597775000000112e-01,3.593732567923951012e-03
3.101799014000000132e-01,3.593507263211877766e-03
3.102134383999999856e-01,3.593131795940298322e-03
3.102402652999999844e-01,3.592831456241925639e-03
3.102469716999999849e-01,3.592756376967741645e-03
3.102939122999999744e-01,3.592230873005336066e-03
3.103140274999999781e-01,3.592005685544404341e-03
3.103207323000000128e-01,3.591930627027634364e-03
3.104011783000000246e-01,3.591030075940693667e-03
3.104614991999999907e-01,3.590354845227329127e-03
3.104816034999999808e-01,3.590129804633092423e-03
3.105017065999999826e-01,3.589904778977032716e-03
3.105352088000000177e-01,3.589529779444330417e-03
3.105553082999999992e-01,3.589304799710740530e-03
3.106155992999999893e-01,3.588629971732397970e-03
3.106222974999999775e-01,3.588555001618428265e-03
3.106423915000000036e-01,3.588330098296379535e-03
3.106758785000000023e-01,3.587955300972253941e-03
3.106959690000000163e-01,3.587730445486069387e-03
3.107160581000000255e-01,3.587505606092941408e-03
3.107227542000000065e-01,3.587430662913020443e-03
3.107294501999999792e-01,3.587355724288193628e-03
3.107428416999999943e-01,3.587205847742365884e-03
3.107763178999999876e-01,3.586831195239516355e-03
3.108834174999999811e-01,3.585632631009848595e-03
3.109101866000000269e-01,3.585333067566155371e-03
3.109436447000000214e-01,3.584958656059563948e-03
3.109570269999999970e-01,3.584808905867302702e-03
3.109971703000000143e-01,3.584359698245249450e-03
3.110172399999999726e-01,3.584135122458570206e-03
3.110373084999999982e-01,3.583910561454811943e-03
3.110640644000000066e-01,3.583611176305259022e-03
3.110975060000000236e-01,3.583236988721873965e-03
3.111041938999999923e-01,3.583162156127500664e-03
3.111576918000000247e-01,3.582563570499190837e-03
3.111777512000000190e-01,3.582339132457607305e-03
3.111978092000000085e-01,3.582114712609584146e-03
3.112044950000000254e-01,3.582039908517954414e-03
3.112780285999999785e-01,3.581217202995974885e-03
3.112847126000000131e-01,3.581142423814427829e-03
3.113181305000000121e-01,3.580768554125397275e-03
3.113381794999999785e-01,3.580544256446821852e-03
3.113649096000000172e-01,3.580245218301145952e-03
3.113849556000000129e-01,3.580020959038907047e-03
3.114784865999999930e-01,3.578974651088375012e-03
3.115252414999999941e-01,3.578451638182221766e-03
3.115719894999999795e-01,3.577928721299067534e-03
3.115786671999999924e-01,3.577854024646553131e-03
3.115853447999999970e-01,3.577779332512127323e-03
3.116053765999999836e-01,3.577555266279420880e-03
3.116254070999999737e-01,3.577331216543665812e-03
3.116320837000000066e-01,3.577256535771351342e-03
3.116587885000000058e-01,3.576957837014631183e-03
3.116921663000000176e-01,3.576584509158945314e-03
3.117055163999999934e-01,3.576435189875742070e-03
3.117388891999999800e-01,3.576061928166128761e-03
3.117455632999999726e-01,3.575987281744437331e-03
3.117655849000000035e-01,3.575763351885889816e-03
3.117856050999999740e-01,3.575539441620647577e-03
3.117989512000000074e-01,3.575390177222343042e-03
3.118189693000000262e-01,3.575166295389986624e-03
3.118456580999999783e-01,3.574867813472284994e-03
3.118723447000000260e-01,3.574569360427920679e-03
3.118990288999999860e-01,3.574270940130592784e-03
3.119056995999999748e-01,3.574196340783718923e-03
3.120057430000000021e-01,3.573077564436212203e-03
3.120257477999999751e-01,3.572853862169749622e-03
3.120524190000000253e-01,3.572555618280371607e-03
3.120657537000000037e-01,3.572406508432340259e-03
3.121124205999999957e-01,3.571884682262909359e-03
3.121190868000000007e-01,3.571810143463278065e-03
3.121390842999999804e-01,3.571586538132658951e-03
3.121657458000000052e-01,3.571288426048515631e-03
3.121724108000000220e-01,3.571213901344141416e-03
3.122190617999999751e-01,3.570692292282138906e-03
3.122257257000000119e-01,3.570617784303109325e-03
3.122390529999999886e-01,3.570468773231821706e-03
3.122657059000000235e-01,3.570170776848049978e-03
3.122790315000000261e-01,3.570021788491789701e-03
3.123190048000000218e-01,3.569574874489664113e-03
3.123456508999999937e-01,3.569276969161045820e-03
3.123523120999999736e-01,3.569202497433312474e-03
3.124255754999999968e-01,3.568383439183566742e-03
3.124388942999999919e-01,3.568234542384086851e-03
3.124588714000000045e-01,3.568011215163787667e-03
3.124855054999999826e-01,3.567713471248567646e-03
3.125387669999999951e-01,3.567118075097978815e-03
3.125454240000000161e-01,3.567043660325897904e-03
3.125587376999999778e-01,3.566894835588001710e-03
3.125653943000000212e-01,3.566820424725396406e-03
3.125920193999999763e-01,3.566522803896883878e-03
3.126519174999999873e-01,3.565853269320650755e-03
3.126984970000000197e-01,3.565332627100095859e-03
3.127450694999999725e-01,3.564812079451999335e-03
3.127716792999999940e-01,3.564514667306401506e-03
3.127783313999999981e-01,3.564440317017813793e-03
3.128780957000000251e-01,3.563325318762782662e-03
3.128847455000000055e-01,3.563251001685769498e-03
3.129046940999999915e-01,3.563028059955014246e-03
3.129179925000000195e-01,3.562879440679142615e-03
3.129379389999999983e-01,3.562656528092017147e-03
3.129645323999999951e-01,3.562359336797240022e-03
3.130177123999999811e-01,3.561765046155564336e-03
3.130243591999999908e-01,3.561690769177389485e-03
3.130442989000000176e-01,3.561467948335030748e-03
3.130708832999999913e-01,3.561170877701684123e-03
3.130775290000000211e-01,3.561096616925761484e-03
3.130974652999999885e-01,3.560873842155630378e-03
3.131240451999999785e-01,3.560576834574274464e-03
3.131771979999999900e-01,3.559982912255293171e-03
3.131838415000000042e-01,3.559908680156831113e-03
3.132369842000000126e-01,3.559314894463306428e-03
3.132569103999999771e-01,3.559092258486898797e-03
3.132834767000000076e-01,3.558795434593559938e-03
3.133033999000000014e-01,3.558572836353298546e-03
3.133100407000000143e-01,3.558498641275695089e-03
3.133366025000000055e-01,3.558201880925751168e-03
3.133963583000000108e-01,3.557534277371032175e-03
3.134162743000000195e-01,3.557311777539276521e-03
3.134428270999999877e-01,3.557015138708440310e-03
3.134892890000000043e-01,3.556496093271051175e-03
3.135025625999999788e-01,3.556347811262784014e-03
3.135158356000000146e-01,3.556199537049857615e-03
3.135423800000000094e-01,3.555903012636188118e-03
3.135556513000000156e-01,3.555754760709400799e-03
3.135755572000000213e-01,3.555532399959652340e-03
3.136020964999999827e-01,3.555235941860494450e-03
3.136087309999999739e-01,3.555161832827786594e-03
3.136618017000000203e-01,3.554569027666813329e-03
3.136817009000000267e-01,3.554346757814681994e-03
3.137281275000000091e-01,3.553828193959082497e-03
3.137546538000000051e-01,3.553531913129143877e-03
3.137612851000000092e-01,3.553457849574578539e-03
3.138143299999999747e-01,3.552865394764705836e-03
3.138209599999999821e-01,3.552791347880882977e-03
3.138342195000000112e-01,3.552643256274056957e-03
3.138408490999999856e-01,3.552569214364015467e-03
3.138938804999999999e-01,3.551976943939280998e-03
3.139137650000000113e-01,3.551754873589831833e-03
3.139734109000000273e-01,3.551088768386207514e-03
3.140197943999999963e-01,3.550570791441548871e-03
3.140264199999999728e-01,3.550496803103874409e-03
3.140330454999999965e-01,3.550422815213923403e-03
3.140529212000000014e-01,3.550200865469766483e-03
3.141522807000000084e-01,3.549091373623389049e-03
3.141589034999999752e-01,3.549017423236664696e-03
3.141787711999999844e-01,3.548795582917785643e-03
3.141920156999999936e-01,3.548647698586271989e-03
3.142118812999999955e-01,3.548425886132880198e-03
3.142383668000000019e-01,3.548130162431296745e-03
3.142582294999999859e-01,3.547908390337936677e-03
3.142648500999999928e-01,3.547834469304184633e-03
3.143178100999999836e-01,3.547243175308704456e-03
3.143906154000000175e-01,3.546430345290510315e-03
3.143972332000000147e-01,3.546356463724917481e-03
3.144501707999999840e-01,3.545765474947144315e-03
3.144567873999999930e-01,3.545691609855241948e-03
3.144700201000000250e-01,3.545543886152998595e-03
3.144766363000000009e-01,3.545470026166541375e-03
3.145097150000000230e-01,3.545100758002673030e-03
3.145295605000000272e-01,3.544879220418929548e-03
3.145626335999999745e-01,3.544510028661493600e-03
3.145758618999999756e-01,3.544362364134878186e-03
3.146353822999999883e-01,3.543697973170315332e-03
3.146684443000000164e-01,3.543328933634056887e-03
3.146816680999999782e-01,3.543181329160414918e-03
3.146882798000000259e-01,3.543107531247488041e-03
3.147147252999999978e-01,3.542812355897709958e-03
3.147411685000000015e-01,3.542517212328860892e-03
3.147676094999999896e-01,3.542222097988109199e-03
3.147742193999999993e-01,3.542148324526342169e-03
3.147874386999999774e-01,3.542000783523248462e-03
3.147940482000000095e-01,3.541927014301754929e-03
3.148138758999999842e-01,3.541705720875232798e-03
3.148270935999999964e-01,3.541558202194472742e-03
3.148667433999999821e-01,3.541115691829539464e-03
3.148733511999999846e-01,3.541041945877706001e-03
3.149262087999999959e-01,3.540452051451685716e-03
3.149328154000000102e-01,3.540378324646839634e-03
3.149526342000000256e-01,3.540157150023556885e-03
3.149724519000000056e-01,3.539935995421062114e-03
3.150385016999999732e-01,3.539198931982153688e-03
3.150847283000000054e-01,3.538683101957920771e-03
3.151045376000000120e-01,3.538462058904216171e-03
3.151441524999999966e-01,3.538020026883052001e-03
3.151639580999999746e-01,3.537799034650248274e-03
3.151837624000000115e-01,3.537578061500819184e-03
3.151903636000000231e-01,3.537504408365023129e-03
3.152497678999999775e-01,3.536841605363757156e-03
3.152695669000000200e-01,3.536620706263425649e-03
3.152893646000000105e-01,3.536399822693993625e-03
3.153025623999999860e-01,3.536252578119494262e-03
3.153223580000000248e-01,3.536031722773922553e-03
3.154081248000000226e-01,3.535074887022755189e-03
3.154279138000000149e-01,3.534854123907835415e-03
3.154477015000000106e-01,3.534633375671910379e-03
3.154542972000000112e-01,3.534559798147481318e-03
3.154806783999999920e-01,3.534265504168907987e-03
3.155268401999999917e-01,3.533750563852541045e-03
3.155598088000000079e-01,3.533382803672941407e-03
3.155664020999999764e-01,3.533309258377896004e-03
3.156191435999999850e-01,3.532720956925071345e-03
3.156389193999999954e-01,3.532500375941636812e-03
3.156586939000000092e-01,3.532279812139242289e-03
3.156652851000000259e-01,3.532206294361360781e-03
3.157180101000000016e-01,3.531618222303056429e-03
3.157377796999999986e-01,3.531397726038344818e-03
3.157443692999999940e-01,3.531324229886484162e-03
3.157773151000000111e-01,3.530956785467643209e-03
3.157970809999999795e-01,3.530736339588580377e-03
3.158431965999999869e-01,3.530222033538040795e-03
3.158695452999999986e-01,3.529928187497478366e-03
3.158761320999999844e-01,3.529854729652220826e-03
3.159024780999999948e-01,3.529560921237704773e-03
3.159288218999999898e-01,3.529267141123385541e-03
3.159815028999999886e-01,3.528679674515082087e-03
3.160341750999999810e-01,3.528092327331591119e-03
3.160539249000000050e-01,3.527872103142747854e-03
3.160605079000000095e-01,3.527798698927328298e-03
3.160802560000000039e-01,3.527578497869677740e-03
3.160934208000000245e-01,3.527431706174728645e-03
3.161592362999999795e-01,3.526697863132249779e-03
3.161658171000000239e-01,3.526624489810727906e-03
3.161921389999999832e-01,3.526331013041943564e-03
3.161987191000000252e-01,3.526257647368422846e-03
3.162184585999999742e-01,3.526037565066654587e-03
3.162513551000000200e-01,3.525670799490227773e-03
3.162710912999999735e-01,3.525450764595268027e-03
3.162908262999999942e-01,3.525230743788529755e-03
3.162974043999999818e-01,3.525157407855826052e-03
3.163500240000000074e-01,3.524570786672839157e-03
3.163566007999999985e-01,3.524497467641585311e-03
3.164289370000000212e-01,3.523691080152904082e-03
3.164552368999999921e-01,3.523397906727744697e-03
3.165144038000000104e-01,3.522738372608417295e-03
3.165341235999999947e-01,3.522518562405263075e-03
3.165669872999999912e-01,3.522152250924611566e-03
3.165867038999999883e-01,3.521932485277001063e-03
3.166129906999999855e-01,3.521639492028097972e-03
3.166392753000000226e-01,3.521346529435765045e-03
3.166655577999999971e-01,3.521053594243450137e-03
3.166721281000000054e-01,3.520980366743243356e-03
3.166852681999999808e-01,3.520833914824907790e-03
3.167246853999999834e-01,3.520394604602463621e-03
3.167443922000000023e-01,3.520174975410246977e-03
3.167706659000000258e-01,3.519882162534393715e-03
3.167903698000000268e-01,3.519662572099753212e-03
3.168232068999999873e-01,3.519296628271437362e-03
3.168494740999999726e-01,3.519003905532271277e-03
3.168691731000000122e-01,3.518784383418240361e-03
3.169020020000000160e-01,3.518418551130182009e-03
3.169282627000000185e-01,3.518125918530414908e-03
3.169348275000000159e-01,3.518052764819146628e-03
3.169873413000000029e-01,3.517467605986761454e-03
3.170004683000000045e-01,3.517321336987375840e-03
3.170398462999999833e-01,3.516882569732527469e-03
3.170595334999999904e-01,3.516663210639949660e-03
3.170857811000000193e-01,3.516370759809837009e-03
3.171382697999999833e-01,3.515785945772307262e-03
3.171448303000000135e-01,3.515712853486108874e-03
3.172169866999999810e-01,3.514908953331792596e-03
3.172956840000000223e-01,3.514032230778799115e-03
3.173022412000000014e-01,3.513959182519897292e-03
3.173219120999999920e-01,3.513740051597239508e-03
3.173415816999999861e-01,3.513520934964955728e-03
3.173481380000000018e-01,3.513447901497618580e-03
3.173546942000000093e-01,3.513374868637425975e-03
3.173940282000000113e-01,3.512936709652413579e-03
3.174071384000000107e-01,3.512790671823449746e-03
3.174202481000000242e-01,3.512644642340934011e-03
3.174530200999999829e-01,3.512279599080857500e-03
3.174595740000000221e-01,3.512206596980663176e-03
3.174792350999999790e-01,3.511987598024252782e-03
3.174988951000000115e-01,3.511768618164907898e-03
3.175120009999999882e-01,3.511622639811779779e-03
3.175251063999999790e-01,3.511476670558302815e-03
3.175316588000000051e-01,3.511403688827656553e-03
3.175513154999999865e-01,3.511184752942643223e-03
3.175840738999999857e-01,3.510819897767063474e-03
3.176364803000000236e-01,3.510236227286855047e-03
3.176692299000000164e-01,3.509871494351321074e-03
3.177347189999999988e-01,3.509142168909584487e-03
3.177609108000000182e-01,3.508850491116188505e-03
3.178132880999999799e-01,3.508267227391263180e-03
3.178263809999999912e-01,3.508121429471895009e-03
3.178722021000000009e-01,3.507611195641752687e-03
3.179441934000000192e-01,3.506809587675769647e-03
3.179507371999999998e-01,3.506736726981891667e-03
3.179703680000000032e-01,3.506518151812599085e-03
3.179834543999999763e-01,3.506372444555617366e-03
3.180292529000000035e-01,3.505862526168444966e-03
3.180554205000000190e-01,3.505571185526607392e-03
3.180815860000000272e-01,3.505279875619000951e-03
3.180881269999999983e-01,3.505207051418604818e-03
3.181077492000000118e-01,3.504988594624524213e-03
3.181404502999999884e-01,3.504624536150292586e-03
3.181796872000000054e-01,3.504187729742406880e-03
3.181862261999999775e-01,3.504114933075326219e-03
3.182319954999999756e-01,3.503605422145160322e-03
3.182385334000000232e-01,3.503532641512960549e-03
3.182581463999999971e-01,3.503314314289517149e-03
3.182646838000000034e-01,3.503241541494033027e-03
3.182908320000000235e-01,3.502950471256716710e-03
3.183169780999999809e-01,3.502659429749402278e-03
3.183365863000000018e-01,3.502441168409680099e-03
3.183627285999999779e-01,3.502150181810471073e-03
3.183954035000000071e-01,3.501786487274438035e-03
3.184019381000000037e-01,3.501713755369673543e-03
3.184542097999999988e-01,3.501131956981168997e-03
3.184672763999999989e-01,3.500986525460683414e-03
3.184738094999999825e-01,3.500913814541622981e-03
3.185521962999999790e-01,3.500041409494056028e-03
3.185587276999999884e-01,3.499968721287769098e-03
3.185783208999999894e-01,3.499750668000573516e-03
3.185979130000000104e-01,3.499532630357083882e-03
3.186109737000000219e-01,3.499387283346962283e-03
3.186501526000000140e-01,3.498951282124282414e-03
3.186566820000000244e-01,3.498878622377786865e-03
3.186762691999999730e-01,3.498660652431662740e-03
3.187154401000000248e-01,3.498224764577998868e-03
3.187350237000000086e-01,3.498006846003490471e-03
3.187611334000000074e-01,3.497716311595578005e-03
3.187676604999999941e-01,3.497643684219339539e-03
3.187872408999999907e-01,3.497425811244663212e-03
3.188133463000000223e-01,3.497135337471358758e-03
3.188655505999999917e-01,3.496554481337797553e-03
3.188851249999999915e-01,3.496336690082420956e-03
3.189242702000000262e-01,3.495901161862237632e-03
3.189438410000000057e-01,3.495683421016672343e-03
3.189895016000000028e-01,3.495175426294419574e-03
3.190221122999999936e-01,3.494812628616924925e-03
3.190481983999999827e-01,3.494522426008668785e-03
3.190808030999999767e-01,3.494159711355443020e-03
3.191003642999999945e-01,3.493942106742661466e-03
3.191264441000000174e-01,3.493651990433776621e-03
3.191720785000000116e-01,3.493144361800458193e-03
3.191785972000000249e-01,3.493071852153526932e-03
3.191851157000000216e-01,3.492999341278136063e-03
3.191981523999999903e-01,3.492854330096461114e-03
3.192242241000000091e-01,3.492564327257359751e-03
3.192893942000000207e-01,3.491839448262818845e-03
3.193024266000000222e-01,3.491694495684711207e-03
3.193350053999999827e-01,3.491332145847459746e-03
3.193415206999999922e-01,3.491259681372553027e-03
3.193610660000000268e-01,3.491042298247796008e-03
3.194131807000000212e-01,3.490462696086306816e-03
3.194327216000000247e-01,3.490245375007861896e-03
3.194652869999999867e-01,3.489883210774132136e-03
3.195108729999999730e-01,3.489376258075165167e-03
3.195173848000000261e-01,3.489303846135982049e-03
3.195499415999999981e-01,3.488941802953467782e-03
3.195955155999999908e-01,3.488435019991681287e-03
3.196150453000000113e-01,3.488217854506837738e-03
3.196541010999999766e-01,3.487783575388355827e-03
3.196736271999999768e-01,3.487566462045972333e-03
3.196996602000000132e-01,3.487277001258014524e-03
3.197061681000000211e-01,3.487204642970571575e-03
3.197256909999999785e-01,3.486987572311943482e-03
3.198102767000000068e-01,3.486047130990641441e-03
3.198232878999999751e-01,3.485902475045583523e-03
3.199013439000000236e-01,3.485034697464529842e-03
3.199078477000000253e-01,3.484962395751527772e-03
3.199598733999999833e-01,3.484384040102964444e-03
3.199663759999999968e-01,3.484311753684224758e-03
3.200053889999999734e-01,3.483878076802324631e-03
3.200573988000000036e-01,3.483299944366559809e-03
3.201158997999999922e-01,3.482649688127472526e-03
3.201743900999999837e-01,3.481999581566329761e-03
3.202198752000000037e-01,3.481494048306622933e-03
3.202263725000000227e-01,3.481421836375423514e-03
3.202393667999999805e-01,3.481277418789983230e-03
3.202718501999999856e-01,3.480916405275551097e-03
3.202783464999999774e-01,3.480844208181208248e-03
3.202978344999999893e-01,3.480627627942252476e-03
3.203303120000000059e-01,3.480266698024298173e-03
3.203433021000000047e-01,3.480122340563259874e-03
3.203757749000000210e-01,3.479761476022982369e-03
3.204017507999999959e-01,3.479472818499914060e-03
3.204342177999999763e-01,3.479112037070944321e-03
3.204536962999999794e-01,3.478895589808553204e-03
3.204731737000000025e-01,3.478679161259434337e-03
3.205056333999999896e-01,3.478318481762133867e-03
3.205510715000000066e-01,3.477813609952011380e-03
3.205835233000000062e-01,3.477453039653326337e-03
3.205900132999999763e-01,3.477380932339476857e-03
3.206094823999999788e-01,3.477164618945089661e-03
3.206289502999999930e-01,3.476948322543230510e-03
3.206354393999999997e-01,3.476876227741889855e-03
3.206613942000000050e-01,3.476587865719229543e-03
3.206808589999999848e-01,3.476371615129301030e-03
3.206873470000000115e-01,3.476299533118019751e-03
3.206938348999999744e-01,3.476227456538159843e-03
3.207976229000000234e-01,3.475074451481435008e-03
3.208170793999999826e-01,3.474858317231113713e-03
3.208365347000000090e-01,3.474642196248114556e-03
3.208430196000000012e-01,3.474570161425858100e-03
3.208624733000000062e-01,3.474354064873054655e-03
3.208689576000000043e-01,3.474282037088307230e-03
3.208948936000000085e-01,3.473993940858061038e-03
3.209013773000000125e-01,3.473921921288868151e-03
3.209208275000000055e-01,3.473705873330747238e-03
3.209532419000000192e-01,3.473345832574429616e-03
3.210569461000000180e-01,3.472194012694085428e-03
3.211023061000000123e-01,3.471690238735808398e-03
3.211087856000000018e-01,3.471618279736215628e-03
3.211282232000000070e-01,3.471402410470939524e-03
3.211476596999999766e-01,3.471186557704277528e-03
3.211541383000000027e-01,3.471114610298000475e-03
3.211606167000000123e-01,3.471042665327351510e-03
3.211735732000000065e-01,3.470898779640202696e-03
3.212059621000000198e-01,3.470539097348748769e-03
3.212318707999999856e-01,3.470251387210750594e-03
3.212642539000000186e-01,3.469891788859807893e-03
3.212772061999999984e-01,3.469747963310658694e-03
3.212836821000000231e-01,3.469676052287463952e-03
3.213095845999999756e-01,3.469388428753444973e-03
3.213678575999999731e-01,3.468741384834540548e-03
3.213808056999999940e-01,3.468597618798743062e-03
3.213872796000000198e-01,3.468525738828388306e-03
3.214196469999999750e-01,3.468166360944024192e-03
3.214584835000000029e-01,3.467735170573488061e-03
3.215167294999999870e-01,3.467088509450940749e-03
3.215232006000000031e-01,3.467016667410869040e-03
3.215426131999999937e-01,3.466801150766822895e-03
3.215620247000000043e-01,3.466585653198039386e-03
3.215943743999999938e-01,3.466226524482919538e-03
3.216267208999999960e-01,3.465867442772580399e-03
3.216720006000000076e-01,3.465364806028597890e-03
3.216784685999999893e-01,3.465293007124224320e-03
3.216914041999999752e-01,3.465149417143369159e-03
3.216978717999999793e-01,3.465077625954960175e-03
3.217172738999999893e-01,3.464862258427219271e-03
3.217302079000000092e-01,3.464718689878556936e-03
3.217496080999999730e-01,3.464503353697923234e-03
3.217948703999999882e-01,3.464000961527536910e-03
3.218271967999999927e-01,3.463642165337689569e-03
3.218724481999999942e-01,3.463139927278403862e-03
3.219047668000000195e-01,3.462781241093709078e-03
3.219306192999999983e-01,3.462494325341876258e-03
3.219758562000000213e-01,3.461992292709359462e-03
3.219887799000000217e-01,3.461848873469090902e-03
3.220017030999999808e-01,3.461705459015050612e-03
3.220081644000000187e-01,3.461633754499778177e-03
3.220404693999999735e-01,3.461275262824087783e-03
3.220598507999999915e-01,3.461060188772850828e-03
3.220856908999999990e-01,3.460773449618042771e-03
3.220921506000000156e-01,3.460701769546853379e-03
3.221438233999999734e-01,3.460128393653740496e-03
3.221631985999999781e-01,3.459913407943486941e-03
3.221954879999999743e-01,3.459555136939801954e-03
3.222148601000000001e-01,3.459340196094934979e-03
3.222406877999999808e-01,3.459053631925192423e-03
3.222923368000000233e-01,3.458480594840333561e-03
3.223117031000000132e-01,3.458265735381540681e-03
3.223181582999999906e-01,3.458194120609040488e-03
3.223375230000000147e-01,3.457979282874570036e-03
3.223697949000000063e-01,3.457621259295105484e-03
3.223956101000000074e-01,3.457334874497091769e-03
3.224149701999999840e-01,3.457120102718333563e-03
3.224536867999999723e-01,3.456690610375631658e-03
3.224730433999999923e-01,3.456475889021563049e-03
3.224988503999999812e-01,3.456189622071857703e-03
3.225053017999999772e-01,3.456118058658182689e-03
3.225440076000000156e-01,3.455688720918858627e-03
3.226020574999999835e-01,3.455044839011448855e-03
3.226085068999999805e-01,3.454973305143246680e-03
3.226214051999999888e-01,3.454830243979992773e-03
3.226278542000000082e-01,3.454758715281115635e-03
3.227245731999999756e-01,3.453686017979580580e-03
3.227568063999999848e-01,3.453328546016259416e-03
3.227632527000000029e-01,3.453257056768088001e-03
3.227825906999999828e-01,3.453042598718758516e-03
3.228019274999999744e-01,3.452828157856607794e-03
3.228341530000000126e-01,3.452470793956858609e-03
3.228599310999999972e-01,3.452184934621754190e-03
3.229114811000000085e-01,3.451613307323340464e-03
3.229565805999999872e-01,3.451113227050833874e-03
3.229630229000000075e-01,3.451041794641961785e-03
3.230145564999999941e-01,3.450470400581603231e-03
3.230338794000000013e-01,3.450256158004487168e-03
3.230725219000000203e-01,3.449827722301470299e-03
3.230918414000000238e-01,3.449613528054208678e-03
3.231111596999999835e-01,3.449399352348596608e-03
3.231240378999999940e-01,3.449256575546143667e-03
3.231369157000000270e-01,3.449113808138805186e-03
3.231626696000000076e-01,3.448828294398700433e-03
3.231691078000000217e-01,3.448756919678578389e-03
3.231948591000000093e-01,3.448471441088592129e-03
3.232206085000000062e-01,3.448185993165880144e-03
3.232270454999999765e-01,3.448114636543108107e-03
3.232399190999999949e-01,3.447971924537217812e-03
3.232785369000000242e-01,3.447543840634193727e-03
3.232978441000000092e-01,3.447329822627023636e-03
3.233171501000000059e-01,3.447115821599724180e-03
3.233235851999999855e-01,3.447044491429576522e-03
3.233686271999999806e-01,3.446545232066018389e-03
3.233750612999999885e-01,3.446473916282405230e-03
3.234007962000000069e-01,3.446188671050608079e-03
3.234329620999999988e-01,3.445832159665467714e-03
3.235294403999999790e-01,3.444762891231318430e-03
3.235358711999999914e-01,3.444691622512640553e-03
3.235744536999999865e-01,3.444264040466349288e-03
3.236258899000000189e-01,3.443694035860985370e-03
3.236323187999999851e-01,3.443622793142188561e-03
3.236580332999999809e-01,3.443337840211846586e-03
3.236837457999999779e-01,3.443052918373329906e-03
3.236901736000000196e-01,3.442981691184477614e-03
3.237094562000000231e-01,3.442768025248956702e-03
3.237415913999999728e-01,3.442411950501480730e-03
3.237608708999999974e-01,3.442198324690291193e-03
3.238444024000000088e-01,3.441272813295445741e-03
3.238572514999999985e-01,3.441130454250974219e-03
3.238636757999999727e-01,3.441059278044773188e-03
3.238893720000000087e-01,3.440774588564058777e-03
3.238957956999999888e-01,3.440703421209810337e-03
3.239343352999999870e-01,3.440276453981763131e-03
3.239600257999999955e-01,3.439991843900962448e-03
3.239921360999999944e-01,3.439636123597886955e-03
3.239985577999999755e-01,3.439564984946511927e-03
3.240178221000000192e-01,3.439351581445464906e-03
3.240627676000000235e-01,3.438853698738349261e-03
3.240691877999999915e-01,3.438782580421811345e-03
3.241526398999999836e-01,3.437858206101188866e-03
3.241718949999999877e-01,3.437644931042860546e-03
3.242039843000000254e-01,3.437289512568642968e-03
3.242232364000000033e-01,3.437076283347011065e-03
3.242681533999999810e-01,3.436578809368573927e-03
3.243066486999999776e-01,3.436152474019538074e-03
3.243515542000000029e-01,3.435655167667298580e-03
3.243579688000000072e-01,3.435584129706063371e-03
3.243772117000000010e-01,3.435371032039610112e-03
3.243964535000000149e-01,3.435157949279094014e-03
3.244092807000000245e-01,3.435015903121413187e-03
3.244541718999999769e-01,3.434518798417239126e-03
3.244798213000000264e-01,3.434234779798146179e-03
3.245118801999999913e-01,3.433879795685942839e-03
3.245311139000000011e-01,3.433666828505315283e-03
3.245567571999999901e-01,3.433382897073203495e-03
3.245759884000000151e-01,3.433169966049565234e-03
3.245823984999999801e-01,3.433098993674502802e-03
3.246080377000000183e-01,3.432815118968861323e-03
3.246336749000000022e-01,3.432531274555405271e-03
3.246657185999999862e-01,3.432176509739908159e-03
3.247105744000000072e-01,3.431679915048591132e-03
3.247618306000000232e-01,3.431112486270636221e-03
3.247810494999999742e-01,3.430899730933336701e-03
3.247874555999999968e-01,3.430828815943244309e-03
3.248066730999999985e-01,3.430616082560680562e-03
3.248130786999999797e-01,3.430545175307848221e-03
3.248386997000000109e-01,3.430261562016736956e-03
3.248579140999999781e-01,3.430048870941416420e-03
3.248707230999999807e-01,3.429907085563808043e-03
3.248835315999999973e-01,3.429765309477714273e-03
3.249411635000000187e-01,3.429127403015063726e-03
3.249603718999999891e-01,3.428914799353248444e-03
3.249731768999999937e-01,3.428773071141890533e-03
3.249923833999999734e-01,3.428560495522846915e-03
3.250179901999999954e-01,3.428277086992088420e-03
3.250755982999999905e-01,3.427639520906190698e-03
3.250947987999999733e-01,3.427427032873955979e-03
3.251267970000000229e-01,3.427072919654248779e-03
3.251459944000000268e-01,3.426860474599954277e-03
3.251651906999999952e-01,3.426648045176842756e-03
3.251715891999999997e-01,3.426577240496097524e-03
3.251907839000000022e-01,3.426364832055178115e-03
3.252163752000000185e-01,3.426081647063775049e-03
3.252739480999999877e-01,3.425444587490154326e-03
3.252803444999999849e-01,3.425373813530208263e-03
3.253251155999999922e-01,3.424878435712826619e-03
3.253315109000000094e-01,3.424807674388563421e-03
3.253826692999999826e-01,3.424241654165152346e-03
3.253954575999999932e-01,3.424100166537659331e-03
3.254210328000000096e-01,3.423817211940073570e-03
3.254338196000000072e-01,3.423675747211393176e-03
3.254529989000000123e-01,3.423463562585856226e-03
3.254785694999999812e-01,3.423180675950758967e-03
3.255552694000000136e-01,3.422332184359489632e-03
3.256063926000000164e-01,3.421766669860280222e-03
3.256255617000000102e-01,3.421554631841304366e-03
3.256894505999999856e-01,3.420847954326769816e-03
3.257022269000000025e-01,3.420706640104674914e-03
3.257086149000000264e-01,3.420635987075630428e-03
3.257341653999999975e-01,3.420353388535865482e-03
3.257788741000000043e-01,3.419858910415152567e-03
3.257852606000000151e-01,3.419788277643979850e-03
3.257916469000000093e-01,3.419717646991242768e-03
3.258427329999999955e-01,3.419152667311914015e-03
3.259065792999999989e-01,3.418446605273763733e-03
3.259129633000000248e-01,3.418376008066886015e-03
3.259384978000000044e-01,3.418093641223493660e-03
3.259640303999999933e-01,3.417811303405952905e-03
3.259895608999999750e-01,3.417528991541879824e-03
3.259959432000000268e-01,3.417458420930356063e-03
3.260087074999999945e-01,3.417317279567386613e-03
3.260150895000000215e-01,3.417246712121901030e-03
3.260469972999999744e-01,3.416893902003165142e-03
3.260661404999999902e-01,3.416682237257146967e-03
3.260852826000000260e-01,3.416470589688809078e-03
3.261108037000000071e-01,3.416188417736254999e-03
3.261427022000000231e-01,3.415835740739772784e-03
3.261490814999999932e-01,3.415765212535468252e-03
3.261682187000000122e-01,3.415553633669285872e-03
3.262001116000000089e-01,3.415201040232382183e-03
3.262447564000000022e-01,3.414707485684732348e-03
3.262511337999999816e-01,3.414636983866447054e-03
3.263149001999999799e-01,3.413932076773736404e-03
3.263212762000000100e-01,3.413861593629424936e-03
3.263914035000000102e-01,3.413086423772607788e-03
3.263977779000000190e-01,3.413015962948615523e-03
3.264169006000000040e-01,3.412804596306970566e-03
3.264232745999999796e-01,3.412734144786995494e-03
3.264487691999999885e-01,3.412452353423504284e-03
3.264551425000000173e-01,3.412381911812604942e-03
3.264933799999999997e-01,3.411959289629658797e-03
3.265061248000000194e-01,3.411818431241790597e-03
3.265252410999999744e-01,3.411607157254739273e-03
3.265507276999999875e-01,3.411325481361545450e-03
3.265953246000000143e-01,3.410832618378114699e-03
3.266016950999999779e-01,3.410762217822863821e-03
3.266208058000000247e-01,3.410551023227677107e-03
3.266462849999999807e-01,3.410269455770316080e-03
3.266590238000000035e-01,3.410128682161941635e-03
3.267036059000000270e-01,3.409636034698814312e-03
3.267227106999999742e-01,3.409424926740960756e-03
3.267545493999999828e-01,3.409073117240340144e-03
3.267609168000000230e-01,3.409002760745300908e-03
3.267991184999999854e-01,3.408580656284567519e-03
3.268118513000000114e-01,3.408439972159924263e-03
3.268500470999999852e-01,3.408017954970965317e-03
3.268564125999999792e-01,3.407947624198947017e-03
3.268818734000000226e-01,3.407666325152209144e-03
3.269073323000000197e-01,3.407385050622061852e-03
3.269136966999999783e-01,3.407314738125222665e-03
3.269264250999999732e-01,3.407174117001860684e-03
3.269836969000000093e-01,3.406541406490672629e-03
3.270282346999999756e-01,3.406049401345920442e-03
3.270600437000000249e-01,3.405698021790705497e-03
3.270664051000000128e-01,3.405627750702439494e-03
3.271109316999999961e-01,3.405135907919625005e-03
3.271363727000000110e-01,3.404854894467907421e-03
3.271618117000000270e-01,3.404573909852214118e-03
3.271681712000000242e-01,3.404503666965297791e-03
3.272381169999999950e-01,3.403731128392580105e-03
3.272571905000000170e-01,3.403520473056274864e-03
3.272699056000000217e-01,3.403380044350644371e-03
3.272889773000000058e-01,3.403169415317186617e-03
3.273080478000000015e-01,3.402958802446260245e-03
3.273334735000000273e-01,3.402678012014286393e-03
3.273398296000000207e-01,3.402607819027933782e-03
3.274415106999999936e-01,3.401484970202605946e-03
3.274605723999999829e-01,3.401274487679076513e-03
3.274669259999999915e-01,3.401204329578427603e-03
3.275177508000000071e-01,3.400643135224400756e-03
3.275241032999999802e-01,3.400572993503947657e-03
3.275368080000000126e-01,3.400432716055875725e-03
3.275749191999999810e-01,3.400011927262012925e-03
3.275939730999999910e-01,3.399801557270475897e-03
3.276193766000000118e-01,3.399521089272263159e-03
3.276257271999999943e-01,3.399450976362538169e-03
3.276384278999999733e-01,3.399310754400465713e-03
3.276701777000000093e-01,3.398960236969420564e-03
3.276955752999999860e-01,3.398679854314982408e-03
3.277146222000000275e-01,3.398469585918463369e-03
3.277273195000000028e-01,3.398329416413981268e-03
3.278225336999999739e-01,3.397278371147056334e-03
3.278288803000000140e-01,3.397208315956946022e-03
3.278669575000000003e-01,3.396788020242470871e-03
3.278796489999999952e-01,3.396647936921683066e-03
3.279240650999999951e-01,3.396157699938843772e-03
3.279748189000000202e-01,3.395597536502599489e-03
3.280192222000000157e-01,3.395107484418216984e-03
3.280255650000000189e-01,3.395037485396665625e-03
3.280699612999999903e-01,3.394547535500542276e-03
3.281270334999999982e-01,3.393917729524976220e-03
3.281333741999999942e-01,3.393847759207646586e-03
3.281460554000000251e-01,3.393707827249333852e-03
3.281523956999999880e-01,3.393637862956006262e-03
3.281840957000000114e-01,3.393288068289580968e-03
3.282221316999999750e-01,3.392868374420583352e-03
3.282284705999999885e-01,3.392798429537199466e-03
3.282474866000000269e-01,3.392588613855922457e-03
3.283362133000000127e-01,3.391609675580491146e-03
3.283552229999999739e-01,3.391399950432670302e-03
3.283805676000000062e-01,3.391120339279181644e-03
3.284249159000000029e-01,3.390631090316326753e-03
3.284312509000000269e-01,3.390561203040170016e-03
3.284375857999999870e-01,3.390491319780377343e-03
3.284502551999999853e-01,3.390351556877571181e-03
3.284565896000000151e-01,3.390281679334872407e-03
3.284882603000000012e-01,3.389932313527665650e-03
3.285072612000000114e-01,3.389722716179594756e-03
3.285262610999999944e-01,3.389513132718395983e-03
3.285325941000000194e-01,3.389443275547438829e-03
3.285515924999999893e-01,3.389233715940005373e-03
3.285832539999999913e-01,3.388884483652565473e-03
3.285895858999999808e-01,3.388814641116680553e-03
3.286592292000000137e-01,3.388046507006077339e-03
3.286845502999999891e-01,3.387767239213837836e-03
3.287098694999999737e-01,3.387488000841762988e-03
3.287351868000000232e-01,3.387208790285760069e-03
3.287415157999999948e-01,3.387138990967597518e-03
3.288111268000000198e-01,3.386371327171144342e-03
3.288364362999999790e-01,3.386092230163774593e-03
3.288554170999999915e-01,3.385882926194311131e-03
3.288807230999999942e-01,3.385603880138097436e-03
3.288933754000000209e-01,3.385464366962906597e-03
3.289123528999999824e-01,3.385255110915386459e-03
3.289313294000000276e-01,3.385045870102493248e-03
3.289439796999999999e-01,3.384906384212992177e-03
3.289945761999999996e-01,3.384348518811924975e-03
3.290388417999999815e-01,3.383860478318797150e-03
3.290451649999999728e-01,3.383790765346387196e-03
3.290578109000000251e-01,3.383651345359258225e-03
3.290641336999999833e-01,3.383581636957162016e-03
3.290831014000000221e-01,3.383372527520364572e-03
3.291147118000000149e-01,3.383024043141307034e-03
3.291905642999999881e-01,3.382187859951000641e-03
3.291968845000000088e-01,3.382118190873275015e-03
3.292158445000000211e-01,3.381909191299741890e-03
3.292474421000000095e-01,3.381560893461238622e-03
3.292663993000000122e-01,3.381351935230287199e-03
3.292853553000000266e-01,3.381142995740563963e-03
3.293358993000000123e-01,3.380585897571672990e-03
3.293422167999999761e-01,3.380516266769119024e-03
3.293485340999999789e-01,3.380446639785555756e-03
3.293927521000000191e-01,3.379959297386624529e-03
3.293990685000000029e-01,3.379889683520575713e-03
3.294180168999999991e-01,3.379680854422230808e-03
3.294622255999999916e-01,3.379193646312158694e-03
3.295001140000000106e-01,3.378776111220387068e-03
3.295190566000000265e-01,3.378567366963138984e-03
3.295506250999999942e-01,3.378219495862195502e-03
3.295632517000000039e-01,3.378080359565899075e-03
3.296453126000000178e-01,3.377176147345520730e-03
3.296642468000000048e-01,3.376967527016426843e-03
3.296705580000000024e-01,3.376897988137747639e-03
3.296894906999999764e-01,3.376689388712844891e-03
3.297021119999999916e-01,3.376550330253533586e-03
3.297462825999999958e-01,3.376063682996963567e-03
3.298219897999999928e-01,3.375229631863064465e-03
3.298535293000000035e-01,3.374882186452417797e-03
3.298976795999999934e-01,3.374395837904779500e-03
3.299039863000000072e-01,3.374326366723154856e-03
3.299481297999999896e-01,3.373840115707550224e-03
3.299733521000000058e-01,3.373562296967213062e-03
3.300048770999999825e-01,3.373215063107634290e-03
3.300427032000000094e-01,3.372798440997709039e-03
3.300490072000000219e-01,3.372729010174835892e-03
3.300742217000000034e-01,3.372451305307191689e-03
3.300994342999999942e-01,3.372173629711243230e-03
3.301057371000000185e-01,3.372104215713523333e-03
3.301246448999999861e-01,3.371895980173008917e-03
3.301435516999999820e-01,3.371687764421464010e-03
3.302506693999999743e-01,3.370508163674641473e-03
3.302569693999999889e-01,3.370438790791910593e-03
3.302695688999999768e-01,3.370300052122125745e-03
3.302947666000000115e-01,3.370022594250929142e-03
3.303073646999999946e-01,3.369883875921268410e-03
3.303262610000000099e-01,3.369675812966918104e-03
3.303514543000000137e-01,3.369398418836517996e-03
3.304018353000000019e-01,3.368843716695590299e-03
3.304081322999999903e-01,3.368774386427558949e-03
3.304270228999999781e-01,3.368566407984244834e-03
3.304459122999999776e-01,3.368358444257660723e-03
3.304585045999999804e-01,3.368219809773900699e-03
3.304710965000000056e-01,3.368081183236249290e-03
3.304773923000000058e-01,3.368011874056602017e-03
3.304962787999999874e-01,3.367803952991918395e-03
3.305025741000000017e-01,3.367734649294822167e-03
3.305277540000000069e-01,3.367457452891567914e-03
3.305718141999999804e-01,3.366972429245470959e-03
3.305781080999999899e-01,3.366903148561801399e-03
3.306284545000000019e-01,3.366348953202315166e-03
3.306473323999999936e-01,3.366141159316436791e-03
3.306725012999999769e-01,3.365864125509732477e-03
3.306976682000000167e-01,3.365587121359198478e-03
3.307039596999999942e-01,3.365517875469038137e-03
3.307102510000000106e-01,3.365448628814524373e-03
3.307794477000000066e-01,3.364687048503278537e-03
3.308046064999999869e-01,3.364410164696327726e-03
3.308549183999999754e-01,3.363856479209030668e-03
3.308737834000000100e-01,3.363648874782207508e-03
3.308800714999999837e-01,3.363579679635693865e-03
3.309303719000000199e-01,3.363026161895124339e-03
3.309555193000000006e-01,3.362749445298803853e-03
3.309743786000000076e-01,3.362541928723344030e-03
3.309806646999999824e-01,3.362472758585091908e-03
3.310058082999999818e-01,3.362196098624845725e-03
3.310120939000000262e-01,3.362126939146975902e-03
3.310309498999999822e-01,3.361919468352705248e-03
3.310623742000000092e-01,3.361573719622260297e-03
3.311000794999999775e-01,3.361158876964504862e-03
3.311566294000000132e-01,3.360536734609018920e-03
3.311629120999999842e-01,3.360467616982248072e-03
3.311817595000000058e-01,3.360260272962936005e-03
3.312068878000000161e-01,3.359983838651296392e-03
3.312131696000000236e-01,3.359914733510231157e-03
3.312320141999999801e-01,3.359707432924781065e-03
3.312634193999999810e-01,3.359361964993580647e-03
3.313073818000000226e-01,3.358878385466762713e-03
3.313136616999999839e-01,3.358809309160686995e-03
3.313513383000000201e-01,3.358394890144958834e-03
3.313764537000000177e-01,3.358118644978786305e-03
3.314078453000000035e-01,3.357773381121184619e-03
3.314580657000000263e-01,3.357221048587141331e-03
3.314831730000000198e-01,3.356944923490316063e-03
3.315020021999999789e-01,3.356737848267497739e-03
3.315333818999999793e-01,3.356392758694618124e-03
3.315584835000000008e-01,3.356116720625563696e-03
3.315773085000000009e-01,3.355909708610363331e-03
3.316149552000000056e-01,3.355495732688532681e-03
3.316651440999999756e-01,3.354943863756745370e-03
3.316839630000000261e-01,3.354736941311399576e-03
3.317027808999999938e-01,3.354530035931748561e-03
3.317090533000000008e-01,3.354461071097813822e-03
3.317153254999999912e-01,3.354392108450151948e-03
3.317592280000000171e-01,3.353909413944023993e-03
3.317654992999999886e-01,3.353840463267815028e-03
3.317780416000000177e-01,3.353702570497229824e-03
3.318156655000000232e-01,3.353288933211799345e-03
3.318783625999999765e-01,3.352599675949832075e-03
3.318846315999999796e-01,3.352530758793632795e-03
3.319661186000000264e-01,3.351635012323155027e-03
3.319849203999999943e-01,3.351428342229071083e-03
3.320099879000000254e-01,3.351152808524369021e-03
3.320601170999999963e-01,3.350601822601694153e-03
3.320663828000000040e-01,3.350532957923026741e-03
3.320789136999999780e-01,3.350395233411069488e-03
3.320851788999999998e-01,3.350326374078228722e-03
3.321039740000000240e-01,3.350119805684434893e-03
3.321165034999999932e-01,3.349982100678971716e-03
3.321352967999999795e-01,3.349775558108190887e-03
3.321540890999999940e-01,3.349569031297840345e-03
3.321603529000000110e-01,3.349500192840357011e-03
3.322167222999999892e-01,3.348880721976467151e-03
3.322355099000000034e-01,3.348674262793325564e-03
3.322542964999999904e-01,3.348467819994831954e-03
3.322856052000000004e-01,3.348123783511010136e-03
3.323607337999999745e-01,3.347298274115775938e-03
3.323669938000000101e-01,3.347229493302996718e-03
3.323795133999999929e-01,3.347091937912825485e-03
3.324358454999999934e-01,3.346473017879690766e-03
3.324608789999999869e-01,3.346197987265818550e-03
3.324796528000000251e-01,3.345991734350875664e-03
3.325046830000000231e-01,3.345716752682189026e-03
3.325109401999999936e-01,3.345648011793166381e-03
3.325171974000000197e-01,3.345579273960579483e-03
3.325359681000000234e-01,3.345373066233818353e-03
3.325609939999999987e-01,3.345098149142845985e-03
3.325672501999999975e-01,3.345029424913694739e-03
3.326110401999999855e-01,3.344548398570510502e-03
3.326673331000000178e-01,3.343930061215904474e-03
3.326798414000000093e-01,3.343792674146726235e-03
3.326860952999999843e-01,3.343723980841587038e-03
3.327361227000000254e-01,3.343174510277071871e-03
3.327798905000000085e-01,3.342693815993170916e-03
3.327861424999999929e-01,3.342625151748602943e-03
3.328174011000000210e-01,3.342281856741105475e-03
3.328549076000000273e-01,3.341869963257061271e-03
3.328674087999999864e-01,3.341732679812887009e-03
3.329049096000000207e-01,3.341320869908241849e-03
3.329111592999999814e-01,3.341252240035586310e-03
3.329549039999999960e-01,3.340771888275476803e-03
3.329611527999999931e-01,3.340703274205545411e-03
3.329798984999999822e-01,3.340497437651309288e-03
3.329861467999999936e-01,3.340428830747030516e-03
3.330173866000000205e-01,3.340085817184141118e-03
3.330548704999999887e-01,3.339674259511867232e-03
3.330673641999999934e-01,3.339537086371247455e-03
3.331110883999999772e-01,3.339057039072535014e-03
3.331360710999999863e-01,3.338782762783944723e-03
3.331672969000000206e-01,3.338439959386345010e-03
3.332110079999999752e-01,3.337960108787837304e-03
3.332359831999999744e-01,3.337685944532550221e-03
3.332609565999999912e-01,3.337411809335709325e-03
3.332671996000000081e-01,3.337343279962809873e-03
3.332796854000000253e-01,3.337206227459806746e-03
3.332859281000000173e-01,3.337137703351365867e-03
3.333358653999999865e-01,3.336589572350443563e-03
3.333545900000000062e-01,3.336384050848808201e-03
3.333608311999999851e-01,3.336315547797392804e-03
3.334107573999999796e-01,3.335767582891032649e-03
3.334169975999999869e-01,3.335699097559927714e-03
3.334357176000000145e-01,3.335493644969846332e-03
3.334606760000000114e-01,3.335219733398515039e-03
3.334856325000000177e-01,3.334945847891222261e-03
3.335043487000000084e-01,3.334740452157316029e-03
3.335105870999999778e-01,3.334671991216943583e-03
3.335604907999999980e-01,3.334124362025605182e-03
3.335667283000000038e-01,3.334055916650798933e-03
3.335854399000000026e-01,3.333850590222524682e-03
3.336789821999999739e-01,3.332824189010901404e-03
3.337163917000000035e-01,3.332413738592932689e-03
3.337350949999999816e-01,3.332208538059772216e-03
3.337662646999999816e-01,3.331866570275217408e-03
3.337849650999999973e-01,3.331661409374687011e-03
3.338098972999999914e-01,3.331387888712125482e-03
3.338784515000000064e-01,3.330635846154264904e-03
3.339033766999999764e-01,3.330362427946546161e-03
3.339096078000000078e-01,3.330294077912493433e-03
3.339158387000000228e-01,3.330225727514277145e-03
3.339594517999999734e-01,3.329747339112850302e-03
3.339656818000000249e-01,3.329679003419993774e-03
3.339781413999999837e-01,3.329542340654860228e-03
3.340342038999999930e-01,3.328927438826333532e-03
3.340778016000000017e-01,3.328449280168816349e-03
3.340840293999999822e-01,3.328380977999517883e-03
3.341089393000000185e-01,3.328107790408995920e-03
3.341587536999999775e-01,3.327561497677880391e-03
3.341649798999999921e-01,3.327493217368126047e-03
3.341774321000000048e-01,3.327356664656415473e-03
3.342147858999999777e-01,3.326947050046428610e-03
3.342583599999999766e-01,3.326469242894975267e-03
3.342770328999999929e-01,3.326264493852934025e-03
3.343019284000000035e-01,3.325991520853271901e-03
3.343143754999999828e-01,3.325855043621880804e-03
3.343330453000000202e-01,3.325650344331225298e-03
3.343828261999999829e-01,3.325104548969374900e-03
3.344139354999999814e-01,3.324763485117644083e-03
3.344574837000000023e-01,3.324286065362805961e-03
3.344637044000000059e-01,3.324217869492492733e-03
3.345010261999999956e-01,3.323808733620875130e-03
3.345134658999999733e-01,3.323672368014812372e-03
3.345321245000000276e-01,3.323467831552208689e-03
3.345507820999999993e-01,3.323263312403205213e-03
3.345570010999999733e-01,3.323195143109554297e-03
3.345756572999999956e-01,3.322990644929972766e-03
3.345818757999999837e-01,3.322922483693621903e-03
3.346067487000000118e-01,3.322649848791566114e-03
3.346502717000000016e-01,3.322172806462121448e-03
3.346627059000000237e-01,3.322036526068095769e-03
3.347000055000000085e-01,3.321627720047100676e-03
3.347062216999999729e-01,3.321559590541979870e-03
3.347621621999999908e-01,3.320946517098768720e-03
3.347745921999999985e-01,3.320810295933504692e-03
3.348056650999999828e-01,3.320469778167191646e-03
3.348118793000000037e-01,3.320401679707640167e-03
3.348305214000000252e-01,3.320197393842330702e-03
3.348491623000000028e-01,3.319993125077789087e-03
3.348553758000000213e-01,3.319925037059500046e-03
3.348740152999999942e-01,3.319720787974573574e-03
3.349050789999999944e-01,3.319380406715578564e-03
3.349112913999999774e-01,3.319312336724926198e-03
3.349485633000000018e-01,3.318903946571153275e-03
3.349609863999999937e-01,3.318767831224719942e-03
3.349796200999999862e-01,3.318563670051821388e-03
3.350044634000000077e-01,3.318291478245646332e-03
3.350293048999999912e-01,3.318019315363345424e-03
3.350541445999999923e-01,3.317747180867097571e-03
3.350789824000000028e-01,3.317475074741886142e-03
3.350976095000000043e-01,3.317271012514835631e-03
3.351286525000000127e-01,3.316930941429492574e-03
3.351534847000000039e-01,3.316658918278985509e-03
3.351721078000000076e-01,3.316454916557572390e-03
3.352527954999999782e-01,3.315571095138013149e-03
3.352590013999999785e-01,3.315503121013300535e-03
3.353024398000000184e-01,3.315027348840309408e-03
3.353582809000000275e-01,3.314415768980987203e-03
3.353706887999999831e-01,3.314279881001125621e-03
3.354451264000000155e-01,3.313464698130976112e-03
3.354699352000000134e-01,3.313193025111528175e-03
3.354761372000000241e-01,3.313125112369035181e-03
3.355071451000000149e-01,3.312785569172550185e-03
3.355257483999999901e-01,3.312581863779541155e-03
3.355753524000000265e-01,3.312038727263796282e-03
3.356001516000000073e-01,3.311767198570177845e-03
3.356497446000000218e-01,3.311224226554726133e-03
3.356559431999999732e-01,3.311156364035575551e-03
3.356745382999999916e-01,3.310952780923075156e-03
3.356931323999999828e-01,3.310749215981990522e-03
3.357241202999999841e-01,3.310409974730340980e-03
3.357427116000000211e-01,3.310206451244029988e-03
3.357674984999999834e-01,3.309935109176792567e-03
3.358046753000000217e-01,3.309528149189668381e-03
3.358232621999999723e-01,3.309324692983462487e-03
3.358542380999999799e-01,3.308985632588442964e-03
3.358728221999999763e-01,3.308782216762632712e-03
3.358914053000000011e-01,3.308578817381963282e-03
3.359471485000000146e-01,3.307968707793324057e-03
3.359657274999999776e-01,3.307765370826877722e-03
3.360028824999999886e-01,3.307358740488581302e-03
3.360400332999999851e-01,3.306952173568764551e-03
3.360895613000000060e-01,3.306410178795977234e-03
3.360957518000000088e-01,3.306342437526250348e-03
3.361019422000000034e-01,3.306274696640998899e-03
3.361205125999999765e-01,3.306071488841098513e-03
3.361390819999999779e-01,3.305868293551783577e-03
3.361514610999999930e-01,3.305732842178961579e-03
3.361700288000000203e-01,3.305529673825549804e-03
3.361947840999999770e-01,3.305258807186754657e-03
3.362442894000000071e-01,3.304717157553219153e-03
3.362628520000000010e-01,3.304514067062045302e-03
3.362690393000000166e-01,3.304446372682049229e-03
3.363432780000000233e-01,3.303634186015127084e-03
3.363989463000000013e-01,3.303025207231362510e-03
3.364175003000000053e-01,3.302822246538137958e-03
3.364360532999999820e-01,3.302619300667406031e-03
3.364669727999999860e-01,3.302281091373682718e-03
3.365411677999999851e-01,3.301469563269956737e-03
3.365597140000000098e-01,3.301266720576266807e-03
3.365906221000000142e-01,3.300928683473334201e-03
3.365968033999999776e-01,3.300861079465259446e-03
3.366153465000000233e-01,3.300658283919335675e-03
3.366400690999999945e-01,3.300387912792563869e-03
3.366462494999999944e-01,3.300320323036701371e-03
3.366895088999999897e-01,3.299847249594096109e-03
3.366956883000000178e-01,3.299779676541895069e-03
3.367142260000000054e-01,3.299576961160172964e-03
3.367451199000000006e-01,3.299239138337858347e-03
3.367574765999999942e-01,3.299104020608587071e-03
3.367636548999999868e-01,3.299036464804740686e-03
3.367883665999999998e-01,3.298766257734851107e-03
3.368130764999999749e-01,3.298496077401827289e-03
3.368439612999999944e-01,3.298158392401002136e-03
3.368563144000000231e-01,3.298023328687268562e-03
3.368933711000000053e-01,3.297618182443781427e-03
3.369118978999999792e-01,3.297415634000060939e-03
3.369365986999999785e-01,3.297145589869410285e-03
3.369859949999999826e-01,3.296605587488641697e-03
3.369921690000000081e-01,3.296538094481886623e-03
3.370106903999999792e-01,3.296335628161120405e-03
3.370292107000000259e-01,3.296133173545980673e-03
3.370353839999999934e-01,3.296065694639068854e-03
3.370415570999999999e-01,3.295998213997569735e-03
3.370785934000000150e-01,3.295593378299940725e-03
3.370909378999999984e-01,3.295458443895752862e-03
3.371526537999999795e-01,3.294783886019526757e-03
3.372081885000000057e-01,3.294176929891901116e-03
3.372328675999999859e-01,3.293907215677518378e-03
3.372513757999999751e-01,3.293704949088898347e-03
3.372575448999999836e-01,3.293637528082999071e-03
3.372822203999999990e-01,3.293367868597351332e-03
3.372883890000000218e-01,3.293300459895498727e-03
3.373253982000000151e-01,3.292896032739198956e-03
3.373377336999999754e-01,3.292761235202589128e-03
3.373809044000000146e-01,3.292289505639163245e-03
3.374302356000000169e-01,3.291750488460258757e-03
3.374364014999999828e-01,3.291683120391606515e-03
3.374487330000000007e-01,3.291548384652244995e-03
3.374548984999999890e-01,3.291481021216364350e-03
3.374795595999999787e-01,3.291211579233475903e-03
3.375350403999999860e-01,3.290605439873238360e-03
3.375473682999999836e-01,3.290470760396344615e-03
3.375781858999999940e-01,3.290134092403794799e-03
3.375843491000000141e-01,3.290066764846793449e-03
3.376028380000000162e-01,3.289864788502800796e-03
3.376336504999999932e-01,3.289528195620115055e-03
3.376459748000000261e-01,3.289393573625108615e-03
3.376521366999999940e-01,3.289326261996293119e-03
3.376706219000000231e-01,3.289124343561087172e-03
3.377260712999999859e-01,3.288518680147071733e-03
3.377322318000000045e-01,3.288451391524495077e-03
3.377815116999999812e-01,3.287913153408668961e-03
3.377999897999999779e-01,3.287711340803833523e-03
3.378184669000000029e-01,3.287509546028561432e-03
3.378246256999999919e-01,3.287442282805112456e-03
3.378431014000000121e-01,3.287240508619556061e-03
3.378985225000000203e-01,3.286635272420564829e-03
3.379231511999999937e-01,3.286366324635892587e-03
3.379293080999999921e-01,3.286299089848595915e-03
3.379724033000000016e-01,3.285828506926000061e-03
3.379785592999999810e-01,3.285761288544999850e-03
3.380216481000000162e-01,3.285290801883410106e-03
3.380278031999999766e-01,3.285223594618707447e-03
3.380401130999999837e-01,3.285089189056269055e-03
3.380647313999999848e-01,3.284820396122596891e-03
3.380955018999999839e-01,3.284484443820083824e-03
3.381139628000000008e-01,3.284282893424188277e-03
3.381385758000000075e-01,3.284014185053362855e-03
3.381693396000000074e-01,3.283678332895321496e-03
3.382247071999999743e-01,3.283073912362710189e-03
3.383169665999999909e-01,3.282066848744777735e-03
3.383231163000000041e-01,3.281999724984879709e-03
3.383354154000000058e-01,3.281865482533532791e-03
3.383415647999999942e-01,3.281798363928199042e-03
3.383723101000000177e-01,3.281462792719546002e-03
3.384153488000000154e-01,3.280993069095196422e-03
3.384645291999999750e-01,3.280456343126867368e-03
3.384706761999999869e-01,3.280389259258953156e-03
3.385075560999999955e-01,3.279986795785602271e-03
3.385198484999999979e-01,3.279852656108904821e-03
3.385321405000000228e-01,3.279718521861364495e-03
3.385382862999999909e-01,3.279651457471971943e-03
3.385874488000000238e-01,3.279115001634674148e-03
3.386304601999999830e-01,3.278645693159460122e-03
3.386366042000000243e-01,3.278578656843950199e-03
3.386550355999999873e-01,3.278377555792804862e-03
3.386673226999999953e-01,3.278243496649737524e-03
3.386857524999999924e-01,3.278042420143734582e-03
3.387287513000000194e-01,3.277573301069591771e-03
3.387656030999999790e-01,3.277171268547185087e-03
3.387840274999999735e-01,3.276970271379004047e-03
3.388085919000000112e-01,3.276702303337429220e-03
3.388147327000000097e-01,3.276635315405070081e-03
3.388515751000000242e-01,3.276233421986423592e-03
3.388577152000000203e-01,3.276166446769746259e-03
3.389129704000000132e-01,3.275563738519459128e-03
3.389313867000000036e-01,3.275362865883785224e-03
3.389804921999999832e-01,3.274827281264760300e-03
3.390050423000000035e-01,3.274559530541623024e-03
3.390234536999999770e-01,3.274358733116539914e-03
3.390541370999999859e-01,3.274024107104028716e-03
3.391093602999999956e-01,3.273421887241635079e-03
3.391277659999999972e-01,3.273221177106837212e-03
3.392259130999999983e-01,3.272150984881176759e-03
3.392443124999999782e-01,3.271950369246416895e-03
3.392565781999999919e-01,3.271816636082314298e-03
3.393056366000000157e-01,3.271281770669394202e-03
3.393179001000000139e-01,3.271148070584877117e-03
3.393485568999999868e-01,3.270813852784599466e-03
3.393546879000000072e-01,3.270747012856177558e-03
3.393730803000000185e-01,3.270546505857645312e-03
3.393914718000000108e-01,3.270346014938251954e-03
3.394037321999999746e-01,3.270212362498642420e-03
3.394159921000000080e-01,3.270078717798593181e-03
3.394221218999999845e-01,3.270011896938948646e-03
3.394405106999999755e-01,3.269811446032381674e-03
3.394466400999999744e-01,3.269744634548975206e-03
3.394711563999999737e-01,3.269477397329054440e-03
3.394956709999999989e-01,3.269210188166568089e-03
3.395140557999999920e-01,3.269009797109956837e-03
3.395201837999999861e-01,3.268943004402786144e-03
3.395692041999999744e-01,3.268408718870176484e-03
3.395875850000000251e-01,3.268208392426399413e-03
3.396120911000000131e-01,3.267941310590085236e-03
3.396672236000000122e-01,3.267340476126515906e-03
3.396855991000000130e-01,3.267140229082510314e-03
3.397162227000000145e-01,3.266806517707734458e-03
3.397407196000000185e-01,3.266539576694115366e-03
3.397958312000000092e-01,3.265939063297944832e-03
3.398141996999999859e-01,3.265738922992490832e-03
3.398325672999999991e-01,3.265538795258424772e-03
3.398448117000000268e-01,3.265405386609766640e-03
3.398631776000000104e-01,3.265205288465826503e-03
3.399121485000000109e-01,3.264671759892579222e-03
3.399427516999999899e-01,3.264338361000594310e-03
3.399611122999999790e-01,3.264138340926211936e-03
3.400100690000000259e-01,3.263605029509428039e-03
3.400345448000000048e-01,3.263338415752367605e-03
3.400773730000000161e-01,3.262871904904949237e-03
3.400834909000000073e-01,3.262805267779801937e-03
3.400896086999999901e-01,3.262738630538514900e-03
3.401018438999999782e-01,3.262605362480742923e-03
3.401324300999999939e-01,3.262272224419728115e-03
3.401385470000000133e-01,3.262205603873183455e-03
3.401813620999999954e-01,3.261739291985115384e-03
3.401997098999999802e-01,3.261539469869956676e-03
3.402302871999999812e-01,3.261206467291035728e-03
3.402853195000000164e-01,3.260607168592175812e-03
3.402975476000000277e-01,3.260474010306481114e-03
3.403036615999999737e-01,3.260407432825941209e-03
3.403281161999999749e-01,3.260141141800395031e-03
3.403831326000000268e-01,3.259542084596801174e-03
3.403953572999999788e-01,3.259408978423246166e-03
3.404014694999999979e-01,3.259342428897067743e-03
3.404198052999999891e-01,3.259142790444397465e-03
3.404320287000000000e-01,3.259009704404086053e-03
3.404686961000000234e-01,3.258610491087853001e-03
3.404748069999999904e-01,3.258543959074140014e-03
3.405236897999999734e-01,3.258011781432944287e-03
3.405297997000000243e-01,3.257945268436962701e-03
3.405481285999999996e-01,3.257745733058176052e-03
3.405970010000000103e-01,3.257213717528731865e-03
3.406153263000000209e-01,3.257014238368954699e-03
3.406214344999999866e-01,3.256947749642195595e-03
3.406275425999999995e-01,3.256881260535685572e-03
3.406702964000000167e-01,3.256415892401529327e-03
3.406764036000000107e-01,3.256349419356584576e-03
3.406947247000000067e-01,3.256150005288311645e-03
3.407252575999999977e-01,3.255817685556313366e-03
3.407435759999999925e-01,3.255618312046851953e-03
3.407618934000000155e-01,3.255418955298665200e-03
3.407679989999999881e-01,3.255352506617337910e-03
3.407863151000000146e-01,3.255153170440685650e-03
3.408229443999999941e-01,3.254754540400929628e-03
3.408412576000000027e-01,3.254555247780925240e-03
3.408595697999999841e-01,3.254355972557646838e-03
3.408900879000000272e-01,3.254023878012663861e-03
3.409572182000000229e-01,3.253293419039148850e-03
3.409694222999999913e-01,3.253160629174599739e-03
3.409877276000000124e-01,3.252961459540495027e-03
3.410182341999999922e-01,3.252629542167034295e-03
3.410609390000000074e-01,3.252164926264650580e-03
3.410670391999999773e-01,3.252098559771415993e-03
3.410792394000000116e-01,3.251965832368377673e-03
3.411097377999999791e-01,3.251634041376146207e-03
3.411646281999999863e-01,3.251036921070664734e-03
3.412012168999999928e-01,3.250638918003382217e-03
3.412073145999999779e-01,3.250572589852527249e-03
3.412317045000000104e-01,3.250307294124917153e-03
3.412560926000000050e-01,3.250042024295997801e-03
3.412743824999999731e-01,3.249843090702394469e-03
3.412804789000000172e-01,3.249776781386122266e-03
3.413109594000000024e-01,3.249445267273198476e-03
3.413292464000000082e-01,3.249246377307102567e-03
3.413536274999999787e-01,3.248981216384316893e-03
3.413719122000000161e-01,3.248782363501566493e-03
3.413962903000000160e-01,3.248517247909889476e-03
3.414023844999999890e-01,3.248450973899676131e-03
3.414084787000000176e-01,3.248384701346121797e-03
3.414267603999999734e-01,3.248185892495112758e-03
3.414572277999999850e-01,3.247854580087090881e-03
3.415059701000000003e-01,3.247324565614249665e-03
3.415486138000000116e-01,3.246860889516538402e-03
3.415729793000000236e-01,3.246595968616423737e-03
3.415912521999999729e-01,3.246397296311570591e-03
3.416399753000000095e-01,3.245867577875319581e-03
3.416643342999999833e-01,3.245602755845128015e-03
3.416947805000000171e-01,3.245271769566676970e-03
3.417008693999999958e-01,3.245205575979713715e-03
3.417374007000000269e-01,3.244808458966760064e-03
3.417495769000000183e-01,3.244676097294827300e-03
3.417678404000000225e-01,3.244477572367242962e-03
3.417861028999999995e-01,3.244279059488482803e-03
3.418408847000000139e-01,3.243683614663287525e-03
3.418652293000000175e-01,3.243419014984153664e-03
3.418895721999999915e-01,3.243154444235283804e-03
3.418956577000000219e-01,3.243088304039341320e-03
3.419139133999999913e-01,3.242889897701996607e-03
3.419382528000000088e-01,3.242625380154981994e-03
3.419565062000000100e-01,3.242427007463241379e-03
3.420112606999999860e-01,3.241831984648356046e-03
3.420416760000000167e-01,3.241501471588808733e-03
3.420842530000000048e-01,3.241038827992961859e-03
3.421085803000000203e-01,3.240774497203886221e-03
3.421389870000000055e-01,3.240444120203068296e-03
3.421511488999999795e-01,3.240311980988323185e-03
3.421754713999999864e-01,3.240047724451243592e-03
3.422301908000000004e-01,3.239453240613459923e-03
3.423031363999999854e-01,3.238660808102476404e-03
3.423335258999999908e-01,3.238330698291007250e-03
3.423760665000000203e-01,3.237868614247544404e-03
3.423821432999999970e-01,3.237802609105670977e-03
3.424307537999999873e-01,3.237274626738705693e-03
3.424429053999999972e-01,3.237142647666854320e-03
3.424489809999999856e-01,3.237076660014075700e-03
3.424793575000000256e-01,3.236746751797268951e-03
3.425158057000000089e-01,3.236350914463020749e-03
3.425218800000000008e-01,3.236284949277394400e-03
3.425461761999999966e-01,3.236021098074996858e-03
3.425704707000000182e-01,3.235757272931858667e-03
3.425947635000000102e-01,3.235493476220306988e-03
3.426433439000000081e-01,3.234965960008782775e-03
3.427101305999999958e-01,3.234240800244134618e-03
3.427162014999999839e-01,3.234174887789634158e-03
3.427344135000000014e-01,3.233977155981605095e-03
3.427404840000000119e-01,3.233911251761987463e-03
3.427586946999999773e-01,3.233713538617913330e-03
3.427647647000000020e-01,3.233647638123595281e-03
3.428072517999999902e-01,3.233186384347927923e-03
3.428618702999999823e-01,3.232593461661534273e-03
3.428679385000000246e-01,3.232527589793266105e-03
3.429286145000000063e-01,3.231868962059419696e-03
3.429528819000000062e-01,3.231605558523806439e-03
3.429589485000000271e-01,3.231539710887500628e-03
3.429832138000000197e-01,3.231276338732172893e-03
3.430074772999999744e-01,3.231012993339013595e-03
3.430256737999999861e-01,3.230815504055803769e-03
3.430317391000000105e-01,3.230749676962217827e-03
3.430802575999999937e-01,3.230223119986478167e-03
3.430984503000000241e-01,3.230025688566917977e-03
3.431045142999999964e-01,3.229959880814218132e-03
3.431530225000000156e-01,3.229433486416430441e-03
3.431590855000000162e-01,3.229367694391646094e-03
3.431954615000000208e-01,3.228972975478299357e-03
3.432015238000000190e-01,3.228907195105022894e-03
3.432075860000000089e-01,3.228841415792805224e-03
3.432257718999999763e-01,3.228644089830676016e-03
3.432560795999999859e-01,3.228315244413602469e-03
3.433045664000000108e-01,3.227789181066417507e-03
3.433166870000000093e-01,3.227657681476562776e-03
3.433409270000000180e-01,3.227394702164586640e-03
3.433530463000000199e-01,3.227263222899080884e-03
3.433712245000000163e-01,3.227066015852374323e-03
3.434136366000000162e-01,3.226605924461440136e-03
3.434439276999999846e-01,3.226277337491085910e-03
3.434499856000000073e-01,3.226211626306806426e-03
3.434681587000000258e-01,3.226014499335649790e-03
3.434984449999999856e-01,3.225685987224633042e-03
3.435347851000000174e-01,3.225291826254286700e-03
3.435832325000000020e-01,3.224766371025109078e-03
3.435953433000000223e-01,3.224635025884022357e-03
3.436074537000000095e-01,3.224503686356701166e-03
3.436135087000000143e-01,3.224438017679811218e-03
3.436619450000000242e-01,3.223912736125262961e-03
3.437345867000000110e-01,3.223125012449232912e-03
3.437406395000000003e-01,3.223059382317006085e-03
3.437587972000000214e-01,3.222862492625384878e-03
3.438314183999999774e-01,3.222075087489029935e-03
3.438798241000000089e-01,3.221550283419199676e-03
3.438858743000000051e-01,3.221484689998754900e-03
3.438979743999999727e-01,3.221353509856368647e-03
3.439040242999999997e-01,3.221287921894984158e-03
3.439342722000000019e-01,3.220960007032171862e-03
3.439524197000000116e-01,3.220763277274302228e-03
3.439705663000000024e-01,3.220566562278645312e-03
3.439766148999999773e-01,3.220500994397423183e-03
3.439947601000000188e-01,3.220304300408537677e-03
3.440310476999999811e-01,3.219910955278260881e-03
3.440491901000000130e-01,3.219714305131669754e-03
3.440733785000000267e-01,3.219452127934676559e-03
3.440794253000000191e-01,3.219386588104486847e-03
3.440975651000000024e-01,3.219189977851137207e-03
3.441157040000000222e-01,3.218993381181683728e-03
3.441701147999999821e-01,3.218403685079016408e-03
3.442426492999999810e-01,3.217617631415715593e-03
3.442607804999999743e-01,3.217421154689994144e-03
3.442849539999999764e-01,3.217159210948474651e-03
3.443393381000000031e-01,3.216569929296145530e-03
3.443574642000000186e-01,3.216373532554164631e-03
3.443695478000000088e-01,3.216242609953926575e-03
3.444118368999999902e-01,3.215784430854358878e-03
3.444601609999999869e-01,3.215260895587220003e-03
3.444662010000000274e-01,3.215195462044381607e-03
3.444782806999999725e-01,3.215064598593044172e-03
3.444843203999999881e-01,3.214999168607045061e-03
3.445084782000000234e-01,3.214737467915646831e-03
3.445145173999999977e-01,3.214672048163854431e-03
3.445628271000000242e-01,3.214148738913959972e-03
3.446050923999999793e-01,3.213690930731677876e-03
3.446292417999999858e-01,3.213429361637412576e-03
3.446714989999999923e-01,3.212971678196050763e-03
3.446775353000000042e-01,3.212906303455747691e-03
3.447499629999999926e-01,3.212121913303903932e-03
3.447559978999999997e-01,3.212056556559676843e-03
3.447680674999999972e-01,3.211925853299774612e-03
3.447741020999999795e-01,3.211860502623019135e-03
3.448042736999999969e-01,3.211533776545919070e-03
3.448223753999999919e-01,3.211337762290034353e-03
3.448465095000000091e-01,3.211076429041169120e-03
3.448646089999999886e-01,3.210880448131434896e-03
3.448887400999999797e-01,3.210619163801819390e-03
3.448947727000000185e-01,3.210553846230079604e-03
3.449008050999999853e-01,3.210488529272335217e-03
3.449430290000000121e-01,3.210031368426641100e-03
3.449490606000000237e-01,3.209966065575762563e-03
3.449671547000000005e-01,3.209770167334201861e-03
3.449912787000000147e-01,3.209508996558864315e-03
3.450455513999999835e-01,3.208921452419486852e-03
3.450817285000000179e-01,3.208529831326818911e-03
3.450937867000000159e-01,3.208399303281062823e-03
3.451118731999999745e-01,3.208203526672066819e-03
3.451299588000000251e-01,3.208007760326807289e-03
3.451359870999999857e-01,3.207942509989035896e-03
3.451540713999999843e-01,3.207746767042585299e-03
3.451600992000000145e-01,3.207681522750521243e-03
3.452384521999999900e-01,3.206833488759955764e-03
3.452565310999999859e-01,3.206637829936391342e-03
3.452746090000000101e-01,3.206442185846248866e-03
3.452806347999999859e-01,3.206376973070990902e-03
3.453288373000000244e-01,3.205855338571533299e-03
3.453469114000000117e-01,3.205659751919296818e-03
3.453529359999999993e-01,3.205594558242303924e-03
3.453770330000000000e-01,3.205333807480576641e-03
3.454011283000000265e-01,3.205073081360226839e-03
3.454252219999999762e-01,3.204812383107934724e-03
3.454794265999999725e-01,3.204225904496525636e-03
3.454974928999999806e-01,3.204030442654567153e-03
3.455396439000000264e-01,3.203574420705418251e-03
3.455697486000000040e-01,3.203248740834142849e-03
3.456179106999999751e-01,3.202727735494040936e-03
3.456359697999999980e-01,3.202532384812744291e-03
3.456600470999999786e-01,3.202271942927617087e-03
3.456720851000000261e-01,3.202141732641483000e-03
3.456901412999999756e-01,3.201946427230528518e-03
3.457623568000000036e-01,3.201165353726534348e-03
3.457683740999999977e-01,3.201100274552926093e-03
3.458044755999999942e-01,3.200709836323931481e-03
3.458165086000000166e-01,3.200579704051122795e-03
3.458345573000000117e-01,3.200384517666918574e-03
3.458526049999999796e-01,3.200189344001354297e-03
3.458586207000000079e-01,3.200124289997948335e-03
3.458646362999999724e-01,3.200059237045348084e-03
3.459067425999999834e-01,3.199603915141601036e-03
3.459308010000000100e-01,3.199343768116091891e-03
3.459608717000000055e-01,3.199018621149520361e-03
3.460029662999999922e-01,3.198563484004207993e-03
3.460210053000000174e-01,3.198368449729387455e-03
3.460570803999999945e-01,3.197978423086109308e-03
3.460751165000000018e-01,3.197783433586245949e-03
3.461051747000000178e-01,3.197458481769752375e-03
3.461232082999999848e-01,3.197263530320632995e-03
3.461472516999999915e-01,3.197003620313674035e-03
3.461893235999999874e-01,3.196548836930195297e-03
3.462013432000000113e-01,3.196418915545273624e-03
3.462373994999999871e-01,3.196029184788045079e-03
3.462674434999999939e-01,3.195704455105770076e-03
3.462854686999999876e-01,3.195509636837321615e-03
3.462914769000000059e-01,3.195444698327633542e-03
3.462974850000000160e-01,3.195379766474850530e-03
3.463395385999999965e-01,3.194925269302666040e-03
3.463815872000000073e-01,3.194470853663920404e-03
3.463936000999999765e-01,3.194341035910127150e-03
3.464056126000000235e-01,3.194211223999520073e-03
3.464116186999999791e-01,3.194146319301181119e-03
3.464596637999999840e-01,3.193627151224324827e-03
3.464836837999999974e-01,3.193367605047183269e-03
3.464896886000000120e-01,3.193302723254775807e-03
3.465016978000000081e-01,3.193172963161172544e-03
3.466217667000000002e-01,3.191875730141858700e-03
3.466277690999999828e-01,3.191810884514990985e-03
3.466337713000000043e-01,3.191746041189996805e-03
3.466697825999999760e-01,3.191357018052876169e-03
3.466757842000000034e-01,3.191292185945727219e-03
3.466997891999999970e-01,3.191032876375334178e-03
3.467777941999999891e-01,3.190190301222527256e-03
3.467897933999999904e-01,3.190060697231833237e-03
3.467957928000000023e-01,3.189995896927663808e-03
3.468137904999999965e-01,3.189801510088571997e-03
3.468257885000000096e-01,3.189671928531938230e-03
3.468437846999999907e-01,3.189477564669265797e-03
3.468677781000000238e-01,3.189218439057902622e-03
3.468857720999999894e-01,3.189024109627668861e-03
3.469157600000000174e-01,3.188700262844259420e-03
3.469217572000000138e-01,3.188635497645537185e-03
3.469397484000000254e-01,3.188441215016150909e-03
3.469577387000000179e-01,3.188246946879418672e-03
3.469877203000000243e-01,3.187923195824946161e-03
3.470057080999999766e-01,3.187728964306179094e-03
3.470656605999999922e-01,3.187081637907118650e-03
3.470776497999999988e-01,3.186952191177095696e-03
3.470836442999999938e-01,3.186887469671194958e-03
3.471076210999999856e-01,3.186628603929597681e-03
3.471495766000000094e-01,3.186175652696103620e-03
3.471555698000000079e-01,3.186110950045416279e-03
3.471615630000000063e-01,3.186046253249935015e-03
3.471735489000000174e-01,3.185916857209680850e-03
3.472095042000000187e-01,3.185528715778496341e-03
3.472574388999999928e-01,3.185011282306601452e-03
3.472754127000000079e-01,3.184817273051352305e-03
3.473233381999999980e-01,3.184299983506172146e-03
3.473892250000000237e-01,3.183588882262518901e-03
3.474012031000000000e-01,3.183459611439105538e-03
3.474191695000000135e-01,3.183265719545687149e-03
3.474371348999999998e-01,3.183071839737365138e-03
3.474431230999999731e-01,3.183007219053655273e-03
3.474610873000000266e-01,3.182813358558614705e-03
3.474910256000000031e-01,3.182490294647241993e-03
3.475149743000000013e-01,3.182231869328714258e-03
3.475868106000000179e-01,3.181456758042933153e-03
3.475927963000000065e-01,3.181392175787174648e-03
3.476346932000000112e-01,3.180940146983873579e-03
3.476406779999999808e-01,3.180875577393752277e-03
3.476526475000000227e-01,3.180746442903720130e-03
3.476586320000000230e-01,3.180681878582581560e-03
3.477065046999999742e-01,3.180165423307160146e-03
3.477304386000000247e-01,3.179907233552649055e-03
3.477483880000000194e-01,3.179713609606431984e-03
3.477543708999999983e-01,3.179649071493962330e-03
3.477783013999999895e-01,3.179390934139531607e-03
3.477842837999999825e-01,3.179326404017540891e-03
3.478022304000000231e-01,3.179132822099346809e-03
3.478321393000000095e-01,3.178810220149957087e-03
3.478500833000000014e-01,3.178616678240220057e-03
3.478740073000000099e-01,3.178358646681839206e-03
3.479158703999999935e-01,3.177907152168856723e-03
3.479278303000000183e-01,3.177778166556632661e-03
3.479637077000000134e-01,3.177391252399317054e-03
3.479696869000000192e-01,3.177326774477202704e-03
3.479756660000000168e-01,3.177262296625976961e-03
3.479936027000000154e-01,3.177068872159250542e-03
3.480175167999999819e-01,3.176810993908476752e-03
3.480713175999999853e-01,3.176230863978063510e-03
3.481191336000000192e-01,3.175715306412494297e-03
3.481310865999999726e-01,3.175586430542901451e-03
3.481370629000000161e-01,3.175521997401510067e-03
3.481609672000000044e-01,3.175264276467987517e-03
3.482087708000000115e-01,3.174748909549612082e-03
3.482147458000000029e-01,3.174684498079137496e-03
3.483043584000000137e-01,3.173718493272483041e-03
3.483222780999999935e-01,3.173525333487690978e-03
3.483461696999999857e-01,3.173267813715604894e-03
3.483521423000000006e-01,3.173203437337504627e-03
3.484058915000000090e-01,3.172624125993273297e-03
3.484238060000000026e-01,3.172431052833599337e-03
3.484536615000000115e-01,3.172109293574911122e-03
3.484954549000000013e-01,3.171658898384955346e-03
3.485014249999999758e-01,3.171594561693497506e-03
3.485133648000000028e-01,3.171465897023547070e-03
3.485193346000000081e-01,3.171401565745544503e-03
3.485372433000000214e-01,3.171208584185178543e-03
3.485849952999999779e-01,3.170694034779451831e-03
3.485909638999999949e-01,3.170629723956613737e-03
3.486088688999999796e-01,3.170436800322453709e-03
3.486387085000000052e-01,3.170115291509338195e-03
3.487103133000000188e-01,3.169343838483535888e-03
3.487282121999999984e-01,3.169151009642133705e-03
3.487997984999999801e-01,3.168379847083552421e-03
3.488057634000000240e-01,3.168315593457299902e-03
3.488296217999999893e-01,3.168058596256585844e-03
3.488355861999999918e-01,3.167994351256146930e-03
3.488534785999999888e-01,3.167801627236189674e-03
3.488713701999999750e-01,3.167608915568799737e-03
3.488832974000000142e-01,3.167480450603608975e-03
3.489250393000000172e-01,3.167030871183758745e-03
3.489310019999999901e-01,3.166966651499727222e-03
3.489488895999999785e-01,3.166774004680710485e-03
3.489787001999999916e-01,3.166452955955315497e-03
3.489965852999999951e-01,3.166260348000200873e-03
3.490204306999999950e-01,3.166003558791331482e-03
3.490442744999999736e-01,3.165746794022148477e-03
3.490740768999999744e-01,3.165425878723868765e-03
3.490859970999999895e-01,3.165297522775032107e-03
3.490919571000000166e-01,3.165233346159123436e-03
3.491217555000000194e-01,3.164912492232655871e-03
3.491634688999999958e-01,3.164463364486194436e-03
3.491813444999999905e-01,3.164270906457153105e-03
3.492111352999999752e-01,3.163950173589922827e-03
3.492170930999999867e-01,3.163886032841661550e-03
3.492528380000000099e-01,3.163501217044215053e-03
3.492587951000000190e-01,3.163437084429174002e-03
3.492647521999999727e-01,3.163372958082698479e-03
3.493004921999999790e-01,3.162988217565663226e-03
3.493064484999999775e-01,3.162924100952970059e-03
3.493124047000000232e-01,3.162859983213649456e-03
3.493719612999999780e-01,3.162218916008409809e-03
3.493779162999999799e-01,3.162154815586204395e-03
3.494076903000000178e-01,3.161834350392240048e-03
3.494255534999999857e-01,3.161642088684409307e-03
3.494493696000000038e-01,3.161385764249268534e-03
3.494969969999999759e-01,3.160873193242818690e-03
3.495029499000000262e-01,3.160809128731940140e-03
3.495505700000000049e-01,3.160296671093224333e-03
3.496398401999999961e-01,3.159336093595393156e-03
3.496457907000000143e-01,3.159272068255314456e-03
3.496576914000000258e-01,3.159144021666252574e-03
3.496814918000000216e-01,3.158887946517390053e-03
3.496874415999999819e-01,3.158823933155154983e-03
3.497112399000000260e-01,3.158567892532083542e-03
3.497528830000000144e-01,3.158119880775690259e-03
3.497826250000000137e-01,3.157799923110642375e-03
3.497885730999999998e-01,3.157735934297562982e-03
3.498064168000000196e-01,3.157543983776251503e-03
3.498361542999999796e-01,3.157224096398349514e-03
3.498718358999999833e-01,3.156840286177998132e-03
3.499312971999999911e-01,3.156200729215048652e-03
3.499491337000000257e-01,3.156008891610875486e-03
3.499788589999999755e-01,3.155689198183855328e-03
3.499966930000000254e-01,3.155497400341939884e-03
3.500383020999999761e-01,3.155049931913369438e-03
3.500620765999999939e-01,3.154794270452962804e-03
3.500680199000000270e-01,3.154730356812929584e-03
3.500917922999999821e-01,3.154474727931342367e-03
3.501393322999999946e-01,3.153963545259507763e-03
3.501690415000000001e-01,3.153644106821428591e-03
3.502106301999999838e-01,3.153196964522909495e-03
3.502165709999999765e-01,3.153133093419909199e-03
3.502284522999999927e-01,3.153005353331911429e-03
3.502640940000000258e-01,3.152622180755745331e-03
3.502819134999999862e-01,3.152430613838770948e-03
3.503056714000000182e-01,3.152175214796616807e-03
3.503234887000000186e-01,3.151983682374417950e-03
3.503294276999999735e-01,3.151919841757884304e-03
3.503531823000000101e-01,3.151664493366043967e-03
3.503769353999999780e-01,3.151409172840833640e-03
3.503947491000000136e-01,3.151217698586742701e-03
3.504066243999999775e-01,3.151090056421196762e-03
3.504897404000000272e-01,3.150196744270483424e-03
3.504956765000000196e-01,3.150132949187879269e-03
3.505016125000000038e-01,3.150069154350270545e-03
3.505134842000000028e-01,3.149941571727698890e-03
3.505194199000000177e-01,3.149877781112209348e-03
3.505431616999999944e-01,3.149622639063427536e-03
3.505490969000000234e-01,3.149558856861466982e-03
3.505906403999999865e-01,3.149112432617650389e-03
3.506618464999999851e-01,3.148347313029170418e-03
3.507033767000000135e-01,3.147901100007636111e-03
3.507567654000000035e-01,3.147327512413413027e-03
3.507804911999999886e-01,3.147072626324373765e-03
3.507864223000000115e-01,3.147008909194085654e-03
3.507982843999999933e-01,3.146881479746612906e-03
3.508042152999999996e-01,3.146817767150694202e-03
3.508220073000000161e-01,3.146626636483518692e-03
3.508516587000000131e-01,3.146308121559821674e-03
3.508694482999999975e-01,3.146117030791257489e-03
3.508753780000000155e-01,3.146053338780172102e-03
3.508931664000000117e-01,3.145862267225579909e-03
3.509228118000000118e-01,3.145543847314709492e-03
3.509287406000000109e-01,3.145480169027447398e-03
3.509465263000000057e-01,3.145289142548577440e-03
3.509643110999999815e-01,3.145098128232766237e-03
3.509761671000000138e-01,3.144970793018784724e-03
3.510117328999999842e-01,3.144588829870714058e-03
3.510176601000000174e-01,3.144525175039102581e-03
3.510828535000000139e-01,3.143825074412900152e-03
3.511184084000000261e-01,3.143443282356337201e-03
3.511361846000000120e-01,3.143252407581899246e-03
3.511598846000000274e-01,3.142997930764916768e-03
3.511835830999999741e-01,3.142743481875238422e-03
3.512072800000000106e-01,3.142489054454831749e-03
3.512132040000000011e-01,3.142425453192875060e-03
3.512309753000000256e-01,3.142234656247542245e-03
3.512487456999999758e-01,3.142043872382990245e-03
3.512605920999999909e-01,3.141916691840487483e-03
3.512783609999999834e-01,3.141725932923371094e-03
3.513494276999999943e-01,3.140963039712770487e-03
3.513671921000000031e-01,3.140772351340771155e-03
3.513731133999999923e-01,3.140708794359352470e-03
3.513908766000000128e-01,3.140518124092020642e-03
3.514027183000000276e-01,3.140391021712244605e-03
3.514500809000000170e-01,3.139882667682481008e-03
3.514619205000000246e-01,3.139755594239272089e-03
3.514974370999999764e-01,3.139374417415755503e-03
3.515329501000000190e-01,3.138993295874072716e-03
3.515862128000000197e-01,3.138421721753834395e-03
3.516098825000000261e-01,3.138167731370079382e-03
3.516572171999999830e-01,3.137659823162242904e-03
3.517045455999999737e-01,3.137152019783265126e-03
3.517222921000000002e-01,3.136961618065950592e-03
3.517459526000000225e-01,3.136707775881100117e-03
3.517814404999999867e-01,3.136327054385947086e-03
3.517991831000000236e-01,3.136136715800257047e-03
3.518228385000000125e-01,3.135882955143957842e-03
3.518701445999999899e-01,3.135375505930408820e-03
3.519174441999999847e-01,3.134868162571190307e-03
3.519410916999999861e-01,3.134614526517370912e-03
3.519588263000000272e-01,3.134424318820581718e-03
3.519706488000000077e-01,3.134297519630618780e-03
3.520061139999999811e-01,3.133917164293366191e-03
3.520297554999999856e-01,3.133663623424745494e-03
3.520652148000000259e-01,3.133283362791974141e-03
3.520829430999999898e-01,3.133093254833007116e-03
3.521124883000000261e-01,3.132776438087177522e-03
3.521479391999999820e-01,3.132396309578291353e-03
3.521538472999999891e-01,3.132332961060775058e-03
3.522011089000000039e-01,3.131826224925150868e-03
3.522188304000000159e-01,3.131636225899232188e-03
3.522483640999999888e-01,3.131319590886616142e-03
3.522542705999999746e-01,3.131256270653925283e-03
3.522897072999999768e-01,3.130876370582743630e-03
3.522956130000000075e-01,3.130813060563120143e-03
3.523015186999999826e-01,3.130749750735186635e-03
3.523133297000000108e-01,3.130623138004350915e-03
3.523428556000000045e-01,3.130306630876814565e-03
3.523664745000000265e-01,3.130053455155047595e-03
3.523841876000000095e-01,3.129863587919402921e-03
3.524078037999999746e-01,3.129610455296491164e-03
3.524845453000000073e-01,3.128787950566007045e-03
3.524904477999999952e-01,3.128724693286745115e-03
3.525022525000000018e-01,3.128598180323304695e-03
3.525081547000000204e-01,3.128534926233249476e-03
3.525258607000000266e-01,3.128345174770480030e-03
3.525376641999999894e-01,3.128218681553801561e-03
3.525789733999999953e-01,3.127776003981460641e-03
3.526261780000000123e-01,3.127270186025857181e-03
3.526733761999999994e-01,3.126764467282315031e-03
3.526792756000000084e-01,3.126701258626002951e-03
3.527146695000000221e-01,3.126322046212473039e-03
3.527677537999999724e-01,3.125753332145166617e-03
3.527854468000000132e-01,3.125563788856314078e-03
3.528208300999999825e-01,3.125184747542958559e-03
3.528385204000000219e-01,3.124995247498277284e-03
3.528621061000000170e-01,3.124742604377949828e-03
3.528797944000000020e-01,3.124553137404967144e-03
3.529092728000000068e-01,3.124237392158543680e-03
3.529151682000000179e-01,3.124174248671439738e-03
3.529328538000000015e-01,3.123984824209890231e-03
3.529623277999999753e-01,3.123669149396832937e-03
3.530035872999999769e-01,3.123227273225638850e-03
3.530448420000000254e-01,3.122785474536757429e-03
3.530566282000000000e-01,3.122659258701788142e-03
3.530684138999999888e-01,3.122533051252613951e-03
3.530743067000000068e-01,3.122469949587293025e-03
3.530978766000000268e-01,3.122217559360716214e-03
3.531214449999999783e-01,3.121965193848618564e-03
3.531391202999999979e-01,3.121775937755006704e-03
3.531509032999999853e-01,3.121649772399366900e-03
3.531980314000000010e-01,3.121145180730917294e-03
3.532333733999999947e-01,3.120766802897475579e-03
3.532569327000000259e-01,3.120514583587865546e-03
3.532628223000000012e-01,3.120451532354661002e-03
3.532863796999999861e-01,3.120199344805142921e-03
3.533511543999999782e-01,3.119505959117306691e-03
3.533570423999999877e-01,3.119442932359352098e-03
3.533864810999999828e-01,3.119127827523135270e-03
3.534041431000000122e-01,3.118938785052450917e-03
3.534276909999999883e-01,3.118686747801073522e-03
3.534747822000000039e-01,3.118182749633061513e-03
3.534806682000000144e-01,3.118119758095329059e-03
3.534983254999999880e-01,3.117930787875938196e-03
3.535159818999999981e-01,3.117741834993793988e-03
3.535277524000000060e-01,3.117615873501265039e-03
3.535454073000000030e-01,3.117426945161743106e-03
3.535748302000000232e-01,3.117112091645102539e-03
3.536219018999999797e-01,3.116608409917558109e-03
3.536395520999999764e-01,3.116419556908789096e-03
3.536572015000000180e-01,3.116230715284595658e-03
3.537277900999999947e-01,3.115475494927975701e-03
3.537336717999999824e-01,3.115412572507247901e-03
3.537571978999999867e-01,3.115160888611057631e-03
3.538101256999999777e-01,3.114594693904544111e-03
3.538454065000000148e-01,3.114217302066910834e-03
3.538512863000000119e-01,3.114154409101805004e-03
3.538983211000000240e-01,3.113651322076441737e-03
3.539042001000000104e-01,3.113588440670290655e-03
3.539512278999999983e-01,3.113085468052405238e-03
3.539688617000000259e-01,3.112896877532230454e-03
3.539864945999999790e-01,3.112708302019734363e-03
3.539923721000000079e-01,3.112645445088380470e-03
3.540100037999999727e-01,3.112456890294007343e-03
3.540452646999999731e-01,3.112079820044920224e-03
3.540628939000000086e-01,3.111891305051603211e-03
3.541099006000000271e-01,3.111388671007943741e-03
3.541334016000000084e-01,3.111137392059153736e-03
3.541569010999999767e-01,3.110886135633302539e-03
3.541803989999999791e-01,3.110634907519347573e-03
3.541862732000000125e-01,3.110572103735526495e-03
3.541980214000000071e-01,3.110446501956003022e-03
3.542215164999999999e-01,3.110195317522487530e-03
3.542332635000000063e-01,3.110069732043244627e-03
3.542508832999999857e-01,3.109881370910543702e-03
3.542685022000000017e-01,3.109693021690282996e-03
3.542743749999999747e-01,3.109630241054598971e-03
3.542919927000000024e-01,3.109441913148857858e-03
3.543213535999999997e-01,3.109128060076874096e-03
3.543918099999999738e-01,3.108374976700877847e-03
3.544152923000000177e-01,3.108123998718046160e-03
3.544622523000000025e-01,3.107622119567387230e-03
3.544798606999999824e-01,3.107433939226469759e-03
3.544857298999999906e-01,3.107371217716460143e-03
3.545150747999999963e-01,3.107057623554326537e-03
3.545561535999999792e-01,3.106618661307383646e-03
3.545796250000000094e-01,3.106367859554941182e-03
3.546089620999999803e-01,3.106054392940372534e-03
3.546441633999999898e-01,3.105678284786573835e-03
3.546969589000000256e-01,3.105114229717140240e-03
3.547438815999999773e-01,3.104612952626576231e-03
3.547497465000000183e-01,3.104550298236915390e-03
3.547614760000000200e-01,3.104424999495029869e-03
3.547907980000000183e-01,3.104111774576593080e-03
3.547966622000000014e-01,3.104049135672819117e-03
3.548142539999999956e-01,3.103861223469952905e-03
3.548435717000000267e-01,3.103548073073938637e-03
3.548552980999999940e-01,3.103422821676474468e-03
3.548846124000000213e-01,3.103109723524214662e-03
3.548904749999999830e-01,3.103047109943117814e-03
3.549080620999999769e-01,3.102859272787731552e-03
3.549373720999999815e-01,3.102546246663855437e-03
3.549490954000000253e-01,3.102421046857963428e-03
3.549549569000000071e-01,3.102358448836784518e-03
3.549725408000000137e-01,3.102170665127265779e-03
3.550018455000000239e-01,3.101857723906824207e-03
3.550311476999999938e-01,3.101544821878959770e-03
3.550428679000000032e-01,3.101419670764488882e-03
3.550487278000000191e-01,3.101357099887182625e-03
3.550780262000000076e-01,3.101044260920185914e-03
3.550956040000000091e-01,3.100856575218890673e-03
3.551366155999999830e-01,3.100418700599742901e-03
3.551600487000000084e-01,3.100168517093354181e-03
3.551659066999999781e-01,3.100105976114503163e-03
3.552186245999999770e-01,3.099543176762759554e-03
3.552361955000000182e-01,3.099355604242353453e-03
3.552596219999999971e-01,3.099105530066295112e-03
3.552654784000000010e-01,3.099043015952845058e-03
3.553240368999999732e-01,3.098417955272229386e-03
3.553298921999999971e-01,3.098355459133112725e-03
3.553474576000000273e-01,3.098167974362475881e-03
3.553591674000000089e-01,3.098042995791229492e-03
3.554177104999999837e-01,3.097418186081439973e-03
3.554235641999999862e-01,3.097355710835728373e-03
3.554469784000000021e-01,3.097105838209096053e-03
3.554703909999999967e-01,3.096855989796080521e-03
3.554879494000000029e-01,3.096668619067853741e-03
3.554996545999999924e-01,3.096543713236280578e-03
3.555347676999999762e-01,3.096169032549773385e-03
3.555406194999999880e-01,3.096106593380085897e-03
3.555932819000000022e-01,3.095544694510808659e-03
3.556108342000000033e-01,3.095357420720595051e-03
3.556576363000000240e-01,3.094858097359920717e-03
3.557336765999999928e-01,3.094046911980169370e-03
3.557512219999999781e-01,3.093859752304009905e-03
3.557687666000000082e-01,3.093672608960372581e-03
3.557921580000000250e-01,3.093423102672408428e-03
3.557980056000000224e-01,3.093360730081731041e-03
3.558213950999999931e-01,3.093111256045871955e-03
3.558681694999999978e-01,3.092612383412412722e-03
3.558740159000000070e-01,3.092550032026342849e-03
3.559090920999999907e-01,3.092175951495674743e-03
3.559383195999999971e-01,3.091864260510819671e-03
3.559616998999999837e-01,3.091614937653822982e-03
3.560142998999999975e-01,3.091054048362797905e-03
3.560552055999999799e-01,3.090617889618745354e-03
3.560610489000000101e-01,3.090555585992142001e-03
3.560785781999999955e-01,3.090368689677536890e-03
3.560961067000000257e-01,3.090181805584036549e-03
3.561077918000000175e-01,3.090057225125322250e-03
3.561545286000000199e-01,3.089558964537077873e-03
3.561662118000000210e-01,3.089434412681458294e-03
3.562012592000000089e-01,3.089060801924177913e-03
3.562187815999999785e-01,3.088874017811603454e-03
3.562363031999999929e-01,3.088687245220215778e-03
3.562421434999999970e-01,3.088624990790344183e-03
3.562596639000000232e-01,3.088438239514823547e-03
3.562655037999999941e-01,3.088375990131179711e-03
3.562888626999999864e-01,3.088127016492308793e-03
3.563122199000000045e-01,3.087878067631970400e-03
3.563589299000000099e-01,3.087380241913880666e-03
3.564231460999999768e-01,3.086695892083040228e-03
3.564289833000000018e-01,3.086633690101840775e-03
3.564464944999999885e-01,3.086447085517037003e-03
3.564756780000000180e-01,3.086136111961939026e-03
3.564815143999999769e-01,3.086073921680304935e-03
3.565223665000000208e-01,3.085638635020773301e-03
3.565282021000000245e-01,3.085576458448904737e-03
3.565690489000000185e-01,3.085141258007853375e-03
3.565748838000000198e-01,3.085079090645614832e-03
3.565923878000000213e-01,3.084892606849587611e-03
3.566390610999999877e-01,3.084395377233016284e-03
3.566565620000000103e-01,3.084208943360083367e-03
3.567090594999999809e-01,3.083649721541014809e-03
3.567148921000000139e-01,3.083587593561276999e-03
3.567323893000000079e-01,3.083401218150410867e-03
3.567615492999999804e-01,3.083090625745064407e-03
3.567790442000000062e-01,3.082904289214462301e-03
3.568023693999999857e-01,3.082655860470668793e-03
3.568198623000000125e-01,3.082469557834470030e-03
3.568431847999999906e-01,3.082221172034972211e-03
3.568723357999999957e-01,3.081910726505198220e-03
3.568898252000000104e-01,3.081724477120273940e-03
3.569014844000000242e-01,3.081600319859988200e-03
3.569422883999999740e-01,3.081165816808323528e-03
3.569889158999999812e-01,3.080669333226131873e-03
3.569947439000000222e-01,3.080607278414447710e-03
3.570122273999999929e-01,3.080421128842082256e-03
3.570413646000000218e-01,3.080110908720382849e-03
3.570588457000000160e-01,3.079924793716359074e-03
3.570821525999999801e-01,3.079676664621431182e-03
3.571287618000000275e-01,3.079180481593869756e-03
3.571345875999999975e-01,3.079118464347807647e-03
3.571811899999999818e-01,3.078622389329177447e-03
3.571986643000000239e-01,3.078436387089521394e-03
3.572161377999999998e-01,3.078250399685527987e-03
3.572219621000000123e-01,3.078188407998099212e-03
3.572685529999999887e-01,3.077692519933792996e-03
3.572743764999999905e-01,3.077630539687321344e-03
3.572860231000000164e-01,3.077506586537899231e-03
3.572918462999999933e-01,3.077444612827176518e-03
3.573209606000000149e-01,3.077134765265887584e-03
3.573384280999999940e-01,3.076948875000789195e-03
3.573617168000000066e-01,3.076701041102122836e-03
3.573791822999999868e-01,3.076515184260477688e-03
3.574082894999999760e-01,3.076205453673150955e-03
3.574141107000000095e-01,3.076143510162978201e-03
3.574606766000000269e-01,3.075648031158364354e-03
3.574723172000000004e-01,3.075524179155467424e-03
3.575014168999999797e-01,3.075214568301286831e-03
3.575246948999999952e-01,3.074966909339373923e-03
3.575537903000000073e-01,3.074657372706168183e-03
3.575654278000000019e-01,3.074533566664844342e-03
3.575712463999999868e-01,3.074471667578550227e-03
3.576177918999999816e-01,3.073976523050492207e-03
3.576352448999999822e-01,3.073790870018515420e-03
3.576585141999999995e-01,3.073543352710550198e-03
3.576934153999999921e-01,3.073172122872883192e-03
3.577108647000000197e-01,3.072986530846135052e-03
3.577283130999999727e-01,3.072800953046579252e-03
3.577399448999999954e-01,3.072677241165569072e-03
3.577573918999999991e-01,3.072491683710619915e-03
3.577748380999999922e-01,3.072306141229279915e-03
3.577864684000000017e-01,3.072182453062944924e-03
3.578271715999999936e-01,3.071749597604429404e-03
3.578329859000000113e-01,3.071687767410471136e-03
3.578446142999999746e-01,3.071564111546676561e-03
3.578504283999999758e-01,3.071502286321304599e-03
3.578969375000000119e-01,3.071007735118394706e-03
3.579143768999999975e-01,3.070822304005776243e-03
3.579725020000000257e-01,3.070204299180871906e-03
3.580189952999999758e-01,3.069710009945767100e-03
3.580364287000000201e-01,3.069524674301298515e-03
3.580596719999999955e-01,3.069277583470387052e-03
3.581061540000000099e-01,3.068783479613332397e-03
3.581293926999999933e-01,3.068536461500163785e-03
3.581468206999999793e-01,3.068351217732241069e-03
3.581526299000000191e-01,3.068289470796085796e-03
3.581584389999999951e-01,3.068227727828901508e-03
3.581758655999999763e-01,3.068042502852736438e-03
3.582165245000000220e-01,3.067610371823960205e-03
3.582455636999999915e-01,3.067301750931045352e-03
3.582862145999999859e-01,3.066869749674338078e-03
3.582978283000000097e-01,3.066746333717751318e-03
3.583094417000000087e-01,3.066622922768174556e-03
3.583152481999999917e-01,3.066561222834503220e-03
3.583849190999999768e-01,3.065820913014544961e-03
3.584023347999999998e-01,3.065635871057948141e-03
3.584081398000000251e-01,3.065574194659197779e-03
3.584719887999999743e-01,3.064895840298738783e-03
3.584777927000000197e-01,3.064834179461849682e-03
3.585300235000000169e-01,3.064279316676056953e-03
3.585474321000000075e-01,3.064094390485974564e-03
3.585706422000000115e-01,3.063847842986130738e-03
3.585938508000000025e-01,3.063601319247081459e-03
3.586228593999999936e-01,3.063293201082571086e-03
3.586692684000000186e-01,3.062800289744370495e-03
3.587040711999999743e-01,3.062430671709114212e-03
3.587156713999999913e-01,3.062307476658207052e-03
3.587330709000000062e-01,3.062122698524136991e-03
3.587504696000000104e-01,3.061937932470311721e-03
3.587562690000000165e-01,3.061876348227054231e-03
3.588026606999999979e-01,3.061383721158327919e-03
3.588258543000000245e-01,3.061137443745571337e-03
3.588548442000000227e-01,3.060829631319377138e-03
3.588722369999999828e-01,3.060644961693980478e-03
3.588896289999999878e-01,3.060460308489741221e-03
3.588954261000000256e-01,3.060398758875200725e-03
3.589475961999999964e-01,3.059844892499580683e-03
3.589591885000000260e-01,3.059721828933576349e-03
3.590287343999999936e-01,3.058983567425444233e-03
3.590345293000000160e-01,3.058922055813047703e-03
3.590403240999999745e-01,3.058860547935270558e-03
3.590519133999999779e-01,3.058737531541880997e-03
3.590808851000000246e-01,3.058430019586437509e-03
3.590866790999999725e-01,3.058368520528639833e-03
3.591214414000000188e-01,3.057999566546973011e-03
3.591330280999999736e-01,3.057876596183727556e-03
3.591735785999999875e-01,3.057446239159253287e-03
3.591967482999999794e-01,3.057200355280186282e-03
3.592372915000000000e-01,3.056770116447873366e-03
3.592430831000000269e-01,3.056708663049222726e-03
3.592604570999999858e-01,3.056524300948940814e-03
3.592720393000000123e-01,3.056401402734261995e-03
3.593125741000000040e-01,3.055971304882063814e-03
3.593299447000000146e-01,3.055786999221636428e-03
3.593588939999999843e-01,3.055479855884397477e-03
3.593820516999999826e-01,3.055234169273741279e-03
3.593994188999999895e-01,3.055049919430291236e-03
3.594052079000000233e-01,3.054988507520488544e-03
3.594457275999999868e-01,3.054558655342254174e-03
3.594515158000000099e-01,3.054497254658694507e-03
3.594978178000000080e-01,3.054006099019590439e-03
3.595036051000000121e-01,3.053944712801300032e-03
3.595151795000000039e-01,3.053821941715964723e-03
3.595209664999999832e-01,3.053760559694931442e-03
3.595499003000000027e-01,3.053453666993003173e-03
3.595672595000000138e-01,3.053269551932066405e-03
3.596077610000000258e-01,3.052840000679739926e-03
3.596366878999999739e-01,3.052533225792616878e-03
3.596424730000000181e-01,3.052471875404424041e-03
3.596598276999999899e-01,3.052287832064975396e-03
3.596887503000000263e-01,3.051981124924375149e-03
3.597292382000000233e-01,3.051551797386807627e-03
3.597755044000000013e-01,3.051061232176238182e-03
3.597986353000000026e-01,3.050815985133955872e-03
3.598159824000000118e-01,3.050632068060815400e-03
3.598217646999999908e-01,3.050570765648276395e-03
3.598448926000000214e-01,3.050325567110902074e-03
3.598622375000000151e-01,3.050141684450760095e-03
3.598680189999999834e-01,3.050080393621920367e-03
3.599662896999999973e-01,3.049038680958102848e-03
3.599778491000000247e-01,3.048916156323195747e-03
3.600009670000000050e-01,3.048671124326516289e-03
3.600067463000000134e-01,3.048609869339318715e-03
3.600298623000000031e-01,3.048364868426846081e-03
3.600529767999999797e-01,3.048119890894528897e-03
3.600587552000000247e-01,3.048058648461694688e-03
3.600703116999999787e-01,3.047936172896491616e-03
3.601049791000000000e-01,3.047568779859532052e-03
3.601627506000000256e-01,3.046956579975816475e-03
3.601858566000000206e-01,3.046711743372149117e-03
3.601916327999999945e-01,3.046650538334324306e-03
3.602147370000000071e-01,3.046405734229879446e-03
3.602320641000000268e-01,3.046222143164065144e-03
3.602609407999999847e-01,3.045916194639178547e-03
3.602840405000000135e-01,3.045671460338170589e-03
3.602898151999999743e-01,3.045610280701657908e-03
3.603302354999999846e-01,3.045182066062740792e-03
3.603360094999999985e-01,3.045120901488743148e-03
3.603475570999999933e-01,3.044998570302240911e-03
3.603533307999999824e-01,3.044937407985576910e-03
3.603821978000000259e-01,3.044631617499404374e-03
3.603995167999999860e-01,3.044448162145435045e-03
3.604456970000000093e-01,3.043959013625831527e-03
3.604687849000000055e-01,3.043714474300353648e-03
3.604745565999999957e-01,3.043653344763950358e-03
3.605091851000000180e-01,3.043286590414208924e-03
3.605380396000000265e-01,3.042981006007781670e-03
3.606072810000000017e-01,3.042247758923714331e-03
3.606130504999999764e-01,3.042186665386257052e-03
3.606245893000000202e-01,3.042064482428525653e-03
3.606303585000000256e-01,3.042003391852586992e-03
3.606592033000000086e-01,3.041697969000246252e-03
3.606938140000000015e-01,3.041331509429438286e-03
3.606995821999999796e-01,3.041270436996955980e-03
3.607053501999999967e-01,3.041209366403204231e-03
3.607168860000000143e-01,3.041087233816315311e-03
3.607687925999999989e-01,3.040537700591227667e-03
3.607976263000000072e-01,3.040232460326677735e-03
3.608149254999999944e-01,3.040049332314212135e-03
3.608898788000000080e-01,3.039255939094749701e-03
3.609014086999999815e-01,3.039133902296555032e-03
3.609071735000000114e-01,3.039072885238450119e-03
3.609763441000000128e-01,3.038340808647610296e-03
3.609936347000000101e-01,3.038157823081539220e-03
3.610224504999999806e-01,3.037852876453736584e-03
3.610282134000000198e-01,3.037791893550053583e-03
3.610685509000000071e-01,3.037365041520604866e-03
3.610743130999999884e-01,3.037304070817469729e-03
3.610915989999999853e-01,3.037121161215131353e-03
3.611088840000000189e-01,3.036938269374810095e-03
3.611146454999999977e-01,3.036877305356748460e-03
3.611204069000000239e-01,3.036816345023383903e-03
3.611607341999999998e-01,3.036389667511394264e-03
3.611780159999999906e-01,3.036206828384993041e-03
3.612125769999999791e-01,3.035841188568183264e-03
3.612298561999999769e-01,3.035658390609949440e-03
3.612471347000000277e-01,3.035475606028595081e-03
3.612701712999999981e-01,3.035231914947800463e-03
3.612759301999999839e-01,3.035170995092590588e-03
3.613047234999999802e-01,3.034866421693397862e-03
3.613219984000000107e-01,3.034683696187897520e-03
3.613392724000000222e-01,3.034500983850979723e-03
3.613507879999999783e-01,3.034379183923821294e-03
3.613910894999999845e-01,3.033952930612034832e-03
3.614313866000000153e-01,3.033526751420375072e-03
3.614371430000000163e-01,3.033465872644658303e-03
3.614601674999999847e-01,3.033222382720873571e-03
3.614774349000000053e-01,3.033039779834802597e-03
3.615292321999999947e-01,3.032492051971375467e-03
3.615349869999999743e-01,3.032431202068162912e-03
3.615464963999999726e-01,3.032309506420904303e-03
3.615752681000000135e-01,3.032005288107470983e-03
3.615982837999999755e-01,3.031761943217106854e-03
3.616385577999999823e-01,3.031336145094773362e-03
3.616443107999999795e-01,3.031275322668259241e-03
3.616615695000000019e-01,3.031092864473654541e-03
3.616673221999999743e-01,3.031032048655448504e-03
3.617651040000000040e-01,3.029998408126288300e-03
3.618226103000000138e-01,3.029390588191191360e-03
3.618571098000000208e-01,3.029025968092277643e-03
3.618743582999999764e-01,3.028843680199887981e-03
3.618973549000000234e-01,3.028600648167423161e-03
3.619031039000000227e-01,3.028539896354959671e-03
3.619203502000000183e-01,3.028357641778653409e-03
3.619433440000000002e-01,3.028114660994914772e-03
3.619893270999999801e-01,3.027628766788714211e-03
3.620065693000000251e-01,3.027446583732009821e-03
3.620410512000000192e-01,3.027082252181886868e-03
3.620582909000000238e-01,3.026900109652824918e-03
3.620812758999999992e-01,3.026657272399762341e-03
3.620985137000000131e-01,3.026475161176914522e-03
3.621042595000000253e-01,3.026414459889831786e-03
3.621272415999999827e-01,3.026171671578181763e-03
3.621502221999999827e-01,3.025928906372359322e-03
3.621674567000000011e-01,3.025746847074944641e-03
3.621789458999999933e-01,3.025625483608591210e-03
3.621961791000000153e-01,3.025443448137485510e-03
3.622191552999999842e-01,3.025200755520103969e-03
3.622708465999999738e-01,3.024654787513143556e-03
3.622880754000000203e-01,3.024472825461695796e-03
3.623110458000000089e-01,3.024230228656360053e-03
3.623167882000000173e-01,3.024169583481426098e-03
3.623512406000000130e-01,3.023805744121238655e-03
3.623627240000000249e-01,3.023684475128517700e-03
3.624029129999999932e-01,3.023260088543738150e-03
3.624430974999999777e-01,3.022835773245007279e-03
3.624660580999999882e-01,3.022593338774588311e-03
3.624717981000000200e-01,3.022532735626415334e-03
3.625177142000000075e-01,3.022047954723353254e-03
3.625406700000000093e-01,3.021805600714977565e-03
3.625464087999999974e-01,3.021745015114212559e-03
3.625578859999999959e-01,3.021623851447228885e-03
3.625923154999999842e-01,3.021260392855178081e-03
3.626324790000000076e-01,3.020836424261986487e-03
3.626496906000000187e-01,3.020654747611056182e-03
3.626783747999999807e-01,3.020351982880949918e-03
3.626841113000000005e-01,3.020291434144773985e-03
3.627013204999999796e-01,3.020109798868261461e-03
3.627300005999999910e-01,3.019807098455582015e-03
3.628217616000000145e-01,3.018838721776111352e-03
3.628389642000000026e-01,3.018657193251655674e-03
3.628676335000000086e-01,3.018354675915234375e-03
3.628848338999999812e-01,3.018173183751663921e-03
3.629077665000000064e-01,3.017931214090779565e-03
3.629249650999999965e-01,3.017749754104427033e-03
3.629306977000000267e-01,3.017689269622361378e-03
3.629536274999999867e-01,3.017447350924940506e-03
3.630911755999999824e-01,3.015996336746058944e-03
3.631083654000000216e-01,3.015815019585277659e-03
3.631140951999999866e-01,3.015754584075698661e-03
3.631312838999999903e-01,3.015573285795210105e-03
3.631427427000000208e-01,3.015452428268505358e-03
3.631599300999999724e-01,3.015271151999832783e-03
3.631828454000000095e-01,3.015029473710806925e-03
3.632000309000000260e-01,3.014848229699895917e-03
3.632286715999999971e-01,3.014546187138178977e-03
3.632515825000000032e-01,3.014304578837695425e-03
3.632802191000000236e-01,3.014002604027430938e-03
3.632916731999999982e-01,3.013881826010464827e-03
3.633145801000000064e-01,3.013640283610652913e-03
3.633203065999999759e-01,3.013579903798891801e-03
3.633661154999999754e-01,3.013096902861562686e-03
3.633832922999999937e-01,3.012915805368312095e-03
3.633890177999999915e-01,3.012855440350723380e-03
3.634348179999999928e-01,3.012372586632068149e-03
3.634748883999999736e-01,3.011950167404138946e-03
3.634977837999999739e-01,3.011708821522897112e-03
3.635035074999999893e-01,3.011648487046660397e-03
3.635092309999999882e-01,3.011588156080000425e-03
3.635435703000000074e-01,3.011226194399987087e-03
3.635492933000000204e-01,3.011165874026929500e-03
3.635550161000000169e-01,3.011105554154168765e-03
3.635721840000000205e-01,3.010924601902555467e-03
3.635950733000000157e-01,3.010683355814117862e-03
3.636007954000000097e-01,3.010623047211375466e-03
3.636465689000000223e-01,3.010140636599033161e-03
3.636637325000000032e-01,3.009959757967339486e-03
3.636808952999999733e-01,3.009778893205587030e-03
3.637323787000000253e-01,3.009236377289465497e-03
3.637495383000000082e-01,3.009055566688410670e-03
3.637552579000000175e-01,3.008995298186655908e-03
3.637838548999999810e-01,3.008693985798973052e-03
3.638010119999999792e-01,3.008513213151319497e-03
3.638296053999999780e-01,3.008211958822909742e-03
3.638467604000000244e-01,3.008031223530559933e-03
3.638639144999999964e-01,3.007850502162389209e-03
3.638696323999999760e-01,3.007790263317119614e-03
3.639096548999999903e-01,3.007368644602250330e-03
3.639210890999999837e-01,3.007248195432691423e-03
3.639325230000000078e-01,3.007127750865733369e-03
3.640068342000000179e-01,3.006345014796207339e-03
3.640125498999999820e-01,3.006284813869216938e-03
3.640525566999999740e-01,3.005863455468296003e-03
3.640582715999999830e-01,3.005803267646682195e-03
3.640754158000000240e-01,3.005622711688553904e-03
3.641039876000000119e-01,3.005321815895970177e-03
3.641439844000000092e-01,3.004900626094998348e-03
3.641668377000000234e-01,3.004659978499212448e-03
3.641896895999999773e-01,3.004419355475362180e-03
3.641954023999999790e-01,3.004359203066527418e-03
3.642068276000000049e-01,3.004238901536665854e-03
3.642296769999999739e-01,3.003998320865620877e-03
3.642753715000000003e-01,3.003517228421555794e-03
3.643324815999999799e-01,3.002915999758415042e-03
3.643667433000000178e-01,3.002555333818688471e-03
3.643724533000000099e-01,3.002495226582394330e-03
3.643952923000000066e-01,3.002254818338366896e-03
3.644124206000000088e-01,3.002074527897037257e-03
3.644238390000000272e-01,3.001954343207290533e-03
3.644638007000000068e-01,3.001533737111079878e-03
3.644866339999999760e-01,3.001293424329440004e-03
3.645551251999999964e-01,3.000572628846593249e-03
3.645722459999999887e-01,3.000392464012713398e-03
3.646007788999999777e-01,3.000092218508317119e-03
3.646064851999999967e-01,3.000032175096149084e-03
3.646407212000000175e-01,2.999671939604755741e-03
3.646521325000000036e-01,2.999551870312283652e-03
3.646692487000000038e-01,2.999371781444923769e-03
3.647548178999999724e-01,2.998471540048101673e-03
3.647605218000000149e-01,2.998411533064063248e-03
3.648061497999999792e-01,2.997931555075555952e-03
3.648289616000000013e-01,2.997691598713300536e-03
3.648346644000000083e-01,2.997631614234952131e-03
3.648802830999999802e-01,2.997151788718339753e-03
3.648973885999999833e-01,2.996971879287662829e-03
3.649144933999999840e-01,2.996791981477631324e-03
3.649258960999999801e-01,2.996672059273523293e-03
3.649429994999999760e-01,2.996492184201479062e-03
3.649601021000000167e-01,2.996312321647790974e-03
3.649658028000000165e-01,2.996252373941427766e-03
3.649886046999999967e-01,2.996012585893590308e-03
3.650114051000000193e-01,2.995772822150191521e-03
3.650285045000000173e-01,2.995593014082968252e-03
3.650797979000000026e-01,2.995053673875045300e-03
3.651196877999999812e-01,2.994634267605364442e-03
3.651424799999999915e-01,2.994394641471045601e-03
3.651481778999999817e-01,2.994334736684407892e-03
3.651538756000000108e-01,2.994274835775503386e-03
3.651709683000000095e-01,2.994095141128692936e-03
3.651994544000000120e-01,2.993795677990775117e-03
3.652393312000000170e-01,2.993376491233295210e-03
3.652450275999999940e-01,2.993316614877594359e-03
3.652848993999999738e-01,2.992897513053573589e-03
3.652905949999999957e-01,2.992837645547345108e-03
3.653019860000000230e-01,2.992717919706833034e-03
3.653076813000000200e-01,2.992658057608781497e-03
3.653532409999999953e-01,2.992179219978874719e-03
3.653703244000000017e-01,2.991999682534872331e-03
3.653931009999999979e-01,2.991760316064967593e-03
3.654215698000000123e-01,2.991461145741017291e-03
3.654272632000000187e-01,2.991401314075397503e-03
3.655069628000000015e-01,2.990563849678425177e-03
3.655126549000000113e-01,2.990504040627876663e-03
3.655581889999999778e-01,2.990025631773261198e-03
3.655638803999999853e-01,2.989965837159594061e-03
3.655809539000000052e-01,2.989786464343308948e-03
3.656094080999999774e-01,2.989487533649025450e-03
3.656264794999999901e-01,2.989308196002003239e-03
3.656492400999999948e-01,2.989069099685452615e-03
3.656663097000000251e-01,2.988889791167355803e-03
3.657004463999999899e-01,2.988531215205241214e-03
3.657175135999999882e-01,2.988351946912401122e-03
3.657345799999999758e-01,2.988172695610047738e-03
3.657459571000000187e-01,2.988053197867980744e-03
3.657630222000000098e-01,2.987873967451483773e-03
3.658085251000000038e-01,2.987396079867186017e-03
3.658312744000000172e-01,2.987157172799671107e-03
3.658369615000000019e-01,2.987097448967301894e-03
3.658710822999999834e-01,2.986739140064440488e-03
3.658824552000000119e-01,2.986619716903388035e-03
3.658995138999999730e-01,2.986440592426921684e-03
3.659393143999999931e-01,2.986022685773564739e-03
3.659677406999999882e-01,2.985724225171940052e-03
3.659904801000000152e-01,2.985485484012786843e-03
3.660132180999999818e-01,2.985246765311156455e-03
3.660189024000000124e-01,2.985187089987564532e-03
3.660586899000000116e-01,2.984769400868445607e-03
3.660643734999999843e-01,2.984709738317913637e-03
3.661098389999999925e-01,2.984232478725233357e-03
3.661212044000000110e-01,2.984113178429802660e-03
3.661268870000000120e-01,2.984053530311869470e-03
3.661552987999999731e-01,2.983755316685028722e-03
3.661950714000000162e-01,2.983337875915943911e-03
3.662177967999999950e-01,2.983099369884754676e-03
3.662405207000000162e-01,2.982860889444617723e-03
3.662632431000000244e-01,2.982622431459819572e-03
3.663086838999999872e-01,2.982145589880209630e-03
3.663768345000000259e-01,2.981430502584689335e-03
3.663825130999999735e-01,2.981370922361158485e-03
3.663938701000000187e-01,2.981251763323115520e-03
3.663995485000000052e-01,2.981192187887928436e-03
3.664165831000000262e-01,2.981013466230671496e-03
3.664279390999999886e-01,2.980894325810373030e-03
3.664449723000000048e-01,2.980715628633308703e-03
3.664620048000000185e-01,2.980536940734848737e-03
3.664847136000000116e-01,2.980298716842401559e-03
3.665187740999999999e-01,2.979941419632215101e-03
3.665528314000000010e-01,2.979584177135596521e-03
3.665641830999999962e-01,2.979465108996447436e-03
3.666039114999999904e-01,2.979048412751201472e-03
3.666266114000000242e-01,2.978810335605705257e-03
3.666549843999999947e-01,2.978512770262525203e-03
3.666663330000000109e-01,2.978393755937838987e-03
3.666720070999999748e-01,2.978334247645600223e-03
3.667173972000000171e-01,2.977858257657804274e-03
3.667344170999999875e-01,2.977679784698365750e-03
3.667400901999999796e-01,2.977620296789670797e-03
3.667571089000000173e-01,2.977441841937017442e-03
3.667797993999999950e-01,2.977203922554287185e-03
3.667911441000000217e-01,2.977084971628415379e-03
3.668308478999999789e-01,2.976668690836703837e-03
3.668535338000000201e-01,2.976430849011048492e-03
3.668762183000000010e-01,2.976193028505725365e-03
3.669215831000000039e-01,2.975717460764084558e-03
3.669385935000000210e-01,2.975539150162070413e-03
3.669612727000000074e-01,2.975301417940966631e-03
3.669896197999999998e-01,2.975004288192897341e-03
3.670122959000000074e-01,2.974766612570037445e-03
3.670293021000000100e-01,2.974588368857280455e-03
3.670576439000000080e-01,2.974291326852790494e-03
3.670633120999999832e-01,2.974231923399862573e-03
3.670803158000000010e-01,2.974053720408648040e-03
3.671086537000000094e-01,2.973756747236462519e-03
3.671256553999999728e-01,2.973578577496842172e-03
3.671426562999999810e-01,2.973400423540821947e-03
3.671483231000000069e-01,2.973341042655199690e-03
3.671879881999999817e-01,2.972925411973188162e-03
3.671936543000000053e-01,2.972866040113635727e-03
3.671993203000000205e-01,2.972806673027443818e-03
3.672106520999999790e-01,2.972687939070119308e-03
3.672163178000000250e-01,2.972628576935127005e-03
3.672389798999999844e-01,2.972391134280444411e-03
3.672616405999999944e-01,2.972153715728426560e-03
3.672786351999999810e-01,2.971975667428756757e-03
3.672899645000000102e-01,2.971856976496160558e-03
3.673012935000000145e-01,2.971738292433983089e-03
3.673296142999999958e-01,2.971441604713982460e-03
3.673522694999999949e-01,2.971204279917746827e-03
3.673805863999999866e-01,2.970907659911404663e-03
3.673919124999999730e-01,2.970789020247859968e-03
3.674202263999999940e-01,2.970492449119525782e-03
3.674655239999999878e-01,2.970018013995127590e-03
3.675051549000000195e-01,2.969602960865638363e-03
3.675164772000000246e-01,2.969484388674455133e-03
3.675504420999999855e-01,2.969128700095199826e-03
3.675730836000000168e-01,2.968891606043724731e-03
3.676070431999999832e-01,2.968536010118104189e-03
3.676466588000000257e-01,2.968121211663514621e-03
3.676523178000000169e-01,2.968061961915277602e-03
3.676692944000000129e-01,2.967884218765701361e-03
3.676919284999999871e-01,2.967647248609773733e-03
3.676975868999999841e-01,2.967588008451031711e-03
3.677371926999999929e-01,2.967173375702401080e-03
3.677428502999999793e-01,2.967114149704064979e-03
3.677541652999999910e-01,2.966995699256705105e-03
3.677881082000000190e-01,2.966640384513869085e-03
3.678277043000000024e-01,2.966225917132640083e-03
3.678503288000000149e-01,2.965989111365636369e-03
3.678729518000000143e-01,2.965752326269239375e-03
3.678955734000000088e-01,2.965515567131384120e-03
3.679238484999999836e-01,2.965219650793736884e-03
3.679408124999999918e-01,2.965042119739009704e-03
3.679634299999999802e-01,2.964805431625402131e-03
3.680030072000000096e-01,2.964391279330955316e-03
3.680143142000000256e-01,2.964272967112163357e-03
3.680312741000000276e-01,2.964095505279955387e-03
3.680482331000000107e-01,2.963918056472510543e-03
3.680538859999999968e-01,2.963858910350137058e-03
3.680595387000000218e-01,2.963799763222934539e-03
3.680991055999999761e-01,2.963385788100036857e-03
3.681443197000000001e-01,2.962912761436573787e-03
3.681499710999999730e-01,2.962853640956204012e-03
3.681669247000000089e-01,2.962676286614436202e-03
3.681838774999999786e-01,2.962498941120607701e-03
3.682064800000000027e-01,2.962262504859698980e-03
3.682290811999999747e-01,2.962026090700537340e-03
3.682968763000000201e-01,2.961316992426705347e-03
3.683025253000000165e-01,2.961257911147464894e-03
3.683307692000000189e-01,2.960962522866875373e-03
3.683477144999999786e-01,2.960785306623903851e-03
3.683703068999999997e-01,2.960549038834873505e-03
3.684154876999999884e-01,2.960076576052025378e-03
3.684380761000000115e-01,2.959840378843120109e-03
3.684606630000000216e-01,2.959604205888828349e-03
3.685058326999999800e-01,2.959131929062625271e-03
3.685114784999999893e-01,2.959072902953887533e-03
3.685679319999999870e-01,2.958482703125233943e-03
3.685735768999999773e-01,2.958423690502946009e-03
3.686017999999999795e-01,2.958128653705749227e-03
3.686187328000000152e-01,2.957951648984654975e-03
3.686356647999999847e-01,2.957774656496960346e-03
3.686413087000000033e-01,2.957715662760509318e-03
3.686920993000000202e-01,2.957184778302474407e-03
3.687259558000000048e-01,2.956830923640050863e-03
3.687372407000000241e-01,2.956712983861895828e-03
3.687541672999999909e-01,2.956536083326765253e-03
3.688218657999999817e-01,2.955828616274586672e-03
3.688444292999999985e-01,2.955592842236357855e-03
3.688726316000000005e-01,2.955298153048090994e-03
3.688895520000000094e-01,2.955121360290336851e-03
3.689290297999999746e-01,2.954708890808713587e-03
3.689572257000000022e-01,2.954414313096503843e-03
3.689797808999999984e-01,2.954178676426636504e-03
3.689966962999999822e-01,2.954001966831430823e-03
3.690079728999999809e-01,2.953884165885527907e-03
3.690192491000000019e-01,2.953766370447476110e-03
3.690699876999999907e-01,2.953236370886888618e-03
3.690981728000000128e-01,2.952941974068758104e-03
3.691094462000000243e-01,2.952824226543605650e-03
3.691150827999999939e-01,2.952765355356413556e-03
3.691319920999999726e-01,2.952588748795633919e-03
3.691601723999999862e-01,2.952294435269684717e-03
3.692277965999999911e-01,2.951588226808699641e-03
3.692334313000000257e-01,2.951529385673642807e-03
3.692503352000000016e-01,2.951352872702786307e-03
3.692672382000000142e-01,2.951176373129292020e-03
3.692785064999999922e-01,2.951058711360195468e-03
3.692954083000000165e-01,2.950882230826126600e-03
3.693123092999999746e-01,2.950705766056606252e-03
3.693179428000000208e-01,2.950646946383840129e-03
3.693686404000000034e-01,2.950117639239282531e-03
3.693855380000000133e-01,2.949941229821283727e-03
3.694305945999999952e-01,2.949470866997205409e-03
3.694474893999999954e-01,2.949294507422170128e-03
3.694531208999999872e-01,2.949235723948449069e-03
3.694756457000000216e-01,2.949000600910708144e-03
3.695037998999999851e-01,2.948706730363268285e-03
3.695488420999999968e-01,2.948236614805965165e-03
3.695882495000000212e-01,2.947825337584470632e-03
3.696332814000000133e-01,2.947355395256385808e-03
3.696389099999999872e-01,2.947296658707557540e-03
3.696501669000000212e-01,2.947179192757198515e-03
3.696726798000000147e-01,2.946944272911940828e-03
3.696783077999999945e-01,2.946885545804634778e-03
3.696839357000000215e-01,2.946826820557531257e-03
3.697008189000000056e-01,2.946650657408091383e-03
3.697177013999999873e-01,2.946474505061939461e-03
3.697289558999999892e-01,2.946357077702442713e-03
3.697908497999999877e-01,2.945711330876633980e-03
3.698189800000000194e-01,2.945417869686999587e-03
3.698358569999999901e-01,2.945241807543009811e-03
3.698808587999999897e-01,2.944772377737320170e-03
3.699089821000000056e-01,2.944479029156316530e-03
3.699202308000000272e-01,2.944361700601965271e-03
3.699258550000000256e-01,2.944303040313971890e-03
3.699877160000000220e-01,2.943657854136849921e-03
3.700326991999999815e-01,2.943188736997220424e-03
3.700383218000000141e-01,2.943130102563062608e-03
3.700439441999999746e-01,2.943071472502180840e-03
3.700608109999999895e-01,2.942895583932713874e-03
3.700776769999999938e-01,2.942719711107883405e-03
3.701057853999999980e-01,2.942426619091263219e-03
3.701732367000000190e-01,2.941723344098639160e-03
3.701788570999999806e-01,2.941664747989650771e-03
3.701900975999999899e-01,2.941547559500894051e-03
3.701957177999999904e-01,2.941488967508536743e-03
3.702406757000000215e-01,2.941020277535891323e-03
3.702800095000000069e-01,2.940610253054167216e-03
3.703137208000000236e-01,2.940258859227792496e-03
3.703305753000000200e-01,2.940083180961778134e-03
3.703586644999999899e-01,2.939790415633979775e-03
3.703923686999999743e-01,2.939439144929843588e-03
3.703979856999999876e-01,2.939380604081952546e-03
3.704373027999999790e-01,2.938970861062065783e-03
3.704429191999999982e-01,2.938912334282145922e-03
3.704597678000000061e-01,2.938736756383802332e-03
3.704878470999999895e-01,2.938444156905597581e-03
3.704934628000000063e-01,2.938385639362406290e-03
3.705327696999999865e-01,2.937976073290119762e-03
3.705496141999999882e-01,2.937800564275018164e-03
3.705776867999999724e-01,2.937508079666390371e-03
3.705833009999999761e-01,2.937449587437782408e-03
3.706282120000000124e-01,2.936981700017098941e-03
3.706450521999999914e-01,2.936806266756580071e-03
3.706675045999999751e-01,2.936572373822287502e-03
3.707124054000000002e-01,2.936104660150680792e-03
3.707180176000000049e-01,2.936046201366247776e-03
3.707348536999999777e-01,2.935870839067331386e-03
3.707516891000000037e-01,2.935695486092063620e-03
3.707797462999999905e-01,2.935403263785451005e-03
3.708470750000000260e-01,2.934702074351069542e-03
3.708526851999999763e-01,2.934643649521750854e-03
3.708695151999999995e-01,2.934468388161256148e-03
3.708863445000000203e-01,2.934293143200934328e-03
3.708919540999999764e-01,2.934234730164669153e-03
3.708975635999999798e-01,2.934176318575201954e-03
3.709312187000000094e-01,2.933825879418195531e-03
3.709368276000000186e-01,2.933767477152429432e-03
3.709816958000000109e-01,2.933300318311708819e-03
3.709985199999999983e-01,2.933125156086115355e-03
3.710489879000000157e-01,2.932599752743729471e-03
3.710882359000000075e-01,2.932191185051934938e-03
3.710938423999999847e-01,2.932132823984229426e-03
3.711555087000000253e-01,2.931490950814074313e-03
3.711667195999999724e-01,2.931374265360528301e-03
3.711835353999999865e-01,2.931199247361806603e-03
3.712059551999999929e-01,2.930965909818264784e-03
3.712563949000000085e-01,2.930440983672852676e-03
3.712676027999999850e-01,2.930324350707473689e-03
3.712732066000000164e-01,2.930266036420768692e-03
3.712900176000000219e-01,2.930091099444034290e-03
3.712956210000000201e-01,2.930032790439380998e-03
3.713012244000000184e-01,2.929974483797722924e-03
3.713180341000000273e-01,2.929799569576582805e-03
3.713404457999999742e-01,2.929566372490723797e-03
3.713572537000000007e-01,2.929391487605251688e-03
3.713908672999999827e-01,2.929041759687134230e-03
3.714076728999999855e-01,2.928866912681794311e-03
3.714356805999999844e-01,2.928575535228687427e-03
3.714692869999999814e-01,2.928225927283854314e-03
3.714748877999999865e-01,2.928167663034942671e-03
3.715196908999999770e-01,2.927701614267714820e-03
3.715364906999999994e-01,2.927526868610545209e-03
3.715420904999999774e-01,2.927468620560058112e-03
3.715700880000000206e-01,2.927177414994032618e-03
3.715868855000000193e-01,2.927002709297547942e-03
3.716036823000000155e-01,2.926828014653579807e-03
3.716092810000000135e-01,2.926769786716959445e-03
3.716260767999999826e-01,2.926595109244582715e-03
3.716484699000000003e-01,2.926362228583050118e-03
3.716764593999999922e-01,2.926071159557796803e-03
3.717044467999999768e-01,2.925780125426620266e-03
3.717212382999999787e-01,2.925605522841234676e-03
3.717492223000000151e-01,2.925314547075195948e-03
3.717939923999999952e-01,2.924849060409060765e-03
3.718275664999999841e-01,2.924500003236343067e-03
3.718387570999999725e-01,2.924383664932857924e-03
3.719226763999999852e-01,2.923511296911041925e-03
3.719450516999999734e-01,2.923278720169905556e-03
3.720065767999999884e-01,2.922639252717848697e-03
3.720569079000000112e-01,2.922116181075204953e-03
3.720624998000000017e-01,2.922058068506587503e-03
3.720736834000000215e-01,2.921941848704369318e-03
3.721016408999999747e-01,2.921651328134097086e-03
3.721407780000000054e-01,2.921244654708638356e-03
3.721519591999999932e-01,2.921128476771404740e-03
3.721631401000000117e-01,2.921012302018472472e-03
3.721910909000000212e-01,2.920721894672182514e-03
3.721966809000000209e-01,2.920663815888476997e-03
3.722134501000000095e-01,2.920489591700670736e-03
3.722302185999999957e-01,2.920315381901667558e-03
3.722413970999999822e-01,2.920199249091821447e-03
3.722525752999999993e-01,2.920083120989068991e-03
3.722581643000000273e-01,2.920025058550951985e-03
3.722805194000000095e-01,2.919792827356551372e-03
3.723028731999999952e-01,2.919560618106286504e-03
3.723308135000000241e-01,2.919270390181563125e-03
3.723419890999999926e-01,2.919154308170553939e-03
3.723475767000000158e-01,2.919096268915993136e-03
3.723643390999999969e-01,2.918922160672085889e-03
3.723755136999999937e-01,2.918806096460259836e-03
3.724146219000000202e-01,2.918399915526101018e-03
3.724313812999999751e-01,2.918225861281111954e-03
3.724593119999999868e-01,2.917935795780317483e-03
3.724984114000000068e-01,2.917529766940048664e-03
3.725095818999999975e-01,2.917413772008041906e-03
3.725263370999999935e-01,2.917239786456937625e-03
3.725486760999999758e-01,2.917007832363670717e-03
3.725542606000000201e-01,2.916949845806395252e-03
3.725933500999999981e-01,2.916543985976048376e-03
3.726156850999999826e-01,2.916312097615560064e-03
3.726826819999999874e-01,2.915616570439893453e-03
3.726994294000000041e-01,2.915442721707471856e-03
3.727050116999999774e-01,2.915384775451723698e-03
3.727329218000000055e-01,2.915095059976493749e-03
3.727496668999999985e-01,2.914921251141047633e-03
3.728557017999999945e-01,2.913820747520623651e-03
3.728612816999999913e-01,2.913762841609847214e-03
3.728668615999999880e-01,2.913704935362478043e-03
3.728780210000000039e-01,2.913589127890936405e-03
3.728836005999999759e-01,2.913531225735828921e-03
3.729003390000000251e-01,2.913357533575570979e-03
3.729449707999999974e-01,2.912894407330298471e-03
3.729672848000000207e-01,2.912662881261738820e-03
3.730007531999999792e-01,2.912315632767126846e-03
3.730174862000000258e-01,2.912142027621530006e-03
3.730565271999999877e-01,2.911737001069122834e-03
3.730621041000000138e-01,2.911679144397619646e-03
3.730788344000000034e-01,2.911505585131220816e-03
3.731290208999999969e-01,2.910984990607470325e-03
3.731345966999999875e-01,2.910927153807270091e-03
3.731513237999999899e-01,2.910753651264701754e-03
3.731792005999999828e-01,2.910464509811543435e-03
3.731959255999999781e-01,2.910291042513785641e-03
3.732349479000000025e-01,2.909886333051634431e-03
3.732683922999999737e-01,2.909539498207245473e-03
3.732851133999999793e-01,2.909366097088948895e-03
3.733074069000000272e-01,2.909134917071024441e-03
3.733129801000000247e-01,2.909077126961099984e-03
3.733296991999999759e-01,2.908903760596351969e-03
3.733575626999999786e-01,2.908614847437160714e-03
3.733965679999999843e-01,2.908210430421719148e-03
3.734132833000000096e-01,2.908037130814603542e-03
3.734467117999999974e-01,2.907690565842115018e-03
3.734634247999999990e-01,2.907517305255004954e-03
3.734857078000000108e-01,2.907286308448905551e-03
3.735024190999999827e-01,2.907113075354153704e-03
3.735079894000000178e-01,2.907055333805225617e-03
3.735302696999999728e-01,2.906824382858618633e-03
3.735525486999999867e-01,2.906593454252584616e-03
3.735803954999999954e-01,2.906304825991776024e-03
3.735971026000000084e-01,2.906131667983697167e-03
3.736193776000000244e-01,2.905900807969510197e-03
3.736583555999999917e-01,2.905496859219057915e-03
3.736639234999999948e-01,2.905439156860885504e-03
3.736806268999999792e-01,2.905266060130830968e-03
3.737140313999999797e-01,2.904919908419477392e-03
3.737307324999999958e-01,2.904746851480552883e-03
3.737474329000000095e-01,2.904573808360837173e-03
3.737529995000000160e-01,2.904516129855882773e-03
3.737585661000000226e-01,2.904458451256499568e-03
3.737975296000000114e-01,2.904054750251964818e-03
3.738197925999999782e-01,2.903824097898576994e-03
3.738643146999999778e-01,2.903362853860608564e-03
3.739088314999999829e-01,2.902901705404390548e-03
3.739310879000000143e-01,2.902671166339593906e-03
3.739366518000000195e-01,2.902613532506913199e-03
3.739700334000000126e-01,2.902267771740226453e-03
3.739811599000000264e-01,2.902152530976910300e-03
3.739978491000000016e-01,2.901979679779469971e-03
3.740201001999999830e-01,2.901749230347293231e-03
3.740367876999999841e-01,2.901576407091258601e-03
3.740645985000000118e-01,2.901288398166862893e-03
3.740868455999999953e-01,2.901058017298719077e-03
3.741090913999999823e-01,2.900827656324092216e-03
3.741313358999999727e-01,2.900597322771678293e-03
3.741480184000000042e-01,2.900424584416921078e-03
3.741535790000000139e-01,2.900367007050019905e-03
3.742036213000000111e-01,2.899848886273172482e-03
3.742203005999999998e-01,2.899676204484748481e-03
3.742480977000000042e-01,2.899388428380492676e-03
3.742647749999999940e-01,2.899215781596806932e-03
3.742870101999999921e-01,2.898985605689076775e-03
3.743370347000000153e-01,2.898467791214378794e-03
3.743703805999999967e-01,2.898122643323860267e-03
3.743981666000000263e-01,2.897835060905617002e-03
3.744592884999999871e-01,2.897202502307789310e-03
3.744815121999999774e-01,2.896972524919072447e-03
3.745315106000000061e-01,2.896455157008329118e-03
3.745537299999999736e-01,2.896225253324744529e-03
3.745592846999999947e-01,2.896167778050832801e-03
3.745703937000000039e-01,2.896052839665523397e-03
3.745981648999999747e-01,2.895765512526393519e-03
3.746037187999999851e-01,2.895708048615455721e-03
3.746481476999999893e-01,2.895248410171467109e-03
3.746592541000000054e-01,2.895133516425529331e-03
3.746814659000000103e-01,2.894903742019332149e-03
3.747314377000000030e-01,2.894386831746044962e-03
3.747536451999999851e-01,2.894157129738077986e-03
3.747980564000000236e-01,2.893697797541867813e-03
3.748202600000000162e-01,2.893468165862763796e-03
3.748646632000000034e-01,2.893008967034583351e-03
3.748868627999999981e-01,2.892779403179853489e-03
3.749146105000000229e-01,2.892492478033377185e-03
3.749534539000000111e-01,2.892090845384494985e-03
3.749590025999999798e-01,2.892033475155261074e-03
3.750033893999999979e-01,2.891574561500545332e-03
3.750200330999999832e-01,2.891402491349333130e-03
3.750366760000000133e-01,2.891230434131337491e-03
3.750477709000000215e-01,2.891115738404400649e-03
3.750644126000000078e-01,2.890943701513021703e-03
3.750810535999999917e-01,2.890771680005578201e-03
3.750866004000000253e-01,2.890714340092715232e-03
3.751087868999999908e-01,2.890485002048992849e-03
3.751365181999999909e-01,2.890198361765984863e-03
3.751808839999999923e-01,2.889739809677265014e-03
3.751975197999999900e-01,2.889567874038707733e-03
3.752141548999999854e-01,2.889395955272018070e-03
3.752695998000000199e-01,2.888822975946803064e-03
3.752806879000000206e-01,2.888708395438959603e-03
3.753084064000000164e-01,2.888421974560740225e-03
3.753139498999999990e-01,2.888364693836303985e-03
3.753305798000000082e-01,2.888192862178351646e-03
3.753472090000000150e-01,2.888021041113661251e-03
3.753527519000000034e-01,2.887963770808058342e-03
3.753693800999999830e-01,2.887791969853250457e-03
3.753970920999999961e-01,2.887505660913572414e-03
3.754358855000000106e-01,2.887104887193643783e-03
3.754469685999999862e-01,2.886990392679145579e-03
3.754580513999999924e-01,2.886875904394247978e-03
3.754857569000000228e-01,2.886589708079511860e-03
3.755300813999999932e-01,2.886131866341758861e-03
3.755356215999999803e-01,2.886074643631183698e-03
3.755467016999999852e-01,2.885960199713411087e-03
3.755522417000000113e-01,2.885902980474432198e-03
3.755799402000000176e-01,2.885616905546663832e-03
3.756187147000000226e-01,2.885216457116796581e-03
3.756353311000000250e-01,2.885044856556370774e-03
3.756851760000000096e-01,2.884530136020890031e-03
3.757017894999999941e-01,2.884358587300000359e-03
3.757073270999999881e-01,2.884301406407915273e-03
3.757460885000000195e-01,2.883901188209353397e-03
3.757571624000000110e-01,2.883786850549032409e-03
3.757959187000000090e-01,2.883386716909969259e-03
3.758125272000000239e-01,2.883215254859933675e-03
3.758180633000000048e-01,2.883158102601290559e-03
3.758623486000000069e-01,2.882700939228155079e-03
3.758789542000000039e-01,2.882529525544422645e-03
3.759010939999999912e-01,2.882300993018105644e-03
3.759287667999999805e-01,2.882015362472678099e-03
3.759343010999999790e-01,2.881958240272167182e-03
3.759509035999999971e-01,2.881786879928630724e-03
3.759951732999999852e-01,2.881329985780432291e-03
3.760173061000000039e-01,2.881101571916809979e-03
3.760671003000000123e-01,2.880587724596222424e-03
3.760781648000000033e-01,2.880473552846251999e-03
3.760836969999999946e-01,2.880416468825982169e-03
3.761279510000000159e-01,2.879959844400408614e-03
3.761445448999999885e-01,2.879788633798420310e-03
3.761500761000000082e-01,2.879731566009125377e-03
3.761556071000000112e-01,2.879674500483993694e-03
3.761666690000000091e-01,2.879560374037682530e-03
3.762440931000000099e-01,2.878761635091065755e-03
3.762606819000000047e-01,2.878590514099829429e-03
3.762772698999999887e-01,2.878419402198731034e-03
3.762827991000000094e-01,2.878362369524166235e-03
3.763270296999999820e-01,2.877906150017153601e-03
3.763491431000000054e-01,2.877678075534406688e-03
3.763767829999999925e-01,2.877393013177870044e-03
3.764320566000000090e-01,2.876822989057232615e-03
3.764596903999999911e-01,2.876538031562481459e-03
3.764652169000000104e-01,2.876481046294727343e-03
3.764817959999999797e-01,2.876310093256991083e-03
3.764983742999999938e-01,2.876139151393306091e-03
3.765039002000000190e-01,2.876082173161974200e-03
3.765094260999999887e-01,2.876025196027413421e-03
3.765481049000000136e-01,2.875626403954468016e-03
3.765923043000000137e-01,2.875170721909682450e-03
3.765978288999999868e-01,2.875113770792853910e-03
3.766088778000000192e-01,2.874999866350899051e-03
3.766144021000000230e-01,2.874942917059438493e-03
3.766309746000000014e-01,2.874772078269522638e-03
3.767027801999999759e-01,2.874031917330200064e-03
3.767303940999999767e-01,2.873747301072998410e-03
3.767635281999999752e-01,2.873405809648738127e-03
3.767745721999999908e-01,2.873291991150860210e-03
3.767911375999999923e-01,2.873121274143699676e-03
3.768077023999999997e-01,2.872950568437856664e-03
3.768132237999999856e-01,2.872893670078123692e-03
3.768573921000000215e-01,2.872438528459819469e-03
3.768629128000000050e-01,2.872381640437167080e-03
3.769015553000000240e-01,2.871983476159744274e-03
3.769070753000000051e-01,2.871926600406746796e-03
3.769236349000000263e-01,2.871755982655979297e-03
3.769457132999999849e-01,2.871528512672662497e-03
3.769622711999999765e-01,2.871357923562988836e-03
3.769898661000000151e-01,2.871073640545879820e-03
3.769953847999999996e-01,2.871016786707925907e-03
3.770119405999999840e-01,2.870846236017481415e-03
3.770505678000000138e-01,2.870448335914146595e-03
3.770560855999999794e-01,2.870391498002596541e-03
3.771002254999999970e-01,2.869936850919491134e-03
3.771388437000000038e-01,2.869539104644085875e-03
3.771609094000000217e-01,2.869311852428887283e-03
3.771719418000000212e-01,2.869198235838311874e-03
3.772050370000000208e-01,2.868857418235246180e-03
3.772601892999999929e-01,2.868289497854394424e-03
3.772767334000000083e-01,2.868119148689445442e-03
3.772932768000000214e-01,2.867948812285371716e-03
3.773208475000000006e-01,2.867664945679943012e-03
3.773429025999999742e-01,2.867437878171557198e-03
3.773484161999999809e-01,2.867381114987346043e-03
3.773870088999999872e-01,2.866983812399637611e-03
3.773925218999999998e-01,2.866927059809730102e-03
3.774090601999999794e-01,2.866756811258632139e-03
3.774366223999999770e-01,2.866473091594505442e-03
3.774752062000000241e-01,2.866075945475072845e-03
3.774972522000000219e-01,2.865849034229689569e-03
3.775192969999999759e-01,2.865622146122016357e-03
3.775248079999999895e-01,2.865565427620950841e-03
3.775413404999999889e-01,2.865395281019861209e-03
3.775578722999999859e-01,2.865225143598957268e-03
3.775854236999999780e-01,2.864941613098027830e-03
3.776515388000000195e-01,2.864261282807057177e-03
3.776570477999999786e-01,2.864204597390099163e-03
3.776901005000000144e-01,2.863864517009945959e-03
3.776956090999999960e-01,2.863807843026569024e-03
3.777011175000000165e-01,2.863751167491724800e-03
3.777176422999999894e-01,2.863581153975139956e-03
3.777396741999999863e-01,2.863354488516427210e-03
3.777561972999999851e-01,2.863184505386762342e-03
3.777837341999999987e-01,2.862901224041078819e-03
3.778057623000000143e-01,2.862674628458164363e-03
3.778332956000000076e-01,2.862391410171083450e-03
3.778443082999999869e-01,2.862278133901463486e-03
3.778663328999999904e-01,2.862051598003859110e-03
3.778718388000000261e-01,2.861994966440925200e-03
3.779213886000000189e-01,2.861485353081516698e-03
3.779323988000000134e-01,2.861372120773689274e-03
3.779379037000000219e-01,2.861315505454826557e-03
3.779654273999999980e-01,2.861032455814514503e-03
3.779984531000000203e-01,2.860692842357601389e-03
3.780039572000000181e-01,2.860636245134015685e-03
3.780204687000000008e-01,2.860466461463183514e-03
3.780424829999999847e-01,2.860240103154285465e-03
3.780479863000000273e-01,2.860183515782161422e-03
3.780534896000000145e-01,2.860126930426743624e-03
3.780699989999999899e-01,2.859957184097626677e-03
3.780975131000000045e-01,2.859674303407156153e-03
3.781360294000000177e-01,2.859278324967801620e-03
3.781800431999999823e-01,2.858825862913173810e-03
3.781965469999999940e-01,2.858656215023303634e-03
3.782020481999999739e-01,2.858599668322393383e-03
3.782185511000000222e-01,2.858430033775693092e-03
3.782295526000000185e-01,2.858316953061768896e-03
3.782460543000000230e-01,2.858147340392580126e-03
3.782680554000000250e-01,2.857921208130789759e-03
3.782845553999999999e-01,2.857751624392856384e-03
3.782900552999999833e-01,2.857695098773087739e-03
3.783175532999999979e-01,2.857412495872097436e-03
3.784495159999999858e-01,2.856056479116910688e-03
3.784605108999999912e-01,2.855943514222220470e-03
3.784660081999999814e-01,2.855887031912314900e-03
3.784879964999999791e-01,2.855661125363883994e-03
3.785099835999999884e-01,2.855435240188266329e-03
3.785264730999999827e-01,2.855265837686845731e-03
3.785374656000000115e-01,2.855152913915431304e-03
3.785484579000000238e-01,2.855039992740968612e-03
3.785814328000000062e-01,2.854701261828981526e-03
3.785979191000000132e-01,2.854531917340041598e-03
3.786144048000000262e-01,2.854362584916998995e-03
3.786253948000000147e-01,2.854249701689425857e-03
3.786638574000000257e-01,2.853854657975330323e-03
3.787078098000000170e-01,2.853403264179335107e-03
3.787297841000000220e-01,2.853177599400710633e-03
3.787956994000000188e-01,2.852500740288339311e-03
3.788121764999999863e-01,2.852331557989264653e-03
3.788451284000000086e-01,2.851993228020676709e-03
3.788616032000000078e-01,2.851824080565493712e-03
3.788835685999999980e-01,2.851598573622005257e-03
3.789055328000000000e-01,2.851373085897112702e-03
3.789714175000000185e-01,2.850696758150252433e-03
3.789769072999999988e-01,2.850640406328136707e-03
3.789878869000000150e-01,2.850527708010968265e-03
3.790208234999999926e-01,2.850189646709234276e-03
3.790372906999999736e-01,2.850020632102708701e-03
3.790757115000000232e-01,2.849626316550179367e-03
3.791031524999999847e-01,2.849344705346988030e-03
3.791251038999999823e-01,2.849119439622198671e-03
3.791690028999999962e-01,2.848668974218918157e-03
3.791909505000000125e-01,2.848443777724577863e-03
3.792512997999999969e-01,2.847824596769528427e-03
3.792732426000000046e-01,2.847599479608672792e-03
3.792842135000000225e-01,2.847486930626010049e-03
3.793171243999999831e-01,2.847149314504274394e-03
3.793280941000000128e-01,2.847036786682317216e-03
3.793664854000000086e-01,2.846642985474600717e-03
3.793719696000000252e-01,2.846586731919692730e-03
3.793884215000000171e-01,2.846417987537906008e-03
3.794158400000000042e-01,2.846136767423988051e-03
3.794268068000000160e-01,2.846024288502456683e-03
3.794322900000000054e-01,2.845968053398323459e-03
3.794487394000000124e-01,2.845799351203843336e-03
3.794761535000000241e-01,2.845518209222804452e-03
3.794980833000000109e-01,2.845293320823178828e-03
3.795035654999999730e-01,2.845237101946979531e-03
3.795145298000000000e-01,2.845124667713499599e-03
3.795200118000000011e-01,2.845068454067498954e-03
3.795638651000000086e-01,2.844618785858079278e-03
3.795803087999999881e-01,2.844450184279611205e-03
3.795857899000000257e-01,2.844393986144855193e-03
3.796241551000000269e-01,2.844000637278703506e-03
3.796351158999999864e-01,2.843888266686281710e-03
3.796679963999999852e-01,2.843551180413182375e-03
3.796789559000000036e-01,2.843438829490719383e-03
3.796953946000000135e-01,2.843270314599957802e-03
3.797173117000000042e-01,2.843045647793212508e-03
3.797775774000000104e-01,2.842427923550722244e-03
3.798104454999999824e-01,2.842091052585795675e-03
3.798268785000000203e-01,2.841922639042575565e-03
3.798487879999999928e-01,2.841698103721764391e-03
3.798652194000000093e-01,2.841529715297299447e-03
3.798706962999999770e-01,2.841473587208834684e-03
3.798980799000000186e-01,2.841192979240275869e-03
3.799418896000000267e-01,2.840744072644090044e-03
3.799583168999999816e-01,2.840575754819716844e-03
3.799747434999999895e-01,2.840407449211650170e-03
3.799802188999999997e-01,2.840351351793260395e-03
3.800185442999999830e-01,2.839958698592676394e-03
3.800404427999999890e-01,2.839734357555666073e-03
3.800459172000000274e-01,2.839678273545289278e-03
3.800732882000000257e-01,2.839397884301620659e-03
3.800897098000000085e-01,2.839229665688613145e-03
3.801116042000000084e-01,2.839005395137494687e-03
3.801280242000000253e-01,2.838837205546567485e-03
3.801553892000000268e-01,2.838556921034898848e-03
3.802155854000000001e-01,2.837940408632655658e-03
3.802210572999999982e-01,2.837884371903440055e-03
3.802429441999999882e-01,2.837660232170420137e-03
3.802921848999999965e-01,2.837155998398735272e-03
3.803031264999999772e-01,2.837043962110088677e-03
3.803085970999999788e-01,2.836987948107010018e-03
3.803523595000000146e-01,2.836539867802986489e-03
3.803687689999999955e-01,2.836371861056760472e-03
3.803906474000000038e-01,2.836147871537665621e-03
3.804234624999999759e-01,2.835811926259007576e-03
3.804398689999999861e-01,2.835643972763461900e-03
3.804617432999999882e-01,2.835420052996438789e-03
3.804672116000000215e-01,2.835364076201793947e-03
3.805000202000000109e-01,2.835028246754922772e-03
3.805109556999999865e-01,2.834916316962518990e-03
3.805492276999999923e-01,2.834524596745129164e-03
3.805546947999999818e-01,2.834468643848030156e-03
3.805710956999999728e-01,2.834300789178463998e-03
3.805984287999999993e-01,2.834021058199628646e-03
3.806312260999999975e-01,2.833685428570873951e-03
3.806366919999999987e-01,2.833629493657835799e-03
3.806530893000000249e-01,2.833461700669243771e-03
3.806585549000000013e-01,2.833405772826408115e-03
3.807022769999999778e-01,2.832958396811806508e-03
3.807296008000000120e-01,2.832678832666641732e-03
3.807678507999999740e-01,2.832287498309801581e-03
3.808060969000000018e-01,2.831896231934953861e-03
3.808115603000000182e-01,2.831840342060453711e-03
3.808170236999999791e-01,2.831784452308691753e-03
3.808279500999999789e-01,2.831672677887859483e-03
3.808498021000000233e-01,2.831449152131323803e-03
3.808607276000000041e-01,2.831337394319390684e-03
3.809044265000000040e-01,2.830890425061262632e-03
3.809645043000000064e-01,2.830275982697329478e-03
3.809808874999999762e-01,2.830108437846296562e-03
3.810081912000000126e-01,2.829829221597357069e-03
3.810245725999999999e-01,2.829661707835806270e-03
3.810518732000000020e-01,2.829382548666418799e-03
3.810737122999999782e-01,2.829159245258279325e-03
3.810791719000000133e-01,2.829103422749523668e-03
3.810900908000000031e-01,2.828991780204275636e-03
3.810955502000000217e-01,2.828935961502781777e-03
3.811610563000000229e-01,2.828266246451762063e-03
3.811992629000000021e-01,2.827875670336082309e-03
3.812483802000000144e-01,2.827373599147248086e-03
3.812702079999999993e-01,2.827150491793064234e-03
3.813356841000000164e-01,2.826481303123872836e-03
3.813411399000000146e-01,2.826425547449601307e-03
3.813520512999999945e-01,2.826314036915925521e-03
3.813575068999999762e-01,2.826258285224596874e-03
3.813738731999999909e-01,2.826091034425434051e-03
3.813847837000000074e-01,2.825979538888977877e-03
3.814011488999999866e-01,2.825812309523272493e-03
3.814229679999999734e-01,2.825589357171673626e-03
3.814393314999999784e-01,2.825422156937571622e-03
3.814666024000000211e-01,2.825143514860473277e-03
3.814720563999999814e-01,2.825087790631663869e-03
3.814884177999999793e-01,2.824920625563640247e-03
3.815047784999999747e-01,2.824753476726883823e-03
3.815156853000000181e-01,2.824642045843043809e-03
3.815320448000000253e-01,2.824474916032057928e-03
3.815484035999999746e-01,2.824307797548354475e-03
3.815538564000000021e-01,2.824252093558265054e-03
3.816029280000000079e-01,2.823750821358955981e-03
3.816138318999999779e-01,2.823639444120612865e-03
3.816410903999999937e-01,2.823361021512160469e-03
3.816628958000000127e-01,2.823138308946079433e-03
3.816846998999999796e-01,2.822915617427203608e-03
3.816901508000000165e-01,2.822859948444822291e-03
3.817010522000000017e-01,2.822748612213476019e-03
3.817283045000000041e-01,2.822470300574467759e-03
3.817337546999999831e-01,2.822414640275591746e-03
3.818154986000000251e-01,2.821579927609652993e-03
3.818372939999999938e-01,2.821357388740315577e-03
3.818754329999999864e-01,2.820968001043018189e-03
3.818972250000000068e-01,2.820745521716881438e-03
3.819081206000000117e-01,2.820634289854821817e-03
3.819244633000000166e-01,2.820467454868189235e-03
3.819625936000000110e-01,2.820078216228005287e-03
3.819898272000000206e-01,2.819800231374219607e-03
3.819952736000000182e-01,2.819744637058819656e-03
3.820116125999999945e-01,2.819577865512210273e-03
3.820279509000000240e-01,2.819411108184765799e-03
3.820333968999999885e-01,2.819355526256571692e-03
3.820715163000000247e-01,2.818966478404222927e-03
3.820769615999999869e-01,2.818910904932936303e-03
3.820824067999999962e-01,2.818855335910860644e-03
3.821205214000000239e-01,2.818466373417772772e-03
3.821259659999999836e-01,2.818410814141134643e-03
3.822021825999999955e-01,2.817633111925639706e-03
3.822511708999999924e-01,2.817133302716685796e-03
3.822566136000000170e-01,2.817077775114978574e-03
3.822729415000000186e-01,2.816911201835397855e-03
3.823001529000000231e-01,2.816633603672938704e-03
3.823164788999999786e-01,2.816467060592621214e-03
3.823382457000000234e-01,2.816245025101932024e-03
3.823763347999999951e-01,2.815856512709236006e-03
3.823817756999999817e-01,2.815801016098077886e-03
3.823872166000000239e-01,2.815745518267665035e-03
3.824035389000000063e-01,2.815579043343804152e-03
3.824307411000000267e-01,2.815301609619859022e-03
3.824470614000000102e-01,2.815135163898572525e-03
3.824633810999999994e-01,2.814968732919784482e-03
3.824688209000000061e-01,2.814913259978953346e-03
3.825177750000000043e-01,2.814414047505593101e-03
3.825340917000000229e-01,2.814247669505551015e-03
3.825612845999999956e-01,2.813970398077032982e-03
3.825721611999999827e-01,2.813859498205645293e-03
3.825775994000000235e-01,2.813804052876059912e-03
3.825939134999999935e-01,2.813637718156765735e-03
3.825993514000000095e-01,2.813582276341207097e-03
3.826482889000000220e-01,2.813083359914295926e-03
3.826917836000000017e-01,2.812639969314182763e-03
3.827080928000000104e-01,2.812473723957848760e-03
3.827298373999999948e-01,2.812252076615613921e-03
3.827461449999999821e-01,2.812085858097349012e-03
3.827733228999999904e-01,2.811808850629532799e-03
3.828222380999999896e-01,2.811310326348004634e-03
3.828385417999999873e-01,2.811144173449998084e-03
3.828602789000000173e-01,2.810922659250145780e-03
3.829417822999999776e-01,2.810092171074949057e-03
3.829906759999999744e-01,2.809594023255008489e-03
3.830124046000000226e-01,2.809372659620310280e-03
3.830341319000000189e-01,2.809151320605243057e-03
3.830395635000000132e-01,2.809095986868596559e-03
3.830558579000000186e-01,2.808929999288828708e-03
3.830993064000000059e-01,2.808487425385901119e-03
3.831155983000000265e-01,2.808321479661626298e-03
3.831590398999999980e-01,2.807879025962899903e-03
3.831644698000000182e-01,2.807823725683405817e-03
3.831807588999999736e-01,2.807657829796771955e-03
3.831861885000000245e-01,2.807602535269080116e-03
3.832133350999999966e-01,2.807326078354825845e-03
3.832296221000000003e-01,2.807160220161837496e-03
3.832567655999999934e-01,2.806883818056124611e-03
3.832676225000000159e-01,2.806773265827081521e-03
3.833436120000000003e-01,2.805999555193892155e-03
3.833544663999999824e-01,2.805889047536010063e-03
3.833598934999999930e-01,2.805833796049797026e-03
3.834033075000000124e-01,2.805391827833670932e-03
3.834304386999999870e-01,2.805115641611864719e-03
3.834412906999999926e-01,2.805005176718863673e-03
3.834467166000000149e-01,2.804949946835689004e-03
3.834738447000000106e-01,2.804673813520745275e-03
3.835063960000000272e-01,2.804342499131436735e-03
3.835118209000000222e-01,2.804287286421016170e-03
3.835280952999999826e-01,2.804121650356338792e-03
3.835552177000000063e-01,2.803845619810339893e-03
3.835931858000000139e-01,2.803459235653408144e-03
3.835986095999999734e-01,2.803404044064647556e-03
3.836040332000000275e-01,2.803348850890485452e-03
3.836365734000000138e-01,2.803017733679400315e-03
3.836419965000000265e-01,2.802962549235200711e-03
3.836853785000000072e-01,2.802521145443218325e-03
3.836908010000000258e-01,2.802465977254078085e-03
3.837016455000000215e-01,2.802355640396500015e-03
3.837070677000000152e-01,2.802300473617424983e-03
3.837341774999999955e-01,2.802024668053368448e-03
3.837721278999999819e-01,2.801638591784056179e-03
3.837883912000000231e-01,2.801473155092245541e-03
3.838154952000000231e-01,2.801197448158842997e-03
3.838371770999999821e-01,2.800976906434245097e-03
3.838534376000000137e-01,2.800811513442634168e-03
3.838642776000000256e-01,2.800701260983882133e-03
3.839455677999999983e-01,2.799874526646883161e-03
3.839509865999999882e-01,2.799819423377467465e-03
3.839618237999999906e-01,2.799709216744473983e-03
3.840105876000000085e-01,2.799213356646301082e-03
3.840485107000000120e-01,2.798827764292279464e-03
3.840755963999999967e-01,2.798552383938173512e-03
3.840810132999999960e-01,2.798497311274209583e-03
3.840972635000000079e-01,2.798332100264726806e-03
3.841135131000000258e-01,2.798166903533793725e-03
3.841243456999999806e-01,2.798056780510183982e-03
3.841351780999999743e-01,2.797946661102830405e-03
3.841405941000000102e-01,2.797891603379070065e-03
3.841622576000000011e-01,2.797671385690020125e-03
3.842109959000000186e-01,2.797175977841765294e-03
3.842218258000000275e-01,2.797065902057467406e-03
3.842272406999999723e-01,2.797010865458497350e-03
3.842543137000000164e-01,2.796735704938274700e-03
3.842867989000000040e-01,2.796405555003432606e-03
3.843301081000000119e-01,2.795965435167997205e-03
3.843409346000000171e-01,2.795855416755338007e-03
3.843842377999999727e-01,2.795415405602998116e-03
3.844004751999999803e-01,2.795250422806672044e-03
3.844221239999999762e-01,2.795030462350535025e-03
3.844275360000000141e-01,2.794975475866473286e-03
3.844654180000000032e-01,2.794590609591289781e-03
3.844708293999999915e-01,2.794535634817674891e-03
3.844870631999999788e-01,2.794370716955833691e-03
3.845032963000000192e-01,2.794205810301156594e-03
3.845303499000000125e-01,2.793930995319719897e-03
3.845465811000000067e-01,2.793766119249701738e-03
3.845519914000000150e-01,2.793711163477762514e-03
3.845682216999999903e-01,2.793546306704298293e-03
3.845952706999999915e-01,2.793271570193998302e-03
3.846439542000000267e-01,2.792777130032901740e-03
3.846601807000000206e-01,2.792612339529238364e-03
3.847250796000000195e-01,2.791953303114968685e-03
3.847304873999999875e-01,2.791898394095611302e-03
3.847413027000000096e-01,2.791788577094179644e-03
3.847467102000000083e-01,2.791733670089275102e-03
3.847737466999999745e-01,2.791459156132693620e-03
3.848548446999999761e-01,2.790635814223514210e-03
3.848602506000000090e-01,2.790580933447862379e-03
3.848764680000000271e-01,2.790416307243561312e-03
3.848926845999999791e-01,2.790251689720627502e-03
3.849197108999999895e-01,2.789977356363324175e-03
3.849845660999999808e-01,2.789319094593343748e-03
3.850007782000000045e-01,2.789154558611421295e-03
3.850223931999999794e-01,2.788935196607024696e-03
3.850710226999999874e-01,2.788441710643604736e-03
3.851142437000000252e-01,2.788003148283895848e-03
3.851358523999999783e-01,2.787783899286910838e-03
3.851520581000000276e-01,2.787619477709860245e-03
3.851574598999999988e-01,2.787564671963386597e-03
3.851790661000000227e-01,2.787345465398525374e-03
3.851952699999999785e-01,2.787181075130212501e-03
3.852006712000000110e-01,2.787126281813311849e-03
3.852492780999999811e-01,2.786633193473630945e-03
3.852600788000000165e-01,2.786523631790066395e-03
3.852654790999999745e-01,2.786468854580504296e-03
3.852924790999999738e-01,2.786194984974568137e-03
3.853086782999999849e-01,2.786030676890278307e-03
3.853518725999999783e-01,2.785592586808292859e-03
3.853734679999999968e-01,2.785373574118236301e-03
3.854220532000000032e-01,2.784880870172810538e-03
3.854598374000000049e-01,2.784497733578104872e-03
3.855192050999999842e-01,2.783895794501721130e-03
3.855461874000000178e-01,2.783622235361514052e-03
3.855515836000000252e-01,2.783567529511757604e-03
3.855677718000000143e-01,2.783403416023163233e-03
3.855893550999999753e-01,2.783184618712913113e-03
3.855947506999999885e-01,2.783129920447714647e-03
3.856055418000000068e-01,2.783020532483199659e-03
3.856325179999999797e-01,2.782747081836252964e-03
3.856702815999999978e-01,2.782364308850392154e-03
3.856810705000000006e-01,2.782254957478722240e-03
3.857134354999999792e-01,2.781926935854332067e-03
3.857188294000000184e-01,2.781872269342641410e-03
3.857404041999999977e-01,2.781653621169558315e-03
3.857673710000000256e-01,2.781380338904804357e-03
3.857781572000000270e-01,2.781271035408830038e-03
3.858105139999999933e-01,2.780943157771174727e-03
3.858644359999999773e-01,2.780396801601324030e-03
3.858913941000000070e-01,2.780123672685423219e-03
3.858967855000000058e-01,2.780069051223327259e-03
3.859129593000000247e-01,2.779905195390840276e-03
3.859291323999999856e-01,2.779741348496036785e-03
3.859345231999999903e-01,2.779686737028885801e-03
3.859560859999999760e-01,2.779468302757135117e-03
3.859776475000000207e-01,2.779249887905725202e-03
3.859830376999999757e-01,2.779195285918083409e-03
3.860207669999999869e-01,2.778813121928995315e-03
3.860261566000000033e-01,2.778758531970447389e-03
3.860584926000000250e-01,2.778431024014468842e-03
3.860692707000000223e-01,2.778321863287283935e-03
3.860854371999999923e-01,2.778158133259379416e-03
3.861069914999999964e-01,2.777939848538483070e-03
3.861231565000000088e-01,2.777776147249948376e-03
3.861716472999999761e-01,2.777285117814045842e-03
3.861985840000000114e-01,2.777012367498203887e-03
3.862309056000000074e-01,2.776685116470006473e-03
3.862847688000000113e-01,2.776139799648527466e-03
3.863224686000000241e-01,2.775758157509689017e-03
3.863440096999999906e-01,2.775540104375228464e-03
3.863655496000000245e-01,2.775322075180425892e-03
3.863709343999999768e-01,2.775267571701571165e-03
3.863817037999999759e-01,2.775158566240901181e-03
3.864086258000000162e-01,2.774886077429484978e-03
3.864301620999999742e-01,2.774668111989221381e-03
3.864570808000000190e-01,2.774395683359916643e-03
3.864678476999999779e-01,2.774286720131952273e-03
3.864947637999999741e-01,2.774014339060359210e-03
3.865162952999999790e-01,2.773796458379755841e-03
3.865432079000000187e-01,2.773524136607980872e-03
3.865593547000000241e-01,2.773360760042732198e-03
3.865755007000000187e-01,2.773197395939088622e-03
3.865862642999999821e-01,2.773088492504336734e-03
3.866024091999999968e-01,2.772925144064292483e-03
3.866185535000000173e-01,2.772761812562838084e-03
3.866239347000000048e-01,2.772707371646540055e-03
3.866723626999999941e-01,2.772217455067411268e-03
3.866885039999999885e-01,2.772054172850981716e-03
3.867476831000000170e-01,2.771455579342710449e-03
3.867584419000000273e-01,2.771346757763074563e-03
3.867960956000000006e-01,2.770965937642989527e-03
3.868014744000000116e-01,2.770911539192406035e-03
3.868122317000000088e-01,2.770802748368516189e-03
3.868176103000000032e-01,2.770748354569731176e-03
3.868445019999999790e-01,2.770476405692562025e-03
3.868606360999999882e-01,2.770313249874015518e-03
3.868767696000000034e-01,2.770150109071220675e-03
3.868821472000000261e-01,2.770095729096663014e-03
3.868982798000000223e-01,2.769932603746092740e-03
3.869251658999999788e-01,2.769660753223070031e-03
3.869305429000000074e-01,2.769606389719573864e-03
3.869628032999999911e-01,2.769280221705854028e-03
3.869896849000000194e-01,2.769008450521769516e-03
3.870111889000000249e-01,2.768791056948387893e-03
3.870488179000000084e-01,2.768410673257919261e-03
3.870703186000000184e-01,2.768193340055589546e-03
3.870971926999999813e-01,2.767921703015609278e-03
3.871025672999999778e-01,2.767867377740676222e-03
3.871186906999999899e-01,2.767704415561458246e-03
3.871401875000000103e-01,2.767487150395551813e-03
3.871563093000000011e-01,2.767324215363880201e-03
3.871885508999999836e-01,2.766998383460625779e-03
3.872476535000000109e-01,2.766401145577825332e-03
3.872637708000000178e-01,2.766238288930457975e-03
3.872906314999999822e-01,2.765966889943821238e-03
3.873282333999999993e-01,2.765586987681888098e-03
3.873604607000000200e-01,2.765261407080423818e-03
3.873765733000000266e-01,2.765098637454777453e-03
3.873980557999999741e-01,2.764881626556278931e-03
3.874410172000000152e-01,2.764447667606853218e-03
3.874463870000000032e-01,2.764393430617232816e-03
3.874893429999999861e-01,2.763959566887970020e-03
3.875322942000000159e-01,2.763525790805949987e-03
3.875698726999999844e-01,2.763146306871385686e-03
3.875752406999999899e-01,2.763092100035961264e-03
3.875859765999999929e-01,2.762983689310938296e-03
3.875913443999999819e-01,2.762929485158843561e-03
3.876074474000000269e-01,2.762766883368974156e-03
3.876342843000000205e-01,2.762495908282879258e-03
3.876503855999999804e-01,2.762333342014269399e-03
3.876718529000000024e-01,2.762116598720209485e-03
3.876772195000000032e-01,2.762062417464875626e-03
3.876986853000000122e-01,2.761845703680942260e-03
3.877040515999999881e-01,2.761791530527570645e-03
3.877201498999999774e-01,2.761629011854372772e-03
3.877362475999999725e-01,2.761466504794591291e-03
3.877469789999999916e-01,2.761358176132402281e-03
3.877791715000000194e-01,2.761033214159602789e-03
3.877845367000000154e-01,2.760979060147438022e-03
3.878274552000000042e-01,2.760545865748463470e-03
3.878489126999999925e-01,2.760329298246180091e-03
3.878757328999999920e-01,2.760058623365405431e-03
3.879079147000000227e-01,2.759733851773918650e-03
3.879132779999999725e-01,2.759679727594397183e-03
3.879186412999999778e-01,2.759625604761829949e-03
3.879293677000000273e-01,2.759517363957860771e-03
3.879615450000000187e-01,2.759192675775202878e-03
3.879776327000000191e-01,2.759030348347277228e-03
3.880044440000000039e-01,2.758759830243055679e-03
3.880205299000000219e-01,2.758597533234174917e-03
3.880419767000000131e-01,2.758381157670467682e-03
3.880634223000000160e-01,2.758164804416934554e-03
3.880848666999999752e-01,2.757948469934664183e-03
3.880902276000000040e-01,2.757894388166448520e-03
3.881009492999999977e-01,2.757786232119601669e-03
3.881223916000000052e-01,2.757569937089920063e-03
3.881491928999999952e-01,2.757299596027355890e-03
3.881706326000000096e-01,2.757083347835460104e-03
3.882135085000000263e-01,2.756650913280507022e-03
3.882349446000000204e-01,2.756434726297093962e-03
3.882778132999999965e-01,2.756002418031004361e-03
3.883421075999999861e-01,2.755354115768836581e-03
3.883474648999999945e-01,2.755300096829094679e-03
3.883581795000000114e-01,2.755192067162236767e-03
3.883903213000000076e-01,2.754868010630358299e-03
3.884278166999999837e-01,2.754490004224796357e-03
3.884438849999999888e-01,2.754328021176766835e-03
3.884706640999999738e-01,2.754058075503576682e-03
3.884760197000000082e-01,2.754004089838105705e-03
3.884920861000000225e-01,2.753842140959617078e-03
3.885349263999999803e-01,2.753410339274140872e-03
3.886205930000000142e-01,2.752546990307121275e-03
3.886366533000000234e-01,2.752385147176573000e-03
3.886420066999999867e-01,2.752331202860508128e-03
3.886473598999999890e-01,2.752277259630963452e-03
3.886794778000000061e-01,2.751953631328933267e-03
3.886848305000000225e-01,2.751899696004363009e-03
3.886901830999999752e-01,2.751845764623964564e-03
3.887008881999999832e-01,2.751737902473132442e-03
3.887276496000000026e-01,2.751468273989760970e-03
3.887865181999999864e-01,2.750875203869366983e-03
3.887918693999999897e-01,2.750821296063685802e-03
3.888132737000000172e-01,2.750605679608616495e-03
3.888614288999999724e-01,2.750120616336611951e-03
3.888774792999999952e-01,2.749958953167902943e-03
3.889042286000000126e-01,2.749689541300953319e-03
3.889416743999999926e-01,2.749312419412858026e-03
3.889577215000000199e-01,2.749150813188131967e-03
3.889791167000000160e-01,2.748935359951098969e-03
3.889844653000000263e-01,2.748881500734498030e-03
3.889898137999999728e-01,2.748827642780748461e-03
3.890219033999999798e-01,2.748504514091221120e-03
3.890272513999999959e-01,2.748450665318908845e-03
3.890325993000000038e-01,2.748396817738941404e-03
3.890486427000000025e-01,2.748235279380838256e-03
3.891341960999999960e-01,2.747373945522563893e-03
3.891502352999999803e-01,2.747212485384570822e-03
3.891769657999999965e-01,2.746943405798551400e-03
3.891983487999999825e-01,2.746728168771727426e-03
3.892197306999999884e-01,2.746512950521865209e-03
3.892624909999999883e-01,2.746082577644302566e-03
3.892785248000000253e-01,2.745921210683528908e-03
3.893212785999999870e-01,2.745490952367638481e-03
3.893693710999999724e-01,2.745007012094445500e-03
3.893747142999999800e-01,2.744953248023408732e-03
3.893854004999999785e-01,2.744845725282399340e-03
3.894121148999999948e-01,2.744576935360348944e-03
3.894334850000000237e-01,2.744361926857340293e-03
3.894601960999999890e-01,2.744093195593524850e-03
3.894708800000000193e-01,2.743985713801912543e-03
3.894975883999999833e-01,2.743717027474165855e-03
3.895029299000000167e-01,2.743663296945079554e-03
3.895189539000000201e-01,2.743502102547365658e-03
3.895456590999999968e-01,2.743233478816729624e-03
3.895563405999999951e-01,2.743126038908457864e-03
3.895616813000000178e-01,2.743072319159016968e-03
3.895830431999999788e-01,2.742857457691439023e-03
3.896257636000000080e-01,2.742427795825108042e-03
3.896311033000000035e-01,2.742374095963814699e-03
3.896471220000000124e-01,2.742212998873803497e-03
3.896631401000000272e-01,2.742051913342306857e-03
3.896738183999999827e-01,2.741944530096069536e-03
3.896898354000000175e-01,2.741783466434283799e-03
3.897058516999999944e-01,2.741622410795245459e-03
3.897111903000000099e-01,2.741568727497666058e-03
3.897272057000000234e-01,2.741407691100652792e-03
3.897538965999999827e-01,2.741139320244596975e-03
3.897592346000000041e-01,2.741085648741725580e-03
3.897965983000000190e-01,2.740709995693760542e-03
3.898019356999999907e-01,2.740656335350307587e-03
3.898179473000000228e-01,2.740495364597425078e-03
3.898446320000000243e-01,2.740227106947702457e-03
3.898819875000000268e-01,2.739851596139046726e-03
3.898873237000000103e-01,2.739797958338190467e-03
3.898979959000000162e-01,2.739690683514088131e-03
3.899300108000000042e-01,2.739368895552479668e-03
3.899460171999999947e-01,2.739208016049115950e-03
3.899673580999999944e-01,2.738993532849931609e-03
3.899833630000000273e-01,2.738832684770825185e-03
3.900153707999999830e-01,2.738511018957382869e-03
3.900473760000000012e-01,2.738189401865161621e-03
3.900580437999999761e-01,2.738082204680056947e-03
3.900953789000000116e-01,2.737707063717493335e-03
3.901433758000000251e-01,2.737224833312549080e-03
3.901593735000000174e-01,2.737064110729429522e-03
3.901753705000000072e-01,2.736903401547552753e-03
3.902660078999999893e-01,2.735992941889137890e-03
3.902713387999999783e-01,2.735939394633645806e-03
3.902873312999999844e-01,2.735778769215309412e-03
3.903246443999999760e-01,2.735404021581860304e-03
3.903726131999999960e-01,2.734922291556883978e-03
3.903939307000000025e-01,2.734708225284110568e-03
3.903992599000000174e-01,2.734654711263139956e-03
3.904099180999999752e-01,2.734547690252622787e-03
3.904152470999999736e-01,2.734494177902686146e-03
3.904418909999999854e-01,2.734226652087402062e-03
3.904578764000000146e-01,2.734066149966166929e-03
3.904738611999999942e-01,2.733905659345673995e-03
3.904951731999999898e-01,2.733691692260829288e-03
3.905164841000000053e-01,2.733477745541562729e-03
3.905271390999999759e-01,2.733370778318369113e-03
3.905431209999999931e-01,2.733210340103967798e-03
3.905644293000000156e-01,2.732996440768960950e-03
3.905697562000000067e-01,2.732942967602885759e-03
3.905857363999999943e-01,2.732782561024114324e-03
3.906070422999999847e-01,2.732568700816885750e-03
3.906656276000000094e-01,2.731980696749687632e-03
3.906709530999999958e-01,2.731927248648663605e-03
3.906975795000000029e-01,2.731660032980342320e-03
3.907295288000000033e-01,2.731339418849735440e-03
3.907508269000000145e-01,2.731125701638061499e-03
3.907774478000000107e-01,2.730858582628472881e-03
3.908253609999999822e-01,2.730377848943666644e-03
3.908413307999999975e-01,2.730217630438242470e-03
3.908572999000000103e-01,2.730057421886889282e-03
3.908626228000000036e-01,2.730004020190475878e-03
3.909052033000000037e-01,2.729576867774679422e-03
3.909211697000000152e-01,2.729416703786718707e-03
3.909264917999999978e-01,2.729363319880086236e-03
3.909531008000000085e-01,2.729096416192049006e-03
3.909690652999999738e-01,2.728936289377569165e-03
3.909903503000000113e-01,2.728722804741978182e-03
3.909956714000000222e-01,2.728669437701702113e-03
3.910329169000000271e-01,2.728295899343121615e-03
3.910541985000000054e-01,2.728082478729833716e-03
3.910701589000000200e-01,2.727922424866815587e-03
3.910914383999999910e-01,2.727709039115582771e-03
3.911180362000000188e-01,2.727442338576681075e-03
3.911659075999999735e-01,2.726962353903602046e-03
3.911765448999999784e-01,2.726855705714622408e-03
3.911978186999999774e-01,2.726642422672564958e-03
3.912244092000000117e-01,2.726375853101022616e-03
3.912616328999999893e-01,2.726002704339950452e-03
3.912882191000000009e-01,2.725736210767959380e-03
3.912935362000000139e-01,2.725682915593647879e-03
3.913360698000000193e-01,2.725256600104691319e-03
3.913520187000000261e-01,2.725096753736798438e-03
3.913732829000000080e-01,2.724883644099459958e-03
3.913785987000000244e-01,2.724830368930424539e-03
3.914211230999999902e-01,2.724404221008417445e-03
3.914370684999999850e-01,2.724244437842197625e-03
3.914636428000000112e-01,2.723978155523156149e-03
3.914795864999999764e-01,2.723818403073090342e-03
3.915008437999999980e-01,2.723605419128244300e-03
3.915167860000000055e-01,2.723445692863148485e-03
3.915220998999999757e-01,2.723392452632819073e-03
3.915486684000000217e-01,2.723126275297929177e-03
3.915646085999999748e-01,2.722966584666701179e-03
3.916071127999999901e-01,2.722540799334532882e-03
3.916283630999999876e-01,2.722327937204513295e-03
3.916655485000000159e-01,2.721955478054706359e-03
3.916708603999999871e-01,2.721902276733306411e-03
3.916761722000000057e-01,2.721849075100831079e-03
3.916867956000000262e-01,2.721742674322979050e-03
3.917133529999999864e-01,2.721476698152760446e-03
3.917345976000000118e-01,2.721263939381657771e-03
3.917505302000000023e-01,2.721104385613133669e-03
3.917558409999999935e-01,2.721051202295472413e-03
3.917717727999999733e-01,2.720891662635248776e-03
3.917983244000000087e-01,2.720625790027286165e-03
3.918354935999999733e-01,2.720253624031604336e-03
3.918567314999999995e-01,2.720040983744819070e-03
3.918620407999999777e-01,2.719987829226459732e-03
3.918832772999999992e-01,2.719775214061241619e-03
3.919257468999999827e-01,2.719350048710910458e-03
3.919310552999999975e-01,2.719296911509363167e-03
3.919735196999999949e-01,2.718871838112710618e-03
3.920053649999999945e-01,2.718553088970838364e-03
3.920106722999999738e-01,2.718499969559266729e-03
3.920743541999999748e-01,2.717862627745784316e-03
3.920902730999999974e-01,2.717703319551045913e-03
3.920955791999999884e-01,2.717650220829132164e-03
3.921008852999999794e-01,2.717597122635318982e-03
3.921433313000000087e-01,2.717172382423083555e-03
3.921857726999999905e-01,2.716747726190571043e-03
3.921963822999999794e-01,2.716641571494341108e-03
3.922016870000000210e-01,2.716588499016585681e-03
3.922176007000000020e-01,2.716429285186454986e-03
3.922282094999999802e-01,2.716323149985382709e-03
3.922441220999999811e-01,2.716163956285164074e-03
3.922812491000000068e-01,2.715792547366070731e-03
3.923077661000000105e-01,2.715527294145373988e-03
3.923130692999999836e-01,2.715474246872141059e-03
3.923448870999999838e-01,2.715155994079309666e-03
3.923554924000000055e-01,2.715049920194333253e-03
3.923713998000000203e-01,2.714890817487944277e-03
3.923873066999999937e-01,2.714731728810139150e-03
3.924297217000000115e-01,2.714307543915319039e-03
3.924403247000000095e-01,2.714201512819213163e-03
3.924562287000000205e-01,2.714042473111079670e-03
3.924774330999999949e-01,2.713830437148071623e-03
3.924986362999999812e-01,2.713618425670166756e-03
3.925145379000000156e-01,2.713459427946445738e-03
3.925198383999999874e-01,2.713406430708166419e-03
3.925251386999999981e-01,2.713353436558807279e-03
3.925357392000000112e-01,2.713247450660085432e-03
3.925622389999999795e-01,2.712982505574910129e-03
3.925675388000000043e-01,2.712929520004348383e-03
3.926099343000000186e-01,2.712505690025730602e-03
3.926470267000000125e-01,2.712134903799309424e-03
3.926894135999999813e-01,2.711711223211456592e-03
3.927053075999999976e-01,2.711552366848139859e-03
3.927106054000000235e-01,2.711499415302192836e-03
3.927264985000000208e-01,2.711340575631287012e-03
3.928218433999999815e-01,2.710387762152009338e-03
3.928377318999999868e-01,2.710229001101288095e-03
3.928589156999999776e-01,2.710017335802765263e-03
3.928642115000000046e-01,2.709964424326975936e-03
3.928800982999999802e-01,2.709805693114861538e-03
3.928959845000000173e-01,2.709646973656948052e-03
3.929012798000000029e-01,2.709594071755191264e-03
3.929065749999999801e-01,2.709541169732641343e-03
3.929436392999999805e-01,2.709170887326958765e-03
3.929489339000000192e-01,2.709117993230102366e-03
3.929595229999999773e-01,2.709012213090719341e-03
3.930071700000000168e-01,2.708536265119775629e-03
3.930230511000000204e-01,2.708377638979932861e-03
3.930442249000000166e-01,2.708166153664896044e-03
3.931342006999999916e-01,2.707267577949804948e-03
3.931977005999999775e-01,2.706633510470127062e-03
3.932029918000000124e-01,2.706580681526926570e-03
3.932188649000000202e-01,2.706422196451584595e-03
3.932347374999999867e-01,2.706263724719214746e-03
3.932400281000000275e-01,2.706210902532198842e-03
3.932453188000000210e-01,2.706158083376176797e-03
3.932611901999999993e-01,2.705999628946132319e-03
3.932982211000000117e-01,2.705629951866711947e-03
3.933299591000000150e-01,2.705313132855975775e-03
3.933458271999999978e-01,2.705154741951232202e-03
3.933722725000000087e-01,2.704890781399806998e-03
3.933828501000000144e-01,2.704785204440926343e-03
3.933881388000000090e-01,2.704732419090112496e-03
3.934040045000000152e-01,2.704574072877224608e-03
3.934092928999999850e-01,2.704521290891376186e-03
3.934304458999999810e-01,2.704310180785506924e-03
3.934515976999999887e-01,2.704099094511258367e-03
3.934991851999999901e-01,2.703624218156842375e-03
3.935361936999999810e-01,2.703254943758925163e-03
3.935520533999999904e-01,2.703096701591658352e-03
3.935784849000000252e-01,2.702832991654988658e-03
3.936260569999999737e-01,2.702358395866221071e-03
3.936683384999999924e-01,2.701936615601720042e-03
3.937053311000000000e-01,2.701567628684179573e-03
3.937106155000000274e-01,2.701514920952532029e-03
3.937264682000000127e-01,2.701356804859121434e-03
3.937423201999999955e-01,2.701198702096884244e-03
3.937528879000000148e-01,2.701093306888165818e-03
3.937845891999999792e-01,2.700777151088314728e-03
3.937898725999999794e-01,2.700724463019208745e-03
3.938110051000000000e-01,2.700513724183883305e-03
3.938321364999999852e-01,2.700303002075757353e-03
3.938374190999999747e-01,2.700250324547891993e-03
3.938532666999999821e-01,2.700092305405036187e-03
3.938691136999999953e-01,2.699934292943351188e-03
3.938955237999999803e-01,2.699670966318280969e-03
3.939166506999999817e-01,2.699460330312849869e-03
3.939641819999999961e-01,2.698986467732253543e-03
3.939747437000000185e-01,2.698881179915992891e-03
3.940011467999999795e-01,2.698617981671500975e-03
3.940222680000000088e-01,2.698407446022211241e-03
3.940433879999999944e-01,2.698196929121925158e-03
3.940856247999999784e-01,2.697775960660072671e-03
3.940909040000000196e-01,2.697723345024063534e-03
3.941067414000000158e-01,2.697565508267007767e-03
3.941225782000000177e-01,2.697407681551584023e-03
3.941331357000000257e-01,2.697302469376047524e-03
3.941436929000000089e-01,2.697197263835665257e-03
3.941489713999999922e-01,2.697144662141811710e-03
3.941700846000000258e-01,2.696934268540708123e-03
3.941911967999999766e-01,2.696723897619273877e-03
3.942281402999999740e-01,2.696355793465230258e-03
3.942334176000000245e-01,2.696303214104709810e-03
3.942756339999999859e-01,2.695882613859114287e-03
3.942967405000000203e-01,2.695672342296907484e-03
3.943125695999999958e-01,2.695514654573005590e-03
3.943389500999999742e-01,2.695251863273251565e-03
3.943442259000000116e-01,2.695199309843070157e-03
3.943758796999999872e-01,2.694884012662692764e-03
3.943811550999999915e-01,2.694831468942171515e-03
3.944022560000000066e-01,2.694621299323927532e-03
3.944180808000000149e-01,2.694463688420938984e-03
3.944233556999999779e-01,2.694411152329140476e-03
3.944655516999999723e-01,2.693990916536917815e-03
3.944813739999999957e-01,2.693833350252288622e-03
3.944866479999999953e-01,2.693780832612045935e-03
3.945130168000000048e-01,2.693518251560136217e-03
3.945288372999999904e-01,2.693360720837493106e-03
3.945499302000000097e-01,2.693150697053987071e-03
3.945710219999999935e-01,2.692940690842273149e-03
3.945973851999999837e-01,2.692678213339844921e-03
3.946395625999999934e-01,2.692258317207332340e-03
3.947133621999999731e-01,2.691523691775308397e-03
3.947186330999999937e-01,2.691471228398931680e-03
3.947239039000000060e-01,2.691418766280647985e-03
3.947397159000000100e-01,2.691261386857342081e-03
3.947976878000000189e-01,2.690684426787247081e-03
3.948082271999999726e-01,2.690579541706455535e-03
3.948187663000000125e-01,2.690474661568740319e-03
3.948661889999999786e-01,2.690002763522189849e-03
3.948925323999999959e-01,2.689740642714815323e-03
3.949241423000000029e-01,2.689426141387965541e-03
3.949294103000000056e-01,2.689373729611872332e-03
3.949504818999999833e-01,2.689164090459774618e-03
3.949715522999999728e-01,2.688954470976343773e-03
3.949926215999999823e-01,2.688744875991115005e-03
3.950189566000000263e-01,2.688482907468420138e-03
3.950347567999999976e-01,2.688325741775526075e-03
3.950505563000000220e-01,2.688168588711998316e-03
3.950558227000000033e-01,2.688116204660968237e-03
3.950716214000000170e-01,2.687959067411148893e-03
3.950926853000000238e-01,2.687749564560180417e-03
3.951032168999999983e-01,2.687644822871793591e-03
3.951190137000000213e-01,2.687487717907869559e-03
3.951453402999999809e-01,2.687225902519489382e-03
3.951821945999999808e-01,2.686859415402934482e-03
3.952243095999999900e-01,2.686440646230803687e-03
3.952295735999999948e-01,2.686388305200573638e-03
3.952401014999999962e-01,2.686283629109161714e-03
3.952611564999999882e-01,2.686074289581169040e-03
3.952716835999999789e-01,2.685969631027976257e-03
3.952874737000000027e-01,2.685812647330065514e-03
3.953085261000000017e-01,2.685603353155514763e-03
3.953243147000000124e-01,2.685446399408149536e-03
3.953506276000000041e-01,2.685184831456782512e-03
3.953979865000000204e-01,2.684714087548801045e-03
3.954137715000000108e-01,2.684557194582003464e-03
3.954348172000000106e-01,2.684348026051254065e-03
3.954716444999999969e-01,2.683982025529751611e-03
3.954769053000000145e-01,2.683929745409796216e-03
3.954821660000000239e-01,2.683877466423395877e-03
3.954926872000000260e-01,2.683772912425568327e-03
3.954979477000000188e-01,2.683720634571106715e-03
3.955189888999999792e-01,2.683511544177957873e-03
3.955242489999999944e-01,2.683459277555861559e-03
3.955663275999999895e-01,2.683041169658921619e-03
3.956084017000000008e-01,2.682623141435899750e-03
3.956241783000000178e-01,2.682466402097340337e-03
3.956662462000000158e-01,2.682048485773380966e-03
3.957083096999999827e-01,2.681630653638457980e-03
3.957293397000000157e-01,2.681421766386932453e-03
3.957451115000000241e-01,2.681265114271400452e-03
3.957503687000000214e-01,2.681212897468499782e-03
3.957661396000000109e-01,2.681056262258860699e-03
3.957924232000000209e-01,2.680795226513603587e-03
3.958081924999999890e-01,2.680638619262555242e-03
3.958134487000000146e-01,2.680586419326275952e-03
3.958292172000000275e-01,2.680429828147657019e-03
3.958554966000000230e-01,2.680168869059248310e-03
3.958765188000000212e-01,2.679960124145395681e-03
3.959027949999999740e-01,2.679699223121606490e-03
3.959343242000000207e-01,2.679386180010458543e-03
3.959395788000000249e-01,2.679334011323440245e-03
3.959816132000000266e-01,2.678916703945857271e-03
3.959973748999999765e-01,2.678760234580915972e-03
3.960026287000000256e-01,2.678708079908520903e-03
3.960288966000000133e-01,2.678447328613131530e-03
3.960446563999999725e-01,2.678290894666738534e-03
3.960814269999999859e-01,2.677925921637999696e-03
3.961076895999999792e-01,2.677665265035869633e-03
3.961129420000000234e-01,2.677613137022332845e-03
3.961444544000000123e-01,2.677300400840527950e-03
3.961549580000000015e-01,2.677196164338007354e-03
3.961707127999999911e-01,2.677039817618521046e-03
3.962337260000000083e-01,2.676414555209096803e-03
3.962494777000000190e-01,2.676258266820396008e-03
3.962547281000000088e-01,2.676206174049221200e-03
3.962704790000000088e-01,2.676049901193380560e-03
3.962809793000000025e-01,2.675945727975467554e-03
3.963177279000000275e-01,2.675581152723795209e-03
3.963229775000000066e-01,2.675529074435080770e-03
3.963334762999999872e-01,2.675424925124811424e-03
3.963807176999999959e-01,2.674956312075934140e-03
3.964174570999999814e-01,2.674591904938577666e-03
3.964384495000000119e-01,2.674383702195221035e-03
3.964856783999999856e-01,2.673915315971789330e-03
3.964909256999999965e-01,2.673863278472550422e-03
3.965014201000000016e-01,2.673759210258868421e-03
3.965066671999999959e-01,2.673707176352943526e-03
3.965643806999999965e-01,2.673134901518542730e-03
3.966168401999999871e-01,2.672614780801296688e-03
3.966325767000000169e-01,2.672458768611883292e-03
3.966535578000000006e-01,2.672250772869510290e-03
3.966745376999999961e-01,2.672042795697373782e-03
3.966955165000000116e-01,2.671834837651912344e-03
3.967374707999999917e-01,2.671418982660093977e-03
3.967427148000000070e-01,2.671367008341237002e-03
3.967532025000000129e-01,2.671263059230533782e-03
3.967741772000000222e-01,2.671055175038305335e-03
3.967846641000000174e-01,2.670951244488607278e-03
3.968003938999999924e-01,2.670795353328547089e-03
3.968370944999999872e-01,2.670431651749048847e-03
3.968423370999999977e-01,2.670379700307397210e-03
3.968685493999999925e-01,2.670119958467802833e-03
3.968842759000000275e-01,2.669964130232654019e-03
3.969262103000000264e-01,2.669548635457738399e-03
3.969419344999999821e-01,2.669392847468850336e-03
3.969471757999999961e-01,2.669340922074304578e-03
3.969891034999999957e-01,2.668925552651875595e-03
3.969943441000000073e-01,2.668873635228424541e-03
3.970048252000000222e-01,2.668769808498044644e-03
3.970100656000000172e-01,2.668717897314287248e-03
3.970519867000000258e-01,2.668302645405271328e-03
3.970677059000000120e-01,2.668146946541290372e-03
3.970729456000000046e-01,2.668095052054505339e-03
3.970781850999999807e-01,2.668043156021576452e-03
3.970886639999999801e-01,2.667939366567985415e-03
3.971148600000000140e-01,2.667679923556951892e-03
3.971724850999999723e-01,2.667109251702155619e-03
3.972405767000000143e-01,2.666435017883628592e-03
3.972615255999999984e-01,2.666227602531738659e-03
3.972877101999999772e-01,2.665968364059872423e-03
3.973662535999999967e-01,2.665190834408246064e-03
3.973714891999999832e-01,2.665139009157743537e-03
3.973871957999999815e-01,2.664983541743243256e-03
3.974029017999999858e-01,2.664828084322151420e-03
3.974081369999999946e-01,2.664776266942606251e-03
3.974290771000000277e-01,2.664569016786176928e-03
3.974447814000000023e-01,2.664413588441269694e-03
3.974971246999999819e-01,2.663895581364740094e-03
3.975389944000000120e-01,2.663481264311540198e-03
3.975913253000000203e-01,2.662963484979968473e-03
3.976174881999999799e-01,2.662704641194934066e-03
3.976227205000000264e-01,2.662652873794639236e-03
3.976384171999999828e-01,2.662497585380145613e-03
3.976645770000000191e-01,2.662238798296814868e-03
3.977482767000000141e-01,2.661410891211433982e-03
3.977587378999999923e-01,2.661307423485036877e-03
3.977639684000000009e-01,2.661255693556759724e-03
3.977796594999999935e-01,2.661100506466715799e-03
3.977848896999999773e-01,2.661048780592465725e-03
3.977901199000000165e-01,2.660997053800738185e-03
3.978058099999999819e-01,2.660841887690157219e-03
3.978214994000000004e-01,2.660686732617669869e-03
3.978267290999999983e-01,2.660635016191250334e-03
3.978319586999999879e-01,2.660583299448256341e-03
3.978424177000000062e-01,2.660479873782620793e-03
3.978685640999999884e-01,2.660221331521687646e-03
3.979051660999999851e-01,2.659859423756598049e-03
3.979156232000000126e-01,2.659756033202369772e-03
3.979313083000000084e-01,2.659600955938330041e-03
3.979731322999999765e-01,2.659187469906579282e-03
3.980149519000000247e-01,2.658774067184205715e-03
3.980410869000000074e-01,2.658515729107597397e-03
3.980567670999999863e-01,2.658360743784331671e-03
3.980776730000000208e-01,2.658154111002352087e-03
3.980933517999999949e-01,2.657999151139324879e-03
3.981142557999999831e-01,2.657792555716749928e-03
3.981194815999999914e-01,2.657740906360723902e-03
3.981247073999999997e-01,2.657689263310414243e-03
3.981560605000000197e-01,2.657379421804089998e-03
3.982030857000000146e-01,2.656914740394963458e-03
3.982083102999999791e-01,2.656863115161977804e-03
3.982448811000000033e-01,2.656501775785425831e-03
3.982605531999999782e-01,2.656346936328062361e-03
3.982814485000000237e-01,2.656140498215546052e-03
3.982918957000000093e-01,2.656037286198439061e-03
3.983075660000000018e-01,2.655882480002404178e-03
3.983441276999999947e-01,2.655521308086732004e-03
3.983754635000000266e-01,2.655211780470729047e-03
3.984067969999999792e-01,2.654902296832219611e-03
3.984172409000000248e-01,2.654799142709883628e-03
3.984329063000000004e-01,2.654644425695736314e-03
3.984537925000000147e-01,2.654438154071465071e-03
3.984903407000000009e-01,2.654077226666794621e-03
3.985007823999999754e-01,2.653974114124083364e-03
3.985164445000000111e-01,2.653819457927590348e-03
3.985373262999999944e-01,2.653613263764101685e-03
3.985738669000000178e-01,2.653252476775545300e-03
3.985790866999999738e-01,2.653200942076046603e-03
3.986260618999999950e-01,2.652737171848491664e-03
3.986417191000000138e-01,2.652582604016063411e-03
3.986678129999999820e-01,2.652325014253270521e-03
3.986782501000000201e-01,2.652221987853769451e-03
3.986834685000000267e-01,2.652170477622471656e-03
3.987043416000000118e-01,2.651964444610205567e-03
3.987513019999999742e-01,2.651500942777259683e-03
3.987617368999999967e-01,2.651397955700699784e-03
3.987826058999999757e-01,2.651191998858125776e-03
3.987930399999999875e-01,2.651089026761815123e-03
3.988086906000000154e-01,2.650934577614771307e-03
3.988243405999999935e-01,2.650780143009548798e-03
3.988712869000000105e-01,2.650316899355431056e-03
3.988921501000000092e-01,2.650111045234670309e-03
3.989182276000000082e-01,2.649853757658061047e-03
3.989338733000000192e-01,2.649699397502858905e-03
3.989599481000000170e-01,2.649442159044267022e-03
3.990120925999999790e-01,2.648927774221257990e-03
3.990173067000000184e-01,2.648876340689726525e-03
3.990433760000000052e-01,2.648619203361184289e-03
3.990798702999999725e-01,2.648259257985802455e-03
3.991007226000000130e-01,2.648053606255229217e-03
3.991215738000000179e-01,2.647847968626024489e-03
3.991267864999999970e-01,2.647796564891799573e-03
3.991580609000000002e-01,2.647488159251635241e-03
3.991841211000000111e-01,2.647231187095334341e-03
3.992622913000000162e-01,2.646460456170553806e-03
3.992675021000000046e-01,2.646409084779593676e-03
3.992831340999999923e-01,2.646254974827092973e-03
3.992935550999999750e-01,2.646152241883309962e-03
3.993091860999999909e-01,2.645998153105043067e-03
3.993300263999999822e-01,2.645792717404196488e-03
3.993352364000000154e-01,2.645741361107647321e-03
3.993717038999999858e-01,2.645381905875167881e-03
3.993769133000000249e-01,2.645330560155098511e-03
3.993925409999999898e-01,2.645176528952156332e-03
3.994185859000000116e-01,2.644919837285617057e-03
3.994498374000000074e-01,2.644611848646688350e-03
3.994550458000000193e-01,2.644560520516465226e-03
3.994758784999999923e-01,2.644355221661858282e-03
3.995175408000000150e-01,2.643944690803133948e-03
3.995435775000000245e-01,2.643688146708178966e-03
3.995591987000000067e-01,2.643534234737563923e-03
3.995800259999999771e-01,2.643329037764274598e-03
3.995956458000000100e-01,2.643175152650033017e-03
3.996164711999999897e-01,2.642969990163166090e-03
3.996216773999999861e-01,2.642918703181405208e-03
3.996633244000000196e-01,2.642508444745248451e-03
3.996685300000000218e-01,2.642457167915188664e-03
3.996841462999999872e-01,2.642303347563145725e-03
3.997049670999999749e-01,2.642098268886549153e-03
3.997622187000000049e-01,2.641534403460909283e-03
3.997674230000000106e-01,2.641483151700773063e-03
3.997830354999999947e-01,2.641329400466281216e-03
3.998246657000000259e-01,2.640919449454601827e-03
3.998298692000000210e-01,2.640868211736931148e-03
3.998454792000000202e-01,2.640714506158783892e-03
3.998714944999999799e-01,2.640458353315979813e-03
3.998766973999999808e-01,2.640407128021802358e-03
3.999079131000000120e-01,2.640099789203128981e-03
3.999495303999999751e-01,2.639690079157069880e-03
3.999547321999999960e-01,2.639638870530532349e-03
3.999963445999999978e-01,2.639229250816065714e-03
4.000015458000000246e-01,2.639178051980445392e-03
4.000119481000000143e-01,2.639075659457169269e-03
4.000171491000000246e-01,2.639024467614533697e-03
4.000379526000000241e-01,2.638819706875816708e-03
4.000587549999999881e-01,2.638614965392582778e-03
4.000743560999999726e-01,2.638461419677014426e-03
4.000795563000000277e-01,2.638410242008857286e-03
4.000847564000000189e-01,2.638359063205193960e-03
4.001263553000000139e-01,2.637949688643709441e-03
4.001419536999999971e-01,2.637796194924616790e-03
4.001575514999999861e-01,2.637642710485639877e-03
4.001783476999999922e-01,2.637438082791053722e-03
4.002459278000000120e-01,2.636773177867489642e-03
4.002511257999999961e-01,2.636722041151236262e-03
4.002667194000000261e-01,2.636568632991493581e-03
4.002823122999999983e-01,2.636415239721032980e-03
4.002927072999999947e-01,2.636312981824962941e-03
4.003082993000000034e-01,2.636159605166762954e-03
4.003446782000000259e-01,2.635801768021466852e-03
4.004174260000000207e-01,2.635086280005155806e-03
4.004485996000000103e-01,2.634779714870575783e-03
4.004537950000000013e-01,2.634728625752854290e-03
4.004589902999999840e-01,2.634677539696960932e-03
4.004953553999999749e-01,2.634319953238946094e-03
4.005005502000000273e-01,2.634268875246928692e-03
4.005421057999999923e-01,2.633860289682726178e-03
4.005576880999999756e-01,2.633707092069672087e-03
4.005732697000000120e-01,2.633553903500024211e-03
4.005784634999999816e-01,2.633502844580942314e-03
4.005992378000000076e-01,2.633298615975103018e-03
4.006200109999999981e-01,2.633094406635912762e-03
4.006407832000000169e-01,2.632890219461955696e-03
4.006667467999999732e-01,2.632635011205340832e-03
4.006823241999999952e-01,2.632481900861749231e-03
4.007030932000000267e-01,2.632277771009713680e-03
4.007446277999999751e-01,2.631869570572681338e-03
4.007602022000000264e-01,2.631716518033626068e-03
4.007653935000000112e-01,2.631665499709066273e-03
4.007809670999999963e-01,2.631512461330050463e-03
4.007861581000000117e-01,2.631461448776055249e-03
4.007913491000000272e-01,2.631410440972979745e-03
4.008276841000000257e-01,2.631053408988994965e-03
4.008432552999999787e-01,2.630900411090244129e-03
4.008692058000000169e-01,2.630645444723200572e-03
4.008743956999999969e-01,2.630594453820606950e-03
4.009262912000000068e-01,2.630084624054528086e-03
4.009314802999999761e-01,2.630033649450096503e-03
4.009729913000000256e-01,2.629625880713728960e-03
4.009937451000000208e-01,2.629422027105107404e-03
4.009989333999999794e-01,2.629371069288620553e-03
4.010093097999999912e-01,2.629269152321077243e-03
4.010404374000000050e-01,2.628963429545841824e-03
4.010560002999999929e-01,2.628810586568331754e-03
4.010923113000000040e-01,2.628453992151116685e-03
4.011234324999999878e-01,2.628148390214570581e-03
4.011389920999999803e-01,2.627995604877192762e-03
4.011545511999999869e-01,2.627842827968384417e-03
4.011597373999999938e-01,2.627791907298520583e-03
4.011649236000000007e-01,2.627740987903022778e-03
4.011804816000000273e-01,2.627588232538501187e-03
4.012478929000000138e-01,2.626926417973201103e-03
4.012582627999999874e-01,2.626824619720082802e-03
4.012634476999999977e-01,2.626773720191900256e-03
4.013049242999999766e-01,2.626366584167394349e-03
4.013256610000000002e-01,2.626163045465219198e-03
4.013412128000000134e-01,2.626010403828509931e-03
4.013671312000000047e-01,2.625756025771168976e-03
4.013723147000000102e-01,2.625705155759069150e-03
4.014034141000000222e-01,2.625399950331209608e-03
4.014293284000000073e-01,2.625145645793275362e-03
4.014500587000000009e-01,2.624942226505796224e-03
4.014863341000000085e-01,2.624586286837102614e-03
4.014915159999999927e-01,2.624535443139729227e-03
4.015070613999999760e-01,2.624382918536114981e-03
4.015381504000000157e-01,2.624077903770209979e-03
4.015536940000000166e-01,2.623925414183792774e-03
4.015795985999999762e-01,2.623671286704308894e-03
4.015899600000000236e-01,2.623569646181331174e-03
4.016210425999999778e-01,2.623264751343516634e-03
4.016365828999999832e-01,2.623112319412148567e-03
4.016624822000000039e-01,2.622858291269575346e-03
4.016987383999999772e-01,2.622502703259622057e-03
4.017401701000000158e-01,2.622096391518001588e-03
4.017557057999999737e-01,2.621944045640913976e-03
4.017764193000000206e-01,2.621740932200699887e-03
4.018178428999999996e-01,2.621334767039002530e-03
4.018385530999999955e-01,2.621131714288865971e-03
4.018644393999999953e-01,2.620877923327289815e-03
4.018696165000000264e-01,2.620827170649877094e-03
4.018851472000000147e-01,2.620674914638136416e-03
4.019006774000000171e-01,2.620522670162045778e-03
4.019110304999999883e-01,2.620421180978769679e-03
4.019265597000000190e-01,2.620268955879254038e-03
4.019472642999999956e-01,2.620066005585362789e-03
4.019886703000000172e-01,2.619660164952463798e-03
4.019938458000000270e-01,2.619609437431058997e-03
4.020352469999999845e-01,2.619203686980115658e-03
4.020507714000000066e-01,2.619051547976849505e-03
4.020714696000000088e-01,2.618848714134861932e-03
4.021128628000000260e-01,2.618443106629085582e-03
4.021180367000000144e-01,2.618392410663478252e-03
4.021335577999999855e-01,2.618240332261661304e-03
4.021594251000000231e-01,2.617986891895653784e-03
4.021956365000000089e-01,2.617632126638580210e-03
4.022421891999999888e-01,2.617176089027352468e-03
4.022525335000000091e-01,2.617074763215913261e-03
4.022732213999999917e-01,2.616872120833588482e-03
4.022783931999999729e-01,2.616821461933069130e-03
4.022835649000000013e-01,2.616770805375848510e-03
4.023197651000000041e-01,2.616416246086452745e-03
4.023249362999999912e-01,2.616365599859321340e-03
4.023352785000000043e-01,2.616264309870020358e-03
4.023663035000000221e-01,2.615960471999198480e-03
4.023818149999999760e-01,2.615808568394698778e-03
4.024076663999999748e-01,2.615555422639837500e-03
4.024231764000000267e-01,2.615403549360732771e-03
4.024438553999999946e-01,2.615201068770070091e-03
4.024645333999999908e-01,2.614998605893356642e-03
4.024903793999999868e-01,2.614745555977556011e-03
4.025007172999999772e-01,2.614644343710952664e-03
4.025058861999999960e-01,2.614593743002621793e-03
4.025317295999999989e-01,2.614340740238975305e-03
4.025627393999999803e-01,2.614037179745521897e-03
4.025679074999999885e-01,2.613986591285792031e-03
4.026040820999999825e-01,2.613632501090795441e-03
4.026092495999999965e-01,2.613581920374149960e-03
4.026144171000000105e-01,2.613531344676364374e-03
4.026505875999999984e-01,2.613177331994677791e-03
4.026712550000000057e-01,2.612975065214912049e-03
4.026970877000000115e-01,2.612722259721569386e-03
4.027332506999999895e-01,2.612368384505008457e-03
4.027384165999999821e-01,2.612317832370992295e-03
4.027487482000000063e-01,2.612216740240837914e-03
4.027539138999999824e-01,2.612166195114438896e-03
4.027797412999999938e-01,2.611913485958515177e-03
4.028107320000000047e-01,2.611610275955367818e-03
4.028158969000000256e-01,2.611559747711536626e-03
4.028313911999999997e-01,2.611408163605367493e-03
4.028623779000000127e-01,2.611105026286443358e-03
4.028778704000000044e-01,2.610953474475158874e-03
4.029191807999999986e-01,2.610549390412753978e-03
4.029346710999999748e-01,2.610397878054308927e-03
4.030224381999999994e-01,2.609539522441088350e-03
4.030276003000000107e-01,2.609489039988757524e-03
4.030585720000000038e-01,2.609186181818924383e-03
4.030637336999999820e-01,2.609135707632802021e-03
4.030688954000000157e-01,2.609085239091449900e-03
4.031050250000000057e-01,2.608731975537203086e-03
4.031256690999999726e-01,2.608530137874808755e-03
4.031411515000000167e-01,2.608378773768919336e-03
4.031875950000000097e-01,2.607924741346851275e-03
4.032288735999999818e-01,2.607521241080315230e-03
4.032443519999999726e-01,2.607369949366443972e-03
4.032649889000000099e-01,2.607168242016463713e-03
4.032753070000000273e-01,2.607067395667907097e-03
4.032907835999999802e-01,2.606916136338172877e-03
4.033114181999999937e-01,2.606714474834911834e-03
4.033268933999999972e-01,2.606563240032379932e-03
4.033526841000000251e-01,2.606311207588739211e-03
4.033578420999999747e-01,2.606260802970636163e-03
4.033733154999999959e-01,2.606109604273479461e-03
4.033991033000000059e-01,2.605857626090521059e-03
4.034300464000000197e-01,2.605555291951870949e-03
4.034352033999999976e-01,2.605504907870554148e-03
4.034403603000000227e-01,2.605454522382923913e-03
4.034919256000000232e-01,2.604950755355870274e-03
4.034970816999999821e-01,2.604900385400225026e-03
4.035383287000000041e-01,2.604497466049732549e-03
4.035795714000000034e-01,2.604094629742407466e-03
4.036001912000000136e-01,2.603893236985780311e-03
4.036053459999999760e-01,2.603842894099570732e-03
4.036465819000000232e-01,2.603440180793667198e-03
4.036620443000000225e-01,2.603289180421622471e-03
4.036826599000000182e-01,2.603087868729392265e-03
4.037187346000000177e-01,2.602735616337502854e-03
4.037290411000000190e-01,2.602634984711489369e-03
4.037857220000000136e-01,2.602081592642618586e-03
4.038063311999999794e-01,2.601880397160145908e-03
4.038217874999999735e-01,2.601729512587546301e-03
4.038526982000000265e-01,2.601427775046819164e-03
4.038836066000000002e-01,2.601126081685346900e-03
4.038939088999999871e-01,2.601025527893938497e-03
4.039042109000000047e-01,2.600924975634097934e-03
4.039093617999999775e-01,2.600874704106747280e-03
4.039248140999999737e-01,2.600723892112247887e-03
4.039299646999999771e-01,2.600673622158579824e-03
4.039505666000000050e-01,2.600472560917169856e-03
4.039711675000000057e-01,2.600271522225134149e-03
4.039763175000000150e-01,2.600221265299284060e-03
4.039866174000000254e-01,2.600120752528793221e-03
4.040329637000000251e-01,2.599668510179890379e-03
4.040484113000000210e-01,2.599517788667239562e-03
4.040535604000000114e-01,2.599467549311943858e-03
4.040690071999999966e-01,2.599316836179769476e-03
4.040896019999999922e-01,2.599115906549520280e-03
4.040947504999999884e-01,2.599065678084239162e-03
4.041359365000000148e-01,2.598663885178743426e-03
4.041410844000000169e-01,2.598613665225282462e-03
4.041565277999999983e-01,2.598463015918101113e-03
4.041771182000000184e-01,2.598262167966674044e-03
4.042182957000000076e-01,2.597860529631335329e-03
4.042234425999999825e-01,2.597810330842929318e-03
4.042337362000000267e-01,2.597709933943176831e-03
4.042543227000000017e-01,2.597509161792911116e-03
4.042646154999999797e-01,2.597408779276385443e-03
4.043212212999999777e-01,2.596856772711365197e-03
4.043418032000000162e-01,2.596656080149170424e-03
4.043469485999999780e-01,2.596605909295703930e-03
4.043623841000000274e-01,2.596455403547241747e-03
4.043881087999999790e-01,2.596204591369486326e-03
4.044035428000000154e-01,2.596054115558236140e-03
4.044189763000000104e-01,2.595903650505702355e-03
4.044652730000000140e-01,2.595452323757722717e-03
4.044807040999999770e-01,2.595301902306745324e-03
4.044858476000000036e-01,2.595251764822243973e-03
4.045064212000000214e-01,2.595051226138480466e-03
4.045115644000000232e-01,2.595001095579143116e-03
4.045269937000000038e-01,2.594850707199114048e-03
4.045424224999999985e-01,2.594700332171020422e-03
4.045629931999999984e-01,2.594499844551812276e-03
4.045938472000000230e-01,2.594199152510739438e-03
4.046092734000000246e-01,2.594048823717215371e-03
4.046452655000000176e-01,2.593698092626338641e-03
4.046504069999999897e-01,2.593647994506351976e-03
4.046915363999999959e-01,2.593247245221556516e-03
4.047172400999999864e-01,2.592996817807303404e-03
4.047275210999999873e-01,2.592896653071043774e-03
4.047326615999999877e-01,2.592846572461322049e-03
4.047737826000000205e-01,2.592445975798976423e-03
4.047943414999999878e-01,2.592245709066676434e-03
4.048354563000000073e-01,2.591845228638475079e-03
4.048817054000000137e-01,2.591394780135665172e-03
4.048971205999999934e-01,2.591244653126756597e-03
4.049125351999999789e-01,2.591094536871335098e-03
4.049176731999999945e-01,2.591044502379821583e-03
4.049587754999999789e-01,2.590644252127760529e-03
4.050050104999999845e-01,2.590194064849724205e-03
4.050563764999999816e-01,2.589693971308674233e-03
4.050615128000000231e-01,2.589643967490069809e-03
4.050871930000000121e-01,2.589393970667212136e-03
4.051026004000000125e-01,2.589243989945935309e-03
4.051180072000000187e-01,2.589094016913172369e-03
4.051282781000000166e-01,2.588994042306483681e-03
4.052001667999999834e-01,2.588294348027700507e-03
4.052104355999999741e-01,2.588194410030091302e-03
4.052207040999999954e-01,2.588094478233931173e-03
4.052258382999999742e-01,2.588044514913540040e-03
4.052412403999999801e-01,2.587894627882238695e-03
4.052463742999999896e-01,2.587844669402143260e-03
4.052669092999999778e-01,2.587644843190140594e-03
4.053285079000000235e-01,2.587045481574162115e-03
4.053490386999999973e-01,2.586845731511457254e-03
4.053644361000000029e-01,2.586695934191724812e-03
4.053849650999999943e-01,2.586496217890718683e-03
4.053900972000000213e-01,2.586446291329053387e-03
4.054054930000000057e-01,2.586296520714907905e-03
4.054516771000000186e-01,2.585847274975837731e-03
4.054568083000000267e-01,2.585797363783176681e-03
4.054722016000000262e-01,2.585647642060718340e-03
4.055337690999999967e-01,2.585048856810175707e-03
4.055491594999999783e-01,2.584899186362102277e-03
4.055696791000000245e-01,2.584699641364451329e-03
4.055953272000000220e-01,2.584450243051992016e-03
4.056209735999999899e-01,2.584200870744506051e-03
4.056363606999999760e-01,2.584051264115435221e-03
4.056620046000000146e-01,2.583801939169585570e-03
4.056979032999999957e-01,2.583452937128772556e-03
4.057030314000000248e-01,2.583403084268362862e-03
4.057594365000000147e-01,2.582854784589102334e-03
4.057748183000000064e-01,2.582705272285131318e-03
4.057799454000000083e-01,2.582655438065102529e-03
4.057953264999999976e-01,2.582505940421738876e-03
4.058004533999999830e-01,2.582456111860901952e-03
4.058414662000000006e-01,2.582057515270333795e-03
4.058568449000000133e-01,2.581908063124639142e-03
4.058670971000000183e-01,2.581808433494301325e-03
4.058978520000000034e-01,2.581509573389648756e-03
4.059029775999999923e-01,2.581459765809381978e-03
4.059439799999999821e-01,2.581061359818388572e-03
4.059491050999999850e-01,2.581011564677070536e-03
4.059593549000000134e-01,2.580911978126765750e-03
4.059644796999999916e-01,2.580862188296567748e-03
4.059901027999999745e-01,2.580613248581078729e-03
4.060259724999999986e-01,2.580264781721337483e-03
4.060669625000000171e-01,2.579866608936937870e-03
4.060720859999999988e-01,2.579816840379533724e-03
4.061028253999999782e-01,2.579518268761759638e-03
4.061284398000000184e-01,2.579269489535318451e-03
4.061489301000000274e-01,2.579070488093204890e-03
4.061694194000000091e-01,2.578871507184260243e-03
4.061950295999999794e-01,2.578622806723101547e-03
4.062257597000000220e-01,2.578324407063863413e-03
4.062513663999999802e-01,2.578075771376084086e-03
4.062718504999999758e-01,2.577876884554234759e-03
4.063128156999999963e-01,2.577479169691000542e-03
4.063537768000000105e-01,2.577081532294689392e-03
4.063588966000000191e-01,2.577031829565817542e-03
4.063742557999999727e-01,2.576882740566132247e-03
4.063896142999999794e-01,2.576733657980042301e-03
4.063998529999999776e-01,2.576634278068119701e-03
4.064510427999999953e-01,2.576137445250856629e-03
4.064561614000000156e-01,2.576087768290923410e-03
4.064817534999999871e-01,2.575839401148953371e-03
4.064971079999999959e-01,2.575690395622231860e-03
4.065124619000000106e-01,2.575541402697721291e-03
4.065329328999999770e-01,2.575342760951234312e-03
4.065636374000000108e-01,2.575044829994004372e-03
4.066045731999999857e-01,2.574647660970171177e-03
4.066199231000000025e-01,2.574498740032647292e-03
4.066813167000000173e-01,2.573903171550829747e-03
4.067017792000000020e-01,2.573704685440564126e-03
4.067171253999999903e-01,2.573555833944686250e-03
4.067631604999999984e-01,2.573109346743754008e-03
4.067682751999999735e-01,2.573059743026197797e-03
4.067785044000000183e-01,2.572960538576435190e-03
4.068040761999999755e-01,2.572712547824472853e-03
4.068091904000000203e-01,2.572662952004842879e-03
4.068501015000000054e-01,2.572266240692583621e-03
4.068603285999999875e-01,2.572167072600121864e-03
4.068807821000000047e-01,2.571968754979239713e-03
4.068858953000000223e-01,2.571919177867961880e-03
4.069063474999999874e-01,2.571720882139852914e-03
4.069267986999999809e-01,2.571522608985357498e-03
4.069319113000000043e-01,2.571473043532588026e-03
4.069421363999999874e-01,2.571373914124049954e-03
4.069472487999999943e-01,2.571324351128321997e-03
4.070239277000000100e-01,2.570581060740408531e-03
4.070494841000000252e-01,2.570333354976174923e-03
4.070699280999999781e-01,2.570135212340455416e-03
4.070954815999999754e-01,2.569887560301216747e-03
4.071108129000000075e-01,2.569738984170579898e-03
4.071312537999999814e-01,2.569540899801423840e-03
4.071363639000000201e-01,2.569491384162291524e-03
4.071721325000000058e-01,2.569144788455728426e-03
4.071925703000000007e-01,2.568946760098297141e-03
4.072078980000000126e-01,2.568798252155086049e-03
4.072181161999999799e-01,2.568699251572767201e-03
4.072538775999999805e-01,2.568352788335781945e-03
4.072692030000000241e-01,2.568204324575090909e-03
4.073151756999999762e-01,2.567758991223550134e-03
4.073407137999999761e-01,2.567511624753483941e-03
4.073560359000000242e-01,2.567363222087610478e-03
4.073713574999999754e-01,2.567214826075575520e-03
4.074122121000000041e-01,2.566819161496627401e-03
4.074173186000000224e-01,2.566769707086322214e-03
4.074224250999999852e-01,2.566720255705989134e-03
4.074326379000000053e-01,2.566621357127755586e-03
4.074632745999999806e-01,2.566324683169153662e-03
4.074785920999999811e-01,2.566176366635858699e-03
4.075857984999999850e-01,2.565138428630752213e-03
4.075960070999999907e-01,2.565039604890986553e-03
4.076011113999999935e-01,2.564990192731619358e-03
4.076215276999999859e-01,2.564792564982106438e-03
4.076419430000000066e-01,2.564594954128063351e-03
4.076623571999999918e-01,2.564397361981803850e-03
4.076776671999999824e-01,2.564249182021360006e-03
4.076980796999999934e-01,2.564051624225336268e-03
4.077082854999999895e-01,2.563952852584248411e-03
4.077440039999999932e-01,2.563607188356944490e-03
4.077848212999999888e-01,2.563212216291628313e-03
4.077899231000000069e-01,2.563162849704282535e-03
4.078052283999999972e-01,2.563014757483062563e-03
4.078205329999999851e-01,2.562866676398708760e-03
4.078256344999999783e-01,2.562817319109501196e-03
4.078715444000000079e-01,2.562373150466863963e-03
4.079123488999999991e-01,2.561978413936270588e-03
4.079225494000000007e-01,2.561879741121314905e-03
4.079276494999999891e-01,2.561830408294226737e-03
4.079531492999999842e-01,2.561583754498083891e-03
4.079837468999999994e-01,2.561287807531165400e-03
4.079888462999999854e-01,2.561238486780599739e-03
4.080041441000000213e-01,2.561090534161572421e-03
4.080296391000000078e-01,2.560843967323710429e-03
4.080347378999999997e-01,2.560794660098530875e-03
4.080500338999999976e-01,2.560646738583728654e-03
4.080653294000000098e-01,2.560498826169181705e-03
4.081112123999999786e-01,2.560055160016102248e-03
4.081570902000000167e-01,2.559611587072200579e-03
4.081672846000000132e-01,2.559513026987710483e-03
4.081723816999999754e-01,2.559463750254817142e-03
4.081978660999999731e-01,2.559217379712073331e-03
4.082131560999999742e-01,2.559069573744777136e-03
4.082335417999999883e-01,2.558872513163550945e-03
4.082386379999999870e-01,2.558823251252409503e-03
4.082743100999999819e-01,2.558478450421191978e-03
4.082794057999999948e-01,2.558429195459904857e-03
4.083099789999999896e-01,2.558133703176150749e-03
4.083354549000000056e-01,2.557887495260291553e-03
4.083507397000000205e-01,2.557739782515561743e-03
4.083762129999999879e-01,2.557493619785953555e-03
4.083965905999999979e-01,2.557296709188538759e-03
4.084016847999999977e-01,2.557247487515428540e-03
4.084169670999999724e-01,2.557099820171428780e-03
4.084577171000000062e-01,2.556706097783184497e-03
4.084780906000000100e-01,2.556509262045303637e-03
4.084933700000000223e-01,2.556361650201028051e-03
4.085137416999999882e-01,2.556164847776357021e-03
4.085188344999999832e-01,2.556115652397476182e-03
4.085595743000000057e-01,2.555722116340441909e-03
4.086003100999999749e-01,2.555328657400144678e-03
4.086410417999999933e-01,2.554935275373981362e-03
4.086461329000000142e-01,2.554886105586678859e-03
4.086766787000000178e-01,2.554591124635693846e-03
4.087021317000000264e-01,2.554345338913851810e-03
4.087174028000000181e-01,2.554197881470451990e-03
4.087377633000000010e-01,2.554001289787842348e-03
4.087632124999999728e-01,2.553755574384098011e-03
4.087683021999999888e-01,2.553706436006082138e-03
4.087835707999999957e-01,2.553559025132102079e-03
4.088242841999999988e-01,2.553165979653777840e-03
4.088395506999999984e-01,2.553018608914188383e-03
4.088446393999999873e-01,2.552969484016724255e-03
4.088853467999999936e-01,2.552576552864469894e-03
4.088904348999999883e-01,2.552527442022587117e-03
4.089006110000000249e-01,2.552429224200668170e-03
4.089464002000000042e-01,2.551987300594855349e-03
4.089616621000000118e-01,2.551840012193110768e-03
4.089667492999999876e-01,2.551790918998611980e-03
4.089820104999999928e-01,2.551643643630865758e-03
4.090125311999999735e-01,2.551349129381063653e-03
4.090532217999999776e-01,2.550956509975516300e-03
4.090633938000000080e-01,2.550858367826287255e-03
4.090684797999999955e-01,2.550809296492810574e-03
4.091091647999999803e-01,2.550416780046287774e-03
4.091295059000000234e-01,2.550220549596055476e-03
4.091345909999999919e-01,2.550171493021450870e-03
4.091447610000000235e-01,2.550073387837676828e-03
4.091498458999999754e-01,2.550024338634562793e-03
4.091752694999999940e-01,2.549779099007846040e-03
4.091905229000000199e-01,2.549631970584141389e-03
4.092108597999999930e-01,2.549435818102977792e-03
4.092261119000000225e-01,2.549288712463732356e-03
4.092718646999999876e-01,2.548847463348209545e-03
4.092871144999999933e-01,2.548700402321687781e-03
4.092972806999999880e-01,2.548602369389442717e-03
4.093328605000000064e-01,2.548259282243589812e-03
4.093379429999999819e-01,2.548210275442531168e-03
4.093786012999999779e-01,2.547818256408479823e-03
4.093887653000000126e-01,2.547720264036322600e-03
4.093938471999999940e-01,2.547671266933425067e-03
4.094548248000000057e-01,2.547083422460475356e-03
4.094751486000000051e-01,2.546887512199579474e-03
4.095005520000000176e-01,2.546642651715006617e-03
4.095564339000000165e-01,2.546104060172885760e-03
4.096173873000000243e-01,2.545516666709160374e-03
4.096224662999999877e-01,2.545467724432201768e-03
4.096326242000000173e-01,2.545369843496167895e-03
4.096377030999999724e-01,2.545320905508949294e-03
4.096529392000000103e-01,2.545174099280143876e-03
4.096580177999999961e-01,2.545125162836766285e-03
4.096630963999999819e-01,2.545076231246904287e-03
4.096783316000000008e-01,2.544929441864106964e-03
4.096935662999999783e-01,2.544782663094135363e-03
4.097138783000000006e-01,2.544586971702280861e-03
4.097392668000000016e-01,2.544342384800632982e-03
4.097443444000000157e-01,2.544293473396009014e-03
4.097595766000000084e-01,2.544146738280034931e-03
4.097748082000000069e-01,2.544000014191752194e-03
4.097849622999999997e-01,2.543902204956888929e-03
4.098001929999999793e-01,2.543755500027008488e-03
4.098154231999999730e-01,2.543608803167420312e-03
4.098204997000000072e-01,2.543559905192576201e-03
4.098763380000000067e-01,2.543022126918854584e-03
4.099067920000000198e-01,2.542728853211931837e-03
4.099423188999999912e-01,2.542386751185646016e-03
4.100184374999999992e-01,2.541653872524229137e-03
4.100235116000000013e-01,2.541605021082839200e-03
4.100285855999999951e-01,2.541556172987192216e-03
4.100438071999999989e-01,2.541409637357732246e-03
4.100641018000000249e-01,2.541214271090769597e-03
4.100691753999999856e-01,2.541165432036793237e-03
4.101046881000000033e-01,2.540823592961571550e-03
4.101503429000000200e-01,2.540384171492589792e-03
4.101655599999999846e-01,2.540237717136448192e-03
4.101858486000000137e-01,2.540042465463047613e-03
4.102061363000000238e-01,2.539847226782867683e-03
4.102264228999999984e-01,2.539652010281399312e-03
4.102314944000000074e-01,2.539603210195769296e-03
4.102467085000000013e-01,2.539456812966445730e-03
4.102720641000000001e-01,2.539212841695554727e-03
4.103024887000000231e-01,2.538920115509136610e-03
4.103430513999999918e-01,2.538529876762898700e-03
4.103481214999999960e-01,2.538481102909819539e-03
4.103531914999999919e-01,2.538432329796429503e-03
4.104089571999999797e-01,2.537895902023420015e-03
4.104343027999999838e-01,2.537652115482414046e-03
4.104444406000000156e-01,2.537554610852202179e-03
4.104748524999999870e-01,2.537262122295584447e-03
4.104900576000000134e-01,2.537115894820275545e-03
4.105153980999999841e-01,2.536872201541405872e-03
4.105255339000000170e-01,2.536774733587101108e-03
4.105306016999999974e-01,2.536726000004674644e-03
4.105508722999999804e-01,2.536531084274177769e-03
4.106268780999999812e-01,2.535800308590178097e-03
4.106370111000000045e-01,2.535702889408005933e-03
4.106522101999999785e-01,2.535556774747980188e-03
4.106674087000000140e-01,2.535410669154421204e-03
4.106724747000000120e-01,2.535361967058803560e-03
4.106876724999999895e-01,2.535215875440832625e-03
4.107180664000000259e-01,2.534923724705713099e-03
4.107535230000000093e-01,2.534582931959433738e-03
4.107889766000000220e-01,2.534242197316167663e-03
4.108396193000000141e-01,2.533755532205287167e-03
4.108497470999999956e-01,2.533658214333192084e-03
4.108801289999999828e-01,2.533366284146704867e-03
4.108953189999999811e-01,2.533220334108038634e-03
4.109105086000000018e-01,2.533074395473401599e-03
4.109155715999999736e-01,2.533025752807750979e-03
4.109307603999999836e-01,2.532879829471570456e-03
4.109560737999999880e-01,2.532636645465935910e-03
4.109763234000000098e-01,2.532442119494672170e-03
4.110016338999999963e-01,2.532198987276894613e-03
4.110168195000000191e-01,2.532053120681913502e-03
4.110775562999999799e-01,2.531469768437349509e-03
4.110977999000000049e-01,2.531275353499307448e-03
4.111129820000000157e-01,2.531129556041433401e-03
4.111180425000000027e-01,2.531080958931149986e-03
4.111382840999999733e-01,2.530886579651432742e-03
4.111585247000000276e-01,2.530692221110333352e-03
4.111635846999999733e-01,2.530643633257456410e-03
4.112192405999999800e-01,2.530109258984006119e-03
4.112546539999999973e-01,2.529769273595894492e-03
4.112748889000000241e-01,2.529575019171866404e-03
4.113001810999999952e-01,2.529332233895787742e-03
4.113204136999999982e-01,2.529138022267257702e-03
4.113254717000000005e-01,2.529089472853357154e-03
4.113406453999999823e-01,2.528943831344399647e-03
4.113659335000000028e-01,2.528701119987368517e-03
4.114013342999999767e-01,2.528361369930782424e-03
4.114165052000000045e-01,2.528215778184003670e-03
4.114367320999999800e-01,2.528021677338781505e-03
4.114417886000000246e-01,2.527973154992734992e-03
4.114468452000000220e-01,2.527924632828516989e-03
4.114872949999999752e-01,2.527536500537552744e-03
4.115024627000000157e-01,2.527390971120807052e-03
4.115226853999999768e-01,2.527196948566989929e-03
4.115681828000000153e-01,2.526760460352035428e-03
4.115782926000000064e-01,2.526663476124771726e-03
4.115833474999999742e-01,2.526614987061936470e-03
4.116086206999999830e-01,2.526372552488560796e-03
4.116389465999999997e-01,2.526081669760116624e-03
4.116591625000000088e-01,2.525887770463875956e-03
4.116642164000000048e-01,2.525839298654325004e-03
4.116844311000000256e-01,2.525645423328091305e-03
4.116894845999999886e-01,2.525596958064139051e-03
4.117299106999999792e-01,2.525209272502704477e-03
4.117652801999999723e-01,2.524870107436206872e-03
4.118259065000000052e-01,2.524288815197680159e-03
4.118511649000000108e-01,2.524046658147953079e-03
4.118814727999999814e-01,2.523756111510848995e-03
4.119016769000000133e-01,2.523562433383745585e-03
4.119269306000000186e-01,2.523320365960939407e-03
4.119319812000000192e-01,2.523271956444673135e-03
4.119471324999999795e-01,2.523126732016124033e-03
4.119622832000000012e-01,2.522981515587803883e-03
4.119723833999999751e-01,2.522884713970046256e-03
4.120077321000000237e-01,2.522545940504152158e-03
4.120481268000000252e-01,2.522158835049505277e-03
4.120632738000000184e-01,2.522013691101285173e-03
4.120683226999999893e-01,2.521965313336724333e-03
4.120834689999999800e-01,2.521820181379880871e-03
4.121087116000000106e-01,2.521578320716181924e-03
4.121289045000000040e-01,2.521384853805548609e-03
4.121440485999999792e-01,2.521239766325356676e-03
4.121743350000000028e-01,2.520949619898521163e-03
4.121894774000000039e-01,2.520804560937162358e-03
4.122096662999999994e-01,2.520611169645770380e-03
4.122147133999999880e-01,2.520562822517008559e-03
4.122298542999999760e-01,2.520417793684248155e-03
4.122449946999999781e-01,2.520272774535521707e-03
4.122500412999999808e-01,2.520224435665966139e-03
4.122550878999999835e-01,2.520176099247618644e-03
4.122904123000000198e-01,2.519837778652187898e-03
4.123105964000000068e-01,2.519644476305213723e-03
4.123509615000000017e-01,2.519257931243929199e-03
4.123660974000000201e-01,2.519112995688368127e-03
4.123862777000000257e-01,2.518919762559862149e-03
4.124316798000000062e-01,2.518485060277002134e-03
4.124569010999999952e-01,2.518243598452879137e-03
4.124720331000000240e-01,2.518098733785581207e-03
4.125325555000000088e-01,2.517519383389182561e-03
4.125375987000000078e-01,2.517471113750243891e-03
4.125476846999999725e-01,2.517374573770368197e-03
4.125678562000000271e-01,2.517181506044731572e-03
4.125728988999999847e-01,2.517133244766877297e-03
4.125779414999999894e-01,2.517084983642767226e-03
4.126081960999999909e-01,2.516795432242230780e-03
4.126182804999999898e-01,2.516698925978298751e-03
4.126283646000000194e-01,2.516602422171771661e-03
4.126737401000000194e-01,2.516168215844031501e-03
4.126989464999999968e-01,2.515927031393032972e-03
4.127140696000000109e-01,2.515782334978107146e-03
4.127543953000000210e-01,2.515396525085829022e-03
4.127896770000000215e-01,2.515059004255435458e-03
4.127947169999999777e-01,2.515010791640985652e-03
4.128199160000000090e-01,2.514769745913455600e-03
4.128501527999999809e-01,2.514480526488816012e-03
4.128551920999999902e-01,2.514432326570405739e-03
4.128904652000000008e-01,2.514094966462181689e-03
4.128955039000000160e-01,2.514046778641967125e-03
4.129005425999999757e-01,2.513998589222471956e-03
4.129156583999999963e-01,2.513854028787226771e-03
4.129307736000000228e-01,2.513709483299112792e-03
4.129358117999999966e-01,2.513661301595202305e-03
4.130164158999999890e-01,2.512890571173459053e-03
4.130315272999999787e-01,2.512746091433770441e-03
4.130516752000000236e-01,2.512553467050348318e-03
4.131121126999999782e-01,2.511975710111041208e-03
4.131372924000000224e-01,2.511735023880331489e-03
4.131423281000000114e-01,2.511686890429515664e-03
4.131725412999999736e-01,2.511398114227399430e-03
4.131826118999999964e-01,2.511301866367576276e-03
4.131977173999999975e-01,2.511157500399289685e-03
4.132178570000000217e-01,2.510965030973064376e-03
4.132631677999999975e-01,2.510532037146828797e-03
4.132782702999999724e-01,2.510387725890846772e-03
4.132984060000000071e-01,2.510195329289301776e-03
4.133034398000000054e-01,2.510147232342742601e-03
4.133185408000000227e-01,2.510002948856370104e-03
4.133386746000000112e-01,2.509810590041953570e-03
4.133437079000000236e-01,2.509762501603196062e-03
4.133537742999999764e-01,2.509666330012490666e-03
4.133839720999999967e-01,2.509377844524173385e-03
4.134393290000000221e-01,2.508849058405137559e-03
4.134594569000000219e-01,2.508656809682012143e-03
4.134997098000000038e-01,2.508272362368908510e-03
4.135148035999999805e-01,2.508128215992324814e-03
4.135198347999999857e-01,2.508080167868742116e-03
4.135449896999999764e-01,2.507839951061247973e-03
4.135802038999999986e-01,2.507503692032671955e-03
4.136204450000000032e-01,2.507119464830250607e-03
4.136254749000000119e-01,2.507071443606425504e-03
4.136405642000000049e-01,2.506927379866853624e-03
4.136556527999999955e-01,2.506783328117864751e-03
4.136657116999999939e-01,2.506687299649425996e-03
4.136958867000000151e-01,2.506399240469734703e-03
4.137059444999999780e-01,2.506303229633778662e-03
4.137562300000000026e-01,2.505823246345491220e-03
4.137612582999999900e-01,2.505775253720094430e-03
4.138014817999999817e-01,2.505391359961005922e-03
4.138366741999999765e-01,2.505055508758133233e-03
4.138417013999999838e-01,2.505007537301560082e-03
4.138618097999999801e-01,2.504815652079573577e-03
4.138819172000000046e-01,2.504623787339896497e-03
4.139422334000000259e-01,2.504048302838028130e-03
4.139824394000000130e-01,2.503664736560095531e-03
4.139874648999999907e-01,2.503616797600689229e-03
4.140025408999999934e-01,2.503472982954447514e-03
4.140427409999999919e-01,2.503089526353692845e-03
4.140628396000000100e-01,2.502897823903334467e-03
4.140779129000000114e-01,2.502754060259689863e-03
4.141030338000000199e-01,2.502514480017441114e-03
4.141080577999999845e-01,2.502466566029089550e-03
4.141231295000000201e-01,2.502322832183907688e-03
4.141482477000000273e-01,2.502083301779777381e-03
4.141582945000000238e-01,2.501987498992709787e-03
4.141633178999999942e-01,2.501939599294325436e-03
4.141783875000000226e-01,2.501795903941030335e-03
4.141834106000000237e-01,2.501748007526225556e-03
4.142035023999999788e-01,2.501556434193482215e-03
4.142235932000000176e-01,2.501364881807194816e-03
4.142286157000000246e-01,2.501316995360919511e-03
4.142386605999999749e-01,2.501221228525597837e-03
4.142687938999999875e-01,2.500933951030053209e-03
4.142838596999999790e-01,2.500790329319282912e-03
4.142989248999999763e-01,2.500646718229006249e-03
4.143190111000000231e-01,2.500455250369973403e-03
4.143441173999999894e-01,2.500215942650568356e-03
4.143491384999999916e-01,2.500168081954002707e-03
4.144043664000000016e-01,2.499641720819846882e-03
4.144244474000000067e-01,2.499450347034954875e-03
4.144294674999999817e-01,2.499402507267402523e-03
4.144646066000000073e-01,2.499067660832843089e-03
4.144696261999999964e-01,2.499019828559291383e-03
4.144796652000000137e-01,2.498924171450150541e-03
4.144997425999999985e-01,2.498732868660670341e-03
4.145097810000000216e-01,2.498637224604124529e-03
4.145398945000000057e-01,2.498350318793113745e-03
4.145449131999999759e-01,2.498302506759190588e-03
4.145649873999999735e-01,2.498111261617905199e-03
4.146051330000000146e-01,2.497728828799090396e-03
4.146603267999999787e-01,2.497203105380691075e-03
4.147054799000000069e-01,2.496773071722455540e-03
4.147104965999999782e-01,2.496725294155510266e-03
4.147205298000000151e-01,2.496629744927653625e-03
4.147255463000000253e-01,2.496581971563943767e-03
4.147656762999999969e-01,2.496199834684023882e-03
4.147857399000000056e-01,2.496008791421935446e-03
4.147907556000000051e-01,2.495961033110877421e-03
4.148007868999999959e-01,2.495865522750973474e-03
4.148258639999999886e-01,2.495626759615700990e-03
4.148459246999999794e-01,2.495435772281455206e-03
4.148709991000000263e-01,2.495197062309281212e-03
4.148860429999999822e-01,2.495053852267208744e-03
4.149061007000000023e-01,2.494862918252223859e-03
4.149261575000000035e-01,2.494672005552070818e-03
4.149512270999999863e-01,2.494433385670788168e-03
4.149612544999999875e-01,2.494337946428547628e-03
4.149662680999999798e-01,2.494290228573365666e-03
4.149913351999999778e-01,2.494051657883122278e-03
4.150063748000000219e-01,2.493908525886452416e-03
4.150865765999999790e-01,2.493145340815563268e-03
4.151116364999999919e-01,2.492906905197385826e-03
4.151266717000000050e-01,2.492763855814582232e-03
4.151868070999999993e-01,2.492191767623674198e-03
4.152018396000000111e-01,2.492048771086122650e-03
4.152068502999999855e-01,2.492001106895560744e-03
4.152319029000000050e-01,2.491762806653312953e-03
4.152669740000000109e-01,2.491429237064479024e-03
4.152820036000000048e-01,2.491286294824608845e-03
4.153070516999999851e-01,2.491048082256005873e-03
4.153120611000000184e-01,2.491000441237071344e-03
4.153270890999999909e-01,2.490857531391537510e-03
4.153871954000000200e-01,2.490285986065314539e-03
4.154222533999999967e-01,2.489952663333855429e-03
4.154322695000000065e-01,2.489857436731442511e-03
4.154422852999999916e-01,2.489762216781520217e-03
4.154623161000000064e-01,2.489571787241749538e-03
4.154873532999999730e-01,2.489333777794369533e-03
4.155023749000000266e-01,2.489190984726317047e-03
4.155123890999999903e-01,2.489095796172274572e-03
4.155474364999999781e-01,2.488762670655631122e-03
4.155524429999999936e-01,2.488715083204827861e-03
4.155824810000000036e-01,2.488429601103207475e-03
4.155924932000000238e-01,2.488334445789443586e-03
4.156025051000000192e-01,2.488239297171145926e-03
4.156225282000000076e-01,2.488049016373650255e-03
4.156275339000000124e-01,2.488001446491727373e-03
4.156675767999999938e-01,2.487620943817665797e-03
4.156725819000000044e-01,2.487573388210741199e-03
4.157126204000000103e-01,2.487192967292024305e-03
4.157276339000000043e-01,2.487050326118803167e-03
4.157476509999999958e-01,2.486860158417220339e-03
4.157826786000000108e-01,2.486527407052706307e-03
4.157926859000000142e-01,2.486432344769702596e-03
4.158076964999999903e-01,2.486289760240115686e-03
4.158227064999999723e-01,2.486147183310016655e-03
4.158477220999999835e-01,2.485909582671756886e-03
4.158727360999999734e-01,2.485672010887354354e-03
4.159127552999999922e-01,2.485291951717129300e-03
4.159427673000000159e-01,2.485006955585679269e-03
4.159527707999999824e-01,2.484911967554700660e-03
4.159877811000000092e-01,2.484579538767896396e-03
4.160027846000000085e-01,2.484437085657536116e-03
4.160077857000000212e-01,2.484389604855540695e-03
4.160277893000000060e-01,2.484199689738526579e-03
4.160477920000000274e-01,2.484009791570724896e-03
4.160627933000000112e-01,2.483867379881366660e-03
4.160877943999999884e-01,2.483630049848562036e-03
4.161077941999999918e-01,2.483440204905425479e-03
4.161427914999999977e-01,2.483108024133047053e-03
4.161477908999999809e-01,2.483060572364107106e-03
4.161527902000000112e-01,2.483013124322139883e-03
4.161627885999999998e-01,2.482918230576494287e-03
4.161677878000000219e-01,2.482870785441201530e-03
4.161877836999999802e-01,2.482681013831207484e-03
4.161927825000000247e-01,2.482633572979408426e-03
4.162227741999999786e-01,2.482348956702819937e-03
4.162327710000000014e-01,2.482254097423778390e-03
4.162677578000000267e-01,2.481922109412143095e-03
4.162877488999999764e-01,2.481732430323084406e-03
4.163127365000000024e-01,2.481495355253408950e-03
4.163227311000000097e-01,2.481400532515364628e-03
4.163876901999999935e-01,2.480784299009151407e-03
4.164076755000000185e-01,2.480594728519693384e-03
4.164226638999999897e-01,2.480452561812371542e-03
4.164626303000000251e-01,2.480073497030746161e-03
4.164676259000000269e-01,2.480026118218191505e-03
4.164826120999999826e-01,2.479883993953520185e-03
4.165275675999999816e-01,2.479457673536839164e-03
4.165475462000000073e-01,2.479268227087752432e-03
4.165525407999999818e-01,2.479220871650421407e-03
4.165825066000000132e-01,2.478936741045581829e-03
4.166324448000000014e-01,2.478463287985363615e-03
4.166424317999999904e-01,2.478368606774443515e-03
4.166474251000000240e-01,2.478321271583508630e-03
4.166873700000000014e-01,2.477942614877111805e-03
4.167073410000000089e-01,2.477753315265979195e-03
4.167223185999999746e-01,2.477611349015449143e-03
4.167273109999999892e-01,2.477564031352715804e-03
4.167472801000000060e-01,2.477374763513720199e-03
4.167522721999999957e-01,2.477327450796302719e-03
4.167822237000000096e-01,2.477043594761513430e-03
4.167922070000000256e-01,2.476948984020297187e-03
4.168620836999999968e-01,2.476286840625948910e-03
4.168670743999999817e-01,2.476239554927589428e-03
4.168820462999999754e-01,2.476097696430275014e-03
4.168870367999999993e-01,2.476050414323429771e-03
4.169119884999999970e-01,2.475814015393082001e-03
4.169269587000000166e-01,2.475672191540000382e-03
4.169469182000000163e-01,2.475483105878234676e-03
4.169618871999999921e-01,2.475341304010202689e-03
4.169868344000000060e-01,2.475104989654166882e-03
4.169918235999999778e-01,2.475057731330768639e-03
4.170217579000000119e-01,2.474774198558716675e-03
4.170317355000000004e-01,2.474679696006966498e-03
4.170467015000000055e-01,2.474537952851529627e-03
4.170666552000000249e-01,2.474348976226661487e-03
4.170866080999999781e-01,2.474160015100816418e-03
4.171065599000000068e-01,2.473971075497971746e-03
4.171115476999999738e-01,2.473923842773160988e-03
4.171215232000000106e-01,2.473829379212776937e-03
4.171265108000000166e-01,2.473782153377171965e-03
4.171664098000000265e-01,2.473404361342106204e-03
4.172013183000000125e-01,2.473073850173659015e-03
4.172312375000000184e-01,2.472790601140541309e-03
4.172661404999999935e-01,2.472460194272316225e-03
4.172711264000000253e-01,2.472413000408801593e-03
4.172860837999999850e-01,2.472271417352700420e-03
4.173060261000000049e-01,2.472082654992337290e-03
4.173508928999999923e-01,2.471658010049827565e-03
4.173658473999999896e-01,2.471516481581569752e-03
4.173808014000000011e-01,2.471374964557028139e-03
4.173907703999999996e-01,2.471280624346587629e-03
4.174057234999999921e-01,2.471139121739879263e-03
4.174206759999999905e-01,2.470997628013046465e-03
4.174256600999999844e-01,2.470950468869310968e-03
4.174406118999999804e-01,2.470808990062969227e-03
4.174854641999999894e-01,2.470384616363481469e-03
4.175253288999999923e-01,2.470007470781061896e-03
4.175402771000000235e-01,2.469866062879885575e-03
4.175452598000000126e-01,2.469818926217909154e-03
4.175851186999999798e-01,2.469441890180150249e-03
4.176000648000000037e-01,2.469300518960343242e-03
4.176249738000000211e-01,2.469064926615974469e-03
4.176698063000000016e-01,2.468640925636952747e-03
4.177395361999999834e-01,2.467981549611477591e-03
4.177494965999999921e-01,2.467887372032659225e-03
4.177594567999999842e-01,2.467793198090225022e-03
4.177644368999999802e-01,2.467746114865465926e-03
4.177843564000000010e-01,2.467557783485450126e-03
4.178241925000000245e-01,2.467181177451482476e-03
4.178391300000000030e-01,2.467039969052274052e-03
4.178441091000000274e-01,2.466992900551684322e-03
4.178590460000000117e-01,2.466851704914071065e-03
4.178690036000000108e-01,2.466757580696819167e-03
4.179038533000000166e-01,2.466428180023876125e-03
4.179436780999999934e-01,2.466051788017529188e-03
4.179635890000000242e-01,2.465863621600592175e-03
4.179785215999999859e-01,2.465722506740235329e-03
4.180183391999999776e-01,2.465346248220765327e-03
4.180233161999999947e-01,2.465299219683451774e-03
4.180282929999999952e-01,2.465252194728388604e-03
4.180631295000000192e-01,2.464923044905815985e-03
4.180681058999999866e-01,2.464876027018591317e-03
4.180780585000000160e-01,2.464781998192623266e-03
4.181079149999999967e-01,2.464499932877893193e-03
4.181228424000000277e-01,2.464358914097633784e-03
4.181377693000000173e-01,2.464217906485966902e-03
4.181427448000000213e-01,2.464170908825620999e-03
4.181825467999999990e-01,2.463794946363007977e-03
4.181875218000000172e-01,2.463747954067037251e-03
4.182024463999999830e-01,2.463606991638850156e-03
4.182273195000000277e-01,2.463372073153808229e-03
4.182621394000000103e-01,2.463043237369435135e-03
4.182969563999999751e-01,2.462714455272394399e-03
4.183069036000000018e-01,2.462620527901953921e-03
4.183168505000000037e-01,2.462526606309152228e-03
4.183417167999999853e-01,2.462291814125425193e-03
4.183466899000000128e-01,2.462244861947306216e-03
4.183616088000000066e-01,2.462104003159834489e-03
4.183964175000000063e-01,2.461775380022352376e-03
4.184212790999999876e-01,2.461540681454948368e-03
4.184262512999999961e-01,2.461493742843475462e-03
4.184660263000000158e-01,2.461118291587936074e-03
4.184958550000000277e-01,2.460836750167884942e-03
4.185008263000000173e-01,2.460789827691401213e-03
4.185555061999999826e-01,2.460273785310964061e-03
4.185604767000000170e-01,2.460226878336150159e-03
4.185853285999999729e-01,2.459992363238519813e-03
4.186002389999999851e-01,2.459851668508547008e-03
4.186350278000000036e-01,2.459523416457460449e-03
4.186549058999999851e-01,2.459335870536906443e-03
4.186598752999999840e-01,2.459288985863612113e-03
4.186648445999999746e-01,2.459242104968079740e-03
4.186797521000000244e-01,2.459101461193214690e-03
4.186946591999999856e-01,2.458960830100275028e-03
4.187393770999999765e-01,2.458538992595114304e-03
4.187443455000000037e-01,2.458492128126664282e-03
4.187791222999999730e-01,2.458164102633288248e-03
4.187840902000000143e-01,2.458117246085133288e-03
4.187940258000000249e-01,2.458023539334692510e-03
4.187989936000000024e-01,2.457976685026214744e-03
4.188387331000000269e-01,2.457601903279390317e-03
4.188784689999999755e-01,2.457227190248023694e-03
4.188983354999999964e-01,2.457039859935038380e-03
4.189033019000000246e-01,2.456993031859711681e-03
4.189182009999999901e-01,2.456852549486647844e-03
4.189430316000000154e-01,2.456618438439013216e-03
4.189579292999999760e-01,2.456477983354564756e-03
4.189728263999999980e-01,2.456337536674400510e-03
4.190125494999999978e-01,2.455963064128136638e-03
4.190175146999999822e-01,2.455916261694533927e-03
4.190224797000000057e-01,2.455869459184783360e-03
4.190373746000000121e-01,2.455729059100044114e-03
4.190572335000000148e-01,2.455541871891084391e-03
4.190621981000000051e-01,2.455495076276811069e-03
4.190969486000000188e-01,2.455167550403934956e-03
4.191118408000000239e-01,2.455027201427256202e-03
4.191565141999999966e-01,2.454606203829284416e-03
4.191962199000000000e-01,2.454232063093135952e-03
4.192160712999999927e-01,2.454045019152623248e-03
4.192359218000000221e-01,2.453857994753402740e-03
4.192557713999999769e-01,2.453670984913131764e-03
4.192607335999999907e-01,2.453624236380065431e-03
4.192905057999999907e-01,2.453343761323830991e-03
4.193004294000000076e-01,2.453250280759538583e-03
4.193351602000000011e-01,2.452923128303341558e-03
4.193500439000000246e-01,2.452782936465504240e-03
4.194095735999999741e-01,2.452222272799872531e-03
4.194542151999999802e-01,2.451801875109773689e-03
4.194591751000000257e-01,2.451755172015357594e-03
4.194938926999999818e-01,2.451428269744853044e-03
4.194988521999999942e-01,2.451381571896247679e-03
4.195087707999999860e-01,2.451288183700610530e-03
4.195137300999999819e-01,2.451241491827252372e-03
4.195385253999999731e-01,2.451008042448261232e-03
4.195682779000000084e-01,2.450727943074371834e-03
4.195732365000000019e-01,2.450681265092507968e-03
4.196178607000000116e-01,2.450261198227635714e-03
4.196476076000000277e-01,2.449981207208660767e-03
4.196723950999999841e-01,2.449747909359846921e-03
4.197318789999999744e-01,2.449188107987213502e-03
4.197368356000000245e-01,2.449141468108583745e-03
4.197467485999999970e-01,2.449048184060455789e-03
4.197517050999999833e-01,2.449001545489609341e-03
4.197715302000000204e-01,2.448814997799422192e-03
4.197913543999999830e-01,2.448628466788008856e-03
4.198111776999999822e-01,2.448441958635074085e-03
4.198161334000000133e-01,2.448395333266436061e-03
4.198260446000000035e-01,2.448302086498083726e-03
4.198706420000000161e-01,2.447882529495188329e-03
4.199102800999999774e-01,2.447509667417733549e-03
4.199251433999999783e-01,2.447369861461601726e-03
4.199499145000000211e-01,2.447136873965611182e-03
4.199697303000000104e-01,2.446950504038705992e-03
4.199746840999999953e-01,2.446903912247084135e-03
4.199845915000000041e-01,2.446810739705843670e-03
4.200291721000000145e-01,2.446391500465263432e-03
4.200440312000000009e-01,2.446251774856239482e-03
4.200489841000000224e-01,2.446205202373073935e-03
4.200638426000000147e-01,2.446065488164313965e-03
4.200886053999999814e-01,2.445832656701214455e-03
4.200935578000000170e-01,2.445786093802287259e-03
4.201678368000000274e-01,2.445087780969482961e-03
4.201727882999999886e-01,2.445041234005144483e-03
4.202074469000000034e-01,2.444715448058334441e-03
4.202123978999999787e-01,2.444668910332940641e-03
4.202222997999999765e-01,2.444575840120270273e-03
4.202272505999999908e-01,2.444529306878770632e-03
4.202421027000000087e-01,2.444389715463642261e-03
4.202520037999999958e-01,2.444296660798482221e-03
4.202668551000000030e-01,2.444157082768435522e-03
4.203015059999999914e-01,2.443831440872835676e-03
4.203064557999999784e-01,2.443784927650539344e-03
4.203262548000000209e-01,2.443598874395436216e-03
4.203460528999999890e-01,2.443412840595541365e-03
4.203707991000000255e-01,2.443180325192403912e-03
4.204004927000000169e-01,2.442901339530750230e-03
4.204054414000000239e-01,2.442854849115983634e-03
4.204648215999999827e-01,2.442297012372364375e-03
4.204846131000000153e-01,2.442111102344092250e-03
4.205390350000000055e-01,2.441599941403209319e-03
4.205637698999999952e-01,2.441367639205110126e-03
4.205687167000000115e-01,2.441321183383751096e-03
4.205835567999999802e-01,2.441181816374848965e-03
4.205983963000000103e-01,2.441042462888286767e-03
4.206082890000000241e-01,2.440949565978780753e-03
4.206181815000000213e-01,2.440856671210613060e-03
4.206231276999999880e-01,2.440810226963699859e-03
4.206429118000000189e-01,2.440624460873112422e-03
4.206874225000000189e-01,2.440206544657705107e-03
4.207022583999999732e-01,2.440067259809108446e-03
4.207170937999999971e-01,2.439927982820613243e-03
4.207269837000000012e-01,2.439835139577259046e-03
4.208060948999999829e-01,2.439092539227933048e-03
4.208209265999999782e-01,2.438953333294920523e-03
4.208407013000000085e-01,2.438767744564264515e-03
4.208456448999999822e-01,2.438721348693674660e-03
4.208604751999999727e-01,2.438582168608247926e-03
4.208753049000000246e-01,2.438442997654080742e-03
4.208802481000000206e-01,2.438396611291292117e-03
4.209197910999999959e-01,2.438025548273914898e-03
4.209247336999999978e-01,2.437979171282985465e-03
4.209346187999999933e-01,2.437886419731665442e-03
4.209790986999999984e-01,2.437469091383875561e-03
4.210186324999999896e-01,2.437098206058673985e-03
4.210383979000000276e-01,2.436912788646041113e-03
4.210581624999999995e-01,2.436727390132917802e-03
4.210828669000000191e-01,2.436495666221220012e-03
4.211520314000000154e-01,2.435846988791721002e-03
4.211619112000000165e-01,2.435754335573650075e-03
4.211717906999999927e-01,2.435661691605680267e-03
4.211915489999999984e-01,2.435476409598974316e-03
4.212014277999999723e-01,2.435383778717659532e-03
4.212310628000000001e-01,2.435105903686394287e-03
4.212360016999999734e-01,2.435059594423569229e-03
4.212755114000000245e-01,2.434689166848184871e-03
4.212804498000000120e-01,2.434642869124612873e-03
4.212952648000000133e-01,2.434503979421440405e-03
4.213347688999999896e-01,2.434133656735320856e-03
4.213495818999999920e-01,2.433994806712459942e-03
4.214137659000000147e-01,2.433393223718108983e-03
4.214384494000000259e-01,2.433161898014153147e-03
4.214532589000000162e-01,2.433023113048206516e-03
4.214730039999999844e-01,2.432838083809714478e-03
4.214878121999999783e-01,2.432699322233164169e-03
4.215075555999999724e-01,2.432514324633459207e-03
4.215124914000000222e-01,2.432468078641435941e-03
4.215174270000000001e-01,2.432421832924345963e-03
4.215322336999999808e-01,2.432283099011140794e-03
4.215470398000000229e-01,2.432144380072777737e-03
4.215519750999999760e-01,2.432098141464235884e-03
4.215717154999999994e-01,2.431913200933480748e-03
4.215914551000000121e-01,2.431728276283508412e-03
4.216358657000000010e-01,2.431312261777274046e-03
4.216506682000000228e-01,2.431173608914747632e-03
4.216654700999999950e-01,2.431034967888266816e-03
4.216753377999999941e-01,2.430942544865936396e-03
4.217098729000000046e-01,2.430619099457566930e-03
4.217246727999999778e-01,2.430480497273162805e-03
4.217937320999999851e-01,2.429833814613273271e-03
4.218233255000000126e-01,2.429556732756394874e-03
4.218282575000000256e-01,2.429510557228027785e-03
4.218825059999999905e-01,2.429002683909453359e-03
4.218874374000000094e-01,2.428956521928054505e-03
4.219071621000000105e-01,2.428771877130703281e-03
4.219120932000000046e-01,2.428725719033127811e-03
4.219515394999999724e-01,2.428356492772876761e-03
4.219860520000000004e-01,2.428033478094391781e-03
4.219909821000000227e-01,2.427987339352338705e-03
4.220057722000000178e-01,2.427848920537761714e-03
4.220304210999999972e-01,2.427618250924171509e-03
4.220402802000000064e-01,2.427525991621150465e-03
4.220649270999999869e-01,2.427295358922515293e-03
4.221191451999999900e-01,2.426788065913598400e-03
4.221240736999999910e-01,2.426741956044379134e-03
4.221388590999999857e-01,2.426603628416699587e-03
4.221635001999999859e-01,2.426373103854584552e-03
4.221782841999999758e-01,2.426234806364431160e-03
4.221979954000000257e-01,2.426050417563696635e-03
4.222226331000000221e-01,2.425819960799156447e-03
4.222620503999999775e-01,2.425451285951511510e-03
4.222669773000000126e-01,2.425405208053729462e-03
4.222817575999999740e-01,2.425266974957815576e-03
4.223014640000000153e-01,2.425082684322279677e-03
4.223063904000000091e-01,2.425036610796224568e-03
4.223408739000000245e-01,2.424714148509359447e-03
4.223457998999999852e-01,2.424668085215666170e-03
4.223852056999999882e-01,2.424299630886818466e-03
4.223999818999999989e-01,2.424161477218043058e-03
4.224196827000000209e-01,2.423977289480443425e-03
4.224393826000000240e-01,2.423793117860750281e-03
4.224640062000000196e-01,2.423562928031377638e-03
4.225034010000000007e-01,2.423194681528456976e-03
4.225181731000000052e-01,2.423056606673937470e-03
4.225378684000000162e-01,2.422872523281009195e-03
4.225723330000000222e-01,2.422550417530010443e-03
4.225772562999999815e-01,2.422504407567668654e-03
4.225920257999999929e-01,2.422366382115001982e-03
4.226117175999999920e-01,2.422182364538162831e-03
4.226363311999999928e-01,2.421952366221749760e-03
4.226560209999999929e-01,2.421768388637191797e-03
4.226609432999999805e-01,2.421722394477537725e-03
4.226707876999999947e-01,2.421630415373433702e-03
4.226953977999999834e-01,2.421400482523244652e-03
4.227396923999999778e-01,2.420986670377042044e-03
4.227495350000000096e-01,2.420894723612977955e-03
4.227544563000000255e-01,2.420848752304580794e-03
4.227741406000000146e-01,2.420664879343366674e-03
4.228135063999999832e-01,2.420297182252817078e-03
4.228184268999999884e-01,2.420251224423019230e-03
4.228331880000000265e-01,2.420113358280278487e-03
4.228577886000000063e-01,2.419883605077750334e-03
4.228725482999999841e-01,2.419745764883657335e-03
4.229315819999999726e-01,2.419194508511934329e-03
4.229365010999999730e-01,2.419148575684434022e-03
4.229512581000000049e-01,2.419010790648476895e-03
4.229709332000000099e-01,2.418827089769171827e-03
4.230151989000000001e-01,2.418413826935881215e-03
4.230496246000000071e-01,2.418092464092127733e-03
4.230643775999999856e-01,2.417954749434961075e-03
4.230692951999999729e-01,2.417908848258872728e-03
4.230938820999999850e-01,2.417679357054912381e-03
4.231233844999999771e-01,2.417404004153168862e-03
4.231283014000000176e-01,2.417358113980970589e-03
4.231725505999999748e-01,2.416945164273915855e-03
4.231872993999999943e-01,2.416807536543272902e-03
4.232020476000000198e-01,2.416669914871463504e-03
4.232118793999999906e-01,2.416578173045467234e-03
4.232266268000000053e-01,2.416440568704604844e-03
4.232413736000000259e-01,2.416302974103641879e-03
4.232462891000000060e-01,2.416257110672415023e-03
4.232905260000000003e-01,2.415844396706529063e-03
4.233003558000000277e-01,2.415752695184789686e-03
4.233052706000000054e-01,2.415706846209014422e-03
4.233298437999999941e-01,2.415477615046683797e-03
4.233445871000000027e-01,2.415340090038272172e-03
4.233593298000000171e-01,2.415202573551768987e-03
4.233691580000000232e-01,2.415110899215036893e-03
4.233789860000000127e-01,2.415019234562911649e-03
4.234084685000000237e-01,2.414744257227654459e-03
4.234379489999999802e-01,2.414469319497069676e-03
4.234625144999999979e-01,2.414240235068701272e-03
4.235018164000000085e-01,2.413873756681009491e-03
4.235214659000000048e-01,2.413690541241682568e-03
4.235362025000000141e-01,2.413553142876444322e-03
4.235558504999999974e-01,2.413369958536585452e-03
4.235656741000000114e-01,2.413278372859936106e-03
4.235804090999999993e-01,2.413141005082577312e-03
4.236147888999999833e-01,2.412820514685730215e-03
4.236589873000000117e-01,2.412408533229101065e-03
4.236737191000000124e-01,2.412271223610413292e-03
4.236786296000000229e-01,2.412225456040804124e-03
4.236835400000000251e-01,2.412179689644613524e-03
4.237130013000000028e-01,2.411905119906679849e-03
4.237179113999999802e-01,2.411859360100751439e-03
4.237620990000000032e-01,2.411447584245224839e-03
4.237719179000000169e-01,2.411356089064175656e-03
4.238160999000000206e-01,2.410944419291025445e-03
4.238357348999999830e-01,2.410761484342667082e-03
4.238553689999999818e-01,2.410578563158734949e-03
4.238750021000000090e-01,2.410395662468811651e-03
4.238799102999999957e-01,2.410349940109953425e-03
4.238946344000000255e-01,2.410212778770006500e-03
4.239338961999999933e-01,2.409847064142879493e-03
4.239927820000000125e-01,2.409298617003168431e-03
4.239976887999999944e-01,2.409252922510659190e-03
4.240124088000000180e-01,2.409115836974384632e-03
4.240320347000000045e-01,2.408933074225287629e-03
4.240369410000000006e-01,2.408887386499619816e-03
4.240663778000000050e-01,2.408613280791944804e-03
4.240761895999999864e-01,2.408521923004434441e-03
4.240860012000000068e-01,2.408430565758571101e-03
4.241154346000000075e-01,2.408156526875381270e-03
4.241546759000000000e-01,2.407791196890086971e-03
4.241644856999999824e-01,2.407699879014084735e-03
4.241693905000000209e-01,2.407654220072839683e-03
4.242086267999999882e-01,2.407288987021318025e-03
4.242282435999999990e-01,2.407106395250814719e-03
4.242331476999999795e-01,2.407060752092283779e-03
4.242870885999999730e-01,2.406558730136399305e-03
4.243017986000000019e-01,2.406421837454414576e-03
4.243067018000000190e-01,2.406376209655836096e-03
4.243214110999999900e-01,2.406239330176597122e-03
4.243410227000000146e-01,2.406056840849542938e-03
4.243459253999999903e-01,2.406011219382462284e-03
4.243655358999999794e-01,2.405828750336816597e-03
4.243802430999999986e-01,2.405691910098384408e-03
4.244243617999999829e-01,2.405281447179067212e-03
4.244292635999999952e-01,2.405235845926555292e-03
4.244635746000000043e-01,2.404916664585683359e-03
4.244684758999999752e-01,2.404871071208778723e-03
4.244782784000000198e-01,2.404779888658364027e-03
4.244978828000000037e-01,2.404597535489372100e-03
4.245419892000000250e-01,2.404187304792755175e-03
4.245566903999999919e-01,2.404050583479569805e-03
4.245615905999999828e-01,2.404005009351375868e-03
4.245811910999999772e-01,2.403822729743836008e-03
4.245860911000000071e-01,2.403777163400134739e-03
4.246007907000000081e-01,2.403640469272440641e-03
4.246154898000000233e-01,2.403503782412199242e-03
4.246399872000000131e-01,2.403275996483458972e-03
4.246546849000000234e-01,2.403139336608168305e-03
4.246987750999999811e-01,2.402729418715613546e-03
4.247036737000000062e-01,2.402683879379477732e-03
4.247134707999999925e-01,2.402592799439620241e-03
4.247379625000000103e-01,2.402365120774582665e-03
4.247428607000000023e-01,2.402319587341813622e-03
4.247918392999999737e-01,2.401864318675724780e-03
4.248212237999999807e-01,2.401591212189077736e-03
4.248603999000000186e-01,2.401227125886304988e-03
4.248701933999999847e-01,2.401136117569995301e-03
4.248946760000000267e-01,2.400908610243252840e-03
4.249387412999999780e-01,2.400499165941330504e-03
4.249534287000000243e-01,2.400362702372402061e-03
4.249779066000000105e-01,2.400135289982307119e-03
4.249925925999999965e-01,2.399998852612324467e-03
4.250072782000000049e-01,2.399862423847477517e-03
4.250268581000000157e-01,2.399680538424215324e-03
4.250562263000000063e-01,2.399407740520013467e-03
4.250904866999999920e-01,2.399089524133489731e-03
4.250953807999999778e-01,2.399044068351001858e-03
4.251100628000000214e-01,2.398907710672446708e-03
4.251247443000000237e-01,2.398771362266508521e-03
4.251296379999999764e-01,2.398725913021977456e-03
4.251687856999999959e-01,2.398362372295721398e-03
4.251834650999999909e-01,2.398226061568146678e-03
4.251883582000000050e-01,2.398180626903748287e-03
4.252470702000000213e-01,2.397635493759559238e-03
4.252617470000000233e-01,2.397499234958920793e-03
4.252862070999999800e-01,2.397272157968072422e-03
4.253057741999999863e-01,2.397090516530340359e-03
4.253302318000000137e-01,2.396863486324551755e-03
4.253644701000000028e-01,2.396545692536055771e-03
4.254035961000000032e-01,2.396182563288452947e-03
4.254084866000000242e-01,2.396137177933727654e-03
4.254378285000000037e-01,2.395864882059624279e-03
4.254622785000000129e-01,2.395637998847845087e-03
4.254867271000000173e-01,2.395411143396090643e-03
4.254965061000000048e-01,2.395320406658451966e-03
4.255209528000000185e-01,2.395093587699184939e-03
4.255258418999999792e-01,2.395048228283082423e-03
4.255405091000000195e-01,2.394912153181394127e-03
4.255551757000000102e-01,2.394776085282307194e-03
4.255796190000000201e-01,2.394549330351107303e-03
4.255942842000000059e-01,2.394413291613375992e-03
4.256382770000000093e-01,2.394005229318341491e-03
4.256578279000000076e-01,2.393823896994129799e-03
4.256822652999999734e-01,2.393597251920146114e-03
4.257115882999999990e-01,2.393325316714290177e-03
4.257164753000000079e-01,2.393279999181764130e-03
4.257311357999999935e-01,2.393144050898739477e-03
4.257506824999999773e-01,2.392962796968124087e-03
4.257751144999999959e-01,2.392736257509191829e-03
4.257995451000000098e-01,2.392509742796370981e-03
4.258142027999999857e-01,2.392373849792860368e-03
4.258337455999999799e-01,2.392192670030448675e-03
4.258386311999999840e-01,2.392147375458152699e-03
4.258874838000000218e-01,2.391694514790322981e-03
4.259070232000000122e-01,2.391513399535122927e-03
4.259314463000000162e-01,2.391287033666566249e-03
4.259460994000000000e-01,2.391151223325560949e-03
4.259900558999999975e-01,2.390743856548842999e-03
4.259949397000000193e-01,2.390698597445389297e-03
4.260095906999999960e-01,2.390562829205212028e-03
4.260340078000000030e-01,2.390336574237013692e-03
4.260486574999999831e-01,2.390200832944096819e-03
4.260681895000000274e-01,2.390019858406869195e-03
4.261072510000000202e-01,2.389657961506181424e-03
4.261121333999999816e-01,2.389612731641078611e-03
4.261218981000000072e-01,2.389522270922040705e-03
4.261463087999999844e-01,2.389296136130668324e-03
4.261511908000000237e-01,2.389250912790723096e-03
4.261853630999999920e-01,2.388934377319999573e-03
4.261902445999999900e-01,2.388889162332627318e-03
4.262244137999999793e-01,2.388572688275763904e-03
4.262439377999999723e-01,2.388391866018651447e-03
4.262585802000000146e-01,2.388256262320696908e-03
4.262781026999999945e-01,2.388075476151395576e-03
4.262829831000000125e-01,2.388030279974946192e-03
4.263415443999999943e-01,2.387488024304876798e-03
4.263464242000000182e-01,2.387442843450555963e-03
4.263610630999999929e-01,2.387307309031252815e-03
4.263854601000000022e-01,2.387081436623437157e-03
4.264000976999999803e-01,2.386945927019225398e-03
4.264196136000000248e-01,2.386765259343852710e-03
4.264586429000000178e-01,2.386403979884212448e-03
4.264635212999999814e-01,2.386358823977861084e-03
4.264781561000000054e-01,2.386223364918063031e-03
4.265171799999999958e-01,2.385862185828599782e-03
4.265318129999999819e-01,2.385726763040340453e-03
4.265366905999999902e-01,2.385681623597602115e-03
4.265805862000000004e-01,2.385275418988539679e-03
4.265903401999999733e-01,2.385185162529198603e-03
4.265952170999999793e-01,2.385140037847030201e-03
4.266537355000000198e-01,2.384598602341875088e-03
4.266683638000000056e-01,2.384463265912429523e-03
4.266732397999999926e-01,2.384418156648907081e-03
4.266927433000000103e-01,2.384237731380927164e-03
4.267366228000000206e-01,2.383831831105783471e-03
4.267512482999999968e-01,2.383696553069984160e-03
4.268097452999999875e-01,2.383155529231759193e-03
4.268292425999999917e-01,2.382975217944409332e-03
4.268438648999999807e-01,2.382840001507392086e-03
4.268536128000000041e-01,2.382749860089228983e-03
4.268682342999999824e-01,2.382614654238706525e-03
4.268877288999999853e-01,2.382434397257573739e-03
4.269023491999999753e-01,2.382299219361766647e-03
4.269267152999999815e-01,2.382073936706302110e-03
4.269315884000000061e-01,2.382028882062187623e-03
4.269462071999999830e-01,2.381893730916944101e-03
4.269608254999999741e-01,2.381758589326616465e-03
4.269705708000000044e-01,2.381668498236815933e-03
4.269803159000000181e-01,2.381578413287798162e-03
4.269998052999999794e-01,2.381398255835185350e-03
4.270241658000000218e-01,2.381173079898133566e-03
4.270436532999999923e-01,2.380992958687460758e-03
4.270485250000000121e-01,2.380947932292232574e-03
4.270582681999999797e-01,2.380857879479306334e-03
4.270631397999999912e-01,2.380812855570014087e-03
4.271167231999999925e-01,2.380317659088089510e-03
4.271362063999999958e-01,2.380137619176315739e-03
4.271605592000000118e-01,2.379912595013671233e-03
4.271654295000000268e-01,2.379867591491235685e-03
4.271800404000000162e-01,2.379732593713061208e-03
4.271946507000000115e-01,2.379597603221415749e-03
4.272043905999999835e-01,2.379507616367910593e-03
4.272433480999999755e-01,2.379147706878941958e-03
4.272774330999999925e-01,2.378832840180989446e-03
4.272823021000000110e-01,2.378787862637584891e-03
4.272969088999999943e-01,2.378652940960335888e-03
4.273115152999999999e-01,2.378518027734529122e-03
4.273212525000000261e-01,2.378428090875500407e-03
4.273553312000000215e-01,2.378113342906861168e-03
4.273699355999999727e-01,2.377978469123162401e-03
4.273748036000000194e-01,2.377933513915689127e-03
4.274380824999999828e-01,2.377349178012943751e-03
4.274721518999999859e-01,2.377034609274907093e-03
4.275062185999999875e-01,2.376720094051044865e-03
4.275159513999999827e-01,2.376630243528405143e-03
4.275694780000000028e-01,2.376136133454050375e-03
4.275840750000000079e-01,2.376001398344934710e-03
4.275889406000000226e-01,2.375956486774651651e-03
4.275938060999999735e-01,2.375911576833224931e-03
4.276035369000000252e-01,2.375821764414114655e-03
4.276716466000000105e-01,2.375193185442395650e-03
4.276862401000000036e-01,2.375058516163445089e-03
4.277056973999999734e-01,2.374878972772603760e-03
4.277251537999999798e-01,2.374699448316136465e-03
4.277446093000000227e-01,2.374519938006017759e-03
4.277494729999999912e-01,2.374475064014753591e-03
4.277592002999999754e-01,2.374385319106481380e-03
4.277640638999999911e-01,2.374340446448981908e-03
4.278175593999999915e-01,2.373846931419780915e-03
4.278613236000000097e-01,2.373443239189368219e-03
4.278661859999999817e-01,2.373398390445276025e-03
4.278807728999999838e-01,2.373263849452555627e-03
4.279002212999999943e-01,2.373084474009535313e-03
4.279050831999999804e-01,2.373039634388988788e-03
4.279196687999999860e-01,2.372905117601592766e-03
4.279342537999999974e-01,2.372770613287737609e-03
4.279780060000000219e-01,2.372367148043424100e-03
4.279828670999999973e-01,2.372322325597940595e-03
4.279974500000000015e-01,2.372187860385347596e-03
4.280217538000000155e-01,2.371963773187785000e-03
4.280363354000000231e-01,2.371829334114220877e-03
4.280703571000000207e-01,2.371515675917549616e-03
4.280946567000000202e-01,2.371291668098107850e-03
4.280995164999999991e-01,2.371246868060658541e-03
4.281286738000000258e-01,2.370978099460366306e-03
4.281383925000000201e-01,2.370888520224518226e-03
4.281529700999999744e-01,2.370754155329652009e-03
4.281724062000000219e-01,2.370575020525043670e-03
4.282064171000000141e-01,2.370261571423942261e-03
4.282549995000000109e-01,2.369813874532746261e-03
4.282890039000000204e-01,2.369500552546725466e-03
4.283278627000000061e-01,2.369142532580640476e-03
4.283327197999999836e-01,2.369097785050704261e-03
4.283618612999999797e-01,2.368829320575434067e-03
4.283715746999999796e-01,2.368739841268204752e-03
4.283812879000000184e-01,2.368650365117285286e-03
4.283861444000000018e-01,2.368605626624571431e-03
4.284007134999999744e-01,2.368471425131381952e-03
4.284055697999999968e-01,2.368426694437645707e-03
4.284249943999999810e-01,2.368247776944060277e-03
4.284589852999999837e-01,2.367934710795542574e-03
4.284638409000000037e-01,2.367889993229757746e-03
4.284881181999999900e-01,2.367666410998889477e-03
4.285026839000000143e-01,2.367532276516382157e-03
4.285221040000000148e-01,2.367353445344765397e-03
4.285560871999999910e-01,2.367040524526105652e-03
4.285657962000000154e-01,2.366951130904067918e-03
4.285803592999999911e-01,2.366817045766656316e-03
4.285997758999999796e-01,2.366638280517434269e-03
4.286046299999999865e-01,2.366593593333394738e-03
4.286191917000000129e-01,2.366459531212324573e-03
4.286919929999999934e-01,2.365789372701607943e-03
4.286968460000000203e-01,2.365744705765219624e-03
4.287114046000000123e-01,2.365610705021649763e-03
4.287696341000000189e-01,2.365074801729831391e-03
4.287744862000000268e-01,2.365030147478197359e-03
4.287938941000000170e-01,2.364851552874701595e-03
4.287987459000000001e-01,2.364806907291918357e-03
4.288133009999999801e-01,2.364672974061118611e-03
4.288278556999999824e-01,2.364539047989977147e-03
4.288521123999999851e-01,2.364315863290482583e-03
4.288666656999999827e-01,2.364181963828020355e-03
4.288715167000000106e-01,2.364137334103759078e-03
4.289151733000000077e-01,2.363735702377336035e-03
4.289491253000000115e-01,2.363423383054808705e-03
4.289539754000000205e-01,2.363378768285363460e-03
4.289685252000000060e-01,2.363244935348439782e-03
4.289879242999999898e-01,2.363066508517904472e-03
4.290024731000000036e-01,2.362932699266314870e-03
4.290315690000000015e-01,2.362665104541837764e-03
4.290800579999999864e-01,2.362219200333990320e-03
4.290849064999999740e-01,2.362174617077716920e-03
4.291043004000000272e-01,2.361996291691654658e-03
4.291430853000000045e-01,2.361639683129956261e-03
4.291479331999999980e-01,2.361595115639572324e-03
4.291576288000000239e-01,2.361505975775368780e-03
4.291867142999999940e-01,2.361238584441288212e-03
4.292012563000000003e-01,2.361104901477869070e-03
4.292206447999999952e-01,2.360926678025966705e-03
4.292351857000000215e-01,2.360793018780643193e-03
4.292594193000000002e-01,2.360570274074795180e-03
4.292788052000000021e-01,2.360392096374315431e-03
4.292933440999999739e-01,2.360258473603866688e-03
4.293175744000000127e-01,2.360035792469630626e-03
4.293321119999999880e-01,2.359902195893989058e-03
4.293757216999999904e-01,2.359501466379706949e-03
4.293805669999999908e-01,2.359456943680625623e-03
4.294193270000000173e-01,2.359100820329849881e-03
4.294483947000000135e-01,2.358833768631682457e-03
4.294726162999999985e-01,2.358611255277131072e-03
4.294919925999999832e-01,2.358433263139479014e-03
4.295694890999999793e-01,2.357721462748435179e-03
4.296082320999999871e-01,2.357365664042779686e-03
4.296227597999999759e-01,2.357232255396069648e-03
4.296276023000000222e-01,2.357187787862747869e-03
4.296421293000000086e-01,2.357054395162506803e-03
4.296518138000000042e-01,2.356965470330077330e-03
4.296857076000000220e-01,2.356654267795259619e-03
4.296905493000000020e-01,2.356609813172765196e-03
4.297002327000000177e-01,2.356520908208281119e-03
4.297292813999999961e-01,2.356254224046207702e-03
4.297438049999999787e-01,2.356120894926397053e-03
4.297680099999999781e-01,2.355898702332018865e-03
4.297776915000000031e-01,2.355809830091069174e-03
4.297825323000000197e-01,2.355765395094171905e-03
4.298212559999999849e-01,2.355409966924159812e-03
4.298454566000000088e-01,2.355187856905710791e-03
4.298551365000000124e-01,2.355099019884874818e-03
4.298841747000000102e-01,2.354832534339271893e-03
4.299180502000000126e-01,2.354521684299486477e-03
4.299325674999999736e-01,2.354388476243378728e-03
4.299519230000000136e-01,2.354210880299567425e-03
4.299567617999999758e-01,2.354166486196399097e-03
4.299616004999999852e-01,2.354122091188983173e-03
4.299906314999999979e-01,2.353855745589812729e-03
4.299954698999999825e-01,2.353811357021311310e-03
4.300003081000000060e-01,2.353766971129729775e-03
4.300148226000000129e-01,2.353633818638318099e-03
4.300728756000000153e-01,2.353101297278618626e-03
4.300873875999999818e-01,2.352968194385586173e-03
4.300922247999999781e-01,2.352923827104615520e-03
4.301067362000000061e-01,2.352790733989604775e-03
4.301164101000000128e-01,2.352702007631200711e-03
4.301309206999999746e-01,2.352568929088606590e-03
4.301502672999999999e-01,2.352391507608145305e-03
4.301647766999999734e-01,2.352258453486799194e-03
4.301696131000000145e-01,2.352214103872449311e-03
4.301937941000000265e-01,2.351992369271709796e-03
4.302663288999999947e-01,2.351327322311733137e-03
4.303050091000000243e-01,2.350972728074880551e-03
4.303195133000000117e-01,2.350839773212131875e-03
4.303243479000000149e-01,2.350795456031305308e-03
4.303871930000000012e-01,2.350219437799038087e-03
4.304210289000000023e-01,2.349909343625619998e-03
4.304258624000000255e-01,2.349865049170274216e-03
4.304403625000000067e-01,2.349732173331857323e-03
4.304645281999999740e-01,2.349510731756479596e-03
4.304741941999999932e-01,2.349422161348376815e-03
4.304790271000000224e-01,2.349377878887420022e-03
4.304983580000000254e-01,2.349200755224254301e-03
4.305176882000000260e-01,2.349023649963066437e-03
4.305418496000000261e-01,2.348802291518869035e-03
4.305563458000000177e-01,2.348669492270831147e-03
4.305708415000000233e-01,2.348536696614462755e-03
4.305805051000000105e-01,2.348448175554825393e-03
4.305950000000000055e-01,2.348315396141324295e-03
4.306094944000000146e-01,2.348182628290161524e-03
4.306288194999999819e-01,2.348005620312515127e-03
4.306578055999999988e-01,2.347740135895684099e-03
4.306722979000000007e-01,2.347607408907345303e-03
4.307109416000000079e-01,2.347253513894848650e-03
4.307254321000000274e-01,2.347120819669030415e-03
4.307302621999999914e-01,2.347076592644491231e-03
4.307350922000000026e-01,2.347032364525612584e-03
4.307833892999999859e-01,2.346590143338371081e-03
4.308123649999999749e-01,2.346324859381546720e-03
4.308413387000000205e-01,2.346059614607902931e-03
4.308654820000000218e-01,2.345838602835925973e-03
4.308847955999999813e-01,2.345661816783137406e-03
4.309041083999999855e-01,2.345485041164969454e-03
4.309185924000000223e-01,2.345352474266791838e-03
4.309282481000000220e-01,2.345264100281739192e-03
4.309427312999999926e-01,2.345131547989522114e-03
4.309620415000000038e-01,2.344954824665459840e-03
4.310006592999999775e-01,2.344601430394789229e-03
4.310054863000000180e-01,2.344557260976217351e-03
4.310151400000000188e-01,2.344468927240578749e-03
4.310199668999999956e-01,2.344424758396298353e-03
4.310344469999999872e-01,2.344292264765651668e-03
4.310392735999999947e-01,2.344248104773149523e-03
4.310778843999999999e-01,2.343894841240876017e-03
4.311164918000000013e-01,2.343541645785771847e-03
4.311502703999999797e-01,2.343232655595032469e-03
4.311695712999999985e-01,2.343056110941137832e-03
4.311888712999999984e-01,2.342879584548587021e-03
4.312371175999999973e-01,2.342438339385056589e-03
4.312467662000000201e-01,2.342350102798847113e-03
4.312757106999999812e-01,2.342085416743694935e-03
4.312901822999999912e-01,2.341953091603843351e-03
4.313094768999999884e-01,2.341776666659121844e-03
4.313239473000000102e-01,2.341644358549847729e-03
4.313480634999999896e-01,2.341423871522691283e-03
4.313673554999999937e-01,2.341247496333138944e-03
4.313866466999999871e-01,2.341071140689550845e-03
4.314059370000000171e-01,2.340894799700947437e-03
4.314252264999999809e-01,2.340718474631142427e-03
4.314686245000000087e-01,2.340321807931980674e-03
4.314782679999999981e-01,2.340233671447860143e-03
4.314830895999999805e-01,2.340189606090059115e-03
4.315071970000000090e-01,2.339969284532310810e-03
4.315216606999999760e-01,2.339837106425629153e-03
4.315361240000000209e-01,2.339704935600056372e-03
4.315409450000000091e-01,2.339660882639464472e-03
4.315602284000000233e-01,2.339484673884090638e-03
4.315795109000000185e-01,2.339308484153434370e-03
4.315843314000000208e-01,2.339264438675154982e-03
4.316228934999999933e-01,2.338912113876144908e-03
4.316373533999999790e-01,2.338780009216975212e-03
4.316518127999999788e-01,2.338647914748063876e-03
4.316566325000000259e-01,2.338603883367958072e-03
4.316951881000000157e-01,2.338251685514844067e-03
4.317000073000000215e-01,2.338207666508174739e-03
4.317096456000000249e-01,2.338119628641312231e-03
4.317144646000000141e-01,2.338075612078356104e-03
4.317385590000000217e-01,2.337855541687396555e-03
4.317530151000000260e-01,2.337723510825555351e-03
4.318108343000000016e-01,2.337195482919408700e-03
4.318156522000000108e-01,2.337151487918391439e-03
4.318301056000000138e-01,2.337019509665774503e-03
4.318445585999999836e-01,2.336887537069085551e-03
4.318541935999999914e-01,2.336799561911086318e-03
4.319071823999999782e-01,2.336315769820834515e-03
4.319312660999999887e-01,2.336095907074872951e-03
4.319457156000000020e-01,2.335964000081598626e-03
4.319842454000000220e-01,2.335612298221546781e-03
4.320179561999999973e-01,2.335304613882089545e-03
4.320612946999999870e-01,2.334909090807595847e-03
4.320757398999999777e-01,2.334777266760595070e-03
4.320805549000000245e-01,2.334733329892194151e-03
4.320853698000000076e-01,2.334689393464933413e-03
4.321238870999999926e-01,2.334337927169852309e-03
4.321575870000000097e-01,2.334030453415733303e-03
4.321624009999999738e-01,2.333986529211262186e-03
4.321720290000000131e-01,2.333898690317738351e-03
4.322009115000000068e-01,2.333635199096595683e-03
4.322153521000000054e-01,2.333503467280714349e-03
4.322490447999999819e-01,2.333196128421361273e-03
4.322779221999999977e-01,2.332932733587823534e-03
4.322923600999999949e-01,2.332801053632274635e-03
4.323164224000000111e-01,2.332581602749700649e-03
4.323308590000000118e-01,2.332449945346358813e-03
4.323501072000000001e-01,2.332274414464833179e-03
4.323934124000000101e-01,2.331879532908062106e-03
4.324222802000000088e-01,2.331616325531212560e-03
4.324270913000000105e-01,2.331572462079184015e-03
4.324319023000000040e-01,2.331528599189992574e-03
4.324463351999999761e-01,2.331397013215457184e-03
4.324607675000000095e-01,2.331265440222358466e-03
4.324655781999999782e-01,2.331221583703523090e-03
4.324800099000000175e-01,2.331090021327599481e-03
4.325040615999999893e-01,2.330870770573535179e-03
4.325377318999999998e-01,2.330563866270111105e-03
4.325473515000000102e-01,2.330476186553834175e-03
4.325569707999999958e-01,2.330388514603386890e-03
4.325617803999999844e-01,2.330344679081209052e-03
4.325810183000000086e-01,2.330169346611816062e-03
4.326194915000000085e-01,2.329818732695931264e-03
4.326339181000000145e-01,2.329687269958720299e-03
4.326964275999999887e-01,2.329117702794487876e-03
4.327300828999999793e-01,2.328811085966055097e-03
4.327396982000000225e-01,2.328723492003909393e-03
4.327541207999999751e-01,2.328592103798380903e-03
4.327685427999999890e-01,2.328460727435048040e-03
4.327925785999999775e-01,2.328241788599470438e-03
4.328166129000000084e-01,2.328022873512287580e-03
4.328502589000000067e-01,2.327716433932517162e-03
4.328646776999999779e-01,2.327585117929412833e-03
4.328694839000000183e-01,2.327541350132733382e-03
4.328839020999999954e-01,2.327410048012359088e-03
4.329079315000000094e-01,2.327191229843018037e-03
4.329271539999999807e-01,2.327016194746664435e-03
4.329415703000000226e-01,2.326884926990806582e-03
4.329704014999999906e-01,2.326622425180812845e-03
4.329848163000000194e-01,2.326491186667817897e-03
4.330088400000000060e-01,2.326272478229874860e-03
4.330232535999999910e-01,2.326141263254235571e-03
4.330424709999999844e-01,2.325966328172193037e-03
4.330760994000000252e-01,2.325660230543972161e-03
4.331001179999999784e-01,2.325441616680659369e-03
4.331193320000000235e-01,2.325266746172724615e-03
4.331241352999999905e-01,2.325223032025189318e-03
4.331529544000000120e-01,2.324960759688860477e-03
4.331721660000000251e-01,2.324785936753852658e-03
4.331961792999999838e-01,2.324567425497763799e-03
4.332009817999999957e-01,2.324523729884311624e-03
4.332730129999999846e-01,2.323868368597976561e-03
4.332922193000000033e-01,2.323693648615793826e-03
4.333114247000000030e-01,2.323518942107772982e-03
4.333258282999999933e-01,2.323387921145811212e-03
4.333306292999999920e-01,2.323344249615178544e-03
4.333450321999999799e-01,2.323213244962253361e-03
4.333546339000000081e-01,2.323125910800420864e-03
4.333690359999999853e-01,2.322994918534383203e-03
4.333882379999999812e-01,2.322820278992492483e-03
4.334026389999999784e-01,2.322689307189893058e-03
4.334266394999999883e-01,2.322471045205535926e-03
4.334314395000000153e-01,2.322427393483580960e-03
4.334650375999999916e-01,2.322121877246779466e-03
4.334986331999999831e-01,2.321816410122579544e-03
4.335034322999999912e-01,2.321772774630653617e-03
4.335082313999999992e-01,2.321729143121579065e-03
4.335418236999999952e-01,2.321423739012461445e-03
4.335466223000000174e-01,2.321380114941494748e-03
4.335850097999999764e-01,2.321031151263340704e-03
4.335994041999999826e-01,2.320900309647752190e-03
4.336137982000000113e-01,2.320769472740913993e-03
4.336377871000000050e-01,2.320551434005663997e-03
4.336761665000000154e-01,2.320202627016483381e-03
4.336905578999999955e-01,2.320071842585960144e-03
4.337001518999999972e-01,2.319984657779682047e-03
4.337145425000000221e-01,2.319853887853553457e-03
4.337337291999999733e-01,2.319679541949195862e-03
4.337673040000000202e-01,2.319374474098226738e-03
4.338056719000000228e-01,2.319025890100259290e-03
4.338152633999999841e-01,2.318938752542354809e-03
4.338488318000000010e-01,2.318633806364985266e-03
4.338919874000000121e-01,2.318241811933363389e-03
4.339063717000000153e-01,2.318111162853562970e-03
4.339303442999999927e-01,2.317893436477856586e-03
4.339447272999999994e-01,2.317762815162095497e-03
4.339591098000000202e-01,2.317632198415999802e-03
4.340070480000000064e-01,2.317196888033876134e-03
4.340166349999999840e-01,2.317109834524790773e-03
4.340453947999999840e-01,2.316848708775294356e-03
4.340789454000000269e-01,2.316544106985842302e-03
4.340933235000000168e-01,2.316413581875659874e-03
4.341124934000000213e-01,2.316239557933937650e-03
4.341172857999999746e-01,2.316196052610923831e-03
4.341364547000000074e-01,2.316022050564758156e-03
4.341747900999999854e-01,2.315674095324183213e-03
4.341939564000000251e-01,2.315500141015097886e-03
4.342322867000000253e-01,2.315152284064899216e-03
4.342466596999999817e-01,2.315021852707150555e-03
4.342514505000000247e-01,2.314978377961932239e-03
4.342897756999999914e-01,2.314630617189822933e-03
4.343041468000000127e-01,2.314500223845791013e-03
4.343089370000000060e-01,2.314456760685052166e-03
4.343472570999999949e-01,2.314109097517537406e-03
4.343520469000000106e-01,2.314065646802426855e-03
4.343664159000000247e-01,2.313935293254836684e-03
4.343807843999999974e-01,2.313804946371819486e-03
4.344047308999999801e-01,2.313587726106698834e-03
4.344190982000000201e-01,2.313457405498737986e-03
4.344621971000000027e-01,2.313066503347724519e-03
4.344669856000000219e-01,2.313023071184957223e-03
4.345005036999999848e-01,2.312719097725849087e-03
4.345052918000000264e-01,2.312675679152022528e-03
4.345196557000000070e-01,2.312545423209810564e-03
4.345340192000000101e-01,2.312415177873856659e-03
4.345388069000000186e-01,2.312371762752893963e-03
4.345435945000000189e-01,2.312328348569090905e-03
4.345531697000000193e-01,2.312241528033548779e-03
4.345771066999999932e-01,2.312024491450766564e-03
4.345962553000000117e-01,2.311850879311114215e-03
4.346106162999999745e-01,2.311720684143011954e-03
4.346201899000000091e-01,2.311633887045206823e-03
4.346297633999999799e-01,2.311547099431346571e-03
4.346728415000000179e-01,2.311156597584111076e-03
4.347063435999999892e-01,2.310852932023606254e-03
4.347111295000000153e-01,2.310809556150935674e-03
4.347350576999999827e-01,2.310592683282730510e-03
4.347494141000000090e-01,2.310462575180902579e-03
4.347829104000000000e-01,2.310159022075489871e-03
4.348068346999999778e-01,2.309942228473969936e-03
4.348116194000000156e-01,2.309898874214702264e-03
4.348498952000000028e-01,2.309552066876111726e-03
4.348642476999999840e-01,2.309422031596804811e-03
4.348881675999999863e-01,2.309205324375404079e-03
4.349360033999999930e-01,2.308771988526444122e-03
4.349407867000000261e-01,2.308728660573509863e-03
4.349790511000000137e-01,2.308382070317849515e-03
4.349933993999999804e-01,2.308252118311603356e-03
4.349981820000000110e-01,2.308208800868980035e-03
4.350125296999999835e-01,2.308078860467609357e-03
4.350364413999999735e-01,2.307862313619929873e-03
4.350412236000000266e-01,2.307819003445284005e-03
4.350794790999999995e-01,2.307472587336564015e-03
4.351129499999999983e-01,2.307169526884658272e-03
4.351559802000000143e-01,2.306779947435247998e-03
4.351703225999999924e-01,2.306650107531647148e-03
4.351846645999999930e-01,2.306520276297400595e-03
4.351894452000000246e-01,2.306476998573388053e-03
4.352229075999999863e-01,2.306174100322375652e-03
4.352276876999999766e-01,2.306130835335051116e-03
4.352324678000000224e-01,2.306087568018960927e-03
4.352707066000000014e-01,2.305741474615122851e-03
4.352850451999999981e-01,2.305611706569364160e-03
4.353089419000000238e-01,2.305395444909427455e-03
4.353232793999999850e-01,2.305265704664002414e-03
4.353376163000000076e-01,2.305135967012024098e-03
4.353423952000000097e-01,2.305092725197063330e-03
4.353806243000000187e-01,2.304746818349035550e-03
4.353854026999999793e-01,2.304703587211551045e-03
4.353997376000000030e-01,2.304573890901800981e-03
4.354379615999999786e-01,2.304228081415203317e-03
4.354522947999999727e-01,2.304098418882261426e-03
4.354570723999999782e-01,2.304055199839165347e-03
4.354714049000000253e-01,2.303925551129529670e-03
4.355000686000000121e-01,2.303666281707985718e-03
4.355335070999999947e-01,2.303363842443268902e-03
4.355526136999999798e-01,2.303191044900814409e-03
4.355764957000000104e-01,2.302975066880983898e-03
4.356147042999999885e-01,2.302629560397182699e-03
4.356242558999999792e-01,2.302543192233893945e-03
4.356433585000000219e-01,2.302370470426809684e-03
4.356529095000000185e-01,2.302284114241263079e-03
4.356672355999999802e-01,2.302154590897439752e-03
4.356863362999999767e-01,2.301981903372268302e-03
4.357006613000000139e-01,2.301852399692684830e-03
4.357054362000000181e-01,2.301809233437589718e-03
4.357245351999999849e-01,2.301636580268376017e-03
4.357675049999999994e-01,2.301248171125891331e-03
4.358009230000000067e-01,2.300946128504133010e-03
4.358343384000000209e-01,2.300644138746608513e-03
4.358534318000000241e-01,2.300471594515115202e-03
4.358820702999999797e-01,2.300212805374512570e-03
4.359154794999999805e-01,2.299910936043509692e-03
4.359297970000000078e-01,2.299781578694920850e-03
4.359536583999999992e-01,2.299565999170244748e-03
4.359584304999999937e-01,2.299522889935999050e-03
4.359727465000000080e-01,2.299393556102083489e-03
4.360109202999999933e-01,2.299048719171995978e-03
4.360490907999999832e-01,2.298703944579648904e-03
4.360681747999999858e-01,2.298531584492679442e-03
4.360729456999999920e-01,2.298488495605779947e-03
4.360824871999999797e-01,2.298402323036634071e-03
4.361015697999999774e-01,2.298229988636572938e-03
4.361111107000000264e-01,2.298143826257824634e-03
4.361397323000000270e-01,2.297885367979752517e-03
4.361445024000000226e-01,2.297842296677160296e-03
4.361826610999999798e-01,2.297497749659014894e-03
4.361874307999999978e-01,2.297454686225398543e-03
4.362160473000000205e-01,2.297196320877052406e-03
4.362208166000000054e-01,2.297153267097362152e-03
4.362255857999999820e-01,2.297110210172439125e-03
4.362541998999999726e-01,2.296851896601521687e-03
4.362589687000000271e-01,2.296808848568079094e-03
4.363018858000000111e-01,2.296421453090152082e-03
4.363114223999999819e-01,2.296335378683808312e-03
4.363400308000000005e-01,2.296077174621572077e-03
4.363543342999999797e-01,2.295948085573967963e-03
4.363877073999999912e-01,2.295646912874483615e-03
4.363924747999999854e-01,2.295603891470349156e-03
4.364115437000000153e-01,2.295431819198468729e-03
4.364449123999999958e-01,2.295130732489769187e-03
4.364687455999999854e-01,2.294915700796284520e-03
4.364878112000000199e-01,2.294743692652249055e-03
4.365402373999999752e-01,2.294270753409060996e-03
4.365450030999999953e-01,2.294227765445805509e-03
4.365592998999999752e-01,2.294098807780310147e-03
4.365688308999999823e-01,2.294012842455317967e-03
4.365831269000000070e-01,2.293883896676415443e-03
4.366069524999999785e-01,2.293669010375688506e-03
4.366164824000000055e-01,2.293583062424657103e-03
4.366403063000000029e-01,2.293368210880141964e-03
4.366593644000000274e-01,2.293196347833892281e-03
4.367117699999999991e-01,2.292723809973425120e-03
4.367165337999999730e-01,2.292680857858284040e-03
4.367546426000000204e-01,2.292337277296856244e-03
4.367594060000000167e-01,2.292294334781744703e-03
4.367689324999999845e-01,2.292208451951727784e-03
4.367736957000000197e-01,2.292165512021391086e-03
4.368117994999999865e-01,2.291822026132167393e-03
4.368260876000000237e-01,2.291693239236311779e-03
4.368451375999999886e-01,2.291521531961095322e-03
4.368641867999999984e-01,2.291349841123860916e-03
4.368689490000000064e-01,2.291306922042344284e-03
4.368879970999999807e-01,2.291135252186757721e-03
4.369118061999999747e-01,2.290920687524702209e-03
4.369260910000000164e-01,2.290791960794985160e-03
4.369498978999999950e-01,2.290577439248804234e-03
4.369832255000000165e-01,2.290277146589690324e-03
4.369879863000000197e-01,2.290234250964869912e-03
4.370022686000000212e-01,2.290105573784824954e-03
4.370165504999999895e-01,2.289976901382812131e-03
4.370260713999999935e-01,2.289891128040287636e-03
4.370403525000000067e-01,2.289762475464562127e-03
4.370593931999999793e-01,2.289590949497487780e-03
4.370784329999999884e-01,2.289419442266286530e-03
4.370974720999999952e-01,2.289247949141750768e-03
4.371165102999999830e-01,2.289076470449719243e-03
4.371403067999999892e-01,2.288862147773566402e-03
4.371688610000000197e-01,2.288604991922393687e-03
4.371736198999999767e-01,2.288562137099931729e-03
4.372259638000000059e-01,2.288090789954828983e-03
4.372497544000000236e-01,2.287876581879414329e-03
4.372545124000000172e-01,2.287833743429873619e-03
4.372687860000000204e-01,2.287705231961448867e-03
4.372878166999999983e-01,2.287533901606624877e-03
4.373020892000000215e-01,2.287405413023885226e-03
4.373449039000000260e-01,2.287019999560469929e-03
4.373591746000000113e-01,2.286891546474154654e-03
4.373686881000000137e-01,2.286805917114436305e-03
4.373782013999999996e-01,2.286720289900466812e-03
4.374400327999999893e-01,2.286163818063445888e-03
4.374447886999999757e-01,2.286121020786670895e-03
4.374543002999999874e-01,2.286035425075189954e-03
4.374590560000000128e-01,2.285992631783112516e-03
4.374733230000000250e-01,2.285864247406401220e-03
4.374828339999999871e-01,2.285778667214470334e-03
4.375161209000000273e-01,2.285479162052025427e-03
4.375921958999999806e-01,2.284794762666109234e-03
4.376112125000000130e-01,2.284623698843836915e-03
4.376349822000000223e-01,2.284409897769091972e-03
4.376682575999999991e-01,2.284110616133965248e-03
4.376730110000000007e-01,2.284067865937948385e-03
4.376825175999999873e-01,2.283982366722012072e-03
4.377110363999999754e-01,2.283725896189068606e-03
4.377252951000000225e-01,2.283597675653773872e-03
4.377443060000000274e-01,2.283426729769573189e-03
4.377585635999999836e-01,2.283298527283784355e-03
4.377870775000000103e-01,2.283042154681265510e-03
4.378013337000000171e-01,2.282913981166598185e-03
4.378583540000000052e-01,2.282401373954850900e-03
4.378916124000000187e-01,2.282102422652609788e-03
4.379011143000000050e-01,2.282017014845172300e-03
4.379106159999999748e-01,2.281931614483867499e-03
4.379153667999999833e-01,2.281888914589593875e-03
4.379343694000000231e-01,2.281718127324459423e-03
4.379533711999999968e-01,2.281547353782484300e-03
4.379771223000000213e-01,2.281333909554221408e-03
4.379866224000000252e-01,2.281248540513293021e-03
4.380103717000000119e-01,2.281035133146423841e-03
4.380151213999999849e-01,2.280992455113676695e-03
4.380293701999999900e-01,2.280864423830480329e-03
4.380531172000000084e-01,2.280651062969746463e-03
4.380816117999999926e-01,2.280395058168140608e-03
4.380863608000000187e-01,2.280352393809732033e-03
4.381053560000000013e-01,2.280181750696417837e-03
4.381433438999999819e-01,2.279840508702080017e-03
4.381813285999999752e-01,2.279499333273232297e-03
4.382335520999999789e-01,2.279030318413780183e-03
4.382382993999999754e-01,2.278987683494939145e-03
4.382572880000000226e-01,2.278817166932948189e-03
4.382715288999999848e-01,2.278689291510251676e-03
4.382810226000000142e-01,2.278604044428013831e-03
4.383142488999999808e-01,2.278305713238128281e-03
4.383522187000000181e-01,2.277964823118127421e-03
4.383664566000000096e-01,2.277837005595000162e-03
4.383712023999999929e-01,2.277794400280804682e-03
4.384423839000000100e-01,2.277155461701171543e-03
4.384708533000000186e-01,2.276899951013536347e-03
4.384850873000000204e-01,2.276772208767984928e-03
4.384993207999999809e-01,2.276644476325616947e-03
4.385088094999999853e-01,2.276559323639323288e-03
4.385230422999999988e-01,2.276431604874020430e-03
4.385372746000000266e-01,2.276303894984909020e-03
4.385420186000000276e-01,2.276261328186276675e-03
4.385799686999999891e-01,2.275920818970199235e-03
4.385847122000000042e-01,2.275878259490507483e-03
4.385989424999999775e-01,2.275750586432508018e-03
4.386226585999999927e-01,2.275537821075023729e-03
4.386368876999999777e-01,2.275410173934815615e-03
4.386511162999999769e-01,2.275282537326818889e-03
4.386558589999999813e-01,2.275239992231110290e-03
4.386985415999999915e-01,2.274857140933895551e-03
4.387364782000000019e-01,2.274516896790214869e-03
4.387459617999999728e-01,2.274431844322977788e-03
4.387507035000000055e-01,2.274389317661368488e-03
4.387886355999999766e-01,2.274049161481717964e-03
4.388076003999999974e-01,2.273879106723102062e-03
4.388123414999999805e-01,2.273836594127660263e-03
4.388407867999999934e-01,2.273581547501618907e-03
4.388502682000000044e-01,2.273496539750916555e-03
4.388644898999999877e-01,2.273369035329661416e-03
4.388834514000000131e-01,2.273199042691896946e-03
4.389403310000000169e-01,2.272689165140512856e-03
4.389640287000000085e-01,2.272476756847221016e-03
4.389782467000000188e-01,2.272349322817474038e-03
4.389972033000000273e-01,2.272179427714914740e-03
4.390493296999999906e-01,2.271712295973969242e-03
4.390540681999999806e-01,2.271669833878617231e-03
4.390777597000000143e-01,2.271457544694409098e-03
4.391061879000000001e-01,2.271202833417483840e-03
4.391109256999999877e-01,2.271160383003742369e-03
4.391535639999999963e-01,2.270778386309349733e-03
4.391677759000000014e-01,2.270651075715822333e-03
4.391819873000000207e-01,2.270523771233868855e-03
4.392625097999999784e-01,2.269802544130334557e-03
4.392672458999999918e-01,2.269760128810471411e-03
4.392767181000000187e-01,2.269675297611985481e-03
4.393003976000000033e-01,2.269463243156319941e-03
4.393051333999999919e-01,2.269420835673082674e-03
4.393193403000000274e-01,2.269293616335851197e-03
4.393382821999999854e-01,2.269124006422674426e-03
4.393524880999999938e-01,2.268996806877251332e-03
4.393761635000000276e-01,2.268784830892898140e-03
4.393808985000000056e-01,2.268742437704109743e-03
4.394093070000000267e-01,2.268488106459919367e-03
4.394187761000000192e-01,2.268403338305012475e-03
4.394282449999999951e-01,2.268318569628984243e-03
4.394329793999999789e-01,2.268276189812049818e-03
4.394471822000000083e-01,2.268149052888754260e-03
4.394945216000000210e-01,2.267725321793189700e-03
4.395087223999999959e-01,2.267598219322045344e-03
4.395465889999999876e-01,2.267259331848841576e-03
4.396033827999999977e-01,2.266751118251659342e-03
4.396412412999999852e-01,2.266412386419048002e-03
4.396459732999999925e-01,2.266370049463920996e-03
4.396790964999999773e-01,2.266073716995746154e-03
4.396838281000000070e-01,2.266031389231774364e-03
4.397169483999999740e-01,2.265735113437957870e-03
4.397311420000000193e-01,2.265608154142060345e-03
4.397500662000000116e-01,2.265438886288412713e-03
4.397737201999999956e-01,2.265227326854684677e-03
4.397926424999999973e-01,2.265058094206940775e-03
4.398068337000000105e-01,2.264931183487610498e-03
4.398115639999999882e-01,2.264888880021864465e-03
4.398304847000000239e-01,2.264719680426218948e-03
4.398352146999999768e-01,2.264677382149119303e-03
4.398635939000000161e-01,2.264423620837948976e-03
4.398872417999999951e-01,2.264212176644233784e-03
4.399014298999999739e-01,2.264085323520929980e-03
4.399439915999999728e-01,2.263704815511353823e-03
4.399487203999999929e-01,2.263662540107153499e-03
4.399581779000000248e-01,2.263577996765164888e-03
4.399629065999999811e-01,2.263535727927335275e-03
4.400007341000000127e-01,2.263197595230274570e-03
4.400338305000000005e-01,2.262901782635533526e-03
4.400574693000000037e-01,2.262690519741388743e-03
4.400621968999999800e-01,2.262648267985769342e-03
4.400905614000000243e-01,2.262394787467463236e-03
4.401000158000000217e-01,2.262310304137503825e-03
4.401141970999999931e-01,2.262183581285349791e-03
4.401331048000000079e-01,2.262014637274931735e-03
4.401709176999999973e-01,2.261676790410282589e-03
4.402040012999999807e-01,2.261381227297499207e-03
4.402134533000000016e-01,2.261296788327851227e-03
4.402276308999999999e-01,2.261170140267913017e-03
4.402607102000000161e-01,2.260874657287977475e-03
4.402890620000000088e-01,2.260621424307622442e-03
4.403032371999999750e-01,2.260494825533589450e-03
4.403268614999999997e-01,2.260283838227134922e-03
4.403410354000000249e-01,2.260157261551621125e-03
4.403552090000000252e-01,2.260030691600931150e-03
4.403599334000000143e-01,2.259988504885610851e-03
4.404733037999999934e-01,2.258976287663848250e-03
4.404874731000000265e-01,2.258849799703216248e-03
4.405110875000000092e-01,2.258639009378697257e-03
4.405299780999999970e-01,2.258470390932893531e-03
4.405535903000000197e-01,2.258259644325913678e-03
4.405866451000000072e-01,2.257964638131810305e-03
4.406196975000000182e-01,2.257669679148986090e-03
4.406244190999999977e-01,2.257627548088880168e-03
4.406291406000000244e-01,2.257585417472764144e-03
4.406385835000000140e-01,2.257501155316183391e-03
4.406433048000000241e-01,2.257459026457788072e-03
4.406621897999999926e-01,2.257290520341970804e-03
4.406669108999999862e-01,2.257248394822356560e-03
4.406952364999999761e-01,2.256995671171559657e-03
4.407046779000000081e-01,2.256911440172920582e-03
4.407377215000000126e-01,2.256616652223265764e-03
4.407424417999999955e-01,2.256574546872714120e-03
4.407566023999999749e-01,2.256448227288854712e-03
4.407896419999999815e-01,2.256153514888760425e-03
4.407943617999999786e-01,2.256111419844198350e-03
4.408085206999999839e-01,2.255985132378983057e-03
4.408132402000000116e-01,2.255943039425388572e-03
4.408321178999999868e-01,2.255774673513445856e-03
4.408509948000000067e-01,2.255606325637048420e-03
4.408557137999999931e-01,2.255564240124644394e-03
4.408651518999999741e-01,2.255480073219548291e-03
4.408698708000000077e-01,2.255437992293527188e-03
4.408934647000000151e-01,2.255227599733868743e-03
4.409217758000000265e-01,2.254975157749940055e-03
4.409406488000000013e-01,2.254806883609853946e-03
4.409689567999999782e-01,2.254554501299392381e-03
4.409831101000000197e-01,2.254428324927010372e-03
4.410019805000000015e-01,2.254260099045263862e-03
4.410066979999999748e-01,2.254218046113714083e-03
4.410397188999999885e-01,2.253923702057413631e-03
4.410444359999999842e-01,2.253881657015279101e-03
4.410821706999999980e-01,2.253545327391167589e-03
4.410916039000000177e-01,2.253461253236896736e-03
4.410963204000000193e-01,2.253419218800667249e-03
4.411529146000000012e-01,2.252914881403305335e-03
4.411717776999999896e-01,2.252746798462818348e-03
4.411906400000000228e-01,2.252578731943357358e-03
4.412330772999999984e-01,2.252200640634492278e-03
4.412613665999999824e-01,2.251948622184381417e-03
4.412660813000000015e-01,2.251906623156293193e-03
4.412990827000000116e-01,2.251612654377777717e-03
4.413037969999999977e-01,2.251570662157868948e-03
4.413179395999999866e-01,2.251444693040804013e-03
4.413603645999999991e-01,2.251066840537596907e-03
4.413792188999999810e-01,2.250898929500966521e-03
4.413839323000000037e-01,2.250856955646442486e-03
4.413933590999999934e-01,2.250773008652863765e-03
4.414169250000000155e-01,2.250563157688023359e-03
4.414216380000000051e-01,2.250521191963721947e-03
4.414357768000000126e-01,2.250395297030819731e-03
4.414593405000000192e-01,2.250185488750176214e-03
4.414687655999999794e-01,2.250101575265116803e-03
4.415347358000000222e-01,2.249514273396468426e-03
4.415441593000000164e-01,2.249430388931459700e-03
4.415488710000000094e-01,2.249388448446192675e-03
4.415630057000000108e-01,2.249262633232313943e-03
4.415865626000000099e-01,2.249052957598197868e-03
4.416006961000000230e-01,2.248927164198658967e-03
4.416195400999999854e-01,2.248759456028790599e-03
4.416619361999999938e-01,2.248382165228238368e-03
4.416760672999999748e-01,2.248256416965390293e-03
4.416807775000000102e-01,2.248214502224373315e-03
4.416996181000000243e-01,2.248046859929847020e-03
4.417137480000000171e-01,2.247921137628185705e-03
4.417184579000000277e-01,2.247879232260511541e-03
4.417231676999999745e-01,2.247837327902829380e-03
4.417749724000000211e-01,2.247376440019255121e-03
4.418126446999999790e-01,2.247041325752305307e-03
4.418267710000000070e-01,2.246915672068820237e-03
4.418456052999999994e-01,2.246748152605157044e-03
4.418503138000000052e-01,2.246706274361254425e-03
4.418738554000000152e-01,2.246496896630680029e-03
4.418879796999999887e-01,2.246371282494250693e-03
4.419115191999999914e-01,2.246161945315833849e-03
4.419256423999999850e-01,2.246036355961613350e-03
4.419821304000000062e-01,2.245534078495959283e-03
4.419868373999999989e-01,2.245492230863753436e-03
4.419962512000000232e-01,2.245408532238923893e-03
4.420150783999999833e-01,2.245241148310509090e-03
4.420244916000000135e-01,2.245157464526359014e-03
4.420386110999999785e-01,2.245031944952999726e-03
4.420621426999999937e-01,2.244822762584624837e-03
4.420950846999999739e-01,2.244529948257828478e-03
4.421468458000000212e-01,2.244069911318317262e-03
4.421703714999999923e-01,2.243860841402959758e-03
4.422080100999999930e-01,2.243526383383446544e-03
4.422127148000000174e-01,2.243484579580166862e-03
4.422268282999999855e-01,2.243359174946554530e-03
4.422785739000000271e-01,2.242899437802072828e-03
4.422832777999999854e-01,2.242857647892387320e-03
4.423162032999999882e-01,2.242565154299420646e-03
4.423209068000000244e-01,2.242523372755406575e-03
4.423256101999999967e-01,2.242481596627317157e-03
4.423397201000000001e-01,2.242356259888131451e-03
4.424337745999999960e-01,2.241520929452530016e-03
4.424525831000000187e-01,2.241353907964559189e-03
4.424666889000000158e-01,2.241228654675462336e-03
4.424760925999999817e-01,2.241145154985704768e-03
4.425043022999999853e-01,2.240894682645329372e-03
4.425090038000000225e-01,2.240852943413230557e-03
4.425231077999999818e-01,2.240727722293096510e-03
4.425466136000000272e-01,2.240519042328402780e-03
4.425513146000000231e-01,2.240477307628052639e-03
4.425654172999999858e-01,2.240352116197486237e-03
4.425889208000000075e-01,2.240143478118501816e-03
4.426218236000000195e-01,2.239851429825520397e-03
4.426594238000000070e-01,2.239517713410409203e-03
4.426641236000000146e-01,2.239476005739699741e-03
4.426735231000000215e-01,2.239392587945150236e-03
4.426782227000000125e-01,2.239350880070798116e-03
4.426970209000000156e-01,2.239184062410409706e-03
4.427017202999999901e-01,2.239142360247738713e-03
4.427346146999999732e-01,2.238850475009290710e-03
4.427393137000000256e-01,2.238808782774035812e-03
4.427487115000000029e-01,2.238725394573890925e-03
4.427769039000000184e-01,2.238475259932144572e-03
4.428144909999999768e-01,2.238141803752834169e-03
4.428285853000000216e-01,2.238016774537357218e-03
4.428473769999999865e-01,2.237850082892501452e-03
4.428661678999999962e-01,2.237683401568822325e-03
4.428849581000000035e-01,2.237516742352809590e-03
4.428896554999999791e-01,2.237475076159185349e-03
4.428990501000000246e-01,2.237391753392650815e-03
4.429413237000000003e-01,2.237016847939061939e-03
4.429601106000000121e-01,2.236850244012400426e-03
4.429742003000000095e-01,2.236725307251759796e-03
4.429976821000000120e-01,2.236517092587523084e-03
4.430023782999999993e-01,2.236475450443229079e-03
4.430164667000000001e-01,2.236350537552733893e-03
4.430399461999999788e-01,2.236142366917559261e-03
4.430681201000000180e-01,2.235892595682289260e-03
4.430775109999999795e-01,2.235809345497237650e-03
4.431103774999999856e-01,2.235518000487381543e-03
4.431150724999999846e-01,2.235476382120041901e-03
4.431291573000000206e-01,2.235351537637786726e-03
4.431667143999999947e-01,2.235018664850355833e-03
4.431995743000000099e-01,2.234727449122197052e-03
4.432042683999999899e-01,2.234685851408895786e-03
4.432230442000000270e-01,2.234519468300844199e-03
4.432277379999999822e-01,2.234477874085748998e-03
4.432652867999999913e-01,2.234145160175762292e-03
4.432793668000000187e-01,2.234020411412602526e-03
4.432981394000000130e-01,2.233854088787119978e-03
4.433309894999999945e-01,2.233563061758252633e-03
4.433356822000000252e-01,2.233521491015867319e-03
4.433497599999999816e-01,2.233396783639258424e-03
4.433544524999999958e-01,2.233355219197008870e-03
4.433685296000000053e-01,2.233230520749503525e-03
4.433732219000000030e-01,2.233188957856927989e-03
4.434060664999999735e-01,2.232898039592443127e-03
4.434107583999999935e-01,2.232856484629410464e-03
4.434248337000000206e-01,2.232731824233100560e-03
4.434529830999999755e-01,2.232482525470310970e-03
4.434905128000000141e-01,2.232150187771913055e-03
4.434998948000000163e-01,2.232067111808970841e-03
4.435045857000000091e-01,2.232025576076442953e-03
4.435233486999999863e-01,2.231859439423187607e-03
4.435608724999999808e-01,2.231527211944086490e-03
4.435749431000000076e-01,2.231402646125609131e-03
4.435796331999999897e-01,2.231361123547467244e-03
4.436030829000000009e-01,2.231153534325435936e-03
4.436171521999999756e-01,2.231028991189900040e-03
4.436359105000000080e-01,2.230862949144105448e-03
4.436687355999999749e-01,2.230572410477387434e-03
4.436734247999999936e-01,2.230530908904658667e-03
4.436921806999999940e-01,2.230364913428040542e-03
4.437062471000000063e-01,2.230240425777474562e-03
4.437156245000000165e-01,2.230157436090081987e-03
4.437296902000000265e-01,2.230032963461745128e-03
4.437906362999999854e-01,2.229493683071248362e-03
4.438000119000000132e-01,2.229410728996559978e-03
4.438187625000000192e-01,2.229244838437199026e-03
4.438281374999999973e-01,2.229161897210688893e-03
4.438609484000000105e-01,2.228871636416572544e-03
4.438796964000000234e-01,2.228705793426614436e-03
4.438984436000000255e-01,2.228539969162610275e-03
4.439031303000000039e-01,2.228498512809867250e-03
4.439312492999999971e-01,2.228249808037281038e-03
4.439546804999999763e-01,2.228042579978655336e-03
4.440155957999999958e-01,2.227503897232365696e-03
4.440296518999999886e-01,2.227379609772657965e-03
4.440483928000000247e-01,2.227213907465261811e-03
4.440671328999999945e-01,2.227048221614656882e-03
4.440811874999999742e-01,2.226923963553332619e-03
4.440905568999999886e-01,2.226841130055166960e-03
4.440999261999999947e-01,2.226758302868211536e-03
4.441280327000000083e-01,2.226509840242867685e-03
4.441795567999999861e-01,2.226054414660559241e-03
4.441982914000000005e-01,2.225888836169437595e-03
4.442685389000000096e-01,2.225268047972296572e-03
4.442779043999999788e-01,2.225185291805316205e-03
4.442919523000000148e-01,2.225061165353723301e-03
4.443059998000000177e-01,2.224937047399109125e-03
4.443106821000000206e-01,2.224895677206253052e-03
4.443247289999999738e-01,2.224771570900711207e-03
4.443528212999999782e-01,2.224523385430886378e-03
4.443855935000000090e-01,2.224233879314960628e-03
4.443902750000000013e-01,2.224192526075188889e-03
4.444183631999999995e-01,2.223944420809045430e-03
4.444277255999999898e-01,2.223861728113223080e-03
4.444604922000000014e-01,2.223572328056206814e-03
4.444792148999999748e-01,2.223406977650811689e-03
4.445026172000000053e-01,2.223200315391034299e-03
4.445166580000000089e-01,2.223076325453240791e-03
4.445353783000000059e-01,2.222911022458961064e-03
4.445728165999999759e-01,2.222580460606219006e-03
4.445915346000000046e-01,2.222415204757523591e-03
4.446055725999999986e-01,2.222291274237244828e-03
4.446149309999999910e-01,2.222208656098271888e-03
4.446476838000000265e-01,2.221919526903709183e-03
4.446851126999999959e-01,2.221589148264072836e-03
4.446897911000000092e-01,2.221547857313065089e-03
4.446991477000000192e-01,2.221465274848436269e-03
4.447038259000000160e-01,2.221423984429009811e-03
4.447178602999999897e-01,2.221300120141111306e-03
4.447225383999999782e-01,2.221258836585492547e-03
4.447272164000000139e-01,2.221217550210677089e-03
4.447412499999999769e-01,2.221093698957706322e-03
4.447739935999999727e-01,2.220804752724315004e-03
4.447973802999999893e-01,2.220598390567491386e-03
4.448020575000000143e-01,2.220557119484084258e-03
4.448160889000000173e-01,2.220433316757715065e-03
4.448488268999999939e-01,2.220144475009467808e-03
4.448675331999999982e-01,2.219979445991416504e-03
4.449096196999999808e-01,2.219608183146359274e-03
4.449283235000000003e-01,2.219443200329384788e-03
4.449517021000000128e-01,2.219236996448047637e-03
4.449657287000000072e-01,2.219113285623883474e-03
4.449984557000000174e-01,2.218824658695512948e-03
4.450171558000000083e-01,2.218659753733396439e-03
4.450265055000000025e-01,2.218577304530477880e-03
4.450639024999999971e-01,2.218247550590412686e-03
4.450779255999999795e-01,2.218123907348689035e-03
4.450966223000000221e-01,2.217959064398758277e-03
4.451012964000000127e-01,2.217917855665184346e-03
4.451340133999999726e-01,2.217629424707330110e-03
4.451386870999999856e-01,2.217588224019632209e-03
4.451480342999999951e-01,2.217505825059540910e-03
4.451667281000000198e-01,2.217341038260576408e-03
4.451760746000000268e-01,2.217258653240101497e-03
4.451900941999999972e-01,2.217135080451702878e-03
4.452041132999999817e-01,2.217011516394304989e-03
4.452228046999999744e-01,2.216846776348474404e-03
4.452648574999999997e-01,2.216476167438643889e-03
4.452788743000000160e-01,2.216352647945895715e-03
4.452882184999999993e-01,2.216270308072000855e-03
4.453022345000000048e-01,2.216146804298239122e-03
4.453209217999999914e-01,2.215982143457775194e-03
4.453582940999999962e-01,2.215652871674006225e-03
4.453629653999999771e-01,2.215611718758204573e-03
4.453723077999999780e-01,2.215529409874354445e-03
4.453769790000000062e-01,2.215488258914015494e-03
4.453956632000000138e-01,2.215323659589118945e-03
4.454003341000000171e-01,2.215282515563986743e-03
4.454283586000000184e-01,2.215035650757807631e-03
4.454330291999999969e-01,2.214994511960264624e-03
4.454890723000000108e-01,2.214500899404164749e-03
4.455217607999999996e-01,2.214213024675396740e-03
4.455264304000000064e-01,2.214171903422757631e-03
4.455824617999999959e-01,2.213678523567208858e-03
4.455871307000000003e-01,2.213637411389597371e-03
4.456011373000000053e-01,2.213514093031432577e-03
4.456151434999999772e-01,2.213390779815126511e-03
4.456711636999999837e-01,2.212897615001074934e-03
4.456945032999999889e-01,2.212692173838533023e-03
4.456991711000000134e-01,2.212651087214367613e-03
4.457131742000000063e-01,2.212527835823719854e-03
4.457271768000000134e-01,2.212404590418055438e-03
4.457318443000000130e-01,2.212363511115753630e-03
4.457365115999999960e-01,2.212322431135657196e-03
4.457505135000000007e-01,2.212199202075362282e-03
4.457691819999999860e-01,2.212034910916946782e-03
4.458205163999999776e-01,2.211583186275080468e-03
4.458251829000000055e-01,2.211542125412066517e-03
4.458485145000000149e-01,2.211336838155580475e-03
4.458765108000000144e-01,2.211090526930404015e-03
4.458811766999999926e-01,2.211049475973212320e-03
4.458951740000000052e-01,2.210926335738578642e-03
4.458998397000000224e-01,2.210885292974223114e-03
4.459231673999999868e-01,2.210680082070623324e-03
4.459744840000000043e-01,2.210228701038229049e-03
4.459931431999999973e-01,2.210064592341539833e-03
4.460304590999999985e-01,2.209736420123085531e-03
4.460444517000000109e-01,2.209613367629434735e-03
4.460491159000000150e-01,2.209572354542431363e-03
4.460724356999999918e-01,2.209367294788484263e-03
4.460864271000000159e-01,2.209244272994748733e-03
4.461004179999999986e-01,2.209121259864240457e-03
4.461050815000000003e-01,2.209080255309179598e-03
4.461097450000000020e-01,2.209039253445759486e-03
4.461470511999999777e-01,2.208711270576727177e-03
4.461610402000000253e-01,2.208588292987584325e-03
4.462123295000000045e-01,2.208137445095357480e-03
4.462356407999999997e-01,2.207932556378600867e-03
4.462542890000000262e-01,2.207768658850586645e-03
4.462589509000000065e-01,2.207727688088435229e-03
4.462682747000000227e-01,2.207645746331109594e-03
4.463102290000000028e-01,2.207277060488936453e-03
4.463288739999999866e-01,2.207113224605118922e-03
4.463428573000000066e-01,2.206990361348058066e-03
4.463661619000000025e-01,2.206785599634575670e-03
4.463708225999999946e-01,2.206744653357776368e-03
4.463848046000000180e-01,2.206621811649776225e-03
4.463987862000000084e-01,2.206498979346867371e-03
4.464034465999999757e-01,2.206458037965149371e-03
4.464081069999999984e-01,2.206417096108059459e-03
4.464826662999999973e-01,2.205762163640437139e-03
4.465106227999999788e-01,2.205516627447257592e-03
4.465199413000000006e-01,2.205434791620906453e-03
4.465339186000000238e-01,2.205312042198475254e-03
4.465525543000000153e-01,2.205148388777057079e-03
4.465665306000000112e-01,2.205025656173808645e-03
4.465944819000000066e-01,2.204780223704091643e-03
4.466084569000000060e-01,2.204657519902191668e-03
4.466596948000000067e-01,2.204207678391298560e-03
4.466969550000000067e-01,2.203880590610374918e-03
4.467062695999999833e-01,2.203798829926686704e-03
4.467388689999999829e-01,2.203512693816044466e-03
4.467435258999999936e-01,2.203471818365488905e-03
4.467574961999999927e-01,2.203349207008344773e-03
4.467761225999999919e-01,2.203185735417118995e-03
4.467807791000000250e-01,2.203144870762540394e-03
4.468133731000000219e-01,2.202858838404425125e-03
4.468319971999999973e-01,2.202695415984430236e-03
4.468552761999999845e-01,2.202491152803574912e-03
4.468692430999999798e-01,2.202368608403025129e-03
4.469064857999999751e-01,2.202041863529724357e-03
4.469297608999999727e-01,2.201837680057625122e-03
4.469437253999999915e-01,2.201715181915379384e-03
4.469576894999999772e-01,2.201592690605053224e-03
4.469669985999999984e-01,2.201511034918128898e-03
4.469949248000000264e-01,2.201266090168263814e-03
4.469995789999999802e-01,2.201225270800162906e-03
4.470135413999999918e-01,2.201102813337098545e-03
4.470368109000000256e-01,2.200898736957323902e-03
4.470554257000000087e-01,2.200735493799218200e-03
4.470740396999999811e-01,2.200572265015162624e-03
4.470926528999999983e-01,2.200409051648093747e-03
4.471066122999999837e-01,2.200286652919976847e-03
4.471159183999999787e-01,2.200205056711845939e-03
4.471484879000000023e-01,2.199919505333636314e-03
4.471531404999999904e-01,2.199878713676538602e-03
4.471624456000000136e-01,2.199797139382944286e-03
4.471670980999999934e-01,2.199756351124226243e-03
4.471903595999999759e-01,2.199552433559101398e-03
4.472043159999999906e-01,2.199430090173186240e-03
4.472229238000000051e-01,2.199266984631829264e-03
4.472368790999999844e-01,2.199144665360181113e-03
4.472415308000000089e-01,2.199103891258520974e-03
4.472601371000000103e-01,2.198940813963688040e-03
4.472647885000000101e-01,2.198900046841613214e-03
4.472926960999999979e-01,2.198655467193129549e-03
4.473019983000000033e-01,2.198573947272248596e-03
4.473764085999999973e-01,2.197921926780720559e-03
4.473857090000000203e-01,2.197840441021677894e-03
4.474089592000000115e-01,2.197636743894856078e-03
4.474275584999999889e-01,2.197473802836186121e-03
4.474461570000000110e-01,2.197310877038847424e-03
4.474833516999999761e-01,2.196985070250978035e-03
4.474880008000000076e-01,2.196944351506906201e-03
4.475251920000000161e-01,2.196618611110178095e-03
4.475577318000000249e-01,2.196333641527261835e-03
4.475949173000000059e-01,2.196008015579254628e-03
4.476088610000000245e-01,2.195885923166085961e-03
4.476135088000000040e-01,2.195845224970606469e-03
4.476367472000000181e-01,2.195641760862992314e-03
4.476506895999999847e-01,2.195519688958709904e-03
4.476692788000000145e-01,2.195356946514143408e-03
4.476832203000000177e-01,2.195234897248755663e-03
4.477111018000000109e-01,2.194990826651121649e-03
4.477436281000000129e-01,2.194706118161103559e-03
4.477482744999999875e-01,2.194665449956658462e-03
4.477854440999999852e-01,2.194340132768598552e-03
4.478179649999999845e-01,2.194055531983411626e-03
4.478226106000000040e-01,2.194014880482438035e-03
4.478319016999999791e-01,2.193933574196700945e-03
4.478365471999999903e-01,2.193892922936442787e-03
4.478504835000000073e-01,2.193770977206566369e-03
4.479062240000000195e-01,2.193283276158407638e-03
4.479294470999999889e-01,2.193080105558895421e-03
4.479340915999999728e-01,2.193039475690685986e-03
4.479480248000000109e-01,2.192917589605899217e-03
4.479712457999999731e-01,2.192714461674768849e-03
4.479851778000000229e-01,2.192592597254613106e-03
4.479991093999999840e-01,2.192470741628466287e-03
4.480455448999999812e-01,2.192064612597220425e-03
4.480594746000000073e-01,2.191942793403261168e-03
4.480826897999999892e-01,2.191739779743046446e-03
4.480966183999999797e-01,2.191617982803851627e-03
4.481105464999999843e-01,2.191496194337096137e-03
4.481523283000000135e-01,2.191130880053987918e-03
4.481569704999999737e-01,2.191090293501130656e-03
4.481941061999999976e-01,2.190765641630582333e-03
4.482033896000000017e-01,2.190684488508880950e-03
4.482265973999999820e-01,2.190481619209809928e-03
4.482451626999999772e-01,2.190319341422448506e-03
4.482776501999999885e-01,2.190035393750309600e-03
4.482962134999999848e-01,2.189873154517403813e-03
4.483379779000000176e-01,2.189508178688221070e-03
4.483518985000000123e-01,2.189386536005803307e-03
4.483750986000000216e-01,2.189183820453108158e-03
4.483797385000000135e-01,2.189143278910076623e-03
4.484168557000000055e-01,2.188818986012932687e-03
4.484307739000000237e-01,2.188697392977086067e-03
4.484864423000000100e-01,2.188211099824258037e-03
4.484910810000000136e-01,2.188170584897159484e-03
4.485003583000000127e-01,2.188089549985590323e-03
4.485049967999999998e-01,2.188049032798316217e-03
4.485606560000000020e-01,2.187562924459227152e-03
4.485977582999999824e-01,2.187238923578850320e-03
4.486023957999999978e-01,2.187198428773415217e-03
4.486163081999999802e-01,2.187076946225208034e-03
4.486534059000000241e-01,2.186753038407414883e-03
4.487090465999999944e-01,2.186267286242542674e-03
4.487136830999999826e-01,2.186226814233062365e-03
4.487229556999999813e-01,2.186145871163481212e-03
4.487507727000000224e-01,2.185903060173653711e-03
4.487646805000000128e-01,2.185781668642376198e-03
4.487785879000000255e-01,2.185660287261037733e-03
4.487832234999999947e-01,2.185619827691545267e-03
4.487878592000000277e-01,2.185579367714403625e-03
4.487971304000000217e-01,2.185498454022704977e-03
4.488203074000000070e-01,2.185296186536562438e-03
4.488388481999999735e-01,2.185134391875536829e-03
4.488527533000000180e-01,2.185013052668169711e-03
4.488712926999999797e-01,2.184851281957349203e-03
4.488759273999999855e-01,2.184810843508707898e-03
4.488898313999999945e-01,2.184689524848719682e-03
4.488944658999999837e-01,2.184649090107587503e-03
4.489130036000000268e-01,2.184487353351039982e-03
4.489361747000000236e-01,2.184285201624038431e-03
4.489454427999999830e-01,2.184204346691799754e-03
4.489500767999999864e-01,2.184163923592425012e-03
4.489732458999999842e-01,2.183961810854640698e-03
4.489871469000000226e-01,2.183840553729235467e-03
4.490010473000000113e-01,2.183719305067615465e-03
4.490056807000000205e-01,2.183678889422922126e-03
4.490195806999999761e-01,2.183557655190258417e-03
4.490381131999999775e-01,2.183396017649181370e-03
4.490473791999999853e-01,2.183315204358660111e-03
4.490751760000000203e-01,2.183072790175699922e-03
4.491168680000000024e-01,2.182709233696602125e-03
4.491215002000000234e-01,2.182668840650239979e-03
4.491539243000000070e-01,2.182386129726123208e-03
4.491724512999999974e-01,2.182224603599528402e-03
4.491956089999999957e-01,2.182022715529090880e-03
4.492280276999999766e-01,2.181740112165938585e-03
4.492419208000000275e-01,2.181619008613004066e-03
4.492465516999999964e-01,2.181578643974222461e-03
4.492650749000000054e-01,2.181417190010462824e-03
4.493345300000000098e-01,2.180811875496845107e-03
4.493391599000000070e-01,2.180771526220939404e-03
4.493715683000000238e-01,2.180489127070001955e-03
4.493761978999999962e-01,2.180448786906702754e-03
4.493947158000000108e-01,2.180287437010978123e-03
4.494132328000000065e-01,2.180126103413024784e-03
4.494317490999999998e-01,2.179964788664461809e-03
4.494456358999999734e-01,2.179843806394315357e-03
4.494641508000000174e-01,2.179682514776446357e-03
4.495289471999999731e-01,2.179118111942907922e-03
4.495613419000000222e-01,2.178835975671891429e-03
4.496168703000000266e-01,2.178352424879321982e-03
4.496307513000000200e-01,2.178231558404814232e-03
4.496400051000000175e-01,2.178150982502996720e-03
4.496538854000000085e-01,2.178030129720830935e-03
4.496677652000000136e-01,2.177909284321133485e-03
4.496723918000000153e-01,2.177869005545710404e-03
4.496862710999999790e-01,2.177748170583311549e-03
4.497279063999999882e-01,2.177385721751379146e-03
4.497510353999999988e-01,2.177184393202688702e-03
4.497649122999999860e-01,2.177063607112797016e-03
4.497834141000000008e-01,2.176902572676947187e-03
4.497880395000000142e-01,2.176862316532943414e-03
4.498204155000000148e-01,2.176580547797426352e-03
4.498250404999999952e-01,2.176540298194834955e-03
4.498342901999999865e-01,2.176459805241242988e-03
4.498620383999999972e-01,2.176218341175643455e-03
4.498759118999999806e-01,2.176097621401347146e-03
4.499082816000000151e-01,2.175815977620359012e-03
4.499314013999999862e-01,2.175614829880592391e-03
4.499637671000000227e-01,2.175333260919947321e-03
4.499730140000000045e-01,2.175252824711064979e-03
4.499868839999999759e-01,2.175132172358579859e-03
4.500053767000000149e-01,2.174971315760945104e-03
4.500377371000000015e-01,2.174689853419307494e-03
4.500423598000000136e-01,2.174649649408735841e-03
4.500469825000000257e-01,2.174609445218341017e-03
4.500608502999999816e-01,2.174488835780084492e-03
4.500747176000000072e-01,2.174368237246171367e-03
4.500793398999999861e-01,2.174328037961927116e-03
4.500839622000000206e-01,2.174287843340646890e-03
4.501163168999999797e-01,2.174006488864055169e-03
4.501209388999999894e-01,2.173966301215476439e-03
4.501579124999999793e-01,2.173644820558260412e-03
4.501856407000000004e-01,2.173403748847212939e-03
4.502226089999999958e-01,2.173082368076243755e-03
4.502457126000000143e-01,2.172881539334284035e-03
4.502688150999999972e-01,2.172680731259867080e-03
4.502780558000000211e-01,2.172600412745358082e-03
4.502826759999999928e-01,2.172560257348906537e-03
4.503196362999999924e-01,2.172239034406783700e-03
4.503519742000000048e-01,2.171958015568982176e-03
4.503704519000000239e-01,2.171797454424673722e-03
4.503750711999999767e-01,2.171757313787227826e-03
4.503796903999999768e-01,2.171717176063541442e-03
4.503935479000000242e-01,2.171596770080482918e-03
4.504120239000000137e-01,2.171436242607528364e-03
4.504304990999999925e-01,2.171275727913005334e-03
4.504489736000000244e-01,2.171115225336428707e-03
4.504905383999999735e-01,2.170754157847758301e-03
4.504997745000000053e-01,2.170673930336141592e-03
4.505274817000000098e-01,2.170433269857204115e-03
4.505413347000000179e-01,2.170312954196892703e-03
4.505551871999999847e-01,2.170192644686886382e-03
4.505736564999999749e-01,2.170032243025390301e-03
4.506290600999999785e-01,2.169551135295181774e-03
4.506382934000000007e-01,2.169470962681926962e-03
4.506659920000000152e-01,2.169230470227238947e-03
4.506706082999999974e-01,2.169190391326799184e-03
4.507075367999999749e-01,2.168869792718881775e-03
4.507213842000000192e-01,2.168749582704587904e-03
4.507259999000000072e-01,2.168709514243057426e-03
4.507490777000000004e-01,2.168509188718424890e-03
4.507859998000000035e-01,2.168188719283640174e-03
4.507952298999999829e-01,2.168108608618217210e-03
4.508183042000000196e-01,2.167908352515274424e-03
4.508229188999999804e-01,2.167868302205187402e-03
4.508367627000000044e-01,2.167748164291841573e-03
4.508598348999999783e-01,2.167547949772350314e-03
4.508736776000000224e-01,2.167427831279403801e-03
4.508921340000000000e-01,2.167267687063549782e-03
4.509105895000000142e-01,2.167107559010411893e-03
4.509290443000000259e-01,2.166947446049180461e-03
4.509336579000000067e-01,2.166907419547762018e-03
4.509474983999999798e-01,2.166787347852383062e-03
4.509613384000000225e-01,2.166667283400979058e-03
4.509844042000000219e-01,2.166467191343269399e-03
4.510166943000000206e-01,2.166187104537952053e-03
4.510397573000000104e-01,2.165987072054178890e-03
4.510443697000000030e-01,2.165947068187741575e-03
4.510582067999999722e-01,2.165827061773426161e-03
4.511089390999999948e-01,2.165387109529554651e-03
4.511135507999999850e-01,2.165347119102622921e-03
4.511504430000000121e-01,2.165027231326856465e-03
4.511550543999999774e-01,2.164987250354001146e-03
4.511919432000000008e-01,2.164667426283689231e-03
4.512242184999999961e-01,2.164387631396052451e-03
4.512380500000000016e-01,2.164267734801546099e-03
4.512426603999999952e-01,2.164227769940056494e-03
4.512657118000000245e-01,2.164027961257135313e-03
4.512795420999999862e-01,2.163908089016278267e-03
4.513025916000000248e-01,2.163708319688670365e-03
4.513348589999999771e-01,2.163428678585353499e-03
4.513671240000000084e-01,2.163149083877735981e-03
4.513763422000000025e-01,2.163069205715463864e-03
4.513855601999999800e-01,2.162989336320513250e-03
4.514039954999999882e-01,2.162829600422213911e-03
4.514086043000000159e-01,2.162789669983506639e-03
4.514270387000000051e-01,2.162629957633077551e-03
4.514408639999999973e-01,2.162510177548483594e-03
4.514823374999999972e-01,2.162150899385722417e-03
4.515007689000000157e-01,2.161991245413312328e-03
4.515330221000000144e-01,2.161711882297549011e-03
4.515376294999999818e-01,2.161671976678191873e-03
4.515514514000000257e-01,2.161552266062350715e-03
4.515744870999999772e-01,2.161352767625476269e-03
4.515929147000000143e-01,2.161193186791510699e-03
4.515975214999999876e-01,2.161153291587493159e-03
4.516067349999999814e-01,2.161073507902068827e-03
4.516343742000000216e-01,2.160834180384301178e-03
4.516666179000000114e-01,2.160555003506007318e-03
4.517034649000000179e-01,2.160236002218474810e-03
4.517080706000000112e-01,2.160196128776081890e-03
4.517218873000000134e-01,2.160076520082800100e-03
4.517357035999999826e-01,2.159956921802000385e-03
4.517403090000000065e-01,2.159917059190985360e-03
4.517587298999999890e-01,2.159757608347784470e-03
4.517817548999999988e-01,2.159558316589415498e-03
4.518139879999999997e-01,2.159279346403448086e-03
4.518462188999999851e-01,2.159000425408807034e-03
4.518554271999999927e-01,2.158920737400247571e-03
4.518692395000000195e-01,2.158801221648032516e-03
4.519014662999999987e-01,2.158522371223289046e-03
4.519244841000000235e-01,2.158323224266531747e-03
4.519428974999999959e-01,2.158163922457029867e-03
4.519659132000000135e-01,2.157964814097089717e-03
4.519935304000000098e-01,2.157725917323174546e-03
4.519981331999999852e-01,2.157686103077282192e-03
4.520487598999999856e-01,2.157248220338415980e-03
4.520533621000000224e-01,2.157208417909678953e-03
4.520763721000000124e-01,2.157009419634938006e-03
4.520901775999999761e-01,2.156890030831022913e-03
4.521085841999999966e-01,2.156730864116194329e-03
4.521131857999999837e-01,2.156691074004317074e-03
4.521223886999999886e-01,2.156611493075622117e-03
4.521453952000000220e-01,2.156412566549076228e-03
4.521499963999999760e-01,2.156372783713497027e-03
4.522006061000000132e-01,2.155935231953302368e-03
4.522190083000000027e-01,2.155776151346046679e-03
4.522696103000000134e-01,2.155338750339141213e-03
4.522742102000000264e-01,2.155298993059685201e-03
4.522880095999999850e-01,2.155179724226678750e-03
4.523110076999999896e-01,2.154980961956522601e-03
4.523294053999999953e-01,2.154821967465122678e-03
4.523661983999999747e-01,2.154504025890103657e-03
4.523983898999999753e-01,2.154225872416957316e-03
4.524029884999999918e-01,2.154186140521925901e-03
4.524075869999999999e-01,2.154146406952631761e-03
4.524397754999999743e-01,2.153868313638612232e-03
4.524765595999999945e-01,2.153550548247142732e-03
4.524811574000000003e-01,2.153510829639029324e-03
4.524903529000000035e-01,2.153431399493184982e-03
4.524949504999999927e-01,2.153391684778611578e-03
4.525317300999999737e-01,2.153074005397284663e-03
4.525455217000000085e-01,2.152954891261433471e-03
4.526190695999999791e-01,2.152319753032217071e-03
4.526420508999999814e-01,2.152121319989935052e-03
4.526604350999999804e-01,2.151962587640015526e-03
4.526972012000000101e-01,2.151645174663371646e-03
4.527017968000000003e-01,2.151605501437369068e-03
4.527155831999999935e-01,2.151486489493331482e-03
4.527339644000000218e-01,2.151327815473682691e-03
4.527523447999999839e-01,2.151169161106090792e-03
4.527845087999999851e-01,2.150891547361295005e-03
4.528258592000000138e-01,2.150534679683019021e-03
4.528488299000000272e-01,2.150336452531682353e-03
4.528580179000000205e-01,2.150257168412883935e-03
4.528626118999999894e-01,2.150217528439667299e-03
4.528763933000000130e-01,2.150098609981410894e-03
4.528993615999999944e-01,2.149900433137964893e-03
4.529177353000000128e-01,2.149741912139522485e-03
4.529223285999999793e-01,2.149702281165103649e-03
4.529315151000000150e-01,2.149623026295194566e-03
4.529590734999999757e-01,2.149385283749165841e-03
4.529728519999999814e-01,2.149266422763007698e-03
4.530050004000000241e-01,2.148989119157508967e-03
4.530233698000000198e-01,2.148830676401522043e-03
4.530463305999999912e-01,2.148632645908755880e-03
4.530692901999999744e-01,2.148434638874186908e-03
4.530830653999999846e-01,2.148315843195247599e-03
4.531060230999999772e-01,2.148117873376229579e-03
4.531519351000000140e-01,2.147722000657571132e-03
4.531565261000000122e-01,2.147682419811877685e-03
4.531794800999999762e-01,2.147484521879804847e-03
4.532070234000000197e-01,2.147247072625061478e-03
4.532116138000000238e-01,2.147207500433680107e-03
4.532299747999999906e-01,2.147049225194167400e-03
4.532483352000000187e-01,2.146890964963503023e-03
4.532529250999999815e-01,2.146851400605252064e-03
4.532666946999999724e-01,2.146732716670132681e-03
4.533171798000000252e-01,2.146297610245981053e-03
4.533584815000000212e-01,2.145941698507756578e-03
4.533630704000000122e-01,2.145902160232438741e-03
4.533722479000000249e-01,2.145823079226232173e-03
4.533997794999999886e-01,2.145585862260558294e-03
4.534135447000000041e-01,2.145467264539934957e-03
4.534273093999999782e-01,2.145348677563690964e-03
4.534318976000000223e-01,2.145309149424760951e-03
4.534364857000000026e-01,2.145269622803983294e-03
4.534686010999999795e-01,2.144992959302717637e-03
4.534731888999999905e-01,2.144953442372677776e-03
4.534869517999999822e-01,2.144834888740580672e-03
4.535007142999999963e-01,2.144716342876032758e-03
4.535098891000000076e-01,2.144637320555740391e-03
4.535190637000000025e-01,2.144558296040952571e-03
4.535236509000000193e-01,2.144518788135938228e-03
4.535419992999999983e-01,2.144360759579101976e-03
4.535786940000000045e-01,2.144044748029759126e-03
4.536337303999999904e-01,2.143570836300355380e-03
4.536520743999999938e-01,2.143412895833978534e-03
4.536658318999999828e-01,2.143294450308777261e-03
4.536887600999999770e-01,2.143097058401483360e-03
4.536933456000000198e-01,2.143057580584522160e-03
4.537208576999999798e-01,2.142820749115505446e-03
4.537300280000000074e-01,2.142741809626611069e-03
4.537437831000000199e-01,2.142623411060482711e-03
4.537575379000000075e-01,2.142505018171079502e-03
4.537621226999999924e-01,2.142465557848480164e-03
4.537667074000000245e-01,2.142426093819169673e-03
4.537987995000000163e-01,2.142149891344386197e-03
4.538033839000000236e-01,2.142110438618433695e-03
4.538125525999999743e-01,2.142031534128538243e-03
4.538400573999999965e-01,2.141794843034569920e-03
4.538721443000000022e-01,2.141518741149709120e-03
4.538858950999999919e-01,2.141400427006522490e-03
4.538904785999999802e-01,2.141360987049724645e-03
4.539271450999999846e-01,2.141045528567827368e-03
4.539821392999999761e-01,2.140572450283130968e-03
4.540187983000000260e-01,2.140257134230759330e-03
4.540325446999999848e-01,2.140138906169514622e-03
4.540737813999999872e-01,2.139784270113531412e-03
4.540966889999999978e-01,2.139587285634389924e-03
4.541058517000000072e-01,2.139508495076063947e-03
4.541287576999999964e-01,2.139311539636666159e-03
4.541333388000000082e-01,2.139272150628414911e-03
4.541608241999999795e-01,2.139035839046752718e-03
4.541699855999999924e-01,2.138957076066383151e-03
4.541791468999999970e-01,2.138878315756640759e-03
4.541837275000000229e-01,2.138838937413390512e-03
4.541974688000000038e-01,2.138720808113442253e-03
4.542432705000000182e-01,2.138327103121122515e-03
4.542570101000000249e-01,2.138209005675106075e-03
4.542799084999999959e-01,2.138012200410656285e-03
4.542936469000000144e-01,2.137894129782748776e-03
4.543119642999999819e-01,2.137736711386700305e-03
4.543257017999999814e-01,2.137618657211359102e-03
4.543440177999999996e-01,2.137461263894389202e-03
4.543531755999999922e-01,2.137382574326604241e-03
4.543669117999999951e-01,2.137264546579102122e-03
4.543852261999999920e-01,2.137107186217484644e-03
4.543898047000000107e-01,2.137067848880820978e-03
4.544218527000000174e-01,2.136792509201952076e-03
4.544584763000000249e-01,2.136477892709030303e-03
4.544722093999999935e-01,2.136359926841992045e-03
4.544767869999999932e-01,2.136320606524045110e-03
4.544905195000000231e-01,2.136202648720507240e-03
4.544996742999999895e-01,2.136124014637148360e-03
4.545134061000000170e-01,2.136006073533122489e-03
4.545454454999999783e-01,2.135730907801978735e-03
4.545500223000000228e-01,2.135691603035736689e-03
4.545866356000000108e-01,2.135377187050362113e-03
4.546003647999999897e-01,2.135259295458690962e-03
4.546232458999999726e-01,2.135062831140179321e-03
4.546415498999999971e-01,2.134905673774034705e-03
4.546781557999999834e-01,2.134591401612321009e-03
4.546827312999999759e-01,2.134552121298754091e-03
4.546918822000000082e-01,2.134473564519612059e-03
4.547147586999999991e-01,2.134277191429026672e-03
4.547193339000000223e-01,2.134237918458843468e-03
4.547467839000000067e-01,2.134002300914842384e-03
4.547513586999999968e-01,2.133963038293868516e-03
4.547879557000000239e-01,2.133648939482651104e-03
4.547925301999999892e-01,2.133609682139281979e-03
4.548382718000000269e-01,2.133217152230822318e-03
4.548794353999999762e-01,2.132863952153746939e-03
4.548977291999999895e-01,2.132706996213203782e-03
4.549023025000000220e-01,2.132667761726934983e-03
4.549114490000000233e-01,2.132589293484512573e-03
4.549160221999999920e-01,2.132550056843982630e-03
4.549297413999999762e-01,2.132432364103536895e-03
4.549388873999999916e-01,2.132353903146394503e-03
4.549526058999999734e-01,2.132236220748681514e-03
4.549663240999999858e-01,2.132118550080838639e-03
4.549708967000000159e-01,2.132079325971338295e-03
4.549846142999999787e-01,2.131961665131139761e-03
4.550120483000000271e-01,2.131726360200974103e-03
4.550257647000000016e-01,2.131608725671607120e-03
4.550623395999999765e-01,2.131295060729471429e-03
4.550760544999999935e-01,2.131177450697888890e-03
4.550806259999999881e-01,2.131138250723799664e-03
4.551217677000000128e-01,2.130785480558316288e-03
4.551720469000000158e-01,2.130354420880611714e-03
4.551857583999999735e-01,2.130236875049445859e-03
4.551903287999999881e-01,2.130197696627126550e-03
4.552268905999999893e-01,2.129884294408056385e-03
4.552314606000000263e-01,2.129845122065713876e-03
4.552680190000000238e-01,2.129531784468084721e-03
4.552817276000000191e-01,2.129414297356669716e-03
4.553319892000000091e-01,2.128983583923669490e-03
4.553365581000000106e-01,2.128944431970874237e-03
4.553502647000000070e-01,2.128826984234799026e-03
4.553548335000000002e-01,2.128787837770126316e-03
4.553685395000000025e-01,2.128670403125199929e-03
4.553731080999999792e-01,2.128631261645829754e-03
4.553776766000000031e-01,2.128592118051066649e-03
4.554233595000000134e-01,2.128200741354193109e-03
4.554507670999999869e-01,2.127965960363633561e-03
4.554644702000000267e-01,2.127848583312346234e-03
4.554873079000000269e-01,2.127652968643348533e-03
4.554964425999999955e-01,2.127574729519055973e-03
4.555192786999999743e-01,2.127379147822889335e-03
4.555558140000000034e-01,2.127066264215236868e-03
4.555695140000000087e-01,2.126948948555950833e-03
4.555740805999999865e-01,2.126909845993029714e-03
4.555969127999999757e-01,2.126714340208599174e-03
4.556425736999999976e-01,2.126323395414152651e-03
4.556654023999999747e-01,2.126127957949820388e-03
4.556699679999999808e-01,2.126088872181884810e-03
4.557019259999999794e-01,2.125815304513603218e-03
4.557064912000000079e-01,2.125776228289134352e-03
4.557201866999999740e-01,2.125658999837366434e-03
4.557749643999999822e-01,2.125190169212061355e-03
4.557795289000000083e-01,2.125151108119604886e-03
4.557932222000000144e-01,2.125033922655828605e-03
4.558069149999999792e-01,2.124916748758136787e-03
4.558160433999999817e-01,2.124838633936877805e-03
4.558434272999999926e-01,2.124604318206789466e-03
4.558479911000000162e-01,2.124565267600789752e-03
4.558890635000000247e-01,2.124213859665791473e-03
4.559255691999999915e-01,2.123901555847559908e-03
4.559392581000000222e-01,2.123784460563422558e-03
4.559529465000000115e-01,2.123667369664166988e-03
4.560076962999999872e-01,2.123199091565823593e-03
4.560305067000000045e-01,2.123004013774190072e-03
4.560350686999999903e-01,2.122965000913046209e-03
4.560670010999999802e-01,2.122691933466111600e-03
4.560715625999999800e-01,2.122652926251043792e-03
4.560806856999999881e-01,2.122574918598434199e-03
4.561034924999999851e-01,2.122379911617716837e-03
4.561217370999999798e-01,2.122223923102788557e-03
4.561354201000000219e-01,2.122106941215596686e-03
4.561582242000000176e-01,2.121911988239343853e-03
4.561947082999999736e-01,2.121600108879527317e-03
4.562175093999999986e-01,2.121405215822741875e-03
4.562266294999999805e-01,2.121327265239515356e-03
4.562311895000000228e-01,2.121288289636982186e-03
4.562448692000000139e-01,2.121171373096915162e-03
4.562539888000000099e-01,2.121093433804352793e-03
4.562676677999999986e-01,2.120976527201696472e-03
4.562859058000000023e-01,2.120820669432651063e-03
4.563406155999999991e-01,2.120353174404442879e-03
4.563770851999999767e-01,2.120041581171140752e-03
4.563907604999999923e-01,2.119924753169508992e-03
4.564363419999999949e-01,2.119535368594019972e-03
4.564454577000000013e-01,2.119457502991964858e-03
4.564500154999999726e-01,2.119418572470326001e-03
4.564728037999999932e-01,2.119223929764246003e-03
4.564864762999999992e-01,2.119107153084995917e-03
4.565001483000000193e-01,2.118990387631233818e-03
4.565047056000000048e-01,2.118951465606208964e-03
4.565411620000000004e-01,2.118640134803472398e-03
4.565457189000000082e-01,2.118601220881981880e-03
4.565593891999999987e-01,2.118484490239918010e-03
4.565821720000000083e-01,2.118289953811379467e-03
4.565958412000000188e-01,2.118173242762582710e-03
4.566550696000000187e-01,2.117667585804191774e-03
4.566869586000000258e-01,2.117395375245496349e-03
4.567051798999999801e-01,2.117239842989455511e-03
4.567188454000000175e-01,2.117123205612424491e-03
4.567234004999999875e-01,2.117084325357262813e-03
4.567279555000000046e-01,2.117045450819726293e-03
4.567598394999999867e-01,2.116773336339129903e-03
4.568008297999999745e-01,2.116423542256463779e-03
4.568281546999999887e-01,2.116190385512836062e-03
4.568327086999999787e-01,2.116151529849897607e-03
4.568509242000000081e-01,2.115996115565441094e-03
4.568827994999999920e-01,2.115724168410359259e-03
4.569101194999999893e-01,2.115491109842789104e-03
4.569374378000000125e-01,2.115258080067088011e-03
4.569419907000000225e-01,2.115219245219128203e-03
4.569556491000000276e-01,2.115102748190942576e-03
4.569738596999999847e-01,2.114947427246605116e-03
4.569784123000000253e-01,2.114908600344455984e-03
4.570102786999999944e-01,2.114636829597670974e-03
4.570193830000000013e-01,2.114559190488747836e-03
4.570512466000000162e-01,2.114287477858183429e-03
4.570557983999999907e-01,2.114248666509330795e-03
4.570922108000000095e-01,2.113938197343556095e-03
4.571013134999999949e-01,2.113860587703127007e-03
4.571058646999999753e-01,2.113821786231916914e-03
4.571195183000000273e-01,2.113705385957291745e-03
4.571422732000000044e-01,2.113511398586126119e-03
4.571604764000000154e-01,2.113356223305246084e-03
4.571741281999999740e-01,2.113239853040634053e-03
4.571786788000000157e-01,2.113201065228340406e-03
4.572014307999999749e-01,2.113007135895103410e-03
4.572287317000000018e-01,2.112774449977164026e-03
4.572378316999999859e-01,2.112696895373741574e-03
4.572514811999999762e-01,2.112580570597631831e-03
4.572696800000000117e-01,2.112425482618989284e-03
4.573015261999999748e-01,2.112154111862400187e-03
4.573060754000000117e-01,2.112115349274407920e-03
4.573106247000000013e-01,2.112076586137409933e-03
4.573242720999999844e-01,2.111960305316508153e-03
4.573424680000000020e-01,2.111805272687308083e-03
4.573470168000000058e-01,2.111766519448313086e-03
4.573606631000000089e-01,2.111650257209225345e-03
4.573788576000000217e-01,2.111495253627529694e-03
4.573925030000000058e-01,2.111379009703428632e-03
4.574334366000000207e-01,2.111030332628722594e-03
4.574880090999999815e-01,2.110565538741556585e-03
4.575243871999999934e-01,2.110255747487462669e-03
4.575289342000000148e-01,2.110217027701099830e-03
4.575380282000000021e-01,2.110139588715995249e-03
4.575925881999999834e-01,2.109675042482507621e-03
4.575971346000000106e-01,2.109636334887862903e-03
4.576335040000000243e-01,2.109326717109331027e-03
4.576516876000000233e-01,2.109171925118516911e-03
4.576653247999999952e-01,2.109055842516077174e-03
4.576744159999999728e-01,2.108978459090233779e-03
4.576880526000000060e-01,2.108862390823232260e-03
4.577062339999999896e-01,2.108707644550634249e-03
4.577107792999999814e-01,2.108668961418547379e-03
4.577471396000000192e-01,2.108359517558450712e-03
4.577562291999999755e-01,2.108282167549391847e-03
4.577607739999999814e-01,2.108243492361422129e-03
4.577834970999999920e-01,2.108050131312356155e-03
4.578289398000000010e-01,2.107663477442977586e-03
4.578334837999999962e-01,2.107624819033240750e-03
4.578516595000000078e-01,2.107470185524347363e-03
4.578562032999999865e-01,2.107431532315411256e-03
4.579061821000000032e-01,2.107006375649698657e-03
4.579606983000000242e-01,2.106542688543960005e-03
4.579743263000000120e-01,2.106426788622350367e-03
4.579788689000000024e-01,2.106388156120146595e-03
4.579924962999999960e-01,2.106272265942854723e-03
4.580015810999999992e-01,2.106195008991347973e-03
4.580333764000000252e-01,2.105924642365353087e-03
4.580379184000000214e-01,2.105886021289652722e-03
4.580470021999999974e-01,2.105808782494746328e-03
4.580697110999999988e-01,2.105615703359703730e-03
4.581015016000000162e-01,2.105345426406851454e-03
4.581378308999999871e-01,2.105036596001793724e-03
4.581423719000000117e-01,2.104997994516366773e-03
4.581832384999999785e-01,2.104650635661478759e-03
4.581923195000000004e-01,2.104573454315948351e-03
4.581968598999999753e-01,2.104534864960280402e-03
4.582195613000000223e-01,2.104341929097122178e-03
4.582331816999999918e-01,2.104226179986448762e-03
4.582513415000000201e-01,2.104071860785670500e-03
4.582831193999999941e-01,2.103801835532498419e-03
4.582876589000000056e-01,2.103763263493466009e-03
4.582921984000000171e-01,2.103724692676130822e-03
4.583602850999999867e-01,2.103146235774667333e-03
4.583965938999999823e-01,2.102837808793059197e-03
4.584102090000000129e-01,2.102722160810137353e-03
4.584374379000000221e-01,2.102490894820175250e-03
4.584510517000000007e-01,2.102375271018331118e-03
4.584692028999999835e-01,2.102221118652968564e-03
4.584828157999999987e-01,2.102105516576038835e-03
4.585100403999999852e-01,2.101874332044234225e-03
4.585735581000000005e-01,2.101335029766616437e-03
4.585780948000000024e-01,2.101296514454420797e-03
4.586279949000000022e-01,2.100872908622623911e-03
4.586325310000000099e-01,2.100834401484439218e-03
4.586506750000000077e-01,2.100680393829067183e-03
4.586688183000000030e-01,2.100526399230538948e-03
4.586914963000000012e-01,2.100333924703053079e-03
4.587005672000000200e-01,2.100256943490828431e-03
4.587232437000000052e-01,2.100064498957533721e-03
4.587277788999999939e-01,2.100026012554975351e-03
4.587549888999999936e-01,2.099795115747880685e-03
4.587731280999999828e-01,2.099641202323153204e-03
4.587776627999999857e-01,2.099602725194688480e-03
4.588320752999999752e-01,2.099141080369872764e-03
4.588366093999999840e-01,2.099102617239190574e-03
4.588728805000000244e-01,2.098794930047787229e-03
4.588864813999999903e-01,2.098679561772994438e-03
4.589046153999999933e-01,2.098525751148725641e-03
4.589182152999999875e-01,2.098410403239028745e-03
4.589408810999999755e-01,2.098218168441371746e-03
4.589454141000000043e-01,2.098179727128888280e-03
4.589771438999999953e-01,2.097910646445866160e-03
4.589816765999999992e-01,2.097872209379366467e-03
4.589952742999999780e-01,2.097756903961283097e-03
4.590088715999999791e-01,2.097641610544340261e-03
4.590179361999999763e-01,2.097564749720546608e-03
4.590496609999999977e-01,2.097295767460776242e-03
4.590541929999999993e-01,2.097257347078897681e-03
4.590904469000000043e-01,2.096949998879488967e-03
4.591040412999999876e-01,2.096834757296099205e-03
4.591357602000000204e-01,2.096565893196578653e-03
4.591402913000000030e-01,2.096527486702902312e-03
4.591584152000000030e-01,2.096373874301893370e-03
4.591991913999999841e-01,2.096028293582347882e-03
4.592671435999999829e-01,2.095452485592062038e-03
4.592716734000000245e-01,2.095414106837260697e-03
4.592988512000000245e-01,2.095183844103520182e-03
4.593079100999999942e-01,2.095107097178586057e-03
4.593350857999999870e-01,2.094876876407932628e-03
4.593396149000000261e-01,2.094838510424893233e-03
4.593441440000000098e-01,2.094800142798923688e-03
4.593803750000000075e-01,2.094493247430276144e-03
4.593939609000000091e-01,2.094378177320526790e-03
4.594075463999999775e-01,2.094263113103921915e-03
4.594256597999999969e-01,2.094109708447574724e-03
4.594301880000000171e-01,2.094071357650780386e-03
4.594437724000000056e-01,2.093956314612052238e-03
4.594845231999999946e-01,2.093611234346550842e-03
4.595026335999999878e-01,2.093457888894915530e-03
4.595252705000000271e-01,2.093266222611775678e-03
4.595524333000000072e-01,2.093036256543167294e-03
4.595569601999999754e-01,2.092997931473873814e-03
4.595705408999999908e-01,2.092882965807054459e-03
4.595977010000000251e-01,2.092653051115975476e-03
4.596293858000000121e-01,2.092384855370294210e-03
4.596339120999999861e-01,2.092346547001051795e-03
4.596474904999999778e-01,2.092231622447805490e-03
4.596655943999999883e-01,2.092078402313392923e-03
4.597153763999999865e-01,2.091657122948975458e-03
4.597199017999999970e-01,2.091618830496626280e-03
4.597425279999999836e-01,2.091427375960685630e-03
4.597742027999999759e-01,2.091159378584357860e-03
4.597877770000000086e-01,2.091044538908761602e-03
4.597923017000000168e-01,2.091006258198885304e-03
4.598149242999999831e-01,2.090814876992542690e-03
4.598284973999999803e-01,2.090700058908267177e-03
4.598420699999999917e-01,2.090585247739178837e-03
4.598511182000000197e-01,2.090508709274947405e-03
4.598646901999999814e-01,2.090393911349779348e-03
4.598782618000000211e-01,2.090279123335598253e-03
4.599144506999999771e-01,2.089973056423330595e-03
4.599189740999999887e-01,2.089934801597402060e-03
4.599370673000000020e-01,2.089781792492321957e-03
4.599732516000000215e-01,2.089475816626207988e-03
4.599913427000000277e-01,2.089322848391021292e-03
4.599958652999999731e-01,2.089284609911004360e-03
4.600049104999999749e-01,2.089208131181417242e-03
4.600275227000000244e-01,2.089016958728467672e-03
4.600456116000000151e-01,2.088864032599901683e-03
4.600682218000000101e-01,2.088672895422283380e-03
4.600772656000000072e-01,2.088596447677131766e-03
4.600998741999999808e-01,2.088405340609820506e-03
4.601179603000000173e-01,2.088252470880713838e-03
4.601360456999999959e-01,2.088099617186930414e-03
4.601496091999999760e-01,2.087984983549076145e-03
4.601541303000000194e-01,2.087946776292231698e-03
4.601676934000000219e-01,2.087832153614580227e-03
4.601902976000000201e-01,2.087641138241354884e-03
4.602038594999999788e-01,2.087526537455398467e-03
4.602219415000000091e-01,2.087373747655972729e-03
4.602445430000000060e-01,2.087182781665858269e-03
4.602490631999999748e-01,2.087144590970279202e-03
4.602626235000000232e-01,2.087030025543910872e-03
4.602807031000000215e-01,2.086877283336302773e-03
4.602852230000000211e-01,2.086839096341679915e-03
4.603168604000000275e-01,2.086571838815279994e-03
4.603530148000000155e-01,2.086266451896682649e-03
4.603710910000000101e-01,2.086113776346571348e-03
4.603936852000000135e-01,2.085922956868963875e-03
4.604072410999999754e-01,2.085808475300399492e-03
4.604433884999999949e-01,2.085503224569913282e-03
4.604659790999999780e-01,2.085312474023420966e-03
4.604795329999999964e-01,2.085198032121591324e-03
4.604930863999999735e-01,2.085083600505894738e-03
4.605156745999999801e-01,2.084892897659027054e-03
4.605337444000000002e-01,2.084740351748923248e-03
4.605834325000000007e-01,2.084320918512242576e-03
4.606014996000000195e-01,2.084168424688187787e-03
4.606105328999999804e-01,2.084092180834673687e-03
4.606240824999999761e-01,2.083977824616086664e-03
4.606421479999999735e-01,2.083825363471317801e-03
4.606466643000000083e-01,2.083787247493428668e-03
4.606782769000000166e-01,2.083520475816578142e-03
4.606963403000000068e-01,2.083368056157621894e-03
4.607098874000000177e-01,2.083253748960095519e-03
4.607189185000000187e-01,2.083177549271070760e-03
4.607279495000000114e-01,2.083101352576328339e-03
4.607505262000000101e-01,2.082910875491169461e-03
4.607685866999999824e-01,2.082758511136504741e-03
4.607866466000000161e-01,2.082606158744358671e-03
4.608001910000000256e-01,2.082491903830766856e-03
4.608904769000000123e-01,2.081730406831129934e-03
4.608995045000000013e-01,2.081654277795924775e-03
4.609356131999999828e-01,2.081349790272897168e-03
4.609491532000000169e-01,2.081235624874836626e-03
4.609717191000000103e-01,2.081045358297128629e-03
4.610078221000000198e-01,2.080740986730379022e-03
4.610168473999999850e-01,2.080664898035055038e-03
4.610213599999999912e-01,2.080626857589849311e-03
4.610348974999999849e-01,2.080512739918576569e-03
4.610439223000000197e-01,2.080436665245884598e-03
4.610574592000000194e-01,2.080322560233108069e-03
4.610890436000000259e-01,2.080056344065092655e-03
4.611116026000000034e-01,2.079866216824636897e-03
4.611161142999999907e-01,2.079828193668257358e-03
4.611296489999999748e-01,2.079714130066676481e-03
4.611431833999999896e-01,2.079600073116539757e-03
4.611657397000000214e-01,2.079409996883084272e-03
4.611792730000000007e-01,2.079295961835406562e-03
4.612243810000000166e-01,2.078915905238448627e-03
4.612334021000000228e-01,2.078839901527013492e-03
4.612379126000000218e-01,2.078801902625134271e-03
4.612604643000000060e-01,2.078611919322040542e-03
4.612739947999999757e-01,2.078497937259497341e-03
4.612920347999999726e-01,2.078345975710265293e-03
4.613055643999999789e-01,2.078232015476053768e-03
4.613281128000000231e-01,2.078042096425640906e-03
4.613686971000000026e-01,2.077700295309378980e-03
4.613777153999999991e-01,2.077624351156206681e-03
4.613822244999999933e-01,2.077586377676191292e-03
4.614363297999999891e-01,2.077130789545782001e-03
4.614543635000000199e-01,2.076978951544293170e-03
4.614678883000000176e-01,2.076865081831886107e-03
4.614769046000000152e-01,2.076789177735379691e-03
4.615084602999999785e-01,2.076523526781071712e-03
4.615445214000000185e-01,2.076219981511182467e-03
4.615625508000000266e-01,2.076068224965488002e-03
4.615760724999999898e-01,2.075954421014178028e-03
4.615805795999999850e-01,2.075916486260373246e-03
4.615850866999999802e-01,2.075878557487410153e-03
4.616121282000000270e-01,2.075650979778530508e-03
4.616166349999999974e-01,2.075613051715259269e-03
4.616211417000000150e-01,2.075575126812554457e-03
4.616526876000000001e-01,2.075309672225265911e-03
4.616571939999999930e-01,2.075271754882170722e-03
4.616662066000000175e-01,2.075195917838806425e-03
4.617067611999999821e-01,2.074854706303272487e-03
4.617202785999999781e-01,2.074740984829846844e-03
4.617383011999999787e-01,2.074589366240868309e-03
4.617428067000000080e-01,2.074551464828935758e-03
4.617608284999999979e-01,2.074399863686645848e-03
4.617653338000000107e-01,2.074361964229584458e-03
4.617788494999999771e-01,2.074248276911081629e-03
4.618013747999999974e-01,2.074058813981859498e-03
4.618329083000000113e-01,2.073793603694900050e-03
4.618644397000000179e-01,2.073528433707319887e-03
4.618689440000000035e-01,2.073490554175297547e-03
4.618734482999999891e-01,2.073452676994868519e-03
4.619004729000000253e-01,2.073225433555436065e-03
4.619365033999999759e-01,2.072922490592601745e-03
4.619545174999999948e-01,2.072771040969909051e-03
4.620175616000000152e-01,2.072241070877909284e-03
4.620310698999999799e-01,2.072127526745325306e-03
4.620445778000000225e-01,2.072013993285716418e-03
4.620670901000000219e-01,2.071824783453674219e-03
4.620850992000000157e-01,2.071673434541303118e-03
4.620896012999999858e-01,2.071635598101659401e-03
4.620986054999999815e-01,2.071559929435170481e-03
4.621391221999999743e-01,2.071219465973467722e-03
4.621526268999999743e-01,2.071105995266117952e-03
4.621571284000000057e-01,2.071068169357856426e-03
4.621706326999999725e-01,2.070954706849624689e-03
4.622111429999999910e-01,2.070614367344777561e-03
4.622246456999999920e-01,2.070500937229693451e-03
4.622336471999999863e-01,2.070425322435405502e-03
4.622471491999999849e-01,2.070311904572791264e-03
4.622651513000000101e-01,2.070160692055849402e-03
4.622696517000000060e-01,2.070122888247920290e-03
4.623011532999999895e-01,2.069858310032536043e-03
4.623056533000000079e-01,2.069820516091413955e-03
4.623146532999999891e-01,2.069744929097764100e-03
4.623191531999999992e-01,2.069707137320958915e-03
4.623326527000000130e-01,2.069593767885436874e-03
4.624136414000000195e-01,2.068913720459499266e-03
4.624766228000000146e-01,2.068384984324267428e-03
4.624811212000000116e-01,2.068347222906785372e-03
4.625171063999999888e-01,2.068045172464596983e-03
4.625216042999999999e-01,2.068007421149895084e-03
4.625306001000000222e-01,2.067931919765896541e-03
4.625350979000000251e-01,2.067894169480237378e-03
4.625530888000000118e-01,2.067743177850883251e-03
4.625710788999999878e-01,2.067592200391876744e-03
4.625890683000000170e-01,2.067441237770556006e-03
4.625935655999999785e-01,2.067403499534941833e-03
4.626295420000000047e-01,2.067101620938346755e-03
4.626430324999999955e-01,2.066988428561614653e-03
4.626655156000000213e-01,2.066799797367995656e-03
4.626745085999999785e-01,2.066724352027482937e-03
4.626790049999999765e-01,2.066686628472237230e-03
4.626969902999999995e-01,2.066535748304788780e-03
4.627149748000000118e-01,2.066384880522544737e-03
4.627509417999999819e-01,2.066083189152401450e-03
4.627734197999999743e-01,2.065894657634986809e-03
4.628003917999999883e-01,2.065668450826954865e-03
4.628048869999999981e-01,2.065630755696809973e-03
4.628183724000000110e-01,2.065517664762806654e-03
4.628408469999999997e-01,2.065329201245040460e-03
4.628453417999999764e-01,2.065291510614123815e-03
4.628723096999999842e-01,2.065065387449869973e-03
4.628947817999999881e-01,2.064876971941812401e-03
4.629082644999999996e-01,2.064763935578549803e-03
4.629172528000000120e-01,2.064688581005241601e-03
4.629487103000000103e-01,2.064424869170544598e-03
4.630026325000000109e-01,2.063972887065001170e-03
4.630206050999999823e-01,2.063822258507056785e-03
4.630385771000000150e-01,2.063671638320202679e-03
4.630565483999999898e-01,2.063521031122473974e-03
4.630610411000000148e-01,2.063483383894464899e-03
4.630745189000000095e-01,2.063370442029555888e-03
4.630879963999999793e-01,2.063257506693408350e-03
4.630969811999999797e-01,2.063182222506369009e-03
4.631284265000000233e-01,2.062918751252563587e-03
4.631688529999999915e-01,2.062580063506850008e-03
4.631778362000000260e-01,2.062504809883143782e-03
4.631958020999999981e-01,2.062354311979625043e-03
4.632002934000000183e-01,2.062316690436149028e-03
4.632182584000000269e-01,2.062166208850561237e-03
4.632496955000000027e-01,2.061902899923146425e-03
4.632721491999999830e-01,2.061714848414727876e-03
4.632766398000000008e-01,2.061677239956385532e-03
4.632901113999999820e-01,2.061564424506527691e-03
4.633125632000000271e-01,2.061376407729451077e-03
4.633215435999999965e-01,2.061301208875067608e-03
4.633395039000000049e-01,2.061150823861535725e-03
4.633439938999999730e-01,2.061113225155011223e-03
4.633619533000000179e-01,2.060962857510549497e-03
4.633844015999999955e-01,2.060774911783947415e-03
4.633978699999999895e-01,2.060662155430076792e-03
4.634203165999999929e-01,2.060474245430712285e-03
4.634337840000000153e-01,2.060361510130411574e-03
4.634472510000000045e-01,2.060248782046315060e-03
4.634652063999999960e-01,2.060098489542374310e-03
4.635056035999999824e-01,2.059760382019337061e-03
4.635235567000000056e-01,2.059610137358349000e-03
4.635415091999999793e-01,2.059459902495409597e-03
4.635594610000000060e-01,2.059309683261352931e-03
4.635953623999999884e-01,2.059009283238454491e-03
4.635998499000000272e-01,2.058971736835119113e-03
4.636088246999999773e-01,2.058896647157265006e-03
4.636626701000000073e-01,2.058446184495433054e-03
4.636671569999999964e-01,2.058408650863066854e-03
4.636806171999999782e-01,2.058296056231984604e-03
4.636851039000000063e-01,2.058258526739656976e-03
4.637030501000000138e-01,2.058108414661738439e-03
4.637434265000000000e-01,2.057770717985336548e-03
4.637568845000000217e-01,2.057658167928426776e-03
4.638107127000000163e-01,2.057208042604475543e-03
4.638151980999999924e-01,2.057170536904992346e-03
4.638286540000000069e-01,2.057058029607547814e-03
4.638779892000000071e-01,2.056645562960543808e-03
4.638824738999999808e-01,2.056608068466297869e-03
4.638869586000000100e-01,2.056570578388137484e-03
4.639183503000000042e-01,2.056308165826753118e-03
4.639362874999999886e-01,2.056158231811806500e-03
4.639497398999999911e-01,2.056045792939869415e-03
4.640080293000000133e-01,2.055558643038329913e-03
4.640304463000000101e-01,2.055371313787027459e-03
4.640394127999999951e-01,2.055296390041431304e-03
4.640438960000000113e-01,2.055258926979441469e-03
4.640573452999999793e-01,2.055146547602255090e-03
4.640663112999999784e-01,2.055071633076028560e-03
4.640797600000000078e-01,2.054959269350627171e-03
4.641111386999999810e-01,2.054697111746962672e-03
4.641335507000000082e-01,2.054509883584307219e-03
4.641649258000000167e-01,2.054247797768794098e-03
4.641738897000000086e-01,2.054172927459477216e-03
4.641873351999999953e-01,2.054060620884967051e-03
4.642007804000000126e-01,2.053948324075636003e-03
4.642052620000000074e-01,2.053910894926857817e-03
4.642590381999999738e-01,2.053461797968586522e-03
4.642948854999999764e-01,2.053162466408332398e-03
4.643262496000000183e-01,2.052900598733479326e-03
4.643486513000000260e-01,2.052713573793294409e-03
4.643531315000000159e-01,2.052676170413663456e-03
4.643889715999999779e-01,2.052376984557896435e-03
4.644024109000000067e-01,2.052264803759731773e-03
4.644203293999999982e-01,2.052115241205774727e-03
4.644516850000000030e-01,2.051853537837768429e-03
4.644606433999999839e-01,2.051778776062430660e-03
4.644696016000000038e-01,2.051704014196531652e-03
4.644740806000000055e-01,2.051666633532249831e-03
4.644875175000000023e-01,2.051554503425149795e-03
4.644964751999999808e-01,2.051479751222928631e-03
4.645099113999999751e-01,2.051367629522060903e-03
4.645278257000000077e-01,2.051218150481284603e-03
4.645412609999999831e-01,2.051106049000668563e-03
4.645681304000000011e-01,2.050881867451742439e-03
4.645815644999999883e-01,2.050769791406230075e-03
4.645949983000000061e-01,2.050657719992407708e-03
4.646039538999999774e-01,2.050583010339678686e-03
4.646308196999999751e-01,2.050358899947719166e-03
4.646352971000000109e-01,2.050321551943741494e-03
4.646532065999999794e-01,2.050172167000535641e-03
4.646755925000000120e-01,2.049985453845007410e-03
4.646845466000000258e-01,2.049910777087723870e-03
4.646890235000000202e-01,2.049873438558075505e-03
4.647785536999999856e-01,2.049126851156700749e-03
4.647830298000000249e-01,2.049089532349582850e-03
4.647964576999999986e-01,2.048977573744790396e-03
4.648143610000000092e-01,2.048828310353476793e-03
4.648188367000000154e-01,2.048790999727084523e-03
4.648501655000000232e-01,2.048529825586833161e-03
4.648546407999999963e-01,2.048492520165362887e-03
4.648904421999999759e-01,2.048194096161608333e-03
4.648993920999999752e-01,2.048119500446190719e-03
4.649038670000000262e-01,2.048082204682042697e-03
4.649396646000000244e-01,2.047783855626348053e-03
4.649978297999999843e-01,2.047299154725111016e-03
4.650336201999999974e-01,2.047000949199559005e-03
4.650470408999999861e-01,2.046889137100585312e-03
4.650604610999999888e-01,2.046777330626128964e-03
4.650649345000000268e-01,2.046740062958779267e-03
4.650962466999999934e-01,2.046479218603986395e-03
4.651007196999999982e-01,2.046441960784946366e-03
4.651141383999999879e-01,2.046330184289662374e-03
4.651186111999999762e-01,2.046292928698336452e-03
4.651365021000000155e-01,2.046143911273064653e-03
4.651409746999999872e-01,2.046106657742135723e-03
4.651678094999999735e-01,2.045883163013214982e-03
4.651722817999999759e-01,2.045845917695897700e-03
4.651856985000000222e-01,2.045734184948156623e-03
4.652080586999999823e-01,2.045547974757005571e-03
4.652259462000000179e-01,2.045399025702631258e-03
4.652572475000000263e-01,2.045138397673147181e-03
4.652617190000000180e-01,2.045101168324835097e-03
4.652796042999999826e-01,2.044952259167591088e-03
4.653153729999999766e-01,2.044654480425851361e-03
4.653198438999999742e-01,2.044617264752195303e-03
4.653287856000000167e-01,2.044542830802344342e-03
4.653332562999999977e-01,2.044505612827160826e-03
4.653466682999999882e-01,2.044393972114661590e-03
4.653556094999999893e-01,2.044319549547494053e-03
4.653824319000000043e-01,2.044096294236805514e-03
4.654226624999999729e-01,2.043761475485571331e-03
4.654271323999999987e-01,2.043724276530111111e-03
4.654584202000000004e-01,2.043463916569690075e-03
4.654762980000000105e-01,2.043315155138352227e-03
4.655299272999999793e-01,2.042868960797928398e-03
4.655343961999999780e-01,2.042831783275493238e-03
4.655433337000000060e-01,2.042757428850558877e-03
4.655701452000000073e-01,2.042534390617952843e-03
4.655835504999999985e-01,2.042422883047055084e-03
4.656148278000000196e-01,2.042162729221820659e-03
4.656371673999999961e-01,2.041976930014742769e-03
4.656416352000000147e-01,2.041939774389447959e-03
4.656684410999999968e-01,2.041716845758408030e-03
4.657086470999999839e-01,2.041382514603918077e-03
4.657399159999999760e-01,2.041122525301400283e-03
4.657488495000000062e-01,2.041048252869323738e-03
4.657577829999999808e-01,2.040973980632378431e-03
4.657622496000000112e-01,2.040936848234247737e-03
4.658158459999999779e-01,2.040491300332991295e-03
4.658203120000000141e-01,2.040454174849148320e-03
4.658292440999999839e-01,2.040379931401343355e-03
4.658515733999999964e-01,2.040194334282650120e-03
4.658560392000000161e-01,2.040157218483516777e-03
4.659051594999999990e-01,2.039748992531208345e-03
4.659185551000000203e-01,2.039637677132440357e-03
4.659230201999999821e-01,2.039600572433996391e-03
4.659587394999999965e-01,2.039303772299285843e-03
4.659721334999999964e-01,2.039192483816283912e-03
4.659765980999999724e-01,2.039155391628283149e-03
4.659989204000000163e-01,2.038969933868379613e-03
4.660123131999999724e-01,2.038858672005385963e-03
4.660435616999999975e-01,2.038599084132946583e-03
4.660614170999999861e-01,2.038450768337123770e-03
4.660658807999999986e-01,2.038413690069942798e-03
4.660837353000000238e-01,2.038265392544430163e-03
4.661015890999999911e-01,2.038117104765647426e-03
4.661729976000000275e-01,2.037524099649731368e-03
4.661774602000000045e-01,2.037487044031668221e-03
4.661908479999999910e-01,2.037375881313392614e-03
4.662042352999999917e-01,2.037264724923369599e-03
4.662131600000000153e-01,2.037190628921395352e-03
4.662265467000000219e-01,2.037079486078477615e-03
4.662399329999999953e-01,2.036968350927689363e-03
4.662577808000000212e-01,2.036820184107827024e-03
4.662800897000000111e-01,2.036634995497726194e-03
4.662979360000000240e-01,2.036486857245953588e-03
4.663202429000000149e-01,2.036301704240382933e-03
4.663514706999999926e-01,2.036042526965769258e-03
4.663871572000000132e-01,2.035746372631395962e-03
4.664049994000000199e-01,2.035598319396161003e-03
4.664228409000000242e-01,2.035450275910114046e-03
4.664273011999999774e-01,2.035413267534660897e-03
4.664406817000000260e-01,2.035302246649324780e-03
4.664585218999999783e-01,2.035154230909809025e-03
4.664719015000000080e-01,2.035043228039021095e-03
4.665120381999999788e-01,2.034710263209778096e-03
4.665343349000000139e-01,2.034525313407639820e-03
4.665432532000000077e-01,2.034451338937415081e-03
4.665477123999999809e-01,2.034414355203121704e-03
4.665655483999999742e-01,2.034266418631085378e-03
4.665833837999999734e-01,2.034118498416476618e-03
4.666012185000000256e-01,2.033970592347071962e-03
4.666056769999999965e-01,2.033933615655604110e-03
4.666413440000000135e-01,2.033637847876927120e-03
4.666859239000000215e-01,2.033268214373506761e-03
4.667082122999999805e-01,2.033083428170203918e-03
4.667394141999999801e-01,2.032824765150370930e-03
4.667483285999999842e-01,2.032750868731357519e-03
4.667617000000000016e-01,2.032640028866952719e-03
4.667795278999999908e-01,2.032492257017868686e-03
4.667839846999999875e-01,2.032455315590850180e-03
4.668151816000000176e-01,2.032196748762561071e-03
4.668196380999999895e-01,2.032159814817464764e-03
4.668285509999999805e-01,2.032085947294527423e-03
4.668552886999999818e-01,2.031864371396146889e-03
4.668686570000000202e-01,2.031753592217366584e-03
4.668820249000000255e-01,2.031642819763154664e-03
4.668864808000000033e-01,2.031605900104774265e-03
4.669043038999999840e-01,2.031458219533876629e-03
4.669221263000000177e-01,2.031310557169421424e-03
4.670335011000000258e-01,2.030387951220607307e-03
4.670424099000000107e-01,2.030314166489531006e-03
4.670602271000000028e-01,2.030166604323322202e-03
4.670646811999999981e-01,2.030129716500012407e-03
4.670824975999999795e-01,2.029982172833064754e-03
4.670958593000000270e-01,2.029871523032160483e-03
4.671003132000000058e-01,2.029834640258978973e-03
4.671136744000000118e-01,2.029724002547075509e-03
4.671359424000000038e-01,2.029539618596611777e-03
4.671403957999999967e-01,2.029502745020160884e-03
4.671537559999999756e-01,2.029392128979520728e-03
4.671760220000000241e-01,2.029207784499004706e-03
4.671893811000000230e-01,2.029097188688142039e-03
4.672071925999999875e-01,2.028949735978270892e-03
4.672472661000000027e-01,2.028618022625011067e-03
4.672561708999999897e-01,2.028544318199809997e-03
4.672828841000000177e-01,2.028323222327859526e-03
4.672962401999999904e-01,2.028212687569416490e-03
4.673095958999999855e-01,2.028102158497905282e-03
4.673274028000000135e-01,2.027954800680808328e-03
4.673452090999999919e-01,2.027807454916057042e-03
4.673496605999999942e-01,2.027770619782225461e-03
4.673541119999999882e-01,2.027733784829217119e-03
4.673808195999999970e-01,2.027512801099572940e-03
4.673897218999999992e-01,2.027439146887525384e-03
4.674030747999999846e-01,2.027328670853480955e-03
4.674208782000000006e-01,2.027181380476724207e-03
4.674253290000000005e-01,2.027144562447341560e-03
4.674564829999999782e-01,2.026886841369390270e-03
4.674742843999999953e-01,2.026739593436652307e-03
4.674876350000000125e-01,2.026629165535897333e-03
4.674965350999999991e-01,2.026555548723737651e-03
4.675276843999999765e-01,2.026297928212439457e-03
4.675454830999999922e-01,2.026150731166075601e-03
4.675677303999999923e-01,2.025966755737580727e-03
4.675810783000000082e-01,2.025856378132502664e-03
4.675944258999999992e-01,2.025746013261375648e-03
4.676300173999999865e-01,2.025451736852342324e-03
4.676344661999999874e-01,2.025414952717928974e-03
4.676656062999999808e-01,2.025157511817874626e-03
4.676700547000000041e-01,2.025120736148251777e-03
4.676745030000000192e-01,2.025083962787579701e-03
4.676833997000000021e-01,2.025010421029298496e-03
4.676878479000000088e-01,2.024973648682928343e-03
4.677412235000000251e-01,2.024532464490887487e-03
4.677768038999999822e-01,2.024238408075356745e-03
4.677812512999999783e-01,2.024201657065163341e-03
4.678168286000000120e-01,2.023907659025329236e-03
4.678301693999999955e-01,2.023797424145888472e-03
4.678835288000000037e-01,2.023356559076765378e-03
4.678879751000000198e-01,2.023319827405169972e-03
4.679146523000000113e-01,2.023099447988846965e-03
4.679235442999999939e-01,2.023025990523535499e-03
4.679368821000000067e-01,2.022915818442130170e-03
4.679546652000000084e-01,2.022768930459847500e-03
4.679946745999999935e-01,2.022438482183435641e-03
4.680080104000000074e-01,2.022328346472195438e-03
4.680257908000000078e-01,2.022181513619129064e-03
4.680302357000000191e-01,2.022144808255827309e-03
4.680435705000000057e-01,2.022034692467851100e-03
4.680569048000000065e-01,2.021924584218890743e-03
4.680657940999999878e-01,2.021851185166036440e-03
4.681013498000000106e-01,2.021557617747428946e-03
4.681102382999999811e-01,2.021484232525499764e-03
4.681369027999999766e-01,2.021264101435230488e-03
4.681680094999999819e-01,2.021007320480205753e-03
4.681813403000000262e-01,2.020897281977787705e-03
4.682213304000000242e-01,2.020567217628711082e-03
4.682346595999999916e-01,2.020457212341659689e-03
4.682746452000000059e-01,2.020127234287730309e-03
4.683146273000000082e-01,2.019797328815066146e-03
4.683235116999999725e-01,2.019724024329280863e-03
4.683279538999999825e-01,2.019687376156971501e-03
4.683457220999999726e-01,2.019540778622145281e-03
4.683501641000000215e-01,2.019504133515544631e-03
4.683812566000000177e-01,2.019247634129784329e-03
4.683856981999999780e-01,2.019210992851706247e-03
4.683945813000000014e-01,2.019137717511753412e-03
4.684212295999999887e-01,2.018917904870320447e-03
4.684345531999999923e-01,2.018808011746823106e-03
4.684656400000000165e-01,2.018551620455163315e-03
4.684700808000000216e-01,2.018514996085404595e-03
4.685056058000000023e-01,2.018222034942491680e-03
4.685278076000000125e-01,2.018038959623864523e-03
4.685366879999999790e-01,2.017965736543943060e-03
4.685411281999999900e-01,2.017929125243369398e-03
4.685766478000000235e-01,2.017636271573518617e-03
4.685899668999999879e-01,2.017526465091796627e-03
4.685944066000000130e-01,2.017489865531461521e-03
4.686254827999999928e-01,2.017233685597448825e-03
4.686299220999999848e-01,2.017197090036333944e-03
4.686698738999999780e-01,2.016867781439367520e-03
4.687408908999999846e-01,2.016282510606746438e-03
4.687763953999999900e-01,2.015989956613143015e-03
4.687897088999999906e-01,2.015880263673121373e-03
4.688030220000000137e-01,2.015770575817711283e-03
4.688074595999999761e-01,2.015734015954166736e-03
4.688252097000000229e-01,2.015587781153768947e-03
4.688429590000000036e-01,2.015441557972320885e-03
4.688473962999999967e-01,2.015405006660961340e-03
4.688828926999999980e-01,2.015112608151014683e-03
4.688962031000000197e-01,2.015002976787827384e-03
4.689095132000000166e-01,2.014893347124319112e-03
4.689139498000000073e-01,2.014856806221540682e-03
4.689494411999999834e-01,2.014564511921969597e-03
4.689627497000000145e-01,2.014454913751261012e-03
4.689671859000000276e-01,2.014418383424145323e-03
4.690026731999999976e-01,2.014126165722191809e-03
4.690204157999999790e-01,2.013980078102476593e-03
4.690337224000000194e-01,2.013870521030612822e-03
4.690558991000000066e-01,2.013687942825931158e-03
4.690603344000000008e-01,2.013651429443505912e-03
4.690869448000000164e-01,2.013432365789674054e-03
4.690958145999999940e-01,2.013359351034987258e-03
4.691046843000000188e-01,2.013286338934979890e-03
4.691268577000000106e-01,2.013103826722626583e-03
4.691445955999999917e-01,2.012957833218294822e-03
4.691623328999999787e-01,2.012811850752478215e-03
4.691667672000000011e-01,2.012775355087211438e-03
4.691756355000000211e-01,2.012702438693214461e-03
4.691800696000000270e-01,2.012666077212073301e-03
4.691933716000000198e-01,2.012556511796854877e-03
4.692155407999999972e-01,2.012374082111645108e-03
4.692465759000000181e-01,2.012118812380925791e-03
4.692864751999999973e-01,2.011790380183687329e-03
4.693042070999999815e-01,2.011644469957826059e-03
4.693352364000000221e-01,2.011389318269454340e-03
4.693396689000000066e-01,2.011352758322823477e-03
4.693441014999999994e-01,2.011316299795078925e-03
4.693751280999999831e-01,2.011061099675893159e-03
4.693928567000000274e-01,2.010915388147784585e-03
4.694283117999999977e-01,2.010623712772521571e-03
4.694593329000000259e-01,2.010368817786481986e-03
4.694859207000000034e-01,2.010150006660944410e-03
4.694992141000000063e-01,2.010040709047916565e-03
4.695213688000000052e-01,2.009858565425540807e-03
4.695346611999999809e-01,2.009749485515407302e-03
4.695523837000000200e-01,2.009603598967706160e-03
4.695878267999999967e-01,2.009312259915565276e-03
4.695922570000000129e-01,2.009275845977658622e-03
4.696011172999999816e-01,2.009203019903641873e-03
4.696188372999999805e-01,2.009057427678665343e-03
4.696276971000000189e-01,2.008984562037357310e-03
4.696409864000000156e-01,2.008875346067747619e-03
4.696542753999999875e-01,2.008766134447883319e-03
4.696719933999999874e-01,2.008620534916321764e-03
4.696941399999999822e-01,2.008438550340939464e-03
4.696985692000000268e-01,2.008402157661839590e-03
4.697118565000000245e-01,2.008293078410886261e-03
4.697251434999999975e-01,2.008183810188462950e-03
4.697340012999999814e-01,2.008111033835892345e-03
4.697650020999999954e-01,2.007856347686723299e-03
4.698137136000000158e-01,2.007456299581422948e-03
4.698181417000000248e-01,2.007419830674162572e-03
4.698402814000000038e-01,2.007237983482476271e-03
4.698668476999999788e-01,2.007019794789804794e-03
4.698712751999999937e-01,2.006983434329566180e-03
4.699066941999999747e-01,2.006692568576799816e-03
4.699111214000000203e-01,2.006656213317952603e-03
4.699244027999999740e-01,2.006547350439549359e-03
4.699421106000000181e-01,2.006401753988320668e-03
4.699598178000000126e-01,2.006256371188420377e-03
4.700129352999999899e-01,2.005820291093953368e-03
4.700173615000000082e-01,2.005783955303317920e-03
4.700262136999999729e-01,2.005711288198184800e-03
4.700306397999999830e-01,2.005674954771462237e-03
4.700439177999999885e-01,2.005566159398905826e-03
4.700660468000000258e-01,2.005384326876423744e-03
4.701191523000000094e-01,2.004948485936321450e-03
4.701235775000000006e-01,2.004912170915932636e-03
4.701368528000000047e-01,2.004803229763275126e-03
4.701589775000000193e-01,2.004621683539087144e-03
4.701722519000000045e-01,2.004512795339493010e-03
4.701855258000000037e-01,2.004403850059505946e-03
4.701899504000000007e-01,2.004367545983180062e-03
4.702209211000000222e-01,2.004113455081214107e-03
4.702297696000000138e-01,2.004040864340510958e-03
4.702386177999999806e-01,2.003968274886053658e-03
4.702607376999999866e-01,2.003786820507337876e-03
4.702651615999999812e-01,2.003750533564210932e-03
4.702784328999999874e-01,2.003641670649563243e-03
4.703005509000000028e-01,2.003460254775320075e-03
4.703093978999999814e-01,2.003387790667003794e-03
4.703315143999999837e-01,2.003206302775728965e-03
4.703713216000000030e-01,2.002879855856517545e-03
4.703845899999999913e-01,2.002771053996741085e-03
4.704022804999999918e-01,2.002625999468789480e-03
4.704509259999999915e-01,2.002227161661589150e-03
4.704553479999999954e-01,2.002191101350512571e-03
4.704686140000000072e-01,2.002082151645649677e-03
4.704774576999999902e-01,2.002009655251127569e-03
4.704907231000000079e-01,2.001900910956908031e-03
4.705084096000000105e-01,2.001755932918567512e-03
4.705437806000000167e-01,2.001466017902366577e-03
4.705482018000000100e-01,2.001429782659673931e-03
4.705791489999999744e-01,2.001176154592370932e-03
4.706100941999999954e-01,2.000922762238662410e-03
4.706145147999999945e-01,2.000886343975661653e-03
4.706189352999999853e-01,2.000850120318496250e-03
4.706498778000000049e-01,2.000596588009659078e-03
4.706631383000000057e-01,2.000487942395943412e-03
4.707161764000000193e-01,2.000053432952886116e-03
4.707338544999999930e-01,1.999908622134506566e-03
4.707382739000000038e-01,1.999872420911449119e-03
4.707736276999999747e-01,1.999582896559078896e-03
4.707868846000000107e-01,1.999474270819605239e-03
4.707957224000000052e-01,1.999401891967757510e-03
4.708089787999999998e-01,1.999293327295302049e-03
4.708575822000000133e-01,1.998895318983960872e-03
4.708620004999999886e-01,1.998859141805455798e-03
4.708664187000000112e-01,1.998822963589120313e-03
4.708796729999999986e-01,1.998714439847291795e-03
4.708929270000000167e-01,1.998605924497518123e-03
4.709017628000000122e-01,1.998533581954035562e-03
4.709150161999999806e-01,1.998425076675256276e-03
4.709459393000000049e-01,1.998171959178428065e-03
4.709856944999999961e-01,1.997846507114122566e-03
4.709989454999999881e-01,1.997738046672611293e-03
4.710166129999999729e-01,1.997593448171244238e-03
4.710740274999999921e-01,1.997123587725073424e-03
4.710784438000000240e-01,1.997087451010828765e-03
4.711137719999999862e-01,1.996798384873675180e-03
4.711270194000000133e-01,1.996690091931478239e-03
4.711579285999999978e-01,1.996437121798625650e-03
4.711800052999999822e-01,1.996256519051279026e-03
4.711976659000000067e-01,1.996112056177614617e-03
4.712153258999999816e-01,1.995968822554581613e-03
4.712197408000000087e-01,1.995932711481531851e-03
4.712329852000000097e-01,1.995823469100690018e-03
4.712550583999999820e-01,1.995643243475880152e-03
4.712859591999999931e-01,1.995391143651150008e-03
4.712903734000000178e-01,1.995353826310183529e-03
4.712992018000000116e-01,1.995281632791974426e-03
4.713036158999999725e-01,1.995245538883614906e-03
4.713168578999999969e-01,1.995137449816535707e-03
4.713256858000000049e-01,1.995066291372213016e-03
4.713742358999999937e-01,1.994668730785453207e-03
4.713918892999999777e-01,1.994523800777239005e-03
4.713963024999999751e-01,1.994487719492545053e-03
4.714227811000000212e-01,1.994271268684963752e-03
4.714316069000000220e-01,1.994199734220529312e-03
4.714977954999999832e-01,1.993658552217915641e-03
4.715022078000000172e-01,1.993622089174181943e-03
4.715110322000000131e-01,1.993549970801449921e-03
4.715154442999999751e-01,1.993514109912911721e-03
4.715375043000000210e-01,1.993333646096733750e-03
4.715507398000000072e-01,1.993225495263404451e-03
4.715683864999999919e-01,1.993081304596279902e-03
4.715727981000000235e-01,1.993046477264390388e-03
4.716080892999999774e-01,1.992756924295450548e-03
4.716213228000000202e-01,1.992648811567291310e-03
4.716345558999999743e-01,1.992540708417678361e-03
4.716433777999999855e-01,1.992468641736786818e-03
4.716566103000000010e-01,1.992361157397750000e-03
4.716742530999999961e-01,1.992216436429131328e-03
4.716918952999999970e-01,1.992072338354881119e-03
4.717139470000000223e-01,1.991892232569343439e-03
4.717227674000000204e-01,1.991820293149361171e-03
4.717271774999999834e-01,1.991784178747497188e-03
4.717492275999999873e-01,1.991604714103643956e-03
4.717800959999999821e-01,1.991352038826893142e-03
4.718153716999999858e-01,1.991064010953914280e-03
4.718506446999999882e-01,1.990776338048967382e-03
4.718682801999999898e-01,1.990632064872277680e-03
4.718815063999999837e-01,1.990524098679271377e-03
4.719344075999999943e-01,1.990092301132811992e-03
4.719388158000000222e-01,1.990056387261531466e-03
4.719608558999999759e-01,1.989876748891571817e-03
4.720049331999999764e-01,1.989516751447660374e-03
4.720093407000000019e-01,1.989480786015577780e-03
4.720269703000000150e-01,1.989336936656609447e-03
4.720313776000000239e-01,1.989300976378177363e-03
4.720445992999999785e-01,1.989193100100189633e-03
4.720666345000000264e-01,1.989013317554386411e-03
4.720798552000000092e-01,1.988906675850206449e-03
4.721327341000000066e-01,1.988474105238067016e-03
4.721503591000000277e-01,1.988330344436808894e-03
4.721635773999999786e-01,1.988222628510183995e-03
4.721679833999999909e-01,1.988186599046096875e-03
4.721988243999999946e-01,1.987935070531801456e-03
4.722076357000000169e-01,1.987863821173161023e-03
4.722164468999999754e-01,1.987791362508936101e-03
4.722384741000000274e-01,1.987611740453070625e-03
4.722560952000000034e-01,1.987468056994930957e-03
4.722781206000000176e-01,1.987288474208058486e-03
4.722869304000000268e-01,1.987216648247413196e-03
4.723045497000000204e-01,1.987073000886921837e-03
4.723089543999999806e-01,1.987037093797132913e-03
4.723441904999999830e-01,1.986751058775547939e-03
4.723618076000000165e-01,1.986606242109204782e-03
4.723838281000000139e-01,1.986426757056677667e-03
4.723970397999999737e-01,1.986319267147338384e-03
4.724146550000000166e-01,1.986175511065900283e-03
4.724454798000000122e-01,1.985924303533688224e-03
4.724542865999999952e-01,1.985852538591011390e-03
4.724674964000000199e-01,1.985744894504131580e-03
4.724895118999999921e-01,1.985565707999285400e-03
4.725027206999999896e-01,1.985457884032465654e-03
4.725203318999999791e-01,1.985314394796898040e-03
4.725555523000000147e-01,1.985027461418825342e-03
4.725599547000000067e-01,1.984991597165534222e-03
4.725687592999999742e-01,1.984919875563075087e-03
4.725863679999999789e-01,1.984776437987148447e-03
4.726083779999999956e-01,1.984597158611636249e-03
4.726259851999999873e-01,1.984453750399767669e-03
4.726391902000000034e-01,1.984346394890613811e-03
4.726435917999999847e-01,1.984310961072151529e-03
4.726611976999999798e-01,1.984166972854933646e-03
4.726788029999999807e-01,1.984023603664915487e-03
4.727008086999999747e-01,1.983844407936164681e-03
4.727272141000000150e-01,1.983629403613306613e-03
4.727624190999999976e-01,1.983342774440618756e-03
4.727800206000000172e-01,1.983199481065270678e-03
4.727844209000000020e-01,1.983163658087003321e-03
4.728064216000000264e-01,1.982985772103427677e-03
4.728372209999999742e-01,1.982733861794612647e-03
4.728724178000000000e-01,1.982447394677582745e-03
4.728768172000000214e-01,1.982411590177590287e-03
4.728900152000000134e-01,1.982304276874578657e-03
4.729208091000000058e-01,1.982053586606025153e-03
4.729428035000000086e-01,1.981874618369036320e-03
4.729779923999999913e-01,1.981588910798995958e-03
4.729823907999999855e-01,1.981552522620766248e-03
4.729911875999999737e-01,1.981480954990102496e-03
4.729955859000000151e-01,1.981445171275647392e-03
4.730307709000000083e-01,1.981158936998921385e-03
4.730439645999999776e-01,1.981051612763456895e-03
4.730483623999999776e-01,1.981015842607077027e-03
4.730615556000000166e-01,1.980908525898796273e-03
4.730879409000000035e-01,1.980693921496792017e-03
4.731011330000000070e-01,1.980586628791350477e-03
4.731143246999999774e-01,1.980479343629098533e-03
4.731231189999999809e-01,1.980407823708007619e-03
4.731495009000000196e-01,1.980193349104136108e-03
4.731582945000000207e-01,1.980122985801599598e-03
4.731934674000000118e-01,1.979835784461183180e-03
4.732066565999999974e-01,1.979728549866967540e-03
4.732550137000000046e-01,1.979336823585271972e-03
4.732594095000000056e-01,1.979301088309627556e-03
4.732725969000000088e-01,1.979196693419795448e-03
4.732769926000000016e-01,1.979156759506465676e-03
4.732945748999999869e-01,1.979014892277487000e-03
4.733253425000000236e-01,1.978765873060542215e-03
4.733341327999999737e-01,1.978692330657418324e-03
4.733473181000000252e-01,1.978585776295576151e-03
4.733648978000000174e-01,1.978446511067194231e-03
4.734000554000000194e-01,1.978156619910347459e-03
4.734132388000000247e-01,1.978051600627812878e-03
4.734176332000000209e-01,1.978013985745566590e-03
4.734308160999999848e-01,1.977906685229362596e-03
4.734703626000000276e-01,1.977587496213033605e-03
4.734747564999999825e-01,1.977549700758706591e-03
4.734835439999999784e-01,1.977478313708238167e-03
4.735055122999999866e-01,1.977299861346092612e-03
4.735099058000000194e-01,1.977264173265909711e-03
4.735230861999999985e-01,1.977157113760439223e-03
4.735362660999999918e-01,1.977054260889791765e-03
4.735450526000000160e-01,1.976978999615276733e-03
4.735714109999999977e-01,1.976764624396721605e-03
4.735758038999999808e-01,1.976728947370148988e-03
4.735933750999999914e-01,1.976586253194428325e-03
4.736109457000000078e-01,1.976445668909855308e-03
4.736153383000000217e-01,1.976407901264502168e-03
4.736241232999999773e-01,1.976336564695654798e-03
4.736636537000000202e-01,1.976015599192814526e-03
4.736768297000000238e-01,1.975908622996991847e-03
4.736943972000000058e-01,1.975767098141768818e-03
4.737207473000000224e-01,1.975552092071382847e-03
4.737514871999999877e-01,1.975303172202971802e-03
4.737558783999999967e-01,1.975266928013009148e-03
4.737866159999999938e-01,1.975019546553034768e-03
4.737910068999999780e-01,1.974981813650632332e-03
4.738261328000000216e-01,1.974696749785617884e-03
4.738612561000000167e-01,1.974411736424803217e-03
4.738875968999999855e-01,1.974202205420154833e-03
4.738919869000000062e-01,1.974162395539556195e-03
4.739314949000000277e-01,1.973841870527691649e-03
4.739666103999999880e-01,1.973558217043184897e-03
4.739797780000000182e-01,1.973450300965715314e-03
4.739929453000000237e-01,1.973343405428844375e-03
4.739973343000000172e-01,1.973311996189827406e-03
4.740324449000000162e-01,1.973023047646062407e-03
4.740675529000000221e-01,1.972738338337518514e-03
4.740851059999999784e-01,1.972596004897082377e-03
4.741070463000000013e-01,1.972418102912790790e-03
4.741158221999999811e-01,1.972347995564596203e-03
4.741377612000000075e-01,1.972169075988755398e-03
4.741553116000000179e-01,1.972026792326827399e-03
4.741772486999999980e-01,1.971848958291733296e-03
4.741904104999999925e-01,1.971743466428452479e-03
4.742079590000000122e-01,1.971600019455050420e-03
4.742255067999999740e-01,1.971457787122823761e-03
4.742430539999999972e-01,1.971319753290506818e-03
4.742562139000000010e-01,1.971208912698579809e-03
4.742737599999999887e-01,1.971066812699258201e-03
4.743658660999999777e-01,1.970320396464636525e-03
4.743790225999999777e-01,1.970215201959979543e-03
4.744009493999999938e-01,1.970036176059025094e-03
4.744141049999999749e-01,1.969929608198756586e-03
4.744228750999999744e-01,1.969859165860844610e-03
4.744667235999999733e-01,1.969503403021160767e-03
4.744711081999999913e-01,1.969467890191933974e-03
4.744930307999999930e-01,1.969290344866658077e-03
4.745237205999999763e-01,1.969043902922502573e-03
4.745587922000000236e-01,1.968757826480558269e-03
4.745631759999999755e-01,1.968722328060345389e-03
4.745763270999999728e-01,1.968615898170740421e-03
4.745982447000000048e-01,1.968438399452795799e-03
4.746113947999999749e-01,1.968331940451565829e-03
4.746639916000000015e-01,1.967906467999924140e-03
4.746683743999999816e-01,1.967870692293427048e-03
4.746771398999999891e-01,1.967803919019134838e-03
4.746815226000000165e-01,1.967764271732022185e-03
4.747034353999999845e-01,1.967586917207177297e-03
4.747297294000000223e-01,1.967374117770539881e-03
4.747341116000000083e-01,1.967338655117074637e-03
4.747735495000000028e-01,1.967019517404021509e-03
4.747998397000000037e-01,1.966806794763228082e-03
4.748217470000000162e-01,1.966629551165487069e-03
4.748348908999999729e-01,1.966523211775231001e-03
4.748392720999999872e-01,1.966489853539592821e-03
4.748743205000000023e-01,1.966204239025013800e-03
4.748874629000000014e-01,1.966098027430379473e-03
4.749137467999999807e-01,1.965885933206850452e-03
4.749268880999999998e-01,1.965779047326070110e-03
4.749575498999999978e-01,1.965531069537243547e-03
4.749794500000000252e-01,1.965353970359799002e-03
4.749838297999999792e-01,1.965318550009777492e-03
4.750101083000000113e-01,1.965110228482153283e-03
4.750144879000000042e-01,1.965070647592296813e-03
4.750495232999999984e-01,1.964787377532893359e-03
4.750889350999999983e-01,1.964468760918196538e-03
4.751152077999999945e-01,1.964256383307480102e-03
4.751677487000000033e-01,1.963831718794293701e-03
4.751721268999999914e-01,1.963797530954989375e-03
4.751896391000000053e-01,1.963656891839597653e-03
4.752071507000000250e-01,1.963513485269376829e-03
4.752202838999999845e-01,1.963407167180338496e-03
4.752421719000000100e-01,1.963230307515226227e-03
4.752903218000000263e-01,1.962841280233412755e-03
4.752946988000000261e-01,1.962809667477926918e-03
4.752990758000000260e-01,1.962773369767947720e-03
4.753078296000000091e-01,1.962699841456547710e-03
4.753122065000000007e-01,1.962675725532401615e-03
4.753340902000000034e-01,1.962493325503709540e-03
4.753472200000000147e-01,1.962381648036525938e-03
4.753603492999999847e-01,1.962275598632050918e-03
4.753647256999999904e-01,1.962245869462978225e-03
4.753778545999999827e-01,1.962138369026316873e-03
4.754041112999999874e-01,1.961927767537042632e-03
4.754172390999999998e-01,1.961816129668029259e-03
4.754391179999999939e-01,1.961640044880583363e-03
4.754522447999999790e-01,1.961535320319947578e-03
4.754697466999999733e-01,1.961392125296295644e-03
4.754872479999999735e-01,1.961250817876516398e-03
4.755091236000000277e-01,1.961079813849091972e-03
4.755222485000000221e-01,1.960968238747358688e-03
4.755353730999999917e-01,1.960862472698686899e-03
4.755441226000000077e-01,1.960791650254898894e-03
4.755747444999999796e-01,1.960548309097446748e-03
4.756097385999999982e-01,1.960262010213946818e-03
4.756491038999999810e-01,1.959949925965853799e-03
4.756797191000000091e-01,1.959697257733778591e-03
4.757147055000000013e-01,1.959415258651083999e-03
4.757278247999999765e-01,1.959309112607986961e-03
4.757321977999999785e-01,1.959279440349813006e-03
4.757540620999999859e-01,1.959097434618498664e-03
4.757802980999999987e-01,1.958887171146096728e-03
4.757846706000000148e-01,1.958850513805306722e-03
4.758196492999999805e-01,1.958568369810401427e-03
4.758240214000000190e-01,1.958538711844674471e-03
4.758371376000000152e-01,1.958427314224880922e-03
4.758721123999999914e-01,1.958145434547625425e-03
4.759245697999999747e-01,1.957727841066738209e-03
4.759289409999999942e-01,1.957686991080462638e-03
4.759420543999999809e-01,1.957581259520429790e-03
4.759551672999999816e-01,1.957475533531168651e-03
4.759770214999999860e-01,1.957299340509029845e-03
4.759945039999999850e-01,1.957162550053109535e-03
4.759988746000000104e-01,1.957123963735712176e-03
4.760076155999999892e-01,1.957052707457598070e-03
4.760338375000000011e-01,1.956846937063129281e-03
4.760687979000000070e-01,1.956559550273287949e-03
4.760775375999999892e-01,1.956489114047634242e-03
4.760819072999999957e-01,1.956453894668045736e-03
4.761168641999999895e-01,1.956172183960136132e-03
4.761387108999999840e-01,1.955996139226397982e-03
4.761474493000000252e-01,1.955925723945069975e-03
4.761518183999999820e-01,1.955893319605268247e-03
4.761736635000000106e-01,1.955714506986571972e-03
4.761867700999999897e-01,1.955608909149993309e-03
4.762042450000000260e-01,1.955468121943272890e-03
4.762173506999999861e-01,1.955363623673070546e-03
4.762348244999999869e-01,1.955221775653292506e-03
4.762435610999999902e-01,1.955151397760578405e-03
4.762741381000000218e-01,1.954905102211676893e-03
4.762785060999999986e-01,1.954875515087845222e-03
4.762916098000000154e-01,1.954765568020590434e-03
4.763090808000000065e-01,1.954623668219215588e-03
4.763134485000000140e-01,1.954588493018586618e-03
4.763571228999999851e-01,1.954236778630808521e-03
4.763745914999999997e-01,1.954096117673650556e-03
4.763964264000000171e-01,1.953920307728514594e-03
4.764138936000000268e-01,1.953785263105217284e-03
4.764269935000000067e-01,1.953674205305889339e-03
4.764488259999999920e-01,1.953500511312213431e-03
4.764531924000000029e-01,1.953463289637080279e-03
4.764662913000000111e-01,1.953357843600919339e-03
4.764881220000000139e-01,1.953182118466012095e-03
4.765186832000000150e-01,1.952936133557842905e-03
4.765536080000000174e-01,1.952655054045991396e-03
4.765579734000000012e-01,1.952625510691420293e-03
4.765667041000000159e-01,1.952549663318671512e-03
4.765710693999999914e-01,1.952514723203864879e-03
4.765885302000000268e-01,1.952374026041053638e-03
4.765928952999999857e-01,1.952340089614748673e-03
4.766190851000000062e-01,1.952128170860940436e-03
4.766278146999999854e-01,1.952057930321890802e-03
4.766365441000000036e-01,1.951987698134751694e-03
4.766583670000000272e-01,1.951812125560813084e-03
4.766889173000000146e-01,1.951570489089647815e-03
4.767063738000000273e-01,1.951425934572977939e-03
4.767107378000000062e-01,1.951396411979865143e-03
4.767281935000000082e-01,1.951250423184334223e-03
4.767805566000000161e-01,1.950829280996047238e-03
4.767936465000000013e-01,1.950724014174784861e-03
4.768329141000000049e-01,1.950408254081195149e-03
4.768721783000000047e-01,1.950096276428208786e-03
4.769027149999999771e-01,1.949848246440623453e-03
4.769070771999999736e-01,1.949811992371274210e-03
4.769332497000000060e-01,1.949601790821315576e-03
4.769376115999999777e-01,1.949567228167084325e-03
4.769419735000000049e-01,1.949531479431387392e-03
4.769725056999999935e-01,1.949286070924762101e-03
4.769768672999999959e-01,1.949251015988819362e-03
4.769855902999999842e-01,1.949180905190810555e-03
4.770248421000000127e-01,1.948865459657562593e-03
4.770379252999999986e-01,1.948760323112983537e-03
4.770422861999999986e-01,1.948730854423980216e-03
4.770553688999999986e-01,1.948620157628764508e-03
4.771164167999999983e-01,1.948129666047553749e-03
4.771294974999999994e-01,1.948024580478892624e-03
4.771469379000000122e-01,1.947884478342569968e-03
4.771818165999999750e-01,1.947604310153950398e-03
4.771861762999999867e-01,1.947569294191975374e-03
4.771948954999999937e-01,1.947503385282073557e-03
4.772123334999999744e-01,1.947359207715699744e-03
4.772210521999999955e-01,1.947292264710913769e-03
4.772341299999999786e-01,1.947184157645288341e-03
4.772559255000000111e-01,1.947009126618159296e-03
4.772864376000000020e-01,1.946764113789374324e-03
4.773038721999999789e-01,1.946624219910958031e-03
4.773343812999999991e-01,1.946387955460205906e-03
4.773387394999999978e-01,1.946357355604147596e-03
4.773518140999999937e-01,1.946248001197395079e-03
4.773736042999999762e-01,1.946077464913211061e-03
4.773953934999999871e-01,1.945889392160092286e-03
4.774041089000000126e-01,1.945845765291521643e-03
4.774084665000000172e-01,1.945795585622753362e-03
4.774302541000000066e-01,1.945609585520846705e-03
4.774433262000000178e-01,1.945517834315031247e-03
4.774607550000000145e-01,1.945366856517938845e-03
4.774738263000000149e-01,1.945259900319292606e-03
4.774912539999999761e-01,1.945146362997640438e-03
4.774956108999999782e-01,1.945085084613125794e-03
4.774999677000000275e-01,1.945050124610242731e-03
4.775130377999999842e-01,1.944945247284909787e-03
4.775261076000000271e-01,1.944840377537022675e-03
4.775304642000000044e-01,1.944805423596998595e-03
4.775478899000000221e-01,1.944672484592747811e-03
4.776045190000000051e-01,1.944222424236474516e-03
4.776132304999999856e-01,1.944154579480705195e-03
4.776175863000000077e-01,1.944106489896364927e-03
4.776524307000000191e-01,1.943827004804311864e-03
4.776698518999999976e-01,1.943687279757351548e-03
4.776829174000000178e-01,1.943582683538294881e-03
4.776872724999999820e-01,1.943573860357490852e-03
4.777046925000000277e-01,1.943407871600582801e-03
4.777090473999999753e-01,1.943372947759881711e-03
4.777351758999999753e-01,1.943167540636474159e-03
4.777438850999999875e-01,1.943093594686866928e-03
4.777700116999999969e-01,1.942910393573581661e-03
4.778091990000000178e-01,1.942575496411241311e-03
4.778266145000000242e-01,1.942430334573841703e-03
4.778483829999999877e-01,1.942255837797719807e-03
4.778614435999999910e-01,1.942177418663592519e-03
4.778788572000000068e-01,1.942011579059897035e-03
4.778832104999999886e-01,1.941977866471930559e-03
4.778919169999999994e-01,1.941906907212592130e-03
4.779310943000000256e-01,1.941592935263715446e-03
4.779528579999999804e-01,1.941418534865421578e-03
4.779615633000000030e-01,1.941357531071123384e-03
4.780007347999999934e-01,1.941034920421360124e-03
4.780181432999999758e-01,1.940897502012272268e-03
4.780224954000000248e-01,1.940871675131608217e-03
4.780311992999999871e-01,1.940790853668026639e-03
4.780355512000000195e-01,1.940755990053528481e-03
4.780486067999999977e-01,1.940651402555770670e-03
4.780703652000000137e-01,1.940481513653095295e-03
4.780834197000000119e-01,1.940372541406730966e-03
4.781225813000000158e-01,1.940058880302653185e-03
4.781269323999999821e-01,1.940024034853152961e-03
4.781399854000000227e-01,1.939919495273883122e-03
4.781530379999999747e-01,1.939814967793921383e-03
4.781747916999999903e-01,1.939640766869136839e-03
4.781878433999999789e-01,1.939562480940237648e-03
4.782269963999999929e-01,1.939223060069754844e-03
4.782313464999999875e-01,1.939187938120634979e-03
4.782443967000000185e-01,1.939088996415860248e-03
4.782791954000000234e-01,1.938804876431701437e-03
4.782965938000000028e-01,1.938665606455690143e-03
4.783096421999999959e-01,1.938563210837072762e-03
4.783139915999999880e-01,1.938539450729879175e-03
4.784009708999999999e-01,1.937830244090416043e-03
4.784357582000000053e-01,1.937551887033479468e-03
4.784401065000000175e-01,1.937517096943370144e-03
4.784488028000000170e-01,1.937460614256296442e-03
4.784661950999999913e-01,1.937308557189148985e-03
4.784705430000000259e-01,1.937273584185981046e-03
4.784748909000000050e-01,1.937249867135149321e-03
4.784879344999999895e-01,1.937134452184762368e-03
4.785183680000000273e-01,1.936891000370467375e-03
4.785792292000000114e-01,1.936404502605959315e-03
4.785922698000000253e-01,1.936306459735954002e-03
4.786096569000000134e-01,1.936164965242458211e-03
4.786444289999999824e-01,1.935882818687291451e-03
4.786487752999999956e-01,1.935848063587520228e-03
4.786574679000000221e-01,1.935778560762584999e-03
4.786618141000000271e-01,1.935743809657676810e-03
4.787096200000000024e-01,1.935361603528278594e-03
4.787139657000000215e-01,1.935337915140751021e-03
4.787270027000000150e-01,1.935222641007895532e-03
4.787443847999999780e-01,1.935096770341230990e-03
4.787530756999999748e-01,1.935014223487282808e-03
4.787834923000000020e-01,1.934771106869699999e-03
4.788008724000000216e-01,1.934632198550329538e-03
4.788225965999999834e-01,1.934458582451214657e-03
4.788703863000000061e-01,1.934076879217104354e-03
4.788834190999999851e-01,1.933972558982720953e-03
4.788921073999999889e-01,1.933903138137719633e-03
4.789051395000000211e-01,1.933825145826976923e-03
4.789181712999999729e-01,1.933695920301982439e-03
4.789355464999999756e-01,1.933556086912807800e-03
4.789398901999999958e-01,1.933521973858238303e-03
4.789572645999999878e-01,1.933382591407598440e-03
4.789616080999999914e-01,1.933350655338213946e-03
4.789746383999999857e-01,1.933243810053592634e-03
4.790224129999999803e-01,1.932862222673338570e-03
4.790267558999999897e-01,1.932827536194372999e-03
4.790745252999999981e-01,1.932472160395726397e-03
4.791005792999999957e-01,1.932238010211633590e-03
4.791353158000000168e-01,1.931960662118442033e-03
4.791439994999999730e-01,1.931891333145611392e-03
4.791960986000000089e-01,1.931475427033558460e-03
4.792047811999999851e-01,1.931406118660992585e-03
4.792178048999999884e-01,1.931307676413588281e-03
4.792351691999999774e-01,1.931165609693809423e-03
4.792525328999999723e-01,1.931051071262892323e-03
4.792698959000000203e-01,1.930886416702480828e-03
4.792829177999999857e-01,1.930782589197562078e-03
4.792872584000000269e-01,1.930747857443815404e-03
4.793089604999999920e-01,1.930575264135403132e-03
4.793219812999999774e-01,1.930470778097605547e-03
4.793393418999999933e-01,1.930332257413558666e-03
4.793740610000000180e-01,1.930074195566959918e-03
4.793784007999999930e-01,1.930049042463186483e-03
4.793914196999999877e-01,1.929973586224606593e-03
4.794087777000000106e-01,1.929778299737878230e-03
4.794131171000000080e-01,1.929800493707659352e-03
4.794391526999999820e-01,1.929549039073965655e-03
4.794434919000000184e-01,1.929529796781258733e-03
4.794782034999999776e-01,1.929224542264949523e-03
4.794825422999999809e-01,1.929198415099619849e-03
4.795302663000000076e-01,1.928837743966937187e-03
4.795606336000000081e-01,1.928569252167565895e-03
4.795866611999999862e-01,1.928388075943330464e-03
4.796343747999999851e-01,1.927992335271881338e-03
4.796517240000000015e-01,1.927869390477474814e-03
4.796864205999999964e-01,1.927565635171551864e-03
4.797037679999999749e-01,1.927426299163975155e-03
4.797211147000000064e-01,1.927287960445192095e-03
4.797254511999999860e-01,1.927310119563898283e-03
4.797514699000000049e-01,1.927046060460574665e-03
4.797558062000000234e-01,1.927022500720984664e-03
4.797688149000000069e-01,1.926907847655678560e-03
4.797904953000000083e-01,1.926735100086933048e-03
4.798078387999999972e-01,1.926615813862889636e-03
4.798381885999999930e-01,1.926368127183541610e-03
4.798425241000000008e-01,1.926320584195077758e-03
4.798555304000000077e-01,1.926216972078359990e-03
4.798598658000000072e-01,1.926182436425107232e-03
4.798945472999999740e-01,1.925908213841179186e-03
4.798988822999999959e-01,1.925928320479849184e-03
4.799075521999999761e-01,1.925802595470535407e-03
4.799335610000000085e-01,1.925595450577516268e-03
4.799465648999999834e-01,1.925491886736338965e-03
4.799595683999999807e-01,1.925388332384454478e-03
4.799769058999999727e-01,1.925250269547701312e-03
4.799942427000000178e-01,1.925112217690955630e-03
4.799985768000000208e-01,1.925106028277424452e-03
4.800029109000000238e-01,1.925043197977681537e-03
4.800159129000000080e-01,1.924939671261710790e-03
4.800289145000000146e-01,1.924836155209429375e-03
4.800375821000000265e-01,1.924778126644174133e-03
4.800505830999999834e-01,1.924689620865066434e-03
4.800722506999999806e-01,1.924491727149242690e-03
4.801025837999999824e-01,1.924249683942084880e-03
4.801069169000000136e-01,1.924271801803527186e-03
4.801329148999999852e-01,1.924008322345996088e-03
4.801415806000000064e-01,1.923939288215940858e-03
4.802109003999999737e-01,1.923387633652130909e-03
4.802238966999999858e-01,1.923312507806609417e-03
4.802368926999999732e-01,1.923184873468226658e-03
4.802715470000000209e-01,1.922913746145214027e-03
4.803105301000000216e-01,1.922594973394012655e-03
4.803278549000000175e-01,1.922459903323279085e-03
4.803451790000000110e-01,1.922319363580018764e-03
4.803495099999999796e-01,1.922303762143679103e-03
4.803754948000000247e-01,1.922078242393566181e-03
4.803798255000000239e-01,1.922043802103500388e-03
4.804144694999999965e-01,1.921768288290260501e-03
4.804187998000000182e-01,1.921733851203376786e-03
4.804317905000000111e-01,1.921630552394584844e-03
4.804534408999999728e-01,1.921458397455655430e-03
4.804664307000000023e-01,1.921355695857408178e-03
4.804837498999999790e-01,1.921245664218146441e-03
4.805010684000000087e-01,1.921092686661649961e-03
4.805313743999999887e-01,1.920838800155580265e-03
4.805573494000000001e-01,1.920632322812708013e-03
4.805703364000000199e-01,1.920529281767854304e-03
4.805833230000000067e-01,1.920425877218691043e-03
4.805876518000000153e-01,1.920392483808304983e-03
4.806006380000000244e-01,1.920288260221379630e-03
4.806266091999999990e-01,1.920115562021269600e-03
4.806742196000000078e-01,1.919703525257668341e-03
4.806915312000000218e-01,1.919565975201111083e-03
4.806958591000000114e-01,1.919531587719094023e-03
4.807391350999999924e-01,1.919200715823041713e-03
4.807434624999999961e-01,1.919153393595217014e-03
4.807650989000000208e-01,1.918981516273172592e-03
4.807780803000000214e-01,1.918906609369365468e-03
4.807953882000000068e-01,1.918740921924343883e-03
4.808126954999999980e-01,1.918603458287383148e-03
4.808343287999999882e-01,1.918431643308857746e-03
4.808473082999999981e-01,1.918328562165482094e-03
4.808689400000000225e-01,1.918157361045377601e-03
4.808992228000000257e-01,1.917916315104690583e-03
4.809295035999999746e-01,1.917675887419626477e-03
4.809338293000000042e-01,1.917647011104597031e-03
4.809381549999999783e-01,1.917663576029272898e-03
4.809468061000000128e-01,1.917540543117543040e-03
4.809511316000000258e-01,1.917504180330742740e-03
4.809641080000000013e-01,1.917401163084839254e-03
4.809857343999999757e-01,1.917242412462623075e-03
4.810073598999999867e-01,1.917057824122430244e-03
4.810160097999999773e-01,1.916989349193781982e-03
4.810376339999999917e-01,1.916817532017993158e-03
4.810765549000000085e-01,1.916508641090754412e-03
4.810895278999999802e-01,1.916405692339482551e-03
4.811025004999999743e-01,1.916302748756176788e-03
4.811068245999999826e-01,1.916279700746248036e-03
4.811414162000000050e-01,1.915993962805304400e-03
4.811457399999999884e-01,1.915959655708432277e-03
4.812235612999999912e-01,1.915342282811701357e-03
4.812408531999999850e-01,1.915230950183429738e-03
4.812494989000000167e-01,1.915142005115507296e-03
4.812624671999999881e-01,1.915033691859879946e-03
4.812797576999999771e-01,1.914897140111409060e-03
4.812840802000000195e-01,1.914890415185613358e-03
4.813143368999999727e-01,1.914626371211617870e-03
4.813489134999999752e-01,1.914348153502017265e-03
4.813618792000000091e-01,1.914245348872222960e-03
4.813791660999999777e-01,1.914108289040235408e-03
4.813878093000000247e-01,1.914039762213266003e-03
4.814137380999999882e-01,1.913949767838462376e-03
4.814180593999999869e-01,1.913915508060591618e-03
4.814310231999999745e-01,1.913735696584616770e-03
4.814526286999999960e-01,1.913554800483323543e-03
4.814699123000000247e-01,1.913403020677169114e-03
4.814828747000000075e-01,1.913401703719863102e-03
4.814915161000000166e-01,1.913217690516462845e-03
4.815044777999999970e-01,1.913140753828572287e-03
4.815217596999999961e-01,1.913093504190927548e-03
4.815606414999999974e-01,1.912669887561805823e-03
4.815692815000000016e-01,1.912716900465362933e-03
4.815736013999999954e-01,1.912578092656718300e-03
4.815952004999999869e-01,1.912396059826816045e-03
4.816254374999999754e-01,1.912214222991026873e-03
4.816643110000000116e-01,1.911876636143346186e-03
4.816772681000000000e-01,1.911745918206466874e-03
4.816902249000000191e-01,1.911673147896898522e-03
4.816988624999999913e-01,1.911576031142835390e-03
4.817075000000000107e-01,1.911506461241320193e-03
4.817463669000000004e-01,1.911198643846520606e-03
4.817636399999999930e-01,1.911100310313679695e-03
4.817679582000000127e-01,1.911027662752313788e-03
4.817765943999999800e-01,1.910972152628926573e-03
4.817809124999999915e-01,1.910925081083825802e-03
4.818025022999999907e-01,1.910754130406740929e-03
4.818327264000000221e-01,1.910514829622927306e-03
4.818456789000000184e-01,1.910441111016681660e-03
4.818672657999999998e-01,1.910269442589273203e-03
4.818715831000000005e-01,1.910207212712676387e-03
4.818845346000000252e-01,1.910104685427684371e-03
4.818974858000000250e-01,1.910002168528979671e-03
4.819018028000000009e-01,1.909967997156683658e-03
4.819061197999999768e-01,1.909939266307885720e-03
4.819190703999999825e-01,1.909831318933616568e-03
4.819320206000000106e-01,1.909729004083066768e-03
4.819363373000000172e-01,1.909809915280561354e-03
4.819838182000000248e-01,1.909318889847715821e-03
4.819881343999999901e-01,1.909284733753047062e-03
4.820097148999999970e-01,1.909113967431282912e-03
4.820226628000000013e-01,1.909011513379865917e-03
4.820356102000000198e-01,1.908966671713713953e-03
4.820571886000000195e-01,1.908744774507608417e-03
4.820744505999999818e-01,1.908605801548851665e-03
4.820787659999999919e-01,1.908586321868008685e-03
4.821262329000000069e-01,1.908192729093540927e-03
4.821434923999999844e-01,1.908113203701794491e-03
4.821736951000000215e-01,1.907816756409683482e-03
4.821909529000000250e-01,1.907680273808414449e-03
4.822168385000000224e-01,1.907475569097949594e-03
4.822297806999999992e-01,1.907373228386035745e-03
4.822470366000000119e-01,1.907247643587500936e-03
4.822599779999999781e-01,1.907191995266164977e-03
4.822815462999999747e-01,1.906963931885891170e-03
4.822988002999999968e-01,1.906883512982962591e-03
4.823203669000000193e-01,1.906657034527445109e-03
4.823289933000000085e-01,1.906588842673144881e-03
4.823462454999999927e-01,1.906465309852555055e-03
4.823850608999999956e-01,1.906260670518668265e-03
4.823893734999999960e-01,1.906111585304967083e-03
4.824023110999999808e-01,1.906009399042759732e-03
4.824368097999999772e-01,1.905736706852996813e-03
4.824669940999999906e-01,1.905500202685760829e-03
4.825057997000000154e-01,1.905191590850942480e-03
4.825187342000000212e-01,1.905146863040652538e-03
4.825230456999999862e-01,1.905055340529520497e-03
4.825273569999999901e-01,1.905049242851682796e-03
4.825618468000000272e-01,1.904749980641492991e-03
4.825920233000000059e-01,1.904510470396442818e-03
4.825963340000000157e-01,1.904479132823600363e-03
4.826221977999999857e-01,1.904272149784577576e-03
4.826308188000000277e-01,1.904204067241821322e-03
4.826437499999999825e-01,1.904108357245754522e-03
4.826609909999999837e-01,1.904023214650516025e-03
4.826739212999999751e-01,1.903863689583919043e-03
4.826782313999999907e-01,1.903829657925784060e-03
4.826997809999999944e-01,1.903659502025686900e-03
4.827127103000000141e-01,1.903557416333946000e-03
4.827342584000000048e-01,1.903387291423286418e-03
4.827601147999999731e-01,1.903183165225605248e-03
4.827644240999999781e-01,1.903205004180088828e-03
4.827945879000000162e-01,1.902911042467472216e-03
4.828032058000000237e-01,1.902843018382107450e-03
4.828118235000000147e-01,1.902832374339113227e-03
4.828376757999999769e-01,1.902570955681405886e-03
4.828678350999999758e-01,1.902334944404392462e-03
4.828807599000000117e-01,1.902231128383847277e-03
4.829023004999999924e-01,1.902060967141106255e-03
4.829496864000000222e-01,1.901712692293360939e-03
4.829539938999999893e-01,1.901663923592068111e-03
4.829712239000000240e-01,1.901574501754048092e-03
4.829884532000000008e-01,1.901381252672026262e-03
4.830056818999999835e-01,1.901245921688916787e-03
4.830099889999999729e-01,1.901229967887224951e-03
4.830444441999999783e-01,1.900939601973040353e-03
4.830702840000000164e-01,1.900735805714753347e-03
4.830745905000000118e-01,1.900701843649337539e-03
4.831262655999999933e-01,1.900294342958444484e-03
4.831391835000000134e-01,1.900307045346926469e-03
4.831607124999999781e-01,1.900022735377179198e-03
4.831736294999999792e-01,1.899920897695459672e-03
4.831779351000000111e-01,1.899886951785576721e-03
4.832123783000000228e-01,1.899615420503208757e-03
4.832166835999999743e-01,1.899581480486526230e-03
4.832252939000000191e-01,1.899513608163908365e-03
4.832295991000000179e-01,1.899479671019915121e-03
4.832640386000000010e-01,1.899228531555510529e-03
4.832769529000000008e-01,1.899110426030512595e-03
4.832812575000000055e-01,1.899072499896071716e-03
4.832941713000000195e-01,1.898970724804289979e-03
4.833156934000000238e-01,1.898858342799938622e-03
4.833199977000000036e-01,1.898777993733143663e-03
4.833458227999999912e-01,1.898563688708333232e-03
4.833673426999999800e-01,1.898394306694328650e-03
4.833845579000000114e-01,1.898258485410940066e-03
4.834232897999999889e-01,1.897953341378642335e-03
4.834534125000000127e-01,1.897940280702603609e-03
4.834577156000000042e-01,1.897738500271014660e-03
4.834706246000000096e-01,1.897636526872601391e-03
4.834921388999999792e-01,1.897635203639301766e-03
4.835007443000000071e-01,1.897381360063157092e-03
4.835222572999999802e-01,1.897229851895683396e-03
4.835265597999999776e-01,1.897167751741961166e-03
4.835609781999999912e-01,1.897092996359722337e-03
4.835738844999999952e-01,1.896767264427635545e-03
4.835867904000000217e-01,1.896674149858146828e-03
4.836082995000000051e-01,1.896608316256356321e-03
4.836255060999999911e-01,1.896360819736974410e-03
4.836642187999999898e-01,1.896280049947867644e-03
4.836943264999999936e-01,1.895840570839792951e-03
4.837072291999999774e-01,1.895717513126152134e-03
4.837287329000000136e-01,1.895660223355685042e-03
4.837459352999999851e-01,1.895412881182684294e-03
4.837674372999999917e-01,1.895243669742133945e-03
4.837975386000000211e-01,1.895062369669838886e-03
4.838018385999999782e-01,1.895047580006752009e-03
4.838319376999999921e-01,1.894736147479513357e-03
4.838448368000000110e-01,1.894634661803155755e-03
4.838620349000000154e-01,1.894499452471628100e-03
4.838835317999999885e-01,1.894553989987349252e-03
4.838964295000000027e-01,1.894342916241923292e-03
4.839179249000000183e-01,1.894068589589903429e-03
4.839523153999999994e-01,1.893789226167453361e-03
4.839738082999999746e-01,1.893676104870366467e-03
4.839867036000000122e-01,1.893518788015934257e-03
4.840382811999999757e-01,1.893113218385504212e-03
4.840726631999999752e-01,1.893066424396008026e-03
4.840769608000000113e-01,1.892842236962274504e-03
4.841070427999999981e-01,1.892629630038103992e-03
4.841199345000000154e-01,1.892475274183291539e-03
4.841586076000000127e-01,1.892167317380384932e-03
4.841800913000000040e-01,1.892110168803080254e-03
4.841886845000000217e-01,1.891930931980197444e-03
4.842574248000000026e-01,1.891403487317060888e-03
4.842746083000000201e-01,1.891255757542781649e-03
4.842831998000000082e-01,1.891188257731443636e-03
4.842960868999999779e-01,1.891198646774304003e-03
4.843132689999999907e-01,1.890952028413019981e-03
4.843261551999999970e-01,1.890907734832597380e-03
4.843476314999999865e-01,1.890682097478419083e-03
4.843648119000000252e-01,1.890574942692524203e-03
4.843776967000000266e-01,1.890445946793745764e-03
4.843862863999999768e-01,1.890379623754640144e-03
4.844163491999999849e-01,1.890142378976416692e-03
4.844206436999999865e-01,1.890220217839688093e-03
4.844507043999999873e-01,1.889872591790524477e-03
4.844549986000000197e-01,1.889838873121335453e-03
4.844678810999999974e-01,1.889740402538020924e-03
4.844893511000000208e-01,1.889569140216253119e-03
4.845194073999999906e-01,1.889333164740004175e-03
4.845365817000000241e-01,1.889198339306184631e-03
4.845537552999999997e-01,1.889120307432028394e-03
4.845580486000000131e-01,1.889029823411437310e-03
4.845709282999999812e-01,1.888928721853932752e-03
4.846052726000000255e-01,1.888684545292262798e-03
4.846524918999999820e-01,1.888288576881837991e-03
4.846610767000000264e-01,1.888239649026529242e-03
4.846739536999999931e-01,1.888120160148805101e-03
4.846868302999999822e-01,1.888019122874017280e-03
4.846911224000000074e-01,1.887985443524788304e-03
4.846954144999999770e-01,1.888174583795056843e-03
4.847211663000000059e-01,1.887749716755917403e-03
4.847297499000000065e-01,1.887682373227933920e-03
4.847597913999999730e-01,1.887446690506089245e-03
4.847769571000000166e-01,1.887312035592165213e-03
4.847898310000000044e-01,1.887267852906821105e-03
4.848284507000000243e-01,1.886908133976146875e-03
4.848456139000000276e-01,1.886996172539006245e-03
4.848627765999999895e-01,1.886640066517486806e-03
4.848670672000000015e-01,1.886607959167039194e-03
4.848756482000000090e-01,1.886538032414054183e-03
4.848799387000000127e-01,1.886504342364168484e-03
4.849142610000000131e-01,1.886235206314825245e-03
4.849614501999999772e-01,1.885877899645738978e-03
4.849657399999999785e-01,1.885859215158973033e-03
4.849957668000000055e-01,1.885600171181927220e-03
4.850043455999999975e-01,1.885640193056619578e-03
4.850172133999999802e-01,1.885428094091541173e-03
4.850343699999999925e-01,1.885350347948461106e-03
4.850386590999999914e-01,1.885259998893754627e-03
4.850729702000000088e-01,1.884991088254486325e-03
4.850858362000000090e-01,1.884890257734651506e-03
4.850987018999999845e-01,1.884789433516090426e-03
4.851072787999999858e-01,1.884722222248269401e-03
4.851716010000000079e-01,1.884440513526007338e-03
4.851758889000000186e-01,1.884184640523641407e-03
4.852016150999999833e-01,1.883983096979363874e-03
4.852101902000000022e-01,1.883915922692868620e-03
4.852402020000000094e-01,1.883680831637343399e-03
4.852744988000000093e-01,1.883417550852064777e-03
4.852787856999999927e-01,1.883433777840703418e-03
4.852873595000000151e-01,1.883424799305410567e-03
4.852916462999999903e-01,1.883277906681120849e-03
4.853259395000000254e-01,1.883021999120057651e-03
4.853387988000000264e-01,1.882908652308393910e-03
4.853473715000000133e-01,1.882897330467638410e-03
4.853559440999999919e-01,1.882774401485724693e-03
4.853816608000000032e-01,1.882573046168387054e-03
4.853945185999999912e-01,1.882472470417568882e-03
4.854245188999999905e-01,1.882237517009900532e-03
4.854288044999999774e-01,1.882203967042673197e-03
4.854459466000000112e-01,1.882073735269002316e-03
4.854802288999999771e-01,1.881801439105752413e-03
4.854930841000000274e-01,1.881840041148115155e-03
4.854973691000000202e-01,1.881876109114149131e-03
4.855102238999999820e-01,1.881775489223610435e-03
4.855316478000000213e-01,1.881718739974751501e-03
4.855445017000000196e-01,1.881298428788060612e-03
4.855487862000000265e-01,1.881321486619061487e-03
4.855616395999999835e-01,1.881373076540135544e-03
4.855873454999999894e-01,1.880963182818422763e-03
4.856001978999999746e-01,1.881098867715776503e-03
4.856344691999999741e-01,1.880594499868978213e-03
4.856473204000000266e-01,1.880598297011418099e-03
4.856516040000000145e-01,1.880460454729779686e-03
4.856901551000000206e-01,1.880164236444275975e-03
4.856987215999999941e-01,1.880117147128747713e-03
4.857030048000000044e-01,1.880266998015971960e-03
4.857244202000000066e-01,1.880112556262393759e-03
4.857372689000000188e-01,1.879790412500334561e-03
4.857672480999999931e-01,1.879973040926812564e-03
4.857715307000000093e-01,1.879522479854114133e-03
4.857886605999999774e-01,1.879388531252544625e-03
4.858186366000000200e-01,1.879210659210357173e-03
4.858400467999999806e-01,1.879126109741494381e-03
4.858871461000000003e-01,1.878618563064276712e-03
4.858914276999999893e-01,1.878585092771157400e-03
4.859042720000000259e-01,1.878486667613878417e-03
4.859213973000000020e-01,1.878559300557476174e-03
4.859256785000000134e-01,1.878372733815177791e-03
4.859299597000000248e-01,1.878311400254770430e-03
4.859984534999999828e-01,1.877748636803398471e-03
4.860112951000000181e-01,1.877856569961848781e-03
4.860455375000000133e-01,1.877380744160389234e-03
4.860797774000000238e-01,1.877138445291032113e-03
4.860968964999999864e-01,1.877007723316820699e-03
4.861011761999999847e-01,1.876946079165033249e-03
4.861097354999999731e-01,1.877295560712741174e-03
4.861140150000000104e-01,1.876851113857925819e-03
4.861354123000000138e-01,1.876789250554444181e-03
4.861482502000000205e-01,1.876578382430696759e-03
4.861995983999999882e-01,1.876177364327993695e-03
4.862167132999999919e-01,1.876459829952325641e-03
4.862381060000000033e-01,1.875876669000116218e-03
4.862509412000000086e-01,1.875776451069423355e-03
4.862680542999999744e-01,1.875661129801645599e-03
4.863065563999999785e-01,1.875342251650294247e-03
4.863151121000000021e-01,1.875275463450313965e-03
4.863322228999999997e-01,1.875349830329807628e-03
4.863407779999999736e-01,1.875075679988301696e-03
4.863536104999999776e-01,1.875085424294397436e-03
4.863707199999999786e-01,1.874843378027478630e-03
4.863835517000000275e-01,1.874797604991524855e-03
4.863878287999999772e-01,1.874707878019659128e-03
4.864049369999999817e-01,1.874574360716959502e-03
4.864092139999999787e-01,1.874540982131016114e-03
4.864348749999999888e-01,1.874340732939338509e-03
4.864434283999999886e-01,1.874273988489028996e-03
4.864562581999999913e-01,1.874277826546352126e-03
4.864690876000000164e-01,1.874098929046300868e-03
4.864733640000000192e-01,1.874040410262583665e-03
4.865204019000000102e-01,1.873673426555311217e-03
4.865460570999999845e-01,1.873478607494719061e-03
4.865588840999999776e-01,1.873373238503472623e-03
4.865759863999999935e-01,1.873239840548123576e-03
4.865802618000000246e-01,1.873316838015726344e-03
4.865888125999999758e-01,1.873278240421372620e-03
4.866144641999999854e-01,1.872967125388657695e-03
4.866272893999999960e-01,1.872839715720563169e-03
4.866401143999999901e-01,1.872739701919190957e-03
4.866785871000000041e-01,1.872552220655703112e-03
4.867127824999999963e-01,1.872173081744658114e-03
4.867170567999999919e-01,1.872139756283026533e-03
4.867298793000000012e-01,1.872178131978780935e-03
4.867640711999999814e-01,1.871773241810431674e-03
4.868153544000000110e-01,1.871446988170552897e-03
4.868196277999999877e-01,1.871340204846573497e-03
4.868324475999999956e-01,1.871240292959812151e-03
4.868452670999999787e-01,1.871142349890731740e-03
4.868495401999999861e-01,1.871108212464293570e-03
4.868666321999999824e-01,1.870986440344437392e-03
4.868794508000000021e-01,1.871288710503480300e-03
4.869563553999999850e-01,1.870274804217841522e-03
4.869691716999999809e-01,1.870229642101430782e-03
4.869819875999999992e-01,1.870131301386013288e-03
4.869862595000000183e-01,1.870052452694106028e-03
4.869990750000000035e-01,1.869942202575393397e-03
4.870375192999999991e-01,1.869746177135021966e-03
4.870588759999999739e-01,1.869586331087403708e-03
4.871229403999999819e-01,1.868977376080763501e-03
4.871272110000000044e-01,1.868944125303573928e-03
4.871357523000000023e-01,1.868877621404288827e-03
4.871528341999999956e-01,1.868744624429181629e-03
4.871571046000000016e-01,1.868711377173149814e-03
4.871613750000000076e-01,1.868678131465376481e-03
4.871741857999999925e-01,1.868578396430957802e-03
4.871912663999999893e-01,1.868445425136798640e-03
4.871955365000000260e-01,1.868412185340547664e-03
4.872040765000000273e-01,1.868552717992154766e-03
4.872254259000000087e-01,1.868179521296563835e-03
4.872723911999999880e-01,1.867826505582399462e-03
4.872937375999999987e-01,1.867675896788693933e-03
4.873108139999999810e-01,1.867624904291119003e-03
4.873278898000000248e-01,1.867386011834869632e-03
4.873321587000000177e-01,1.867403454944468284e-03
4.873449650000000188e-01,1.867249230094669525e-03
4.873663081999999869e-01,1.867084292844754930e-03
4.873791136999999773e-01,1.867190366708271080e-03
4.873961870999999890e-01,1.866850711142555193e-03
4.874260642000000088e-01,1.866618292505498348e-03
4.874303321999999827e-01,1.866585093262177310e-03
4.874346002000000122e-01,1.866562471810881592e-03
4.875327529999999854e-01,1.866537991493995990e-03
4.875370200999999959e-01,1.866055119650577134e-03
4.875455541000000004e-01,1.865688977818329673e-03
4.875498211000000026e-01,1.865843194144909192e-03
4.875626216999999762e-01,1.865762897986882746e-03
4.875711553000000031e-01,1.865732140226848516e-03
4.876010217000000257e-01,1.865632311931174131e-03
4.876138210000000028e-01,1.865214194632434323e-03
4.876394184999999770e-01,1.865708271839234276e-03
4.876522167999999824e-01,1.864859722657872740e-03
4.876735466000000074e-01,1.864693926121812001e-03
4.876863439999999938e-01,1.864981399171751356e-03
4.876991410000000027e-01,1.864494995618774667e-03
4.877034066000000001e-01,1.864489081816941233e-03
4.877332649000000186e-01,1.864229795703716257e-03
4.877417955000000194e-01,1.864537841238262739e-03
4.877503259000000035e-01,1.864097216761342055e-03
4.877545911000000234e-01,1.864476934064194808e-03
4.877716514000000059e-01,1.863931504564593543e-03
4.878057700999999802e-01,1.864040620703587021e-03
4.878100348000000142e-01,1.863633271963027142e-03
4.878185641000000183e-01,1.863568310749817497e-03
4.878398864999999862e-01,1.863620635869483663e-03
4.878441508999999954e-01,1.863368229449757600e-03
4.878782646000000001e-01,1.863477304329436753e-03
4.878910565999999838e-01,1.863006788051261350e-03
4.879422213999999869e-01,1.862662388754613742e-03
4.879550116999999965e-01,1.862713379530668394e-03
4.879592750999999784e-01,1.863221889705955802e-03
4.880061696999999921e-01,1.862109910158660708e-03
4.880232212000000236e-01,1.861977518922500576e-03
4.880445346999999767e-01,1.861812045428217844e-03
4.880487973000000035e-01,1.862526448324392566e-03
4.880615849000000117e-01,1.861679679045893715e-03
4.880743720999999868e-01,1.861580413697290015e-03
4.880786343999999888e-01,1.861547325548341177e-03
4.880828966999999907e-01,1.861527831653228895e-03
4.881084696999999917e-01,1.861328296204801122e-03
4.881169937000000014e-01,1.861468542015405018e-03
4.881468266999999805e-01,1.861204807973244283e-03
4.881638731999999870e-01,1.861297732192668947e-03
4.882277925999999879e-01,1.860389733228892369e-03
4.882533580000000262e-01,1.860378056587987322e-03
4.882789220000000041e-01,1.860104660470193738e-03
4.882874430999999960e-01,1.859926946873727022e-03
4.883002243999999825e-01,1.859827799126264605e-03
4.883172655999999945e-01,1.859696584409032761e-03
4.883513461999999805e-01,1.859431267691789673e-03
4.883556061000000059e-01,1.859408758156559345e-03
4.883683856000000101e-01,1.859672250727407517e-03
4.883811647999999894e-01,1.859405778629152862e-03
4.883896840999999989e-01,1.859133940826782376e-03
4.884024626999999841e-01,1.859107727075350047e-03
4.884195003999999840e-01,1.858902726655915945e-03
4.884237597000000153e-01,1.858870258096799238e-03
4.884578328999999997e-01,1.858605503849185183e-03
4.884706097000000025e-01,1.858533573896283680e-03
4.884919037000000075e-01,1.858714257009062279e-03
4.885046796999999996e-01,1.858242311729777808e-03
4.885387472000000120e-01,1.858003121232215020e-03
4.885685544000000213e-01,1.857747197785493366e-03
4.885941019000000218e-01,1.857549196289654892e-03
4.886068752000000126e-01,1.857861273754783096e-03
4.886239057000000274e-01,1.857746585158460712e-03
4.886537076999999951e-01,1.857087298455547706e-03
4.886749937000000044e-01,1.856922548864625190e-03
4.886962787999999946e-01,1.856975784577482051e-03
4.887090493999999841e-01,1.856658524911728413e-03
4.887260762999999786e-01,1.856526617630973328e-03
4.887643848000000069e-01,1.856602253639367704e-03
4.887771536000000139e-01,1.856130971737773253e-03
4.887899220999999961e-01,1.856032076596748990e-03
4.888239697999999800e-01,1.855770332382656197e-03
4.888282255999999992e-01,1.855738930974914136e-03
4.888409926999999766e-01,1.856047136307300074e-03
4.888452483999999876e-01,1.855603606775810092e-03
4.888665260000000234e-01,1.855492998202434374e-03
4.889133335999999996e-01,1.855448525878017774e-03
4.889643913999999758e-01,1.854682286638801528e-03
4.889686458999999985e-01,1.854648235565429983e-03
4.889771548999999884e-01,1.854605046963808982e-03
4.889814094000000111e-01,1.854549441303243989e-03
4.889984269000000050e-01,1.854526717184117436e-03
4.890154436999999965e-01,1.854286017468804526e-03
4.890282060000000208e-01,1.854187244859680037e-03
4.890324600000000022e-01,1.854154322876581593e-03
4.890452217999999851e-01,1.854055558517826892e-03
4.890707444999999876e-01,1.854229848834899712e-03
4.890835052999999988e-01,1.853964344113616554e-03
4.890962657999999852e-01,1.853660573685645893e-03
4.891047726000000151e-01,1.853594752772959927e-03
4.891132792999999812e-01,1.853528935642669148e-03
4.891175325000000074e-01,1.853496027019851900e-03
4.891515573999999922e-01,1.853232792697432230e-03
4.891728216999999823e-01,1.853068293792863985e-03
4.892068426999999775e-01,1.852805133201588551e-03
4.892195999999999767e-01,1.852706460845263831e-03
4.892366092000000055e-01,1.852946387617761953e-03
4.892493656999999940e-01,1.852476338065023711e-03
4.892706257000000170e-01,1.852365879114588765e-03
4.893088916000000177e-01,1.852129996020447644e-03
4.893344003999999803e-01,1.852228242510739172e-03
4.893386518000000240e-01,1.851814555123363097e-03
4.893854141999999796e-01,1.851424314675051376e-03
4.893896650999999820e-01,1.851391454363564976e-03
4.894109191000000081e-01,1.851598308715243129e-03
4.894236711000000128e-01,1.851134787620916126e-03
4.894534242999999951e-01,1.850898628422370691e-03
4.894576746000000034e-01,1.850865780395019805e-03
4.894789257000000116e-01,1.850701545095942728e-03
4.895129254000000207e-01,1.850439919891595786e-03
4.895426732000000003e-01,1.850208950089740493e-03
4.895724191999999975e-01,1.850411978963739006e-03
4.895766684999999785e-01,1.851244821227310483e-03
4.895894161000000078e-01,1.851146254524678155e-03
4.895936652999999805e-01,1.850102642173186759e-03
4.896106613999999801e-01,1.850332843315167369e-03
4.896276569999999939e-01,1.849661055841802376e-03
4.896404033000000267e-01,1.850103005184863250e-03
4.896786402000000149e-01,1.849483091332452742e-03
4.896828885999999770e-01,1.849179751142505023e-03
4.897083779999999997e-01,1.849039772952710972e-03
4.897168741999999853e-01,1.848863364841038526e-03
4.897253702000000097e-01,1.850095286298651187e-03
4.897296180999999859e-01,1.848764953344496581e-03
4.897466095999999935e-01,1.848633753589974844e-03
4.897805907000000181e-01,1.849668544483955594e-03
4.897848382000000167e-01,1.848585548261094105e-03
4.897975803999999878e-01,1.848250669286733306e-03
4.898315580000000002e-01,1.847978094218363700e-03
4.898442989999999830e-01,1.848527935554085790e-03
4.898612864999999927e-01,1.847954597098195933e-03
4.898782734000000083e-01,1.847642054801171231e-03
4.898867666000000232e-01,1.847551780905694069e-03
4.898995060999999929e-01,1.847453459117871745e-03
4.899164917000000119e-01,1.847646438083155570e-03
4.899504611000000120e-01,1.847060239525545643e-03
4.899547070999999976e-01,1.847135937557892616e-03
4.899844280000000274e-01,1.847538265798116070e-03
4.899886737999999964e-01,1.846765392637533592e-03
4.899971651000000206e-01,1.847131785457348805e-03
4.900141472000000276e-01,1.846568861412277917e-03
4.900353740999999763e-01,1.846405105653285998e-03
4.900523549999999950e-01,1.846274112834767316e-03
4.900693352000000114e-01,1.846144242822662018e-03
4.900863148999999863e-01,1.846715019145186163e-03
4.901032940000000226e-01,1.845899146050503309e-03
4.901372504000000019e-01,1.845823258978549018e-03
4.901542277000000003e-01,1.845488407718421688e-03
4.901839365999999809e-01,1.846553795692468638e-03
4.901881806000000230e-01,1.845226598014330054e-03
4.901924245000000013e-01,1.845563538484964886e-03
4.902009123000000135e-01,1.845128431270158390e-03
4.902518357999999798e-01,1.844735831394511954e-03
4.902603226000000203e-01,1.844670409191530346e-03
4.902900251000000265e-01,1.845196612567443287e-03
4.902942680999999858e-01,1.844411353047811699e-03
4.903069970999999749e-01,1.844310636328027860e-03
4.903409394000000088e-01,1.844073700563363940e-03
4.903748793000000106e-01,1.843787484189082001e-03
4.903918483999999967e-01,1.843660584160559989e-03
4.904045747999999927e-01,1.844851669810518681e-03
4.904088168999999886e-01,1.843895231473873832e-03
4.904215429000000070e-01,1.843518468741021411e-03
4.904300267000000213e-01,1.843362562233634297e-03
4.904554771999999896e-01,1.843166485373377590e-03
4.904597189000000079e-01,1.843133806621529607e-03
4.904724435000000216e-01,1.843090965105545096e-03
4.904978918999999826e-01,1.842839748808313294e-03
4.905275799000000103e-01,1.843041805123450888e-03
4.905318209000000262e-01,1.842605260013241170e-03
4.905445437000000020e-01,1.842480420525377614e-03
4.905572662000000084e-01,1.842382439808571771e-03
4.905996719999999867e-01,1.842055876743712130e-03
4.906081527999999747e-01,1.841990573908151635e-03
4.906335941000000145e-01,1.841953834943477327e-03
4.906463141999999888e-01,1.841696743043798887e-03
4.906590341000000022e-01,1.842890126028875293e-03
4.907014310999999740e-01,1.841272423556537634e-03
4.907141494999999742e-01,1.841581178407915515e-03
4.907268676000000052e-01,1.841076627741554785e-03
4.907650197999999797e-01,1.840782980130445346e-03
4.907989303999999997e-01,1.840847204822413643e-03
4.908116462000000069e-01,1.840436458875713667e-03
4.908286002000000203e-01,1.840293697061778748e-03
4.908370770000000105e-01,1.840228473157434850e-03
4.908497918999999987e-01,1.840130639956631892e-03
4.908667445000000074e-01,1.840211935704418695e-03
4.908709826000000054e-01,1.839967600879162260e-03
4.909006481000000033e-01,1.839739374535876012e-03
4.909175989999999823e-01,1.839608975587713217e-03
4.909303118000000188e-01,1.839513109612124367e-03
4.909387868000000266e-01,1.839445996549767285e-03
4.909472617000000261e-01,1.840670208310031530e-03
4.909642109999999837e-01,1.839250442116165032e-03
4.909684482000000183e-01,1.839244640658778927e-03
4.909853967999999735e-01,1.839195391910481347e-03
4.910150553000000029e-01,1.839062427175271967e-03
4.910192921000000044e-01,1.838826919875640939e-03
4.910828395999999874e-01,1.838338203076216341e-03
4.911040202999999993e-01,1.838819542253791349e-03
4.911082562999999901e-01,1.838510725655405787e-03
4.911209642000000097e-01,1.838045103067096914e-03
4.911548501999999927e-01,1.837784620811943161e-03
4.911717923000000208e-01,1.837654395916813203e-03
4.911760278000000257e-01,1.837621841901892821e-03
4.912056747999999917e-01,1.837394534477854993e-03
4.912691981999999791e-01,1.837255128046995844e-03
4.912861364000000175e-01,1.836775685480542680e-03
4.912903708999999952e-01,1.836755423823617939e-03
4.913115425999999841e-01,1.836585674038344407e-03
4.913242452000000093e-01,1.836888285228127204e-03
4.913369475000000097e-01,1.836385317435014312e-03
4.913454154999999934e-01,1.836535652312884081e-03
4.913581171999999997e-01,1.836590149754356192e-03
4.913708185999999811e-01,1.836125128898772165e-03
4.914131541999999797e-01,1.835853416275715641e-03
4.914427868999999838e-01,1.836858498319490730e-03
4.914470200000000122e-01,1.835539876465622049e-03
4.914766507000000173e-01,1.835316177646510380e-03
4.915105122000000271e-01,1.835052342419065535e-03
4.915274420999999894e-01,1.834922362302073874e-03
4.915486036000000225e-01,1.834759900398125242e-03
4.915570678999999776e-01,1.834694921496888122e-03
4.915782282000000225e-01,1.834532488974438460e-03
4.916120825999999999e-01,1.834997818243059567e-03
4.916163143000000235e-01,1.835694878669764029e-03
4.916247774999999987e-01,1.834817737598126329e-03
4.916290090000000057e-01,1.835230405957944755e-03
4.916417034000000186e-01,1.834247655552139703e-03
4.916501661000000079e-01,1.834524128990158535e-03
4.916797846000000027e-01,1.834324175649625728e-03
4.917136321000000199e-01,1.833600822936971072e-03
4.917178629000000245e-01,1.834548059537694301e-03
4.917305550000000136e-01,1.833363490483713287e-03
4.917517076999999848e-01,1.833201202817605607e-03
4.917643989000000104e-01,1.834190767459502498e-03
4.917770898000000113e-01,1.833018724755500033e-03
4.917855502999999850e-01,1.832942682341152279e-03
4.918151606000000231e-01,1.833998101623970402e-03
4.918193905000000088e-01,1.833768626253890269e-03
4.918278501000000191e-01,1.832617118872996009e-03
4.918320798999999965e-01,1.832589850371864207e-03
4.918532283000000005e-01,1.832422478042727365e-03
4.918659168999999776e-01,1.832351833588066053e-03
4.918828345999999851e-01,1.832921793099020428e-03
4.918955224000000070e-01,1.832098131372709472e-03
4.919166681000000096e-01,1.831935986169621472e-03
4.919208970999999764e-01,1.831903558309578867e-03
4.919547280000000078e-01,1.832730027496382204e-03
4.919674139999999918e-01,1.831748933650004327e-03
4.919843280999999791e-01,1.831417238392857002e-03
4.920139264000000234e-01,1.832472681557240253e-03
4.920308389999999976e-01,1.831062621010763267e-03
4.920350669999999926e-01,1.832113710250092261e-03
4.920688899999999810e-01,1.830769065398967377e-03
4.920815731000000026e-01,1.830671864451470770e-03
4.920858007000000200e-01,1.830639463576276766e-03
4.920900281999999737e-01,1.830714349247176097e-03
4.920984833000000003e-01,1.830651727014968606e-03
4.921196201999999964e-01,1.830380298903388093e-03
4.921238474999999890e-01,1.832517731515840827e-03
4.921576643999999723e-01,1.830454741229607879e-03
4.921872522999999888e-01,1.829862103856886874e-03
4.922041589000000217e-01,1.829732586680120647e-03
4.922210649000000049e-01,1.830178028643407104e-03
4.922337439999999731e-01,1.829505954738986154e-03
4.922379702999999940e-01,1.829473755996070946e-03
4.922717793999999980e-01,1.829239045704214583e-03
4.923013605000000070e-01,1.829391430282404848e-03
4.923182630999999865e-01,1.828858630581820747e-03
4.923267142000000152e-01,1.829349103889238003e-03
4.923393905999999820e-01,1.828696843732526434e-03
4.923562919999999732e-01,1.828567428238268540e-03
4.923605172000000141e-01,1.828545393482687402e-03
4.923731927000000175e-01,1.828438572050773226e-03
4.924281161999999878e-01,1.828017539162160154e-03
4.924365654999999786e-01,1.828592631883819986e-03
4.924407900000000171e-01,1.829369075301631210e-03
4.924745851999999813e-01,1.827768911073299283e-03
4.925252735999999798e-01,1.827328509356100725e-03
4.925421684999999883e-01,1.827144611156136279e-03
4.925632864000000222e-01,1.829147921922092421e-03
4.925759566999999839e-01,1.826886065993020948e-03
4.925886266999999763e-01,1.826789125079595006e-03
4.925928500000000265e-01,1.826760627659573593e-03
4.926224116999999847e-01,1.826530642803262045e-03
4.926266347000000101e-01,1.826498337263427005e-03
4.926308576000000272e-01,1.826466030101592556e-03
4.926435262000000148e-01,1.826503332205219434e-03
4.926604171000000254e-01,1.827517977145187321e-03
4.926941972000000169e-01,1.828144965503932309e-03
4.927068640999999749e-01,1.825884640466562655e-03
4.927321969999999829e-01,1.826420633734072421e-03
4.927744156000000153e-01,1.825392406072213732e-03
4.927786371999999804e-01,1.825335764965995257e-03
4.927955234999999989e-01,1.825233188392505045e-03
4.928124092000000234e-01,1.825077541072382030e-03
4.928292942999999982e-01,1.824948446042304936e-03
4.928335154999999856e-01,1.825456646667525775e-03
4.928419578000000079e-01,1.824851634663929431e-03
4.928588419000000109e-01,1.824722733896258194e-03
4.928672836999999918e-01,1.824729264864551276e-03
4.928926083999999874e-01,1.825102715464957349e-03
4.928968289999999808e-01,1.824437329821466079e-03
4.929305929000000197e-01,1.824174122224972786e-03
4.929601344000000274e-01,1.823984679321620289e-03
4.929685744999999786e-01,1.823884950500905856e-03
4.929812344000000235e-01,1.824867232859760536e-03
4.929938938999999798e-01,1.824092304734260209e-03
4.929981137000000180e-01,1.823658135119767291e-03
4.930318706999999856e-01,1.824128822508991202e-03
4.930360900999999907e-01,1.823367971017001831e-03
4.931331275999999986e-01,1.823901667994085778e-03
4.931373461999999930e-01,1.824752983179270217e-03
4.931500017000000069e-01,1.822497832706180664e-03
4.931626570000000043e-01,1.822403086022609392e-03
4.931837483000000022e-01,1.822240115229743643e-03
4.932006206999999809e-01,1.822111270999349653e-03
4.932638870000000120e-01,1.821628214271024584e-03
4.932681045000000264e-01,1.821702655349429368e-03
4.932723218999999770e-01,1.821581471083594077e-03
4.932849739999999872e-01,1.821491529493991790e-03
4.933018430000000176e-01,1.823495117708233849e-03
4.933060600999999989e-01,1.821306268179046645e-03
4.933144943000000171e-01,1.821241887089789565e-03
4.933397959999999971e-01,1.821412489677944361e-03
4.933524463000000249e-01,1.821152799874691799e-03
4.933650962999999723e-01,1.820855660044914471e-03
4.933819624999999931e-01,1.821045270899604484e-03
4.934030444999999987e-01,1.820620421072832859e-03
4.934409896999999989e-01,1.820281643806684812e-03
4.934494215999999933e-01,1.820212177647498797e-03
4.934747163000000048e-01,1.821096554846473583e-03
4.934873631999999732e-01,1.819922761103476760e-03
4.935168714000000012e-01,1.819697598236906088e-03
4.935379475000000182e-01,1.819536828027241027e-03
4.935421627000000089e-01,1.819504676335796179e-03
4.935716674999999776e-01,1.819280180015154852e-03
4.935758823999999989e-01,1.819247488811495152e-03
4.935885266999999743e-01,1.819151055539332219e-03
4.936095998000000207e-01,1.818990348926252188e-03
4.936391005999999915e-01,1.819401203782583477e-03
4.936517433000000010e-01,1.822197524674944343e-03
4.936559575000000200e-01,1.819437784075254730e-03
4.936685996999999881e-01,1.822068691312925563e-03
4.936770276999999929e-01,1.818582615402789286e-03
4.936896693999999752e-01,1.821907665700375246e-03
4.937191655000000012e-01,1.819136887754665630e-03
4.937402329999999728e-01,1.817996251537733242e-03
4.937570863999999893e-01,1.819655607521107306e-03
4.937781522999999950e-01,1.817705324364684606e-03
4.938034302000000042e-01,1.818696002933373884e-03
4.938076430000000183e-01,1.817480562038446172e-03
4.938455572000000071e-01,1.818266936705075507e-03
4.938539820999999774e-01,1.817235912084364793e-03
4.938581945000000140e-01,1.820620104121341764e-03
4.938918927000000014e-01,1.816838579311856171e-03
4.939045288999999728e-01,1.818012197792976152e-03
4.939129528000000269e-01,1.816678127306542217e-03
4.939213766000000172e-01,1.820137563229740725e-03
4.939424356000000071e-01,1.816453524699070642e-03
4.939719164999999967e-01,1.816228956731916807e-03
4.939803393000000153e-01,1.816527332003292769e-03
4.939887620000000257e-01,1.816100649588089228e-03
4.939929733000000267e-01,1.816951707309062041e-03
4.940435058000000046e-01,1.817832126497882827e-03
4.940603487999999932e-01,1.815555464917638405e-03
4.940729806999999973e-01,1.818980120409039282e-03
4.940814017999999863e-01,1.815395155267136851e-03
4.940940330999999963e-01,1.815604994158492467e-03
4.941235051000000267e-01,1.815074762993982085e-03
4.941487653000000146e-01,1.814882285031241098e-03
4.941613948999999950e-01,1.816545757692730094e-03
4.941782338999999857e-01,1.815926060441858158e-03
4.941824436000000209e-01,1.814626462116843012e-03
4.941950723999999906e-01,1.814529791586724609e-03
4.942497933000000176e-01,1.815212720276812878e-03
4.942582113999999804e-01,1.815807990697154749e-03
4.943129252999999834e-01,1.814048947215888587e-03
4.943255508000000131e-01,1.813538758617910633e-03
4.943297591999999963e-01,1.813512904126748058e-03
4.943634251999999840e-01,1.816764271555614376e-03
4.943970887999999952e-01,1.812992649227115893e-03
4.944475799999999976e-01,1.812608619260791358e-03
4.944517874000000091e-01,1.812576620069015869e-03
4.944602020000000153e-01,1.813145753919251845e-03
4.944644093000000185e-01,1.814624359143418922e-03
4.944770309000000030e-01,1.813362735441511079e-03
4.944812379999999896e-01,1.812352656391183741e-03
4.945106867999999878e-01,1.812128725810226897e-03
4.945148936000000051e-01,1.812096737891626293e-03
4.945191004000000223e-01,1.812170706673927158e-03
4.945485470000000050e-01,1.811840865136696982e-03
4.945527534999999975e-01,1.811819087656199676e-03
4.945990227000000017e-01,1.814968393813470686e-03
4.946116408999999825e-01,1.811361226378595387e-03
4.946536990000000023e-01,1.811764105319683092e-03
4.946621102000000048e-01,1.810977630489951119e-03
4.946873428999999933e-01,1.811856498181152507e-03
4.947293945999999831e-01,1.811343547419271352e-03
4.947504191000000051e-01,1.810526067939119193e-03
4.947672379999999981e-01,1.810178886561898074e-03
4.947798519000000117e-01,1.810190932271466338e-03
4.948008742000000182e-01,1.809923809844100591e-03
4.948176913999999815e-01,1.809795517176960656e-03
4.948513241999999979e-01,1.809540054905470685e-03
4.948639358999999960e-01,1.809468368534823592e-03
4.948681396999999871e-01,1.811364550538874458e-03
4.948891583000000205e-01,1.809252711366877205e-03
4.949185829000000147e-01,1.809564877317665398e-03
4.949311927999999750e-01,1.808933507475795743e-03
4.949522088000000153e-01,1.808879651359178832e-03
4.949564117999999957e-01,1.808742020609377171e-03
4.950026432999999892e-01,1.808751650158074448e-03
4.950152512000000060e-01,1.810047152125200632e-03
4.950194537000000006e-01,1.808263411552662016e-03
4.950488705000000156e-01,1.809302522351834358e-03
4.950530726999999853e-01,1.808008219191798013e-03
4.950572750000000188e-01,1.807976323202463908e-03
4.950698814000000225e-01,1.807880640165455792e-03
4.950908914000000105e-01,1.807721179980648204e-03
4.951034970000000035e-01,1.807625515523225224e-03
4.951203040000000111e-01,1.807508142875211433e-03
4.951539161999999883e-01,1.807242912069144088e-03
4.951581174999999946e-01,1.808279053735232502e-03
4.951707214000000135e-01,1.808282350841762141e-03
4.952001292000000054e-01,1.806892283479684218e-03
4.952211336999999824e-01,1.806732934772245633e-03
4.952547391000000077e-01,1.806531861880551195e-03
4.952589396000000033e-01,1.806498567209410865e-03
4.952673404999999862e-01,1.806779681459374500e-03
4.952841418999999745e-01,1.806254994025227774e-03
4.953345425999999829e-01,1.809370631337145138e-03
4.953555413999999879e-01,1.806343723443282027e-03
4.953597410999999728e-01,1.806041635238943895e-03
4.953723398000000055e-01,1.805586143558980542e-03
4.953891376999999818e-01,1.805458778467638028e-03
4.953933369999999892e-01,1.805532419513342568e-03
4.954059349000000112e-01,1.806050537474522587e-03
4.954185325000000084e-01,1.805236003796162596e-03
4.954269306999999900e-01,1.805172789455170793e-03
4.954605221000000226e-01,1.804917605126728306e-03
4.954731183000000150e-01,1.804822123560167286e-03
4.954941111999999759e-01,1.804663003826362374e-03
4.955067065000000048e-01,1.806314917972056278e-03
4.955193015000000090e-01,1.804475844682737647e-03
4.955234997999999891e-01,1.804440266981101543e-03
4.955360944000000156e-01,1.804344818249055578e-03
4.955738761999999853e-01,1.804058511829529808e-03
4.956074576000000231e-01,1.803804065123351588e-03
4.956536282999999821e-01,1.803454272738717803e-03
4.956620225000000213e-01,1.804455918952476128e-03
4.956704165999999967e-01,1.803956275742493514e-03
4.956746135999999803e-01,1.803493515886752134e-03
4.956872043000000172e-01,1.806691409897004602e-03
4.956914011999999925e-01,1.808713872973742110e-03
4.956955980000000150e-01,1.804988272579781871e-03
4.957081882000000106e-01,1.808586238149861858e-03
4.957249745999999790e-01,1.803273137087885516e-03
4.957291711999999850e-01,1.805654390692569078e-03
4.957375641000000277e-01,1.802872224103042181e-03
4.957585458000000056e-01,1.805431505920991869e-03
4.957753306000000082e-01,1.802584782460367203e-03
4.957963107000000202e-01,1.807916340942253720e-03
4.958088983000000227e-01,1.802278327449081995e-03
4.958424638000000217e-01,1.803462156458909447e-03
4.958592457000000064e-01,1.801897146172077050e-03
4.958760269999999970e-01,1.805258162976486596e-03
4.958970028999999946e-01,1.804381225778264658e-03
4.959263675999999732e-01,1.802452839161945404e-03
4.959557305999999777e-01,1.801190800406882089e-03
4.959599251999999847e-01,1.806673072988668237e-03
4.959934804000000197e-01,1.802137413294529556e-03
4.960312273999999966e-01,1.803363507301906097e-03
4.960605841999999877e-01,1.800373973801946493e-03
4.960647778000000230e-01,1.800341707256326428e-03
4.960731650999999909e-01,1.802020498938126372e-03
4.960773587000000262e-01,1.800246703475811162e-03
4.960899391999999963e-01,1.800546934887524040e-03
4.960983259999999784e-01,1.800805101245611878e-03
4.961109060000000182e-01,1.805526394299248206e-03
4.961234856999999776e-01,1.799897607777449851e-03
4.961276788000000271e-01,1.799867765217549181e-03
4.961654155999999927e-01,1.799580476395792449e-03
4.961779937999999945e-01,1.799485350387580252e-03
4.961905717999999799e-01,1.799390232689740410e-03
4.961989568999999878e-01,1.801240734463395660e-03
4.962241115000000091e-01,1.799136611300108197e-03
4.962283037999999924e-01,1.799212074854670976e-03
4.962660328999999870e-01,1.798819649751598124e-03
4.962744166999999984e-01,1.798756264604959134e-03
4.962786086000000041e-01,1.799597294408346445e-03
4.962953756999999855e-01,1.804126139607310601e-03
4.962995673999999746e-01,1.798697188313322978e-03
4.963121422999999810e-01,1.798471071124354941e-03
4.963247169000000181e-01,1.798794054325558419e-03
4.963289082999999824e-01,1.798344337081810278e-03
4.963414823999999781e-01,1.798249294659654126e-03
4.963624386000000110e-01,1.798090900873721342e-03
4.963917757999999902e-01,1.797869182639581309e-03
4.964001574999999944e-01,1.800568495240558202e-03
4.964127299000000160e-01,1.797710833374745187e-03
4.964462545000000171e-01,1.797457510739177648e-03
4.964630159999999792e-01,1.797330866249447151e-03
4.964797769000000027e-01,1.798622845880896081e-03
4.964923472000000171e-01,1.798847716667057416e-03
4.965132970000000201e-01,1.797941109885343178e-03
4.965426252999999845e-01,1.796729456869463649e-03
4.965677624000000012e-01,1.796539591589346513e-03
4.966012765999999745e-01,1.796286476377208750e-03
4.966305996000000000e-01,1.796065034847889015e-03
4.966347884999999795e-01,1.798792683822237129e-03
4.966641096000000144e-01,1.797063905655590888e-03
4.966682981000000163e-01,1.795780379468244446e-03
4.966766751999999729e-01,1.795717128428871330e-03
4.967018054999999821e-01,1.795528470938174319e-03
4.967143701999999772e-01,1.797168987137431071e-03
4.967269346000000030e-01,1.795391135870866338e-03
4.967436866000000117e-01,1.795212536518241749e-03
4.967646258000000259e-01,1.796484255123948111e-03
4.967688135000000171e-01,1.796080708373028884e-03
4.968316253000000238e-01,1.794573516625970998e-03
4.968693086000000037e-01,1.794444266592505307e-03
4.968818690999999843e-01,1.794168389890597954e-03
4.968944291999999874e-01,1.794073624798099087e-03
4.969028024000000099e-01,1.799521310483697669e-03
4.969153620000000271e-01,1.793915695559536493e-03
4.969279213000000195e-01,1.793820945402058512e-03
4.969446665999999735e-01,1.795625907184458326e-03
4.969823412000000107e-01,1.793410436251768056e-03
4.970116418000000147e-01,1.793814268735102226e-03
4.970283842000000063e-01,1.793063177274811923e-03
4.970325696999999820e-01,1.793031612385979435e-03
4.970493114000000268e-01,1.798412013261930717e-03
4.970660525000000218e-01,1.794894129429581205e-03
4.970786079999999774e-01,1.792696357570975523e-03
4.971288267999999788e-01,1.792305808852964321e-03
4.971330113999999911e-01,1.792274261700807893e-03
4.971832246999999816e-01,1.793050548941477803e-03
4.972041454000000194e-01,1.793113601821565498e-03
4.972334327999999859e-01,1.791623924317799167e-03
4.972376165999999875e-01,1.791694749952282275e-03
4.972669021000000189e-01,1.791502707679787322e-03
4.973045523999999884e-01,1.790981385411585108e-03
4.973171019000000026e-01,1.790886831148727097e-03
4.973338339999999747e-01,1.790760767794667653e-03
4.973505655000000081e-01,1.790635250310613005e-03
4.973672965000000001e-01,1.792195826835509681e-03
4.973714792000000218e-01,1.790837751206701862e-03
4.973840268999999981e-01,1.790775585280443777e-03
4.973965744000000133e-01,1.790288130462526104e-03
4.974174860999999725e-01,1.790130703182920766e-03
4.974300327000000244e-01,1.793496110590746522e-03
4.974676706000000226e-01,1.789762715704954800e-03
4.974802159999999751e-01,1.789658189964051177e-03
4.975053057000000112e-01,1.789469262885418207e-03
4.975178500999999920e-01,1.789374807488040451e-03
4.975387566999999733e-01,1.791963710354427123e-03
4.975680244999999835e-01,1.788997051700225768e-03
4.976056519000000011e-01,1.788713803533119534e-03
4.976181937999999971e-01,1.788619399161902506e-03
4.976349158000000217e-01,1.788493536711472731e-03
4.976516371999999966e-01,1.788379565120211357e-03
4.976725382000000142e-01,1.788921755046398625e-03
4.976850783999999805e-01,1.789970557403009919e-03
4.977059778999999851e-01,1.787958743224016267e-03
4.977185172999999963e-01,1.790712354071943716e-03
4.977310562999999743e-01,1.791418106669552231e-03
4.977352359000000170e-01,1.791965599573826966e-03
4.977477745000000176e-01,1.789784200499133565e-03
4.977686713999999735e-01,1.791713302625365205e-03
4.977979256999999769e-01,1.795718200360786956e-03
4.978021047000000254e-01,1.787235521224326369e-03
4.978188204999999811e-01,1.787109781205131667e-03
4.978313569999999744e-01,1.787211500754216226e-03
4.978355358000000064e-01,1.795433633420112076e-03
4.978814998000000158e-01,1.790862130391070606e-03
4.978856781000000065e-01,1.786606931893955060e-03
4.979065692999999904e-01,1.791931927307612070e-03
4.979191036000000237e-01,1.786407279533420989e-03
4.979358153999999814e-01,1.788341199103441565e-03
4.979483490000000123e-01,1.789586341092794762e-03
4.979859476999999868e-01,1.785852990304193132e-03
4.979984800000000211e-01,1.788574142569390561e-03
4.980068347000000117e-01,1.786748854528695746e-03
4.980694902000000202e-01,1.793664267314280239e-03
4.980736669999999977e-01,1.785198630037820519e-03
4.980861971000000166e-01,1.785809296466813302e-03
4.980987268000000023e-01,1.785005368037245743e-03
4.981029033000000106e-01,1.786653669403813873e-03
4.981196091000000270e-01,1.784848355084656677e-03
4.981363141999999855e-01,1.784722826629133721e-03
4.981404904000000244e-01,1.784691447095939840e-03
4.981488426999999830e-01,1.788846565646101758e-03
4.981989534999999858e-01,1.784252191327063194e-03
4.982073047999999726e-01,1.784258759680766148e-03
4.982156560000000067e-01,1.784126714318437544e-03
4.982198314999999877e-01,1.785818245785202735e-03
4.982323578999999780e-01,1.784024939360672303e-03
4.982365333000000063e-01,1.786780515019454783e-03
4.982699352000000137e-01,1.783772014751440612e-03
4.982741103000000171e-01,1.783687632704036895e-03
4.982866353000000026e-01,1.783984676349363412e-03
4.983075095999999760e-01,1.788907438107349614e-03
4.983325577000000117e-01,1.787462519368183738e-03
4.983367322000000210e-01,1.784267891119082792e-03
4.983659530999999809e-01,1.782997923872939013e-03
4.983868242000000226e-01,1.782841220130516532e-03
4.984369109999999825e-01,1.786676728326620648e-03
4.984744729000000207e-01,1.782209025338334606e-03
4.984828196000000156e-01,1.783360752910159676e-03
4.984995126000000276e-01,1.783715699775295172e-03
4.985078587999999811e-01,1.782286819718854106e-03
4.985203779999999862e-01,1.783660238428657306e-03
4.985328968000000138e-01,1.781744764722264498e-03
4.985370697000000018e-01,1.781713450367231012e-03
4.985495880999999962e-01,1.785828561911599653e-03
4.985537608000000231e-01,1.781588199875525601e-03
4.986080031999999829e-01,1.781181206524320819e-03
4.986205199000000032e-01,1.781087301251722994e-03
4.986372082000000150e-01,1.780965804153790888e-03
4.986705833000000254e-01,1.784918662815619369e-03
4.986747550000000251e-01,1.782777862712082474e-03
4.986872699000000075e-01,1.780591574902156684e-03
4.987039561000000121e-01,1.780565123650870805e-03
4.987373265999999750e-01,1.780211155683701467e-03
4.987414977999999888e-01,1.785638143777006992e-03
4.987498399999999998e-01,1.780312402785340928e-03
4.987873782999999728e-01,1.781553726958394479e-03
4.987998904000000011e-01,1.783998435428052953e-03
4.988207432999999802e-01,1.779609286664425843e-03
4.988707866000000046e-01,1.780448169770281613e-03
4.988749565999999747e-01,1.779179248932921025e-03
4.988999761999999838e-01,1.778991711858513708e-03
4.989375031000000127e-01,1.781746372084879034e-03
4.989500115000000124e-01,1.778616708792940364e-03
4.989708581000000254e-01,1.783912225369611772e-03
4.989750272999999847e-01,1.778429245596320832e-03
4.989875347000000128e-01,1.778335522065328063e-03
4.990042108000000143e-01,1.778210568238345604e-03
4.990083797000000043e-01,1.778179331313583513e-03
4.990208863000000217e-01,1.779132445367041966e-03
4.990333926000000142e-01,1.777991926324059592e-03
4.990375612999999877e-01,1.777986398861644730e-03
4.990750778999999970e-01,1.777679637940895096e-03
4.990834145999999971e-01,1.780573428434622336e-03
4.991084237000000257e-01,1.777429857226855980e-03
4.991501026999999868e-01,1.777117694062832530e-03
4.991542703999999886e-01,1.777086481364494258e-03
4.991709409000000264e-01,1.776961637075752908e-03
4.992084474999999855e-01,1.778093737987336293e-03
4.992209490999999777e-01,1.776781786597825567e-03
4.992376174000000000e-01,1.780656301787284217e-03
4.992667854999999766e-01,1.777479120452460934e-03
4.992709523000000149e-01,1.776212806689905516e-03
4.992834522999999858e-01,1.776121075890216066e-03
4.993001185000000008e-01,1.775994472213898983e-03
4.993084513000000113e-01,1.775937077385211522e-03
4.993376152999999817e-01,1.775819270153650847e-03
4.993417815000000259e-01,1.775683685230943290e-03
4.993709434999999974e-01,1.775464374713307727e-03
4.993751094000000168e-01,1.776131925731474570e-03
4.993876067999999946e-01,1.777052121963241258e-03
4.994001039000000031e-01,1.783626883500681864e-03
4.994167661999999730e-01,1.775133248287209505e-03
4.994542543000000112e-01,1.780278974954104150e-03
4.994834098000000000e-01,1.774622945223604470e-03
4.994875746999999921e-01,1.774591702768665803e-03
4.995333867000000261e-01,1.774249016101228735e-03
4.995667018000000126e-01,1.773999840340559353e-03
4.995708661000000106e-01,1.778155316179603346e-03
4.995750303000000003e-01,1.773937553769532136e-03
4.995875227000000085e-01,1.773844128492046111e-03
4.996083425999999772e-01,1.773714063550083835e-03
4.996374890999999985e-01,1.773470489107181703e-03
4.996707973000000247e-01,1.773837717427269181e-03
4.996999402000000257e-01,1.774907373886234520e-03
4.997082663999999896e-01,1.774299031614098941e-03
4.997207553999999941e-01,1.773054285387722822e-03
4.997374070000000224e-01,1.774809357305157705e-03
4.997498953999999771e-01,1.776812861737480861e-03
4.997707086000000021e-01,1.776645476431241988e-03
4.997748711000000177e-01,1.784955840066057261e-03
4.997873585000000007e-01,1.784861694066282528e-03
4.998081702000000126e-01,1.778449716363345251e-03
4.998206566999999767e-01,1.772804824822326762e-03
4.998373050000000095e-01,1.784485172465857502e-03
4.998747615999999949e-01,1.775865652444946112e-03
4.998830848999999965e-01,1.771740035723618671e-03
4.999038925000000022e-01,1.771479418955311698e-03
4.999080538999999823e-01,1.771448330860507514e-03
4.999205380000000254e-01,1.777606463649977937e-03
4.999330217999999881e-01,1.771261814699391819e-03
4.999371830000000072e-01,1.773323431487333537e-03
4.999496662999999841e-01,1.771137485410665541e-03
4.999704711999999884e-01,1.773693761572305233e-03
4.999746319999999744e-01,1.783450252637466295e-03
4.999871144999999961e-01,1.770857784089489330e-03
